time_iso,t_sec,run_id,subject,phase,question_no,watch_qid,mode,label,hr_bpm,hrv_ms,ppg_contact,gsr_us,gsr_tonic_us,gsr_phasic_us,gsr_contact,skin_temp_c,tremor_ms2,motion_ms2,stress_index,engine_state,battery_mv
2026-10-08 16:48:02.086,0.12,20261008_164801,bank,rest,,,,,150.4,,1,1.134,1.233,-0.1,1,36.24,0.027,0.008,,idle,9
2026-10-08 16:48:02.291,0.32,20261008_164801,bank,rest,,,,,150.4,,1,1.129,1.232,-0.103,1,36.24,0.028,0.008,,idle,9
2026-10-08 16:48:02.497,0.53,20261008_164801,bank,rest,,,,,150.4,,1,1.127,1.231,-0.103,1,36.24,0.027,0.007,,idle,9
2026-10-08 16:48:02.769,0.8,20261008_164801,bank,rest,,,,,150.4,,1,1.12,1.229,-0.109,1,36.24,0.026,0.007,,idle,9
2026-10-08 16:48:02.900,0.93,20261008_164801,bank,rest,,,,,150.4,,1,1.115,1.228,-0.112,1,36.25,0.025,0.006,,idle,9
2026-10-08 16:48:03.106,1.14,20261008_164801,bank,rest,,,,,150.4,,1,1.113,1.226,-0.113,1,36.25,0.023,0.006,,idle,9
2026-10-08 16:48:03.316,1.35,20261008_164801,bank,rest,,,,,150.4,,1,1.11,1.225,-0.115,1,36.26,0.024,0.006,,idle,9
2026-10-08 16:48:03.515,1.55,20261008_164801,bank,baseline,,,,,150.4,,1,1.107,1.223,-0.116,1,36.27,0.023,0.006,,baseline,9
2026-10-08 16:48:03.719,1.75,20261008_164801,bank,baseline,,,,,150.4,,1,1.104,1.222,-0.117,1,36.27,0.023,0.006,,baseline,9
2026-10-08 16:48:04.007,2.04,20261008_164801,bank,baseline,,,,,,,1,1.102,1.22,-0.118,1,36.26,0.022,0.006,,baseline,9
2026-10-08 16:48:04.139,2.17,20261008_164801,bank,baseline,,,,,,,1,1.1,1.218,-0.118,1,36.27,0.021,0.005,,baseline,9
2026-10-08 16:48:04.335,2.37,20261008_164801,bank,baseline,,,,,,,1,1.099,1.217,-0.118,1,36.27,0.022,0.006,,baseline,9
2026-10-08 16:48:04.543,2.58,20261008_164801,bank,baseline,,,,,99.1,,1,1.098,1.215,-0.117,1,36.28,0.025,0.008,,baseline,9
2026-10-08 16:48:04.745,2.78,20261008_164801,bank,baseline,,,,,99.1,,1,1.096,1.214,-0.118,1,36.29,0.025,0.008,,baseline,9
2026-10-08 16:48:04.954,2.99,20261008_164801,bank,baseline,,,,,99.1,,1,1.094,1.212,-0.118,1,36.29,0.024,0.008,,baseline,9
2026-10-08 16:48:05.164,3.2,20261008_164801,bank,baseline,,,,,99.6,,1,1.092,1.211,-0.118,1,36.29,0.024,0.008,,baseline,9
2026-10-08 16:48:05.543,3.58,20261008_164801,bank,baseline,,,,,99.6,,1,1.091,1.209,-0.118,1,36.3,0.026,0.008,,baseline,9
2026-10-08 16:48:05.575,3.61,20261008_164801,bank,baseline,,,,,100.8,,1,1.089,1.207,-0.118,1,36.3,0.097,0.014,,baseline,9
2026-10-08 16:48:05.787,3.82,20261008_164801,bank,baseline,,,,,100.8,,1,1.087,1.206,-0.118,1,36.31,0.088,0.013,,baseline,9
2026-10-08 16:48:05.983,4.02,20261008_164801,bank,baseline,,,,,100.8,,1,1.086,1.204,-0.118,1,36.31,0.081,0.013,,baseline,9
2026-10-08 16:48:06.188,4.22,20261008_164801,bank,baseline,,,,,100.8,,1,1.085,1.203,-0.117,1,36.3,0.076,0.013,,baseline,9
2026-10-08 16:48:06.394,4.43,20261008_164801,bank,baseline,,,,,99.6,162.4,1,1.084,1.201,-0.117,1,36.31,0.072,0.013,,baseline,9
2026-10-08 16:48:06.605,4.64,20261008_164801,bank,baseline,,,,,99.6,162.4,1,1.082,1.2,-0.117,1,36.32,0.067,0.013,,baseline,9
2026-10-08 16:48:06.809,4.84,20261008_164801,bank,baseline,,,,,102.0,188.3,1,1.079,1.198,-0.119,1,36.32,0.065,0.013,,baseline,9
2026-10-08 16:48:07.009,5.04,20261008_164801,bank,baseline,,,,,102.0,188.3,1,1.073,1.196,-0.123,1,36.3,0.065,0.014,,baseline,9
2026-10-08 16:48:07.219,5.25,20261008_164801,bank,baseline,,,,,102.0,188.3,1,1.07,1.195,-0.125,1,36.31,0.062,0.013,,baseline,9
2026-10-08 16:48:07.416,5.45,20261008_164801,bank,baseline,,,,,127.9,171.9,1,1.066,1.193,-0.127,1,36.31,0.057,0.012,,baseline,9
2026-10-08 16:48:07.624,5.66,20261008_164801,bank,baseline,,,,,127.9,171.9,1,1.062,1.191,-0.129,1,36.32,0.053,0.012,,baseline,9
2026-10-08 16:48:07.837,5.87,20261008_164801,bank,baseline,,,,,127.9,160.1,1,1.06,1.19,-0.13,1,36.32,0.049,0.011,,baseline,9
2026-10-08 16:48:08.039,6.07,20261008_164801,bank,baseline,,,,,127.9,160.1,1,1.058,1.188,-0.13,1,36.32,0.045,0.01,,baseline,9
2026-10-08 16:48:08.245,6.28,20261008_164801,bank,baseline,,,,,127.9,158.0,1,1.056,1.186,-0.13,1,36.32,0.043,0.01,,baseline,9
2026-10-08 16:48:08.451,6.48,20261008_164801,bank,baseline,,,,,127.9,158.0,1,1.054,1.184,-0.131,1,36.32,0.041,0.009,,baseline,9
2026-10-08 16:48:08.655,6.69,20261008_164801,bank,baseline,,,,,127.9,158.0,1,1.052,1.183,-0.131,1,36.32,0.04,0.01,,baseline,9
2026-10-08 16:48:08.873,6.91,20261008_164801,bank,baseline,,,,,127.9,158.0,1,1.049,1.179,-0.13,1,36.32,0.042,0.01,,baseline,9
2026-10-08 16:48:09.078,7.11,20261008_164801,bank,baseline,,,,,128.6,158.0,1,1.048,1.177,-0.13,1,36.32,0.043,0.01,,baseline,9
2026-10-08 16:48:09.274,7.31,20261008_164801,bank,baseline,,,,,128.6,158.0,1,1.047,1.176,-0.129,1,36.33,0.041,0.009,,baseline,9
2026-10-08 16:48:09.533,7.57,20261008_164801,bank,baseline,,,,,128.6,158.0,1,1.046,1.174,-0.128,1,36.33,0.04,0.009,,baseline,9
2026-10-08 16:48:09.716,7.75,20261008_164801,bank,baseline,,,,,128.6,158.0,1,1.045,1.172,-0.128,1,36.34,0.04,0.008,,baseline,9
2026-10-08 16:48:09.903,7.94,20261008_164801,bank,baseline,,,,,128.6,158.0,1,1.043,1.17,-0.127,1,36.35,0.037,0.008,,baseline,9
2026-10-08 16:48:10.108,8.14,20261008_164801,bank,baseline,,,,,128.6,158.0,1,1.042,1.169,-0.127,1,36.35,0.036,0.007,,baseline,9
2026-10-08 16:48:10.444,8.48,20261008_164801,bank,baseline,,,,,128.6,158.0,1,1.041,1.167,-0.126,1,36.36,0.035,0.007,,baseline,9
2026-10-08 16:48:10.516,8.55,20261008_164801,bank,baseline,,,,,128.6,158.0,1,1.037,1.165,-0.128,1,36.36,0.034,0.007,,baseline,9
2026-10-08 16:48:10.725,8.76,20261008_164801,bank,baseline,,,,,128.6,158.0,1,1.038,1.164,-0.126,1,36.37,0.034,0.009,,baseline,9
2026-10-08 16:48:10.937,8.97,20261008_164801,bank,baseline,,,,,128.6,158.0,1,1.037,1.162,-0.125,1,36.37,0.036,0.009,,baseline,9
2026-10-08 16:48:11.151,9.18,20261008_164801,bank,baseline,,,,,128.6,158.0,1,1.031,1.16,-0.129,1,36.35,0.036,0.009,,baseline,8
2026-10-08 16:48:11.476,9.51,20261008_164801,bank,baseline,,,,,128.6,158.0,1,1.032,1.159,-0.127,1,36.36,0.037,0.009,,baseline,8
2026-10-08 16:48:11.569,9.6,20261008_164801,bank,baseline,,,,,128.6,158.0,1,1.028,1.157,-0.129,1,36.35,0.038,0.01,,baseline,8
2026-10-08 16:48:11.764,9.8,20261008_164801,bank,baseline,,,,,128.6,158.0,1,1.028,1.155,-0.127,1,36.36,0.038,0.01,,baseline,8
2026-10-08 16:48:11.965,10.0,20261008_164801,bank,baseline,,,,,128.6,158.0,1,1.024,1.153,-0.13,1,36.37,0.04,0.011,,baseline,8
2026-10-08 16:48:12.174,10.21,20261008_164801,bank,baseline,,,,,128.6,158.0,1,1.022,1.152,-0.13,1,36.37,0.037,0.01,,baseline,8
2026-10-08 16:48:12.379,10.41,20261008_164801,bank,baseline,,,,,128.6,158.0,1,1.017,1.15,-0.133,1,36.38,0.034,0.01,,baseline,8
2026-10-08 16:48:12.598,10.63,20261008_164801,bank,baseline,,,,,128.6,158.0,1,1.015,1.148,-0.133,1,36.39,0.035,0.009,,baseline,8
2026-10-08 16:48:12.791,10.82,20261008_164801,bank,baseline,,,,,128.6,158.0,1,1.012,1.146,-0.134,1,36.39,0.033,0.01,,baseline,8
2026-10-08 16:48:12.994,11.03,20261008_164801,bank,baseline,,,,,128.6,158.0,1,1.01,1.145,-0.135,1,36.39,0.032,0.009,,baseline,8
2026-10-08 16:48:13.203,11.24,20261008_164801,bank,baseline,,,,,128.6,158.0,1,1.007,1.143,-0.136,1,36.4,0.03,0.008,,baseline,8
2026-10-08 16:48:13.408,11.44,20261008_164801,bank,baseline,,,,,128.6,158.0,1,1.005,1.141,-0.136,1,36.4,0.032,0.008,,baseline,8
2026-10-08 16:48:13.615,11.65,20261008_164801,bank,baseline,,,,,128.6,158.0,1,1.003,1.139,-0.136,1,36.4,0.034,0.009,,baseline,8
2026-10-08 16:48:13.819,11.85,20261008_164801,bank,baseline,,,,,128.6,158.0,1,1.002,1.137,-0.136,1,36.41,0.033,0.008,,baseline,8
2026-10-08 16:48:14.024,12.06,20261008_164801,bank,baseline,,,,,125.0,158.0,1,1.001,1.136,-0.135,1,36.41,0.032,0.008,,baseline,8
2026-10-08 16:48:14.229,12.26,20261008_164801,bank,baseline,,,,,125.0,158.0,1,1.0,1.134,-0.133,1,36.42,0.032,0.008,,baseline,9
2026-10-08 16:48:14.442,12.48,20261008_164801,bank,baseline,,,,,128.6,160.0,1,0.998,1.132,-0.134,1,36.42,0.032,0.009,,baseline,8
2026-10-08 16:48:14.646,12.68,20261008_164801,bank,baseline,,,,,128.6,160.0,1,0.997,1.13,-0.133,1,36.42,0.032,0.009,,baseline,8
2026-10-08 16:48:14.857,12.89,20261008_164801,bank,baseline,,,,,128.6,160.0,1,0.995,1.128,-0.133,1,36.43,0.038,0.011,,baseline,8
2026-10-08 16:48:15.050,13.08,20261008_164801,bank,baseline,,,,,125.0,174.1,1,0.995,1.127,-0.132,1,36.43,0.04,0.011,,baseline,8
2026-10-08 16:48:19.082,17.12,20261008_164801,bank,baseline,,,,,99.9,104.9,1,0.972,1.091,-0.119,1,36.49,0.046,0.022,,baseline,8
2026-10-08 16:48:19.281,17.31,20261008_164801,bank,baseline,,,,,99.9,104.9,1,0.972,1.091,-0.119,1,36.49,0.046,0.022,,baseline,8
2026-10-08 16:48:19.489,17.52,20261008_164801,bank,baseline,,,,,99.5,114.8,1,0.964,1.088,-0.124,1,36.5,0.043,0.02,,baseline,8
2026-10-08 16:48:19.691,17.73,20261008_164801,bank,baseline,,,,,99.5,114.8,1,0.961,1.086,-0.125,1,36.5,0.047,0.019,,baseline,8
2026-10-08 16:48:19.900,17.93,20261008_164801,bank,baseline,,,,,99.9,158.9,1,0.959,1.085,-0.126,1,36.5,0.078,0.029,,baseline,8
2026-10-08 16:48:20.106,18.14,20261008_164801,bank,baseline,,,,,99.9,158.9,1,0.956,1.083,-0.127,1,36.51,0.076,0.027,,baseline,8
2026-10-08 16:48:20.311,18.35,20261008_164801,bank,baseline,,,,,99.9,158.9,1,0.955,1.081,-0.126,1,36.51,0.078,0.028,,baseline,8
2026-10-08 16:48:20.554,18.59,20261008_164801,bank,baseline,,,,,99.9,149.0,1,0.954,1.08,-0.125,1,36.51,0.075,0.036,,baseline,8
2026-10-08 16:48:20.727,18.76,20261008_164801,bank,baseline,,,,,99.9,149.0,1,0.952,1.078,-0.126,1,36.52,0.076,0.034,,baseline,8
2026-10-08 16:48:20.931,18.96,20261008_164801,bank,baseline,,,,,110.7,138.1,1,0.952,1.076,-0.124,1,36.52,0.073,0.034,,baseline,8
2026-10-08 16:48:21.137,19.17,20261008_164801,bank,baseline,,,,,110.7,138.1,1,0.95,1.074,-0.124,1,36.53,0.07,0.033,,baseline,8
2026-10-08 16:48:21.343,19.38,20261008_164801,bank,baseline,,,,,110.7,138.1,1,0.949,1.073,-0.123,1,36.53,0.065,0.03,,baseline,8
2026-10-08 16:48:21.547,19.58,20261008_164801,bank,baseline,,,,,110.7,138.1,1,0.948,1.071,-0.123,1,36.53,0.062,0.028,,baseline,8
2026-10-08 16:48:21.752,19.79,20261008_164801,bank,baseline,,,,,99.9,135.2,1,0.947,1.07,-0.123,1,36.54,0.057,0.026,,baseline,8
2026-10-08 16:48:21.962,20.0,20261008_164801,bank,baseline,,,,,99.9,135.2,1,0.946,1.068,-0.122,1,36.54,0.053,0.024,,baseline,8
2026-10-08 16:48:22.168,20.2,20261008_164801,bank,baseline,,,,,99.9,135.2,1,0.944,1.066,-0.122,1,36.55,0.058,0.023,,baseline,8
2026-10-08 16:48:22.377,20.41,20261008_164801,bank,baseline,,,,,99.9,135.2,1,0.943,1.065,-0.122,1,36.55,0.055,0.021,,baseline,8
2026-10-08 16:48:22.585,20.62,20261008_164801,bank,baseline,,,,,99.9,135.2,1,0.942,1.063,-0.121,1,36.55,0.065,0.026,,baseline,8
2026-10-08 16:48:22.787,20.82,20261008_164801,bank,baseline,,,,,99.9,135.2,1,0.942,1.061,-0.119,1,36.55,0.088,0.027,,baseline,8
2026-10-08 16:48:22.992,21.03,20261008_164801,bank,baseline,,,,,99.9,135.2,1,0.941,1.06,-0.119,1,36.56,0.091,0.03,,baseline,8
2026-10-08 16:48:23.198,21.23,20261008_164801,bank,baseline,,,,,99.9,135.2,1,0.94,1.058,-0.118,1,36.56,0.087,0.03,,baseline,8
2026-10-08 16:48:23.402,21.44,20261008_164801,bank,baseline,,,,,99.9,135.2,1,0.939,1.057,-0.117,1,36.56,0.082,0.027,,baseline,8
2026-10-08 16:48:23.609,21.64,20261008_164801,bank,baseline,,,,,99.9,135.2,1,0.938,1.055,-0.117,1,36.56,0.075,0.025,,baseline,8
2026-10-08 16:48:23.863,21.9,20261008_164801,bank,baseline,,,,,99.9,135.2,1,0.937,1.054,-0.116,1,36.57,0.069,0.023,,baseline,8
2026-10-08 16:48:24.017,22.05,20261008_164801,bank,baseline,,,,,99.9,135.2,1,0.936,1.052,-0.116,1,36.57,0.062,0.021,,baseline,8
2026-10-08 16:48:24.222,22.26,20261008_164801,bank,baseline,,,,,99.9,143.0,1,0.934,1.05,-0.116,1,36.57,0.058,0.019,,baseline,8
2026-10-08 16:48:24.429,22.46,20261008_164801,bank,baseline,,,,,99.9,143.0,1,0.934,1.049,-0.115,1,36.57,0.064,0.025,,baseline,8
2026-10-08 16:48:24.629,22.66,20261008_164801,bank,baseline,,,,,99.9,143.0,1,0.933,1.047,-0.115,1,36.58,0.062,0.036,,baseline,8
2026-10-08 16:48:24.831,22.86,20261008_164801,bank,baseline,,,,,102.6,118.8,1,0.932,1.046,-0.114,1,36.56,0.06,0.034,,baseline,8
2026-10-08 16:48:25.038,23.07,20261008_164801,bank,baseline,,,,,102.6,118.8,1,0.928,1.044,-0.116,1,36.55,0.062,0.033,,baseline,8
2026-10-08 16:48:25.248,23.28,20261008_164801,bank,baseline,,,,,102.6,134.9,1,0.929,1.043,-0.114,1,36.56,0.063,0.031,,baseline,8
2026-10-08 16:48:25.449,23.48,20261008_164801,bank,baseline,,,,,102.6,134.9,1,0.928,1.041,-0.113,1,36.57,0.064,0.03,,baseline,8
2026-10-08 16:48:25.658,23.69,20261008_164801,bank,baseline,,,,,104.6,125.5,1,0.926,1.04,-0.114,1,36.57,0.059,0.028,,baseline,8
2026-10-08 16:48:25.862,23.9,20261008_164801,bank,baseline,,,,,104.6,125.5,1,0.924,1.038,-0.114,1,36.58,0.067,0.028,,baseline,8
2026-10-08 16:48:26.083,24.12,20261008_164801,bank,baseline,,,,,104.6,125.5,1,0.92,1.037,-0.117,1,36.58,0.074,0.027,,baseline,8
2026-10-08 16:48:26.269,24.3,20261008_164801,bank,baseline,,,,,104.6,125.5,1,0.916,1.035,-0.119,1,36.58,0.068,0.024,,baseline,8
2026-10-08 16:48:26.473,24.51,20261008_164801,bank,baseline,,,,,104.6,125.5,1,0.914,1.033,-0.12,1,36.59,0.066,0.023,,baseline,8
2026-10-08 16:48:26.679,24.71,20261008_164801,bank,baseline,,,,,104.6,125.5,1,0.911,1.032,-0.121,1,36.59,0.061,0.021,,baseline,8
2026-10-08 16:48:26.888,24.92,20261008_164801,bank,baseline,,,,,104.6,125.5,1,0.907,1.029,-0.122,1,36.6,0.052,0.018,,baseline,8
2026-10-08 16:48:27.087,25.12,20261008_164801,bank,baseline,,,,,104.6,125.5,1,0.905,1.027,-0.122,1,36.57,0.051,0.016,,baseline,8
2026-10-08 16:48:27.298,25.33,20261008_164801,bank,baseline,,,,,,,1,0.902,1.025,-0.123,1,36.58,0.049,0.017,,baseline,8
2026-10-08 16:48:27.503,25.54,20261008_164801,bank,baseline,,,,,,,1,0.901,1.024,-0.123,1,36.58,0.046,0.016,,baseline,8
2026-10-08 16:48:27.708,25.74,20261008_164801,bank,baseline,,,,,,,1,0.899,1.022,-0.123,1,36.59,0.044,0.015,,baseline,8
2026-10-08 16:48:27.977,26.01,20261008_164801,bank,baseline,,,,,,,1,0.898,1.02,-0.122,1,36.59,0.041,0.014,,baseline,8
2026-10-08 16:48:28.122,26.16,20261008_164801,bank,baseline,,,,,68.6,,1,0.897,1.019,-0.122,1,36.59,0.038,0.013,,baseline,8
2026-10-08 16:48:28.342,26.38,20261008_164801,bank,baseline,,,,,68.6,,1,0.895,1.017,-0.122,1,36.59,0.036,0.012,,baseline,8
2026-10-08 16:48:28.528,26.56,20261008_164801,bank,baseline,,,,,72.4,,1,0.892,1.016,-0.123,1,36.59,0.039,0.013,,baseline,8
2026-10-08 16:48:28.734,26.77,20261008_164801,bank,baseline,,,,,72.4,,1,0.892,1.014,-0.122,1,36.6,0.071,0.022,,baseline,8
2026-10-08 16:48:28.938,26.97,20261008_164801,bank,baseline,,,,,72.4,,1,0.891,1.012,-0.121,1,36.6,0.08,0.031,,baseline,8
2026-10-08 16:48:29.140,27.17,20261008_164801,bank,baseline,,,,,72.4,,1,0.891,1.011,-0.119,1,36.59,0.104,0.085,,baseline,8
2026-10-08 16:48:29.346,27.38,20261008_164801,bank,baseline,,,,,69.6,,1,0.891,1.009,-0.118,1,36.59,0.112,0.085,,baseline,8
2026-10-08 16:48:29.552,27.59,20261008_164801,bank,baseline,,,,,69.6,,1,0.89,1.007,-0.118,1,36.6,0.11,0.079,,baseline,8
2026-10-08 16:48:29.757,27.79,20261008_164801,bank,baseline,,,,,69.6,,1,0.889,1.006,-0.117,1,36.61,0.109,0.072,,baseline,8
2026-10-08 16:48:29.962,28.0,20261008_164801,bank,baseline,,,,,69.6,,1,0.888,1.004,-0.116,1,36.61,0.108,0.066,,baseline,8
2026-10-08 16:48:30.168,28.2,20261008_164801,bank,baseline,,,,,69.6,,1,0.887,1.003,-0.116,1,36.61,0.1,0.06,,baseline,8
2026-10-08 16:48:30.368,28.4,20261008_164801,bank,baseline,,,,,67.0,350.9,1,0.886,1.001,-0.115,1,36.61,0.096,0.056,,baseline,8
2026-10-08 16:48:30.577,28.61,20261008_164801,bank,baseline,,,,,67.0,350.9,1,0.885,1.0,-0.114,1,36.62,0.088,0.051,,baseline,8
2026-10-08 16:48:30.787,28.82,20261008_164801,bank,baseline,,,,,67.0,350.9,1,0.885,0.998,-0.114,1,36.62,0.09,0.05,,baseline,8
2026-10-08 16:48:30.991,29.02,20261008_164801,bank,baseline,,,,,67.0,350.9,1,0.885,0.997,-0.112,1,36.63,0.086,0.048,,baseline,8
2026-10-08 16:48:31.211,29.24,20261008_164801,bank,baseline,,,,,67.0,350.9,1,0.884,0.995,-0.112,1,36.63,0.083,0.044,,baseline,8
2026-10-08 16:48:31.401,29.44,20261008_164801,bank,baseline,,,,,67.0,350.9,1,0.883,0.994,-0.11,1,36.64,0.077,0.042,,baseline,8
2026-10-08 16:48:31.657,29.69,20261008_164801,bank,baseline,,,,,67.0,350.9,1,0.882,0.992,-0.11,1,36.64,0.071,0.041,,baseline,8
2026-10-08 16:48:31.819,29.85,20261008_164801,bank,baseline,,,,,67.0,350.9,1,0.88,0.991,-0.111,1,36.65,0.066,0.038,,baseline,8
2026-10-08 16:48:32.021,30.05,20261008_164801,bank,baseline,,,,,67.0,350.9,1,0.88,0.989,-0.11,1,36.65,0.063,0.035,,baseline,8
2026-10-08 16:48:32.229,30.26,20261008_164801,bank,baseline,,,,,67.0,350.9,1,0.88,0.988,-0.108,1,36.66,0.059,0.031,,baseline,8
2026-10-08 16:48:32.430,30.46,20261008_164801,bank,baseline,,,,,67.0,350.9,1,0.879,0.986,-0.107,1,36.67,0.055,0.029,,baseline,9
2026-10-08 16:48:32.651,30.68,20261008_164801,bank,baseline,,,,,67.0,350.9,1,0.878,0.985,-0.107,1,36.68,0.053,0.027,,baseline,9
2026-10-08 16:48:32.842,30.88,20261008_164801,bank,baseline,,,,,67.0,350.9,1,0.878,0.984,-0.106,1,36.68,0.053,0.026,,baseline,9
2026-10-08 16:48:33.056,31.09,20261008_164801,bank,baseline,,,,,70.6,350.9,1,0.875,0.982,-0.107,1,36.68,0.065,0.025,,baseline,9
2026-10-08 16:48:33.257,31.29,20261008_164801,bank,baseline,,,,,70.6,350.9,1,0.874,0.981,-0.106,1,36.69,0.07,0.027,,baseline,9
2026-10-08 16:48:33.458,31.49,20261008_164801,bank,rest,,,,,70.6,350.9,1,0.87,0.979,-0.11,1,36.69,0.091,0.031,10,ready,9
2026-10-08 16:48:33.667,31.7,20261008_164801,bank,rest,,,,,70.6,331.9,1,0.865,0.978,-0.113,1,36.7,0.09,0.032,10,ready,9
2026-10-08 16:48:33.874,31.91,20261008_164801,bank,rest,,,,,70.6,331.9,1,0.861,0.976,-0.115,1,36.7,0.089,0.037,10,ready,9
2026-10-08 16:48:34.079,32.11,20261008_164801,bank,rest,,,,,70.6,331.9,1,0.858,0.975,-0.117,1,36.69,0.1,0.04,10,ready,9
2026-10-08 16:48:34.280,32.31,20261008_164801,bank,rest,,,,,70.6,331.9,1,0.856,0.973,-0.117,1,36.7,0.093,0.037,10,ready,9
2026-10-08 16:48:34.487,32.52,20261008_164801,bank,rest,,,,,70.6,331.9,1,0.856,0.972,-0.116,1,36.7,0.087,0.034,10,ready,9
2026-10-08 16:48:34.702,32.74,20261008_164801,bank,rest,,,,,70.6,331.9,1,0.854,0.97,-0.116,1,36.71,0.081,0.032,9,ready,9
2026-10-08 16:48:34.939,32.97,20261008_164801,bank,rest,,,,,70.6,331.9,1,0.851,0.967,-0.116,1,36.72,0.074,0.028,9,ready,8
2026-10-08 16:48:35.100,33.13,20261008_164801,bank,rest,,,,,70.6,331.9,1,0.85,0.965,-0.116,1,36.73,0.072,0.026,9,ready,8
2026-10-08 16:48:35.306,33.34,20261008_164801,bank,question,1,600,manual,truth,70.6,331.9,1,0.849,0.964,-0.114,1,36.73,0.067,0.026,9,question,9
2026-10-08 16:48:35.510,33.54,20261008_164801,bank,question,1,600,manual,truth,70.6,331.9,1,0.849,0.962,-0.114,1,36.74,0.064,0.024,9,question,9
2026-10-08 16:48:35.717,33.75,20261008_164801,bank,question,1,600,manual,truth,70.6,331.9,1,0.848,0.961,-0.112,1,36.74,0.061,0.022,9,question,9
2026-10-08 16:48:35.926,33.96,20261008_164801,bank,question,1,600,manual,truth,70.6,331.9,1,0.848,0.959,-0.111,1,36.74,0.057,0.02,8,question,9
2026-10-08 16:48:36.132,34.17,20261008_164801,bank,question,1,600,manual,truth,70.6,331.9,1,0.847,0.958,-0.111,1,36.75,0.055,0.019,8,question,9
2026-10-08 16:48:36.340,34.37,20261008_164801,bank,question,1,600,manual,truth,70.6,331.9,1,0.847,0.956,-0.11,1,36.75,0.055,0.018,8,question,9
2026-10-08 16:48:36.562,34.6,20261008_164801,bank,question,1,600,manual,truth,70.6,331.9,1,0.846,0.955,-0.109,1,36.76,0.053,0.017,8,question,9
2026-10-08 16:48:36.757,34.79,20261008_164801,bank,question,1,600,manual,truth,72.8,311.2,1,0.846,0.953,-0.107,1,36.76,0.049,0.016,8,question,9
2026-10-08 16:48:36.963,35.0,20261008_164801,bank,question,1,600,manual,truth,72.8,311.2,1,0.845,0.952,-0.107,1,36.77,0.046,0.015,8,question,9
2026-10-08 16:48:37.174,35.21,20261008_164801,bank,question,1,600,manual,truth,72.8,311.2,1,0.844,0.951,-0.106,1,36.77,0.044,0.015,8,question,9
2026-10-08 16:48:37.373,35.41,20261008_164801,bank,question,1,600,manual,truth,72.8,311.2,1,0.844,0.949,-0.105,1,36.77,0.042,0.014,8,question,9
2026-10-08 16:48:37.578,35.61,20261008_164801,bank,question,1,600,manual,truth,72.8,311.2,1,0.842,0.948,-0.106,1,36.78,0.043,0.013,8,question,9
2026-10-08 16:48:37.799,35.83,20261008_164801,bank,question,1,600,manual,truth,72.8,311.2,1,0.841,0.946,-0.106,1,36.78,0.041,0.012,8,question,8
2026-10-08 16:48:37.997,36.03,20261008_164801,bank,question,1,600,manual,truth,72.8,311.2,1,0.839,0.945,-0.105,1,36.79,0.039,0.011,8,question,8
2026-10-08 16:48:38.310,36.34,20261008_164801,bank,question,1,600,manual,truth,72.8,311.2,1,0.837,0.943,-0.106,1,36.76,0.038,0.011,7,question,8
2026-10-08 16:48:38.410,36.44,20261008_164801,bank,question,1,600,manual,truth,72.8,311.2,1,0.837,0.942,-0.105,1,36.75,0.038,0.01,7,question,8
2026-10-08 16:48:38.622,36.66,20261008_164801,bank,question,1,600,manual,truth,72.8,311.2,1,0.836,0.941,-0.104,1,36.76,0.04,0.011,7,question,8
2026-10-08 16:48:38.829,36.86,20261008_164801,bank,question,1,600,manual,truth,72.8,311.2,1,0.837,0.939,-0.103,1,36.76,0.038,0.011,7,question,8
2026-10-08 16:48:39.031,37.06,20261008_164801,bank,question,1,600,manual,truth,72.8,311.2,1,0.836,0.938,-0.102,1,36.77,0.038,0.01,7,question,8
2026-10-08 16:48:39.231,37.26,20261008_164801,bank,question,1,600,manual,truth,72.8,311.2,1,0.836,0.937,-0.1,1,36.78,0.036,0.01,7,question,8
2026-10-08 16:48:39.437,37.47,20261008_164801,bank,question,1,600,manual,truth,72.8,311.2,1,0.836,0.935,-0.099,1,36.78,0.037,0.011,7,question,8
2026-10-08 16:48:39.845,37.88,20261008_164801,bank,question,1,600,manual,truth,72.8,311.2,1,0.836,0.934,-0.098,1,36.79,0.035,0.01,7,question,9
2026-10-08 16:48:39.853,37.89,20261008_164801,bank,question,1,600,manual,truth,72.8,311.2,1,0.835,0.933,-0.098,1,36.79,0.034,0.011,7,question,8
2026-10-08 16:48:40.058,38.09,20261008_164801,bank,question,1,600,manual,truth,72.8,311.2,1,0.831,0.931,-0.1,1,36.8,0.036,0.011,7,question,8
2026-10-08 16:48:40.263,38.3,20261008_164801,bank,question,1,600,manual,truth,72.8,311.2,1,0.832,0.93,-0.098,1,36.78,0.036,0.01,7,question,8
2026-10-08 16:48:40.553,38.59,20261008_164801,bank,question,1,600,manual,truth,72.8,311.2,1,0.832,0.929,-0.097,1,36.77,0.038,0.009,7,question,8
2026-10-08 16:48:40.679,38.71,20261008_164801,bank,question,1,600,manual,truth,72.8,311.2,1,0.832,0.927,-0.095,1,36.77,0.037,0.009,7,question,8
2026-10-08 16:48:40.888,38.92,20261008_164801,bank,question,1,600,manual,truth,72.8,311.2,1,0.833,0.926,-0.093,1,36.78,0.039,0.01,7,question,8
2026-10-08 16:48:41.178,39.21,20261008_164801,bank,question,1,600,manual,truth,72.8,311.2,1,0.834,0.925,-0.091,1,36.79,0.037,0.009,7,question,8
2026-10-08 16:48:41.297,39.33,20261008_164801,bank,question,1,600,manual,truth,72.8,311.2,1,0.834,0.923,-0.089,1,36.8,0.038,0.01,7,question,8
2026-10-08 16:48:41.506,39.54,20261008_164801,bank,question,1,600,manual,truth,92.2,311.2,1,0.835,0.921,-0.086,1,36.8,0.041,0.01,7,question,8
2026-10-08 16:48:41.751,39.78,20261008_164801,bank,question,1,600,manual,truth,92.2,311.2,1,0.834,0.92,-0.086,1,36.8,0.042,0.01,7,question,8
2026-10-08 16:48:41.917,39.95,20261008_164801,bank,question,1,600,manual,truth,92.2,311.2,1,0.834,0.919,-0.085,1,36.8,0.043,0.011,8,question,8
2026-10-08 16:48:42.117,40.15,20261008_164801,bank,question,1,600,manual,truth,92.2,288.8,1,0.835,0.918,-0.083,1,36.81,0.048,0.011,8,question,8
2026-10-08 16:48:42.322,40.36,20261008_164801,bank,question,1,600,manual,truth,92.2,288.8,1,0.836,0.917,-0.081,1,36.78,0.046,0.01,8,question,8
2026-10-08 16:48:42.528,40.56,20261008_164801,bank,question,1,600,manual,truth,92.2,288.8,1,0.834,0.916,-0.082,1,36.79,0.048,0.01,8,question,8
2026-10-08 16:48:42.743,40.78,20261008_164801,bank,question,1,600,manual,truth,92.3,287.2,1,0.835,0.915,-0.08,1,36.8,0.047,0.011,8,question,8
2026-10-08 16:48:42.941,40.97,20261008_164801,bank,question,1,600,manual,truth,92.3,287.2,1,0.836,0.914,-0.078,1,36.8,0.052,0.012,8,question,8
2026-10-08 16:48:43.149,41.18,20261008_164801,bank,question,1,600,manual,truth,92.3,287.2,1,0.836,0.913,-0.077,1,36.81,0.049,0.012,8,question,8
2026-10-08 16:48:43.357,41.39,20261008_164801,bank,question,1,600,manual,truth,92.9,232.4,1,0.835,0.912,-0.077,1,36.81,0.047,0.012,9,question,8
2026-10-08 16:48:43.571,41.6,20261008_164801,bank,question,1,600,manual,truth,92.9,232.4,1,0.835,0.911,-0.076,1,36.82,0.046,0.014,9,question,8
2026-10-08 16:48:43.767,41.8,20261008_164801,bank,question,1,600,manual,truth,92.9,232.4,1,0.834,0.91,-0.076,1,36.82,0.049,0.015,9,question,8
2026-10-08 16:48:43.969,42.0,20261008_164801,bank,question,1,600,manual,truth,100.1,123.6,1,0.832,0.909,-0.076,1,36.83,0.049,0.016,9,question,8
2026-10-08 16:48:44.245,42.28,20261008_164801,bank,question,1,600,manual,truth,100.1,123.6,1,0.833,0.907,-0.075,1,36.82,0.049,0.015,9,question,8
2026-10-08 16:48:44.449,42.48,20261008_164801,bank,question,1,600,manual,truth,100.1,123.6,1,0.831,0.906,-0.075,1,36.83,0.047,0.014,9,question,8
2026-10-08 16:48:44.583,42.62,20261008_164801,bank,question,1,600,manual,truth,100.1,125.6,1,0.827,0.905,-0.079,1,36.83,0.047,0.014,9,question,8
2026-10-08 16:48:44.788,42.82,20261008_164801,bank,question,1,600,manual,truth,100.1,125.6,1,0.827,0.904,-0.078,1,36.84,0.045,0.013,9,question,8
2026-10-08 16:48:44.999,43.03,20261008_164801,bank,question,1,600,manual,truth,100.1,125.6,1,0.825,0.903,-0.078,1,36.84,0.043,0.014,9,question,8
2026-10-08 16:48:45.201,43.23,20261008_164801,bank,question,1,600,manual,truth,99.6,118.5,1,0.823,0.902,-0.079,1,36.84,0.047,0.013,9,question,8
2026-10-08 16:48:45.410,43.44,20261008_164801,bank,question,1,600,manual,truth,99.6,118.5,1,0.822,0.901,-0.079,1,36.85,0.048,0.013,9,question,8
2026-10-08 16:48:45.678,43.71,20261008_164801,bank,question,1,600,manual,truth,99.6,118.5,1,0.818,0.9,-0.082,1,36.85,0.045,0.012,9,question,8
2026-10-08 16:48:45.881,43.91,20261008_164801,bank,question,1,600,manual,truth,99.6,118.5,1,0.815,0.899,-0.084,1,36.85,0.042,0.011,9,question,8
2026-10-08 16:48:46.026,44.06,20261008_164801,bank,question,1,600,manual,truth,92.9,99.2,1,0.814,0.898,-0.084,1,36.86,0.041,0.01,8,question,8
2026-10-08 16:48:46.231,44.26,20261008_164801,bank,question,1,600,manual,truth,92.9,99.2,1,0.81,0.897,-0.087,1,36.86,0.038,0.009,8,question,8
2026-10-08 16:48:46.440,44.47,20261008_164801,bank,question,1,600,manual,truth,92.9,99.2,1,0.809,0.896,-0.087,1,36.86,0.037,0.009,8,question,8
2026-10-08 16:48:46.640,44.67,20261008_164801,bank,question,1,600,manual,truth,92.9,99.2,1,0.808,0.894,-0.087,1,36.87,0.035,0.008,8,question,8
2026-10-08 16:48:46.849,44.88,20261008_164801,bank,question,1,600,manual,truth,92.9,99.2,1,0.805,0.893,-0.088,1,36.86,0.033,0.008,8,question,8
2026-10-08 16:48:47.046,45.08,20261008_164801,bank,question,1,600,manual,truth,92.9,99.2,1,0.804,0.892,-0.088,1,36.86,0.038,0.008,8,question,8
2026-10-08 16:48:47.256,45.29,20261008_164801,bank,recovery,1,600,manual,truth,92.9,99.2,1,0.803,0.891,-0.088,1,36.87,0.039,0.008,7,ready,8
2026-10-08 16:48:47.468,45.5,20261008_164801,bank,recovery,1,600,manual,truth,92.9,99.2,1,0.803,0.89,-0.087,1,36.87,0.037,0.008,7,ready,9
2026-10-08 16:48:47.726,45.76,20261008_164801,bank,recovery,1,600,manual,truth,92.9,99.2,1,0.802,0.889,-0.087,1,36.87,0.037,0.007,7,ready,8
2026-10-08 16:48:47.876,45.91,20261008_164801,bank,recovery,1,600,manual,truth,92.9,99.2,1,0.802,0.887,-0.085,1,36.85,0.036,0.007,7,ready,8
2026-10-08 16:48:48.085,46.12,20261008_164801,bank,recovery,1,600,manual,truth,92.9,99.2,1,0.801,0.886,-0.086,1,36.86,0.036,0.007,7,ready,8
2026-10-08 16:48:48.282,46.32,20261008_164801,bank,recovery,1,600,manual,truth,92.9,99.2,1,0.799,0.885,-0.086,1,36.86,0.034,0.007,7,ready,8
2026-10-08 16:48:48.492,46.53,20261008_164801,bank,recovery,1,600,manual,truth,92.9,99.2,1,0.798,0.884,-0.086,1,36.86,0.035,0.007,7,ready,8
2026-10-08 16:48:48.697,46.73,20261008_164801,bank,recovery,1,600,manual,truth,92.9,99.2,1,0.798,0.883,-0.085,1,36.87,0.035,0.007,7,ready,8
2026-10-08 16:48:48.903,46.94,20261008_164801,bank,recovery,1,600,manual,truth,92.9,99.2,1,0.798,0.882,-0.084,1,36.87,0.034,0.007,7,ready,8
2026-10-08 16:48:49.108,47.14,20261008_164801,bank,recovery,1,600,manual,truth,92.9,99.2,1,0.797,0.881,-0.083,1,36.88,0.035,0.007,7,ready,8
2026-10-08 16:48:49.311,47.34,20261008_164801,bank,recovery,1,600,manual,truth,92.9,99.2,1,0.796,0.879,-0.084,1,36.88,0.038,0.007,7,ready,8
2026-10-08 16:48:49.520,47.55,20261008_164801,bank,recovery,1,600,manual,truth,92.9,83.3,1,0.795,0.878,-0.083,1,36.88,0.038,0.014,7,ready,8
2026-10-08 16:48:49.731,47.76,20261008_164801,bank,recovery,1,600,manual,truth,92.9,83.3,1,0.795,0.877,-0.082,1,36.89,0.049,0.019,7,ready,8
2026-10-08 16:48:49.974,48.01,20261008_164801,bank,recovery,1,600,manual,truth,97.4,78.3,1,0.794,0.875,-0.081,1,36.88,0.079,0.021,7,ready,8
2026-10-08 16:48:50.130,48.16,20261008_164801,bank,recovery,1,600,manual,truth,97.4,78.3,1,0.793,0.874,-0.081,1,36.88,0.087,0.022,7,ready,8
2026-10-08 16:48:50.339,48.37,20261008_164801,bank,recovery,1,600,manual,truth,97.4,78.3,1,0.793,0.873,-0.08,1,36.89,0.084,0.024,7,ready,8
2026-10-08 16:48:50.540,48.57,20261008_164801,bank,recovery,1,600,manual,truth,90.9,77.0,1,0.792,0.872,-0.08,1,36.89,0.078,0.026,7,ready,9
2026-10-08 16:48:50.757,48.79,20261008_164801,bank,recovery,1,600,manual,truth,90.9,77.0,1,0.791,0.871,-0.079,1,36.89,0.076,0.026,7,ready,8
2026-10-08 16:48:51.000,49.03,20261008_164801,bank,recovery,1,600,manual,truth,90.9,77.0,1,0.791,0.87,-0.079,1,36.89,0.07,0.025,7,ready,8
2026-10-08 16:48:51.160,49.19,20261008_164801,bank,recovery,1,600,manual,truth,97.4,78.8,1,0.791,0.869,-0.078,1,36.9,0.065,0.023,7,ready,8
2026-10-08 16:48:51.365,49.4,20261008_164801,bank,recovery,1,600,manual,truth,97.4,78.8,1,0.79,0.868,-0.077,1,36.9,0.063,0.021,7,ready,8
2026-10-08 16:48:51.570,49.6,20261008_164801,bank,recovery,1,600,manual,truth,97.4,78.8,1,0.79,0.867,-0.077,1,36.9,0.116,0.029,8,ready,8
2026-10-08 16:48:51.775,49.81,20261008_164801,bank,recovery,1,600,manual,truth,97.4,78.8,1,0.789,0.866,-0.076,1,36.9,0.199,0.084,8,ready,9
2026-10-08 16:48:51.981,50.01,20261008_164801,bank,recovery,1,600,manual,truth,97.4,94.2,1,0.789,0.865,-0.076,1,36.9,0.23,0.103,9,ready,9
2026-10-08 16:48:52.189,50.22,20261008_164801,bank,recovery,1,600,manual,truth,97.4,94.2,1,0.788,0.864,-0.076,1,36.88,0.261,0.111,10,ready,9
2026-10-08 16:48:52.400,50.43,20261008_164801,bank,recovery,1,600,manual,truth,97.4,94.2,1,0.786,0.863,-0.077,1,36.89,0.25,0.104,10,ready,8
2026-10-08 16:48:52.607,50.64,20261008_164801,bank,recovery,1,600,manual,truth,97.4,94.2,1,0.787,0.862,-0.075,1,36.9,0.227,0.094,11,ready,8
2026-10-08 16:48:52.803,50.84,20261008_164801,bank,recovery,1,600,manual,truth,97.4,94.2,1,0.786,0.861,-0.074,1,36.9,0.207,0.086,11,ready,8
2026-10-08 16:48:53.002,51.04,20261008_164801,bank,recovery,1,600,manual,truth,93.2,94.1,1,0.786,0.86,-0.073,1,36.9,0.187,0.078,11,ready,8
2026-10-08 16:48:53.212,51.25,20261008_164801,bank,recovery,1,600,manual,truth,93.2,94.1,1,0.784,0.859,-0.075,1,36.9,0.17,0.071,10,ready,8
2026-10-08 16:48:53.419,51.45,20261008_164801,bank,recovery,1,600,manual,truth,93.2,94.1,1,0.783,0.858,-0.074,1,36.9,0.156,0.064,10,ready,8
2026-10-08 16:48:53.622,51.66,20261008_164801,bank,recovery,1,600,manual,truth,93.2,97.5,1,0.784,0.857,-0.073,1,36.9,0.143,0.059,10,ready,8
2026-10-08 16:48:53.874,51.91,20261008_164801,bank,recovery,1,600,manual,truth,93.2,97.5,1,0.782,0.856,-0.073,1,36.91,0.132,0.054,10,ready,8
2026-10-08 16:48:54.040,52.07,20261008_164801,bank,recovery,1,600,manual,truth,93.2,97.5,1,0.782,0.855,-0.072,1,36.91,0.137,0.053,9,ready,8
2026-10-08 16:48:54.279,52.31,20261008_164801,bank,recovery,1,600,manual,truth,93.2,101.4,1,0.78,0.854,-0.073,1,36.91,0.128,0.048,9,ready,8
2026-10-08 16:48:54.449,52.48,20261008_164801,bank,recovery,1,600,manual,truth,93.2,101.4,1,0.778,0.853,-0.075,1,36.92,0.118,0.044,9,ready,9
2026-10-08 16:48:54.654,52.69,20261008_164801,bank,recovery,1,600,manual,truth,93.2,101.4,1,0.777,0.852,-0.075,1,36.92,0.109,0.042,9,ready,9
2026-10-08 16:48:54.890,52.92,20261008_164801,bank,recovery,1,600,manual,truth,93.2,101.4,1,0.776,0.851,-0.075,1,36.92,0.102,0.039,8,ready,9
2026-10-08 16:48:55.065,53.1,20261008_164801,bank,recovery,1,600,manual,truth,93.2,101.4,1,0.774,0.85,-0.076,1,36.93,0.095,0.037,8,ready,9
2026-10-08 16:48:55.282,53.32,20261008_164801,bank,recovery,1,600,manual,truth,93.2,107.1,1,0.772,0.849,-0.077,1,36.93,0.094,0.046,8,ready,8
2026-10-08 16:48:55.479,53.51,20261008_164801,bank,recovery,1,600,manual,truth,93.2,107.1,1,0.767,0.848,-0.08,1,36.91,0.099,0.044,8,ready,8
2026-10-08 16:48:55.684,53.72,20261008_164801,bank,recovery,1,600,manual,truth,93.2,107.1,1,0.765,0.846,-0.081,1,36.92,0.102,0.051,8,ready,8
2026-10-08 16:48:55.924,53.96,20261008_164801,bank,recovery,1,600,manual,truth,93.2,92.9,1,0.763,0.845,-0.083,1,36.93,0.107,0.052,8,ready,8
2026-10-08 16:48:56.098,54.13,20261008_164801,bank,recovery,1,600,manual,truth,93.2,92.9,1,0.761,0.844,-0.083,1,36.93,0.11,0.05,7,ready,8
2026-10-08 16:48:56.291,54.33,20261008_164801,bank,recovery,1,600,manual,truth,93.2,92.9,1,0.758,0.843,-0.085,1,36.94,0.102,0.051,7,ready,8
2026-10-08 16:48:56.504,54.54,20261008_164801,bank,recovery,1,600,manual,truth,104.1,101.5,1,0.756,0.842,-0.086,1,36.94,0.094,0.049,7,ready,8
2026-10-08 16:48:56.736,54.77,20261008_164801,bank,recovery,1,600,manual,truth,104.1,101.5,1,0.756,0.841,-0.085,1,36.93,0.089,0.045,7,ready,8
2026-10-08 16:48:56.911,54.94,20261008_164801,bank,recovery,1,600,manual,truth,102.1,100.3,1,0.753,0.84,-0.086,1,36.93,0.088,0.042,7,ready,8
2026-10-08 16:48:57.103,55.14,20261008_164801,bank,recovery,1,600,manual,truth,102.1,100.3,1,0.752,0.839,-0.087,1,36.93,0.084,0.039,7,ready,8
2026-10-08 16:48:57.303,55.34,20261008_164801,bank,recovery,1,600,manual,truth,102.1,100.3,1,0.751,0.837,-0.087,1,36.94,0.078,0.037,7,ready,8
2026-10-08 16:48:57.511,55.54,20261008_164801,bank,recovery,1,600,manual,truth,102.1,100.3,1,0.75,0.836,-0.086,1,36.94,0.073,0.035,7,ready,8
2026-10-08 16:48:57.726,55.76,20261008_164801,bank,recovery,1,600,manual,truth,102.1,100.3,1,0.751,0.835,-0.084,1,36.94,0.066,0.033,7,ready,8
2026-10-08 16:48:57.962,56.0,20261008_164801,bank,recovery,1,600,manual,truth,104.1,106.1,1,0.755,0.833,-0.078,1,36.94,0.059,0.029,7,ready,8
2026-10-08 16:48:58.142,56.18,20261008_164801,bank,rest,,,,,104.1,106.1,1,0.757,0.832,-0.075,1,36.95,0.058,0.026,7,ready,8
2026-10-08 16:48:58.351,56.38,20261008_164801,bank,rest,,,,,104.1,106.1,1,0.767,0.831,-0.064,1,36.96,0.053,0.024,7,ready,8
2026-10-08 16:48:58.587,56.62,20261008_164801,bank,rest,,,,,102.1,106.2,1,0.775,0.83,-0.055,1,36.98,0.051,0.025,7,ready,8
2026-10-08 16:48:58.761,56.79,20261008_164801,bank,rest,,,,,102.1,106.2,1,0.782,0.83,-0.048,1,36.98,0.072,0.034,7,ready,8
2026-10-08 16:48:58.962,57.0,20261008_164801,bank,rest,,,,,102.1,106.2,1,0.788,0.829,-0.041,1,37.0,0.073,0.035,7,ready,8
2026-10-08 16:48:59.162,57.2,20261008_164801,bank,rest,,,,,102.1,106.2,1,0.794,0.829,-0.035,1,37.01,0.073,0.036,8,ready,8
2026-10-08 16:48:59.369,57.4,20261008_164801,bank,rest,,,,,106.0,110.3,1,0.797,0.828,-0.031,1,37.01,0.07,0.035,8,ready,8
2026-10-08 16:48:59.564,57.6,20261008_164801,bank,rest,,,,,106.0,110.3,1,0.8,0.828,-0.027,1,37.02,0.064,0.033,8,ready,8
2026-10-08 16:48:59.760,57.79,20261008_164801,bank,rest,,,,,106.0,110.3,1,0.801,0.827,-0.026,1,37.03,0.06,0.032,8,ready,9
2026-10-08 16:48:59.962,58.0,20261008_164801,bank,rest,,,,,106.0,110.3,1,0.801,0.827,-0.026,1,37.04,0.059,0.03,9,ready,8
2026-10-08 16:49:00.161,58.19,20261008_164801,bank,rest,,,,,106.0,110.3,1,0.801,0.827,-0.026,1,37.05,0.064,0.027,9,ready,8
2026-10-08 16:49:00.363,58.4,20261008_164801,bank,rest,,,,,106.0,110.3,1,0.8,0.826,-0.026,1,37.05,0.058,0.025,9,ready,8
2026-10-08 16:49:00.562,58.6,20261008_164801,bank,rest,,,,,106.0,110.3,1,0.799,0.826,-0.027,1,37.05,0.057,0.024,9,ready,8
2026-10-08 16:49:00.829,58.86,20261008_164801,bank,rest,,,,,106.0,110.3,1,0.798,0.826,-0.027,1,37.05,0.068,0.029,9,ready,8
2026-10-08 16:49:00.975,59.01,20261008_164801,bank,rest,,,,,106.0,110.3,1,0.796,0.825,-0.029,1,37.06,0.084,0.038,9,ready,8
2026-10-08 16:49:01.185,59.22,20261008_164801,bank,rest,,,,,106.0,110.3,1,0.796,0.825,-0.029,1,37.06,0.118,0.057,10,ready,8
2026-10-08 16:49:01.389,59.42,20261008_164801,bank,rest,,,,,106.0,110.3,1,0.795,0.824,-0.03,1,37.07,0.124,0.053,10,ready,8
2026-10-08 16:49:01.596,59.63,20261008_164801,bank,rest,,,,,104.0,98.9,1,0.794,0.824,-0.03,1,37.07,0.116,0.05,10,ready,8
2026-10-08 16:49:01.801,59.83,20261008_164801,bank,rest,,,,,104.0,98.9,1,0.793,0.824,-0.031,1,37.07,0.111,0.046,10,ready,8
2026-10-08 16:49:02.039,60.07,20261008_164801,bank,rest,,,,,106.0,96.9,1,0.792,0.823,-0.031,1,37.07,0.118,0.045,10,ready,8
2026-10-08 16:49:02.215,60.25,20261008_164801,bank,rest,,,,,106.0,96.9,1,0.791,0.823,-0.032,1,37.07,0.123,0.045,10,ready,8
2026-10-08 16:49:02.418,60.45,20261008_164801,bank,recovery,2,601,manual,truth,106.0,96.9,1,0.79,0.822,-0.032,1,37.07,0.123,0.05,11,ready,8
2026-10-08 16:49:02.623,60.66,20261008_164801,bank,question,2,601,manual,truth,106.0,96.9,1,0.79,0.822,-0.032,1,37.08,0.114,0.045,11,question,8
2026-10-08 16:49:02.821,60.85,20261008_164801,bank,question,2,601,manual,truth,106.0,96.9,1,0.789,0.822,-0.032,1,37.09,0.107,0.041,11,question,8
2026-10-08 16:49:03.032,61.07,20261008_164801,bank,question,2,601,manual,truth,106.0,96.9,1,0.788,0.821,-0.033,1,37.09,0.098,0.037,11,question,8
2026-10-08 16:49:03.242,61.28,20261008_164801,bank,question,2,601,manual,truth,106.0,96.9,1,0.788,0.821,-0.032,1,37.1,0.091,0.034,10,question,8
2026-10-08 16:49:03.450,61.48,20261008_164801,bank,question,2,601,manual,truth,106.0,96.9,1,0.788,0.82,-0.033,1,37.11,0.084,0.031,10,question,8
2026-10-08 16:49:03.651,61.68,20261008_164801,bank,question,2,601,manual,truth,106.0,96.9,1,0.786,0.82,-0.034,1,37.09,0.077,0.029,10,question,8
2026-10-08 16:49:03.861,61.89,20261008_164801,bank,question,2,601,manual,truth,106.0,96.9,1,0.784,0.819,-0.035,1,37.09,0.073,0.027,10,question,8
2026-10-08 16:49:04.083,62.12,20261008_164801,bank,question,2,601,manual,truth,106.0,96.9,1,0.784,0.819,-0.034,1,37.1,0.068,0.025,10,question,8
2026-10-08 16:49:04.275,62.31,20261008_164801,bank,question,2,601,manual,truth,,,1,0.783,0.818,-0.035,1,37.11,0.063,0.023,9,question,8
2026-10-08 16:49:04.482,62.52,20261008_164801,bank,question,2,601,manual,truth,,,1,0.783,0.818,-0.035,1,37.11,0.058,0.021,8,question,8
2026-10-08 16:49:04.689,62.72,20261008_164801,bank,question,2,601,manual,truth,66.3,,1,0.781,0.817,-0.037,1,37.12,0.058,0.019,8,question,8
2026-10-08 16:49:04.891,62.92,20261008_164801,bank,question,2,601,manual,truth,66.3,,1,0.781,0.817,-0.036,1,37.12,0.056,0.017,7,question,8
2026-10-08 16:49:05.091,63.12,20261008_164801,bank,question,2,601,manual,truth,66.3,,1,0.778,0.816,-0.038,1,37.12,0.053,0.016,7,question,8
2026-10-08 16:49:05.337,63.37,20261008_164801,bank,question,2,601,manual,truth,101.4,,1,0.775,0.816,-0.041,1,37.11,0.051,0.016,7,question,8
2026-10-08 16:49:05.538,63.57,20261008_164801,bank,question,2,601,manual,truth,101.4,,1,0.773,0.815,-0.042,1,37.12,0.048,0.016,7,question,8
2026-10-08 16:49:05.714,63.75,20261008_164801,bank,question,2,601,manual,truth,101.4,,1,0.77,0.815,-0.044,1,37.12,0.05,0.019,7,question,8
2026-10-08 16:49:05.923,63.96,20261008_164801,bank,question,2,601,manual,truth,101.4,,1,0.769,0.814,-0.046,1,37.12,0.048,0.018,7,question,8
2026-10-08 16:49:06.129,64.16,20261008_164801,bank,question,2,601,manual,truth,101.4,,1,0.765,0.814,-0.048,1,37.13,0.046,0.017,7,question,8
2026-10-08 16:49:06.336,64.37,20261008_164801,bank,question,2,601,manual,truth,101.4,,1,0.76,0.812,-0.053,1,37.14,0.043,0.015,7,question,8
2026-10-08 16:49:06.532,64.57,20261008_164801,bank,question,2,601,manual,truth,101.4,,1,0.758,0.811,-0.054,1,37.14,0.051,0.014,7,question,8
2026-10-08 16:49:06.736,64.77,20261008_164801,bank,question,2,601,manual,truth,101.4,,1,0.756,0.811,-0.055,1,37.14,0.049,0.013,7,question,8
2026-10-08 16:49:06.931,64.96,20261008_164801,bank,question,2,601,manual,truth,97.3,,1,0.755,0.81,-0.055,1,37.15,0.046,0.012,7,question,8
2026-10-08 16:49:07.134,65.17,20261008_164801,bank,question,2,601,manual,truth,97.3,,1,0.752,0.809,-0.057,1,37.15,0.042,0.012,7,question,8
2026-10-08 16:49:07.339,65.37,20261008_164801,bank,question,2,601,manual,truth,97.3,,1,0.752,0.808,-0.057,1,37.15,0.042,0.013,7,question,8
2026-10-08 16:49:07.543,65.58,20261008_164801,bank,question,2,601,manual,truth,97.3,,1,0.751,0.808,-0.057,1,37.16,0.059,0.017,7,question,8
2026-10-08 16:49:07.750,65.78,20261008_164801,bank,question,2,601,manual,truth,97.3,,1,0.75,0.807,-0.057,1,37.16,0.068,0.029,7,question,8
2026-10-08 16:49:07.954,65.99,20261008_164801,bank,question,2,601,manual,truth,97.3,,1,0.75,0.806,-0.057,1,37.16,0.078,0.029,7,question,9
2026-10-08 16:49:08.160,66.19,20261008_164801,bank,question,2,601,manual,truth,97.3,,1,0.749,0.805,-0.057,1,37.16,0.079,0.03,7,question,9
2026-10-08 16:49:08.370,66.4,20261008_164801,bank,question,2,601,manual,truth,97.3,,1,0.748,0.805,-0.057,1,37.16,0.083,0.03,7,question,8
2026-10-08 16:49:08.615,66.65,20261008_164801,bank,question,2,601,manual,truth,97.3,,1,0.748,0.804,-0.056,1,37.16,0.076,0.027,7,question,8
2026-10-08 16:49:08.783,66.82,20261008_164801,bank,question,2,601,manual,truth,97.3,,1,0.747,0.803,-0.056,1,37.17,0.08,0.026,7,question,8
2026-10-08 16:49:08.980,67.01,20261008_164801,bank,question,2,601,manual,truth,97.3,,1,0.747,0.802,-0.056,1,37.17,0.082,0.028,7,question,8
2026-10-08 16:49:09.185,67.22,20261008_164801,bank,question,2,601,manual,truth,97.3,,1,0.746,0.802,-0.055,1,37.17,0.077,0.025,7,question,8
2026-10-08 16:49:09.391,67.42,20261008_164801,bank,question,2,601,manual,truth,97.3,,1,0.746,0.801,-0.055,1,37.14,0.073,0.026,7,question,8
2026-10-08 16:49:09.602,67.64,20261008_164801,bank,question,2,601,manual,truth,97.3,,1,0.745,0.8,-0.056,1,37.14,0.075,0.026,7,question,8
2026-10-08 16:49:09.841,67.87,20261008_164801,bank,question,2,601,manual,truth,97.3,,1,0.744,0.799,-0.056,1,37.15,0.071,0.025,7,question,8
2026-10-08 16:49:10.050,68.08,20261008_164801,bank,question,2,601,manual,truth,99.6,,1,0.743,0.799,-0.056,1,37.14,0.069,0.023,7,question,8
2026-10-08 16:49:10.224,68.26,20261008_164801,bank,question,2,601,manual,truth,99.6,,1,0.743,0.798,-0.055,1,37.15,0.069,0.022,7,question,8
2026-10-08 16:49:10.453,68.49,20261008_164801,bank,question,2,601,manual,truth,99.6,,1,0.742,0.797,-0.056,1,37.14,0.077,0.023,7,question,8
2026-10-08 16:49:10.635,68.67,20261008_164801,bank,question,2,601,manual,truth,101.4,,1,0.741,0.796,-0.055,1,37.15,0.074,0.022,7,question,8
2026-10-08 16:49:10.841,68.87,20261008_164801,bank,question,2,601,manual,truth,101.4,,1,0.74,0.796,-0.055,1,37.15,0.07,0.02,7,question,8
2026-10-08 16:49:11.044,69.08,20261008_164801,bank,question,2,601,manual,truth,101.4,,1,0.74,0.795,-0.055,1,37.15,0.065,0.018,7,question,8
2026-10-08 16:49:11.251,69.28,20261008_164801,bank,question,2,601,manual,truth,99.6,539.5,1,0.739,0.794,-0.055,1,37.16,0.062,0.018,7,question,8
2026-10-08 16:49:11.467,69.5,20261008_164801,bank,question,2,601,manual,truth,99.6,539.5,1,0.739,0.794,-0.055,1,37.16,0.059,0.016,7,question,8
2026-10-08 16:49:11.682,69.72,20261008_164801,bank,question,2,601,manual,truth,99.6,539.5,1,0.738,0.793,-0.054,1,37.16,0.056,0.015,7,question,8
2026-10-08 16:49:11.869,69.9,20261008_164801,bank,question,2,601,manual,truth,99.6,539.5,1,0.738,0.792,-0.054,1,37.15,0.056,0.016,7,question,8
2026-10-08 16:49:12.080,70.11,20261008_164801,bank,question,2,601,manual,truth,99.6,539.5,1,0.738,0.791,-0.054,1,37.16,0.052,0.015,7,question,8
2026-10-08 16:49:12.311,70.34,20261008_164801,bank,question,2,601,manual,truth,99.6,539.5,1,0.738,0.791,-0.053,1,37.16,0.049,0.014,7,question,8
2026-10-08 16:49:12.492,70.53,20261008_164801,bank,question,2,601,manual,truth,99.6,539.5,1,0.737,0.79,-0.053,1,37.16,0.047,0.013,6,question,8
2026-10-08 16:49:12.701,70.73,20261008_164801,bank,question,2,601,manual,truth,99.6,539.5,1,0.737,0.789,-0.052,1,37.17,0.044,0.012,6,question,8
2026-10-08 16:49:12.906,70.94,20261008_164801,bank,question,2,601,manual,truth,99.6,539.5,1,0.737,0.789,-0.052,1,37.17,0.041,0.011,6,question,8
2026-10-08 16:49:13.114,71.15,20261008_164801,bank,question,2,601,manual,truth,96.1,539.5,1,0.736,0.788,-0.052,1,37.17,0.074,0.019,6,question,8
2026-10-08 16:49:13.321,71.35,20261008_164801,bank,question,2,601,manual,truth,96.1,539.5,1,0.735,0.787,-0.052,1,37.17,0.134,0.04,7,question,8
2026-10-08 16:49:13.531,71.56,20261008_164801,bank,question,2,601,manual,truth,96.1,539.5,1,0.735,0.786,-0.051,1,37.18,0.134,0.041,7,question,8
2026-10-08 16:49:13.730,71.76,20261008_164801,bank,question,2,601,manual,truth,96.1,539.5,1,0.731,0.785,-0.054,1,37.18,0.123,0.038,7,question,8
2026-10-08 16:49:14.039,72.07,20261008_164801,bank,question,2,601,manual,truth,96.1,539.5,1,0.731,0.784,-0.053,1,37.17,0.112,0.034,7,question,8
2026-10-08 16:49:14.148,72.18,20261008_164801,bank,question,2,601,manual,truth,96.1,539.5,1,0.731,0.784,-0.053,1,37.17,0.102,0.031,7,question,8
2026-10-08 16:49:14.355,72.39,20261008_164801,bank,recovery,2,601,manual,truth,96.1,539.5,1,0.731,0.783,-0.052,1,37.17,0.093,0.028,7,ready,8
2026-10-08 16:49:14.570,72.6,20261008_164801,bank,recovery,2,601,manual,truth,96.1,539.5,1,0.731,0.782,-0.051,1,37.18,0.085,0.026,7,ready,8
2026-10-08 16:49:14.768,72.8,20261008_164801,bank,recovery,2,601,manual,truth,96.1,539.5,1,0.729,0.782,-0.053,1,37.15,0.077,0.024,7,ready,8
2026-10-08 16:49:14.991,73.02,20261008_164801,bank,recovery,2,601,manual,truth,96.1,539.5,1,0.728,0.781,-0.053,1,37.16,0.077,0.022,7,ready,8
2026-10-08 16:49:15.181,73.21,20261008_164801,bank,recovery,2,601,manual,truth,96.1,539.5,1,0.727,0.78,-0.053,1,37.16,0.072,0.022,7,ready,8
2026-10-08 16:49:15.386,73.42,20261008_164801,bank,recovery,2,601,manual,truth,96.1,539.5,1,0.726,0.779,-0.053,1,37.16,0.077,0.024,7,ready,8
2026-10-08 16:49:15.587,73.62,20261008_164801,bank,recovery,2,601,manual,truth,96.1,539.5,1,0.726,0.779,-0.053,1,37.17,0.071,0.022,7,ready,8
2026-10-08 16:49:15.796,73.83,20261008_164801,bank,recovery,2,601,manual,truth,96.1,539.5,1,0.724,0.778,-0.054,1,37.17,0.067,0.022,7,ready,8
2026-10-08 16:49:16.004,74.04,20261008_164801,bank,recovery,2,601,manual,truth,96.1,539.5,1,0.723,0.777,-0.054,1,37.17,0.066,0.021,7,ready,8
2026-10-08 16:49:16.205,74.24,20261008_164801,bank,recovery,2,601,manual,truth,96.1,539.5,1,0.722,0.777,-0.054,1,37.17,0.063,0.02,7,ready,8
2026-10-08 16:49:16.494,74.53,20261008_164801,bank,recovery,2,601,manual,truth,96.1,539.5,1,0.719,0.776,-0.057,1,37.15,0.061,0.019,7,ready,8
2026-10-08 16:49:16.615,74.65,20261008_164801,bank,recovery,2,601,manual,truth,96.1,539.5,1,0.716,0.775,-0.059,1,37.16,0.061,0.018,7,ready,8
2026-10-08 16:49:16.916,74.95,20261008_164801,bank,recovery,2,601,manual,truth,96.1,539.5,1,0.716,0.774,-0.058,1,37.16,0.059,0.019,6,ready,8
2026-10-08 16:49:17.025,75.06,20261008_164801,bank,recovery,2,601,manual,truth,96.1,539.5,1,0.713,0.773,-0.061,1,37.15,0.055,0.018,6,ready,8
2026-10-08 16:49:17.236,75.27,20261008_164801,bank,recovery,2,601,manual,truth,96.1,539.5,1,0.712,0.773,-0.061,1,37.16,0.053,0.017,6,ready,8
2026-10-08 16:49:17.435,75.47,20261008_164801,bank,recovery,2,601,manual,truth,96.1,539.5,1,0.71,0.772,-0.061,1,37.16,0.054,0.017,6,ready,8
2026-10-08 16:49:17.639,75.67,20261008_164801,bank,recovery,2,601,manual,truth,96.1,539.5,1,0.709,0.771,-0.062,1,37.16,0.077,0.025,6,ready,8
2026-10-08 16:49:17.846,75.88,20261008_164801,bank,recovery,2,601,manual,truth,96.1,539.5,1,0.708,0.77,-0.062,1,37.17,0.09,0.036,6,ready,8
2026-10-08 16:49:18.134,76.17,20261008_164801,bank,recovery,2,601,manual,truth,96.1,539.5,1,0.708,0.769,-0.061,1,37.17,0.092,0.036,7,ready,8
2026-10-08 16:49:18.265,76.3,20261008_164801,bank,recovery,2,601,manual,truth,96.1,539.5,1,0.706,0.768,-0.062,1,37.18,0.09,0.035,7,ready,8
2026-10-08 16:49:18.469,76.5,20261008_164801,bank,recovery,2,601,manual,truth,,,1,0.705,0.768,-0.062,1,37.18,0.089,0.033,6,ready,8
2026-10-08 16:49:18.674,76.71,20261008_164801,bank,recovery,2,601,manual,truth,,,1,0.706,0.767,-0.061,1,37.18,0.085,0.03,6,ready,8
2026-10-08 16:49:18.880,76.91,20261008_164801,bank,recovery,2,601,manual,truth,,,1,0.705,0.766,-0.061,1,37.19,0.092,0.029,6,ready,8
2026-10-08 16:49:19.089,77.12,20261008_164801,bank,recovery,2,601,manual,truth,88.4,,1,0.703,0.765,-0.062,1,37.19,0.09,0.028,6,ready,8
2026-10-08 16:49:19.295,77.33,20261008_164801,bank,recovery,2,601,manual,truth,88.4,,1,0.703,0.764,-0.061,1,37.19,0.084,0.026,6,ready,8
2026-10-08 16:49:19.506,77.54,20261008_164801,bank,recovery,2,601,manual,truth,88.4,,1,0.703,0.764,-0.061,1,37.19,0.077,0.025,6,ready,8
2026-10-08 16:49:19.708,77.74,20261008_164801,bank,recovery,2,601,manual,truth,89.5,,1,0.702,0.763,-0.061,1,37.19,0.071,0.022,6,ready,8
2026-10-08 16:49:19.917,77.95,20261008_164801,bank,recovery,2,601,manual,truth,89.5,,1,0.702,0.762,-0.06,1,37.2,0.072,0.022,6,ready,8
2026-10-08 16:49:20.129,78.16,20261008_164801,bank,recovery,2,601,manual,truth,89.5,,1,0.702,0.761,-0.059,1,37.2,0.072,0.022,6,ready,8
2026-10-08 16:49:20.329,78.36,20261008_164801,bank,recovery,2,601,manual,truth,98.9,,1,0.701,0.76,-0.059,1,37.2,0.069,0.021,6,ready,8
2026-10-08 16:49:20.535,78.57,20261008_164801,bank,recovery,2,601,manual,truth,98.9,,1,0.701,0.76,-0.059,1,37.2,0.064,0.022,6,ready,8
2026-10-08 16:49:20.740,78.77,20261008_164801,bank,rest,,,,,98.9,,1,0.7,0.759,-0.059,1,37.2,0.06,0.021,6,ready,8
2026-10-08 16:49:21.001,79.03,20261008_164801,bank,rest,,,,,89.5,188.6,1,0.699,0.758,-0.059,1,37.2,0.057,0.019,6,ready,8
2026-10-08 16:49:21.154,79.19,20261008_164801,bank,rest,,,,,89.5,188.6,1,0.699,0.756,-0.058,1,37.21,0.049,0.016,6,ready,8
2026-10-08 16:49:21.365,79.4,20261008_164801,bank,rest,,,,,89.5,188.6,1,0.698,0.756,-0.058,1,37.21,0.045,0.015,6,ready,8
2026-10-08 16:49:21.571,79.61,20261008_164801,bank,rest,,,,,89.5,188.6,1,0.698,0.755,-0.057,1,37.21,0.046,0.015,6,ready,8
2026-10-08 16:49:21.848,79.88,20261008_164801,bank,rest,,,,,89.5,188.6,1,0.697,0.754,-0.057,1,37.21,0.05,0.019,6,ready,8
2026-10-08 16:49:21.983,80.02,20261008_164801,bank,rest,,,,,89.5,188.6,1,0.697,0.753,-0.057,1,37.21,0.067,0.026,6,ready,8
2026-10-08 16:49:22.189,80.22,20261008_164801,bank,rest,,,,,89.5,188.6,1,0.696,0.753,-0.057,1,37.21,0.07,0.032,6,ready,8
2026-10-08 16:49:22.395,80.43,20261008_164801,bank,rest,,,,,89.5,188.6,1,0.696,0.752,-0.056,1,37.21,0.078,0.037,6,ready,8
2026-10-08 16:49:22.609,80.64,20261008_164801,bank,rest,,,,,105.4,188.6,1,0.695,0.751,-0.056,1,37.22,0.083,0.04,6,ready,8
2026-10-08 16:49:22.809,80.84,20261008_164801,bank,rest,,,,,105.4,188.6,1,0.695,0.75,-0.055,1,37.22,0.077,0.037,6,ready,8
2026-10-08 16:49:23.056,81.09,20261008_164801,bank,rest,,,,,105.4,188.6,1,0.694,0.75,-0.055,1,37.22,0.083,0.034,7,ready,8
2026-10-08 16:49:23.223,81.26,20261008_164801,bank,rest,,,,,105.4,188.6,1,0.695,0.749,-0.054,1,37.21,0.079,0.032,7,ready,8
2026-10-08 16:49:23.429,81.46,20261008_164801,bank,rest,,,,,105.4,188.6,1,0.694,0.748,-0.054,1,37.21,0.075,0.03,7,ready,8
2026-10-08 16:49:23.627,81.66,20261008_164801,bank,recovery,3,602,manual,truth,105.4,188.6,1,0.694,0.747,-0.053,1,37.22,0.072,0.028,7,ready,8
2026-10-08 16:49:23.838,81.87,20261008_164801,bank,question,3,602,manual,truth,105.4,188.6,1,0.694,0.747,-0.053,1,37.22,0.065,0.026,7,question,8
2026-10-08 16:49:24.041,82.07,20261008_164801,bank,question,3,602,manual,truth,105.4,188.6,1,0.693,0.746,-0.053,1,37.22,0.071,0.026,7,question,8
2026-10-08 16:49:24.282,82.32,20261008_164801,bank,question,3,602,manual,truth,105.4,188.6,1,0.693,0.745,-0.053,1,37.22,0.068,0.025,7,question,8
2026-10-08 16:49:24.483,82.52,20261008_164801,bank,question,3,602,manual,truth,105.4,188.6,1,0.692,0.745,-0.053,1,37.22,0.064,0.024,7,question,8
2026-10-08 16:49:24.655,82.69,20261008_164801,bank,question,3,602,manual,truth,105.4,188.6,1,0.692,0.744,-0.052,1,37.22,0.061,0.022,7,question,8
2026-10-08 16:49:24.872,82.91,20261008_164801,bank,question,3,602,manual,truth,105.4,188.6,1,0.692,0.743,-0.051,1,37.22,0.057,0.02,7,question,8
2026-10-08 16:49:25.066,83.1,20261008_164801,bank,question,3,602,manual,truth,105.4,188.6,1,0.688,0.743,-0.054,1,37.22,0.053,0.018,7,question,8
2026-10-08 16:49:25.273,83.31,20261008_164801,bank,question,3,602,manual,truth,105.4,188.6,1,0.689,0.742,-0.053,1,37.22,0.054,0.017,7,question,8
2026-10-08 16:49:25.492,83.53,20261008_164801,bank,question,3,602,manual,truth,105.4,188.6,1,0.689,0.741,-0.052,1,37.22,0.054,0.016,7,question,8
2026-10-08 16:49:25.712,83.75,20261008_164801,bank,question,3,602,manual,truth,105.4,188.6,1,0.69,0.74,-0.05,1,37.23,0.059,0.016,7,question,8
2026-10-08 16:49:25.922,83.96,20261008_164801,bank,question,3,602,manual,truth,105.4,188.6,1,0.69,0.74,-0.05,1,37.23,0.056,0.015,7,question,8
2026-10-08 16:49:26.100,84.13,20261008_164801,bank,question,3,602,manual,truth,105.4,188.6,1,0.687,0.739,-0.052,1,37.23,0.052,0.014,7,question,8
2026-10-08 16:49:26.307,84.34,20261008_164801,bank,question,3,602,manual,truth,105.4,188.6,1,0.688,0.738,-0.051,1,37.23,0.048,0.013,7,question,8
2026-10-08 16:49:26.512,84.55,20261008_164801,bank,question,3,602,manual,truth,105.4,188.6,1,0.687,0.738,-0.05,1,37.23,0.045,0.012,7,question,8
2026-10-08 16:49:26.716,84.75,20261008_164801,bank,question,3,602,manual,truth,105.4,188.6,1,0.684,0.737,-0.053,1,37.22,0.044,0.011,7,question,8
2026-10-08 16:49:26.939,84.97,20261008_164801,bank,question,3,602,manual,truth,105.4,188.6,1,0.684,0.736,-0.052,1,37.22,0.047,0.011,7,question,8
2026-10-08 16:49:27.135,85.17,20261008_164801,bank,question,3,602,manual,truth,105.4,188.6,1,0.685,0.736,-0.051,1,37.23,0.046,0.01,7,question,8
2026-10-08 16:49:27.338,85.37,20261008_164801,bank,question,3,602,manual,truth,105.4,188.6,1,0.685,0.735,-0.05,1,37.23,0.043,0.009,7,question,8
2026-10-08 16:49:27.538,85.57,20261008_164801,bank,question,3,602,manual,truth,105.4,188.6,1,0.684,0.734,-0.05,1,37.24,0.041,0.009,7,question,8
2026-10-08 16:49:27.756,85.79,20261008_164801,bank,question,3,602,manual,truth,105.4,188.6,1,0.68,0.734,-0.054,1,37.24,0.042,0.009,7,question,8
2026-10-08 16:49:27.955,85.99,20261008_164801,bank,question,3,602,manual,truth,115.8,188.6,1,0.681,0.733,-0.052,1,37.24,0.043,0.009,7,question,8
2026-10-08 16:49:28.168,86.2,20261008_164801,bank,question,3,602,manual,truth,115.8,168.8,1,0.68,0.732,-0.051,1,37.25,0.047,0.01,7,question,8
2026-10-08 16:49:28.373,86.41,20261008_164801,bank,question,3,602,manual,truth,115.8,168.8,1,0.68,0.731,-0.051,1,37.25,0.049,0.009,7,question,8
2026-10-08 16:49:28.555,86.59,20261008_164801,bank,question,3,602,manual,truth,115.8,168.8,1,0.678,0.73,-0.052,1,37.25,0.052,0.009,7,question,8
2026-10-08 16:49:28.759,86.79,20261008_164801,bank,question,3,602,manual,truth,115.8,138.8,1,0.677,0.729,-0.052,1,37.25,0.049,0.009,7,question,8
2026-10-08 16:49:28.956,86.99,20261008_164801,bank,question,3,602,manual,truth,115.8,138.8,1,0.677,0.729,-0.052,1,37.25,0.044,0.009,7,question,8
2026-10-08 16:49:29.158,87.19,20261008_164801,bank,question,3,602,manual,truth,115.8,138.8,1,0.678,0.728,-0.05,1,37.25,0.044,0.008,7,question,8
2026-10-08 16:49:29.359,87.39,20261008_164801,bank,question,3,602,manual,truth,115.8,138.8,1,0.676,0.727,-0.052,1,37.25,0.042,0.007,7,question,9
2026-10-08 16:49:33.382,91.42,20261008_164801,bank,question,3,602,manual,truth,,,1,0.657,0.713,-0.056,1,37.26,0.034,0.007,8,question,8
2026-10-08 16:49:33.580,91.61,20261008_164801,bank,question,3,602,manual,truth,,,1,0.656,0.712,-0.056,1,37.26,0.033,0.008,7,question,8
2026-10-08 16:49:33.811,91.84,20261008_164801,bank,question,3,602,manual,truth,96.8,,1,0.65,0.712,-0.061,1,37.26,0.035,0.01,7,question,8
2026-10-08 16:49:33.991,92.02,20261008_164801,bank,question,3,602,manual,truth,96.8,,1,0.652,0.711,-0.059,1,37.27,0.037,0.01,7,question,8
2026-10-08 16:49:34.205,92.24,20261008_164801,bank,question,3,602,manual,truth,96.8,,1,0.652,0.71,-0.058,1,37.28,0.038,0.01,6,question,8
2026-10-08 16:49:34.415,92.45,20261008_164801,bank,question,3,602,manual,truth,96.8,,1,0.653,0.709,-0.055,1,37.26,0.036,0.009,6,question,8
2026-10-08 16:49:34.620,92.65,20261008_164801,bank,question,3,602,manual,truth,93.8,,1,0.654,0.708,-0.054,1,37.26,0.034,0.008,6,question,8
2026-10-08 16:49:34.824,92.86,20261008_164801,bank,question,3,602,manual,truth,93.8,,1,0.654,0.707,-0.053,1,37.26,0.032,0.008,6,question,8
2026-10-08 16:49:35.156,93.19,20261008_164801,bank,question,3,602,manual,truth,93.8,,1,0.653,0.706,-0.053,1,37.26,0.03,0.008,6,question,8
2026-10-08 16:49:35.234,93.27,20261008_164801,bank,question,3,602,manual,truth,85.9,,1,0.652,0.706,-0.053,1,37.25,0.031,0.007,6,question,8
2026-10-08 16:49:35.444,93.48,20261008_164801,bank,question,3,602,manual,truth,85.9,,1,0.652,0.705,-0.053,1,37.26,0.033,0.007,6,question,8
2026-10-08 16:49:35.662,93.7,20261008_164801,bank,recovery,3,602,manual,truth,85.9,,1,0.651,0.704,-0.053,1,37.26,0.044,0.007,6,ready,8
2026-10-08 16:49:35.848,93.88,20261008_164801,bank,recovery,3,602,manual,truth,85.9,,1,0.651,0.704,-0.053,1,37.26,0.044,0.007,6,ready,8
2026-10-08 16:49:36.053,94.09,20261008_164801,bank,recovery,3,602,manual,truth,85.9,,1,0.651,0.704,-0.052,1,37.26,0.045,0.007,6,ready,8
2026-10-08 16:49:36.379,94.41,20261008_164801,bank,recovery,3,602,manual,truth,85.9,,1,0.65,0.702,-0.052,1,37.25,0.039,0.007,5,ready,8
2026-10-08 16:49:36.570,94.6,20261008_164801,bank,recovery,3,602,manual,truth,87.4,,1,0.649,0.701,-0.052,1,37.25,0.039,0.006,5,ready,8
2026-10-08 16:49:36.713,94.75,20261008_164801,bank,recovery,3,602,manual,truth,87.4,,1,0.649,0.701,-0.052,1,37.25,0.037,0.006,5,ready,8
2026-10-08 16:49:36.891,94.92,20261008_164801,bank,recovery,3,602,manual,truth,87.4,,1,0.648,0.7,-0.052,1,37.25,0.035,0.006,5,ready,8
2026-10-08 16:49:37.188,95.22,20261008_164801,bank,recovery,3,602,manual,truth,87.4,124.8,1,0.648,0.699,-0.051,1,37.25,0.035,0.006,5,ready,8
2026-10-08 16:49:37.322,95.36,20261008_164801,bank,recovery,3,602,manual,truth,87.4,124.8,1,0.648,0.699,-0.051,1,37.25,0.034,0.007,5,ready,8
2026-10-08 16:49:37.536,95.57,20261008_164801,bank,recovery,3,602,manual,truth,87.4,124.8,1,0.648,0.698,-0.05,1,37.25,0.033,0.007,5,ready,8
2026-10-08 16:49:37.764,95.8,20261008_164801,bank,recovery,3,602,manual,truth,87.4,124.8,1,0.647,0.697,-0.05,1,37.26,0.038,0.007,5,ready,8
2026-10-08 16:49:38.013,96.05,20261008_164801,bank,recovery,3,602,manual,truth,79.3,141.8,1,0.647,0.697,-0.05,1,37.26,0.037,0.007,5,ready,8
2026-10-08 16:49:38.139,96.17,20261008_164801,bank,recovery,3,602,manual,truth,79.3,141.8,1,0.647,0.696,-0.049,1,37.26,0.037,0.006,5,ready,8
2026-10-08 16:49:38.404,96.44,20261008_164801,bank,recovery,3,602,manual,truth,79.3,141.8,1,0.647,0.695,-0.049,1,37.26,0.036,0.006,5,ready,8
2026-10-08 16:49:38.577,96.61,20261008_164801,bank,recovery,3,602,manual,truth,87.4,149.8,1,0.646,0.695,-0.048,1,37.26,0.036,0.006,5,ready,8
2026-10-08 16:49:38.832,96.87,20261008_164801,bank,recovery,3,602,manual,truth,87.4,149.8,1,0.646,0.694,-0.048,1,37.26,0.039,0.006,5,ready,8
2026-10-08 16:49:39.043,97.08,20261008_164801,bank,recovery,3,602,manual,truth,87.4,149.8,1,0.646,0.693,-0.048,1,37.26,0.037,0.007,5,ready,8
2026-10-08 16:49:39.139,97.17,20261008_164801,bank,recovery,3,602,manual,truth,94.7,139.3,1,0.646,0.693,-0.047,1,37.26,0.04,0.007,5,ready,8
2026-10-08 16:49:39.342,97.38,20261008_164801,bank,recovery,3,602,manual,truth,94.7,139.3,1,0.646,0.692,-0.046,1,37.26,0.041,0.007,5,ready,8
2026-10-08 16:49:39.551,97.58,20261008_164801,bank,recovery,3,602,manual,truth,94.7,139.3,1,0.645,0.692,-0.046,1,37.27,0.039,0.007,5,ready,9
2026-10-08 16:49:39.854,97.89,20261008_164801,bank,rest,,,,,94.7,139.3,1,0.645,0.691,-0.046,1,37.27,0.037,0.007,5,ready,9
2026-10-08 16:49:39.980,98.01,20261008_164801,bank,rest,,,,,94.7,139.3,1,0.644,0.69,-0.046,1,37.27,0.036,0.007,6,ready,9
2026-10-08 16:49:40.189,98.22,20261008_164801,bank,rest,,,,,94.7,139.3,1,0.644,0.69,-0.046,1,37.27,0.034,0.007,6,ready,9
2026-10-08 16:49:40.382,98.42,20261008_164801,bank,rest,,,,,94.7,139.3,1,0.643,0.689,-0.046,1,37.27,0.033,0.007,6,ready,9
2026-10-08 16:49:40.588,98.62,20261008_164801,bank,rest,,,,,94.7,139.3,1,0.643,0.689,-0.045,1,37.28,0.036,0.007,6,ready,9
2026-10-08 16:49:40.796,98.83,20261008_164801,bank,rest,,,,,94.7,139.3,1,0.641,0.688,-0.047,1,37.24,0.042,0.007,6,ready,9
2026-10-08 16:49:40.991,99.02,20261008_164801,bank,rest,,,,,94.7,139.3,1,0.641,0.687,-0.046,1,37.24,0.045,0.007,6,ready,8
2026-10-08 16:49:41.204,99.24,20261008_164801,bank,rest,,,,,94.7,139.3,1,0.641,0.687,-0.045,1,37.25,0.044,0.007,6,ready,8
2026-10-08 16:49:41.406,99.44,20261008_164801,bank,rest,,,,,96.3,139.3,1,0.642,0.686,-0.044,1,37.26,0.042,0.006,6,ready,9
2026-10-08 16:49:41.613,99.65,20261008_164801,bank,rest,,,,,96.3,139.3,1,0.642,0.685,-0.044,1,37.27,0.044,0.007,6,ready,9
2026-10-08 16:49:41.821,99.85,20261008_164801,bank,rest,,,,,96.3,139.3,1,0.642,0.685,-0.043,1,37.27,0.044,0.01,6,ready,9
2026-10-08 16:49:42.021,100.05,20261008_164801,bank,rest,,,,,94.7,131.5,1,0.64,0.684,-0.044,1,37.26,0.052,0.021,6,ready,9
2026-10-08 16:49:42.231,100.26,20261008_164801,bank,rest,,,,,94.7,131.5,1,0.641,0.684,-0.043,1,37.27,0.054,0.02,6,ready,9
2026-10-08 16:49:42.436,100.47,20261008_164801,bank,rest,,,,,94.7,131.5,1,0.64,0.683,-0.043,1,37.27,0.057,0.02,6,ready,9
2026-10-08 16:49:42.643,100.68,20261008_164801,bank,rest,,,,,100.0,125.9,1,0.641,0.683,-0.042,1,37.28,0.059,0.02,6,ready,9
2026-10-08 16:49:42.844,100.88,20261008_164801,bank,rest,,,,,100.0,125.9,1,0.639,0.682,-0.043,1,37.28,0.076,0.022,6,ready,9
2026-10-08 16:49:43.052,101.09,20261008_164801,bank,rest,,,,,100.0,125.9,1,0.639,0.681,-0.042,1,37.29,0.079,0.025,6,ready,8
2026-10-08 16:49:43.261,101.29,20261008_164801,bank,rest,,,,,100.0,125.9,1,0.637,0.68,-0.043,1,37.3,0.09,0.03,7,ready,9
2026-10-08 16:49:43.474,101.51,20261008_164801,bank,rest,,,,,100.0,125.9,1,0.637,0.68,-0.043,1,37.31,0.095,0.03,7,ready,9
2026-10-08 16:49:43.674,101.71,20261008_164801,bank,rest,,,,,100.0,125.9,1,0.637,0.679,-0.042,1,37.31,0.098,0.032,7,ready,9
2026-10-08 16:49:43.883,101.92,20261008_164801,bank,rest,,,,,100.0,132.9,1,0.636,0.679,-0.042,1,37.32,0.092,0.03,7,ready,9
2026-10-08 16:49:44.153,102.19,20261008_164801,bank,rest,,,,,100.0,132.9,1,0.636,0.678,-0.042,1,37.32,0.09,0.029,7,ready,9
2026-10-08 16:49:44.290,102.32,20261008_164801,bank,rest,,,,,100.0,132.9,1,0.634,0.677,-0.044,1,37.33,0.108,0.031,7,ready,8
2026-10-08 16:49:44.491,102.52,20261008_164801,bank,rest,,,,,100.0,132.9,1,0.633,0.677,-0.044,1,37.33,0.105,0.031,7,ready,9
2026-10-08 16:49:44.696,102.73,20261008_164801,bank,rest,,,,,100.0,132.9,1,0.633,0.676,-0.043,1,37.33,0.108,0.031,7,ready,8
2026-10-08 16:49:44.904,102.94,20261008_164801,bank,rest,,,,,100.0,116.1,1,0.627,0.676,-0.049,1,37.34,0.107,0.032,7,ready,9
2026-10-08 16:49:45.116,103.15,20261008_164801,bank,rest,,,,,100.0,116.1,1,0.63,0.675,-0.045,1,37.35,0.101,0.031,7,ready,9
2026-10-08 16:49:45.320,103.35,20261008_164801,bank,rest,,,,,100.0,116.1,1,0.631,0.674,-0.044,1,37.35,0.11,0.032,7,ready,9
2026-10-08 16:49:45.524,103.56,20261008_164801,bank,rest,,,,,101.9,109.9,1,0.631,0.674,-0.043,1,37.36,0.104,0.03,8,ready,9
2026-10-08 16:49:45.738,103.77,20261008_164801,bank,rest,,,,,101.9,109.9,1,0.63,0.673,-0.044,1,37.36,0.1,0.031,8,ready,9
2026-10-08 16:49:45.936,103.97,20261008_164801,bank,rest,,,,,101.9,109.9,1,0.628,0.673,-0.044,1,37.36,0.099,0.029,8,ready,9
2026-10-08 16:49:46.132,104.17,20261008_164801,bank,rest,,,,,102.2,103.3,1,0.626,0.672,-0.046,1,37.36,0.116,0.03,8,ready,9
2026-10-08 16:49:46.403,104.44,20261008_164801,bank,rest,,,,,102.2,103.3,1,0.625,0.671,-0.046,1,37.37,0.137,0.049,8,ready,9
2026-10-08 16:49:46.538,104.57,20261008_164801,bank,rest,,,,,102.2,103.3,1,0.621,0.671,-0.049,1,37.36,0.14,0.073,8,ready,9
2026-10-08 16:49:46.742,104.78,20261008_164801,bank,rest,,,,,102.2,101.0,1,0.623,0.67,-0.047,1,37.37,0.15,0.075,8,ready,9
2026-10-08 16:49:46.953,104.99,20261008_164801,bank,rest,,,,,102.2,101.0,1,0.624,0.67,-0.046,1,37.38,0.158,0.081,8,ready,9
2026-10-08 16:49:47.162,105.2,20261008_164801,bank,rest,,,,,102.2,101.0,1,0.625,0.669,-0.044,1,37.38,0.146,0.075,9,ready,9
2026-10-08 16:49:47.365,105.4,20261008_164801,bank,rest,,,,,102.2,79.8,1,0.624,0.668,-0.045,1,37.38,0.151,0.07,9,ready,9
2026-10-08 16:49:47.574,105.61,20261008_164801,bank,rest,,,,,102.2,79.8,1,0.625,0.668,-0.043,1,37.39,0.146,0.064,9,ready,9
2026-10-08 16:49:47.781,105.81,20261008_164801,bank,rest,,,,,104.4,88.7,1,0.621,0.667,-0.046,1,37.38,0.145,0.061,9,ready,9
2026-10-08 16:49:47.986,106.02,20261008_164801,bank,rest,,,,,104.4,88.7,1,0.624,0.667,-0.043,1,37.39,0.143,0.068,9,ready,9
2026-10-08 16:49:48.192,106.23,20261008_164801,bank,rest,,,,,104.4,88.7,1,0.625,0.666,-0.041,1,37.4,0.161,0.086,9,ready,9
2026-10-08 16:49:48.401,106.43,20261008_164801,bank,rest,,,,,104.4,88.7,1,0.625,0.666,-0.04,1,37.41,0.15,0.079,9,ready,9
2026-10-08 16:49:48.604,106.64,20261008_164801,bank,rest,,,,,104.4,88.7,1,0.624,0.665,-0.041,1,37.42,0.147,0.083,9,ready,9
2026-10-08 16:49:48.811,106.84,20261008_164801,bank,rest,,,,,104.4,88.7,1,0.623,0.664,-0.041,1,37.42,0.142,0.077,9,ready,9
2026-10-08 16:49:49.019,107.05,20261008_164801,bank,rest,,,,,,,1,0.62,0.664,-0.044,1,37.4,0.133,0.07,8,ready,9
2026-10-08 16:49:49.224,107.26,20261008_164801,bank,rest,,,,,,,1,0.621,0.663,-0.042,1,37.38,0.123,0.064,8,ready,9
2026-10-08 16:49:49.450,107.48,20261008_164801,bank,rest,,,,,135.6,,1,0.62,0.663,-0.043,1,37.39,0.115,0.058,8,ready,8
2026-10-08 16:49:53.486,111.52,20261008_164801,bank,question,4,603,manual,truth,182.9,136.2,1,0.609,0.651,-0.041,1,37.49,0.05,0.017,15,question,8
2026-10-08 16:49:53.691,111.72,20261008_164801,bank,question,4,603,manual,truth,182.9,136.2,1,0.609,0.651,-0.041,1,37.49,0.05,0.017,15,question,8
2026-10-08 16:49:53.890,111.92,20261008_164801,bank,question,4,603,manual,truth,182.9,136.2,1,0.609,0.65,-0.041,1,37.5,0.049,0.017,15,question,8
2026-10-08 16:49:54.102,112.14,20261008_164801,bank,question,4,603,manual,truth,182.9,136.2,1,0.607,0.649,-0.042,1,37.5,0.051,0.015,15,question,8
2026-10-08 16:49:54.306,112.34,20261008_164801,bank,question,4,603,manual,truth,182.9,136.2,1,0.607,0.648,-0.042,1,37.51,0.053,0.014,15,question,8
2026-10-08 16:49:54.510,112.54,20261008_164801,bank,question,4,603,manual,truth,182.9,136.2,1,0.606,0.648,-0.041,1,37.51,0.049,0.014,15,question,8
2026-10-08 16:49:54.715,112.75,20261008_164801,bank,question,4,603,manual,truth,182.9,136.2,1,0.606,0.647,-0.042,1,37.51,0.048,0.014,15,question,8
2026-10-08 16:49:54.919,112.95,20261008_164801,bank,question,4,603,manual,truth,182.9,136.2,1,0.605,0.647,-0.041,1,37.51,0.051,0.014,15,question,8
2026-10-08 16:49:55.223,113.26,20261008_164801,bank,question,4,603,manual,truth,182.9,136.2,1,0.605,0.646,-0.042,1,37.51,0.049,0.013,15,question,8
2026-10-08 16:49:55.328,113.36,20261008_164801,bank,question,4,603,manual,truth,182.9,136.2,1,0.605,0.646,-0.041,1,37.51,0.047,0.013,15,question,8
2026-10-08 16:49:55.560,113.59,20261008_164801,bank,question,4,603,manual,truth,182.9,136.2,1,0.605,0.645,-0.04,1,37.51,0.046,0.013,15,question,8
2026-10-08 16:49:55.743,113.78,20261008_164801,bank,question,4,603,manual,truth,182.9,136.2,1,0.604,0.645,-0.04,1,37.51,0.049,0.013,15,question,8
2026-10-08 16:49:55.949,113.98,20261008_164801,bank,question,4,603,manual,truth,182.9,136.2,1,0.604,0.644,-0.04,1,37.51,0.052,0.013,15,question,8
2026-10-08 16:49:56.152,114.19,20261008_164801,bank,question,4,603,manual,truth,182.9,136.2,1,0.604,0.643,-0.04,1,37.51,0.05,0.012,15,question,8
2026-10-08 16:49:56.358,114.39,20261008_164801,bank,question,4,603,manual,truth,182.9,136.2,1,0.605,0.643,-0.038,1,37.52,0.047,0.012,15,question,8
2026-10-08 16:49:56.562,114.6,20261008_164801,bank,question,4,603,manual,truth,182.9,136.2,1,0.606,0.642,-0.037,1,37.52,0.043,0.012,15,question,8
2026-10-08 16:49:56.770,114.8,20261008_164801,bank,question,4,603,manual,truth,182.9,136.2,1,0.606,0.642,-0.036,1,37.51,0.043,0.011,15,question,8
2026-10-08 16:49:56.979,115.01,20261008_164801,bank,question,4,603,manual,truth,182.9,136.2,1,0.606,0.641,-0.036,1,37.51,0.043,0.011,15,question,8
2026-10-08 16:49:57.179,115.21,20261008_164801,bank,question,4,603,manual,truth,182.9,136.2,1,0.607,0.641,-0.034,1,37.51,0.04,0.011,15,question,8
2026-10-08 16:49:57.381,115.41,20261008_164801,bank,question,4,603,manual,truth,182.9,136.2,1,0.607,0.641,-0.034,1,37.52,0.04,0.01,15,question,8
2026-10-08 16:49:59.513,117.55,20261008_164801,bank,question,4,603,manual,truth,177.6,122.1,1,0.603,0.636,-0.032,1,37.53,0.034,0.007,14,question,8
2026-10-08 16:49:59.711,117.74,20261008_164801,bank,question,4,603,manual,truth,177.6,122.1,1,0.603,0.636,-0.032,1,37.53,0.034,0.007,14,question,8
2026-10-08 16:49:59.920,117.95,20261008_164801,bank,question,4,603,manual,truth,177.6,122.1,1,0.603,0.635,-0.032,1,37.53,0.031,0.007,14,question,8
2026-10-08 16:50:00.121,118.15,20261008_164801,bank,question,4,603,manual,truth,177.6,122.1,1,0.603,0.635,-0.032,1,37.53,0.031,0.007,14,question,8
2026-10-08 16:50:00.325,118.36,20261008_164801,bank,question,4,603,manual,truth,177.6,122.1,1,0.602,0.634,-0.032,1,37.53,0.032,0.007,13,question,8
2026-10-08 16:50:00.524,118.56,20261008_164801,bank,question,4,603,manual,truth,177.6,122.1,1,0.602,0.634,-0.032,1,37.53,0.032,0.007,13,question,8
2026-10-08 16:50:00.720,118.75,20261008_164801,bank,question,4,603,manual,truth,177.6,122.1,1,0.602,0.634,-0.032,1,37.53,0.031,0.007,13,question,8
2026-10-08 16:50:00.927,118.96,20261008_164801,bank,question,4,603,manual,truth,167.6,122.1,1,0.602,0.633,-0.031,1,37.53,0.033,0.008,13,question,8
2026-10-08 16:50:01.140,119.17,20261008_164801,bank,question,4,603,manual,truth,167.6,116.5,1,0.602,0.632,-0.031,1,37.53,0.033,0.008,13,question,8
2026-10-08 16:50:01.353,119.39,20261008_164801,bank,question,4,603,manual,truth,167.6,116.5,1,0.601,0.632,-0.031,1,37.53,0.031,0.007,13,question,8
2026-10-08 16:50:03.523,121.56,20261008_164801,bank,question,4,603,manual,truth,167.6,116.5,1,0.599,0.628,-0.028,1,37.54,0.035,0.009,12,question,8
2026-10-08 16:50:03.727,121.76,20261008_164801,bank,question,4,603,manual,truth,166.7,116.5,1,0.599,0.628,-0.028,1,37.54,0.08,0.024,12,question,8
2026-10-08 16:50:03.930,121.96,20261008_164801,bank,question,4,603,manual,truth,166.7,116.5,1,0.594,0.627,-0.033,1,37.54,0.076,0.023,13,question,8
2026-10-08 16:50:04.135,122.17,20261008_164801,bank,question,4,603,manual,truth,163.8,93.6,1,0.596,0.627,-0.031,1,37.54,0.071,0.024,13,question,8
2026-10-08 16:50:04.341,122.38,20261008_164801,bank,question,4,603,manual,truth,163.8,93.6,1,0.597,0.626,-0.03,1,37.55,0.071,0.024,13,question,8
2026-10-08 16:50:04.555,122.59,20261008_164801,bank,recovery,4,603,manual,truth,163.8,93.6,1,0.597,0.626,-0.029,1,37.53,0.076,0.028,13,ready,8
2026-10-08 16:50:04.755,122.79,20261008_164801,bank,recovery,4,603,manual,truth,163.8,93.6,1,0.597,0.626,-0.029,1,37.53,0.076,0.028,13,ready,8
2026-10-08 16:50:04.961,122.99,20261008_164801,bank,recovery,4,603,manual,truth,163.8,93.6,1,0.597,0.625,-0.028,1,37.53,0.08,0.033,13,ready,8
2026-10-08 16:50:05.166,123.2,20261008_164801,bank,recovery,4,603,manual,truth,163.8,93.6,1,0.596,0.625,-0.028,1,37.54,0.073,0.03,13,ready,8
2026-10-08 16:50:05.380,123.41,20261008_164801,bank,recovery,4,603,manual,truth,163.8,93.6,1,0.595,0.624,-0.029,1,37.52,0.066,0.027,13,ready,8
2026-10-08 16:50:05.580,123.61,20261008_164801,bank,recovery,4,603,manual,truth,163.8,93.6,1,0.596,0.624,-0.027,1,37.52,0.073,0.024,13,ready,8
2026-10-08 16:50:05.789,123.82,20261008_164801,bank,recovery,4,603,manual,truth,163.8,93.6,1,0.597,0.623,-0.026,1,37.53,0.102,0.037,13,ready,8
2026-10-08 16:50:05.996,124.03,20261008_164801,bank,recovery,4,603,manual,truth,163.8,93.6,1,0.597,0.623,-0.026,1,37.53,0.124,0.044,14,ready,8
2026-10-08 16:50:06.200,124.23,20261008_164801,bank,recovery,4,603,manual,truth,163.8,93.6,1,0.596,0.623,-0.026,1,37.54,0.131,0.043,14,ready,8
2026-10-08 16:50:06.409,124.44,20261008_164801,bank,recovery,4,603,manual,truth,163.8,93.6,1,0.596,0.622,-0.026,1,37.54,0.131,0.047,14,ready,8
2026-10-08 16:50:06.614,124.65,20261008_164801,bank,recovery,4,603,manual,truth,163.8,93.6,1,0.596,0.622,-0.026,1,37.54,0.126,0.044,15,ready,8
2026-10-08 16:50:06.828,124.86,20261008_164801,bank,recovery,4,603,manual,truth,163.8,93.6,1,0.596,0.622,-0.026,1,37.55,0.131,0.046,15,ready,8
2026-10-08 16:50:07.032,125.07,20261008_164801,bank,recovery,4,603,manual,truth,163.8,93.6,1,0.596,0.621,-0.025,1,37.53,0.148,0.051,15,ready,8
2026-10-08 16:50:07.288,125.32,20261008_164801,bank,rest,,,,,163.8,93.6,1,0.595,0.621,-0.026,1,37.53,0.14,0.053,15,ready,8
2026-10-08 16:50:07.500,125.53,20261008_164801,bank,rest,,,,,163.8,93.6,1,0.595,0.62,-0.025,1,37.54,0.128,0.049,15,ready,8
2026-10-08 16:50:07.642,125.68,20261008_164801,bank,rest,,,,,163.8,93.6,1,0.595,0.62,-0.026,1,37.54,0.126,0.045,15,ready,8
2026-10-08 16:50:07.903,125.94,20261008_164801,bank,rest,,,,,158.0,40.2,1,0.594,0.62,-0.026,1,37.54,0.128,0.049,15,ready,8
2026-10-08 16:50:08.055,126.09,20261008_164801,bank,rest,,,,,158.0,40.2,1,0.593,0.619,-0.026,1,37.55,0.124,0.052,15,ready,8
2026-10-08 16:50:08.260,126.29,20261008_164801,bank,rest,,,,,158.0,40.2,1,0.594,0.619,-0.026,1,37.55,0.14,0.062,15,ready,8
2026-10-08 16:50:08.467,126.5,20261008_164801,bank,rest,,,,,158.0,40.2,1,0.594,0.619,-0.025,1,37.55,0.134,0.079,15,ready,8
2026-10-08 16:50:08.678,126.71,20261008_164801,bank,rest,,,,,158.0,40.2,1,0.593,0.618,-0.025,1,37.56,0.133,0.077,15,ready,8
2026-10-08 16:50:08.882,126.92,20261008_164801,bank,rest,,,,,158.0,40.2,1,0.594,0.618,-0.024,1,37.56,0.124,0.07,15,ready,8
2026-10-08 16:50:09.089,127.12,20261008_164801,bank,rest,,,,,158.0,40.2,1,0.593,0.618,-0.025,1,37.56,0.115,0.064,15,ready,8
2026-10-08 16:50:09.297,127.33,20261008_164801,bank,rest,,,,,158.0,40.2,1,0.593,0.617,-0.024,1,37.56,0.106,0.058,15,ready,8
2026-10-08 16:50:09.501,127.53,20261008_164801,bank,question,5,604,manual,lie,135.4,44.7,1,0.592,0.617,-0.025,1,37.55,0.097,0.053,14,question,8
2026-10-08 16:50:09.700,127.73,20261008_164801,bank,question,5,604,manual,lie,135.4,44.7,1,0.592,0.617,-0.024,1,37.56,0.091,0.048,13,question,8
2026-10-08 16:50:09.911,127.94,20261008_164801,bank,question,5,604,manual,lie,135.4,44.7,1,0.593,0.616,-0.024,1,37.56,0.085,0.044,13,question,8
2026-10-08 16:50:10.256,128.29,20261008_164801,bank,question,5,604,manual,lie,135.4,44.7,1,0.592,0.616,-0.024,1,37.56,0.082,0.041,12,question,8
2026-10-08 16:50:10.323,128.36,20261008_164801,bank,question,5,604,manual,lie,135.4,44.7,1,0.591,0.616,-0.025,1,37.55,0.08,0.037,12,question,8
2026-10-08 16:50:10.532,128.57,20261008_164801,bank,question,5,604,manual,lie,158.0,,1,0.591,0.616,-0.025,1,37.56,0.075,0.034,12,question,8
2026-10-08 16:50:10.746,128.78,20261008_164801,bank,question,5,604,manual,lie,158.0,,1,0.592,0.615,-0.024,1,37.56,0.07,0.031,12,question,8
2026-10-08 16:50:10.977,129.01,20261008_164801,bank,question,5,604,manual,lie,158.0,,1,0.592,0.615,-0.023,1,37.56,0.065,0.029,12,question,8
2026-10-08 16:50:11.152,129.19,20261008_164801,bank,question,5,604,manual,lie,158.0,,1,0.591,0.615,-0.023,1,37.54,0.062,0.026,12,question,9
2026-10-08 16:50:11.382,129.42,20261008_164801,bank,question,5,604,manual,lie,158.0,,1,0.592,0.614,-0.022,1,37.54,0.057,0.025,12,question,9
2026-10-08 16:50:13.558,131.59,20261008_164801,bank,question,5,604,manual,lie,151.8,,1,0.589,0.611,-0.022,1,37.55,0.064,0.017,11,question,8
2026-10-08 16:50:13.757,131.79,20261008_164801,bank,question,5,604,manual,lie,151.8,,1,0.588,0.611,-0.023,1,37.56,0.064,0.018,11,question,8
2026-10-08 16:50:13.961,131.99,20261008_164801,bank,question,5,604,manual,lie,151.8,,1,0.583,0.61,-0.027,1,37.56,0.063,0.017,11,question,8
2026-10-08 16:50:14.253,132.29,20261008_164801,bank,question,5,604,manual,lie,151.8,,1,0.585,0.61,-0.025,1,37.56,0.067,0.018,11,question,8
2026-10-08 16:50:14.375,132.41,20261008_164801,bank,question,5,604,manual,lie,151.8,,1,0.584,0.61,-0.026,1,37.56,0.063,0.018,11,question,8
2026-10-08 16:50:14.659,132.69,20261008_164801,bank,question,5,604,manual,lie,151.8,,1,0.586,0.609,-0.023,1,37.56,0.059,0.017,11,question,8
2026-10-08 16:50:14.792,132.83,20261008_164801,bank,question,5,604,manual,lie,151.8,,1,0.586,0.609,-0.023,1,37.55,0.054,0.017,11,question,8
2026-10-08 16:50:14.999,133.03,20261008_164801,bank,question,5,604,manual,lie,151.8,,1,0.585,0.609,-0.024,1,37.56,0.056,0.014,11,question,8
2026-10-08 16:50:15.275,133.31,20261008_164801,bank,question,5,604,manual,lie,156.4,,1,0.582,0.608,-0.026,1,37.56,0.058,0.016,11,question,8
2026-10-08 16:50:15.405,133.44,20261008_164801,bank,question,5,604,manual,lie,156.4,,1,0.578,0.608,-0.03,1,37.57,0.058,0.015,11,question,8
2026-10-08 16:50:15.610,133.64,20261008_164801,bank,question,5,604,manual,lie,156.4,,1,0.575,0.607,-0.032,1,37.57,0.057,0.015,11,question,8
2026-10-08 16:50:15.817,133.85,20261008_164801,bank,question,5,604,manual,lie,156.4,,1,0.574,0.607,-0.033,1,37.57,0.057,0.014,11,question,8
2026-10-08 16:50:16.093,134.13,20261008_164801,bank,question,5,604,manual,lie,156.4,,1,0.572,0.606,-0.034,1,37.57,0.06,0.019,12,question,8
2026-10-08 16:50:16.229,134.26,20261008_164801,bank,question,5,604,manual,lie,156.4,,1,0.569,0.606,-0.037,1,37.57,0.064,0.018,12,question,8
2026-10-08 16:50:16.436,134.47,20261008_164801,bank,question,5,604,manual,lie,156.4,,1,0.569,0.605,-0.036,1,37.57,0.063,0.017,12,question,8
2026-10-08 16:50:16.645,134.68,20261008_164801,bank,question,5,604,manual,lie,156.4,,1,0.57,0.605,-0.035,1,37.58,0.071,0.017,12,question,8
2026-10-08 16:50:16.852,134.89,20261008_164801,bank,question,5,604,manual,lie,156.4,,1,0.571,0.605,-0.034,1,37.58,0.071,0.016,12,question,8
2026-10-08 16:50:17.060,135.09,20261008_164801,bank,question,5,604,manual,lie,,,1,0.57,0.604,-0.034,1,37.58,0.07,0.016,10,question,8
2026-10-08 16:50:17.335,135.37,20261008_164801,bank,question,5,604,manual,lie,,,1,0.569,0.604,-0.034,1,37.58,0.073,0.016,9,question,9
2026-10-08 16:50:17.462,135.5,20261008_164801,bank,question,5,604,manual,lie,,,1,0.569,0.603,-0.034,1,37.58,0.069,0.015,8,question,8
2026-10-08 16:50:17.668,135.7,20261008_164801,bank,question,5,604,manual,lie,,,1,0.569,0.603,-0.034,1,37.58,0.066,0.014,8,question,8
2026-10-08 16:50:17.870,135.9,20261008_164801,bank,question,5,604,manual,lie,,,1,0.568,0.602,-0.034,1,37.59,0.061,0.013,7,question,8
2026-10-08 16:50:18.067,136.1,20261008_164801,bank,question,5,604,manual,lie,,,1,0.569,0.602,-0.033,1,37.59,0.06,0.012,6,question,8
2026-10-08 16:50:18.278,136.31,20261008_164801,bank,question,5,604,manual,lie,,,1,0.569,0.601,-0.033,1,37.59,0.056,0.011,6,question,8
2026-10-08 16:50:18.478,136.51,20261008_164801,bank,question,5,604,manual,lie,64.7,,1,0.569,0.601,-0.032,1,37.58,0.052,0.01,6,question,8
2026-10-08 16:50:18.683,136.72,20261008_164801,bank,question,5,604,manual,lie,64.7,,1,0.568,0.601,-0.032,1,37.58,0.051,0.01,5,question,8
2026-10-08 16:50:18.890,136.92,20261008_164801,bank,question,5,604,manual,lie,64.7,,1,0.568,0.6,-0.032,1,37.58,0.055,0.011,5,question,8
2026-10-08 16:50:19.174,137.21,20261008_164801,bank,question,5,604,manual,lie,92.1,,1,0.568,0.6,-0.031,1,37.59,0.052,0.01,5,question,8
2026-10-08 16:50:19.301,137.33,20261008_164801,bank,question,5,604,manual,lie,92.1,,1,0.568,0.599,-0.031,1,37.58,0.053,0.01,5,question,8
2026-10-08 16:50:19.519,137.55,20261008_164801,bank,question,5,604,manual,lie,92.1,,1,0.567,0.599,-0.031,1,37.58,0.049,0.01,5,question,8
2026-10-08 16:50:19.714,137.75,20261008_164801,bank,question,5,604,manual,lie,95.2,,1,0.568,0.598,-0.031,1,37.58,0.049,0.009,6,question,9
2026-10-08 16:50:19.919,137.95,20261008_164801,bank,question,5,604,manual,lie,95.2,,1,0.568,0.598,-0.03,1,37.58,0.049,0.009,6,question,9
2026-10-08 16:50:20.130,138.16,20261008_164801,bank,question,5,604,manual,lie,95.2,,1,0.568,0.598,-0.03,1,37.58,0.046,0.008,6,question,9
2026-10-08 16:50:20.326,138.36,20261008_164801,bank,question,5,604,manual,lie,98.3,405.4,1,0.567,0.597,-0.03,1,37.58,0.049,0.01,6,question,8
2026-10-08 16:50:20.536,138.57,20261008_164801,bank,question,5,604,manual,lie,98.3,405.4,1,0.567,0.597,-0.03,1,37.58,0.049,0.01,6,question,9
2026-10-08 16:50:20.742,138.78,20261008_164801,bank,question,5,604,manual,lie,98.3,405.4,1,0.564,0.596,-0.032,1,37.58,0.047,0.01,6,question,8
2026-10-08 16:50:20.972,139.01,20261008_164801,bank,question,5,604,manual,lie,98.3,405.4,1,0.565,0.596,-0.031,1,37.58,0.05,0.012,6,question,8
2026-10-08 16:50:21.219,139.25,20261008_164801,bank,question,5,604,manual,lie,98.3,405.4,1,0.565,0.596,-0.03,1,37.57,0.046,0.012,6,question,8
2026-10-08 16:50:21.358,139.39,20261008_164801,bank,recovery,5,604,manual,lie,98.3,405.4,1,0.565,0.595,-0.03,1,37.57,0.048,0.012,6,ready,8
2026-10-08 16:50:21.563,139.6,20261008_164801,bank,recovery,5,604,manual,lie,98.3,405.4,1,0.565,0.595,-0.03,1,37.57,0.047,0.011,6,ready,8
2026-10-08 16:50:21.774,139.81,20261008_164801,bank,recovery,5,604,manual,lie,98.3,405.4,1,0.565,0.594,-0.03,1,37.57,0.046,0.01,6,ready,8
2026-10-08 16:50:21.973,140.01,20261008_164801,bank,recovery,5,604,manual,lie,98.3,405.4,1,0.565,0.594,-0.029,1,37.57,0.047,0.01,6,ready,8
2026-10-08 16:50:22.175,140.21,20261008_164801,bank,recovery,5,604,manual,lie,98.3,405.4,1,0.565,0.594,-0.029,1,37.57,0.051,0.01,6,ready,8
2026-10-08 16:50:22.383,140.42,20261008_164801,bank,recovery,5,604,manual,lie,98.3,405.4,1,0.564,0.593,-0.029,1,37.57,0.049,0.01,6,ready,8
2026-10-08 16:50:22.597,140.63,20261008_164801,bank,recovery,5,604,manual,lie,98.3,405.4,1,0.564,0.593,-0.029,1,37.57,0.049,0.009,6,ready,8
2026-10-08 16:50:22.800,140.83,20261008_164801,bank,recovery,5,604,manual,lie,98.3,405.4,1,0.565,0.592,-0.028,1,37.57,0.047,0.009,6,ready,8
2026-10-08 16:50:23.007,141.04,20261008_164801,bank,recovery,5,604,manual,lie,98.3,405.4,1,0.565,0.592,-0.027,1,37.57,0.049,0.009,6,ready,8
2026-10-08 16:50:23.212,141.25,20261008_164801,bank,recovery,5,604,manual,lie,,,1,0.564,0.591,-0.027,1,37.57,0.051,0.009,5,ready,8
2026-10-08 16:50:23.417,141.45,20261008_164801,bank,recovery,5,604,manual,lie,,,1,0.565,0.591,-0.026,1,37.57,0.049,0.009,5,ready,8
2026-10-08 16:50:23.622,141.66,20261008_164801,bank,recovery,5,604,manual,lie,65.2,,1,0.565,0.591,-0.026,1,37.57,0.05,0.01,5,ready,8
2026-10-08 16:50:23.880,141.91,20261008_164801,bank,recovery,5,604,manual,lie,65.2,,1,0.564,0.59,-0.026,1,37.57,0.055,0.012,5,ready,8
2026-10-08 16:50:24.078,142.11,20261008_164801,bank,recovery,5,604,manual,lie,96.1,,1,0.564,0.59,-0.026,1,37.57,0.053,0.013,5,ready,8
2026-10-08 16:50:24.234,142.27,20261008_164801,bank,recovery,5,604,manual,lie,96.1,,1,0.564,0.59,-0.026,1,37.57,0.05,0.013,5,ready,8
2026-10-08 16:50:24.441,142.47,20261008_164801,bank,recovery,5,604,manual,lie,96.1,,1,0.564,0.589,-0.025,1,37.57,0.064,0.015,5,ready,8
2026-10-08 16:50:24.648,142.68,20261008_164801,bank,recovery,5,604,manual,lie,96.1,,1,0.564,0.589,-0.025,1,37.57,0.062,0.014,6,ready,8
2026-10-08 16:50:24.852,142.89,20261008_164801,bank,recovery,5,604,manual,lie,96.1,,1,0.564,0.589,-0.025,1,37.58,0.058,0.013,6,ready,8
2026-10-08 16:50:25.061,143.09,20261008_164801,bank,rest,,,,,96.1,,1,0.563,0.588,-0.025,1,37.58,0.056,0.012,6,ready,8
2026-10-08 16:50:25.411,143.44,20261008_164801,bank,rest,,,,,96.1,,1,0.563,0.588,-0.025,1,37.56,0.059,0.014,6,ready,8
2026-10-08 16:50:25.473,143.51,20261008_164801,bank,rest,,,,,96.1,,1,0.563,0.588,-0.025,1,37.54,0.066,0.017,6,ready,8
2026-10-08 16:50:25.682,143.72,20261008_164801,bank,rest,,,,,96.1,,1,0.563,0.587,-0.025,1,37.54,0.075,0.019,6,ready,8
2026-10-08 16:50:25.894,143.93,20261008_164801,bank,rest,,,,,96.1,,1,0.563,0.587,-0.024,1,37.55,0.083,0.021,6,ready,8
2026-10-08 16:50:26.093,144.13,20261008_164801,bank,rest,,,,,96.4,,1,0.563,0.587,-0.024,1,37.55,0.091,0.025,6,ready,8
2026-10-08 16:50:26.292,144.33,20261008_164801,bank,rest,,,,,96.4,,1,0.563,0.586,-0.024,1,37.55,0.088,0.035,6,ready,8
2026-10-08 16:50:26.497,144.53,20261008_164801,bank,rest,,,,,96.4,,1,0.563,0.586,-0.023,1,37.56,0.107,0.049,7,ready,8
2026-10-08 16:50:26.713,144.75,20261008_164801,bank,rest,,,,,96.7,,1,0.563,0.586,-0.023,1,37.56,0.118,0.051,7,ready,8
2026-10-08 16:50:26.949,144.98,20261008_164801,bank,rest,,,,,96.7,,1,0.563,0.585,-0.023,1,37.56,0.136,0.068,7,ready,8
2026-10-08 16:50:27.116,145.15,20261008_164801,bank,rest,,,,,96.7,,1,0.562,0.585,-0.023,1,37.56,0.126,0.066,7,ready,8
2026-10-08 16:50:27.349,145.38,20261008_164801,bank,rest,,,,,96.7,318.3,1,0.562,0.585,-0.023,1,37.56,0.145,0.07,7,ready,8
2026-10-08 16:50:27.530,145.56,20261008_164801,bank,rest,,,,,96.7,318.3,1,0.562,0.584,-0.022,1,37.56,0.157,0.092,8,ready,8
2026-10-08 16:50:29.621,147.65,20261008_164801,bank,question,6,605,manual,lie,99.7,231.9,1,0.561,0.582,-0.021,1,37.59,0.122,0.053,8,question,8
2026-10-08 16:50:29.818,147.85,20261008_164801,bank,question,6,605,manual,lie,99.7,231.9,1,0.56,0.581,-0.021,1,37.59,0.119,0.05,8,question,8
2026-10-08 16:50:30.120,148.15,20261008_164801,bank,question,6,605,manual,lie,99.7,231.9,1,0.559,0.581,-0.022,1,37.59,0.111,0.048,8,question,8
2026-10-08 16:50:30.227,148.26,20261008_164801,bank,question,6,605,manual,lie,108.1,221.3,1,0.559,0.581,-0.022,1,37.59,0.104,0.043,8,question,8
2026-10-08 16:50:30.432,148.47,20261008_164801,bank,question,6,605,manual,lie,108.1,221.3,1,0.558,0.58,-0.023,1,37.59,0.096,0.04,8,question,8
2026-10-08 16:50:30.637,148.67,20261008_164801,bank,question,6,605,manual,lie,108.1,221.3,1,0.557,0.58,-0.023,1,37.6,0.09,0.037,8,question,8
2026-10-08 16:50:30.846,148.88,20261008_164801,bank,question,6,605,manual,lie,99.7,215.4,1,0.556,0.58,-0.024,1,37.6,0.084,0.033,8,question,8
2026-10-08 16:50:31.058,149.09,20261008_164801,bank,question,6,605,manual,lie,99.7,215.4,1,0.557,0.579,-0.022,1,37.6,0.081,0.028,8,question,8
2026-10-08 16:50:31.266,149.3,20261008_164801,bank,question,6,605,manual,lie,99.7,215.4,1,0.557,0.579,-0.022,1,37.6,0.078,0.026,8,question,8
2026-10-08 16:50:31.457,149.49,20261008_164801,bank,question,6,605,manual,lie,99.7,215.4,1,0.557,0.579,-0.021,1,37.61,0.081,0.027,7,question,8
2026-10-08 16:50:31.656,149.69,20261008_164801,bank,question,6,605,manual,lie,99.7,215.4,1,0.556,0.578,-0.022,1,37.61,0.078,0.028,7,question,8
2026-10-08 16:50:31.859,149.89,20261008_164801,bank,question,6,605,manual,lie,99.7,215.4,1,0.557,0.578,-0.021,1,37.61,0.079,0.027,7,question,8
2026-10-08 16:50:32.058,150.09,20261008_164801,bank,question,6,605,manual,lie,99.3,112.5,1,0.557,0.578,-0.021,1,37.61,0.077,0.026,7,question,8
2026-10-08 16:50:32.265,150.3,20261008_164801,bank,question,6,605,manual,lie,99.3,112.5,1,0.557,0.577,-0.021,1,37.61,0.074,0.026,7,question,8
2026-10-08 16:50:32.474,150.51,20261008_164801,bank,question,6,605,manual,lie,99.3,112.5,1,0.557,0.577,-0.021,1,37.61,0.069,0.024,7,question,8
2026-10-08 16:50:32.677,150.71,20261008_164801,bank,question,6,605,manual,lie,99.3,112.5,1,0.556,0.577,-0.021,1,37.61,0.066,0.022,7,question,8
2026-10-08 16:50:32.876,150.91,20261008_164801,bank,question,6,605,manual,lie,99.3,112.5,1,0.556,0.577,-0.021,1,37.61,0.064,0.02,7,question,8
2026-10-08 16:50:33.095,151.13,20261008_164801,bank,question,6,605,manual,lie,99.3,112.5,1,0.555,0.576,-0.021,1,37.62,0.062,0.02,7,question,8
2026-10-08 16:50:33.292,151.33,20261008_164801,bank,question,6,605,manual,lie,99.3,112.5,1,0.555,0.576,-0.021,1,37.62,0.061,0.019,7,question,8
2026-10-08 16:50:33.502,151.54,20261008_164801,bank,question,6,605,manual,lie,99.3,112.5,1,0.555,0.576,-0.021,1,37.62,0.058,0.018,7,question,8
2026-10-08 16:50:33.705,151.74,20261008_164801,bank,question,6,605,manual,lie,99.3,112.5,1,0.555,0.576,-0.021,1,37.62,0.058,0.018,7,question,8
2026-10-08 16:50:33.909,151.94,20261008_164801,bank,question,6,605,manual,lie,99.3,112.5,1,0.554,0.575,-0.022,1,37.62,0.056,0.017,7,question,8
2026-10-08 16:50:34.218,152.25,20261008_164801,bank,question,6,605,manual,lie,99.3,112.5,1,0.552,0.575,-0.023,1,37.62,0.059,0.017,7,question,8
2026-10-08 16:50:34.316,152.35,20261008_164801,bank,question,6,605,manual,lie,99.3,112.5,1,0.55,0.575,-0.024,1,37.61,0.056,0.017,7,question,8
2026-10-08 16:50:34.527,152.56,20261008_164801,bank,question,6,605,manual,lie,,,1,0.55,0.574,-0.024,1,37.61,0.06,0.017,6,question,8
2026-10-08 16:50:34.729,152.76,20261008_164801,bank,question,6,605,manual,lie,,,1,0.551,0.574,-0.023,1,37.61,0.066,0.019,6,question,8
2026-10-08 16:50:34.935,152.97,20261008_164801,bank,question,6,605,manual,lie,84.4,,1,0.551,0.574,-0.022,1,37.61,0.064,0.019,6,question,8
2026-10-08 16:50:35.140,153.17,20261008_164801,bank,question,6,605,manual,lie,84.4,,1,0.551,0.573,-0.022,1,37.62,0.06,0.02,6,question,8
2026-10-08 16:50:35.347,153.38,20261008_164801,bank,question,6,605,manual,lie,84.4,,1,0.552,0.573,-0.022,1,37.62,0.061,0.02,6,question,8
2026-10-08 16:50:35.555,153.59,20261008_164801,bank,question,6,605,manual,lie,84.4,,1,0.551,0.573,-0.021,1,37.62,0.057,0.019,6,question,8
2026-10-08 16:50:35.757,153.79,20261008_164801,bank,question,6,605,manual,lie,84.4,,1,0.552,0.573,-0.021,1,37.62,0.055,0.017,6,question,8
2026-10-08 16:50:36.064,154.1,20261008_164801,bank,question,6,605,manual,lie,84.4,,1,0.552,0.572,-0.02,1,37.63,0.056,0.016,6,question,8
2026-10-08 16:50:36.168,154.2,20261008_164801,bank,question,6,605,manual,lie,84.4,,1,0.552,0.572,-0.02,1,37.63,0.064,0.018,6,question,8
2026-10-08 16:50:36.375,154.41,20261008_164801,bank,question,6,605,manual,lie,84.4,,1,0.552,0.572,-0.02,1,37.63,0.072,0.019,6,question,8
2026-10-08 16:50:36.576,154.61,20261008_164801,bank,question,6,605,manual,lie,68.1,,1,0.552,0.571,-0.02,1,37.63,0.075,0.023,5,question,8
2026-10-08 16:50:36.785,154.82,20261008_164801,bank,question,6,605,manual,lie,68.1,,1,0.552,0.571,-0.019,1,37.63,0.08,0.026,5,question,8
2026-10-08 16:50:36.990,155.02,20261008_164801,bank,question,6,605,manual,lie,68.1,,1,0.552,0.571,-0.019,1,37.63,0.077,0.028,5,question,8
2026-10-08 16:50:37.198,155.23,20261008_164801,bank,question,6,605,manual,lie,68.1,,1,0.551,0.571,-0.019,1,37.63,0.083,0.032,5,question,8
2026-10-08 16:50:37.405,155.44,20261008_164801,bank,question,6,605,manual,lie,69.5,,1,0.552,0.57,-0.019,1,37.63,0.08,0.031,5,question,8
2026-10-08 16:50:37.612,155.65,20261008_164801,bank,question,6,605,manual,lie,69.5,,1,0.552,0.57,-0.018,1,37.63,0.077,0.028,5,question,8
2026-10-08 16:50:37.903,155.94,20261008_164801,bank,question,6,605,manual,lie,69.5,,1,0.552,0.57,-0.018,1,37.64,0.074,0.026,5,question,8
2026-10-08 16:50:38.024,156.06,20261008_164801,bank,question,6,605,manual,lie,69.5,,1,0.548,0.57,-0.022,1,37.64,0.087,0.036,5,question,8
2026-10-08 16:50:38.229,156.26,20261008_164801,bank,question,6,605,manual,lie,71.0,602.8,1,0.549,0.569,-0.02,1,37.64,0.095,0.044,5,question,8
2026-10-08 16:50:38.434,156.47,20261008_164801,bank,question,6,605,manual,lie,71.0,602.8,1,0.55,0.569,-0.019,1,37.64,0.09,0.04,5,question,8
2026-10-08 16:50:38.639,156.67,20261008_164801,bank,question,6,605,manual,lie,71.0,602.8,1,0.551,0.569,-0.018,1,37.64,0.087,0.037,5,question,8
2026-10-08 16:50:38.926,156.96,20261008_164801,bank,question,6,605,manual,lie,71.0,602.8,1,0.551,0.569,-0.018,1,37.64,0.082,0.035,5,question,8
2026-10-08 16:50:39.068,157.1,20261008_164801,bank,question,6,605,manual,lie,71.0,602.8,1,0.551,0.568,-0.017,1,37.64,0.088,0.037,5,question,8
2026-10-08 16:50:39.280,157.31,20261008_164801,bank,question,6,605,manual,lie,71.0,602.8,1,0.552,0.568,-0.017,1,37.64,0.09,0.036,5,question,8
2026-10-08 16:50:39.472,157.51,20261008_164801,bank,question,6,605,manual,lie,71.0,602.8,1,0.551,0.568,-0.017,1,37.64,0.08,0.03,5,question,8
2026-10-08 16:50:39.657,157.69,20261008_164801,bank,question,6,605,manual,lie,71.0,602.8,1,0.551,0.568,-0.016,1,37.64,0.074,0.028,5,question,8
2026-10-08 16:50:39.867,157.9,20261008_164801,bank,question,6,605,manual,lie,78.3,602.8,1,0.551,0.567,-0.016,1,37.64,0.069,0.026,5,question,8
2026-10-08 16:50:40.155,158.19,20261008_164801,bank,question,6,605,manual,lie,78.3,602.8,1,0.548,0.567,-0.02,1,37.62,0.069,0.026,5,question,8
2026-10-08 16:50:40.270,158.3,20261008_164801,bank,question,6,605,manual,lie,78.3,602.8,1,0.545,0.567,-0.022,1,37.61,0.073,0.024,5,question,8
2026-10-08 16:50:40.467,158.5,20261008_164801,bank,question,6,605,manual,lie,78.3,602.8,1,0.547,0.567,-0.019,1,37.62,0.081,0.027,5,question,8
2026-10-08 16:50:40.677,158.71,20261008_164801,bank,question,6,605,manual,lie,78.3,602.8,1,0.549,0.566,-0.018,1,37.62,0.079,0.026,5,question,8
2026-10-08 16:50:40.885,158.92,20261008_164801,bank,question,6,605,manual,lie,78.3,602.8,1,0.549,0.566,-0.017,1,37.62,0.075,0.025,5,question,8
2026-10-08 16:50:41.106,159.14,20261008_164801,bank,recovery,6,605,manual,lie,78.3,602.8,1,0.55,0.566,-0.016,1,37.62,0.07,0.023,5,ready,8
2026-10-08 16:50:41.310,159.34,20261008_164801,bank,recovery,6,605,manual,lie,78.3,602.8,1,0.549,0.566,-0.017,1,37.62,0.066,0.021,5,ready,8
2026-10-08 16:50:41.599,159.63,20261008_164801,bank,recovery,6,605,manual,lie,78.3,602.8,1,0.549,0.565,-0.017,1,37.61,0.07,0.02,5,ready,8
2026-10-08 16:50:41.744,159.78,20261008_164801,bank,recovery,6,605,manual,lie,90.4,539.1,1,0.547,0.565,-0.018,1,37.6,0.071,0.019,5,ready,8
2026-10-08 16:50:41.922,159.96,20261008_164801,bank,recovery,6,605,manual,lie,90.4,539.1,1,0.547,0.565,-0.018,1,37.6,0.066,0.018,6,ready,8
2026-10-08 16:50:42.132,160.17,20261008_164801,bank,recovery,6,605,manual,lie,90.4,539.1,1,0.546,0.565,-0.018,1,37.61,0.062,0.017,6,ready,8
2026-10-08 16:50:42.331,160.36,20261008_164801,bank,rest,,,,,90.4,539.1,1,0.546,0.564,-0.018,1,37.59,0.061,0.016,6,ready,8
2026-10-08 16:50:42.530,160.56,20261008_164801,bank,rest,,,,,90.4,539.1,1,0.547,0.564,-0.017,1,37.59,0.058,0.015,6,ready,8
2026-10-08 16:50:42.740,160.77,20261008_164801,bank,rest,,,,,90.4,539.1,1,0.547,0.564,-0.017,1,37.6,0.053,0.014,6,ready,8
2026-10-08 16:50:42.946,160.98,20261008_164801,bank,rest,,,,,90.4,539.1,1,0.546,0.564,-0.018,1,37.6,0.058,0.015,6,ready,8
2026-10-08 16:50:43.152,161.19,20261008_164801,bank,rest,,,,,90.4,539.1,1,0.547,0.563,-0.016,1,37.6,0.058,0.015,6,ready,8
2026-10-08 16:50:43.356,161.39,20261008_164801,bank,rest,,,,,90.6,539.1,1,0.545,0.563,-0.018,1,37.6,0.06,0.015,6,ready,8
2026-10-08 16:50:43.559,161.59,20261008_164801,bank,rest,,,,,90.6,539.1,1,0.546,0.563,-0.017,1,37.61,0.059,0.017,6,ready,8
2026-10-08 16:50:43.769,161.8,20261008_164801,bank,rest,,,,,90.6,539.1,1,0.545,0.563,-0.017,1,37.61,0.074,0.026,6,ready,8
2026-10-08 16:50:43.975,162.01,20261008_164801,bank,rest,,,,,90.6,539.1,1,0.544,0.563,-0.019,1,37.61,0.091,0.029,6,ready,8
2026-10-08 16:50:44.171,162.21,20261008_164801,bank,rest,,,,,90.6,539.1,1,0.545,0.562,-0.017,1,37.6,0.099,0.038,6,ready,8
2026-10-08 16:50:44.461,162.49,20261008_164801,bank,rest,,,,,90.6,539.1,1,0.544,0.562,-0.018,1,37.61,0.102,0.038,6,ready,8
2026-10-08 16:50:44.576,162.61,20261008_164801,bank,rest,,,,,90.6,539.1,1,0.544,0.562,-0.018,1,37.61,0.097,0.035,6,ready,8
2026-10-08 16:50:44.789,162.82,20261008_164801,bank,rest,,,,,90.6,539.1,1,0.545,0.562,-0.017,1,37.61,0.091,0.032,6,ready,8
2026-10-08 16:50:44.989,163.02,20261008_164801,bank,rest,,,,,90.6,539.1,1,0.543,0.561,-0.018,1,37.61,0.084,0.029,6,ready,8
2026-10-08 16:50:45.195,163.23,20261008_164801,bank,rest,,,,,90.6,539.1,1,0.544,0.561,-0.017,1,37.62,0.078,0.027,6,ready,8
2026-10-08 16:50:45.404,163.44,20261008_164801,bank,rest,,,,,90.6,539.1,1,0.542,0.561,-0.019,1,37.62,0.078,0.028,6,ready,8
2026-10-08 16:50:45.676,163.71,20261008_164801,bank,rest,,,,,90.6,539.1,1,0.538,0.561,-0.022,1,37.61,0.075,0.026,6,ready,8
2026-10-08 16:50:45.813,163.85,20261008_164801,bank,rest,,,,,90.6,539.1,1,0.54,0.56,-0.02,1,37.6,0.071,0.024,6,ready,8
2026-10-08 16:50:46.022,164.06,20261008_164801,bank,rest,,,,,90.6,539.1,1,0.539,0.56,-0.021,1,37.6,0.075,0.029,6,ready,8
2026-10-08 16:50:46.226,164.26,20261008_164801,bank,rest,,,,,90.6,539.1,1,0.538,0.56,-0.022,1,37.6,0.095,0.036,6,ready,8
2026-10-08 16:50:46.430,164.46,20261008_164801,bank,rest,,,,,90.6,539.1,1,0.537,0.559,-0.022,1,37.61,0.087,0.033,6,ready,8
2026-10-08 16:50:46.636,164.67,20261008_164801,bank,rest,,,,,90.6,539.1,1,0.535,0.559,-0.024,1,37.61,0.082,0.03,6,ready,8
2026-10-08 16:50:46.917,164.95,20261008_164801,bank,rest,,,,,90.6,539.1,1,0.538,0.559,-0.021,1,37.61,0.077,0.027,6,ready,8
2026-10-08 16:50:47.053,165.09,20261008_164801,bank,rest,,,,,96.0,539.1,1,0.537,0.559,-0.021,1,37.6,0.07,0.025,6,ready,8
2026-10-08 16:50:47.255,165.29,20261008_164801,bank,rest,,,,,96.0,539.1,1,0.535,0.558,-0.024,1,37.6,0.064,0.023,6,ready,8
2026-10-08 16:50:47.467,165.5,20261008_164801,bank,rest,,,,,96.0,539.1,1,0.535,0.558,-0.023,1,37.6,0.059,0.021,6,ready,8
2026-10-08 16:50:47.672,165.71,20261008_164801,bank,question,7,606,manual,lie,96.0,539.1,1,0.537,0.558,-0.021,1,37.6,0.055,0.019,6,question,8
2026-10-08 16:50:49.688,167.72,20261008_164801,bank,question,7,606,manual,lie,103.5,47.1,1,0.53,0.554,-0.025,1,37.6,0.063,0.021,6,question,8
2026-10-08 16:50:49.895,167.93,20261008_164801,bank,question,7,606,manual,lie,103.5,36.9,1,0.524,0.554,-0.03,1,37.61,0.07,0.021,7,question,8
2026-10-08 16:50:50.097,168.13,20261008_164801,bank,question,7,606,manual,lie,103.5,36.9,1,0.526,0.553,-0.028,1,37.61,0.071,0.021,7,question,8
2026-10-08 16:50:50.306,168.34,20261008_164801,bank,question,7,606,manual,lie,103.5,44.5,1,0.525,0.553,-0.028,1,37.62,0.068,0.019,7,question,8
2026-10-08 16:50:50.599,168.63,20261008_164801,bank,question,7,606,manual,lie,103.5,44.5,1,0.525,0.553,-0.027,1,37.62,0.064,0.018,7,question,8
2026-10-08 16:50:50.705,168.74,20261008_164801,bank,question,7,606,manual,lie,103.5,44.5,1,0.527,0.552,-0.026,1,37.62,0.069,0.019,7,question,8
2026-10-08 16:50:50.905,168.94,20261008_164801,bank,question,7,606,manual,lie,104.0,45.7,1,0.526,0.552,-0.026,1,37.62,0.067,0.018,7,question,8
2026-10-08 16:50:51.105,169.14,20261008_164801,bank,question,7,606,manual,lie,104.0,45.7,1,0.527,0.552,-0.025,1,37.62,0.062,0.017,7,question,8
2026-10-08 16:50:51.316,169.35,20261008_164801,bank,question,7,606,manual,lie,104.0,45.7,1,0.527,0.551,-0.024,1,37.62,0.063,0.017,7,question,8
2026-10-08 16:50:51.519,169.55,20261008_164801,bank,question,7,606,manual,lie,97.6,55.2,1,0.527,0.551,-0.024,1,37.62,0.069,0.017,7,question,8
2026-10-08 16:50:51.744,169.78,20261008_164801,bank,question,7,606,manual,lie,97.6,55.2,1,0.526,0.551,-0.024,1,37.62,0.063,0.016,7,question,8
2026-10-08 16:50:51.937,169.97,20261008_164801,bank,question,7,606,manual,lie,97.6,55.2,1,0.527,0.55,-0.023,1,37.63,0.059,0.016,7,question,8
2026-10-08 16:50:52.144,170.18,20261008_164801,bank,question,7,606,manual,lie,104.0,58.8,1,0.526,0.55,-0.024,1,37.63,0.056,0.018,7,question,8
2026-10-08 16:50:52.344,170.38,20261008_164801,bank,question,7,606,manual,lie,104.0,58.8,1,0.526,0.55,-0.024,1,37.63,0.054,0.017,7,question,8
2026-10-08 16:50:52.552,170.59,20261008_164801,bank,question,7,606,manual,lie,104.0,58.8,1,0.525,0.549,-0.024,1,37.63,0.059,0.018,7,question,8
2026-10-08 16:50:52.754,170.79,20261008_164801,bank,question,7,606,manual,lie,95.5,58.7,1,0.525,0.549,-0.024,1,37.63,0.057,0.017,7,question,8
2026-10-08 16:50:52.956,170.99,20261008_164801,bank,question,7,606,manual,lie,95.5,58.7,1,0.524,0.549,-0.025,1,37.63,0.052,0.016,7,question,8
2026-10-08 16:50:53.166,171.2,20261008_164801,bank,question,7,606,manual,lie,95.5,58.7,1,0.524,0.548,-0.025,1,37.63,0.053,0.015,6,question,8
2026-10-08 16:50:53.376,171.41,20261008_164801,bank,question,7,606,manual,lie,95.5,58.7,1,0.523,0.548,-0.025,1,37.63,0.052,0.014,6,question,8
2026-10-08 16:50:53.581,171.61,20261008_164801,bank,question,7,606,manual,lie,94.6,80.6,1,0.524,0.548,-0.024,1,37.64,0.049,0.013,6,question,8
2026-10-08 16:50:53.785,171.82,20261008_164801,bank,question,7,606,manual,lie,94.6,80.6,1,0.523,0.547,-0.024,1,37.64,0.054,0.015,6,question,8
2026-10-08 16:50:53.995,172.03,20261008_164801,bank,question,7,606,manual,lie,94.6,80.6,1,0.524,0.547,-0.023,1,37.64,0.059,0.016,6,question,8
2026-10-08 16:50:54.203,172.24,20261008_164801,bank,question,7,606,manual,lie,94.6,80.6,1,0.523,0.547,-0.023,1,37.64,0.055,0.015,6,question,8
2026-10-08 16:50:54.415,172.45,20261008_164801,bank,question,7,606,manual,lie,94.6,97.4,1,0.523,0.546,-0.024,1,37.64,0.061,0.016,6,question,8
2026-10-08 16:50:54.620,172.65,20261008_164801,bank,question,7,606,manual,lie,94.6,97.4,1,0.523,0.546,-0.023,1,37.63,0.062,0.019,6,question,8
2026-10-08 16:50:54.936,172.97,20261008_164801,bank,question,7,606,manual,lie,94.6,97.4,1,0.522,0.546,-0.024,1,37.63,0.059,0.019,6,question,8
2026-10-08 16:50:55.029,173.06,20261008_164801,bank,question,7,606,manual,lie,94.6,97.4,1,0.521,0.545,-0.024,1,37.63,0.054,0.018,6,question,8
2026-10-08 16:50:55.225,173.26,20261008_164801,bank,question,7,606,manual,lie,94.6,97.4,1,0.522,0.545,-0.023,1,37.63,0.055,0.017,6,question,8
2026-10-08 16:50:55.440,173.47,20261008_164801,bank,question,7,606,manual,lie,94.6,97.4,1,0.522,0.545,-0.022,1,37.64,0.056,0.016,6,question,8
2026-10-08 16:50:55.703,173.74,20261008_164801,bank,question,7,606,manual,lie,94.6,97.4,1,0.522,0.545,-0.022,1,37.64,0.053,0.015,6,question,8
2026-10-08 16:50:55.852,173.89,20261008_164801,bank,question,7,606,manual,lie,96.9,97.4,1,0.522,0.544,-0.023,1,37.64,0.104,0.028,6,question,8
2026-10-08 16:50:56.056,174.09,20261008_164801,bank,question,7,606,manual,lie,96.9,97.4,1,0.522,0.544,-0.022,1,37.64,0.107,0.034,7,question,8
2026-10-08 16:50:56.268,174.3,20261008_164801,bank,question,7,606,manual,lie,96.9,97.4,1,0.521,0.544,-0.022,1,37.65,0.103,0.035,7,question,8
2026-10-08 16:50:56.469,174.5,20261008_164801,bank,question,7,606,manual,lie,96.9,99.1,1,0.521,0.543,-0.022,1,37.65,0.097,0.033,7,question,8
2026-10-08 16:50:56.681,174.71,20261008_164801,bank,question,7,606,manual,lie,96.9,99.1,1,0.522,0.543,-0.022,1,37.65,0.097,0.034,7,question,8
2026-10-08 16:50:56.876,174.91,20261008_164801,bank,question,7,606,manual,lie,96.9,99.1,1,0.521,0.543,-0.021,1,37.65,0.092,0.034,7,question,8
2026-10-08 16:50:57.088,175.12,20261008_164801,bank,question,7,606,manual,lie,98.0,99.5,1,0.522,0.543,-0.021,1,37.65,0.087,0.031,7,question,8
2026-10-08 16:50:57.294,175.33,20261008_164801,bank,question,7,606,manual,lie,98.0,99.5,1,0.521,0.542,-0.021,1,37.65,0.08,0.028,7,question,8
2026-10-08 16:50:57.495,175.53,20261008_164801,bank,question,7,606,manual,lie,98.0,99.5,1,0.521,0.542,-0.02,1,37.65,0.081,0.026,7,question,8
2026-10-08 16:50:57.696,175.73,20261008_164801,bank,question,7,606,manual,lie,98.0,104.1,1,0.521,0.541,-0.021,1,37.66,0.092,0.029,7,question,8
2026-10-08 16:50:57.893,175.93,20261008_164801,bank,question,7,606,manual,lie,98.0,104.1,1,0.521,0.541,-0.02,1,37.66,0.1,0.03,7,question,8
2026-10-08 16:50:58.107,176.14,20261008_164801,bank,question,7,606,manual,lie,98.0,104.1,1,0.521,0.541,-0.02,1,37.66,0.093,0.028,7,question,8
2026-10-08 16:50:58.310,176.34,20261008_164801,bank,question,7,606,manual,lie,98.0,104.1,1,0.519,0.541,-0.021,1,37.66,0.092,0.026,7,question,8
2026-10-08 16:50:58.515,176.55,20261008_164801,bank,question,7,606,manual,lie,98.0,104.1,1,0.52,0.54,-0.02,1,37.66,0.087,0.024,7,question,8
2026-10-08 16:50:58.725,176.76,20261008_164801,bank,question,7,606,manual,lie,98.0,104.1,1,0.52,0.54,-0.02,1,37.66,0.082,0.024,7,question,8
2026-10-08 16:50:58.925,176.96,20261008_164801,bank,question,7,606,manual,lie,98.0,104.1,1,0.521,0.54,-0.019,1,37.65,0.078,0.023,7,question,8
2026-10-08 16:50:59.134,177.17,20261008_164801,bank,question,7,606,manual,lie,98.0,104.1,1,0.52,0.54,-0.019,1,37.66,0.072,0.021,7,question,8
2026-10-08 16:50:59.356,177.39,20261008_164801,bank,recovery,7,606,manual,lie,98.0,104.1,1,0.52,0.539,-0.019,1,37.66,0.07,0.021,7,ready,8
2026-10-08 16:50:59.562,177.6,20261008_164801,bank,recovery,7,606,manual,lie,98.0,104.1,1,0.519,0.539,-0.02,1,37.66,0.07,0.019,7,ready,8
2026-10-08 16:51:03.756,181.79,20261008_164801,bank,rest,,,,,98.5,116.8,1,0.518,0.534,-0.016,1,37.68,0.055,0.015,6,ready,8
2026-10-08 16:51:03.957,181.99,20261008_164801,bank,rest,,,,,98.5,116.8,1,0.518,0.534,-0.016,1,37.68,0.054,0.015,6,ready,8
2026-10-08 16:51:04.162,182.2,20261008_164801,bank,rest,,,,,98.5,116.8,1,0.518,0.534,-0.016,1,37.68,0.052,0.014,6,ready,8
2026-10-08 16:51:04.549,182.58,20261008_164801,bank,rest,,,,,98.5,116.8,1,0.518,0.534,-0.016,1,37.67,0.05,0.015,6,ready,8
2026-10-08 16:51:04.573,182.61,20261008_164801,bank,rest,,,,,98.5,116.8,1,0.518,0.533,-0.015,1,37.67,0.048,0.015,6,ready,8
2026-10-08 16:51:04.800,182.83,20261008_164801,bank,rest,,,,,98.5,116.8,1,0.518,0.533,-0.015,1,37.67,0.046,0.014,6,ready,8
2026-10-08 16:51:04.988,183.02,20261008_164801,bank,rest,,,,,98.5,116.8,1,0.518,0.533,-0.015,1,37.67,0.064,0.02,6,ready,8
2026-10-08 16:51:05.194,183.23,20261008_164801,bank,rest,,,,,98.5,116.8,1,0.518,0.533,-0.015,1,37.66,0.06,0.02,6,ready,8
2026-10-08 16:51:05.397,183.43,20261008_164801,bank,rest,,,,,98.5,116.8,1,0.518,0.532,-0.015,1,37.66,0.057,0.02,6,ready,8
2026-10-08 16:51:05.614,183.65,20261008_164801,bank,rest,,,,,98.5,116.8,1,0.517,0.532,-0.015,1,37.66,0.058,0.02,6,ready,8
2026-10-08 16:51:05.811,183.84,20261008_164801,bank,rest,,,,,98.5,116.8,1,0.517,0.532,-0.015,1,37.66,0.059,0.019,6,ready,8
2026-10-08 16:51:06.014,184.05,20261008_164801,bank,question,8,607,manual,lie,,,1,0.517,0.532,-0.015,1,37.66,0.059,0.017,6,question,8
2026-10-08 16:51:06.216,184.25,20261008_164801,bank,question,8,607,manual,lie,,,1,0.517,0.532,-0.015,1,37.66,0.056,0.016,6,question,8
2026-10-08 16:51:06.421,184.45,20261008_164801,bank,question,8,607,manual,lie,160.9,,1,0.517,0.531,-0.014,1,37.65,0.052,0.015,7,question,8
2026-10-08 16:51:06.627,184.66,20261008_164801,bank,question,8,607,manual,lie,160.9,,1,0.517,0.531,-0.014,1,37.66,0.052,0.014,8,question,8
2026-10-08 16:51:06.833,184.87,20261008_164801,bank,question,8,607,manual,lie,160.9,,1,0.517,0.531,-0.014,1,37.65,0.053,0.014,8,question,8
2026-10-08 16:51:07.040,185.07,20261008_164801,bank,question,8,607,manual,lie,160.9,,1,0.517,0.531,-0.014,1,37.66,0.053,0.014,9,question,8
2026-10-08 16:51:07.240,185.27,20261008_164801,bank,question,8,607,manual,lie,160.9,,1,0.516,0.531,-0.015,1,37.66,0.049,0.013,10,question,8
2026-10-08 16:51:07.452,185.49,20261008_164801,bank,question,8,607,manual,lie,160.9,,1,0.516,0.53,-0.014,1,37.66,0.05,0.012,10,question,8
2026-10-08 16:51:07.661,185.69,20261008_164801,bank,question,8,607,manual,lie,147.8,,1,0.516,0.53,-0.014,1,37.66,0.052,0.013,10,question,8
2026-10-08 16:51:07.869,185.9,20261008_164801,bank,question,8,607,manual,lie,147.8,,1,0.516,0.53,-0.014,1,37.66,0.054,0.013,10,question,8
2026-10-08 16:51:08.072,186.11,20261008_164801,bank,question,8,607,manual,lie,147.8,,1,0.516,0.53,-0.014,1,37.65,0.058,0.015,10,question,8
2026-10-08 16:51:08.270,186.3,20261008_164801,bank,question,8,607,manual,lie,147.8,,1,0.516,0.53,-0.014,1,37.65,0.055,0.015,10,question,8
2026-10-08 16:51:08.470,186.5,20261008_164801,bank,question,8,607,manual,lie,147.8,,1,0.516,0.53,-0.014,1,37.65,0.057,0.014,10,question,8
2026-10-08 16:51:08.681,186.71,20261008_164801,bank,question,8,607,manual,lie,147.8,,1,0.516,0.529,-0.014,1,37.65,0.055,0.013,10,question,8
2026-10-08 16:51:08.888,186.92,20261008_164801,bank,question,8,607,manual,lie,147.8,,1,0.516,0.529,-0.013,1,37.65,0.052,0.012,10,question,8
2026-10-08 16:51:09.134,187.17,20261008_164801,bank,question,8,607,manual,lie,147.8,,1,0.516,0.529,-0.013,1,37.65,0.054,0.013,10,question,8
2026-10-08 16:51:09.298,187.33,20261008_164801,bank,question,8,607,manual,lie,147.8,,1,0.516,0.529,-0.013,1,37.66,0.05,0.012,10,question,8
2026-10-08 16:51:09.508,187.54,20261008_164801,bank,question,8,607,manual,lie,156.6,,1,0.516,0.529,-0.013,1,37.66,0.05,0.011,11,question,8
2026-10-08 16:51:09.714,187.75,20261008_164801,bank,question,8,607,manual,lie,156.6,,1,0.515,0.528,-0.013,1,37.66,0.048,0.011,11,question,8
2026-10-08 16:51:09.927,187.96,20261008_164801,bank,question,8,607,manual,lie,156.6,,1,0.515,0.528,-0.013,1,37.66,0.046,0.01,11,question,8
2026-10-08 16:51:10.126,188.16,20261008_164801,bank,question,8,607,manual,lie,156.6,,1,0.515,0.528,-0.013,1,37.64,0.044,0.009,11,question,8
2026-10-08 16:51:10.344,188.38,20261008_164801,bank,question,8,607,manual,lie,156.6,,1,0.515,0.528,-0.013,1,37.64,0.043,0.009,11,question,8
2026-10-08 16:51:10.576,188.61,20261008_164801,bank,question,8,607,manual,lie,156.6,,1,0.515,0.528,-0.013,1,37.65,0.044,0.008,11,question,8
2026-10-08 16:51:10.748,188.78,20261008_164801,bank,question,8,607,manual,lie,156.6,,1,0.514,0.528,-0.013,1,37.65,0.043,0.008,11,question,8
2026-10-08 16:51:10.953,188.99,20261008_164801,bank,question,8,607,manual,lie,156.6,,1,0.515,0.527,-0.013,1,37.65,0.04,0.008,11,question,8
2026-10-08 16:51:11.161,189.19,20261008_164801,bank,question,8,607,manual,lie,156.6,,1,0.514,0.527,-0.014,1,37.64,0.042,0.008,11,question,8
2026-10-08 16:51:11.360,189.39,20261008_164801,bank,question,8,607,manual,lie,,,1,0.514,0.527,-0.013,1,37.65,0.042,0.008,10,question,8
2026-10-08 16:51:11.569,189.6,20261008_164801,bank,question,8,607,manual,lie,,,1,0.513,0.527,-0.014,1,37.64,0.043,0.009,9,question,8
2026-10-08 16:51:11.772,189.81,20261008_164801,bank,question,8,607,manual,lie,,,1,0.513,0.527,-0.014,1,37.64,0.041,0.009,8,question,8
2026-10-08 16:51:13.793,191.83,20261008_164801,bank,question,8,607,manual,lie,98.4,,1,0.513,0.525,-0.012,1,37.67,0.046,0.01,7,question,8
2026-10-08 16:51:14.000,192.03,20261008_164801,bank,question,8,607,manual,lie,98.6,,1,0.513,0.525,-0.012,1,37.67,0.048,0.01,6,question,8
2026-10-08 16:51:14.209,192.24,20261008_164801,bank,question,8,607,manual,lie,98.6,,1,0.513,0.525,-0.012,1,37.67,0.045,0.009,6,question,8
2026-10-08 16:51:14.439,192.47,20261008_164801,bank,question,8,607,manual,lie,98.6,,1,0.512,0.524,-0.012,1,37.67,0.047,0.01,6,question,8
2026-10-08 16:51:14.669,192.7,20261008_164801,bank,question,8,607,manual,lie,98.6,,1,0.512,0.524,-0.013,1,37.66,0.052,0.011,6,question,8
2026-10-08 16:51:14.869,192.9,20261008_164801,bank,question,8,607,manual,lie,98.9,,1,0.51,0.524,-0.014,1,37.67,0.05,0.01,6,question,8
2026-10-08 16:51:15.073,193.11,20261008_164801,bank,question,8,607,manual,lie,98.9,,1,0.511,0.524,-0.013,1,37.67,0.047,0.01,6,question,8
2026-10-08 16:51:15.223,193.26,20261008_164801,bank,question,8,607,manual,lie,98.9,,1,0.511,0.524,-0.013,1,37.68,0.044,0.01,6,question,8
2026-10-08 16:51:15.447,193.48,20261008_164801,bank,question,8,607,manual,lie,99.0,649.8,1,0.511,0.524,-0.012,1,37.68,0.049,0.01,6,question,8
2026-10-08 16:51:15.790,193.82,20261008_164801,bank,question,8,607,manual,lie,99.0,649.8,1,0.511,0.523,-0.012,1,37.68,0.049,0.01,6,question,8
2026-10-08 16:51:15.835,193.87,20261008_164801,bank,question,8,607,manual,lie,99.0,649.8,1,0.511,0.523,-0.012,1,37.68,0.05,0.014,6,question,8
2026-10-08 16:51:16.053,194.09,20261008_164801,bank,question,8,607,manual,lie,98.9,581.5,1,0.512,0.523,-0.012,1,37.68,0.054,0.013,6,question,8
2026-10-08 16:51:16.253,194.29,20261008_164801,bank,question,8,607,manual,lie,98.9,581.5,1,0.51,0.523,-0.013,1,37.69,0.054,0.012,6,question,8
2026-10-08 16:51:16.506,194.54,20261008_164801,bank,question,8,607,manual,lie,98.9,581.5,1,0.51,0.523,-0.013,1,37.69,0.052,0.012,6,question,8
2026-10-08 16:51:16.712,194.75,20261008_164801,bank,question,8,607,manual,lie,98.9,581.5,1,0.511,0.523,-0.012,1,37.7,0.048,0.011,6,question,8
2026-10-08 16:51:16.867,194.9,20261008_164801,bank,question,8,607,manual,lie,98.9,581.5,1,0.509,0.522,-0.014,1,37.7,0.047,0.011,6,question,8
2026-10-08 16:51:17.071,195.1,20261008_164801,bank,question,8,607,manual,lie,98.9,581.5,1,0.51,0.522,-0.013,1,37.71,0.05,0.011,6,question,8
2026-10-08 16:51:17.292,195.33,20261008_164801,bank,question,8,607,manual,lie,98.9,581.5,1,0.51,0.522,-0.012,1,37.71,0.055,0.01,6,question,8
2026-10-08 16:51:17.484,195.52,20261008_164801,bank,question,8,607,manual,lie,98.9,581.5,1,0.51,0.522,-0.011,1,37.71,0.054,0.01,6,question,8
2026-10-08 16:51:17.740,195.77,20261008_164801,bank,question,8,607,manual,lie,99.0,581.5,1,0.509,0.522,-0.013,1,37.71,0.051,0.011,6,question,8
2026-10-08 16:51:17.900,195.93,20261008_164801,bank,recovery,8,607,manual,lie,99.0,581.5,1,0.51,0.522,-0.012,1,37.72,0.047,0.011,6,ready,8
2026-10-08 16:51:18.105,196.14,20261008_164801,bank,recovery,8,607,manual,lie,99.0,581.5,1,0.508,0.521,-0.014,1,37.72,0.046,0.012,6,ready,8
2026-10-08 16:51:18.314,196.35,20261008_164801,bank,recovery,8,607,manual,lie,99.0,581.5,1,0.509,0.521,-0.012,1,37.72,0.044,0.011,6,ready,8
2026-10-08 16:51:18.671,196.7,20261008_164801,bank,recovery,8,607,manual,lie,99.0,581.5,1,0.509,0.521,-0.012,1,37.73,0.045,0.01,6,ready,8
2026-10-08 16:51:18.721,196.75,20261008_164801,bank,recovery,8,607,manual,lie,99.0,581.5,1,0.508,0.521,-0.013,1,37.71,0.046,0.012,6,ready,8
2026-10-08 16:51:18.924,196.96,20261008_164801,bank,recovery,8,607,manual,lie,99.0,581.5,1,0.509,0.521,-0.012,1,37.72,0.048,0.012,6,ready,8
2026-10-08 16:51:19.128,197.16,20261008_164801,bank,recovery,8,607,manual,lie,100.2,581.5,1,0.509,0.521,-0.011,1,37.72,0.048,0.012,6,ready,8
2026-10-08 16:51:19.334,197.37,20261008_164801,bank,recovery,8,607,manual,lie,100.2,581.5,1,0.509,0.52,-0.011,1,37.72,0.051,0.012,6,ready,8
2026-10-08 16:51:19.544,197.58,20261008_164801,bank,recovery,8,607,manual,lie,100.2,581.5,1,0.509,0.52,-0.011,1,37.73,0.051,0.012,6,ready,8
2026-10-08 16:51:19.752,197.79,20261008_164801,bank,recovery,8,607,manual,lie,100.2,581.5,1,0.509,0.52,-0.011,1,37.73,0.051,0.012,6,ready,8
2026-10-08 16:51:19.957,197.99,20261008_164801,bank,recovery,8,607,manual,lie,100.2,581.5,1,0.509,0.52,-0.011,1,37.74,0.054,0.012,6,ready,8
2026-10-08 16:51:20.170,198.2,20261008_164801,bank,recovery,8,607,manual,lie,100.2,581.5,1,0.51,0.52,-0.01,1,37.74,0.052,0.011,6,ready,8
2026-10-08 16:51:20.371,198.4,20261008_164801,bank,recovery,8,607,manual,lie,100.2,581.5,1,0.51,0.52,-0.01,1,37.75,0.091,0.02,7,ready,8
2026-10-08 16:51:20.575,198.61,20261008_164801,bank,recovery,8,607,manual,lie,100.2,581.5,1,0.51,0.52,-0.01,1,37.75,0.098,0.022,7,ready,8
2026-10-08 16:51:20.783,198.82,20261008_164801,bank,recovery,8,607,manual,lie,100.2,581.5,1,0.51,0.519,-0.01,1,37.75,0.094,0.021,7,ready,8
2026-10-08 16:51:20.992,199.03,20261008_164801,bank,recovery,8,607,manual,lie,100.2,581.5,1,0.51,0.519,-0.01,1,37.76,0.09,0.02,7,ready,8
2026-10-08 16:51:21.216,199.25,20261008_164801,bank,recovery,8,607,manual,lie,100.2,581.5,1,0.507,0.519,-0.012,1,37.74,0.108,0.033,7,ready,8
2026-10-08 16:51:21.403,199.44,20261008_164801,bank,rest,,,,,,,1,0.507,0.519,-0.012,1,37.73,0.155,0.048,7,ready,8
2026-10-08 16:51:21.613,199.65,20261008_164801,bank,rest,,,,,,,1,0.508,0.519,-0.011,1,37.74,0.175,0.056,7,ready,8
2026-10-08 16:51:21.826,199.86,20261008_164801,bank,rest,,,,,,,1,0.508,0.519,-0.011,1,37.73,0.192,0.059,7,ready,8
2026-10-08 16:51:22.028,200.06,20261008_164801,bank,rest,,,,,,,1,0.508,0.519,-0.01,1,37.73,0.204,0.069,7,ready,8
2026-10-08 16:51:22.234,200.27,20261008_164801,bank,rest,,,,,110.4,,1,0.508,0.518,-0.01,1,37.73,0.189,0.063,8,ready,8
2026-10-08 16:51:22.446,200.48,20261008_164801,bank,rest,,,,,110.4,,1,0.509,0.518,-0.01,1,37.73,0.167,0.054,9,ready,8
2026-10-08 16:51:22.648,200.68,20261008_164801,bank,rest,,,,,91.5,,1,0.509,0.518,-0.009,1,37.73,0.157,0.052,9,ready,8
2026-10-08 16:51:22.853,200.89,20261008_164801,bank,rest,,,,,91.5,,1,0.509,0.518,-0.009,1,37.74,0.146,0.05,9,ready,8
2026-10-08 16:51:23.058,201.09,20261008_164801,bank,rest,,,,,105.5,,1,0.507,0.518,-0.011,1,37.74,0.134,0.048,9,ready,8
2026-10-08 16:51:23.263,201.3,20261008_164801,bank,rest,,,,,105.5,,1,0.508,0.518,-0.01,1,37.75,0.137,0.047,9,ready,8
2026-10-08 16:51:23.472,201.51,20261008_164801,bank,rest,,,,,105.5,,1,0.508,0.518,-0.009,1,37.75,0.127,0.044,9,ready,8
2026-10-08 16:51:23.676,201.71,20261008_164801,bank,rest,,,,,105.5,,1,0.508,0.517,-0.009,1,37.75,0.116,0.04,9,ready,8
2026-10-08 16:51:23.873,201.91,20261008_164801,bank,rest,,,,,105.5,,1,0.507,0.517,-0.01,1,37.73,0.108,0.037,9,ready,8
2026-10-08 16:51:24.084,202.12,20261008_164801,bank,rest,,,,,98.7,,1,0.505,0.517,-0.012,1,37.73,0.105,0.034,8,ready,8
2026-10-08 16:51:24.289,202.32,20261008_164801,bank,rest,,,,,98.7,,1,0.506,0.517,-0.011,1,37.73,0.099,0.032,8,ready,8
2026-10-08 16:51:24.489,202.52,20261008_164801,bank,rest,,,,,98.7,,1,0.507,0.517,-0.01,1,37.74,0.091,0.029,8,ready,8
2026-10-08 16:51:24.705,202.74,20261008_164801,bank,rest,,,,,98.7,163.4,1,0.507,0.517,-0.009,1,37.74,0.092,0.029,8,ready,8
2026-10-08 16:51:24.904,202.94,20261008_164801,bank,rest,,,,,98.7,163.4,1,0.507,0.517,-0.009,1,37.74,0.101,0.029,8,ready,8
2026-10-08 16:51:25.109,203.14,20261008_164801,bank,rest,,,,,98.7,163.4,1,0.507,0.516,-0.009,1,37.74,0.097,0.03,8,ready,8
2026-10-08 16:51:25.313,203.35,20261008_164801,bank,rest,,,,,98.7,163.4,1,0.507,0.516,-0.009,1,37.73,0.094,0.031,8,ready,8
2026-10-08 16:51:25.518,203.55,20261008_164801,bank,rest,,,,,98.7,176.8,1,0.507,0.516,-0.009,1,37.73,0.087,0.029,8,ready,8
2026-10-08 16:51:25.726,203.76,20261008_164801,bank,rest,,,,,98.7,176.8,1,0.508,0.516,-0.008,1,37.73,0.079,0.027,7,ready,8
2026-10-08 16:51:25.925,203.96,20261008_164801,bank,rest,,,,,98.7,176.8,1,0.507,0.516,-0.009,1,37.73,0.073,0.024,7,ready,8
2026-10-08 16:51:26.140,204.17,20261008_164801,bank,rest,,,,,98.7,176.8,1,0.507,0.516,-0.009,1,37.73,0.067,0.023,7,ready,8
2026-10-08 16:51:26.335,204.37,20261008_164801,bank,rest,,,,,98.7,161.4,1,0.506,0.516,-0.01,1,37.73,0.068,0.025,7,ready,8
2026-10-08 16:51:26.534,204.57,20261008_164801,bank,rest,,,,,98.7,161.4,1,0.507,0.516,-0.009,1,37.73,0.148,0.051,7,ready,8
2026-10-08 16:51:26.734,204.77,20261008_164801,bank,rest,,,,,98.7,161.4,1,0.505,0.515,-0.011,1,37.72,0.263,0.072,8,ready,8
2026-10-08 16:51:26.936,204.97,20261008_164801,bank,rest,,,,,98.7,177.4,1,0.506,0.515,-0.01,1,37.72,0.256,0.084,9,ready,8
2026-10-08 16:51:27.134,205.17,20261008_164801,bank,rest,,,,,98.7,177.4,1,0.507,0.515,-0.009,1,37.72,0.24,0.079,9,ready,8
2026-10-08 16:51:27.334,205.37,20261008_164801,bank,rest,,,,,98.7,177.4,1,0.507,0.515,-0.008,1,37.71,0.226,0.076,10,ready,8
2026-10-08 16:51:27.543,205.58,20261008_164801,bank,rest,,,,,98.7,177.4,1,0.507,0.515,-0.008,1,37.71,0.207,0.072,10,ready,8
2026-10-08 16:51:27.753,205.79,20261008_164801,bank,rest,,,,,98.7,177.4,1,0.507,0.515,-0.008,1,37.71,0.19,0.065,10,ready,8
2026-10-08 16:51:27.958,205.99,20261008_164801,bank,rest,,,,,98.7,177.4,1,0.507,0.515,-0.008,1,37.71,0.174,0.062,10,ready,8
2026-10-08 16:51:28.159,206.19,20261008_164801,bank,rest,,,,,98.7,177.4,1,0.507,0.515,-0.007,1,37.71,0.162,0.059,10,ready,8
2026-10-08 16:51:28.358,206.39,20261008_164801,bank,rest,,,,,98.7,177.4,1,0.507,0.515,-0.007,1,37.7,0.16,0.056,10,ready,8
2026-10-08 16:51:28.561,206.59,20261008_164801,bank,rest,,,,,98.7,177.4,1,0.507,0.514,-0.007,1,37.7,0.155,0.054,9,ready,8
2026-10-08 16:51:28.766,206.8,20261008_164801,bank,rest,,,,,,,1,0.507,0.514,-0.008,1,37.7,0.144,0.05,9,ready,8
2026-10-08 16:51:28.973,207.01,20261008_164801,bank,rest,,,,,,,1,0.507,0.514,-0.008,1,37.7,0.133,0.048,8,ready,8
2026-10-08 16:51:29.177,207.21,20261008_164801,bank,rest,,,,,161.0,,1,0.507,0.514,-0.007,1,37.7,0.124,0.045,9,ready,8
2026-10-08 16:51:29.417,207.45,20261008_164801,bank,rest,,,,,161.0,,1,0.507,0.514,-0.007,1,37.7,0.114,0.042,10,ready,8
2026-10-08 16:51:29.585,207.62,20261008_164801,bank,rest,,,,,161.0,,1,0.506,0.514,-0.008,1,37.7,0.107,0.039,11,ready,8
2026-10-08 16:51:29.791,207.82,20261008_164801,bank,rest,,,,,158.1,,1,0.506,0.514,-0.008,1,37.7,0.101,0.036,12,ready,8
2026-10-08 16:51:30.016,208.05,20261008_164801,bank,rest,,,,,158.1,,1,0.506,0.514,-0.008,1,37.69,0.094,0.033,12,ready,8
2026-10-08 16:51:30.205,208.24,20261008_164801,bank,rest,,,,,158.1,,1,0.506,0.514,-0.007,1,37.7,0.09,0.031,12,ready,8
2026-10-08 16:51:30.410,208.44,20261008_164801,bank,rest,,,,,158.1,,1,0.506,0.514,-0.008,1,37.7,0.088,0.029,12,ready,8
2026-10-08 16:51:30.626,208.66,20261008_164801,bank,rest,,,,,158.1,,1,0.507,0.513,-0.007,1,37.7,0.098,0.037,13,ready,8
2026-10-08 16:51:30.824,208.86,20261008_164801,bank,rest,,,,,158.1,,1,0.507,0.513,-0.007,1,37.7,0.097,0.041,13,ready,8
2026-10-08 16:51:31.045,209.08,20261008_164801,bank,rest,,,,,141.1,,1,0.506,0.513,-0.008,1,37.69,0.11,0.052,13,ready,8
2026-10-08 16:51:31.237,209.27,20261008_164801,bank,rest,,,,,141.1,,1,0.505,0.513,-0.008,1,37.69,0.104,0.059,12,ready,8
2026-10-08 16:51:31.444,209.48,20261008_164801,bank,rest,,,,,141.1,,1,0.504,0.513,-0.009,1,37.69,0.114,0.056,12,ready,8
2026-10-08 16:51:31.651,209.68,20261008_164801,bank,rest,,,,,146.5,,1,0.504,0.513,-0.009,1,37.69,0.109,0.055,12,ready,8
2026-10-08 16:51:31.858,209.89,20261008_164801,bank,rest,,,,,146.5,,1,0.503,0.513,-0.01,1,37.69,0.108,0.055,12,ready,8
2026-10-08 16:51:33.895,211.93,20261008_164801,bank,question,9,608,manual,truth,139.8,,1,0.501,0.511,-0.011,1,37.71,0.094,0.038,11,question,8
2026-10-08 16:51:34.087,212.12,20261008_164801,bank,question,9,608,manual,truth,139.8,,1,0.501,0.511,-0.011,1,37.71,0.094,0.038,11,question,8
2026-10-08 16:51:34.303,212.34,20261008_164801,bank,question,9,608,manual,truth,139.8,,1,0.501,0.511,-0.01,1,37.72,0.088,0.032,11,question,8
2026-10-08 16:51:34.511,212.54,20261008_164801,bank,question,9,608,manual,truth,139.8,,1,0.502,0.511,-0.009,1,37.72,0.087,0.03,11,question,8
2026-10-08 16:51:34.710,212.74,20261008_164801,bank,question,9,608,manual,truth,139.8,,1,0.502,0.511,-0.008,1,37.73,0.083,0.03,11,question,8
2026-10-08 16:51:34.915,212.95,20261008_164801,bank,question,9,608,manual,truth,139.8,,1,0.498,0.511,-0.013,1,37.72,0.078,0.028,11,question,8
2026-10-08 16:51:35.147,213.18,20261008_164801,bank,question,9,608,manual,truth,139.8,,1,0.499,0.51,-0.012,1,37.72,0.072,0.026,11,question,8
2026-10-08 16:51:35.325,213.36,20261008_164801,bank,question,9,608,manual,truth,139.8,,1,0.499,0.51,-0.011,1,37.73,0.067,0.023,11,question,8
2026-10-08 16:51:35.559,213.59,20261008_164801,bank,question,9,608,manual,truth,139.8,,1,0.499,0.51,-0.011,1,37.74,0.065,0.021,11,question,8
2026-10-08 16:51:35.739,213.77,20261008_164801,bank,question,9,608,manual,truth,139.8,,1,0.5,0.51,-0.01,1,37.75,0.06,0.019,11,question,8
2026-10-08 16:51:35.939,213.97,20261008_164801,bank,question,9,608,manual,truth,139.8,,1,0.5,0.51,-0.009,1,37.75,0.056,0.019,10,question,8
2026-10-08 16:51:36.147,214.18,20261008_164801,bank,question,9,608,manual,truth,139.8,,1,0.501,0.51,-0.009,1,37.76,0.053,0.017,10,question,8
2026-10-08 16:51:36.351,214.38,20261008_164801,bank,question,9,608,manual,truth,,,1,0.5,0.51,-0.009,1,37.77,0.052,0.016,9,question,8
2026-10-08 16:51:36.578,214.61,20261008_164801,bank,question,9,608,manual,truth,129.7,,1,0.501,0.51,-0.009,1,37.78,0.05,0.015,9,question,8
2026-10-08 16:51:36.774,214.81,20261008_164801,bank,question,9,608,manual,truth,129.7,,1,0.5,0.509,-0.009,1,37.78,0.05,0.014,9,question,8
2026-10-08 16:51:36.976,215.01,20261008_164801,bank,question,9,608,manual,truth,129.7,,1,0.5,0.509,-0.009,1,37.78,0.053,0.013,9,question,8
2026-10-08 16:51:37.182,215.22,20261008_164801,bank,question,9,608,manual,truth,129.7,,1,0.501,0.509,-0.008,1,37.79,0.05,0.012,9,question,8
2026-10-08 16:51:37.397,215.43,20261008_164801,bank,question,9,608,manual,truth,104.1,,1,0.5,0.509,-0.009,1,37.78,0.05,0.012,8,question,8
2026-10-08 16:51:37.592,215.63,20261008_164801,bank,question,9,608,manual,truth,104.1,,1,0.497,0.509,-0.012,1,37.78,0.048,0.012,8,question,8
2026-10-08 16:51:37.806,215.84,20261008_164801,bank,question,9,608,manual,truth,104.1,,1,0.499,0.509,-0.01,1,37.79,0.046,0.011,8,question,8
2026-10-08 16:51:38.003,216.04,20261008_164801,bank,question,9,608,manual,truth,103.3,,1,0.498,0.509,-0.011,1,37.8,0.047,0.011,8,question,8
2026-10-08 16:51:38.208,216.24,20261008_164801,bank,question,9,608,manual,truth,103.3,,1,0.499,0.508,-0.01,1,37.79,0.05,0.013,7,question,8
2026-10-08 16:51:38.425,216.46,20261008_164801,bank,question,9,608,manual,truth,103.3,,1,0.499,0.508,-0.009,1,37.8,0.055,0.014,7,question,8
2026-10-08 16:51:38.620,216.65,20261008_164801,bank,question,9,608,manual,truth,103.3,,1,0.498,0.508,-0.011,1,37.8,0.054,0.016,7,question,8
2026-10-08 16:51:38.828,216.86,20261008_164801,bank,question,9,608,manual,truth,104.1,,1,0.497,0.508,-0.011,1,37.81,0.053,0.017,7,question,8
2026-10-08 16:51:39.156,217.19,20261008_164801,bank,question,9,608,manual,truth,104.1,,1,0.498,0.508,-0.01,1,37.81,0.049,0.015,7,question,8
2026-10-08 16:51:39.240,217.27,20261008_164801,bank,question,9,608,manual,truth,104.1,,1,0.495,0.508,-0.013,1,37.81,0.048,0.014,7,question,8
2026-10-08 16:51:39.448,217.48,20261008_164801,bank,question,9,608,manual,truth,104.1,,1,0.495,0.508,-0.013,1,37.82,0.046,0.014,7,question,8
2026-10-08 16:51:39.653,217.69,20261008_164801,bank,question,9,608,manual,truth,102.6,,1,0.497,0.507,-0.011,1,37.82,0.046,0.013,7,question,8
2026-10-08 16:51:39.852,217.89,20261008_164801,bank,question,9,608,manual,truth,102.6,,1,0.497,0.507,-0.01,1,37.82,0.048,0.014,7,question,8
2026-10-08 16:51:40.057,218.09,20261008_164801,bank,question,9,608,manual,truth,102.6,,1,0.496,0.507,-0.011,1,37.82,0.047,0.013,7,question,8
2026-10-08 16:51:40.261,218.29,20261008_164801,bank,question,9,608,manual,truth,102.6,,1,0.496,0.507,-0.011,1,37.82,0.045,0.012,7,question,8
2026-10-08 16:51:40.469,218.5,20261008_164801,bank,question,9,608,manual,truth,102.6,,1,0.497,0.507,-0.01,1,37.83,0.042,0.011,7,question,8
2026-10-08 16:51:40.671,218.7,20261008_164801,bank,question,9,608,manual,truth,102.6,,1,0.498,0.507,-0.009,1,37.83,0.043,0.012,7,question,8
2026-10-08 16:51:40.882,218.92,20261008_164801,bank,question,9,608,manual,truth,102.6,,1,0.498,0.507,-0.008,1,37.83,0.043,0.012,6,question,8
2026-10-08 16:51:41.081,219.11,20261008_164801,bank,question,9,608,manual,truth,102.6,,1,0.498,0.507,-0.009,1,37.84,0.04,0.011,6,question,8
2026-10-08 16:51:41.291,219.32,20261008_164801,bank,question,9,608,manual,truth,102.7,192.9,1,0.497,0.506,-0.009,1,37.84,0.041,0.012,6,question,8
2026-10-08 16:51:41.594,219.63,20261008_164801,bank,question,9,608,manual,truth,102.7,192.9,1,0.495,0.506,-0.011,1,37.85,0.041,0.012,6,question,8
2026-10-08 16:51:41.701,219.73,20261008_164801,bank,question,9,608,manual,truth,102.7,192.9,1,0.494,0.506,-0.012,1,37.83,0.039,0.012,6,question,8
2026-10-08 16:51:41.917,219.95,20261008_164801,bank,question,9,608,manual,truth,102.7,192.9,1,0.496,0.506,-0.01,1,37.83,0.039,0.012,6,question,8
2026-10-08 16:51:42.112,220.15,20261008_164801,bank,question,9,608,manual,truth,103.3,192.9,1,0.495,0.506,-0.01,1,37.83,0.042,0.014,6,question,8
2026-10-08 16:51:42.320,220.35,20261008_164801,bank,question,9,608,manual,truth,103.3,192.9,1,0.495,0.506,-0.011,1,37.84,0.043,0.014,6,question,8
2026-10-08 16:51:42.529,220.56,20261008_164801,bank,question,9,608,manual,truth,103.3,175.9,1,0.493,0.505,-0.012,1,37.84,0.05,0.015,6,question,8
2026-10-08 16:51:42.732,220.77,20261008_164801,bank,question,9,608,manual,truth,103.3,175.9,1,0.495,0.505,-0.01,1,37.84,0.049,0.015,6,question,8
2026-10-08 16:51:42.939,220.97,20261008_164801,bank,question,9,608,manual,truth,103.3,175.9,1,0.496,0.505,-0.009,1,37.85,0.046,0.013,6,question,8
2026-10-08 16:51:43.142,221.18,20261008_164801,bank,question,9,608,manual,truth,103.3,174.6,1,0.495,0.505,-0.01,1,37.85,0.045,0.013,6,question,8
2026-10-08 16:51:43.348,221.38,20261008_164801,bank,question,9,608,manual,truth,103.3,174.6,1,0.493,0.505,-0.012,1,37.84,0.042,0.012,6,question,8
2026-10-08 16:51:43.557,221.59,20261008_164801,bank,question,9,608,manual,truth,103.3,174.6,1,0.495,0.505,-0.009,1,37.84,0.041,0.011,6,question,8
2026-10-08 16:51:43.763,221.8,20261008_164801,bank,question,9,608,manual,truth,103.3,174.6,1,0.495,0.505,-0.01,1,37.84,0.039,0.011,6,question,8
2026-10-08 16:51:43.968,222.0,20261008_164801,bank,question,9,608,manual,truth,102.7,163.2,1,0.496,0.504,-0.009,1,37.84,0.038,0.011,6,question,8
2026-10-08 16:51:44.179,222.21,20261008_164801,bank,question,9,608,manual,truth,102.7,163.2,1,0.495,0.504,-0.009,1,37.84,0.035,0.01,6,question,8
2026-10-08 16:51:44.377,222.41,20261008_164801,bank,question,9,608,manual,truth,103.3,139.5,1,0.495,0.504,-0.01,1,37.85,0.032,0.009,6,question,8
2026-10-08 16:51:44.583,222.62,20261008_164801,bank,question,9,608,manual,truth,103.3,139.5,1,0.495,0.504,-0.009,1,37.85,0.031,0.009,6,question,8
2026-10-08 16:51:44.872,222.91,20261008_164801,bank,question,9,608,manual,truth,103.3,139.5,1,0.493,0.504,-0.011,1,37.85,0.034,0.009,6,question,8
2026-10-08 16:51:45.018,223.05,20261008_164801,bank,recovery,9,608,manual,truth,103.3,139.5,1,0.493,0.504,-0.01,1,37.85,0.036,0.01,6,ready,8
2026-10-08 16:51:45.203,223.24,20261008_164801,bank,recovery,9,608,manual,truth,103.3,139.5,1,0.493,0.504,-0.011,1,37.86,0.038,0.011,6,ready,8
2026-10-08 16:51:45.401,223.43,20261008_164801,bank,recovery,9,608,manual,truth,98.0,92.9,1,0.493,0.504,-0.011,1,37.86,0.04,0.018,6,ready,8
2026-10-08 16:51:45.602,223.64,20261008_164801,bank,recovery,9,608,manual,truth,98.0,92.9,1,0.494,0.503,-0.009,1,37.85,0.041,0.02,6,ready,8
2026-10-08 16:51:45.898,223.93,20261008_164801,bank,recovery,9,608,manual,truth,98.0,92.9,1,0.494,0.503,-0.009,1,37.86,0.04,0.021,6,ready,8
2026-10-08 16:51:46.000,224.03,20261008_164801,bank,recovery,9,608,manual,truth,98.0,92.9,1,0.492,0.503,-0.011,1,37.85,0.038,0.023,6,ready,8
2026-10-08 16:51:46.204,224.24,20261008_164801,bank,recovery,9,608,manual,truth,98.0,92.9,1,0.493,0.503,-0.01,1,37.85,0.036,0.025,6,ready,8
2026-10-08 16:51:46.401,224.43,20261008_164801,bank,recovery,9,608,manual,truth,98.0,92.9,1,0.492,0.503,-0.011,1,37.85,0.035,0.024,6,ready,8
2026-10-08 16:51:46.600,224.63,20261008_164801,bank,recovery,9,608,manual,truth,98.0,92.9,1,0.492,0.503,-0.01,1,37.86,0.033,0.022,6,ready,8
2026-10-08 16:51:46.809,224.84,20261008_164801,bank,recovery,9,608,manual,truth,98.0,92.9,1,0.494,0.503,-0.008,1,37.86,0.034,0.021,6,ready,8
2026-10-08 16:51:47.003,225.04,20261008_164801,bank,recovery,9,608,manual,truth,98.0,98.9,1,0.495,0.503,-0.007,1,37.86,0.032,0.022,6,ready,8
2026-10-08 16:51:47.204,225.24,20261008_164801,bank,recovery,9,608,manual,truth,98.0,98.9,1,0.496,0.502,-0.007,1,37.86,0.039,0.025,6,ready,8
2026-10-08 16:51:47.404,225.44,20261008_164801,bank,recovery,9,608,manual,truth,98.0,98.9,1,0.496,0.502,-0.007,1,37.86,0.044,0.027,6,ready,8
2026-10-08 16:51:47.600,225.63,20261008_164801,bank,recovery,9,608,manual,truth,99.6,90.3,1,0.495,0.502,-0.007,1,37.86,0.047,0.026,6,ready,8
2026-10-08 16:51:47.802,225.84,20261008_164801,bank,recovery,9,608,manual,truth,99.6,90.3,1,0.496,0.502,-0.006,1,37.85,0.046,0.027,6,ready,8
2026-10-08 16:51:48.007,226.04,20261008_164801,bank,recovery,9,608,manual,truth,99.6,90.3,1,0.496,0.502,-0.006,1,37.85,0.047,0.029,6,ready,8
2026-10-08 16:51:48.209,226.24,20261008_164801,bank,recovery,9,608,manual,truth,99.6,90.3,1,0.497,0.502,-0.005,1,37.85,0.049,0.03,6,ready,8
2026-10-08 16:51:48.416,226.45,20261008_164801,bank,recovery,9,608,manual,truth,99.6,90.3,1,0.494,0.502,-0.008,1,37.86,0.058,0.034,6,ready,8
2026-10-08 16:51:48.621,226.65,20261008_164801,bank,recovery,9,608,manual,truth,99.6,90.3,1,0.492,0.502,-0.009,1,37.84,0.057,0.034,6,ready,8
2026-10-08 16:51:48.830,226.86,20261008_164801,bank,recovery,9,608,manual,truth,99.6,90.3,1,0.496,0.502,-0.006,1,37.84,0.063,0.033,6,ready,8
2026-10-08 16:51:49.074,227.11,20261008_164801,bank,recovery,9,608,manual,truth,100.9,90.3,1,0.497,0.502,-0.005,1,37.84,0.083,0.04,6,ready,8
2026-10-08 16:51:49.252,227.29,20261008_164801,bank,recovery,9,608,manual,truth,100.9,90.3,1,0.496,0.502,-0.005,1,37.83,0.079,0.038,7,ready,8
2026-10-08 16:51:49.456,227.49,20261008_164801,bank,recovery,9,608,manual,truth,100.9,90.3,1,0.495,0.501,-0.006,1,37.83,0.073,0.034,7,ready,8
2026-10-08 16:51:49.661,227.69,20261008_164801,bank,recovery,9,608,manual,truth,100.9,90.3,1,0.496,0.501,-0.005,1,37.83,0.069,0.031,7,ready,8
2026-10-08 16:51:49.888,227.92,20261008_164801,bank,recovery,9,608,manual,truth,100.9,90.3,1,0.498,0.501,-0.004,1,37.83,0.064,0.029,7,ready,8
2026-10-08 16:51:50.074,228.11,20261008_164801,bank,recovery,9,608,manual,truth,100.9,90.3,1,0.497,0.501,-0.004,1,37.83,0.06,0.027,7,ready,8
2026-10-08 16:51:50.280,228.31,20261008_164801,bank,recovery,9,608,manual,truth,100.9,90.3,1,0.497,0.501,-0.005,1,37.83,0.061,0.025,7,ready,8
2026-10-08 16:51:50.488,228.52,20261008_164801,bank,recovery,9,608,manual,truth,100.9,90.3,1,0.497,0.501,-0.004,1,37.83,0.057,0.024,7,ready,8
2026-10-08 16:51:50.697,228.73,20261008_164801,bank,recovery,9,608,manual,truth,100.9,90.3,1,0.495,0.501,-0.006,1,37.82,0.053,0.022,7,ready,8
2026-10-08 16:51:50.902,228.94,20261008_164801,bank,recovery,9,608,manual,truth,100.9,90.3,1,0.496,0.501,-0.005,1,37.82,0.049,0.02,7,ready,8
2026-10-08 16:51:51.109,229.14,20261008_164801,bank,recovery,9,608,manual,truth,100.9,90.3,1,0.496,0.501,-0.005,1,37.82,0.05,0.021,7,ready,8
2026-10-08 16:51:51.314,229.35,20261008_164801,bank,recovery,9,608,manual,truth,100.9,82.5,1,0.495,0.501,-0.006,1,37.82,0.053,0.02,7,ready,8
2026-10-08 16:51:51.532,229.57,20261008_164801,bank,recovery,9,608,manual,truth,100.9,82.5,1,0.496,0.501,-0.005,1,37.82,0.055,0.019,7,ready,9
2026-10-08 16:51:51.730,229.76,20261008_164801,bank,rest,,,,,100.9,82.5,1,0.495,0.501,-0.006,1,37.81,0.052,0.017,6,ready,8
2026-10-08 16:51:51.939,229.97,20261008_164801,bank,rest,,,,,103.4,82.5,1,0.496,0.501,-0.005,1,37.82,0.049,0.015,6,ready,8
2026-10-08 16:51:52.147,230.18,20261008_164801,bank,rest,,,,,103.4,82.5,1,0.495,0.501,-0.005,1,37.82,0.048,0.014,6,ready,8
2026-10-08 16:51:52.353,230.39,20261008_164801,bank,rest,,,,,103.4,82.5,1,0.494,0.5,-0.006,1,37.82,0.045,0.013,6,ready,8
2026-10-08 16:51:52.563,230.6,20261008_164801,bank,rest,,,,,103.4,82.5,1,0.493,0.5,-0.008,1,37.82,0.048,0.013,6,ready,8
2026-10-08 16:51:52.773,230.81,20261008_164801,bank,rest,,,,,103.4,82.5,1,0.493,0.5,-0.007,1,37.82,0.044,0.012,6,ready,8
2026-10-08 16:51:52.974,231.01,20261008_164801,bank,rest,,,,,103.4,83.6,1,0.494,0.5,-0.006,1,37.82,0.044,0.011,6,ready,8
2026-10-08 16:51:53.181,231.21,20261008_164801,bank,rest,,,,,103.4,83.6,1,0.494,0.5,-0.006,1,37.82,0.045,0.01,6,ready,8
2026-10-08 16:51:53.392,231.43,20261008_164801,bank,rest,,,,,103.4,83.6,1,0.494,0.5,-0.006,1,37.82,0.043,0.01,6,ready,8
2026-10-08 16:51:53.597,231.63,20261008_164801,bank,rest,,,,,103.4,37.3,1,0.493,0.5,-0.007,1,37.82,0.047,0.012,6,ready,8
2026-10-08 16:51:53.801,231.83,20261008_164801,bank,rest,,,,,103.4,37.3,1,0.492,0.5,-0.008,1,37.83,0.059,0.018,7,ready,8
2026-10-08 16:51:54.012,232.05,20261008_164801,bank,rest,,,,,103.4,37.3,1,0.492,0.5,-0.008,1,37.83,0.058,0.017,7,ready,8
2026-10-08 16:51:54.222,232.26,20261008_164801,bank,rest,,,,,103.0,38.5,1,0.491,0.5,-0.009,1,37.83,0.06,0.017,7,ready,8
2026-10-08 16:51:54.427,232.46,20261008_164801,bank,rest,,,,,103.0,38.5,1,0.492,0.5,-0.007,1,37.83,0.085,0.031,7,ready,8
2026-10-08 16:51:54.633,232.67,20261008_164801,bank,rest,,,,,103.0,38.5,1,0.493,0.499,-0.007,1,37.83,0.105,0.033,7,ready,8
2026-10-08 16:51:54.838,232.87,20261008_164801,bank,rest,,,,,103.0,38.5,1,0.492,0.499,-0.007,1,37.83,0.103,0.033,7,ready,8
2026-10-08 16:51:55.045,233.08,20261008_164801,bank,rest,,,,,105.6,38.5,1,0.493,0.499,-0.006,1,37.83,0.098,0.031,7,ready,8
2026-10-08 16:51:55.255,233.29,20261008_164801,bank,recovery,10,609,manual,lie,105.6,38.5,1,0.494,0.499,-0.005,1,37.83,0.101,0.036,7,ready,8
2026-10-08 16:51:55.456,233.49,20261008_164801,bank,question,10,609,manual,lie,105.6,38.5,1,0.493,0.499,-0.006,1,37.83,0.094,0.034,7,question,8
2026-10-08 16:51:55.660,233.69,20261008_164801,bank,question,10,609,manual,lie,105.6,38.5,1,0.496,0.499,-0.004,1,37.84,0.089,0.032,7,question,8
2026-10-08 16:51:55.870,233.9,20261008_164801,bank,question,10,609,manual,lie,105.6,38.5,1,0.495,0.499,-0.004,1,37.84,0.086,0.03,8,question,8
2026-10-08 16:51:56.079,234.11,20261008_164801,bank,question,10,609,manual,lie,103.4,38.5,1,0.493,0.499,-0.006,1,37.84,0.084,0.028,7,question,8
2026-10-08 16:51:56.284,234.32,20261008_164801,bank,question,10,609,manual,lie,103.4,38.5,1,0.494,0.499,-0.005,1,37.85,0.082,0.027,7,question,8
2026-10-08 16:51:56.491,234.52,20261008_164801,bank,question,10,609,manual,lie,103.4,38.5,1,0.492,0.499,-0.007,1,37.85,0.076,0.025,7,question,8
2026-10-08 16:51:56.748,234.78,20261008_164801,bank,question,10,609,manual,lie,103.4,34.6,1,0.494,0.499,-0.005,1,37.85,0.078,0.025,7,question,8
2026-10-08 16:51:56.905,234.94,20261008_164801,bank,question,10,609,manual,lie,103.4,34.6,1,0.493,0.499,-0.006,1,37.86,0.079,0.025,7,question,8
2026-10-08 16:51:57.112,235.15,20261008_164801,bank,question,10,609,manual,lie,103.4,54.7,1,0.493,0.499,-0.006,1,37.86,0.148,0.027,8,question,8
2026-10-08 16:51:57.342,235.38,20261008_164801,bank,question,10,609,manual,lie,103.4,54.7,1,0.494,0.498,-0.005,1,37.86,0.135,0.024,8,question,8
2026-10-08 16:51:57.532,235.57,20261008_164801,bank,question,10,609,manual,lie,103.4,54.7,1,0.492,0.498,-0.006,1,37.86,0.117,0.023,8,question,8
2026-10-08 16:51:57.736,235.77,20261008_164801,bank,question,10,609,manual,lie,103.4,106.3,1,0.493,0.498,-0.005,1,37.87,0.108,0.022,8,question,8
2026-10-08 16:51:57.977,236.01,20261008_164801,bank,question,10,609,manual,lie,103.4,106.3,1,0.494,0.498,-0.005,1,37.87,0.101,0.02,8,question,8
2026-10-08 16:51:58.138,236.17,20261008_164801,bank,question,10,609,manual,lie,103.4,106.3,1,0.496,0.498,-0.002,1,37.87,0.092,0.019,8,question,8
2026-10-08 16:51:58.344,236.38,20261008_164801,bank,question,10,609,manual,lie,103.4,115.0,1,0.495,0.498,-0.004,1,37.87,0.085,0.018,8,question,8
2026-10-08 16:51:58.549,236.58,20261008_164801,bank,question,10,609,manual,lie,103.4,115.0,1,0.491,0.498,-0.007,1,37.87,0.081,0.018,8,question,8
2026-10-08 16:51:58.758,236.79,20261008_164801,bank,question,10,609,manual,lie,103.4,115.0,1,0.492,0.498,-0.006,1,37.87,0.076,0.017,8,question,8
2026-10-08 16:51:58.959,236.99,20261008_164801,bank,question,10,609,manual,lie,102.4,115.8,1,0.491,0.498,-0.007,1,37.87,0.073,0.017,8,question,8
2026-10-08 16:51:59.165,237.2,20261008_164801,bank,question,10,609,manual,lie,102.4,115.8,1,0.491,0.498,-0.007,1,37.87,0.067,0.016,7,question,8
2026-10-08 16:51:59.368,237.4,20261008_164801,bank,question,10,609,manual,lie,102.4,115.8,1,0.493,0.498,-0.005,1,37.87,0.063,0.016,7,question,8
2026-10-08 16:51:59.576,237.61,20261008_164801,bank,question,10,609,manual,lie,100.8,108.5,1,0.491,0.498,-0.006,1,37.87,0.058,0.014,7,question,8
2026-10-08 16:51:59.781,237.81,20261008_164801,bank,question,10,609,manual,lie,100.8,108.5,1,0.491,0.497,-0.006,1,37.88,0.068,0.015,7,question,8
2026-10-08 16:51:59.981,238.01,20261008_164801,bank,question,10,609,manual,lie,100.8,108.5,1,0.491,0.497,-0.006,1,37.88,0.094,0.016,7,question,8
2026-10-08 16:52:00.182,238.22,20261008_164801,bank,question,10,609,manual,lie,100.8,102.4,1,0.489,0.497,-0.008,1,37.86,0.088,0.017,7,question,8
2026-10-08 16:52:00.437,238.47,20261008_164801,bank,question,10,609,manual,lie,100.8,102.4,1,0.492,0.497,-0.005,1,37.86,0.081,0.015,7,question,8
2026-10-08 16:52:00.596,238.63,20261008_164801,bank,question,10,609,manual,lie,100.8,102.4,1,0.494,0.497,-0.003,1,37.86,0.075,0.014,7,question,8
2026-10-08 16:52:00.854,238.89,20261008_164801,bank,question,10,609,manual,lie,102.1,102.3,1,0.493,0.497,-0.004,1,37.87,0.071,0.014,7,question,8
2026-10-08 16:52:01.005,239.04,20261008_164801,bank,question,10,609,manual,lie,102.1,102.3,1,0.494,0.497,-0.003,1,37.86,0.065,0.013,7,question,8
2026-10-08 16:52:01.245,239.28,20261008_164801,bank,question,10,609,manual,lie,102.1,102.3,1,0.492,0.497,-0.005,1,37.86,0.061,0.012,7,question,8
2026-10-08 16:52:01.416,239.45,20261008_164801,bank,question,10,609,manual,lie,100.8,100.5,1,0.491,0.497,-0.006,1,37.86,0.056,0.011,7,question,8
2026-10-08 16:52:01.620,239.65,20261008_164801,bank,question,10,609,manual,lie,100.8,100.5,1,0.491,0.497,-0.006,1,37.86,0.052,0.01,7,question,8
2026-10-08 16:52:01.831,239.86,20261008_164801,bank,question,10,609,manual,lie,100.8,100.5,1,0.492,0.497,-0.005,1,37.87,0.049,0.01,7,question,8
2026-10-08 16:52:02.040,240.07,20261008_164801,bank,question,10,609,manual,lie,102.1,96.7,1,0.493,0.497,-0.004,1,37.87,0.051,0.009,7,question,8
2026-10-08 16:52:02.244,240.28,20261008_164801,bank,question,10,609,manual,lie,102.1,96.7,1,0.491,0.497,-0.005,1,37.87,0.047,0.009,7,question,8
2026-10-08 16:52:02.452,240.49,20261008_164801,bank,question,10,609,manual,lie,102.1,96.7,1,0.492,0.497,-0.005,1,37.87,0.046,0.009,7,question,8
2026-10-08 16:52:02.688,240.72,20261008_164801,bank,question,10,609,manual,lie,102.1,93.0,1,0.492,0.497,-0.005,1,37.88,0.043,0.008,7,question,8
2026-10-08 16:52:02.875,240.91,20261008_164801,bank,question,10,609,manual,lie,102.1,93.0,1,0.492,0.496,-0.004,1,37.88,0.04,0.008,6,question,8
2026-10-08 16:52:03.082,241.12,20261008_164801,bank,question,10,609,manual,lie,102.7,93.7,1,0.491,0.496,-0.006,1,37.88,0.041,0.008,6,question,8
2026-10-08 16:52:03.281,241.31,20261008_164801,bank,question,10,609,manual,lie,102.7,93.7,1,0.489,0.496,-0.007,1,37.88,0.044,0.009,6,question,8
2026-10-08 16:52:03.488,241.52,20261008_164801,bank,question,10,609,manual,lie,102.7,93.7,1,0.489,0.496,-0.007,1,37.88,0.044,0.009,6,question,8
2026-10-08 16:52:03.694,241.73,20261008_164801,bank,question,10,609,manual,lie,102.7,93.7,1,0.49,0.496,-0.006,1,37.89,0.047,0.01,6,question,8
2026-10-08 16:52:03.901,241.93,20261008_164801,bank,question,10,609,manual,lie,98.9,90.7,1,0.491,0.496,-0.006,1,37.89,0.048,0.01,6,question,8
2026-10-08 16:52:04.122,242.16,20261008_164801,bank,question,10,609,manual,lie,98.9,90.7,1,0.488,0.496,-0.008,1,37.89,0.051,0.01,6,question,8
2026-10-08 16:52:04.333,242.37,20261008_164801,bank,question,10,609,manual,lie,98.9,90.7,1,0.488,0.496,-0.008,1,37.89,0.049,0.01,6,question,8
2026-10-08 16:52:04.526,242.56,20261008_164801,bank,question,10,609,manual,lie,99.3,58.7,1,0.489,0.496,-0.007,1,37.89,0.046,0.009,6,question,8
2026-10-08 16:52:04.728,242.76,20261008_164801,bank,question,10,609,manual,lie,99.3,58.7,1,0.49,0.496,-0.005,1,37.88,0.044,0.01,6,question,8
2026-10-08 16:52:04.934,242.97,20261008_164801,bank,question,10,609,manual,lie,99.3,35.3,1,0.489,0.496,-0.007,1,37.89,0.047,0.009,6,question,8
2026-10-08 16:52:05.138,243.17,20261008_164801,bank,question,10,609,manual,lie,99.3,35.3,1,0.489,0.495,-0.006,1,37.89,0.048,0.009,6,question,8
2026-10-08 16:52:05.344,243.38,20261008_164801,bank,question,10,609,manual,lie,99.3,35.3,1,0.49,0.495,-0.006,1,37.9,0.046,0.01,6,question,8
2026-10-08 16:52:05.548,243.58,20261008_164801,bank,question,10,609,manual,lie,101.3,31.7,1,0.489,0.495,-0.006,1,37.9,0.044,0.01,6,question,8
2026-10-08 16:52:05.754,243.79,20261008_164801,bank,question,10,609,manual,lie,101.3,31.7,1,0.489,0.495,-0.006,1,37.9,0.041,0.01,6,question,8
2026-10-08 16:52:05.971,244.0,20261008_164801,bank,question,10,609,manual,lie,101.3,31.7,1,0.489,0.495,-0.006,1,37.9,0.041,0.011,6,question,8
2026-10-08 16:52:06.164,244.2,20261008_164801,bank,question,10,609,manual,lie,99.9,31.2,1,0.489,0.495,-0.006,1,37.9,0.042,0.011,6,question,8
2026-10-08 16:52:06.368,244.4,20261008_164801,bank,question,10,609,manual,lie,99.9,31.2,1,0.487,0.495,-0.008,1,37.9,0.047,0.012,6,question,8
2026-10-08 16:52:06.577,244.61,20261008_164801,bank,question,10,609,manual,lie,101.3,32.0,1,0.489,0.495,-0.006,1,37.9,0.049,0.012,6,question,8
2026-10-08 16:52:06.780,244.81,20261008_164801,bank,question,10,609,manual,lie,101.3,32.0,1,0.488,0.495,-0.007,1,37.9,0.046,0.011,6,question,8
2026-10-08 16:52:06.983,245.02,20261008_164801,bank,question,10,609,manual,lie,101.3,32.0,1,0.487,0.495,-0.008,1,37.9,0.043,0.01,6,question,8
2026-10-08 16:52:07.199,245.23,20261008_164801,bank,recovery,10,609,manual,lie,101.3,32.0,1,0.487,0.495,-0.007,1,37.89,0.042,0.01,6,ready,8
2026-10-08 16:52:07.392,245.43,20261008_164801,bank,recovery,10,609,manual,lie,101.3,32.0,1,0.482,0.494,-0.012,1,37.89,0.041,0.01,6,ready,8
2026-10-08 16:52:07.722,245.76,20261008_164801,bank,recovery,10,609,manual,lie,103.6,33.6,1,0.483,0.494,-0.012,1,37.89,0.041,0.01,6,ready,8
2026-10-08 16:52:07.811,245.84,20261008_164801,bank,recovery,10,609,manual,lie,103.6,33.6,1,0.483,0.494,-0.011,1,37.89,0.04,0.011,6,ready,8
2026-10-08 16:52:08.022,246.06,20261008_164801,bank,recovery,10,609,manual,lie,103.6,33.6,1,0.484,0.494,-0.01,1,37.89,0.037,0.011,6,ready,8
2026-10-08 16:52:08.220,246.25,20261008_164801,bank,recovery,10,609,manual,lie,104.3,32.3,1,0.483,0.494,-0.011,1,37.89,0.037,0.011,6,ready,8
2026-10-08 16:52:08.425,246.46,20261008_164801,bank,recovery,10,609,manual,lie,104.3,32.3,1,0.483,0.494,-0.011,1,37.89,0.038,0.011,6,ready,8
2026-10-08 16:52:08.622,246.66,20261008_164801,bank,recovery,10,609,manual,lie,104.3,32.3,1,0.482,0.494,-0.011,1,37.89,0.045,0.015,6,ready,8
2026-10-08 16:52:08.820,246.85,20261008_164801,bank,recovery,10,609,manual,lie,104.3,32.3,1,0.482,0.493,-0.012,1,37.89,0.045,0.016,6,ready,8
2026-10-08 16:52:09.028,247.06,20261008_164801,bank,recovery,10,609,manual,lie,104.3,32.3,1,0.484,0.493,-0.009,1,37.87,0.048,0.017,6,ready,8
2026-10-08 16:52:09.241,247.28,20261008_164801,bank,recovery,10,609,manual,lie,113.7,29.7,1,0.483,0.493,-0.01,1,37.85,0.047,0.018,7,ready,8
2026-10-08 16:52:09.439,247.47,20261008_164801,bank,recovery,10,609,manual,lie,113.7,29.7,1,0.482,0.493,-0.011,1,37.85,0.045,0.018,7,ready,8
2026-10-08 16:52:09.644,247.68,20261008_164801,bank,recovery,10,609,manual,lie,113.7,29.7,1,0.483,0.493,-0.01,1,37.85,0.042,0.017,7,ready,8
2026-10-08 16:52:09.851,247.88,20261008_164801,bank,recovery,10,609,manual,lie,115.5,27.2,1,0.482,0.493,-0.01,1,37.86,0.043,0.021,7,ready,8
2026-10-08 16:52:10.058,248.09,20261008_164801,bank,recovery,10,609,manual,lie,115.5,27.2,1,0.483,0.493,-0.009,1,37.86,0.052,0.022,7,ready,8
2026-10-08 16:52:10.264,248.3,20261008_164801,bank,recovery,10,609,manual,lie,115.5,27.2,1,0.483,0.492,-0.01,1,37.87,0.05,0.02,7,ready,8
2026-10-08 16:52:10.471,248.5,20261008_164801,bank,recovery,10,609,manual,lie,115.5,58.5,1,0.482,0.492,-0.011,1,37.87,0.049,0.018,7,ready,8
2026-10-08 16:52:10.679,248.71,20261008_164801,bank,recovery,10,609,manual,lie,115.5,58.5,1,0.482,0.492,-0.01,1,37.87,0.049,0.017,7,ready,8
2026-10-08 16:52:10.885,248.92,20261008_164801,bank,recovery,10,609,manual,lie,115.5,58.5,1,0.482,0.492,-0.01,1,37.87,0.057,0.017,7,ready,8
2026-10-08 16:52:11.090,249.12,20261008_164801,bank,rest,,,,,113.7,56.1,1,0.483,0.492,-0.009,1,37.87,0.055,0.016,7,ready,8
2026-10-08 16:52:11.294,249.33,20261008_164801,bank,rest,,,,,113.7,56.1,1,0.482,0.492,-0.009,1,37.87,0.064,0.017,7,ready,8
2026-10-08 16:52:11.501,249.53,20261008_164801,bank,rest,,,,,139.2,72.8,1,0.482,0.492,-0.01,1,37.87,0.063,0.016,8,ready,8
2026-10-08 16:52:11.704,249.74,20261008_164801,bank,rest,,,,,139.2,72.8,1,0.482,0.492,-0.01,1,37.86,0.059,0.015,8,ready,9
2026-10-08 16:52:11.911,249.94,20261008_164801,bank,rest,,,,,138.9,72.3,1,0.481,0.491,-0.01,1,37.87,0.055,0.014,8,ready,9
2026-10-08 16:52:14.053,252.09,20261008_164801,bank,rest,,,,,,,1,0.478,0.49,-0.012,1,37.83,0.07,0.017,7,ready,8
2026-10-08 16:52:14.261,252.29,20261008_164801,bank,rest,,,,,104.7,,1,0.477,0.49,-0.013,1,37.83,0.068,0.017,7,ready,8
2026-10-08 16:52:14.466,252.5,20261008_164801,bank,rest,,,,,104.7,,1,0.479,0.49,-0.01,1,37.78,0.066,0.017,7,ready,8
2026-10-08 16:52:14.673,252.71,20261008_164801,bank,rest,,,,,105.1,,1,0.48,0.489,-0.009,1,37.8,0.067,0.018,7,ready,8
2026-10-08 16:52:14.979,253.01,20261008_164801,bank,rest,,,,,105.1,,1,0.479,0.489,-0.01,1,37.8,0.066,0.018,7,ready,8
2026-10-08 16:52:15.088,253.12,20261008_164801,bank,rest,,,,,105.1,,1,0.479,0.489,-0.01,1,37.81,0.211,0.233,8,ready,8
2026-10-08 16:52:15.295,253.33,20261008_164801,bank,rest,,,,,105.1,,1,0.479,0.489,-0.01,1,37.81,0.23,0.346,9,ready,8
2026-10-08 16:52:15.493,253.53,20261008_164801,bank,rest,,,,,105.1,,1,0.481,0.489,-0.008,1,37.82,0.789,0.636,9,ready,8
2026-10-08 16:52:15.697,253.73,20261008_164801,bank,rest,,,,,105.1,,1,0.481,0.489,-0.008,1,37.83,0.826,0.694,10,ready,8
2026-10-08 16:52:15.906,253.94,20261008_164801,bank,rest,,,,,105.1,,1,0.481,0.489,-0.008,1,37.83,0.753,0.632,10,ready,8
2026-10-08 16:52:18.075,256.11,20261008_164801,bank,rest,,,,,98.2,134.2,1,0.478,0.487,-0.009,1,37.86,0.303,0.223,11,ready,8
2026-10-08 16:52:18.272,256.31,20261008_164801,bank,rest,,,,,98.2,134.2,1,0.478,0.487,-0.009,1,37.85,0.276,0.202,11,ready,8
2026-10-08 16:52:18.492,256.53,20261008_164801,bank,rest,,,,,98.2,134.2,1,0.478,0.487,-0.01,1,37.85,0.252,0.184,11,ready,8
2026-10-08 16:52:18.687,256.72,20261008_164801,bank,rest,,,,,98.2,134.2,1,0.478,0.487,-0.009,1,37.84,0.232,0.167,11,ready,8
2026-10-08 16:52:18.901,256.93,20261008_164801,bank,rest,,,,,98.2,134.2,1,0.478,0.487,-0.009,1,37.84,0.212,0.154,11,ready,8
2026-10-08 16:52:19.110,257.14,20261008_164801,bank,rest,,,,,98.2,134.2,1,0.478,0.487,-0.009,1,37.85,0.2,0.142,11,ready,8
2026-10-08 16:52:19.308,257.34,20261008_164801,bank,rest,,,,,,,1,0.478,0.487,-0.009,1,37.85,0.206,0.15,11,ready,8
2026-10-08 16:52:19.515,257.55,20261008_164801,bank,rest,,,,,,,1,0.471,0.486,-0.016,1,37.86,0.195,0.139,10,ready,8
2026-10-08 16:52:19.793,257.83,20261008_164801,bank,rest,,,,,,,1,0.473,0.486,-0.013,1,37.86,0.18,0.128,9,ready,8
2026-10-08 16:52:19.923,257.96,20261008_164801,bank,rest,,,,,,,1,0.473,0.486,-0.013,1,37.84,0.183,0.118,9,ready,8
2026-10-08 16:52:20.131,258.16,20261008_164801,bank,rest,,,,,,,1,0.474,0.486,-0.012,1,37.82,0.196,0.107,9,ready,8
2026-10-08 16:52:20.336,258.37,20261008_164801,bank,rest,,,,,,,1,0.475,0.486,-0.011,1,37.83,0.183,0.106,8,ready,8
2026-10-08 16:52:20.543,258.58,20261008_164801,bank,rest,,,,,74.3,,1,0.475,0.486,-0.01,1,37.83,0.168,0.098,8,ready,8
2026-10-08 16:52:20.752,258.79,20261008_164801,bank,rest,,,,,74.3,,1,0.475,0.485,-0.011,1,37.81,0.178,0.105,8,ready,8
2026-10-08 16:52:20.957,258.99,20261008_164801,bank,rest,,,,,74.3,,1,0.476,0.485,-0.01,1,37.82,0.187,0.165,8,ready,8
2026-10-08 16:52:21.224,259.26,20261008_164801,bank,rest,,,,,74.3,,1,0.476,0.485,-0.009,1,37.83,0.188,0.184,8,ready,8
2026-10-08 16:52:21.373,259.41,20261008_164801,bank,rest,,,,,83.4,,1,0.476,0.485,-0.009,1,37.83,0.174,0.169,8,ready,8
2026-10-08 16:52:21.573,259.61,20261008_164801,bank,rest,,,,,83.4,,1,0.476,0.485,-0.009,1,37.84,0.162,0.156,8,ready,8
2026-10-08 16:52:21.784,259.82,20261008_164801,bank,rest,,,,,83.4,,1,0.477,0.485,-0.008,1,37.84,0.152,0.142,8,ready,8
2026-10-08 16:52:21.975,260.01,20261008_164801,bank,rest,,,,,93.8,,1,0.477,0.485,-0.008,1,37.85,0.173,0.155,8,ready,8
2026-10-08 16:52:22.182,260.22,20261008_164801,bank,rest,,,,,93.8,,1,0.476,0.485,-0.009,1,37.86,0.172,0.154,8,ready,8
2026-10-08 16:52:22.382,260.42,20261008_164801,bank,rest,,,,,93.8,,1,0.475,0.485,-0.009,1,37.86,0.2,0.171,9,ready,8
2026-10-08 16:52:22.587,260.62,20261008_164801,bank,rest,,,,,93.8,,1,0.476,0.484,-0.009,1,37.86,0.202,0.17,9,ready,8
2026-10-08 16:52:22.862,260.9,20261008_164801,bank,rest,,,,,93.8,,1,0.475,0.484,-0.009,1,37.87,0.178,0.147,9,ready,8
2026-10-08 16:52:23.001,261.03,20261008_164801,bank,rest,,,,,93.8,,1,0.475,0.484,-0.009,1,37.87,0.162,0.134,9,ready,8
2026-10-08 16:52:23.271,261.3,20261008_164801,bank,rest,,,,,97.2,,1,0.474,0.484,-0.009,1,37.88,0.15,0.122,9,ready,8
2026-10-08 16:52:23.412,261.45,20261008_164801,bank,rest,,,,,97.2,,1,0.475,0.484,-0.009,1,37.88,0.154,0.114,9,ready,8
2026-10-08 16:52:23.621,261.65,20261008_164801,bank,rest,,,,,97.2,,1,0.475,0.484,-0.009,1,37.88,0.142,0.108,9,ready,8
2026-10-08 16:52:23.829,261.86,20261008_164801,bank,rest,,,,,97.2,,1,0.475,0.484,-0.009,1,37.88,0.155,0.106,9,ready,8
2026-10-08 16:52:24.033,262.07,20261008_164801,bank,rest,,,,,97.2,,1,0.475,0.483,-0.008,1,37.89,0.192,0.109,9,ready,8
2026-10-08 16:52:26.114,264.15,20261008_164801,bank,question,11,610,manual,truth,97.2,,1,0.477,0.483,-0.005,1,37.88,0.113,0.064,8,question,8
2026-10-08 16:52:26.301,264.34,20261008_164801,bank,question,11,610,manual,truth,,,1,0.477,0.482,-0.006,1,37.89,0.103,0.058,8,question,8
2026-10-08 16:52:26.508,264.54,20261008_164801,bank,question,11,610,manual,truth,,,1,0.478,0.482,-0.005,1,37.89,0.099,0.053,7,question,8
2026-10-08 16:52:26.713,264.75,20261008_164801,bank,question,11,610,manual,truth,,,1,0.477,0.482,-0.005,1,37.89,0.112,0.052,7,question,8
2026-10-08 16:52:26.917,264.95,20261008_164801,bank,question,11,610,manual,truth,,,1,0.477,0.482,-0.005,1,37.89,0.111,0.055,6,question,8
2026-10-08 16:52:27.136,265.17,20261008_164801,bank,question,11,610,manual,truth,,,1,0.477,0.482,-0.005,1,37.89,0.106,0.055,6,question,8
2026-10-08 16:52:27.335,265.37,20261008_164801,bank,question,11,610,manual,truth,,,1,0.477,0.482,-0.005,1,37.9,0.099,0.05,6,question,8
2026-10-08 16:52:27.576,265.61,20261008_164801,bank,question,11,610,manual,truth,,,1,0.476,0.482,-0.006,1,37.9,0.092,0.047,6,question,8
2026-10-08 16:52:27.776,265.81,20261008_164801,bank,question,11,610,manual,truth,,,1,0.475,0.482,-0.007,1,37.9,0.089,0.042,5,question,8
2026-10-08 16:52:27.981,266.01,20261008_164801,bank,question,11,610,manual,truth,,,1,0.476,0.482,-0.006,1,37.89,0.083,0.039,5,question,8
2026-10-08 16:52:28.156,266.19,20261008_164801,bank,question,11,610,manual,truth,,,1,0.476,0.482,-0.006,1,37.89,0.078,0.036,5,question,8
2026-10-08 16:52:28.372,266.41,20261008_164801,bank,question,11,610,manual,truth,95.8,,1,0.476,0.482,-0.006,1,37.9,0.073,0.033,5,question,8
2026-10-08 16:52:28.566,266.6,20261008_164801,bank,question,11,610,manual,truth,95.8,,1,0.476,0.482,-0.006,1,37.9,0.071,0.031,6,question,8
2026-10-08 16:52:28.786,266.82,20261008_164801,bank,question,11,610,manual,truth,95.8,,1,0.476,0.482,-0.006,1,37.9,0.066,0.03,6,question,8
2026-10-08 16:52:28.989,267.02,20261008_164801,bank,question,11,610,manual,truth,97.2,522.9,1,0.475,0.481,-0.006,1,37.9,0.061,0.029,6,question,8
2026-10-08 16:52:29.249,267.28,20261008_164801,bank,question,11,610,manual,truth,97.2,522.9,1,0.475,0.481,-0.006,1,37.9,0.058,0.027,6,question,8
2026-10-08 16:52:29.475,267.51,20261008_164801,bank,question,11,610,manual,truth,97.2,522.9,1,0.474,0.481,-0.007,1,37.88,0.069,0.029,6,question,8
2026-10-08 16:52:29.631,267.66,20261008_164801,bank,question,11,610,manual,truth,97.2,472.5,1,0.475,0.481,-0.006,1,37.88,0.074,0.029,6,question,8
2026-10-08 16:52:29.814,267.85,20261008_164801,bank,question,11,610,manual,truth,97.2,472.5,1,0.475,0.481,-0.006,1,37.89,0.075,0.027,6,question,8
2026-10-08 16:52:30.015,268.05,20261008_164801,bank,question,11,610,manual,truth,97.2,472.5,1,0.476,0.481,-0.005,1,37.86,0.075,0.026,6,question,8
2026-10-08 16:52:30.256,268.29,20261008_164801,bank,question,11,610,manual,truth,97.2,472.5,1,0.476,0.481,-0.005,1,37.87,0.07,0.027,6,question,8
2026-10-08 16:52:30.426,268.46,20261008_164801,bank,question,11,610,manual,truth,97.2,472.5,1,0.476,0.481,-0.005,1,37.87,0.076,0.03,6,question,8
2026-10-08 16:52:30.658,268.69,20261008_164801,bank,question,11,610,manual,truth,97.2,472.5,1,0.476,0.481,-0.005,1,37.88,0.069,0.027,6,question,8
2026-10-08 16:52:30.839,268.87,20261008_164801,bank,question,11,610,manual,truth,97.2,472.5,1,0.476,0.481,-0.005,1,37.88,0.063,0.025,6,question,8
2026-10-08 16:52:31.041,269.07,20261008_164801,bank,question,11,610,manual,truth,97.2,472.5,1,0.475,0.481,-0.005,1,37.88,0.061,0.025,6,question,8
2026-10-08 16:52:31.284,269.32,20261008_164801,bank,question,11,610,manual,truth,97.2,472.5,1,0.475,0.481,-0.006,1,37.88,0.062,0.028,6,question,8
2026-10-08 16:52:31.479,269.51,20261008_164801,bank,question,11,610,manual,truth,97.2,472.5,1,0.475,0.481,-0.006,1,37.88,0.058,0.029,6,question,8
2026-10-08 16:52:31.666,269.7,20261008_164801,bank,question,11,610,manual,truth,97.2,472.5,1,0.475,0.48,-0.005,1,37.89,0.057,0.031,6,question,8
2026-10-08 16:52:31.865,269.9,20261008_164801,bank,question,11,610,manual,truth,97.2,472.5,1,0.475,0.48,-0.005,1,37.89,0.06,0.029,6,question,8
2026-10-08 16:52:32.077,270.11,20261008_164801,bank,question,11,610,manual,truth,97.2,472.5,1,0.475,0.48,-0.005,1,37.89,0.057,0.027,6,question,8
2026-10-08 16:52:32.295,270.33,20261008_164801,bank,question,11,610,manual,truth,97.2,472.5,1,0.475,0.48,-0.005,1,37.89,0.058,0.025,6,question,8
2026-10-08 16:52:32.487,270.52,20261008_164801,bank,question,11,610,manual,truth,107.6,472.5,1,0.475,0.48,-0.005,1,37.89,0.053,0.024,6,question,8
2026-10-08 16:52:32.690,270.72,20261008_164801,bank,question,11,610,manual,truth,107.6,472.5,1,0.475,0.48,-0.005,1,37.88,0.056,0.026,7,question,8
2026-10-08 16:52:32.904,270.94,20261008_164801,bank,question,11,610,manual,truth,107.6,472.5,1,0.474,0.48,-0.006,1,37.88,0.057,0.028,7,question,8
2026-10-08 16:52:33.103,271.14,20261008_164801,bank,question,11,610,manual,truth,107.6,441.1,1,0.473,0.48,-0.006,1,37.88,0.056,0.032,7,question,8
2026-10-08 16:52:33.306,271.34,20261008_164801,bank,question,11,610,manual,truth,107.6,441.1,1,0.474,0.48,-0.006,1,37.87,0.054,0.032,7,question,8
2026-10-08 16:52:33.515,271.55,20261008_164801,bank,question,11,610,manual,truth,107.6,441.1,1,0.473,0.48,-0.006,1,37.87,0.057,0.031,7,question,8
2026-10-08 16:52:33.719,271.75,20261008_164801,bank,question,11,610,manual,truth,107.6,441.1,1,0.474,0.48,-0.006,1,37.87,0.065,0.039,7,question,8
2026-10-08 16:52:33.926,271.96,20261008_164801,bank,question,11,610,manual,truth,107.6,441.1,1,0.474,0.48,-0.006,1,37.87,0.062,0.037,7,question,8
2026-10-08 16:52:34.138,272.17,20261008_164801,bank,question,11,610,manual,truth,107.6,441.1,1,0.474,0.48,-0.006,1,37.88,0.059,0.037,7,question,8
2026-10-08 16:52:34.338,272.37,20261008_164801,bank,question,11,610,manual,truth,107.6,441.1,1,0.474,0.479,-0.006,1,37.87,0.058,0.034,7,question,8
2026-10-08 16:52:34.546,272.58,20261008_164801,bank,question,11,610,manual,truth,100.7,441.1,1,0.474,0.479,-0.006,1,37.88,0.056,0.033,7,question,8
2026-10-08 16:52:34.753,272.79,20261008_164801,bank,question,11,610,manual,truth,100.7,441.1,1,0.473,0.479,-0.006,1,37.88,0.054,0.031,7,question,8
2026-10-08 16:52:34.961,272.99,20261008_164801,bank,question,11,610,manual,truth,100.7,441.1,1,0.474,0.479,-0.005,1,37.86,0.05,0.029,7,question,8
2026-10-08 16:52:35.263,273.3,20261008_164801,bank,question,11,610,manual,truth,100.7,441.1,1,0.474,0.479,-0.005,1,37.87,0.049,0.027,7,question,8
2026-10-08 16:52:35.373,273.41,20261008_164801,bank,question,11,610,manual,truth,100.7,441.1,1,0.472,0.479,-0.007,1,37.85,0.048,0.025,7,question,8
2026-10-08 16:52:35.578,273.61,20261008_164801,bank,question,11,610,manual,truth,100.7,441.1,1,0.473,0.479,-0.006,1,37.85,0.046,0.024,7,question,8
2026-10-08 16:52:35.782,273.82,20261008_164801,bank,question,11,610,manual,truth,100.7,441.1,1,0.473,0.479,-0.006,1,37.85,0.057,0.026,7,question,8
2026-10-08 16:52:35.983,274.02,20261008_164801,bank,question,11,610,manual,truth,100.7,441.1,1,0.473,0.479,-0.006,1,37.85,0.061,0.025,7,question,8
2026-10-08 16:52:36.178,274.21,20261008_164801,bank,question,11,610,manual,truth,100.7,441.1,1,0.473,0.479,-0.005,1,37.85,0.062,0.028,7,question,8
2026-10-08 16:52:36.394,274.43,20261008_164801,bank,recovery,11,610,manual,truth,100.7,441.1,1,0.474,0.479,-0.005,1,37.86,0.059,0.026,7,ready,8
2026-10-08 16:52:36.598,274.63,20261008_164801,bank,recovery,11,610,manual,truth,100.7,441.1,1,0.473,0.479,-0.005,1,37.86,0.056,0.025,7,ready,8
2026-10-08 16:52:36.806,274.84,20261008_164801,bank,recovery,11,610,manual,truth,100.7,441.1,1,0.473,0.479,-0.005,1,37.86,0.055,0.023,7,ready,8
2026-10-08 16:52:37.035,275.07,20261008_164801,bank,recovery,11,610,manual,truth,100.7,441.1,1,0.473,0.478,-0.005,1,37.86,0.051,0.021,7,ready,8
2026-10-08 16:52:37.221,275.25,20261008_164801,bank,recovery,11,610,manual,truth,100.7,441.1,1,0.473,0.478,-0.005,1,37.86,0.048,0.02,6,ready,8
2026-10-08 16:52:37.425,275.46,20261008_164801,bank,recovery,11,610,manual,truth,100.7,441.1,1,0.473,0.478,-0.006,1,37.86,0.044,0.018,6,ready,8
2026-10-08 16:52:37.633,275.67,20261008_164801,bank,recovery,11,610,manual,truth,100.7,441.1,1,0.472,0.478,-0.006,1,37.85,0.042,0.016,6,ready,8
2026-10-08 16:52:37.839,275.87,20261008_164801,bank,recovery,11,610,manual,truth,100.7,441.1,1,0.472,0.478,-0.006,1,37.84,0.045,0.015,6,ready,8
2026-10-08 16:52:38.041,276.07,20261008_164801,bank,recovery,11,610,manual,truth,100.7,441.1,1,0.473,0.478,-0.005,1,37.84,0.07,0.022,6,ready,8
2026-10-08 16:52:38.248,276.28,20261008_164801,bank,recovery,11,610,manual,truth,100.7,441.1,1,0.473,0.478,-0.005,1,37.84,0.067,0.02,6,ready,8
2026-10-08 16:52:38.454,276.49,20261008_164801,bank,recovery,11,610,manual,truth,100.7,441.1,1,0.473,0.478,-0.005,1,37.84,0.07,0.022,7,ready,8
2026-10-08 16:52:38.658,276.69,20261008_164801,bank,recovery,11,610,manual,truth,122.0,277.7,1,0.474,0.478,-0.004,1,37.84,0.068,0.026,7,ready,8
2026-10-08 16:52:38.861,276.9,20261008_164801,bank,recovery,11,610,manual,truth,122.0,277.7,1,0.473,0.478,-0.005,1,37.82,0.076,0.031,7,ready,8
2026-10-08 16:52:39.058,277.09,20261008_164801,bank,recovery,11,610,manual,truth,122.0,277.7,1,0.473,0.478,-0.004,1,37.82,0.077,0.029,8,ready,8
2026-10-08 16:52:39.290,277.32,20261008_164801,bank,rest,,,,,122.0,277.7,1,0.473,0.478,-0.005,1,37.83,0.075,0.028,8,ready,8
2026-10-08 16:52:39.475,277.51,20261008_164801,bank,rest,,,,,122.0,277.7,1,0.472,0.478,-0.006,1,37.83,0.072,0.026,8,ready,8
2026-10-08 16:52:39.679,277.71,20261008_164801,bank,rest,,,,,126.9,161.0,1,0.472,0.477,-0.006,1,37.84,0.07,0.027,8,ready,8
2026-10-08 16:52:39.886,277.92,20261008_164801,bank,rest,,,,,126.9,161.0,1,0.473,0.477,-0.005,1,37.84,0.069,0.032,8,ready,8
2026-10-08 16:52:40.098,278.13,20261008_164801,bank,rest,,,,,126.9,161.0,1,0.473,0.477,-0.004,1,37.84,0.066,0.03,8,ready,8
2026-10-08 16:52:40.302,278.34,20261008_164801,bank,rest,,,,,126.9,161.0,1,0.473,0.477,-0.004,1,37.85,0.062,0.028,8,ready,8
2026-10-08 16:52:40.584,278.62,20261008_164801,bank,rest,,,,,126.9,161.0,1,0.473,0.477,-0.004,1,37.85,0.059,0.028,8,ready,8
2026-10-08 16:52:40.722,278.76,20261008_164801,bank,rest,,,,,126.9,161.0,1,0.473,0.477,-0.004,1,37.85,0.059,0.028,9,ready,8
2026-10-08 16:52:40.918,278.95,20261008_164801,bank,rest,,,,,126.9,161.0,1,0.473,0.477,-0.005,1,37.85,0.058,0.026,9,ready,8
2026-10-08 16:52:41.121,279.15,20261008_164801,bank,rest,,,,,128.1,,1,0.473,0.477,-0.004,1,37.85,0.071,0.031,9,ready,8
2026-10-08 16:52:41.328,279.36,20261008_164801,bank,rest,,,,,153.8,141.4,1,0.473,0.477,-0.004,1,37.85,0.076,0.032,9,ready,8
2026-10-08 16:52:41.538,279.57,20261008_164801,bank,rest,,,,,153.8,141.4,1,0.473,0.477,-0.004,1,37.85,0.074,0.033,10,ready,8
2026-10-08 16:52:41.741,279.77,20261008_164801,bank,rest,,,,,155.0,127.5,1,0.473,0.477,-0.004,1,37.85,0.075,0.032,10,ready,8
2026-10-08 16:52:41.950,279.98,20261008_164801,bank,rest,,,,,155.0,127.5,1,0.472,0.477,-0.004,1,37.85,0.073,0.034,11,ready,8
2026-10-08 16:52:42.159,280.19,20261008_164801,bank,rest,,,,,155.0,127.5,1,0.472,0.477,-0.004,1,37.85,0.069,0.041,11,ready,8
2026-10-08 16:52:42.369,280.4,20261008_164801,bank,rest,,,,,155.0,127.5,1,0.472,0.477,-0.005,1,37.85,0.075,0.056,11,ready,8
2026-10-08 16:52:42.570,280.6,20261008_164801,bank,recovery,12,611,manual,lie,155.0,127.5,1,0.472,0.477,-0.005,1,37.85,0.071,0.054,11,ready,8
2026-10-08 16:52:42.769,280.8,20261008_164801,bank,question,12,611,manual,lie,155.0,127.5,1,0.472,0.477,-0.004,1,37.86,0.067,0.049,11,question,8
2026-10-08 16:52:42.968,281.0,20261008_164801,bank,question,12,611,manual,lie,155.0,127.5,1,0.471,0.477,-0.005,1,37.86,0.062,0.045,11,question,8
2026-10-08 16:52:43.172,281.21,20261008_164801,bank,question,12,611,manual,lie,155.0,127.5,1,0.471,0.476,-0.005,1,37.86,0.07,0.043,12,question,8
2026-10-08 16:52:43.378,281.41,20261008_164801,bank,question,12,611,manual,lie,155.0,127.5,1,0.471,0.476,-0.005,1,37.86,0.08,0.041,12,question,8
2026-10-08 16:52:43.587,281.62,20261008_164801,bank,question,12,611,manual,lie,155.0,127.5,1,0.471,0.476,-0.005,1,37.86,0.09,0.053,12,question,8
2026-10-08 16:52:43.859,281.89,20261008_164801,bank,question,12,611,manual,lie,,,1,0.471,0.476,-0.005,1,37.86,0.084,0.051,11,question,8
2026-10-08 16:52:43.999,282.03,20261008_164801,bank,question,12,611,manual,lie,,,1,0.47,0.476,-0.006,1,37.86,0.081,0.049,9,question,8
2026-10-08 16:52:44.210,282.24,20261008_164801,bank,question,12,611,manual,lie,122.7,,1,0.471,0.476,-0.005,1,37.86,0.075,0.049,9,question,8
2026-10-08 16:52:44.422,282.46,20261008_164801,bank,question,12,611,manual,lie,122.7,,1,0.471,0.476,-0.005,1,37.87,0.073,0.046,9,question,8
2026-10-08 16:52:44.626,282.66,20261008_164801,bank,question,12,611,manual,lie,143.2,,1,0.471,0.476,-0.005,1,37.87,0.067,0.042,9,question,8
2026-10-08 16:52:44.836,282.87,20261008_164801,bank,question,12,611,manual,lie,143.2,,1,0.471,0.476,-0.005,1,37.87,0.064,0.038,10,question,8
2026-10-08 16:52:45.086,283.12,20261008_164801,bank,question,12,611,manual,lie,143.2,,1,0.471,0.476,-0.005,1,37.85,0.06,0.034,10,question,8
2026-10-08 16:52:45.242,283.28,20261008_164801,bank,question,12,611,manual,lie,143.2,,1,0.47,0.476,-0.005,1,37.85,0.063,0.032,10,question,8
2026-10-08 16:52:45.449,283.48,20261008_164801,bank,question,12,611,manual,lie,143.2,,1,0.47,0.476,-0.005,1,37.85,0.06,0.034,10,question,8
2026-10-08 16:52:45.656,283.69,20261008_164801,bank,question,12,611,manual,lie,143.2,,1,0.471,0.476,-0.005,1,37.85,0.056,0.031,10,question,8
2026-10-08 16:52:45.863,283.9,20261008_164801,bank,question,12,611,manual,lie,143.2,,1,0.47,0.475,-0.005,1,37.86,0.058,0.031,10,question,8
2026-10-08 16:52:46.069,284.1,20261008_164801,bank,question,12,611,manual,lie,143.2,,1,0.47,0.475,-0.005,1,37.86,0.054,0.028,10,question,8
2026-10-08 16:52:46.269,284.3,20261008_164801,bank,question,12,611,manual,lie,143.2,,1,0.47,0.475,-0.005,1,37.86,0.051,0.026,10,question,8
2026-10-08 16:52:46.471,284.5,20261008_164801,bank,question,12,611,manual,lie,143.2,,1,0.47,0.475,-0.005,1,37.86,0.049,0.024,10,question,8
2026-10-08 16:52:46.729,284.76,20261008_164801,bank,question,12,611,manual,lie,143.2,,1,0.47,0.475,-0.005,1,37.86,0.047,0.022,10,question,8
2026-10-08 16:52:46.877,284.91,20261008_164801,bank,question,12,611,manual,lie,143.2,,1,0.47,0.475,-0.006,1,37.86,0.044,0.02,10,question,8
2026-10-08 16:52:47.130,285.16,20261008_164801,bank,question,12,611,manual,lie,143.2,,1,0.47,0.475,-0.005,1,37.86,0.048,0.019,10,question,8
2026-10-08 16:52:47.291,285.32,20261008_164801,bank,question,12,611,manual,lie,,,1,0.469,0.475,-0.006,1,37.86,0.047,0.018,9,question,8
2026-10-08 16:52:47.488,285.52,20261008_164801,bank,question,12,611,manual,lie,,,1,0.469,0.475,-0.006,1,37.85,0.051,0.02,8,question,8
2026-10-08 16:52:47.700,285.73,20261008_164801,bank,question,12,611,manual,lie,,,1,0.469,0.475,-0.006,1,37.85,0.051,0.019,7,question,8
2026-10-08 16:52:47.902,285.94,20261008_164801,bank,question,12,611,manual,lie,93.1,,1,0.469,0.475,-0.005,1,37.85,0.053,0.018,7,question,8
2026-10-08 16:52:48.110,286.14,20261008_164801,bank,question,12,611,manual,lie,93.1,,1,0.47,0.475,-0.005,1,37.85,0.051,0.017,7,question,8
2026-10-08 16:52:48.317,286.35,20261008_164801,bank,question,12,611,manual,lie,93.1,,1,0.47,0.475,-0.005,1,37.86,0.049,0.016,7,question,8
2026-10-08 16:52:48.521,286.56,20261008_164801,bank,question,12,611,manual,lie,93.1,,1,0.47,0.475,-0.005,1,37.86,0.051,0.017,6,question,8
2026-10-08 16:52:48.734,286.77,20261008_164801,bank,question,12,611,manual,lie,93.1,,1,0.47,0.475,-0.005,1,37.86,0.048,0.016,6,question,8
2026-10-08 16:52:48.979,287.01,20261008_164801,bank,question,12,611,manual,lie,93.1,,1,0.47,0.474,-0.005,1,37.86,0.047,0.015,6,question,8
2026-10-08 16:52:49.183,287.22,20261008_164801,bank,question,12,611,manual,lie,65.2,,1,0.469,0.474,-0.005,1,37.86,0.049,0.018,6,question,8
2026-10-08 16:52:49.347,287.38,20261008_164801,bank,question,12,611,manual,lie,65.2,,1,0.467,0.474,-0.007,1,37.86,0.098,0.026,6,question,8
2026-10-08 16:52:49.591,287.62,20261008_164801,bank,question,12,611,manual,lie,65.2,,1,0.468,0.474,-0.007,1,37.86,0.091,0.024,6,question,8
2026-10-08 16:52:49.756,287.79,20261008_164801,bank,question,12,611,manual,lie,65.2,,1,0.468,0.474,-0.006,1,37.86,0.09,0.022,6,question,8
2026-10-08 16:52:49.963,288.0,20261008_164801,bank,question,12,611,manual,lie,65.2,,1,0.468,0.474,-0.006,1,37.86,0.088,0.021,5,question,8
2026-10-08 16:52:50.167,288.2,20261008_164801,bank,question,12,611,manual,lie,65.2,,1,0.469,0.474,-0.005,1,37.86,0.084,0.025,5,question,8
2026-10-08 16:52:50.386,288.42,20261008_164801,bank,question,12,611,manual,lie,65.2,,1,0.469,0.474,-0.005,1,37.87,0.08,0.023,5,question,8
2026-10-08 16:52:50.581,288.61,20261008_164801,bank,question,12,611,manual,lie,65.2,,1,0.47,0.474,-0.004,1,37.87,0.079,0.023,5,question,8
2026-10-08 16:52:50.794,288.83,20261008_164801,bank,question,12,611,manual,lie,65.2,,1,0.47,0.474,-0.004,1,37.87,0.074,0.023,5,question,8
2026-10-08 16:52:51.023,289.06,20261008_164801,bank,question,12,611,manual,lie,65.2,,1,0.47,0.474,-0.004,1,37.88,0.069,0.024,5,question,8
2026-10-08 16:52:51.211,289.24,20261008_164801,bank,question,12,611,manual,lie,65.2,,1,0.47,0.474,-0.004,1,37.88,0.063,0.023,5,question,8
2026-10-08 16:52:51.415,289.45,20261008_164801,bank,question,12,611,manual,lie,65.2,,1,0.47,0.474,-0.004,1,37.88,0.06,0.021,5,question,8
2026-10-08 16:52:51.617,289.65,20261008_164801,bank,question,12,611,manual,lie,65.2,,1,0.469,0.474,-0.004,1,37.88,0.059,0.02,5,question,8
2026-10-08 16:52:51.842,289.88,20261008_164801,bank,question,12,611,manual,lie,65.2,,1,0.468,0.474,-0.005,1,37.89,0.06,0.019,5,question,8
2026-10-08 16:52:52.036,290.07,20261008_164801,bank,question,12,611,manual,lie,65.2,,1,0.468,0.473,-0.005,1,37.88,0.057,0.019,5,question,8
2026-10-08 16:52:54.230,292.26,20261008_164801,bank,question,12,611,manual,lie,84.6,,1,0.468,0.473,-0.004,1,37.88,0.051,0.019,5,question,8
2026-10-08 16:52:54.429,292.46,20261008_164801,bank,question,12,611,manual,lie,84.6,,1,0.468,0.473,-0.005,1,37.88,0.049,0.019,5,question,8
2026-10-08 16:52:54.640,292.67,20261008_164801,bank,recovery,12,611,manual,lie,84.6,,1,0.468,0.473,-0.004,1,37.88,0.049,0.019,5,ready,8
2026-10-08 16:52:54.843,292.88,20261008_164801,bank,recovery,12,611,manual,lie,84.6,,1,0.468,0.473,-0.005,1,37.89,0.047,0.018,5,ready,8
2026-10-08 16:52:55.049,293.08,20261008_164801,bank,recovery,12,611,manual,lie,84.6,,1,0.466,0.472,-0.007,1,37.85,0.046,0.017,5,ready,8
2026-10-08 16:52:55.253,293.29,20261008_164801,bank,recovery,12,611,manual,lie,84.6,,1,0.467,0.472,-0.006,1,37.85,0.049,0.017,5,ready,8
2026-10-08 16:52:55.458,293.49,20261008_164801,bank,recovery,12,611,manual,lie,84.6,,1,0.467,0.472,-0.005,1,37.86,0.049,0.018,5,ready,8
2026-10-08 16:52:55.661,293.69,20261008_164801,bank,recovery,12,611,manual,lie,84.6,,1,0.468,0.472,-0.005,1,37.85,0.052,0.018,5,ready,8
2026-10-08 16:52:55.935,293.97,20261008_164801,bank,recovery,12,611,manual,lie,84.6,,1,0.468,0.472,-0.004,1,37.85,0.053,0.018,5,ready,8
2026-10-08 16:52:56.073,294.11,20261008_164801,bank,recovery,12,611,manual,lie,84.6,,1,0.467,0.472,-0.005,1,37.86,0.049,0.02,5,ready,8
2026-10-08 16:52:56.273,294.31,20261008_164801,bank,recovery,12,611,manual,lie,90.0,406.3,1,0.467,0.472,-0.005,1,37.86,0.051,0.022,5,ready,8
2026-10-08 16:52:56.482,294.52,20261008_164801,bank,recovery,12,611,manual,lie,90.0,406.3,1,0.468,0.472,-0.004,1,37.86,0.054,0.022,5,ready,8
2026-10-08 16:52:56.690,294.72,20261008_164801,bank,recovery,12,611,manual,lie,90.0,406.3,1,0.467,0.472,-0.005,1,37.87,0.057,0.023,6,ready,8
2026-10-08 16:52:56.903,294.94,20261008_164801,bank,recovery,12,611,manual,lie,92.1,368.9,1,0.467,0.472,-0.005,1,37.87,0.054,0.023,6,ready,8
2026-10-08 16:52:57.102,295.14,20261008_164801,bank,recovery,12,611,manual,lie,92.1,368.9,1,0.468,0.472,-0.004,1,37.87,0.05,0.021,6,ready,8
2026-10-08 16:52:57.302,295.34,20261008_164801,bank,recovery,12,611,manual,lie,92.1,368.9,1,0.468,0.472,-0.004,1,37.87,0.053,0.022,6,ready,8
2026-10-08 16:52:57.506,295.54,20261008_164801,bank,recovery,12,611,manual,lie,92.1,368.9,1,0.468,0.472,-0.004,1,37.87,0.053,0.021,6,ready,8
2026-10-08 16:52:57.705,295.74,20261008_164801,bank,recovery,12,611,manual,lie,92.1,368.9,1,0.468,0.472,-0.004,1,37.87,0.052,0.022,6,ready,8
2026-10-08 16:52:57.915,295.95,20261008_164801,bank,rest,,,,,92.1,368.9,1,0.468,0.472,-0.003,1,37.87,0.05,0.021,6,ready,9
2026-10-08 16:52:58.191,296.22,20261008_164801,bank,rest,,,,,92.1,368.9,1,0.468,0.472,-0.003,1,37.87,0.048,0.021,6,ready,8
2026-10-08 16:52:58.333,296.37,20261008_164801,bank,rest,,,,,92.1,368.9,1,0.468,0.471,-0.003,1,37.87,0.047,0.021,6,ready,9
2026-10-08 16:52:58.535,296.57,20261008_164801,bank,rest,,,,,92.1,368.9,1,0.468,0.471,-0.003,1,37.87,0.05,0.027,6,ready,9
2026-10-08 16:52:58.811,296.84,20261008_164801,bank,rest,,,,,92.1,368.9,1,0.468,0.471,-0.003,1,37.88,0.057,0.029,6,ready,9
2026-10-08 16:52:58.948,296.98,20261008_164801,bank,rest,,,,,92.1,368.9,1,0.467,0.471,-0.004,1,37.87,0.056,0.03,6,ready,9
2026-10-08 16:52:59.154,297.19,20261008_164801,bank,rest,,,,,92.1,368.9,1,0.468,0.471,-0.003,1,37.84,0.06,0.03,6,ready,8
2026-10-08 16:52:59.366,297.4,20261008_164801,bank,rest,,,,,92.1,368.9,1,0.468,0.471,-0.004,1,37.84,0.06,0.034,6,ready,8
2026-10-08 16:52:59.597,297.63,20261008_164801,bank,rest,,,,,92.1,368.9,1,0.467,0.471,-0.004,1,37.85,0.066,0.034,6,ready,8
2026-10-08 16:52:59.776,297.81,20261008_164801,bank,rest,,,,,92.1,368.9,1,0.467,0.471,-0.004,1,37.85,0.069,0.036,6,ready,8
2026-10-08 16:52:59.978,298.01,20261008_164801,bank,rest,,,,,92.1,368.9,1,0.468,0.471,-0.003,1,37.85,0.068,0.037,6,ready,8
2026-10-08 16:53:00.182,298.22,20261008_164801,bank,rest,,,,,92.1,368.9,1,0.468,0.471,-0.003,1,37.86,0.068,0.036,6,ready,8
2026-10-08 16:53:00.443,298.48,20261008_164801,bank,rest,,,,,92.1,368.9,1,0.467,0.471,-0.004,1,37.86,0.07,0.033,6,ready,8
2026-10-08 16:53:00.594,298.63,20261008_164801,bank,rest,,,,,92.1,368.9,1,0.467,0.471,-0.004,1,37.86,0.068,0.03,6,ready,8
2026-10-08 16:53:00.803,298.84,20261008_164801,bank,rest,,,,,92.1,368.9,1,0.467,0.471,-0.004,1,37.86,0.069,0.028,6,ready,8
2026-10-08 16:53:01.003,299.04,20261008_164801,bank,rest,,,,,92.1,368.9,1,0.467,0.471,-0.004,1,37.87,0.064,0.026,6,ready,8
2026-10-08 16:53:01.213,299.25,20261008_164801,bank,rest,,,,,93.3,337.7,1,0.468,0.471,-0.003,1,37.87,0.06,0.024,6,ready,8
2026-10-08 16:53:01.421,299.45,20261008_164801,bank,rest,,,,,93.3,337.7,1,0.468,0.471,-0.003,1,37.87,0.055,0.022,6,ready,8
2026-10-08 16:53:01.675,299.71,20261008_164801,bank,rest,,,,,93.3,337.7,1,0.468,0.471,-0.003,1,37.87,0.051,0.021,6,ready,8
2026-10-08 16:53:01.836,299.87,20261008_164801,bank,rest,,,,,93.3,312.6,1,0.468,0.471,-0.003,1,37.87,0.05,0.02,6,ready,8
2026-10-08 16:53:02.034,300.07,20261008_164801,bank,rest,,,,,93.3,312.6,1,0.468,0.471,-0.003,1,37.87,0.046,0.018,6,ready,8
2026-10-08 16:53:02.243,300.28,20261008_164801,bank,rest,,,,,93.3,312.6,1,0.468,0.471,-0.003,1,37.87,0.044,0.017,6,ready,8
2026-10-08 16:53:02.452,300.49,20261008_164801,bank,rest,,,,,93.3,312.6,1,0.468,0.471,-0.003,1,37.87,0.042,0.015,6,ready,8
2026-10-08 16:53:02.664,300.7,20261008_164801,bank,rest,,,,,93.3,312.6,1,0.468,0.471,-0.003,1,37.87,0.041,0.014,6,ready,8
2026-10-08 16:53:02.900,300.93,20261008_164801,bank,rest,,,,,93.3,312.6,1,0.468,0.47,-0.003,1,37.88,0.037,0.013,6,ready,8
2026-10-08 16:53:03.107,301.14,20261008_164801,bank,rest,,,,,93.3,312.6,1,0.468,0.47,-0.002,1,37.88,0.036,0.012,6,ready,8
2026-10-08 16:53:03.279,301.31,20261008_164801,bank,recovery,13,612,manual,lie,93.3,312.6,1,0.468,0.47,-0.002,1,37.87,0.033,0.011,6,ready,8
2026-10-08 16:53:03.473,301.51,20261008_164801,bank,question,13,612,manual,lie,93.3,312.6,1,0.468,0.47,-0.002,1,37.88,0.031,0.01,6,question,8
2026-10-08 16:53:03.684,301.72,20261008_164801,bank,question,13,612,manual,lie,93.3,312.6,1,0.468,0.47,-0.002,1,37.88,0.031,0.009,6,question,8
2026-10-08 16:53:03.886,301.92,20261008_164801,bank,question,13,612,manual,lie,93.3,74.5,1,0.468,0.47,-0.002,1,37.88,0.031,0.01,6,question,8
2026-10-08 16:53:04.095,302.13,20261008_164801,bank,question,13,612,manual,lie,93.3,74.5,1,0.468,0.47,-0.003,1,37.88,0.032,0.009,6,question,8
2026-10-08 16:53:04.303,302.34,20261008_164801,bank,question,13,612,manual,lie,93.3,74.5,1,0.468,0.47,-0.002,1,37.88,0.036,0.009,6,question,8
2026-10-08 16:53:04.517,302.55,20261008_164801,bank,question,13,612,manual,lie,93.3,68.9,1,0.468,0.47,-0.002,1,37.88,0.043,0.018,6,question,8
2026-10-08 16:53:04.717,302.75,20261008_164801,bank,question,13,612,manual,lie,93.3,68.9,1,0.468,0.47,-0.002,1,37.88,0.043,0.022,6,question,8
2026-10-08 16:53:04.932,302.97,20261008_164801,bank,question,13,612,manual,lie,94.5,64.6,1,0.468,0.47,-0.002,1,37.88,0.042,0.02,6,question,8
2026-10-08 16:53:05.130,303.16,20261008_164801,bank,question,13,612,manual,lie,94.5,64.6,1,0.467,0.47,-0.003,1,37.88,0.067,0.021,6,question,8
2026-10-08 16:53:05.356,303.39,20261008_164801,bank,question,13,612,manual,lie,94.5,64.6,1,0.468,0.47,-0.003,1,37.89,0.076,0.02,6,question,8
2026-10-08 16:53:05.540,303.57,20261008_164801,bank,question,13,612,manual,lie,94.5,64.6,1,0.468,0.47,-0.002,1,37.89,0.074,0.019,6,question,8
2026-10-08 16:53:05.745,303.78,20261008_164801,bank,question,13,612,manual,lie,94.5,64.6,1,0.468,0.47,-0.002,1,37.89,0.074,0.021,6,question,8
2026-10-08 16:53:05.951,303.98,20261008_164801,bank,question,13,612,manual,lie,94.5,64.6,1,0.467,0.47,-0.003,1,37.89,0.074,0.023,6,question,8
2026-10-08 16:53:06.155,304.19,20261008_164801,bank,question,13,612,manual,lie,94.5,64.6,1,0.468,0.47,-0.002,1,37.89,0.078,0.026,6,question,8
2026-10-08 16:53:06.485,304.52,20261008_164801,bank,question,13,612,manual,lie,94.5,64.6,1,0.467,0.47,-0.002,1,37.89,0.073,0.025,6,question,8
2026-10-08 16:53:06.558,304.59,20261008_164801,bank,question,13,612,manual,lie,94.5,64.6,1,0.466,0.47,-0.004,1,37.89,0.067,0.023,6,question,8
2026-10-08 16:53:06.812,304.85,20261008_164801,bank,question,13,612,manual,lie,94.5,64.6,1,0.466,0.47,-0.004,1,37.89,0.062,0.022,6,question,9
2026-10-08 16:53:06.974,305.01,20261008_164801,bank,question,13,612,manual,lie,94.5,64.6,1,0.465,0.47,-0.004,1,37.88,0.059,0.02,6,question,8
2026-10-08 16:53:07.199,305.23,20261008_164801,bank,question,13,612,manual,lie,94.5,64.6,1,0.466,0.47,-0.003,1,37.88,0.059,0.02,6,question,8
2026-10-08 16:53:07.380,305.41,20261008_164801,bank,question,13,612,manual,lie,94.5,64.6,1,0.467,0.47,-0.003,1,37.88,0.061,0.018,6,question,8
2026-10-08 16:53:07.593,305.63,20261008_164801,bank,question,13,612,manual,lie,96.2,64.6,1,0.467,0.47,-0.003,1,37.89,0.058,0.017,6,question,8
2026-10-08 16:53:07.795,305.83,20261008_164801,bank,question,13,612,manual,lie,96.2,64.6,1,0.465,0.47,-0.004,1,37.88,0.059,0.016,6,question,8
2026-10-08 16:53:08.017,306.05,20261008_164801,bank,question,13,612,manual,lie,96.2,64.6,1,0.466,0.47,-0.003,1,37.88,0.057,0.017,6,question,8
2026-10-08 16:53:08.204,306.24,20261008_164801,bank,question,13,612,manual,lie,96.6,58.8,1,0.467,0.469,-0.003,1,37.89,0.056,0.018,6,question,8
2026-10-08 16:53:08.427,306.46,20261008_164801,bank,question,13,612,manual,lie,96.6,58.8,1,0.467,0.469,-0.002,1,37.89,0.052,0.017,6,question,8
2026-10-08 16:53:08.622,306.66,20261008_164801,bank,question,13,612,manual,lie,96.6,58.8,1,0.468,0.469,-0.002,1,37.89,0.112,0.019,6,question,8
2026-10-08 16:53:08.829,306.86,20261008_164801,bank,question,13,612,manual,lie,96.2,61.1,1,0.467,0.469,-0.002,1,37.89,0.13,0.023,7,question,8
2026-10-08 16:53:09.045,307.08,20261008_164801,bank,question,13,612,manual,lie,96.2,61.1,1,0.467,0.469,-0.002,1,37.89,0.119,0.021,7,question,8
2026-10-08 16:53:09.245,307.28,20261008_164801,bank,question,13,612,manual,lie,96.2,61.1,1,0.467,0.469,-0.002,1,37.9,0.109,0.02,7,question,8
2026-10-08 16:53:09.446,307.48,20261008_164801,bank,question,13,612,manual,lie,94.5,30.2,1,0.467,0.469,-0.002,1,37.9,0.1,0.018,7,question,8
2026-10-08 16:53:09.656,307.69,20261008_164801,bank,question,13,612,manual,lie,94.5,30.2,1,0.467,0.469,-0.002,1,37.9,0.093,0.017,7,question,8
2026-10-08 16:53:09.969,308.0,20261008_164801,bank,question,13,612,manual,lie,94.5,30.2,1,0.467,0.469,-0.002,1,37.89,0.085,0.016,7,question,8
2026-10-08 16:53:10.067,308.1,20261008_164801,bank,question,13,612,manual,lie,94.5,30.2,1,0.465,0.469,-0.004,1,37.88,0.078,0.014,7,question,8
2026-10-08 16:53:10.275,308.31,20261008_164801,bank,question,13,612,manual,lie,94.0,28.4,1,0.466,0.469,-0.003,1,37.88,0.073,0.014,7,question,8
2026-10-08 16:53:10.478,308.51,20261008_164801,bank,question,13,612,manual,lie,94.0,28.4,1,0.464,0.469,-0.005,1,37.88,0.068,0.014,7,question,8
2026-10-08 16:53:10.676,308.71,20261008_164801,bank,question,13,612,manual,lie,94.0,28.4,1,0.465,0.469,-0.004,1,37.88,0.065,0.013,7,question,8
2026-10-08 16:53:10.880,308.91,20261008_164801,bank,question,13,612,manual,lie,93.4,47.0,1,0.466,0.469,-0.003,1,37.88,0.061,0.013,7,question,8
2026-10-08 16:53:11.081,309.11,20261008_164801,bank,question,13,612,manual,lie,93.4,47.0,1,0.466,0.469,-0.003,1,37.89,0.056,0.012,6,question,8
2026-10-08 16:53:11.289,309.32,20261008_164801,bank,question,13,612,manual,lie,93.4,47.0,1,0.467,0.469,-0.002,1,37.89,0.054,0.011,6,question,8
2026-10-08 16:53:11.494,309.53,20261008_164801,bank,question,13,612,manual,lie,93.4,47.0,1,0.467,0.469,-0.002,1,37.89,0.053,0.011,6,question,8
2026-10-08 16:53:11.702,309.74,20261008_164801,bank,question,13,612,manual,lie,93.4,57.2,1,0.467,0.469,-0.002,1,37.89,0.051,0.01,6,question,8
2026-10-08 16:53:11.911,309.95,20261008_164801,bank,question,13,612,manual,lie,93.4,57.2,1,0.467,0.469,-0.002,1,37.9,0.048,0.009,6,question,8
2026-10-08 16:53:12.112,310.15,20261008_164801,bank,question,13,612,manual,lie,93.4,57.2,1,0.466,0.469,-0.003,1,37.87,0.047,0.009,6,question,8
2026-10-08 16:53:14.290,312.32,20261008_164801,bank,question,13,612,manual,lie,93.4,79.9,1,0.467,0.469,-0.001,1,37.89,0.057,0.017,6,question,8
2026-10-08 16:53:14.486,312.52,20261008_164801,bank,question,13,612,manual,lie,93.4,79.9,1,0.467,0.469,-0.001,1,37.89,0.058,0.017,6,question,8
2026-10-08 16:53:14.691,312.72,20261008_164801,bank,question,13,612,manual,lie,97.3,84.2,1,0.467,0.469,-0.001,1,37.89,0.055,0.016,6,question,8
2026-10-08 16:53:14.890,312.92,20261008_164801,bank,question,13,612,manual,lie,97.3,84.2,1,0.467,0.469,-0.001,1,37.89,0.051,0.015,6,question,8
2026-10-08 16:53:15.086,313.12,20261008_164801,bank,question,13,612,manual,lie,97.3,84.2,1,0.467,0.469,-0.002,1,37.89,0.048,0.014,6,question,8
2026-10-08 16:53:15.291,313.32,20261008_164801,bank,recovery,13,612,manual,lie,97.3,84.2,1,0.467,0.469,-0.001,1,37.89,0.045,0.013,6,ready,8
2026-10-08 16:53:15.497,313.53,20261008_164801,bank,recovery,13,612,manual,lie,97.3,84.2,1,0.467,0.468,-0.001,1,37.88,0.042,0.012,6,ready,8
2026-10-08 16:53:15.694,313.73,20261008_164801,bank,recovery,13,612,manual,lie,97.3,84.2,1,0.467,0.468,-0.002,1,37.88,0.04,0.011,6,ready,8
2026-10-08 16:53:15.960,313.99,20261008_164801,bank,recovery,13,612,manual,lie,97.3,84.2,1,0.467,0.468,-0.002,1,37.89,0.039,0.011,6,ready,8
2026-10-08 16:53:16.210,314.24,20261008_164801,bank,recovery,13,612,manual,lie,97.3,84.2,1,0.467,0.468,-0.002,1,37.89,0.039,0.01,6,ready,8
2026-10-08 16:53:16.325,314.36,20261008_164801,bank,recovery,13,612,manual,lie,97.3,84.2,1,0.466,0.468,-0.002,1,37.89,0.038,0.01,6,ready,8
2026-10-08 16:53:16.523,314.56,20261008_164801,bank,recovery,13,612,manual,lie,97.3,84.2,1,0.464,0.468,-0.004,1,37.87,0.037,0.012,6,ready,8
2026-10-08 16:53:16.730,314.76,20261008_164801,bank,recovery,13,612,manual,lie,97.3,84.2,1,0.465,0.468,-0.003,1,37.88,0.039,0.014,6,ready,8
2026-10-08 16:53:16.934,314.97,20261008_164801,bank,recovery,13,612,manual,lie,97.3,84.2,1,0.466,0.468,-0.002,1,37.88,0.041,0.015,6,ready,8
2026-10-08 16:53:17.146,315.18,20261008_164801,bank,recovery,13,612,manual,lie,97.3,84.2,1,0.466,0.468,-0.002,1,37.88,0.041,0.014,6,ready,8
2026-10-08 16:53:17.347,315.38,20261008_164801,bank,recovery,13,612,manual,lie,97.3,84.2,1,0.466,0.468,-0.002,1,37.88,0.042,0.018,6,ready,8
2026-10-08 16:53:17.555,315.59,20261008_164801,bank,recovery,13,612,manual,lie,97.3,84.2,1,0.467,0.468,-0.002,1,37.88,0.089,0.04,6,ready,8
2026-10-08 16:53:17.762,315.8,20261008_164801,bank,recovery,13,612,manual,lie,97.3,84.2,1,0.467,0.468,-0.001,1,37.88,0.121,0.066,7,ready,8
2026-10-08 16:53:17.975,316.01,20261008_164801,bank,recovery,13,612,manual,lie,97.3,88.2,1,0.467,0.468,-0.002,1,37.88,0.121,0.067,7,ready,8
2026-10-08 16:53:18.178,316.21,20261008_164801,bank,recovery,13,612,manual,lie,97.3,88.2,1,0.467,0.468,-0.001,1,37.88,0.131,0.064,7,ready,8
2026-10-08 16:53:18.382,316.42,20261008_164801,bank,recovery,13,612,manual,lie,97.3,88.2,1,0.462,0.468,-0.006,1,37.88,0.127,0.063,7,ready,8
2026-10-08 16:53:18.595,316.63,20261008_164801,bank,rest,,,,,102.6,87.7,1,0.464,0.468,-0.004,1,37.88,0.124,0.066,7,ready,8
2026-10-08 16:53:18.798,316.83,20261008_164801,bank,rest,,,,,102.6,87.7,1,0.465,0.468,-0.003,1,37.88,0.122,0.061,8,ready,8
2026-10-08 16:53:19.004,317.04,20261008_164801,bank,rest,,,,,102.6,87.7,1,0.466,0.468,-0.002,1,37.88,0.113,0.057,8,ready,8
2026-10-08 16:53:19.205,317.24,20261008_164801,bank,rest,,,,,102.6,88.3,1,0.466,0.468,-0.002,1,37.88,0.105,0.055,8,ready,8
2026-10-08 16:53:19.404,317.44,20261008_164801,bank,rest,,,,,102.6,88.3,1,0.466,0.468,-0.001,1,37.88,0.098,0.051,8,ready,8
2026-10-08 16:53:19.606,317.64,20261008_164801,bank,question,14,613,manual,truth,102.6,88.3,1,0.467,0.468,-0.001,1,37.88,0.094,0.046,8,question,8
2026-10-08 16:53:19.807,317.84,20261008_164801,bank,question,14,613,manual,truth,102.6,90.0,1,0.466,0.468,-0.001,1,37.87,0.088,0.042,8,question,8
2026-10-08 16:53:20.013,318.05,20261008_164801,bank,question,14,613,manual,truth,102.6,90.0,1,0.467,0.468,-0.001,1,37.87,0.085,0.039,8,question,8
2026-10-08 16:53:20.222,318.26,20261008_164801,bank,question,14,613,manual,truth,102.6,90.0,1,0.467,0.468,-0.001,1,37.87,0.08,0.035,8,question,8
2026-10-08 16:53:20.435,318.47,20261008_164801,bank,question,14,613,manual,truth,102.6,90.0,1,0.467,0.468,-0.001,1,37.87,0.086,0.033,7,question,8
2026-10-08 16:53:20.633,318.67,20261008_164801,bank,question,14,613,manual,truth,102.6,90.0,1,0.467,0.468,-0.001,1,37.87,0.08,0.03,7,question,8
2026-10-08 16:53:20.843,318.88,20261008_164801,bank,question,14,613,manual,truth,102.6,90.0,1,0.467,0.468,-0.001,1,37.87,0.073,0.027,7,question,8
2026-10-08 16:53:21.049,319.08,20261008_164801,bank,question,14,613,manual,truth,102.6,90.0,1,0.467,0.468,-0.001,1,37.87,0.069,0.025,7,question,8
2026-10-08 16:53:21.253,319.29,20261008_164801,bank,question,14,613,manual,truth,102.6,90.0,1,0.467,0.468,-0.001,1,37.87,0.068,0.023,7,question,8
2026-10-08 16:53:21.461,319.5,20261008_164801,bank,question,14,613,manual,truth,99.5,86.7,1,0.466,0.468,-0.001,1,37.87,0.063,0.022,7,question,8
2026-10-08 16:53:21.694,319.73,20261008_164801,bank,question,14,613,manual,truth,99.5,86.7,1,0.467,0.468,-0.001,1,37.87,0.062,0.02,7,question,8
2026-10-08 16:53:22.151,320.19,20261008_164801,bank,question,14,613,manual,truth,99.5,86.7,1,0.467,0.468,-0.001,1,37.88,0.064,0.02,7,question,8
2026-10-08 16:53:22.153,320.19,20261008_164801,bank,question,14,613,manual,truth,99.5,86.7,1,0.466,0.468,-0.001,1,37.88,0.059,0.019,7,question,8
2026-10-08 16:53:22.282,320.32,20261008_164801,bank,question,14,613,manual,truth,99.5,93.9,1,0.466,0.468,-0.001,1,37.88,0.057,0.019,7,question,8
2026-10-08 16:53:22.484,320.52,20261008_164801,bank,question,14,613,manual,truth,99.5,93.9,1,0.466,0.468,-0.002,1,37.87,0.054,0.018,7,question,8
2026-10-08 16:53:22.710,320.74,20261008_164801,bank,question,14,613,manual,truth,99.5,93.9,1,0.466,0.468,-0.002,1,37.88,0.051,0.017,7,question,8
2026-10-08 16:53:22.902,320.94,20261008_164801,bank,question,14,613,manual,truth,99.5,100.7,1,0.464,0.468,-0.003,1,37.88,0.049,0.015,7,question,8
2026-10-08 16:53:23.107,321.14,20261008_164801,bank,question,14,613,manual,truth,99.5,100.7,1,0.466,0.468,-0.002,1,37.88,0.052,0.016,7,question,8
2026-10-08 16:53:23.313,321.35,20261008_164801,bank,question,14,613,manual,truth,99.5,100.7,1,0.466,0.468,-0.002,1,37.88,0.05,0.017,6,question,8
2026-10-08 16:53:23.524,321.56,20261008_164801,bank,question,14,613,manual,truth,99.5,100.7,1,0.466,0.468,-0.001,1,37.88,0.053,0.016,6,question,8
2026-10-08 16:53:23.792,321.83,20261008_164801,bank,question,14,613,manual,truth,99.5,100.7,1,0.466,0.467,-0.001,1,37.88,0.056,0.015,6,question,8
2026-10-08 16:53:23.933,321.97,20261008_164801,bank,question,14,613,manual,truth,99.5,100.7,1,0.464,0.467,-0.004,1,37.86,0.054,0.016,6,question,8
2026-10-08 16:53:24.139,322.17,20261008_164801,bank,question,14,613,manual,truth,99.5,100.7,1,0.465,0.467,-0.003,1,37.86,0.05,0.017,6,question,8
2026-10-08 16:53:24.359,322.39,20261008_164801,bank,question,14,613,manual,truth,99.5,100.7,1,0.465,0.467,-0.002,1,37.87,0.048,0.016,6,question,8
2026-10-08 16:53:24.549,322.58,20261008_164801,bank,question,14,613,manual,truth,99.5,100.7,1,0.465,0.467,-0.002,1,37.87,0.045,0.015,6,question,8
2026-10-08 16:53:24.753,322.79,20261008_164801,bank,question,14,613,manual,truth,99.5,100.7,1,0.466,0.467,-0.002,1,37.87,0.044,0.013,6,question,8
2026-10-08 16:53:24.963,323.0,20261008_164801,bank,question,14,613,manual,truth,99.5,103.9,1,0.466,0.467,-0.001,1,37.87,0.044,0.013,6,question,8
2026-10-08 16:53:25.172,323.21,20261008_164801,bank,question,14,613,manual,truth,99.5,103.9,1,0.466,0.467,-0.001,1,37.88,0.044,0.015,6,question,8
2026-10-08 16:53:25.376,323.41,20261008_164801,bank,question,14,613,manual,truth,96.6,98.5,1,0.466,0.467,-0.001,1,37.88,0.049,0.015,6,question,8
2026-10-08 16:53:25.630,323.66,20261008_164801,bank,question,14,613,manual,truth,96.6,98.5,1,0.466,0.467,-0.001,1,37.88,0.052,0.015,6,question,8
2026-10-08 16:53:25.791,323.82,20261008_164801,bank,question,14,613,manual,truth,96.6,98.5,1,0.466,0.467,-0.001,1,37.88,0.049,0.014,6,question,8
2026-10-08 16:53:25.996,324.03,20261008_164801,bank,question,14,613,manual,truth,96.6,97.4,1,0.466,0.467,-0.001,1,37.88,0.051,0.013,6,question,8
2026-10-08 16:53:26.203,324.24,20261008_164801,bank,question,14,613,manual,truth,96.6,97.4,1,0.466,0.467,-0.001,1,37.88,0.051,0.013,6,question,8
2026-10-08 16:53:26.413,324.45,20261008_164801,bank,question,14,613,manual,truth,98.0,93.9,1,0.466,0.467,-0.001,1,37.88,0.052,0.013,6,question,8
2026-10-08 16:53:26.617,324.65,20261008_164801,bank,question,14,613,manual,truth,98.0,93.9,1,0.465,0.467,-0.002,1,37.88,0.054,0.018,6,question,8
2026-10-08 16:53:26.865,324.9,20261008_164801,bank,question,14,613,manual,truth,98.0,93.9,1,0.465,0.467,-0.002,1,37.87,0.055,0.021,6,question,8
2026-10-08 16:53:27.034,325.07,20261008_164801,bank,question,14,613,manual,truth,98.0,93.9,1,0.465,0.467,-0.002,1,37.86,0.058,0.022,6,question,8
2026-10-08 16:53:27.239,325.27,20261008_164801,bank,question,14,613,manual,truth,96.6,96.1,1,0.463,0.467,-0.004,1,37.85,0.056,0.023,6,question,8
2026-10-08 16:53:27.444,325.48,20261008_164801,bank,question,14,613,manual,truth,96.6,96.1,1,0.464,0.467,-0.003,1,37.85,0.054,0.022,6,question,8
2026-10-08 16:53:27.678,325.71,20261008_164801,bank,question,14,613,manual,truth,96.6,96.1,1,0.465,0.467,-0.002,1,37.86,0.056,0.022,6,question,8
2026-10-08 16:53:27.869,325.9,20261008_164801,bank,question,14,613,manual,truth,96.6,96.1,1,0.465,0.467,-0.001,1,37.86,0.061,0.021,6,question,8
2026-10-08 16:53:28.073,326.11,20261008_164801,bank,question,14,613,manual,truth,96.6,96.1,1,0.466,0.467,-0.001,1,37.86,0.061,0.023,6,question,8
2026-10-08 16:53:28.297,326.33,20261008_164801,bank,question,14,613,manual,truth,96.6,96.1,1,0.466,0.467,-0.001,1,37.86,0.065,0.028,6,question,8
2026-10-08 16:53:28.481,326.51,20261008_164801,bank,question,14,613,manual,truth,98.0,101.1,1,0.466,0.467,-0.001,1,37.87,0.061,0.03,6,question,8
2026-10-08 16:53:28.687,326.72,20261008_164801,bank,question,14,613,manual,truth,98.0,101.1,1,0.466,0.467,-0.001,1,37.87,0.06,0.029,6,question,8
2026-10-08 16:53:28.906,326.94,20261008_164801,bank,question,14,613,manual,truth,98.0,101.1,1,0.466,0.467,-0.001,1,37.87,0.086,0.04,6,question,8
2026-10-08 16:53:29.104,327.14,20261008_164801,bank,question,14,613,manual,truth,98.0,101.1,1,0.466,0.467,-0.001,1,37.87,0.101,0.038,7,question,8
2026-10-08 16:53:29.317,327.35,20261008_164801,bank,question,14,613,manual,truth,98.0,101.1,1,0.466,0.467,-0.001,1,37.87,0.097,0.035,7,question,8
2026-10-08 16:53:29.513,327.55,20261008_164801,bank,question,14,613,manual,truth,98.0,101.1,1,0.466,0.467,-0.001,1,37.88,0.088,0.032,7,question,8
2026-10-08 16:53:29.728,327.76,20261008_164801,bank,question,14,613,manual,truth,98.0,101.1,1,0.466,0.467,-0.0,1,37.88,0.081,0.029,7,question,8
2026-10-08 16:53:29.931,327.96,20261008_164801,bank,question,14,613,manual,truth,98.0,101.1,1,0.465,0.467,-0.002,1,37.88,0.074,0.027,7,question,8
2026-10-08 16:53:30.246,328.28,20261008_164801,bank,question,14,613,manual,truth,98.0,107.3,1,0.465,0.467,-0.002,1,37.88,0.073,0.027,7,question,8
2026-10-08 16:53:30.340,328.37,20261008_164801,bank,question,14,613,manual,truth,98.0,107.3,1,0.463,0.467,-0.004,1,37.87,0.069,0.026,7,question,8
2026-10-08 16:53:30.545,328.58,20261008_164801,bank,question,14,613,manual,truth,98.0,107.3,1,0.464,0.467,-0.003,1,37.88,0.065,0.024,7,question,8
2026-10-08 16:53:30.762,328.8,20261008_164801,bank,question,14,613,manual,truth,96.0,105.4,1,0.465,0.467,-0.002,1,37.88,0.067,0.025,7,question,8
2026-10-08 16:53:30.949,328.98,20261008_164801,bank,question,14,613,manual,truth,96.0,105.4,1,0.465,0.467,-0.001,1,37.88,0.077,0.032,7,question,8
2026-10-08 16:53:31.147,329.18,20261008_164801,bank,question,14,613,manual,truth,96.0,105.4,1,0.465,0.467,-0.001,1,37.88,0.08,0.035,7,question,8
2026-10-08 16:53:31.348,329.38,20261008_164801,bank,question,14,613,manual,truth,96.0,105.4,1,0.465,0.467,-0.001,1,37.86,0.081,0.036,7,question,8
2026-10-08 16:53:31.552,329.59,20261008_164801,bank,recovery,14,613,manual,truth,96.0,105.4,1,0.465,0.467,-0.002,1,37.86,0.076,0.035,7,ready,8
2026-10-08 16:53:31.757,329.79,20261008_164801,bank,recovery,14,613,manual,truth,96.0,105.4,1,0.465,0.467,-0.002,1,37.87,0.078,0.038,7,ready,8
2026-10-08 16:53:31.974,330.01,20261008_164801,bank,recovery,14,613,manual,truth,96.0,105.4,1,0.465,0.467,-0.001,1,37.87,0.074,0.037,7,ready,8
2026-10-08 16:53:32.166,330.2,20261008_164801,bank,recovery,14,613,manual,truth,96.0,105.4,1,0.465,0.467,-0.001,1,37.87,0.077,0.039,7,ready,8
2026-10-08 16:53:32.374,330.41,20261008_164801,bank,recovery,14,613,manual,truth,96.0,105.4,1,0.466,0.467,-0.001,1,37.88,0.073,0.039,7,ready,8
2026-10-08 16:53:32.581,330.61,20261008_164801,bank,recovery,14,613,manual,truth,96.0,105.4,1,0.465,0.466,-0.001,1,37.88,0.075,0.037,7,ready,8
2026-10-08 16:53:32.787,330.82,20261008_164801,bank,recovery,14,613,manual,truth,96.0,105.4,1,0.465,0.466,-0.001,1,37.86,0.071,0.034,7,ready,8
2026-10-08 16:53:32.994,331.03,20261008_164801,bank,recovery,14,613,manual,truth,96.0,105.4,1,0.466,0.466,-0.001,1,37.87,0.069,0.03,7,ready,8
2026-10-08 16:53:33.209,331.24,20261008_164801,bank,recovery,14,613,manual,truth,95.2,105.4,1,0.465,0.466,-0.001,1,37.88,0.064,0.028,7,ready,8
2026-10-08 16:53:33.404,331.44,20261008_164801,bank,recovery,14,613,manual,truth,95.2,105.4,1,0.466,0.466,-0.001,1,37.88,0.065,0.027,6,ready,8
2026-10-08 16:53:33.613,331.65,20261008_164801,bank,recovery,14,613,manual,truth,95.2,105.4,1,0.466,0.466,-0.0,1,37.89,0.064,0.025,6,ready,8
2026-10-08 16:53:33.822,331.86,20261008_164801,bank,recovery,14,613,manual,truth,96.0,88.5,1,0.465,0.466,-0.001,1,37.89,0.061,0.024,6,ready,8
2026-10-08 16:53:34.027,332.06,20261008_164801,bank,recovery,14,613,manual,truth,96.0,88.5,1,0.465,0.466,-0.001,1,37.89,0.057,0.023,6,ready,8
2026-10-08 16:53:34.236,332.27,20261008_164801,bank,recovery,14,613,manual,truth,96.0,88.5,1,0.465,0.466,-0.001,1,37.9,0.058,0.022,6,ready,8
2026-10-08 16:53:34.450,332.48,20261008_164801,bank,recovery,14,613,manual,truth,96.0,61.9,1,0.465,0.466,-0.001,1,37.9,0.054,0.02,6,ready,8
2026-10-08 16:53:34.643,332.68,20261008_164801,bank,recovery,14,613,manual,truth,96.0,61.9,1,0.465,0.466,-0.002,1,37.9,0.053,0.02,6,ready,8
2026-10-08 16:53:34.858,332.89,20261008_164801,bank,recovery,14,613,manual,truth,96.0,61.9,1,0.465,0.466,-0.001,1,37.9,0.054,0.019,6,ready,9
2026-10-08 16:53:35.057,333.09,20261008_164801,bank,recovery,14,613,manual,truth,99.0,61.6,1,0.465,0.466,-0.001,1,37.91,0.06,0.033,6,ready,9
2026-10-08 16:53:35.263,333.3,20261008_164801,bank,recovery,14,613,manual,truth,99.0,61.6,1,0.465,0.466,-0.001,1,37.91,0.057,0.039,6,ready,9
2026-10-08 16:53:35.474,333.51,20261008_164801,bank,recovery,14,613,manual,truth,99.0,61.6,1,0.465,0.466,-0.001,1,37.91,0.064,0.039,6,ready,8
2026-10-08 16:53:35.709,333.74,20261008_164801,bank,recovery,14,613,manual,truth,99.0,61.6,1,0.465,0.466,-0.001,1,37.91,0.07,0.04,6,ready,9
2026-10-08 16:53:35.884,333.92,20261008_164801,bank,recovery,14,613,manual,truth,99.0,61.6,1,0.465,0.466,-0.001,1,37.89,0.071,0.037,6,ready,8
2026-10-08 16:53:36.086,334.12,20261008_164801,bank,recovery,14,613,manual,truth,99.0,61.6,1,0.465,0.466,-0.002,1,37.89,0.07,0.035,7,ready,8
2026-10-08 16:53:36.293,334.33,20261008_164801,bank,rest,,,,,99.0,61.6,1,0.464,0.466,-0.002,1,37.9,0.064,0.032,7,ready,8
2026-10-08 16:53:38.404,336.44,20261008_164801,bank,rest,,,,,99.0,71.0,1,0.463,0.466,-0.003,1,37.9,0.035,0.014,6,ready,9
2026-10-08 16:53:38.605,336.64,20261008_164801,bank,rest,,,,,99.0,71.0,1,0.464,0.466,-0.002,1,37.9,0.036,0.013,6,ready,9
2026-10-08 16:53:38.806,336.84,20261008_164801,bank,rest,,,,,98.0,59.9,1,0.464,0.466,-0.002,1,37.9,0.034,0.012,6,ready,9
2026-10-08 16:53:39.044,337.08,20261008_164801,bank,rest,,,,,98.0,59.9,1,0.464,0.466,-0.001,1,37.9,0.033,0.011,6,ready,9
2026-10-08 16:53:39.230,337.26,20261008_164801,bank,rest,,,,,96.1,53.8,1,0.465,0.466,-0.001,1,37.91,0.033,0.01,6,ready,9
2026-10-08 16:53:39.426,337.46,20261008_164801,bank,question,15,614,manual,lie,96.1,53.8,1,0.465,0.466,-0.001,1,37.91,0.031,0.009,6,question,9
2026-10-08 16:53:39.626,337.66,20261008_164801,bank,question,15,614,manual,lie,96.1,53.8,1,0.465,0.466,-0.001,1,37.91,0.029,0.009,6,question,9
2026-10-08 16:53:39.835,337.87,20261008_164801,bank,question,15,614,manual,lie,96.1,53.8,1,0.465,0.466,-0.001,1,37.91,0.031,0.008,6,question,9
2026-10-08 16:53:40.052,338.09,20261008_164801,bank,question,15,614,manual,lie,85.6,51.8,1,0.465,0.466,-0.001,1,37.91,0.033,0.008,6,question,9
2026-10-08 16:53:40.256,338.29,20261008_164801,bank,question,15,614,manual,lie,85.6,51.8,1,0.465,0.466,-0.0,1,37.91,0.034,0.007,6,question,9
2026-10-08 16:53:40.468,338.5,20261008_164801,bank,question,15,614,manual,lie,85.6,51.8,1,0.465,0.466,-0.001,1,37.91,0.032,0.007,6,question,9
2026-10-08 16:53:40.650,338.68,20261008_164801,bank,question,15,614,manual,lie,90.4,55.7,1,0.465,0.466,-0.001,1,37.91,0.034,0.007,5,question,9
2026-10-08 16:53:40.854,338.89,20261008_164801,bank,question,15,614,manual,lie,90.4,55.7,1,0.465,0.466,-0.001,1,37.91,0.043,0.01,5,question,9
2026-10-08 16:53:41.062,339.1,20261008_164801,bank,question,15,614,manual,lie,90.4,55.7,1,0.464,0.466,-0.001,1,37.91,0.054,0.028,6,question,8
2026-10-08 16:53:41.298,339.33,20261008_164801,bank,question,15,614,manual,lie,90.4,55.7,1,0.465,0.466,-0.001,1,37.91,0.066,0.029,6,question,8
2026-10-08 16:53:41.474,339.51,20261008_164801,bank,question,15,614,manual,lie,90.4,55.7,1,0.465,0.466,-0.0,1,37.92,0.063,0.028,6,question,8
2026-10-08 16:53:41.674,339.71,20261008_164801,bank,question,15,614,manual,lie,90.4,55.7,1,0.465,0.466,-0.001,1,37.9,0.062,0.027,6,question,8
2026-10-08 16:53:41.882,339.92,20261008_164801,bank,question,15,614,manual,lie,85.3,59.2,1,0.465,0.466,-0.001,1,37.9,0.064,0.026,6,question,8
2026-10-08 16:53:42.084,340.12,20261008_164801,bank,question,15,614,manual,lie,85.3,59.2,1,0.465,0.466,-0.001,1,37.9,0.062,0.026,6,question,8
2026-10-08 16:53:42.291,340.33,20261008_164801,bank,question,15,614,manual,lie,85.3,59.2,1,0.465,0.466,-0.0,1,37.91,0.065,0.025,6,question,8
2026-10-08 16:53:42.500,340.53,20261008_164801,bank,question,15,614,manual,lie,85.3,74.6,1,0.46,0.466,-0.006,1,37.91,0.071,0.031,6,question,8
2026-10-08 16:53:42.711,340.74,20261008_164801,bank,question,15,614,manual,lie,85.3,74.6,1,0.461,0.465,-0.004,1,37.91,0.069,0.031,6,question,8
2026-10-08 16:53:42.930,340.96,20261008_164801,bank,question,15,614,manual,lie,85.3,74.6,1,0.463,0.465,-0.003,1,37.91,0.069,0.03,6,question,8
2026-10-08 16:53:43.106,341.14,20261008_164801,bank,question,15,614,manual,lie,85.3,74.6,1,0.462,0.465,-0.003,1,37.91,0.065,0.028,6,question,8
2026-10-08 16:53:43.305,341.34,20261008_164801,bank,question,15,614,manual,lie,85.3,74.6,1,0.463,0.465,-0.002,1,37.91,0.06,0.027,6,question,8
2026-10-08 16:53:43.505,341.54,20261008_164801,bank,question,15,614,manual,lie,80.9,111.5,1,0.464,0.465,-0.002,1,37.91,0.056,0.025,6,question,8
2026-10-08 16:53:43.756,341.79,20261008_164801,bank,question,15,614,manual,lie,80.9,111.5,1,0.463,0.465,-0.002,1,37.91,0.053,0.024,6,question,8
2026-10-08 16:53:43.910,341.94,20261008_164801,bank,question,15,614,manual,lie,90.4,141.0,1,0.463,0.465,-0.002,1,37.92,0.054,0.022,6,question,8
2026-10-08 16:53:44.124,342.16,20261008_164801,bank,question,15,614,manual,lie,90.4,141.0,1,0.464,0.465,-0.001,1,37.92,0.054,0.022,6,question,8
2026-10-08 16:53:44.321,342.35,20261008_164801,bank,question,15,614,manual,lie,90.4,141.0,1,0.465,0.465,-0.001,1,37.91,0.058,0.023,6,question,8
2026-10-08 16:53:44.527,342.56,20261008_164801,bank,question,15,614,manual,lie,90.4,141.0,1,0.464,0.465,-0.001,1,37.91,0.059,0.022,6,question,8
2026-10-08 16:53:44.734,342.77,20261008_164801,bank,question,15,614,manual,lie,90.4,141.0,1,0.464,0.465,-0.001,1,37.91,0.057,0.023,6,question,8
2026-10-08 16:53:44.953,342.99,20261008_164801,bank,question,15,614,manual,lie,80.7,166.5,1,0.463,0.465,-0.003,1,37.91,0.053,0.021,6,question,8
2026-10-08 16:53:45.151,343.18,20261008_164801,bank,question,15,614,manual,lie,80.7,166.5,1,0.462,0.465,-0.003,1,37.91,0.053,0.02,6,question,8
2026-10-08 16:53:45.345,343.38,20261008_164801,bank,question,15,614,manual,lie,80.7,166.5,1,0.463,0.465,-0.002,1,37.91,0.049,0.018,5,question,8
2026-10-08 16:53:45.549,343.58,20261008_164801,bank,question,15,614,manual,lie,87.8,166.3,1,0.462,0.465,-0.003,1,37.91,0.047,0.017,5,question,8
2026-10-08 16:53:45.804,343.84,20261008_164801,bank,question,15,614,manual,lie,87.8,166.3,1,0.463,0.465,-0.002,1,37.92,0.052,0.016,5,question,8
2026-10-08 16:53:45.955,343.99,20261008_164801,bank,question,15,614,manual,lie,87.8,166.3,1,0.463,0.465,-0.002,1,37.91,0.059,0.016,6,question,8
2026-10-08 16:53:46.157,344.19,20261008_164801,bank,question,15,614,manual,lie,87.8,158.6,1,0.463,0.465,-0.002,1,37.92,0.061,0.018,6,question,8
2026-10-08 16:53:46.419,344.45,20261008_164801,bank,question,15,614,manual,lie,87.8,158.6,1,0.464,0.465,-0.001,1,37.93,0.058,0.016,6,question,8
2026-10-08 16:53:46.626,344.66,20261008_164801,bank,question,15,614,manual,lie,87.8,158.6,1,0.464,0.465,-0.001,1,37.93,0.054,0.015,6,question,8
2026-10-08 16:53:46.768,344.8,20261008_164801,bank,question,15,614,manual,lie,95.1,158.7,1,0.463,0.465,-0.002,1,37.91,0.053,0.015,6,question,8
2026-10-08 16:53:46.977,345.01,20261008_164801,bank,question,15,614,manual,lie,95.1,158.7,1,0.464,0.465,-0.001,1,37.91,0.05,0.014,6,question,8
2026-10-08 16:53:47.178,345.21,20261008_164801,bank,question,15,614,manual,lie,95.1,158.7,1,0.464,0.465,-0.001,1,37.91,0.052,0.014,6,question,8
2026-10-08 16:53:47.467,345.5,20261008_164801,bank,question,15,614,manual,lie,95.1,158.7,1,0.465,0.465,-0.0,1,37.92,0.051,0.013,6,question,8
2026-10-08 16:53:47.581,345.61,20261008_164801,bank,question,15,614,manual,lie,87.8,165.8,1,0.465,0.465,-0.0,1,37.92,0.048,0.012,6,question,8
2026-10-08 16:53:47.854,345.89,20261008_164801,bank,question,15,614,manual,lie,87.8,165.8,1,0.465,0.465,0.0,1,37.92,0.053,0.014,6,question,8
2026-10-08 16:53:47.988,346.02,20261008_164801,bank,question,15,614,manual,lie,87.8,165.8,1,0.465,0.465,0.0,1,37.91,0.051,0.013,6,question,8
2026-10-08 16:53:48.186,346.22,20261008_164801,bank,question,15,614,manual,lie,87.8,165.8,1,0.465,0.465,0.0,1,37.91,0.047,0.012,6,question,8
2026-10-08 16:53:48.386,346.42,20261008_164801,bank,question,15,614,manual,lie,87.8,166.3,1,0.465,0.465,0.0,1,37.92,0.047,0.012,6,question,8
2026-10-08 16:53:48.586,346.62,20261008_164801,bank,question,15,614,manual,lie,87.8,166.3,1,0.465,0.465,-0.0,1,37.92,0.046,0.012,6,question,8
2026-10-08 16:53:48.786,346.82,20261008_164801,bank,question,15,614,manual,lie,87.8,166.3,1,0.465,0.465,-0.0,1,37.92,0.045,0.012,6,question,8
2026-10-08 16:53:48.994,347.03,20261008_164801,bank,question,15,614,manual,lie,87.8,166.3,1,0.464,0.465,-0.001,1,37.92,0.043,0.013,6,question,8
2026-10-08 16:53:49.200,347.23,20261008_164801,bank,question,15,614,manual,lie,81.9,165.3,1,0.464,0.465,-0.001,1,37.92,0.041,0.013,5,question,8
2026-10-08 16:53:49.406,347.44,20261008_164801,bank,question,15,614,manual,lie,81.9,165.3,1,0.464,0.465,-0.001,1,37.92,0.039,0.012,5,question,8
2026-10-08 16:53:49.622,347.66,20261008_164801,bank,question,15,614,manual,lie,81.9,165.3,1,0.464,0.465,-0.001,1,37.93,0.039,0.011,5,question,8
2026-10-08 16:53:49.824,347.86,20261008_164801,bank,question,15,614,manual,lie,81.9,163.5,1,0.462,0.465,-0.003,1,37.91,0.038,0.012,5,question,8
2026-10-08 16:53:50.033,348.07,20261008_164801,bank,question,15,614,manual,lie,81.9,163.5,1,0.463,0.465,-0.002,1,37.92,0.057,0.018,5,question,8
2026-10-08 16:53:50.322,348.36,20261008_164801,bank,question,15,614,manual,lie,81.9,158.2,1,0.462,0.465,-0.003,1,37.91,0.057,0.019,5,question,8
2026-10-08 16:53:50.439,348.47,20261008_164801,bank,question,15,614,manual,lie,81.9,158.2,1,0.461,0.465,-0.003,1,37.91,0.054,0.018,5,question,8
2026-10-08 16:53:50.645,348.68,20261008_164801,bank,question,15,614,manual,lie,81.9,158.2,1,0.463,0.465,-0.002,1,37.92,0.049,0.017,5,question,8
2026-10-08 16:53:50.850,348.88,20261008_164801,bank,question,15,614,manual,lie,81.9,158.2,1,0.462,0.465,-0.002,1,37.93,0.048,0.016,5,question,8
2026-10-08 16:53:51.129,349.16,20261008_164801,bank,question,15,614,manual,lie,81.9,151.7,1,0.46,0.465,-0.005,1,37.93,0.046,0.015,5,question,8
2026-10-08 16:53:51.264,349.3,20261008_164801,bank,recovery,15,614,manual,lie,81.9,151.7,1,0.462,0.465,-0.003,1,37.92,0.045,0.014,5,ready,8
2026-10-08 16:53:51.471,349.5,20261008_164801,bank,recovery,15,614,manual,lie,81.9,151.7,1,0.455,0.464,-0.009,1,37.92,0.048,0.014,5,ready,8
2026-10-08 16:53:51.680,349.71,20261008_164801,bank,recovery,15,614,manual,lie,81.9,151.7,1,0.457,0.464,-0.007,1,37.92,0.05,0.015,5,ready,8
2026-10-08 16:53:51.886,349.92,20261008_164801,bank,recovery,15,614,manual,lie,84.1,133.8,1,0.459,0.464,-0.005,1,37.92,0.051,0.015,5,ready,8
2026-10-08 16:53:52.090,350.12,20261008_164801,bank,recovery,15,614,manual,lie,84.1,133.8,1,0.461,0.464,-0.003,1,37.92,0.052,0.014,5,ready,8
2026-10-08 16:53:52.367,350.4,20261008_164801,bank,recovery,15,614,manual,lie,84.1,133.8,1,0.462,0.464,-0.002,1,37.93,0.05,0.014,5,ready,8
2026-10-08 16:53:52.510,350.54,20261008_164801,bank,recovery,15,614,manual,lie,92.7,110.8,1,0.462,0.464,-0.002,1,37.93,0.047,0.013,5,ready,8
2026-10-08 16:53:52.709,350.74,20261008_164801,bank,recovery,15,614,manual,lie,92.7,110.8,1,0.463,0.464,-0.002,1,37.93,0.046,0.012,5,ready,8
2026-10-08 16:53:52.938,350.97,20261008_164801,bank,recovery,15,614,manual,lie,92.7,110.8,1,0.463,0.464,-0.001,1,37.93,0.045,0.011,5,ready,8
2026-10-08 16:53:53.178,351.21,20261008_164801,bank,recovery,15,614,manual,lie,92.7,102.3,1,0.464,0.464,-0.001,1,37.93,0.044,0.014,6,ready,8
2026-10-08 16:53:53.326,351.36,20261008_164801,bank,recovery,15,614,manual,lie,92.7,102.3,1,0.464,0.464,0.0,1,37.93,0.044,0.016,6,ready,8
2026-10-08 16:53:53.589,351.62,20261008_164801,bank,recovery,15,614,manual,lie,92.7,102.3,1,0.464,0.464,0.0,1,37.93,0.041,0.015,6,ready,8
2026-10-08 16:53:53.745,351.78,20261008_164801,bank,recovery,15,614,manual,lie,92.7,102.3,1,0.465,0.464,0.001,1,37.92,0.041,0.015,6,ready,8
2026-10-08 16:53:53.951,351.98,20261008_164801,bank,recovery,15,614,manual,lie,92.7,102.3,1,0.464,0.464,0.0,1,37.93,0.042,0.015,6,ready,8
2026-10-08 16:53:54.156,352.19,20261008_164801,bank,recovery,15,614,manual,lie,92.7,102.3,1,0.465,0.464,0.001,1,37.93,0.042,0.014,6,ready,8
2026-10-08 16:53:54.366,352.4,20261008_164801,bank,rest,,,,,92.7,102.3,1,0.465,0.464,0.001,1,37.93,0.044,0.013,6,ready,8
2026-10-08 16:53:54.572,352.61,20261008_164801,bank,rest,,,,,85.2,106.0,1,0.465,0.464,0.001,1,37.93,0.041,0.014,6,ready,8
2026-10-08 16:53:54.779,352.81,20261008_164801,bank,rest,,,,,85.2,106.0,1,0.465,0.464,0.001,1,37.94,0.038,0.013,5,ready,8
2026-10-08 16:53:54.985,353.02,20261008_164801,bank,rest,,,,,85.2,106.0,1,0.464,0.464,0.0,1,37.94,0.035,0.012,5,ready,8
2026-10-08 16:53:55.190,353.22,20261008_164801,bank,rest,,,,,85.2,106.0,1,0.464,0.464,-0.0,1,37.94,0.034,0.012,5,ready,9
2026-10-08 16:53:55.430,353.46,20261008_164801,bank,rest,,,,,89.4,106.3,1,0.464,0.464,-0.0,1,37.94,0.041,0.012,5,ready,9
2026-10-08 16:53:55.609,353.64,20261008_164801,bank,rest,,,,,89.4,106.3,1,0.464,0.464,0.0,1,37.95,0.041,0.016,5,ready,9
2026-10-08 16:53:55.810,353.84,20261008_164801,bank,rest,,,,,89.4,106.3,1,0.465,0.464,0.001,1,37.95,0.058,0.017,5,ready,8
2026-10-08 16:53:56.046,354.08,20261008_164801,bank,rest,,,,,92.7,92.5,1,0.465,0.464,0.0,1,37.95,0.057,0.017,6,ready,8
2026-10-08 16:53:56.228,354.26,20261008_164801,bank,rest,,,,,92.7,92.5,1,0.464,0.464,-0.0,1,37.95,0.103,0.046,6,ready,8
2026-10-08 16:53:56.446,354.48,20261008_164801,bank,rest,,,,,98.5,95.5,1,0.464,0.464,0.0,1,37.95,0.099,0.049,6,ready,8
2026-10-08 16:53:56.650,354.68,20261008_164801,bank,rest,,,,,98.5,95.5,1,0.465,0.464,0.001,1,37.95,0.092,0.046,7,ready,8
2026-10-08 16:53:56.845,354.88,20261008_164801,bank,rest,,,,,98.5,97.7,1,0.463,0.464,-0.001,1,37.95,0.089,0.044,7,ready,8
2026-10-08 16:53:57.051,355.08,20261008_164801,bank,rest,,,,,98.5,97.7,1,0.464,0.464,-0.0,1,37.95,0.086,0.042,7,ready,9
2026-10-08 16:53:57.255,355.29,20261008_164801,bank,rest,,,,,98.5,97.7,1,0.464,0.464,0.0,1,37.95,0.083,0.039,7,ready,9
2026-10-08 16:53:57.465,355.5,20261008_164801,bank,rest,,,,,100.0,86.6,1,0.464,0.464,0.0,1,37.94,0.078,0.036,7,ready,9
2026-10-08 16:53:57.668,355.7,20261008_164801,bank,rest,,,,,100.0,86.6,1,0.465,0.464,0.0,1,37.94,0.073,0.034,7,ready,9
2026-10-08 16:53:57.877,355.91,20261008_164801,bank,rest,,,,,100.0,86.6,1,0.464,0.464,0.0,1,37.94,0.067,0.031,7,ready,9
2026-10-08 16:53:58.079,356.11,20261008_164801,bank,rest,,,,,102.3,85.9,1,0.465,0.464,0.001,1,37.94,0.062,0.029,7,ready,9
2026-10-08 16:53:58.296,356.33,20261008_164801,bank,rest,,,,,102.3,85.9,1,0.465,0.464,0.001,1,37.94,0.063,0.027,7,ready,9
2026-10-08 16:53:58.498,356.53,20261008_164801,bank,rest,,,,,102.3,85.9,1,0.465,0.464,0.001,1,37.94,0.058,0.026,7,ready,9
2026-10-08 16:53:58.717,356.75,20261008_164801,bank,rest,,,,,102.3,85.9,1,0.464,0.464,-0.0,1,37.93,0.071,0.026,7,ready,9
2026-10-08 16:53:58.908,356.94,20261008_164801,bank,rest,,,,,102.3,85.9,1,0.465,0.464,0.001,1,37.93,0.074,0.027,7,ready,9
2026-10-08 16:53:59.116,357.15,20261008_164801,bank,rest,,,,,102.3,85.9,1,0.465,0.464,0.001,1,37.93,0.07,0.027,7,ready,9
2026-10-08 16:53:59.320,357.35,20261008_164801,bank,rest,,,,,102.3,85.9,1,0.465,0.464,0.001,1,37.93,0.066,0.027,7,ready,9
2026-10-08 16:53:59.528,357.56,20261008_164801,bank,rest,,,,,102.3,85.9,1,0.465,0.464,0.001,1,37.92,0.06,0.025,7,ready,9
2026-10-08 16:53:59.735,357.77,20261008_164801,bank,rest,,,,,102.3,85.9,1,0.466,0.464,0.001,1,37.92,0.056,0.022,7,ready,9
2026-10-08 16:53:59.947,357.98,20261008_164801,bank,rest,,,,,102.3,85.9,1,0.461,0.464,-0.003,1,37.9,0.057,0.023,7,ready,9
2026-10-08 16:54:00.174,358.21,20261008_164801,bank,rest,,,,,105.1,65.7,1,0.463,0.464,-0.001,1,37.9,0.059,0.03,7,ready,9
2026-10-08 16:54:00.358,358.39,20261008_164801,bank,rest,,,,,105.1,65.7,1,0.464,0.464,-0.001,1,37.9,0.057,0.032,7,ready,9
2026-10-08 16:54:00.575,358.61,20261008_164801,bank,rest,,,,,105.1,65.7,1,0.464,0.464,-0.0,1,37.89,0.054,0.03,7,ready,9
2026-10-08 16:54:00.766,358.8,20261008_164801,bank,rest,,,,,105.1,65.7,1,0.465,0.464,0.001,1,37.89,0.053,0.029,7,ready,9
2026-10-08 16:54:00.979,359.01,20261008_164801,bank,rest,,,,,105.1,65.7,1,0.465,0.464,0.001,1,37.89,0.055,0.027,7,ready,9
2026-10-08 16:54:01.178,359.21,20261008_164801,bank,rest,,,,,105.1,65.7,1,0.465,0.464,0.001,1,37.89,0.053,0.024,7,ready,9
2026-10-08 16:54:01.389,359.42,20261008_164801,bank,rest,,,,,105.1,65.7,1,0.466,0.464,0.001,1,37.89,0.052,0.023,7,ready,8
2026-10-08 16:54:01.593,359.63,20261008_164801,bank,rest,,,,,105.1,63.9,1,0.465,0.464,0.001,1,37.89,0.048,0.022,7,ready,9
2026-10-08 16:54:01.811,359.85,20261008_164801,bank,rest,,,,,105.1,63.9,1,0.466,0.464,0.001,1,37.89,0.047,0.021,7,ready,8
2026-10-08 16:54:02.022,360.06,20261008_164801,bank,rest,,,,,105.1,63.9,1,0.465,0.464,0.001,1,37.89,0.044,0.019,7,ready,8
2026-10-08 16:54:02.214,360.25,20261008_164801,bank,rest,,,,,105.1,63.9,1,0.466,0.464,0.001,1,37.88,0.047,0.019,7,ready,8
2026-10-08 16:54:02.485,360.52,20261008_164801,bank,rest,,,,,105.1,63.5,1,0.466,0.464,0.001,1,37.88,0.101,0.032,7,ready,8
2026-10-08 16:54:02.622,360.66,20261008_164801,bank,rest,,,,,105.1,63.5,1,0.466,0.464,0.001,1,37.89,0.18,0.056,8,ready,8
2026-10-08 16:54:02.828,360.86,20261008_164801,bank,rest,,,,,105.1,63.5,1,0.465,0.464,0.001,1,37.89,0.213,0.062,8,ready,8
2026-10-08 16:54:03.049,361.08,20261008_164801,bank,rest,,,,,105.1,54.8,1,0.465,0.464,0.0,1,37.88,0.208,0.059,9,ready,9
2026-10-08 16:54:03.249,361.28,20261008_164801,bank,rest,,,,,105.1,54.8,1,0.465,0.464,0.001,1,37.88,0.191,0.054,10,ready,9
2026-10-08 16:54:03.456,361.49,20261008_164801,bank,rest,,,,,105.1,54.8,1,0.465,0.464,0.0,1,37.88,0.173,0.049,10,ready,9
2026-10-08 16:54:04.098,362.13,20261008_164801,bank,rest,,,,,105.1,54.8,1,0.462,0.464,-0.002,1,37.87,0.157,0.045,10,ready,9
2026-10-08 16:54:04.099,362.13,20261008_164801,bank,rest,,,,,105.1,54.8,1,0.46,0.464,-0.005,1,37.87,0.144,0.041,10,ready,8
2026-10-08 16:54:04.100,362.13,20261008_164801,bank,rest,,,,,105.1,54.8,1,0.462,0.464,-0.002,1,37.87,0.131,0.038,9,ready,8
2026-10-08 16:54:04.270,362.3,20261008_164801,bank,rest,,,,,104.6,54.8,1,0.464,0.464,-0.001,1,37.87,0.12,0.035,9,ready,8
2026-10-08 16:54:04.478,362.51,20261008_164801,bank,rest,,,,,104.6,54.8,1,0.464,0.464,0.0,1,37.86,0.116,0.037,9,ready,8
2026-10-08 16:54:04.677,362.71,20261008_164801,bank,rest,,,,,104.6,54.8,1,0.465,0.464,0.001,1,37.86,0.114,0.042,9,ready,8
2026-10-08 16:54:04.885,362.92,20261008_164801,bank,rest,,,,,104.6,54.8,1,0.465,0.464,0.001,1,37.86,0.12,0.049,9,ready,8
2026-10-08 16:54:05.096,363.13,20261008_164801,bank,rest,,,,,104.6,54.8,1,0.465,0.464,0.001,1,37.85,0.125,0.051,9,ready,8
2026-10-08 16:54:05.296,363.33,20261008_164801,bank,rest,,,,,104.6,54.8,1,0.465,0.464,0.001,1,37.85,0.125,0.052,9,ready,8
2026-10-08 16:54:05.761,363.79,20261008_164801,bank,rest,,,,,104.6,54.8,1,0.466,0.464,0.001,1,37.85,0.118,0.048,9,ready,8
2026-10-08 16:54:05.763,363.8,20261008_164801,bank,rest,,,,,104.6,54.8,1,0.465,0.464,0.001,1,37.85,0.132,0.058,9,ready,8
2026-10-08 16:54:05.976,364.01,20261008_164801,bank,question,16,615,manual,truth,104.6,54.8,1,0.465,0.464,0.001,1,37.85,0.134,0.055,9,question,8
2026-10-08 16:54:06.116,364.15,20261008_164801,bank,question,16,615,manual,truth,104.6,57.6,1,0.463,0.464,-0.001,1,37.84,0.156,0.065,9,question,8
2026-10-08 16:54:06.318,364.35,20261008_164801,bank,question,16,615,manual,truth,104.6,57.6,1,0.464,0.464,-0.001,1,37.84,0.167,0.066,9,question,8
2026-10-08 16:54:08.532,366.57,20261008_164801,bank,question,16,615,manual,truth,104.2,56.7,1,0.463,0.464,-0.001,1,37.83,0.137,0.064,9,question,8
2026-10-08 16:54:08.727,366.76,20261008_164801,bank,question,16,615,manual,truth,104.2,56.7,1,0.463,0.464,-0.001,1,37.83,0.13,0.062,9,question,8
2026-10-08 16:54:08.995,367.03,20261008_164801,bank,question,16,615,manual,truth,104.2,56.7,1,0.464,0.464,-0.001,1,37.83,0.121,0.057,9,question,8
2026-10-08 16:54:09.138,367.17,20261008_164801,bank,question,16,615,manual,truth,103.1,76.3,1,0.464,0.464,-0.001,1,37.81,0.11,0.052,9,question,8
2026-10-08 16:54:09.342,367.38,20261008_164801,bank,question,16,615,manual,truth,103.1,76.3,1,0.456,0.464,-0.008,1,37.78,0.1,0.047,9,question,8
2026-10-08 16:54:09.570,367.6,20261008_164801,bank,question,16,615,manual,truth,103.1,76.3,1,0.46,0.464,-0.005,1,37.79,0.092,0.044,8,question,8
2026-10-08 16:54:09.745,367.78,20261008_164801,bank,question,16,615,manual,truth,100.7,86.8,1,0.461,0.464,-0.003,1,37.8,0.084,0.04,8,question,8
2026-10-08 16:54:09.954,367.99,20261008_164801,bank,question,16,615,manual,truth,100.7,86.8,1,0.463,0.464,-0.002,1,37.8,0.076,0.036,8,question,8
2026-10-08 16:54:10.160,368.19,20261008_164801,bank,question,16,615,manual,truth,100.7,86.8,1,0.463,0.464,-0.001,1,37.8,0.071,0.033,8,question,8
2026-10-08 16:54:10.371,368.4,20261008_164801,bank,question,16,615,manual,truth,100.9,86.6,1,0.463,0.464,-0.001,1,37.81,0.067,0.03,8,question,8
2026-10-08 16:54:10.597,368.63,20261008_164801,bank,question,16,615,manual,truth,100.9,86.6,1,0.464,0.464,-0.0,1,37.82,0.063,0.028,7,question,9
2026-10-08 16:54:10.921,368.95,20261008_164801,bank,question,16,615,manual,truth,100.9,86.6,1,0.464,0.464,0.0,1,37.82,0.058,0.026,7,question,9
2026-10-08 16:54:11.011,369.04,20261008_164801,bank,question,16,615,manual,truth,100.9,86.6,1,0.464,0.464,0.0,1,37.83,0.053,0.023,7,question,9
2026-10-08 16:54:11.195,369.23,20261008_164801,bank,question,16,615,manual,truth,100.9,86.6,1,0.464,0.464,0.0,1,37.83,0.049,0.021,7,question,9
2026-10-08 16:54:11.748,369.78,20261008_164801,bank,question,16,615,manual,truth,100.9,86.6,1,0.464,0.464,-0.0,1,37.83,0.044,0.019,7,question,9
2026-10-08 16:54:11.749,369.78,20261008_164801,bank,question,16,615,manual,truth,100.9,86.6,1,0.464,0.464,-0.0,1,37.84,0.041,0.017,7,question,9
2026-10-08 16:54:11.825,369.86,20261008_164801,bank,question,16,615,manual,truth,100.9,86.6,1,0.464,0.464,-0.0,1,37.84,0.039,0.017,7,question,9
2026-10-08 16:54:12.124,370.16,20261008_164801,bank,question,16,615,manual,truth,100.9,86.6,1,0.464,0.464,0.0,1,37.84,0.037,0.017,7,question,9
2026-10-08 16:54:12.234,370.27,20261008_164801,bank,question,16,615,manual,truth,100.9,86.6,1,0.464,0.464,0.0,1,37.85,0.035,0.016,6,question,9
2026-10-08 16:54:12.636,370.67,20261008_164801,bank,question,16,615,manual,truth,100.9,86.6,1,0.464,0.464,-0.0,1,37.85,0.033,0.015,6,question,9
2026-10-08 16:54:14.562,372.6,20261008_164801,bank,question,16,615,manual,truth,100.3,87.2,1,0.462,0.464,-0.002,1,37.84,0.031,0.009,6,question,9
2026-10-08 16:54:14.770,372.8,20261008_164801,bank,question,16,615,manual,truth,100.3,87.2,1,0.462,0.464,-0.002,1,37.81,0.033,0.012,6,question,9
2026-10-08 16:54:14.956,372.99,20261008_164801,bank,question,16,615,manual,truth,100.3,88.4,1,0.463,0.464,-0.001,1,37.82,0.033,0.013,6,question,8
2026-10-08 16:54:15.250,373.28,20261008_164801,bank,question,16,615,manual,truth,100.3,88.4,1,0.463,0.464,-0.001,1,37.83,0.036,0.015,6,question,8
2026-10-08 16:54:15.410,373.44,20261008_164801,bank,question,16,615,manual,truth,100.3,88.4,1,0.464,0.464,0.0,1,37.83,0.039,0.016,6,question,8
2026-10-08 16:54:15.616,373.65,20261008_164801,bank,question,16,615,manual,truth,100.3,88.4,1,0.463,0.464,-0.001,1,37.84,0.038,0.015,6,question,8
2026-10-08 16:54:15.826,373.86,20261008_164801,bank,question,16,615,manual,truth,100.3,88.4,1,0.463,0.464,-0.001,1,37.84,0.038,0.014,6,question,8
2026-10-08 16:54:15.994,374.03,20261008_164801,bank,question,16,615,manual,truth,100.3,88.4,1,0.463,0.464,-0.0,1,37.85,0.043,0.015,6,question,8
2026-10-08 16:54:16.223,374.26,20261008_164801,bank,question,16,615,manual,truth,100.3,88.4,1,0.463,0.464,-0.001,1,37.85,0.042,0.015,6,question,8
2026-10-08 16:54:16.402,374.44,20261008_164801,bank,question,16,615,manual,truth,100.3,88.4,1,0.464,0.464,-0.0,1,37.86,0.043,0.015,6,question,8
2026-10-08 16:54:16.598,374.63,20261008_164801,bank,question,16,615,manual,truth,100.3,88.4,1,0.463,0.464,-0.001,1,37.86,0.041,0.013,6,question,8
2026-10-08 16:54:16.868,374.9,20261008_164801,bank,question,16,615,manual,truth,100.3,88.4,1,0.463,0.464,-0.001,1,37.86,0.038,0.013,6,question,8
2026-10-08 16:54:17.058,375.09,20261008_164801,bank,question,16,615,manual,truth,95.8,88.4,1,0.463,0.464,-0.0,1,37.87,0.069,0.022,6,question,8
2026-10-08 16:54:17.236,375.27,20261008_164801,bank,question,16,615,manual,truth,95.8,88.4,1,0.463,0.464,-0.001,1,37.87,0.115,0.039,6,question,8
2026-10-08 16:54:17.425,375.46,20261008_164801,bank,question,16,615,manual,truth,95.8,88.4,1,0.462,0.464,-0.001,1,37.87,0.13,0.04,7,question,8
2026-10-08 16:54:17.633,375.67,20261008_164801,bank,question,16,615,manual,truth,95.8,117.0,1,0.463,0.464,-0.001,1,37.87,0.137,0.047,7,question,8
2026-10-08 16:54:17.848,375.88,20261008_164801,bank,recovery,16,615,manual,truth,95.8,117.0,1,0.463,0.464,-0.0,1,37.88,0.128,0.045,7,ready,8
2026-10-08 16:54:18.179,376.21,20261008_164801,bank,recovery,16,615,manual,truth,95.8,117.0,1,0.463,0.464,-0.001,1,37.88,0.123,0.042,7,ready,8
2026-10-08 16:54:18.265,376.3,20261008_164801,bank,recovery,16,615,manual,truth,95.8,117.0,1,0.463,0.464,-0.001,1,37.88,0.126,0.043,7,ready,8
2026-10-08 16:54:18.461,376.49,20261008_164801,bank,recovery,16,615,manual,truth,95.8,117.0,1,0.463,0.464,-0.001,1,37.88,0.116,0.04,7,ready,8
2026-10-08 16:54:20.576,378.61,20261008_164801,bank,rest,,,,,92.5,108.8,1,0.463,0.464,-0.001,1,37.87,0.057,0.023,6,ready,9
2026-10-08 16:54:20.782,378.82,20261008_164801,bank,rest,,,,,92.5,108.8,1,0.464,0.464,-0.0,1,37.87,0.052,0.021,6,ready,9
2026-10-08 16:54:20.985,379.02,20261008_164801,bank,rest,,,,,92.5,108.8,1,0.464,0.464,0.0,1,37.87,0.049,0.02,6,ready,9
2026-10-08 16:54:21.189,379.22,20261008_164801,bank,rest,,,,,92.5,108.8,1,0.463,0.464,-0.001,1,37.87,0.047,0.018,6,ready,9
2026-10-08 16:54:21.389,379.42,20261008_164801,bank,rest,,,,,92.5,108.8,1,0.463,0.464,-0.0,1,37.88,0.044,0.017,6,ready,9
2026-10-08 16:54:21.594,379.63,20261008_164801,bank,rest,,,,,92.5,108.8,1,0.463,0.464,-0.0,1,37.88,0.044,0.016,6,ready,9
2026-10-08 16:54:21.797,379.83,20261008_164801,bank,rest,,,,,92.5,108.8,1,0.464,0.464,-0.0,1,37.88,0.042,0.015,6,ready,9
2026-10-08 16:54:22.000,380.03,20261008_164801,bank,rest,,,,,92.5,108.8,1,0.464,0.464,0.0,1,37.88,0.041,0.014,6,ready,9
2026-10-08 16:54:22.210,380.24,20261008_164801,bank,rest,,,,,92.5,108.8,1,0.464,0.464,0.0,1,37.88,0.04,0.013,6,ready,9
2026-10-08 16:54:22.401,380.43,20261008_164801,bank,rest,,,,,92.5,108.8,1,0.464,0.464,-0.0,1,37.88,0.037,0.012,6,ready,9
2026-10-08 16:54:24.599,382.63,20261008_164801,bank,rest,,,,,80.8,86.1,1,0.464,0.464,-0.0,1,37.86,0.049,0.016,5,ready,8
2026-10-08 16:54:24.812,382.85,20261008_164801,bank,rest,,,,,80.8,86.1,1,0.457,0.463,-0.006,1,37.86,0.047,0.021,5,ready,8
2026-10-08 16:54:25.005,383.04,20261008_164801,bank,rest,,,,,80.8,86.1,1,0.459,0.463,-0.004,1,37.86,0.078,0.036,5,ready,8
2026-10-08 16:54:25.231,383.27,20261008_164801,bank,rest,,,,,80.8,86.1,1,0.462,0.463,-0.002,1,37.86,0.185,0.076,6,ready,8
2026-10-08 16:54:25.450,383.48,20261008_164801,bank,rest,,,,,79.1,93.0,1,0.463,0.463,-0.001,1,37.86,0.205,0.089,6,ready,8
2026-10-08 16:54:25.627,383.66,20261008_164801,bank,rest,,,,,79.1,93.0,1,0.463,0.463,-0.0,1,37.86,0.462,0.153,7,ready,8
2026-10-08 16:54:25.858,383.89,20261008_164801,bank,rest,,,,,79.1,93.0,1,0.465,0.463,0.001,1,37.86,0.431,0.154,7,ready,8
2026-10-08 16:54:26.041,384.07,20261008_164801,bank,rest,,,,,79.1,93.0,1,0.466,0.463,0.002,1,37.86,0.398,0.149,8,ready,8
2026-10-08 16:54:26.253,384.29,20261008_164801,bank,rest,,,,,79.1,93.0,1,0.466,0.463,0.002,1,37.86,0.377,0.136,8,ready,8
2026-10-08 16:54:26.429,384.46,20261008_164801,bank,rest,,,,,79.1,93.0,1,0.466,0.463,0.003,1,37.87,0.35,0.134,8,ready,9
2026-10-08 16:54:28.622,386.66,20261008_164801,bank,rest,,,,,81.2,119.5,1,0.466,0.464,0.002,1,37.85,0.167,0.075,9,ready,8
2026-10-08 16:54:28.811,386.84,20261008_164801,bank,rest,,,,,81.2,119.5,1,0.466,0.464,0.002,1,37.85,0.167,0.075,9,ready,8
2026-10-08 16:54:29.017,387.05,20261008_164801,bank,rest,,,,,81.2,119.5,1,0.465,0.464,0.001,1,37.84,0.14,0.063,8,ready,8
2026-10-08 16:54:29.227,387.26,20261008_164801,bank,rest,,,,,81.2,119.5,1,0.466,0.464,0.002,1,37.84,0.128,0.057,8,ready,8
2026-10-08 16:54:29.530,387.56,20261008_164801,bank,rest,,,,,81.2,119.5,1,0.467,0.464,0.003,1,37.84,0.117,0.052,8,ready,8
2026-10-08 16:54:29.627,387.66,20261008_164801,bank,rest,,,,,85.1,119.5,1,0.467,0.464,0.003,1,37.84,0.106,0.048,7,ready,8
2026-10-08 16:54:29.833,387.87,20261008_164801,bank,rest,,,,,85.1,119.5,1,0.467,0.464,0.003,1,37.84,0.097,0.044,7,ready,8
2026-10-08 16:54:30.038,388.07,20261008_164801,bank,rest,,,,,85.1,119.5,1,0.467,0.464,0.003,1,37.83,0.096,0.041,7,ready,8
2026-10-08 16:54:30.246,388.28,20261008_164801,bank,rest,,,,,95.2,91.6,1,0.467,0.464,0.003,1,37.83,0.092,0.04,7,ready,8
2026-10-08 16:54:30.451,388.48,20261008_164801,bank,rest,,,,,95.2,91.6,1,0.467,0.464,0.003,1,37.83,0.098,0.04,7,ready,8
2026-10-08 16:54:30.656,388.69,20261008_164801,bank,rest,,,,,95.2,91.6,1,0.467,0.464,0.003,1,37.84,0.094,0.038,7,ready,9
2026-10-08 16:54:30.962,389.0,20261008_164801,bank,rest,,,,,95.2,91.6,1,0.467,0.464,0.002,1,37.84,0.094,0.042,7,ready,9
2026-10-08 16:54:31.068,389.1,20261008_164801,bank,rest,,,,,95.2,91.6,1,0.467,0.464,0.002,1,37.84,0.087,0.039,7,ready,9
2026-10-08 16:54:31.277,389.31,20261008_164801,bank,rest,,,,,95.2,91.6,1,0.467,0.464,0.002,1,37.85,0.085,0.037,7,ready,8
2026-10-08 16:54:31.472,389.51,20261008_164801,bank,rest,,,,,95.2,91.6,1,0.467,0.464,0.002,1,37.85,0.082,0.037,7,ready,8
2026-10-08 16:54:31.687,389.72,20261008_164801,bank,rest,,,,,95.2,91.6,1,0.467,0.464,0.003,1,37.85,0.085,0.045,7,ready,8
2026-10-08 16:54:31.883,389.92,20261008_164801,bank,rest,,,,,95.2,91.6,1,0.467,0.464,0.003,1,37.85,0.085,0.044,7,ready,8
2026-10-08 16:54:32.072,390.11,20261008_164801,bank,rest,,,,,95.2,91.6,1,0.467,0.464,0.003,1,37.85,0.08,0.041,7,ready,8
2026-10-08 16:54:32.273,390.31,20261008_164801,bank,rest,,,,,95.2,91.6,1,0.467,0.465,0.003,1,37.86,0.083,0.04,7,ready,9
2026-10-08 16:54:32.515,390.55,20261008_164801,bank,rest,,,,,95.2,91.6,1,0.467,0.465,0.002,1,37.86,0.082,0.039,7,ready,9
2026-10-08 16:54:32.671,390.7,20261008_164801,bank,rest,,,,,95.2,91.6,1,0.467,0.465,0.002,1,37.86,0.076,0.037,7,ready,9
2026-10-08 16:54:32.871,390.9,20261008_164801,bank,rest,,,,,95.2,91.6,1,0.467,0.465,0.002,1,37.86,0.091,0.04,7,ready,9
2026-10-08 16:54:33.075,391.11,20261008_164801,bank,rest,,,,,,,1,0.466,0.465,0.001,1,37.84,0.096,0.04,6,ready,9
2026-10-08 16:54:33.282,391.32,20261008_164801,bank,rest,,,,,,,1,0.466,0.465,0.001,1,37.84,0.096,0.04,6,ready,8
2026-10-08 16:54:33.481,391.51,20261008_164801,bank,rest,,,,,,,1,0.466,0.465,0.002,1,37.84,0.097,0.037,6,ready,8
2026-10-08 16:54:33.686,391.72,20261008_164801,bank,rest,,,,,135.2,,1,0.467,0.465,0.002,1,37.84,0.096,0.035,7,ready,8
2026-10-08 16:54:33.891,391.93,20261008_164801,bank,rest,,,,,135.2,,1,0.467,0.465,0.002,1,37.85,0.09,0.034,7,ready,8
2026-10-08 16:54:34.096,392.13,20261008_164801,bank,rest,,,,,152.0,,1,0.467,0.465,0.002,1,37.85,0.092,0.037,8,ready,8
2026-10-08 16:54:34.305,392.34,20261008_164801,bank,rest,,,,,157.2,,1,0.467,0.465,0.002,1,37.86,0.09,0.033,9,ready,8
2026-10-08 16:54:34.513,392.55,20261008_164801,bank,rest,,,,,157.2,,1,0.467,0.465,0.002,1,37.86,0.089,0.033,10,ready,8
2026-10-08 16:54:34.752,392.79,20261008_164801,bank,rest,,,,,157.2,,1,0.467,0.465,0.002,1,37.86,0.091,0.033,10,ready,8
2026-10-08 16:54:34.926,392.96,20261008_164801,bank,rest,,,,,157.2,,1,0.467,0.465,0.003,1,37.86,0.088,0.031,11,ready,8
2026-10-08 16:54:35.143,393.18,20261008_164801,bank,rest,,,,,157.2,,1,0.467,0.465,0.002,1,37.87,0.085,0.03,11,ready,9
2026-10-08 16:54:35.346,393.38,20261008_164801,bank,rest,,,,,157.2,,1,0.467,0.465,0.003,1,37.87,0.091,0.034,12,ready,9
2026-10-08 16:54:35.571,393.6,20261008_164801,bank,rest,,,,,152.0,,1,0.467,0.465,0.002,1,37.87,0.108,0.045,12,ready,9
2026-10-08 16:54:35.769,393.8,20261008_164801,bank,rest,,,,,152.0,,1,0.467,0.465,0.002,1,37.87,0.106,0.047,12,ready,9
2026-10-08 16:54:35.961,393.99,20261008_164801,bank,rest,,,,,152.0,,1,0.468,0.465,0.003,1,37.87,0.109,0.045,12,ready,9
2026-10-08 16:54:36.307,394.34,20261008_164801,bank,rest,,,,,152.0,,1,0.467,0.465,0.002,1,37.87,0.103,0.043,12,ready,9
2026-10-08 16:54:36.377,394.41,20261008_164801,bank,rest,,,,,152.0,,1,0.468,0.465,0.003,1,37.87,0.096,0.04,12,ready,9
2026-10-08 16:54:36.580,394.61,20261008_164801,bank,rest,,,,,152.0,,1,0.467,0.465,0.001,1,37.87,0.098,0.039,12,ready,9
2026-10-08 16:54:36.790,394.82,20261008_164801,bank,rest,,,,,152.0,,1,0.467,0.465,0.002,1,37.87,0.104,0.059,13,ready,9
2026-10-08 16:54:36.992,395.03,20261008_164801,bank,rest,,,,,152.0,,1,0.467,0.465,0.002,1,37.87,0.14,0.087,13,ready,9
2026-10-08 16:54:37.200,395.23,20261008_164801,bank,rest,,,,,152.0,,1,0.467,0.465,0.002,1,37.87,0.131,0.084,13,ready,9
2026-10-08 16:54:37.411,395.44,20261008_164801,bank,rest,,,,,128.2,,1,0.466,0.465,0.001,1,37.87,0.241,0.146,14,ready,9
2026-10-08 16:54:37.610,395.64,20261008_164801,bank,rest,,,,,128.2,,1,0.464,0.465,-0.001,1,37.88,0.29,0.22,14,ready,9
2026-10-08 16:54:37.815,395.85,20261008_164801,bank,rest,,,,,128.2,,1,0.465,0.465,-0.0,1,37.88,0.305,0.235,14,ready,9
2026-10-08 16:54:38.028,396.06,20261008_164801,bank,rest,,,,,128.2,,1,0.465,0.465,-0.0,1,37.88,0.278,0.215,14,ready,9
2026-10-08 16:54:38.230,396.26,20261008_164801,bank,rest,,,,,128.2,,1,0.466,0.465,0.0,1,37.88,0.255,0.195,15,ready,9
2026-10-08 16:54:38.437,396.47,20261008_164801,bank,rest,,,,,128.2,,1,0.466,0.465,0.001,1,37.88,0.233,0.177,15,ready,9
2026-10-08 16:54:38.632,396.67,20261008_164801,bank,rest,,,,,128.2,,1,0.466,0.465,0.001,1,37.89,0.211,0.161,15,ready,9
2026-10-08 16:54:38.834,396.87,20261008_164801,bank,rest,,,,,128.2,,1,0.466,0.465,0.0,1,37.89,0.192,0.146,14,ready,9
2026-10-08 16:54:39.043,397.08,20261008_164801,bank,rest,,,,,128.2,,1,0.466,0.465,0.001,1,37.89,0.175,0.132,14,ready,9
2026-10-08 16:54:39.255,397.29,20261008_164801,bank,rest,,,,,128.2,,1,0.466,0.465,0.001,1,37.89,0.158,0.119,14,ready,9
2026-10-08 16:54:39.446,397.48,20261008_164801,bank,rest,,,,,128.2,,1,0.466,0.465,0.001,1,37.89,0.145,0.108,13,ready,9
2026-10-08 16:54:39.665,397.7,20261008_164801,bank,rest,,,,,128.2,,1,0.466,0.465,0.001,1,37.9,0.132,0.098,13,ready,9
2026-10-08 16:54:39.856,397.89,20261008_164801,bank,rest,,,,,128.2,,1,0.466,0.465,0.001,1,37.9,0.12,0.089,13,ready,9
2026-10-08 16:54:40.076,398.11,20261008_164801,bank,rest,,,,,128.2,,1,0.466,0.465,0.001,1,37.9,0.109,0.08,12,ready,9
2026-10-08 16:54:40.268,398.3,20261008_164801,bank,rest,,,,,128.2,,1,0.466,0.465,0.001,1,37.9,0.1,0.073,12,ready,9
2026-10-08 16:54:40.474,398.51,20261008_164801,bank,rest,,,,,128.2,,1,0.466,0.465,0.001,1,37.9,0.092,0.066,11,ready,9
2026-10-08 16:54:40.677,398.71,20261008_164801,bank,rest,,,,,128.2,,1,0.465,0.465,0.0,1,37.9,0.088,0.06,11,ready,9
2026-10-08 16:54:40.882,398.92,20261008_164801,bank,rest,,,,,128.2,,1,0.465,0.465,0.0,1,37.9,0.106,0.061,11,ready,9
2026-10-08 16:54:41.086,399.12,20261008_164801,bank,rest,,,,,128.2,,1,0.465,0.465,-0.0,1,37.88,0.099,0.056,11,ready,9
2026-10-08 16:54:41.292,399.33,20261008_164801,bank,rest,,,,,128.2,,1,0.466,0.465,0.0,1,37.88,0.091,0.051,11,ready,9
2026-10-08 16:54:41.506,399.54,20261008_164801,bank,rest,,,,,128.2,,1,0.465,0.465,0.0,1,37.89,0.085,0.047,10,ready,9
2026-10-08 16:54:41.710,399.74,20261008_164801,bank,rest,,,,,128.2,159.8,1,0.463,0.465,-0.002,1,37.87,0.078,0.042,10,ready,8
2026-10-08 16:54:41.919,399.95,20261008_164801,bank,rest,,,,,128.2,159.8,1,0.465,0.465,-0.001,1,37.88,0.074,0.039,10,ready,8
2026-10-08 16:54:42.124,400.16,20261008_164801,bank,rest,,,,,128.2,144.5,1,0.465,0.465,-0.0,1,37.88,0.074,0.036,10,ready,8
2026-10-08 16:54:42.329,400.36,20261008_164801,bank,rest,,,,,128.2,144.5,1,0.465,0.465,0.0,1,37.88,0.069,0.033,10,ready,8
2026-10-08 16:54:42.534,400.57,20261008_164801,bank,rest,,,,,128.2,144.5,1,0.465,0.465,0.0,1,37.88,0.064,0.03,10,ready,8
2026-10-08 16:54:42.742,400.78,20261008_164801,bank,rest,,,,,128.2,144.5,1,0.465,0.465,0.0,1,37.89,0.061,0.027,9,ready,8
2026-10-08 16:54:42.952,400.99,20261008_164801,bank,rest,,,,,128.2,144.5,1,0.466,0.465,0.0,1,37.89,0.058,0.026,9,ready,8
2026-10-08 16:54:43.156,401.19,20261008_164801,bank,rest,,,,,128.2,144.5,1,0.466,0.465,0.001,1,37.89,0.054,0.024,9,ready,8
2026-10-08 16:54:43.363,401.4,20261008_164801,bank,rest,,,,,128.2,144.5,1,0.466,0.465,0.001,1,37.89,0.051,0.022,9,ready,8
2026-10-08 16:54:43.570,401.6,20261008_164801,bank,rest,,,,,128.2,144.5,1,0.466,0.465,0.001,1,37.89,0.049,0.021,9,ready,9
2026-10-08 16:54:43.776,401.81,20261008_164801,bank,rest,,,,,128.2,144.5,1,0.466,0.465,0.001,1,37.89,0.047,0.021,9,ready,8
2026-10-08 16:54:44.013,402.05,20261008_164801,bank,rest,,,,,154.5,145.3,1,0.466,0.465,0.001,1,37.89,0.044,0.02,9,ready,8
2026-10-08 16:54:44.190,402.22,20261008_164801,bank,rest,,,,,154.5,145.3,1,0.465,0.465,-0.0,1,37.88,0.042,0.019,10,ready,8
2026-10-08 16:54:44.481,402.51,20261008_164801,bank,rest,,,,,154.5,145.3,1,0.465,0.465,0.0,1,37.88,0.039,0.017,10,ready,9
2026-10-08 16:54:44.605,402.64,20261008_164801,bank,rest,,,,,154.5,145.3,1,0.465,0.465,-0.0,1,37.88,0.043,0.016,10,ready,9
2026-10-08 16:54:44.811,402.84,20261008_164801,bank,rest,,,,,154.5,145.3,1,0.466,0.465,0.0,1,37.88,0.04,0.014,10,ready,9
2026-10-08 16:54:45.017,403.05,20261008_164801,bank,rest,,,,,154.5,145.3,1,0.466,0.465,0.001,1,37.88,0.042,0.013,10,ready,9
2026-10-08 16:54:45.222,403.26,20261008_164801,bank,rest,,,,,154.5,145.3,1,0.466,0.465,0.001,1,37.89,0.042,0.012,10,ready,9
2026-10-08 16:54:45.436,403.47,20261008_164801,bank,rest,,,,,154.5,145.3,1,0.466,0.465,0.001,1,37.89,0.041,0.012,11,ready,9
2026-10-08 16:54:45.640,403.67,20261008_164801,bank,rest,,,,,154.5,145.3,1,0.465,0.465,0.0,1,37.89,0.045,0.012,11,ready,9
2026-10-08 16:54:45.847,403.88,20261008_164801,bank,rest,,,,,154.5,145.3,1,0.46,0.465,-0.005,1,37.88,0.042,0.011,11,ready,9
2026-10-08 16:54:46.051,404.08,20261008_164801,bank,rest,,,,,,,1,0.463,0.465,-0.003,1,37.88,0.043,0.012,9,ready,9
2026-10-08 16:54:46.263,404.3,20261008_164801,bank,rest,,,,,,,1,0.464,0.465,-0.001,1,37.88,0.042,0.011,8,ready,9
2026-10-08 16:54:46.468,404.5,20261008_164801,bank,rest,,,,,,,1,0.465,0.465,-0.0,1,37.88,0.041,0.011,7,ready,9
2026-10-08 16:54:46.673,404.71,20261008_164801,bank,rest,,,,,,,1,0.465,0.465,-0.0,1,37.88,0.04,0.01,7,ready,9
2026-10-08 16:54:46.887,404.92,20261008_164801,bank,rest,,,,,79.8,,1,0.466,0.465,0.001,1,37.88,0.038,0.01,6,ready,9
2026-10-08 16:54:47.082,405.12,20261008_164801,bank,rest,,,,,79.8,,1,0.466,0.465,0.001,1,37.88,0.036,0.009,6,ready,9
2026-10-08 16:54:47.288,405.32,20261008_164801,bank,rest,,,,,88.9,,1,0.466,0.465,0.001,1,37.88,0.037,0.009,6,ready,9
2026-10-08 16:54:47.491,405.52,20261008_164801,bank,rest,,,,,88.9,,1,0.466,0.465,0.001,1,37.88,0.036,0.009,6,ready,9
2026-10-08 16:54:47.695,405.73,20261008_164801,bank,rest,,,,,88.9,,1,0.466,0.465,0.001,1,37.88,0.036,0.009,6,ready,9
2026-10-08 16:54:47.902,405.94,20261008_164801,bank,rest,,,,,88.9,,1,0.466,0.465,0.001,1,37.88,0.035,0.008,6,ready,9
2026-10-08 16:54:48.109,406.14,20261008_164801,bank,rest,,,,,88.9,,1,0.466,0.465,0.001,1,37.88,0.034,0.008,6,ready,8
2026-10-08 16:54:48.315,406.35,20261008_164801,bank,rest,,,,,88.9,,1,0.466,0.465,0.001,1,37.88,0.032,0.008,6,ready,8
2026-10-08 16:54:48.579,406.61,20261008_164801,bank,rest,,,,,88.9,,1,0.466,0.465,0.0,1,37.88,0.03,0.009,6,ready,8
2026-10-08 16:54:48.730,406.76,20261008_164801,bank,rest,,,,,88.9,,1,0.466,0.465,0.001,1,37.88,0.035,0.013,6,ready,9
2026-10-08 16:54:48.936,406.97,20261008_164801,bank,rest,,,,,88.9,,1,0.466,0.465,0.001,1,37.88,0.037,0.013,6,ready,9
2026-10-08 16:54:49.140,407.17,20261008_164801,bank,rest,,,,,88.9,,1,0.466,0.465,0.0,1,37.88,0.051,0.016,6,ready,9
2026-10-08 16:54:49.340,407.37,20261008_164801,bank,rest,,,,,88.9,,1,0.466,0.465,0.001,1,37.88,0.063,0.018,6,ready,9
2026-10-08 16:54:49.554,407.59,20261008_164801,bank,rest,,,,,88.9,,1,0.466,0.465,0.001,1,37.88,0.061,0.017,6,ready,9
2026-10-08 16:54:49.758,407.79,20261008_164801,bank,rest,,,,,88.9,,1,0.466,0.465,0.001,1,37.88,0.058,0.018,6,ready,9
2026-10-08 16:54:50.036,408.07,20261008_164801,bank,rest,,,,,88.9,,1,0.466,0.465,0.001,1,37.87,0.066,0.036,6,ready,9
2026-10-08 16:54:50.220,408.25,20261008_164801,bank,rest,,,,,92.7,,1,0.462,0.465,-0.003,1,37.84,0.109,0.059,6,ready,9
2026-10-08 16:54:50.387,408.42,20261008_164801,bank,rest,,,,,92.7,,1,0.464,0.465,-0.001,1,37.85,0.129,0.071,7,ready,9
2026-10-08 16:54:50.589,408.62,20261008_164801,bank,rest,,,,,92.7,,1,0.465,0.465,-0.001,1,37.85,0.136,0.076,7,ready,9
2026-10-08 16:54:50.798,408.83,20261008_164801,bank,rest,,,,,96.8,,1,0.465,0.465,-0.0,1,37.85,0.134,0.074,7,ready,9
2026-10-08 16:54:51.052,409.09,20261008_164801,bank,rest,,,,,96.8,,1,0.465,0.465,-0.0,1,37.85,0.142,0.075,8,ready,9
2026-10-08 16:54:51.268,409.3,20261008_164801,bank,rest,,,,,110.5,118.9,1,0.466,0.465,0.0,1,37.85,0.149,0.069,8,ready,9
2026-10-08 16:54:51.443,409.48,20261008_164801,bank,rest,,,,,110.5,118.9,1,0.466,0.465,0.0,1,37.86,0.14,0.064,9,ready,9
2026-10-08 16:54:51.631,409.66,20261008_164801,bank,rest,,,,,110.5,118.9,1,0.466,0.465,0.0,1,37.86,0.129,0.059,9,ready,9
2026-10-08 16:54:51.939,409.97,20261008_164801,bank,rest,,,,,110.5,118.9,1,0.466,0.465,0.0,1,37.86,0.119,0.054,9,ready,9
2026-10-08 16:54:52.043,410.08,20261008_164801,bank,rest,,,,,110.5,118.9,1,0.466,0.465,0.0,1,37.86,0.108,0.05,9,ready,9
2026-10-08 16:54:52.243,410.28,20261008_164801,bank,rest,,,,,110.5,118.9,1,0.465,0.465,0.0,1,37.86,0.099,0.045,9,ready,9
2026-10-08 16:54:52.468,410.5,20261008_164801,bank,rest,,,,,110.5,118.9,1,0.466,0.465,0.0,1,37.87,0.092,0.041,9,ready,9
2026-10-08 16:54:52.661,410.69,20261008_164801,bank,rest,,,,,110.5,118.9,1,0.466,0.465,0.001,1,37.87,0.084,0.038,9,ready,9
2026-10-08 16:54:52.866,410.9,20261008_164801,bank,rest,,,,,110.5,118.9,1,0.466,0.465,0.001,1,37.87,0.078,0.036,9,ready,9
2026-10-08 16:54:53.090,411.12,20261008_164801,bank,rest,,,,,,,1,0.466,0.465,0.001,1,37.87,0.074,0.032,8,ready,9
2026-10-08 16:54:53.417,411.45,20261008_164801,bank,rest,,,,,,,1,0.466,0.465,0.001,1,37.87,0.072,0.031,8,ready,9
2026-10-08 16:54:53.484,411.52,20261008_164801,bank,rest,,,,,,,1,0.467,0.465,0.002,1,37.87,0.069,0.028,7,ready,9
2026-10-08 16:54:53.705,411.74,20261008_164801,bank,rest,,,,,,,1,0.467,0.465,0.002,1,37.87,0.064,0.026,7,ready,9
2026-10-08 16:54:53.905,411.94,20261008_164801,bank,rest,,,,,105.0,,1,0.467,0.465,0.002,1,37.87,0.059,0.024,7,ready,9
2026-10-08 16:54:54.103,412.14,20261008_164801,bank,rest,,,,,105.0,,1,0.468,0.465,0.003,1,37.87,0.058,0.023,7,ready,9
2026-10-08 16:54:54.354,412.39,20261008_164801,bank,rest,,,,,105.0,,1,0.468,0.465,0.002,1,37.87,0.058,0.021,7,ready,9
2026-10-08 16:54:54.535,412.57,20261008_164801,bank,rest,,,,,105.0,,1,0.469,0.466,0.003,1,37.85,0.054,0.02,7,ready,9
2026-10-08 16:54:54.744,412.78,20261008_164801,bank,rest,,,,,90.2,,1,0.469,0.466,0.003,1,37.86,0.054,0.019,7,ready,9
2026-10-08 16:54:54.981,413.01,20261008_164801,bank,rest,,,,,90.2,,1,0.469,0.466,0.003,1,37.86,0.061,0.02,7,ready,9
2026-10-08 16:54:55.173,413.21,20261008_164801,bank,rest,,,,,90.2,,1,0.469,0.466,0.003,1,37.86,0.058,0.018,7,ready,9
2026-10-08 16:54:55.370,413.4,20261008_164801,bank,rest,,,,,86.0,,1,0.469,0.466,0.003,1,37.86,0.057,0.02,7,ready,9
2026-10-08 16:54:55.558,413.59,20261008_164801,bank,rest,,,,,86.0,,1,0.469,0.466,0.003,1,37.87,0.056,0.02,7,ready,9
2026-10-08 16:54:55.763,413.8,20261008_164801,bank,rest,,,,,86.0,,1,0.469,0.466,0.003,1,37.87,0.053,0.018,7,ready,9
2026-10-08 16:54:55.964,414.0,20261008_164801,bank,rest,,,,,86.0,,1,0.469,0.466,0.003,1,37.87,0.05,0.017,7,ready,9
2026-10-08 16:54:56.173,414.21,20261008_164801,bank,question,17,616,manual,lie,83.8,229.1,1,0.47,0.466,0.004,1,37.88,0.05,0.017,7,question,9
2026-10-08 16:54:56.382,414.42,20261008_164801,bank,question,17,616,manual,lie,83.8,229.1,1,0.469,0.466,0.004,1,37.88,0.051,0.017,7,question,9
2026-10-08 16:54:56.597,414.63,20261008_164801,bank,question,17,616,manual,lie,83.8,229.1,1,0.469,0.466,0.003,1,37.87,0.05,0.016,7,question,9
2026-10-08 16:54:56.795,414.83,20261008_164801,bank,question,17,616,manual,lie,83.8,205.3,1,0.47,0.466,0.004,1,37.87,0.048,0.015,7,question,9
2026-10-08 16:54:57.000,415.03,20261008_164801,bank,question,17,616,manual,lie,83.8,205.3,1,0.47,0.466,0.004,1,37.87,0.046,0.014,7,question,9
2026-10-08 16:54:57.245,415.28,20261008_164801,bank,question,17,616,manual,lie,83.8,205.3,1,0.47,0.466,0.004,1,37.88,0.046,0.013,7,question,9
2026-10-08 16:54:57.446,415.48,20261008_164801,bank,question,17,616,manual,lie,83.8,205.3,1,0.47,0.466,0.004,1,37.88,0.044,0.012,7,question,9
2026-10-08 16:54:57.616,415.65,20261008_164801,bank,question,17,616,manual,lie,83.8,192.2,1,0.47,0.466,0.004,1,37.88,0.041,0.014,7,question,9
2026-10-08 16:54:57.815,415.85,20261008_164801,bank,question,17,616,manual,lie,83.8,192.2,1,0.47,0.466,0.004,1,37.89,0.04,0.014,6,question,9
2026-10-08 16:54:58.015,416.05,20261008_164801,bank,question,17,616,manual,lie,83.8,192.2,1,0.47,0.466,0.004,1,37.89,0.043,0.016,6,question,9
2026-10-08 16:54:58.212,416.25,20261008_164801,bank,question,17,616,manual,lie,83.8,185.5,1,0.471,0.466,0.004,1,37.89,0.053,0.029,7,question,9
2026-10-08 16:54:58.412,416.45,20261008_164801,bank,question,17,616,manual,lie,83.8,185.5,1,0.47,0.466,0.004,1,37.89,0.063,0.04,7,question,9
2026-10-08 16:54:58.620,416.65,20261008_164801,bank,question,17,616,manual,lie,83.8,185.5,1,0.471,0.467,0.005,1,37.87,0.079,0.054,7,question,9
2026-10-08 16:54:58.819,416.85,20261008_164801,bank,question,17,616,manual,lie,83.8,185.5,1,0.471,0.467,0.004,1,37.87,0.098,0.065,7,question,9
2026-10-08 16:54:59.023,417.06,20261008_164801,bank,question,17,616,manual,lie,83.8,185.5,1,0.471,0.467,0.004,1,37.88,0.103,0.069,7,question,9
2026-10-08 16:54:59.330,417.36,20261008_164801,bank,question,17,616,manual,lie,83.8,185.5,1,0.471,0.467,0.004,1,37.88,0.096,0.063,7,question,9
2026-10-08 16:54:59.425,417.46,20261008_164801,bank,question,17,616,manual,lie,83.8,185.5,1,0.471,0.467,0.004,1,37.89,0.091,0.059,7,question,9
2026-10-08 16:54:59.623,417.66,20261008_164801,bank,question,17,616,manual,lie,83.8,185.5,1,0.471,0.467,0.004,1,37.86,0.093,0.055,7,question,9
2026-10-08 16:54:59.832,417.87,20261008_164801,bank,question,17,616,manual,lie,83.8,185.5,1,0.471,0.467,0.004,1,37.87,0.088,0.053,7,question,9
2026-10-08 16:55:00.044,418.08,20261008_164801,bank,question,17,616,manual,lie,83.8,185.5,1,0.472,0.467,0.005,1,37.87,0.091,0.05,7,question,9
2026-10-08 16:55:00.236,418.27,20261008_164801,bank,question,17,616,manual,lie,83.8,185.5,1,0.471,0.467,0.004,1,37.87,0.087,0.047,7,question,9
2026-10-08 16:55:00.441,418.47,20261008_164801,bank,question,17,616,manual,lie,83.8,185.5,1,0.472,0.467,0.005,1,37.87,0.079,0.044,7,question,9
2026-10-08 16:55:00.645,418.68,20261008_164801,bank,question,17,616,manual,lie,83.8,185.5,1,0.473,0.467,0.006,1,37.88,0.079,0.044,7,question,9
2026-10-08 16:55:00.852,418.89,20261008_164801,bank,question,17,616,manual,lie,87.2,190.0,1,0.473,0.467,0.006,1,37.88,0.077,0.045,7,question,8
2026-10-08 16:55:01.064,419.1,20261008_164801,bank,question,17,616,manual,lie,87.2,190.0,1,0.474,0.467,0.006,1,37.89,0.073,0.042,7,question,9
2026-10-08 16:55:01.287,419.32,20261008_164801,bank,question,17,616,manual,lie,87.2,190.0,1,0.474,0.467,0.007,1,37.89,0.067,0.04,7,question,9
2026-10-08 16:55:01.474,419.51,20261008_164801,bank,question,17,616,manual,lie,91.7,179.2,1,0.475,0.467,0.007,1,37.89,0.061,0.036,7,question,9
2026-10-08 16:55:01.698,419.73,20261008_164801,bank,question,17,616,manual,lie,91.7,179.2,1,0.475,0.468,0.008,1,37.9,0.06,0.033,8,question,9
2026-10-08 16:55:01.886,419.92,20261008_164801,bank,question,17,616,manual,lie,91.7,179.2,1,0.476,0.468,0.008,1,37.9,0.058,0.031,8,question,9
2026-10-08 16:55:02.093,420.13,20261008_164801,bank,question,17,616,manual,lie,93.7,170.0,1,0.476,0.468,0.009,1,37.9,0.054,0.028,8,question,9
2026-10-08 16:55:02.295,420.33,20261008_164801,bank,question,17,616,manual,lie,93.7,170.0,1,0.477,0.468,0.009,1,37.9,0.05,0.026,8,question,9
2026-10-08 16:55:02.503,420.54,20261008_164801,bank,question,17,616,manual,lie,93.7,170.0,1,0.478,0.468,0.01,1,37.9,0.048,0.024,8,question,9
2026-10-08 16:55:02.706,420.74,20261008_164801,bank,question,17,616,manual,lie,93.7,170.0,1,0.478,0.468,0.01,1,37.91,0.05,0.022,8,question,9
2026-10-08 16:55:02.911,420.94,20261008_164801,bank,question,17,616,manual,lie,93.7,99.6,1,0.479,0.468,0.011,1,37.9,0.049,0.02,8,question,9
2026-10-08 16:55:03.118,421.15,20261008_164801,bank,question,17,616,manual,lie,93.7,99.6,1,0.479,0.468,0.011,1,37.9,0.048,0.019,8,question,9
2026-10-08 16:55:03.427,421.46,20261008_164801,bank,question,17,616,manual,lie,94.1,108.0,1,0.479,0.469,0.011,1,37.91,0.044,0.018,8,question,9
2026-10-08 16:55:03.541,421.57,20261008_164801,bank,question,17,616,manual,lie,94.1,108.0,1,0.479,0.469,0.01,1,37.9,0.043,0.017,8,question,9
2026-10-08 16:55:03.741,421.77,20261008_164801,bank,question,17,616,manual,lie,95.8,106.1,1,0.479,0.469,0.01,1,37.9,0.042,0.015,8,question,9
2026-10-08 16:55:03.945,421.98,20261008_164801,bank,question,17,616,manual,lie,95.8,106.1,1,0.479,0.469,0.01,1,37.9,0.039,0.014,8,question,9
2026-10-08 16:55:04.154,422.19,20261008_164801,bank,question,17,616,manual,lie,95.8,106.1,1,0.479,0.469,0.01,1,37.9,0.038,0.013,8,question,9
2026-10-08 16:55:04.363,422.4,20261008_164801,bank,question,17,616,manual,lie,95.8,106.1,1,0.479,0.469,0.01,1,37.91,0.036,0.012,8,question,9
2026-10-08 16:55:04.565,422.6,20261008_164801,bank,question,17,616,manual,lie,95.8,106.1,1,0.48,0.469,0.01,1,37.91,0.035,0.011,8,question,9
2026-10-08 16:55:04.793,422.83,20261008_164801,bank,question,17,616,manual,lie,104.3,111.7,1,0.479,0.47,0.01,1,37.91,0.034,0.01,8,question,8
2026-10-08 16:55:04.979,423.01,20261008_164801,bank,question,17,616,manual,lie,104.3,111.7,1,0.48,0.47,0.011,1,37.91,0.032,0.01,8,question,8
2026-10-08 16:55:05.186,423.22,20261008_164801,bank,question,17,616,manual,lie,104.3,111.7,1,0.48,0.47,0.01,1,37.91,0.032,0.009,8,question,8
2026-10-08 16:55:05.399,423.43,20261008_164801,bank,question,17,616,manual,lie,104.3,111.7,1,0.48,0.47,0.01,1,37.91,0.031,0.008,8,question,8
2026-10-08 16:55:05.600,423.63,20261008_164801,bank,question,17,616,manual,lie,104.3,111.7,1,0.48,0.47,0.01,1,37.91,0.034,0.009,8,question,8
2026-10-08 16:55:05.809,423.84,20261008_164801,bank,question,17,616,manual,lie,104.3,111.7,1,0.479,0.47,0.009,1,37.91,0.034,0.009,8,question,9
2026-10-08 16:55:06.009,424.04,20261008_164801,bank,question,17,616,manual,lie,104.3,111.7,1,0.48,0.47,0.009,1,37.91,0.032,0.008,8,question,9
2026-10-08 16:55:06.211,424.24,20261008_164801,bank,question,17,616,manual,lie,104.3,111.7,1,0.48,0.47,0.009,1,37.92,0.034,0.008,8,question,9
2026-10-08 16:55:06.412,424.45,20261008_164801,bank,question,17,616,manual,lie,104.3,118.1,1,0.479,0.471,0.009,1,37.91,0.034,0.007,8,question,8
2026-10-08 16:55:06.609,424.64,20261008_164801,bank,question,17,616,manual,lie,104.3,118.1,1,0.48,0.471,0.009,1,37.91,0.036,0.008,8,question,8
2026-10-08 16:55:06.811,424.84,20261008_164801,bank,question,17,616,manual,lie,104.3,118.1,1,0.48,0.471,0.009,1,37.91,0.035,0.009,8,question,9
2026-10-08 16:55:07.017,425.05,20261008_164801,bank,question,17,616,manual,lie,104.3,118.1,1,0.48,0.471,0.009,1,37.91,0.037,0.009,8,question,9
2026-10-08 16:55:07.233,425.27,20261008_164801,bank,question,17,616,manual,lie,104.3,118.1,1,0.479,0.471,0.008,1,37.91,0.036,0.009,8,question,8
2026-10-08 16:55:07.429,425.46,20261008_164801,bank,question,17,616,manual,lie,104.3,118.1,1,0.48,0.471,0.009,1,37.91,0.037,0.008,8,question,8
2026-10-08 16:55:07.636,425.67,20261008_164801,bank,question,17,616,manual,lie,104.3,119.9,1,0.481,0.471,0.009,1,37.9,0.038,0.008,8,question,8
2026-10-08 16:55:07.843,425.88,20261008_164801,bank,recovery,17,616,manual,lie,104.3,119.9,1,0.481,0.472,0.009,1,37.9,0.039,0.008,8,ready,8
2026-10-08 16:55:08.053,426.09,20261008_164801,bank,recovery,17,616,manual,lie,104.3,119.9,1,0.48,0.472,0.008,1,37.9,0.039,0.009,8,ready,8
2026-10-08 16:55:08.259,426.29,20261008_164801,bank,recovery,17,616,manual,lie,95.7,114.3,1,0.483,0.472,0.011,1,37.87,0.039,0.01,8,ready,8
2026-10-08 16:55:08.470,426.5,20261008_164801,bank,recovery,17,616,manual,lie,95.7,114.3,1,0.482,0.472,0.01,1,37.87,0.038,0.01,8,ready,8
2026-10-08 16:55:08.747,426.78,20261008_164801,bank,recovery,17,616,manual,lie,95.7,114.3,1,0.481,0.472,0.009,1,37.86,0.042,0.009,8,ready,8
2026-10-08 16:55:08.876,426.91,20261008_164801,bank,recovery,17,616,manual,lie,95.7,114.3,1,0.481,0.472,0.009,1,37.87,0.041,0.009,8,ready,8
2026-10-08 16:55:09.077,427.11,20261008_164801,bank,recovery,17,616,manual,lie,95.1,107.1,1,0.481,0.472,0.009,1,37.87,0.039,0.008,8,ready,8
2026-10-08 16:55:09.282,427.32,20261008_164801,bank,recovery,17,616,manual,lie,95.1,107.1,1,0.481,0.472,0.009,1,37.87,0.038,0.008,8,ready,8
2026-10-08 16:55:09.488,427.52,20261008_164801,bank,recovery,17,616,manual,lie,95.1,107.1,1,0.481,0.472,0.008,1,37.87,0.04,0.008,8,ready,8
2026-10-08 16:55:09.697,427.73,20261008_164801,bank,recovery,17,616,manual,lie,95.1,107.1,1,0.481,0.473,0.009,1,37.88,0.039,0.008,8,ready,8
2026-10-08 16:55:09.901,427.93,20261008_164801,bank,recovery,17,616,manual,lie,95.1,107.1,1,0.483,0.473,0.01,1,37.88,0.04,0.007,8,ready,8
2026-10-08 16:55:10.109,428.14,20261008_164801,bank,recovery,17,616,manual,lie,95.1,79.0,1,0.484,0.473,0.011,1,37.88,0.044,0.009,8,ready,8
2026-10-08 16:55:10.318,428.35,20261008_164801,bank,recovery,17,616,manual,lie,95.1,79.0,1,0.485,0.473,0.012,1,37.88,0.047,0.01,8,ready,8
2026-10-08 16:55:10.540,428.57,20261008_164801,bank,recovery,17,616,manual,lie,95.1,79.0,1,0.485,0.473,0.012,1,37.88,0.052,0.011,8,ready,8
2026-10-08 16:55:10.730,428.76,20261008_164801,bank,recovery,17,616,manual,lie,95.1,79.0,1,0.485,0.473,0.011,1,37.87,0.065,0.023,8,ready,8
2026-10-08 16:55:10.940,428.97,20261008_164801,bank,rest,,,,,95.1,79.0,1,0.483,0.473,0.01,1,37.87,0.184,0.106,9,ready,8
2026-10-08 16:55:11.161,429.19,20261008_164801,bank,rest,,,,,95.1,79.0,1,0.483,0.474,0.01,1,37.87,0.194,0.11,10,ready,8
2026-10-08 16:55:11.376,429.41,20261008_164801,bank,rest,,,,,95.1,79.0,1,0.483,0.474,0.01,1,37.87,0.202,0.113,10,ready,8
2026-10-08 16:55:11.556,429.59,20261008_164801,bank,rest,,,,,95.1,79.0,1,0.485,0.474,0.011,1,37.87,0.188,0.103,11,ready,8
2026-10-08 16:55:11.886,429.92,20261008_164801,bank,rest,,,,,95.1,79.0,1,0.484,0.474,0.01,1,37.88,0.173,0.097,11,ready,8
2026-10-08 16:55:11.972,430.01,20261008_164801,bank,recovery,18,617,manual,lie,95.1,79.0,1,0.484,0.474,0.01,1,37.88,0.17,0.091,11,ready,8
2026-10-08 16:55:12.179,430.21,20261008_164801,bank,question,18,617,manual,lie,95.1,79.0,1,0.484,0.474,0.009,1,37.88,0.158,0.084,11,question,8
2026-10-08 16:55:12.380,430.41,20261008_164801,bank,question,18,617,manual,lie,95.1,79.0,1,0.486,0.474,0.012,1,37.88,0.147,0.078,11,question,8
2026-10-08 16:55:12.587,430.62,20261008_164801,bank,question,18,617,manual,lie,95.1,79.0,1,0.485,0.475,0.011,1,37.88,0.136,0.071,11,question,8
2026-10-08 16:55:12.807,430.84,20261008_164801,bank,question,18,617,manual,lie,95.1,79.0,1,0.485,0.475,0.01,1,37.88,0.127,0.065,11,question,8
2026-10-08 16:55:13.049,431.08,20261008_164801,bank,question,18,617,manual,lie,,,1,0.487,0.475,0.012,1,37.88,0.125,0.06,11,question,8
2026-10-08 16:55:13.210,431.24,20261008_164801,bank,question,18,617,manual,lie,,,1,0.488,0.475,0.013,1,37.88,0.122,0.057,10,question,8
2026-10-08 16:55:13.432,431.47,20261008_164801,bank,question,18,617,manual,lie,62.1,,1,0.488,0.475,0.013,1,37.89,0.116,0.052,10,question,8
2026-10-08 16:55:13.623,431.66,20261008_164801,bank,question,18,617,manual,lie,142.4,,1,0.488,0.475,0.013,1,37.86,0.108,0.048,11,question,8
2026-10-08 16:55:13.854,431.89,20261008_164801,bank,question,18,617,manual,lie,142.4,,1,0.486,0.475,0.01,1,37.84,0.101,0.045,12,question,8
2026-10-08 16:55:14.037,432.07,20261008_164801,bank,question,18,617,manual,lie,153.5,,1,0.487,0.476,0.011,1,37.86,0.09,0.039,13,question,8
2026-10-08 16:55:14.242,432.28,20261008_164801,bank,question,18,617,manual,lie,153.5,,1,0.486,0.476,0.01,1,37.86,0.083,0.036,14,question,8
2026-10-08 16:55:14.445,432.48,20261008_164801,bank,question,18,617,manual,lie,153.5,,1,0.486,0.476,0.01,1,37.86,0.076,0.033,14,question,8
2026-10-08 16:55:14.651,432.68,20261008_164801,bank,question,18,617,manual,lie,153.5,,1,0.488,0.476,0.012,1,37.87,0.073,0.03,15,question,8
2026-10-08 16:55:14.865,432.9,20261008_164801,bank,question,18,617,manual,lie,153.5,,1,0.488,0.476,0.012,1,37.87,0.07,0.028,15,question,8
2026-10-08 16:55:15.097,433.13,20261008_164801,bank,question,18,617,manual,lie,153.5,,1,0.488,0.476,0.011,1,37.87,0.069,0.025,15,question,8
2026-10-08 16:55:15.270,433.3,20261008_164801,bank,question,18,617,manual,lie,153.5,,1,0.488,0.477,0.011,1,37.86,0.066,0.024,15,question,8
2026-10-08 16:55:15.477,433.51,20261008_164801,bank,question,18,617,manual,lie,153.5,,1,0.487,0.477,0.01,1,37.86,0.061,0.021,15,question,8
2026-10-08 16:55:15.675,433.71,20261008_164801,bank,question,18,617,manual,lie,153.5,,1,0.488,0.477,0.011,1,37.87,0.058,0.02,15,question,8
2026-10-08 16:55:15.887,433.92,20261008_164801,bank,question,18,617,manual,lie,153.5,,1,0.488,0.477,0.011,1,37.87,0.055,0.018,15,question,8
2026-10-08 16:55:16.088,434.12,20261008_164801,bank,question,18,617,manual,lie,153.5,,1,0.487,0.477,0.01,1,37.85,0.053,0.017,15,question,8
2026-10-08 16:55:16.299,434.33,20261008_164801,bank,question,18,617,manual,lie,153.5,,1,0.488,0.477,0.011,1,37.86,0.053,0.016,15,question,8
2026-10-08 16:55:16.501,434.53,20261008_164801,bank,question,18,617,manual,lie,153.5,,1,0.49,0.478,0.013,1,37.87,0.05,0.015,15,question,8
2026-10-08 16:55:16.710,434.74,20261008_164801,bank,question,18,617,manual,lie,153.5,,1,0.49,0.478,0.013,1,37.87,0.047,0.014,15,question,8
2026-10-08 16:55:18.802,436.84,20261008_164801,bank,question,18,617,manual,lie,153.5,,1,0.49,0.479,0.011,1,37.89,0.055,0.026,15,question,8
2026-10-08 16:55:19.007,437.04,20261008_164801,bank,question,18,617,manual,lie,,,1,0.492,0.479,0.013,1,37.89,0.053,0.026,13,question,8
2026-10-08 16:55:19.214,437.25,20261008_164801,bank,question,18,617,manual,lie,,,1,0.492,0.479,0.013,1,37.89,0.059,0.025,12,question,8
2026-10-08 16:55:19.426,437.46,20261008_164801,bank,question,18,617,manual,lie,,,1,0.492,0.48,0.012,1,37.89,0.083,0.027,11,question,8
2026-10-08 16:55:19.633,437.67,20261008_164801,bank,question,18,617,manual,lie,142.4,,1,0.491,0.48,0.011,1,37.89,0.079,0.025,12,question,8
2026-10-08 16:55:19.829,437.86,20261008_164801,bank,question,18,617,manual,lie,166.5,549.5,1,0.491,0.48,0.011,1,37.9,0.081,0.031,13,question,8
2026-10-08 16:55:20.075,438.11,20261008_164801,bank,question,18,617,manual,lie,166.5,549.5,1,0.491,0.48,0.011,1,37.9,0.077,0.029,14,question,8
2026-10-08 16:55:20.261,438.29,20261008_164801,bank,question,18,617,manual,lie,166.5,549.5,1,0.488,0.48,0.008,1,37.88,0.075,0.028,15,question,8
2026-10-08 16:55:20.448,438.48,20261008_164801,bank,question,18,617,manual,lie,166.5,549.5,1,0.489,0.48,0.009,1,37.88,0.073,0.026,16,question,8
2026-10-08 16:55:20.655,438.69,20261008_164801,bank,question,18,617,manual,lie,166.5,549.5,1,0.489,0.48,0.009,1,37.89,0.069,0.024,16,question,8
2026-10-08 16:55:22.815,440.85,20261008_164801,bank,question,18,617,manual,lie,172.9,549.5,1,0.489,0.482,0.007,1,37.88,0.055,0.016,19,question,8
2026-10-08 16:55:23.082,441.12,20261008_164801,bank,question,18,617,manual,lie,172.9,549.5,1,0.49,0.482,0.008,1,37.86,0.054,0.017,19,question,8
2026-10-08 16:55:23.226,441.26,20261008_164801,bank,question,18,617,manual,lie,,,1,0.489,0.482,0.007,1,37.87,0.05,0.015,16,question,8
2026-10-08 16:55:23.424,441.46,20261008_164801,bank,question,18,617,manual,lie,,,1,0.489,0.482,0.007,1,37.88,0.047,0.014,14,question,8
2026-10-08 16:55:23.626,441.66,20261008_164801,bank,question,18,617,manual,lie,140.1,,1,0.487,0.482,0.005,1,37.88,0.043,0.013,14,question,8
2026-10-08 16:55:23.836,441.87,20261008_164801,bank,question,18,617,manual,lie,140.1,,1,0.488,0.482,0.006,1,37.89,0.041,0.012,14,question,8
2026-10-08 16:55:24.045,442.08,20261008_164801,bank,recovery,18,617,manual,lie,140.1,,1,0.49,0.482,0.007,1,37.89,0.039,0.011,14,ready,8
2026-10-08 16:55:24.244,442.28,20261008_164801,bank,recovery,18,617,manual,lie,115.0,,1,0.488,0.482,0.006,1,37.9,0.038,0.011,13,ready,8
2026-10-08 16:55:24.451,442.48,20261008_164801,bank,recovery,18,617,manual,lie,115.0,,1,0.488,0.483,0.006,1,37.87,0.037,0.01,12,ready,8
2026-10-08 16:55:24.658,442.69,20261008_164801,bank,recovery,18,617,manual,lie,115.0,,1,0.487,0.483,0.005,1,37.86,0.038,0.009,12,ready,8
2026-10-08 16:55:24.871,442.9,20261008_164801,bank,recovery,18,617,manual,lie,104.0,,1,0.488,0.483,0.006,1,37.86,0.038,0.009,11,ready,8
2026-10-08 16:55:25.071,443.11,20261008_164801,bank,recovery,18,617,manual,lie,104.0,,1,0.49,0.483,0.007,1,37.87,0.036,0.008,11,ready,8
2026-10-08 16:55:25.283,443.32,20261008_164801,bank,recovery,18,617,manual,lie,104.0,,1,0.491,0.483,0.008,1,37.88,0.036,0.008,11,ready,8
2026-10-08 16:55:25.479,443.51,20261008_164801,bank,recovery,18,617,manual,lie,103.4,209.8,1,0.492,0.483,0.009,1,37.88,0.036,0.008,10,ready,8
2026-10-08 16:55:25.756,443.79,20261008_164801,bank,recovery,18,617,manual,lie,103.4,209.8,1,0.494,0.483,0.011,1,37.89,0.037,0.011,10,ready,8
2026-10-08 16:55:25.889,443.92,20261008_164801,bank,recovery,18,617,manual,lie,103.4,209.8,1,0.49,0.483,0.007,1,37.88,0.034,0.013,10,ready,8
2026-10-08 16:55:26.095,444.13,20261008_164801,bank,recovery,18,617,manual,lie,99.2,188.0,1,0.491,0.483,0.008,1,37.88,0.04,0.013,10,ready,8
2026-10-08 16:55:26.304,444.34,20261008_164801,bank,rest,,,,,99.2,188.0,1,0.492,0.483,0.009,1,37.89,0.04,0.014,9,ready,8
2026-10-08 16:55:26.513,444.55,20261008_164801,bank,rest,,,,,99.2,188.0,1,0.495,0.484,0.011,1,37.89,0.041,0.012,9,ready,8
2026-10-08 16:55:26.718,444.75,20261008_164801,bank,rest,,,,,99.2,188.0,1,0.495,0.484,0.011,1,37.9,0.04,0.011,9,ready,8
2026-10-08 16:55:26.926,444.96,20261008_164801,bank,rest,,,,,99.2,188.0,1,0.495,0.484,0.011,1,37.9,0.038,0.012,9,ready,8
2026-10-08 16:55:27.138,445.17,20261008_164801,bank,rest,,,,,99.2,188.0,1,0.493,0.484,0.009,1,37.9,0.036,0.014,9,ready,8
2026-10-08 16:55:27.342,445.38,20261008_164801,bank,rest,,,,,99.2,188.0,1,0.493,0.484,0.008,1,37.9,0.054,0.02,9,ready,8
2026-10-08 16:55:27.550,445.58,20261008_164801,bank,rest,,,,,99.2,188.0,1,0.493,0.484,0.008,1,37.91,0.062,0.022,9,ready,8
2026-10-08 16:55:27.763,445.8,20261008_164801,bank,rest,,,,,99.2,188.0,1,0.491,0.484,0.007,1,37.91,0.068,0.023,9,ready,8
2026-10-08 16:55:27.960,445.99,20261008_164801,bank,rest,,,,,99.2,188.0,1,0.489,0.485,0.005,1,37.91,0.069,0.022,9,ready,8
2026-10-08 16:55:28.167,446.2,20261008_164801,bank,rest,,,,,99.2,188.0,1,0.491,0.485,0.006,1,37.91,0.066,0.023,9,ready,8
2026-10-08 16:55:28.377,446.41,20261008_164801,bank,rest,,,,,99.2,188.0,1,0.493,0.485,0.008,1,37.91,0.066,0.023,9,ready,8
2026-10-08 16:55:28.579,446.61,20261008_164801,bank,rest,,,,,99.2,188.0,1,0.492,0.485,0.007,1,37.91,0.061,0.022,9,ready,8
2026-10-08 16:55:28.816,446.85,20261008_164801,bank,rest,,,,,99.2,188.0,1,0.489,0.485,0.004,1,37.91,0.058,0.02,9,ready,8
2026-10-08 16:55:28.995,447.03,20261008_164801,bank,question,19,618,manual,lie,99.2,188.0,1,0.491,0.485,0.006,1,37.91,0.056,0.019,9,question,8
2026-10-08 16:55:29.194,447.23,20261008_164801,bank,question,19,618,manual,lie,99.2,188.0,1,0.49,0.485,0.005,1,37.9,0.055,0.018,9,question,8
2026-10-08 16:55:29.429,447.46,20261008_164801,bank,question,19,618,manual,lie,99.2,188.0,1,0.489,0.485,0.004,1,37.89,0.058,0.017,9,question,8
2026-10-08 16:55:29.647,447.68,20261008_164801,bank,question,19,618,manual,lie,94.9,188.0,1,0.49,0.485,0.005,1,37.9,0.058,0.017,9,question,8
2026-10-08 16:55:29.813,447.85,20261008_164801,bank,question,19,618,manual,lie,94.9,188.0,1,0.491,0.485,0.006,1,37.9,0.057,0.016,9,question,8
2026-10-08 16:55:30.018,448.05,20261008_164801,bank,question,19,618,manual,lie,94.9,188.0,1,0.493,0.485,0.007,1,37.9,0.053,0.014,9,question,8
2026-10-08 16:55:30.226,448.26,20261008_164801,bank,question,19,618,manual,lie,94.9,188.0,1,0.492,0.485,0.006,1,37.9,0.057,0.014,9,question,9
2026-10-08 16:55:30.443,448.48,20261008_164801,bank,question,19,618,manual,lie,94.9,188.0,1,0.489,0.485,0.003,1,37.9,0.058,0.014,9,question,9
2026-10-08 16:55:30.643,448.68,20261008_164801,bank,question,19,618,manual,lie,94.9,188.0,1,0.49,0.486,0.004,1,37.9,0.063,0.014,9,question,8
2026-10-08 16:55:30.850,448.88,20261008_164801,bank,question,19,618,manual,lie,94.9,188.0,1,0.49,0.486,0.004,1,37.9,0.06,0.014,9,question,8
2026-10-08 16:55:31.069,449.1,20261008_164801,bank,question,19,618,manual,lie,94.9,188.0,1,0.491,0.486,0.005,1,37.9,0.058,0.015,9,question,8
2026-10-08 16:55:31.267,449.3,20261008_164801,bank,question,19,618,manual,lie,94.9,188.0,1,0.492,0.486,0.006,1,37.89,0.058,0.015,9,question,8
2026-10-08 16:55:31.485,449.52,20261008_164801,bank,question,19,618,manual,lie,94.9,188.0,1,0.491,0.486,0.005,1,37.87,0.055,0.013,9,question,8
2026-10-08 16:55:31.794,449.83,20261008_164801,bank,question,19,618,manual,lie,94.9,188.0,1,0.489,0.486,0.003,1,37.87,0.052,0.013,9,question,8
2026-10-08 16:55:31.881,449.91,20261008_164801,bank,question,19,618,manual,lie,94.9,188.0,1,0.488,0.486,0.002,1,37.87,0.048,0.012,9,question,8
2026-10-08 16:55:32.093,450.13,20261008_164801,bank,question,19,618,manual,lie,94.9,188.0,1,0.489,0.486,0.003,1,37.88,0.045,0.012,9,question,8
2026-10-08 16:55:32.296,450.33,20261008_164801,bank,question,19,618,manual,lie,94.9,188.0,1,0.49,0.486,0.004,1,37.88,0.043,0.012,8,question,8
2026-10-08 16:55:32.523,450.56,20261008_164801,bank,question,19,618,manual,lie,94.9,188.0,1,0.491,0.486,0.005,1,37.88,0.042,0.011,8,question,8
2026-10-08 16:55:32.707,450.74,20261008_164801,bank,question,19,618,manual,lie,92.6,171.6,1,0.49,0.486,0.004,1,37.88,0.045,0.01,8,question,8
2026-10-08 16:55:32.932,450.97,20261008_164801,bank,question,19,618,manual,lie,92.6,171.6,1,0.49,0.486,0.003,1,37.86,0.041,0.009,8,question,8
2026-10-08 16:55:33.224,451.26,20261008_164801,bank,question,19,618,manual,lie,92.6,159.0,1,0.485,0.486,-0.001,1,37.86,0.039,0.009,8,question,8
2026-10-08 16:55:33.359,451.39,20261008_164801,bank,question,19,618,manual,lie,92.6,159.0,1,0.473,0.486,-0.013,1,37.87,0.045,0.017,8,question,8
2026-10-08 16:55:33.561,451.59,20261008_164801,bank,question,19,618,manual,lie,92.6,159.0,1,0.455,0.486,-0.03,1,37.87,0.047,0.024,8,question,8
2026-10-08 16:55:33.751,451.78,20261008_164801,bank,question,19,618,manual,lie,92.6,159.0,1,0.441,0.485,-0.044,1,37.87,0.049,0.024,7,question,8
2026-10-08 16:55:33.975,452.01,20261008_164801,bank,question,19,618,manual,lie,92.6,159.0,1,0.432,0.484,-0.052,1,37.87,0.052,0.022,7,question,8
2026-10-08 16:55:34.153,452.19,20261008_164801,bank,question,19,618,manual,lie,92.6,159.0,1,0.449,0.484,-0.035,1,37.88,0.054,0.02,7,question,8
2026-10-08 16:55:34.362,452.4,20261008_164801,bank,question,19,618,manual,lie,92.6,159.0,1,0.464,0.484,-0.02,1,37.88,0.055,0.018,7,question,8
2026-10-08 16:55:34.575,452.61,20261008_164801,bank,question,19,618,manual,lie,92.6,159.0,1,0.473,0.483,-0.011,1,37.88,0.053,0.017,7,question,8
2026-10-08 16:55:34.861,452.89,20261008_164801,bank,question,19,618,manual,lie,92.6,159.0,1,0.479,0.483,-0.005,1,37.88,0.05,0.015,7,question,8
2026-10-08 16:55:35.001,453.03,20261008_164801,bank,question,19,618,manual,lie,92.6,159.0,1,0.481,0.483,-0.002,1,37.88,0.047,0.014,7,question,8
2026-10-08 16:55:35.185,453.22,20261008_164801,bank,question,19,618,manual,lie,92.6,159.0,1,0.486,0.483,0.003,1,37.88,0.045,0.013,7,question,8
2026-10-08 16:55:35.574,453.61,20261008_164801,bank,question,19,618,manual,lie,92.6,159.0,1,0.488,0.483,0.004,1,37.89,0.047,0.012,7,question,8
2026-10-08 16:55:35.595,453.63,20261008_164801,bank,question,19,618,manual,lie,92.6,159.0,1,0.489,0.484,0.005,1,37.89,0.052,0.013,8,question,8
2026-10-08 16:55:35.886,453.92,20261008_164801,bank,question,19,618,manual,lie,92.6,159.0,1,0.49,0.484,0.006,1,37.89,0.052,0.012,8,question,8
2026-10-08 16:55:36.007,454.04,20261008_164801,bank,question,19,618,manual,lie,92.0,159.0,1,0.489,0.484,0.005,1,37.87,0.052,0.013,8,question,8
2026-10-08 16:55:36.214,454.25,20261008_164801,bank,question,19,618,manual,lie,92.0,159.0,1,0.487,0.484,0.004,1,37.86,0.05,0.012,8,question,8
2026-10-08 16:55:36.425,454.46,20261008_164801,bank,question,19,618,manual,lie,92.0,159.0,1,0.49,0.484,0.006,1,37.87,0.049,0.013,8,question,8
2026-10-08 16:55:36.630,454.66,20261008_164801,bank,question,19,618,manual,lie,92.0,159.0,1,0.49,0.484,0.006,1,37.87,0.048,0.012,8,question,8
2026-10-08 16:55:36.905,454.94,20261008_164801,bank,question,19,618,manual,lie,92.0,150.5,1,0.489,0.484,0.005,1,37.88,0.047,0.011,8,question,8
2026-10-08 16:55:37.038,455.07,20261008_164801,bank,question,19,618,manual,lie,92.0,150.5,1,0.489,0.484,0.005,1,37.88,0.048,0.011,8,question,8
2026-10-08 16:55:37.247,455.28,20261008_164801,bank,question,19,618,manual,lie,92.0,144.4,1,0.486,0.484,0.002,1,37.88,0.044,0.01,8,question,8
2026-10-08 16:55:37.459,455.49,20261008_164801,bank,question,19,618,manual,lie,92.0,144.4,1,0.488,0.484,0.004,1,37.88,0.042,0.01,8,question,8
2026-10-08 16:55:37.731,455.76,20261008_164801,bank,question,19,618,manual,lie,92.0,144.4,1,0.488,0.484,0.004,1,37.88,0.041,0.009,8,question,8
2026-10-08 16:55:37.875,455.91,20261008_164801,bank,question,19,618,manual,lie,92.0,144.4,1,0.488,0.484,0.004,1,37.89,0.041,0.009,8,question,8
2026-10-08 16:55:38.077,456.11,20261008_164801,bank,question,19,618,manual,lie,92.0,144.4,1,0.487,0.484,0.003,1,37.89,0.043,0.012,8,question,8
2026-10-08 16:55:38.400,456.43,20261008_164801,bank,question,19,618,manual,lie,84.0,110.3,1,0.489,0.484,0.005,1,37.89,0.041,0.013,8,question,8
2026-10-08 16:55:38.504,456.54,20261008_164801,bank,question,19,618,manual,lie,84.0,110.3,1,0.489,0.484,0.004,1,37.87,0.04,0.012,8,question,8
2026-10-08 16:55:38.697,456.73,20261008_164801,bank,question,19,618,manual,lie,84.0,110.3,1,0.489,0.484,0.005,1,37.87,0.04,0.011,8,question,8
2026-10-08 16:55:38.904,456.94,20261008_164801,bank,question,19,618,manual,lie,84.0,110.3,1,0.489,0.484,0.005,1,37.88,0.041,0.01,7,question,8
2026-10-08 16:55:39.116,457.15,20261008_164801,bank,question,19,618,manual,lie,77.1,107.8,1,0.488,0.485,0.004,1,37.88,0.036,0.009,7,question,8
2026-10-08 16:55:39.320,457.35,20261008_164801,bank,question,19,618,manual,lie,77.1,107.8,1,0.489,0.485,0.005,1,37.88,0.035,0.009,7,question,8
2026-10-08 16:55:39.524,457.56,20261008_164801,bank,question,19,618,manual,lie,84.0,120.5,1,0.488,0.485,0.003,1,37.89,0.04,0.01,7,question,8
2026-10-08 16:55:39.778,457.81,20261008_164801,bank,question,19,618,manual,lie,84.0,120.5,1,0.487,0.485,0.002,1,37.89,0.038,0.009,7,question,8
2026-10-08 16:55:39.976,458.01,20261008_164801,bank,question,19,618,manual,lie,84.0,120.5,1,0.487,0.485,0.002,1,37.89,0.038,0.009,7,question,8
2026-10-08 16:55:40.145,458.18,20261008_164801,bank,question,19,618,manual,lie,88.6,129.6,1,0.486,0.485,0.001,1,37.89,0.036,0.01,7,question,8
2026-10-08 16:55:40.353,458.39,20261008_164801,bank,question,19,618,manual,lie,88.6,129.6,1,0.488,0.485,0.003,1,37.89,0.036,0.009,7,question,8
2026-10-08 16:55:40.558,458.59,20261008_164801,bank,question,19,618,manual,lie,88.6,129.6,1,0.487,0.485,0.003,1,37.89,0.035,0.009,7,question,8
2026-10-08 16:55:40.760,458.79,20261008_164801,bank,recovery,19,618,manual,lie,88.6,126.7,1,0.487,0.485,0.002,1,37.9,0.032,0.008,7,ready,8
2026-10-08 16:55:42.904,460.94,20261008_164801,bank,recovery,19,618,manual,lie,93.7,126.7,1,0.488,0.485,0.003,1,37.91,0.044,0.017,8,ready,8
2026-10-08 16:55:43.087,461.12,20261008_164801,bank,recovery,19,618,manual,lie,93.7,126.7,1,0.488,0.485,0.003,1,37.91,0.047,0.016,8,ready,8
2026-10-08 16:55:43.287,461.32,20261008_164801,bank,recovery,19,618,manual,lie,93.7,142.6,1,0.487,0.485,0.002,1,37.91,0.048,0.016,8,ready,8
2026-10-08 16:55:43.577,461.61,20261008_164801,bank,recovery,19,618,manual,lie,93.7,142.6,1,0.485,0.485,0.0,1,37.9,0.046,0.015,8,ready,8
2026-10-08 16:55:43.687,461.72,20261008_164801,bank,recovery,19,618,manual,lie,93.7,142.6,1,0.484,0.485,-0.001,1,37.91,0.045,0.015,8,ready,8
2026-10-08 16:55:43.976,462.01,20261008_164801,bank,rest,,,,,93.7,142.6,1,0.485,0.485,-0.001,1,37.91,0.041,0.014,8,ready,8
2026-10-08 16:55:44.092,462.13,20261008_164801,bank,rest,,,,,93.7,142.6,1,0.484,0.485,-0.002,1,37.9,0.04,0.013,8,ready,8
2026-10-08 16:55:44.292,462.33,20261008_164801,bank,rest,,,,,93.7,142.6,1,0.484,0.485,-0.001,1,37.9,0.041,0.015,8,ready,8
2026-10-08 16:55:44.491,462.53,20261008_164801,bank,rest,,,,,93.7,142.6,1,0.483,0.485,-0.002,1,37.9,0.054,0.019,8,ready,8
2026-10-08 16:55:44.692,462.73,20261008_164801,bank,rest,,,,,93.7,142.6,1,0.485,0.485,-0.0,1,37.91,0.052,0.02,8,ready,8
2026-10-08 16:55:44.894,462.93,20261008_164801,bank,rest,,,,,93.7,142.6,1,0.486,0.485,0.001,1,37.91,0.061,0.022,8,ready,8
2026-10-08 16:55:45.095,463.13,20261008_164801,bank,rest,,,,,93.7,142.6,1,0.486,0.485,0.001,1,37.91,0.076,0.022,8,ready,8
2026-10-08 16:55:45.304,463.34,20261008_164801,bank,rest,,,,,93.7,142.6,1,0.486,0.485,0.001,1,37.91,0.081,0.03,8,ready,8
2026-10-08 16:55:45.509,463.54,20261008_164801,bank,rest,,,,,93.7,151.0,1,0.486,0.485,0.001,1,37.91,0.076,0.029,8,ready,8
2026-10-08 16:55:45.710,463.74,20261008_164801,bank,rest,,,,,93.7,151.0,1,0.486,0.485,0.0,1,37.91,0.07,0.027,8,ready,8
2026-10-08 16:55:45.978,464.01,20261008_164801,bank,rest,,,,,93.7,151.0,1,0.485,0.485,-0.0,1,37.91,0.065,0.026,8,ready,8
2026-10-08 16:55:46.129,464.16,20261008_164801,bank,rest,,,,,78.9,143.1,1,0.484,0.485,-0.001,1,37.91,0.061,0.024,8,ready,8
2026-10-08 16:55:46.329,464.36,20261008_164801,bank,question,20,619,manual,lie,78.9,143.1,1,0.484,0.485,-0.001,1,37.92,0.064,0.022,8,question,8
2026-10-08 16:55:46.523,464.56,20261008_164801,bank,question,20,619,manual,lie,78.9,143.1,1,0.486,0.485,0.001,1,37.92,0.06,0.021,8,question,8
2026-10-08 16:55:46.738,464.77,20261008_164801,bank,question,20,619,manual,lie,78.9,143.1,1,0.485,0.485,-0.0,1,37.92,0.058,0.019,8,question,8
2026-10-08 16:55:46.934,464.97,20261008_164801,bank,question,20,619,manual,lie,78.9,145.7,1,0.485,0.485,-0.0,1,37.92,0.059,0.018,8,question,8
2026-10-08 16:55:47.148,465.18,20261008_164801,bank,question,20,619,manual,lie,78.9,145.7,1,0.485,0.485,0.0,1,37.92,0.056,0.016,7,question,8
2026-10-08 16:55:47.356,465.39,20261008_164801,bank,question,20,619,manual,lie,78.9,145.7,1,0.484,0.485,-0.001,1,37.92,0.053,0.016,7,question,8
2026-10-08 16:55:47.554,465.59,20261008_164801,bank,question,20,619,manual,lie,78.9,145.7,1,0.485,0.485,-0.0,1,37.92,0.049,0.015,7,question,8
2026-10-08 16:55:47.761,465.79,20261008_164801,bank,question,20,619,manual,lie,78.9,145.7,1,0.485,0.485,-0.0,1,37.92,0.048,0.014,7,question,8
2026-10-08 16:55:47.962,466.0,20261008_164801,bank,question,20,619,manual,lie,78.9,145.7,1,0.484,0.485,-0.001,1,37.92,0.046,0.012,7,question,8
2026-10-08 16:55:48.171,466.2,20261008_164801,bank,question,20,619,manual,lie,78.9,145.7,1,0.484,0.485,-0.001,1,37.93,0.052,0.014,7,question,8
2026-10-08 16:55:48.380,466.41,20261008_164801,bank,question,20,619,manual,lie,78.9,145.7,1,0.484,0.485,-0.001,1,37.93,0.053,0.013,7,question,8
2026-10-08 16:55:48.586,466.62,20261008_164801,bank,question,20,619,manual,lie,78.9,145.7,1,0.483,0.485,-0.002,1,37.93,0.054,0.013,7,question,8
2026-10-08 16:55:48.799,466.83,20261008_164801,bank,question,20,619,manual,lie,78.9,145.7,1,0.485,0.485,-0.0,1,37.93,0.052,0.013,7,question,8
2026-10-08 16:55:49.001,467.03,20261008_164801,bank,question,20,619,manual,lie,78.9,146.0,1,0.486,0.485,0.001,1,37.93,0.048,0.012,7,question,8
2026-10-08 16:55:49.201,467.23,20261008_164801,bank,question,20,619,manual,lie,78.9,146.0,1,0.487,0.485,0.002,1,37.93,0.057,0.013,7,question,8
2026-10-08 16:55:49.401,467.44,20261008_164801,bank,question,20,619,manual,lie,91.5,117.8,1,0.486,0.485,0.001,1,37.9,0.052,0.012,7,question,8
2026-10-08 16:55:49.610,467.64,20261008_164801,bank,question,20,619,manual,lie,91.5,117.8,1,0.483,0.485,-0.002,1,37.91,0.05,0.012,7,question,8
2026-10-08 16:55:49.815,467.85,20261008_164801,bank,question,20,619,manual,lie,91.5,117.8,1,0.485,0.485,0.0,1,37.91,0.046,0.011,7,question,8
2026-10-08 16:55:50.022,468.06,20261008_164801,bank,question,20,619,manual,lie,91.5,117.8,1,0.487,0.485,0.001,1,37.91,0.042,0.01,7,question,8
2026-10-08 16:55:50.221,468.25,20261008_164801,bank,question,20,619,manual,lie,91.5,146.1,1,0.486,0.485,0.001,1,37.91,0.041,0.009,7,question,8
2026-10-08 16:55:50.432,468.47,20261008_164801,bank,question,20,619,manual,lie,91.5,146.1,1,0.485,0.485,-0.001,1,37.91,0.04,0.009,7,question,8
2026-10-08 16:55:50.639,468.67,20261008_164801,bank,question,20,619,manual,lie,91.5,146.1,1,0.484,0.485,-0.001,1,37.92,0.047,0.009,8,question,8
2026-10-08 16:55:50.842,468.88,20261008_164801,bank,question,20,619,manual,lie,91.5,146.1,1,0.484,0.485,-0.001,1,37.92,0.046,0.009,8,question,8
2026-10-08 16:55:51.051,469.08,20261008_164801,bank,question,20,619,manual,lie,91.5,146.1,1,0.484,0.485,-0.001,1,37.92,0.05,0.011,8,question,8
2026-10-08 16:55:51.256,469.29,20261008_164801,bank,question,20,619,manual,lie,91.5,146.1,1,0.484,0.485,-0.001,1,37.92,0.048,0.01,8,question,8
2026-10-08 16:55:51.462,469.5,20261008_164801,bank,question,20,619,manual,lie,91.5,146.1,1,0.484,0.485,-0.001,1,37.93,0.045,0.01,8,question,8
2026-10-08 16:55:51.675,469.71,20261008_164801,bank,question,20,619,manual,lie,91.5,146.1,1,0.482,0.485,-0.003,1,37.93,0.045,0.009,8,question,8
2026-10-08 16:55:51.962,470.0,20261008_164801,bank,question,20,619,manual,lie,91.5,146.1,1,0.483,0.485,-0.002,1,37.93,0.044,0.009,8,question,9
2026-10-08 16:55:52.081,470.11,20261008_164801,bank,question,20,619,manual,lie,91.5,146.1,1,0.483,0.485,-0.002,1,37.93,0.045,0.009,8,question,8
2026-10-08 16:55:52.286,470.32,20261008_164801,bank,question,20,619,manual,lie,91.5,146.1,1,0.483,0.485,-0.002,1,37.93,0.045,0.008,8,question,9
2026-10-08 16:55:52.573,470.61,20261008_164801,bank,question,20,619,manual,lie,94.5,143.9,1,0.482,0.485,-0.003,1,37.93,0.043,0.008,8,question,8
2026-10-08 16:55:52.706,470.74,20261008_164801,bank,question,20,619,manual,lie,94.5,143.9,1,0.483,0.485,-0.002,1,37.92,0.041,0.008,8,question,9
2026-10-08 16:55:52.901,470.93,20261008_164801,bank,question,20,619,manual,lie,94.5,143.9,1,0.483,0.485,-0.002,1,37.92,0.04,0.008,8,question,9
2026-10-08 16:55:53.112,471.15,20261008_164801,bank,question,20,619,manual,lie,94.5,143.9,1,0.485,0.485,0.0,1,37.93,0.041,0.008,8,question,9
2026-10-08 16:55:53.317,471.35,20261008_164801,bank,question,20,619,manual,lie,94.5,143.9,1,0.484,0.485,-0.001,1,37.93,0.039,0.008,8,question,9
2026-10-08 16:55:53.521,471.55,20261008_164801,bank,question,20,619,manual,lie,94.5,143.9,1,0.484,0.485,-0.001,1,37.93,0.045,0.009,8,question,9
2026-10-08 16:55:53.730,471.76,20261008_164801,bank,question,20,619,manual,lie,94.5,143.9,1,0.483,0.485,-0.002,1,37.94,0.044,0.009,8,question,9
2026-10-08 16:55:53.935,471.97,20261008_164801,bank,question,20,619,manual,lie,94.5,143.9,1,0.485,0.485,-0.0,1,37.91,0.048,0.014,8,question,8
2026-10-08 16:55:54.146,472.18,20261008_164801,bank,question,20,619,manual,lie,94.5,144.9,1,0.486,0.485,0.001,1,37.92,0.056,0.018,8,question,8
2026-10-08 16:55:54.354,472.39,20261008_164801,bank,question,20,619,manual,lie,94.5,144.9,1,0.485,0.485,0.0,1,37.92,0.063,0.022,8,question,8
2026-10-08 16:55:54.561,472.59,20261008_164801,bank,question,20,619,manual,lie,94.5,144.9,1,0.485,0.485,0.0,1,37.92,0.067,0.022,8,question,8
2026-10-08 16:55:54.766,472.8,20261008_164801,bank,question,20,619,manual,lie,94.5,144.9,1,0.485,0.485,-0.0,1,37.92,0.063,0.021,8,question,8
2026-10-08 16:55:54.985,473.02,20261008_164801,bank,question,20,619,manual,lie,94.5,144.9,1,0.484,0.485,-0.001,1,37.92,0.059,0.019,8,question,9
2026-10-08 16:55:55.182,473.22,20261008_164801,bank,question,20,619,manual,lie,94.5,144.9,1,0.483,0.485,-0.002,1,37.92,0.057,0.019,8,question,9
2026-10-08 16:55:55.386,473.42,20261008_164801,bank,question,20,619,manual,lie,94.5,144.9,1,0.484,0.485,-0.001,1,37.92,0.058,0.019,8,question,9
2026-10-08 16:55:55.592,473.63,20261008_164801,bank,question,20,619,manual,lie,94.5,144.9,1,0.485,0.485,-0.0,1,37.92,0.056,0.019,8,question,9
2026-10-08 16:55:55.801,473.83,20261008_164801,bank,question,20,619,manual,lie,94.5,144.9,1,0.485,0.485,-0.0,1,37.92,0.051,0.017,8,question,9
2026-10-08 16:55:56.013,474.05,20261008_164801,bank,question,20,619,manual,lie,88.6,152.2,1,0.483,0.485,-0.002,1,37.92,0.048,0.016,8,question,9
2026-10-08 16:55:56.215,474.25,20261008_164801,bank,question,20,619,manual,lie,88.6,152.2,1,0.482,0.485,-0.002,1,37.92,0.049,0.015,8,question,9
2026-10-08 16:55:56.416,474.45,20261008_164801,bank,question,20,619,manual,lie,88.6,152.2,1,0.482,0.485,-0.002,1,37.92,0.046,0.015,8,question,9
2026-10-08 16:55:56.622,474.66,20261008_164801,bank,question,20,619,manual,lie,88.6,152.2,1,0.482,0.485,-0.002,1,37.92,0.049,0.014,8,question,9
2026-10-08 16:55:56.872,474.91,20261008_164801,bank,question,20,619,manual,lie,88.6,152.2,1,0.483,0.485,-0.002,1,37.92,0.047,0.014,8,question,9
2026-10-08 16:55:57.032,475.07,20261008_164801,bank,question,20,619,manual,lie,88.6,152.2,1,0.482,0.485,-0.003,1,37.92,0.047,0.014,8,question,9
2026-10-08 16:55:57.243,475.28,20261008_164801,bank,question,20,619,manual,lie,88.6,152.2,1,0.484,0.485,-0.001,1,37.92,0.046,0.013,8,question,9
2026-10-08 16:55:57.487,475.52,20261008_164801,bank,question,20,619,manual,lie,88.6,152.2,1,0.482,0.485,-0.002,1,37.92,0.049,0.012,8,question,9
2026-10-08 16:55:57.652,475.69,20261008_164801,bank,question,20,619,manual,lie,88.6,152.2,1,0.482,0.485,-0.002,1,37.92,0.048,0.013,8,question,9
2026-10-08 16:55:57.851,475.88,20261008_164801,bank,question,20,619,manual,lie,88.6,152.2,1,0.482,0.485,-0.003,1,37.92,0.053,0.016,8,question,9
2026-10-08 16:55:58.077,476.11,20261008_164801,bank,recovery,20,619,manual,lie,88.6,152.2,1,0.482,0.485,-0.003,1,37.93,0.053,0.015,8,ready,8
2026-10-08 16:55:58.267,476.3,20261008_164801,bank,recovery,20,619,manual,lie,86.4,152.2,1,0.48,0.484,-0.005,1,37.92,0.052,0.017,7,ready,9
2026-10-08 16:55:58.472,476.51,20261008_164801,bank,recovery,20,619,manual,lie,86.4,152.2,1,0.481,0.484,-0.004,1,37.92,0.052,0.016,7,ready,9
2026-10-08 16:55:58.715,476.75,20261008_164801,bank,recovery,20,619,manual,lie,86.4,152.2,1,0.481,0.484,-0.003,1,37.93,0.051,0.015,7,ready,9
2026-10-08 16:55:58.924,476.96,20261008_164801,bank,recovery,20,619,manual,lie,87.8,124.6,1,0.481,0.484,-0.004,1,37.92,0.047,0.015,7,ready,9
2026-10-08 16:55:59.090,477.12,20261008_164801,bank,recovery,20,619,manual,lie,87.8,124.6,1,0.481,0.484,-0.004,1,37.92,0.046,0.015,7,ready,9
2026-10-08 16:55:59.293,477.33,20261008_164801,bank,recovery,20,619,manual,lie,87.8,124.6,1,0.48,0.484,-0.004,1,37.92,0.043,0.014,7,ready,9
2026-10-08 16:55:59.500,477.53,20261008_164801,bank,recovery,20,619,manual,lie,87.8,124.6,1,0.482,0.484,-0.003,1,37.92,0.043,0.013,7,ready,9
2026-10-08 16:55:59.704,477.74,20261008_164801,bank,recovery,20,619,manual,lie,87.8,124.6,1,0.483,0.484,-0.002,1,37.93,0.042,0.012,7,ready,9
2026-10-08 16:55:59.909,477.94,20261008_164801,bank,recovery,20,619,manual,lie,87.8,124.6,1,0.482,0.484,-0.003,1,37.93,0.039,0.011,7,ready,9
2026-10-08 16:56:00.118,478.15,20261008_164801,bank,recovery,20,619,manual,lie,87.8,124.6,1,0.483,0.484,-0.001,1,37.93,0.038,0.01,7,ready,9
2026-10-08 16:56:00.335,478.37,20261008_164801,bank,recovery,20,619,manual,lie,87.8,124.6,1,0.483,0.484,-0.001,1,37.93,0.041,0.01,7,ready,9
2026-10-08 16:56:00.530,478.56,20261008_164801,bank,recovery,20,619,manual,lie,87.8,124.6,1,0.484,0.484,-0.0,1,37.93,0.038,0.01,7,ready,8
2026-10-08 16:56:00.763,478.8,20261008_164801,bank,recovery,20,619,manual,lie,87.8,124.6,1,0.483,0.484,-0.001,1,37.93,0.037,0.009,7,ready,8
2026-10-08 16:56:00.954,478.99,20261008_164801,bank,recovery,20,619,manual,lie,87.8,124.6,1,0.482,0.484,-0.002,1,37.93,0.036,0.008,7,ready,8
2026-10-08 16:56:01.158,479.19,20261008_164801,bank,recovery,20,619,manual,lie,86.4,124.6,1,0.482,0.484,-0.002,1,37.93,0.035,0.008,7,ready,8
2026-10-08 16:56:01.358,479.39,20261008_164801,bank,recovery,20,619,manual,lie,86.4,124.6,1,0.484,0.484,0.0,1,37.93,0.036,0.008,7,ready,8
2026-10-08 16:56:01.585,479.62,20261008_164801,bank,recovery,20,619,manual,lie,86.4,124.6,1,0.483,0.484,-0.001,1,37.93,0.039,0.007,7,ready,8
2026-10-08 16:56:01.794,479.83,20261008_164801,bank,recovery,20,619,manual,lie,86.4,124.6,1,0.484,0.484,-0.0,1,37.93,0.049,0.02,7,ready,8
2026-10-08 16:56:01.983,480.02,20261008_164801,bank,recovery,20,619,manual,lie,86.4,128.4,1,0.482,0.484,-0.002,1,37.93,0.072,0.022,7,ready,8
2026-10-08 16:56:02.187,480.22,20261008_164801,bank,recovery,20,619,manual,lie,86.4,128.4,1,0.483,0.484,-0.001,1,37.93,0.098,0.022,8,ready,8
2026-10-08 16:56:02.393,480.43,20261008_164801,bank,recovery,20,619,manual,lie,86.4,150.5,1,0.483,0.484,-0.001,1,37.93,0.103,0.025,8,ready,8
2026-10-08 16:56:02.599,480.63,20261008_164801,bank,recovery,20,619,manual,lie,86.4,150.5,1,0.483,0.484,-0.001,1,37.93,0.136,0.059,8,ready,8
2026-10-08 16:56:02.824,480.86,20261008_164801,bank,recovery,20,619,manual,lie,86.4,150.5,1,0.483,0.484,-0.001,1,37.93,0.139,0.064,8,ready,9
2026-10-08 16:56:03.019,481.05,20261008_164801,bank,recovery,20,619,manual,lie,86.4,150.5,1,0.483,0.484,-0.0,1,37.92,0.154,0.073,9,ready,9
2026-10-08 16:56:03.217,481.25,20261008_164801,bank,recovery,20,619,manual,lie,85.1,189.4,1,0.483,0.484,-0.001,1,37.91,0.149,0.077,9,ready,8
2026-10-08 16:56:03.417,481.45,20261008_164801,bank,recovery,20,619,manual,lie,85.1,189.4,1,0.482,0.484,-0.002,1,37.92,0.145,0.073,9,ready,9
2026-10-08 16:56:03.622,481.66,20261008_164801,bank,recovery,20,619,manual,lie,85.1,189.4,1,0.481,0.484,-0.002,1,37.92,0.144,0.07,9,ready,9
2026-10-08 16:56:03.842,481.88,20261008_164801,bank,recovery,20,619,manual,lie,85.1,189.4,1,0.481,0.484,-0.003,1,37.92,0.158,0.064,10,ready,8
2026-10-08 16:56:04.047,482.08,20261008_164801,bank,recovery,20,619,manual,lie,85.1,189.4,1,0.482,0.484,-0.002,1,37.93,0.149,0.063,10,ready,8
2026-10-08 16:56:04.250,482.28,20261008_164801,bank,rest,,,,,83.9,205.2,1,0.481,0.484,-0.003,1,37.93,0.142,0.06,10,ready,8
2026-10-08 16:56:04.453,482.49,20261008_164801,bank,rest,,,,,83.9,205.2,1,0.483,0.484,-0.001,1,37.93,0.136,0.055,10,ready,8
2026-10-08 16:56:04.673,482.71,20261008_164801,bank,rest,,,,,83.9,205.2,1,0.483,0.484,-0.0,1,37.93,0.125,0.05,10,ready,8
2026-10-08 16:56:04.864,482.9,20261008_164801,bank,rest,,,,,83.9,205.2,1,0.482,0.484,-0.002,1,37.94,0.119,0.046,9,ready,8
2026-10-08 16:56:05.074,483.11,20261008_164801,bank,rest,,,,,85.1,177.4,1,0.481,0.484,-0.003,1,37.94,0.109,0.042,9,ready,8
2026-10-08 16:56:05.312,483.35,20261008_164801,bank,rest,,,,,85.1,177.4,1,0.481,0.484,-0.002,1,37.94,0.139,0.041,9,ready,8
2026-10-08 16:56:05.482,483.52,20261008_164801,bank,rest,,,,,85.1,177.4,1,0.482,0.484,-0.001,1,37.93,0.174,0.051,10,ready,8
2026-10-08 16:56:05.685,483.72,20261008_164801,bank,rest,,,,,85.1,177.4,1,0.482,0.484,-0.002,1,37.93,0.175,0.05,10,ready,8
2026-10-08 16:56:05.887,483.92,20261008_164801,bank,rest,,,,,83.9,181.3,1,0.482,0.484,-0.002,1,37.94,0.173,0.054,10,ready,8
2026-10-08 16:56:06.092,484.13,20261008_164801,bank,rest,,,,,83.9,181.3,1,0.481,0.484,-0.002,1,37.94,0.168,0.052,10,ready,8
2026-10-08 16:56:06.308,484.34,20261008_164801,bank,rest,,,,,83.9,181.3,1,0.481,0.484,-0.003,1,37.94,0.159,0.049,10,ready,8
2026-10-08 16:56:06.601,484.63,20261008_164801,bank,rest,,,,,83.9,184.7,1,0.481,0.483,-0.002,1,37.94,0.158,0.049,10,ready,8
2026-10-08 16:56:06.716,484.75,20261008_164801,bank,rest,,,,,83.9,184.7,1,0.48,0.483,-0.003,1,37.94,0.148,0.047,10,ready,8
2026-10-08 16:56:06.923,484.96,20261008_164801,bank,rest,,,,,83.9,184.7,1,0.481,0.483,-0.003,1,37.95,0.146,0.045,10,ready,8
2026-10-08 16:56:07.219,485.25,20261008_164801,bank,rest,,,,,83.9,184.7,1,0.481,0.483,-0.003,1,37.94,0.14,0.042,10,ready,8
2026-10-08 16:56:07.332,485.37,20261008_164801,bank,rest,,,,,83.9,187.2,1,0.48,0.483,-0.003,1,37.92,0.134,0.04,10,ready,8
2026-10-08 16:56:07.539,485.57,20261008_164801,bank,rest,,,,,83.9,187.2,1,0.48,0.483,-0.003,1,37.9,0.126,0.037,10,ready,8
2026-10-08 16:56:07.745,485.78,20261008_164801,bank,rest,,,,,83.9,187.2,1,0.481,0.483,-0.002,1,37.91,0.116,0.034,10,ready,8
2026-10-08 16:56:07.952,485.99,20261008_164801,bank,rest,,,,,94.9,199.4,1,0.48,0.483,-0.003,1,37.91,0.108,0.033,10,ready,8
2026-10-08 16:56:08.154,486.19,20261008_164801,bank,rest,,,,,94.9,199.4,1,0.481,0.483,-0.002,1,37.92,0.1,0.033,10,ready,8
2026-10-08 16:56:08.362,486.4,20261008_164801,bank,rest,,,,,94.9,199.4,1,0.481,0.483,-0.002,1,37.92,0.092,0.03,10,ready,8
2026-10-08 16:56:08.654,486.69,20261008_164801,bank,rest,,,,,90.2,202.9,1,0.481,0.483,-0.002,1,37.93,0.084,0.028,9,ready,8
2026-10-08 16:56:08.767,486.8,20261008_164801,bank,rest,,,,,90.2,202.9,1,0.482,0.483,-0.001,1,37.93,0.078,0.025,9,ready,8
2026-10-08 16:56:08.973,487.01,20261008_164801,bank,rest,,,,,90.2,202.9,1,0.482,0.483,-0.001,1,37.94,0.071,0.023,9,ready,8
2026-10-08 16:56:09.180,487.21,20261008_164801,bank,rest,,,,,90.2,202.9,1,0.481,0.483,-0.002,1,37.94,0.068,0.021,9,ready,8
2026-10-08 16:56:09.382,487.42,20261008_164801,bank,rest,,,,,90.2,202.9,1,0.48,0.483,-0.003,1,37.95,0.062,0.019,9,ready,8
2026-10-08 16:56:09.589,487.62,20261008_164801,bank,rest,,,,,90.2,202.9,1,0.48,0.483,-0.003,1,37.95,0.057,0.018,9,ready,8
2026-10-08 16:56:09.793,487.83,20261008_164801,bank,rest,,,,,90.2,202.9,1,0.48,0.483,-0.003,1,37.95,0.056,0.016,9,ready,8
2026-10-08 16:56:10.086,488.12,20261008_164801,bank,rest,,,,,90.2,202.9,1,0.48,0.483,-0.003,1,37.96,0.053,0.015,9,ready,9
2026-10-08 16:56:10.210,488.24,20261008_164801,bank,rest,,,,,90.2,202.9,1,0.48,0.483,-0.003,1,37.95,0.052,0.014,8,ready,9
2026-10-08 16:56:10.409,488.44,20261008_164801,bank,rest,,,,,90.2,202.9,1,0.48,0.483,-0.003,1,37.95,0.051,0.013,8,ready,9
2026-10-08 16:56:10.716,488.75,20261008_164801,bank,rest,,,,,90.2,202.9,1,0.48,0.483,-0.003,1,37.96,0.045,0.013,8,ready,8
2026-10-08 16:56:10.820,488.85,20261008_164801,bank,rest,,,,,90.2,202.9,1,0.479,0.483,-0.003,1,37.96,0.043,0.012,8,ready,8
2026-10-08 16:56:11.022,489.06,20261008_164801,bank,rest,,,,,90.2,202.9,1,0.479,0.483,-0.003,1,37.96,0.044,0.013,8,ready,8
2026-10-08 16:56:11.245,489.28,20261008_164801,bank,rest,,,,,90.2,202.9,1,0.479,0.483,-0.004,1,37.96,0.042,0.013,8,ready,9
2026-10-08 16:56:11.430,489.46,20261008_164801,bank,rest,,,,,90.2,202.9,1,0.48,0.483,-0.002,1,37.95,0.042,0.013,8,ready,8
2026-10-08 16:56:11.863,489.9,20261008_164801,bank,rest,,,,,90.2,202.9,1,0.479,0.483,-0.004,1,37.94,0.042,0.013,8,ready,8
2026-10-08 16:56:11.865,489.9,20261008_164801,bank,rest,,,,,90.2,202.9,1,0.478,0.482,-0.004,1,37.94,0.04,0.013,8,ready,8
2026-10-08 16:56:12.046,490.08,20261008_164801,bank,rest,,,,,90.2,202.9,1,0.479,0.482,-0.004,1,37.94,0.121,0.043,8,ready,8
2026-10-08 16:56:12.263,490.3,20261008_164801,bank,rest,,,,,90.2,202.9,1,0.479,0.482,-0.004,1,37.94,0.184,0.055,9,ready,8
2026-10-08 16:56:12.469,490.5,20261008_164801,bank,rest,,,,,90.2,202.9,1,0.479,0.482,-0.003,1,37.94,0.186,0.056,10,ready,8
2026-10-08 16:56:12.664,490.7,20261008_164801,bank,rest,,,,,90.2,202.9,1,0.479,0.482,-0.003,1,37.95,0.177,0.053,10,ready,9
2026-10-08 16:56:12.872,490.91,20261008_164801,bank,rest,,,,,,,1,0.479,0.482,-0.003,1,37.95,0.164,0.05,10,ready,8
2026-10-08 16:56:13.118,491.15,20261008_164801,bank,rest,,,,,,,1,0.479,0.482,-0.003,1,37.95,0.15,0.046,10,ready,8
2026-10-08 16:56:13.306,491.34,20261008_164801,bank,rest,,,,,,,1,0.479,0.482,-0.003,1,37.95,0.138,0.042,10,ready,9
2026-10-08 16:56:13.599,491.63,20261008_164801,bank,rest,,,,,,,1,0.479,0.482,-0.003,1,37.95,0.126,0.039,10,ready,9
2026-10-08 16:56:13.851,491.88,20261008_164801,bank,rest,,,,,,,1,0.479,0.482,-0.003,1,37.95,0.116,0.036,10,ready,8
2026-10-08 16:56:13.921,491.95,20261008_164801,bank,rest,,,,,,,1,0.477,0.482,-0.005,1,37.93,0.107,0.033,10,ready,8
2026-10-08 16:56:14.123,492.16,20261008_164801,bank,rest,,,,,,,1,0.478,0.482,-0.004,1,37.93,0.099,0.03,9,ready,8
2026-10-08 16:56:14.333,492.37,20261008_164801,bank,rest,,,,,,,1,0.478,0.482,-0.004,1,37.93,0.094,0.027,9,ready,8
2026-10-08 16:56:14.525,492.56,20261008_164801,bank,rest,,,,,,,1,0.478,0.482,-0.004,1,37.94,0.087,0.025,9,ready,8
2026-10-08 16:56:14.752,492.79,20261008_164801,bank,recovery,21,620,manual,lie,,,1,0.478,0.482,-0.003,1,37.94,0.083,0.023,9,ready,8
2026-10-08 16:56:14.937,492.97,20261008_164801,bank,question,21,620,manual,lie,,,1,0.479,0.482,-0.003,1,37.94,0.08,0.022,8,question,8
2026-10-08 16:56:15.418,493.45,20261008_164801,bank,question,21,620,manual,lie,,,1,0.479,0.482,-0.003,1,37.94,0.079,0.022,8,question,8
2026-10-08 16:56:15.421,493.45,20261008_164801,bank,question,21,620,manual,lie,,,1,0.479,0.482,-0.003,1,37.94,0.077,0.022,8,question,9
2026-10-08 16:56:15.567,493.6,20261008_164801,bank,question,21,620,manual,lie,,,1,0.48,0.482,-0.002,1,37.93,0.077,0.021,8,question,9
2026-10-08 16:56:15.761,493.79,20261008_164801,bank,question,21,620,manual,lie,,,1,0.48,0.482,-0.002,1,37.93,0.073,0.02,8,question,9
2026-10-08 16:56:15.967,494.0,20261008_164801,bank,question,21,620,manual,lie,,,1,0.481,0.482,-0.001,1,37.91,0.068,0.019,8,question,8
2026-10-08 16:56:16.170,494.2,20261008_164801,bank,question,21,620,manual,lie,124.4,,1,0.481,0.482,-0.001,1,37.91,0.069,0.02,9,question,8
2026-10-08 16:56:16.372,494.41,20261008_164801,bank,question,21,620,manual,lie,124.4,,1,0.48,0.482,-0.002,1,37.91,0.065,0.019,10,question,9
2026-10-08 16:56:16.580,494.61,20261008_164801,bank,question,21,620,manual,lie,124.4,,1,0.48,0.482,-0.002,1,37.92,0.07,0.021,10,question,8
2026-10-08 16:56:16.788,494.82,20261008_164801,bank,question,21,620,manual,lie,104.2,,1,0.479,0.482,-0.002,1,37.92,0.069,0.019,10,question,8
2026-10-08 16:56:17.014,495.05,20261008_164801,bank,question,21,620,manual,lie,104.2,,1,0.479,0.482,-0.002,1,37.92,0.065,0.018,10,question,8
2026-10-08 16:56:19.037,497.07,20261008_164801,bank,question,21,620,manual,lie,104.2,,1,0.479,0.481,-0.002,1,37.95,0.046,0.008,11,question,9
2026-10-08 16:56:19.246,497.28,20261008_164801,bank,question,21,620,manual,lie,104.2,,1,0.479,0.481,-0.002,1,37.95,0.046,0.008,11,question,9
2026-10-08 16:56:19.440,497.47,20261008_164801,bank,question,21,620,manual,lie,99.6,,1,0.478,0.481,-0.003,1,37.95,0.046,0.01,10,question,9
2026-10-08 16:56:19.649,497.68,20261008_164801,bank,question,21,620,manual,lie,99.6,213.2,1,0.478,0.481,-0.003,1,37.95,0.058,0.013,10,question,9
2026-10-08 16:56:19.853,497.89,20261008_164801,bank,question,21,620,manual,lie,99.6,213.2,1,0.478,0.481,-0.003,1,37.95,0.059,0.014,10,question,9
2026-10-08 16:56:20.058,498.09,20261008_164801,bank,question,21,620,manual,lie,99.6,213.2,1,0.478,0.481,-0.003,1,37.95,0.068,0.021,10,question,9
2026-10-08 16:56:20.259,498.29,20261008_164801,bank,question,21,620,manual,lie,102.7,201.8,1,0.478,0.481,-0.003,1,37.95,0.078,0.024,10,question,9
2026-10-08 16:56:20.528,498.56,20261008_164801,bank,question,21,620,manual,lie,102.7,201.8,1,0.478,0.481,-0.003,1,37.95,0.082,0.025,10,question,9
2026-10-08 16:56:20.672,498.71,20261008_164801,bank,question,21,620,manual,lie,102.7,201.8,1,0.478,0.481,-0.003,1,37.95,0.082,0.03,10,question,9
2026-10-08 16:56:20.879,498.91,20261008_164801,bank,question,21,620,manual,lie,102.7,201.8,1,0.478,0.481,-0.003,1,37.95,0.082,0.029,10,question,9
2026-10-08 16:56:21.083,499.12,20261008_164801,bank,question,21,620,manual,lie,102.7,201.8,1,0.478,0.481,-0.003,1,37.96,0.089,0.035,11,question,9
2026-10-08 16:56:21.287,499.32,20261008_164801,bank,question,21,620,manual,lie,99.6,201.8,1,0.478,0.481,-0.002,1,37.94,0.089,0.034,11,question,9
2026-10-08 16:56:21.494,499.53,20261008_164801,bank,question,21,620,manual,lie,99.6,201.8,1,0.478,0.481,-0.002,1,37.94,0.088,0.034,11,question,9
2026-10-08 16:56:21.697,499.73,20261008_164801,bank,question,21,620,manual,lie,99.6,201.8,1,0.478,0.481,-0.003,1,37.94,0.09,0.034,11,question,9
2026-10-08 16:56:21.904,499.94,20261008_164801,bank,question,21,620,manual,lie,99.6,201.8,1,0.479,0.481,-0.002,1,37.94,0.098,0.039,11,question,9
2026-10-08 16:56:22.118,500.15,20261008_164801,bank,question,21,620,manual,lie,89.5,184.6,1,0.478,0.481,-0.002,1,37.95,0.103,0.043,11,question,9
2026-10-08 16:56:22.313,500.35,20261008_164801,bank,question,21,620,manual,lie,89.5,184.6,1,0.479,0.481,-0.002,1,37.95,0.097,0.04,10,question,9
2026-10-08 16:56:22.517,500.55,20261008_164801,bank,question,21,620,manual,lie,89.5,184.6,1,0.478,0.481,-0.002,1,37.95,0.092,0.039,10,question,9
2026-10-08 16:56:22.722,500.76,20261008_164801,bank,question,21,620,manual,lie,89.5,184.6,1,0.478,0.48,-0.002,1,37.95,0.084,0.036,10,question,9
2026-10-08 16:56:22.931,500.97,20261008_164801,bank,question,21,620,manual,lie,89.5,184.6,1,0.478,0.48,-0.003,1,37.95,0.077,0.033,10,question,9
2026-10-08 16:56:23.129,501.16,20261008_164801,bank,question,21,620,manual,lie,89.5,184.6,1,0.477,0.48,-0.003,1,37.95,0.073,0.03,10,question,9
2026-10-08 16:56:23.344,501.38,20261008_164801,bank,question,21,620,manual,lie,89.5,184.6,1,0.477,0.48,-0.003,1,37.95,0.075,0.028,10,question,9
2026-10-08 16:56:23.550,501.58,20261008_164801,bank,question,21,620,manual,lie,89.5,184.6,1,0.477,0.48,-0.003,1,37.94,0.07,0.027,10,question,9
2026-10-08 16:56:23.754,501.79,20261008_164801,bank,question,21,620,manual,lie,89.5,184.6,1,0.477,0.48,-0.003,1,37.94,0.074,0.027,9,question,9
2026-10-08 16:56:23.959,501.99,20261008_164801,bank,question,21,620,manual,lie,102.7,184.6,1,0.478,0.48,-0.003,1,37.95,0.087,0.035,10,question,9
2026-10-08 16:56:24.166,502.2,20261008_164801,bank,question,21,620,manual,lie,102.7,184.6,1,0.478,0.48,-0.002,1,37.94,0.09,0.044,10,question,9
2026-10-08 16:56:24.370,502.4,20261008_164801,bank,question,21,620,manual,lie,102.7,184.6,1,0.478,0.48,-0.002,1,37.94,0.089,0.045,10,question,9
2026-10-08 16:56:24.587,502.62,20261008_164801,bank,question,21,620,manual,lie,102.7,184.6,1,0.478,0.48,-0.003,1,37.95,0.083,0.041,10,question,9
2026-10-08 16:56:24.782,502.82,20261008_164801,bank,question,21,620,manual,lie,91.6,173.4,1,0.477,0.48,-0.003,1,37.95,0.087,0.042,10,question,9
2026-10-08 16:56:24.979,503.01,20261008_164801,bank,question,21,620,manual,lie,91.6,173.4,1,0.477,0.48,-0.003,1,37.95,0.088,0.039,10,question,9
2026-10-08 16:56:25.237,503.27,20261008_164801,bank,question,21,620,manual,lie,91.6,173.4,1,0.477,0.48,-0.003,1,37.95,0.081,0.035,10,question,9
2026-10-08 16:56:25.391,503.43,20261008_164801,bank,question,21,620,manual,lie,89.1,162.3,1,0.477,0.48,-0.003,1,37.95,0.078,0.032,10,question,9
2026-10-08 16:56:25.646,503.68,20261008_164801,bank,question,21,620,manual,lie,89.1,162.3,1,0.477,0.48,-0.003,1,37.96,0.076,0.029,10,question,9
2026-10-08 16:56:25.806,503.84,20261008_164801,bank,question,21,620,manual,lie,89.1,162.3,1,0.477,0.48,-0.003,1,37.93,0.071,0.027,10,question,9
2026-10-08 16:56:26.015,504.05,20261008_164801,bank,question,21,620,manual,lie,90.6,153.3,1,0.477,0.48,-0.003,1,37.93,0.069,0.024,9,question,9
2026-10-08 16:56:26.223,504.26,20261008_164801,bank,question,21,620,manual,lie,90.6,153.3,1,0.476,0.48,-0.003,1,37.94,0.064,0.022,9,question,9
2026-10-08 16:56:26.466,504.5,20261008_164801,bank,question,21,620,manual,lie,90.6,153.3,1,0.477,0.48,-0.003,1,37.94,0.06,0.02,9,question,9
2026-10-08 16:56:26.633,504.67,20261008_164801,bank,question,21,620,manual,lie,90.6,153.3,1,0.477,0.48,-0.003,1,37.94,0.062,0.019,9,question,9
2026-10-08 16:56:26.848,504.88,20261008_164801,bank,recovery,21,620,manual,lie,91.6,105.5,1,0.477,0.48,-0.003,1,37.94,0.058,0.018,9,ready,9
2026-10-08 16:56:27.038,505.07,20261008_164801,bank,recovery,21,620,manual,lie,91.6,105.5,1,0.477,0.48,-0.003,1,37.94,0.057,0.016,9,ready,9
2026-10-08 16:56:27.246,505.28,20261008_164801,bank,recovery,21,620,manual,lie,91.6,105.5,1,0.477,0.48,-0.003,1,37.95,0.056,0.015,9,ready,9
2026-10-08 16:56:27.455,505.49,20261008_164801,bank,recovery,21,620,manual,lie,90.6,103.5,1,0.477,0.48,-0.002,1,37.95,0.056,0.014,9,ready,9
2026-10-08 16:56:27.699,505.73,20261008_164801,bank,recovery,21,620,manual,lie,90.6,103.5,1,0.477,0.48,-0.002,1,37.95,0.053,0.013,9,ready,9
2026-10-08 16:56:27.877,505.91,20261008_164801,bank,recovery,21,620,manual,lie,90.6,103.5,1,0.476,0.48,-0.003,1,37.93,0.053,0.013,9,ready,9
2026-10-08 16:56:28.077,506.11,20261008_164801,bank,recovery,21,620,manual,lie,90.6,103.5,1,0.476,0.48,-0.003,1,37.94,0.053,0.013,9,ready,9
2026-10-08 16:56:28.274,506.31,20261008_164801,bank,recovery,21,620,manual,lie,89.1,102.2,1,0.476,0.479,-0.003,1,37.94,0.055,0.011,9,ready,9
2026-10-08 16:56:28.484,506.52,20261008_164801,bank,rest,,,,,89.1,102.2,1,0.476,0.479,-0.003,1,37.94,0.055,0.011,9,ready,9
2026-10-08 16:56:28.686,506.72,20261008_164801,bank,rest,,,,,89.1,102.2,1,0.477,0.479,-0.003,1,37.95,0.053,0.01,9,ready,9
2026-10-08 16:56:28.893,506.93,20261008_164801,bank,rest,,,,,89.1,102.2,1,0.477,0.479,-0.003,1,37.95,0.053,0.01,9,ready,9
2026-10-08 16:56:29.098,507.13,20261008_164801,bank,rest,,,,,90.6,69.7,1,0.477,0.479,-0.002,1,37.95,0.052,0.01,9,ready,9
2026-10-08 16:56:29.306,507.34,20261008_164801,bank,rest,,,,,90.6,69.7,1,0.477,0.479,-0.002,1,37.95,0.06,0.011,9,ready,9
2026-10-08 16:56:29.510,507.54,20261008_164801,bank,rest,,,,,90.6,69.7,1,0.477,0.479,-0.002,1,37.95,0.057,0.011,9,ready,9
2026-10-08 16:56:29.717,507.75,20261008_164801,bank,rest,,,,,90.6,69.7,1,0.477,0.479,-0.002,1,37.95,0.06,0.01,9,ready,9
2026-10-08 16:56:29.920,507.95,20261008_164801,bank,rest,,,,,90.6,69.7,1,0.477,0.479,-0.002,1,37.96,0.057,0.01,9,ready,9
2026-10-08 16:56:30.125,508.16,20261008_164801,bank,rest,,,,,90.6,69.7,1,0.477,0.479,-0.002,1,37.96,0.06,0.01,9,ready,9
2026-10-08 16:56:30.331,508.36,20261008_164801,bank,rest,,,,,81.5,49.3,1,0.477,0.479,-0.002,1,37.96,0.057,0.011,9,ready,9
2026-10-08 16:56:30.537,508.57,20261008_164801,bank,rest,,,,,81.5,49.3,1,0.477,0.479,-0.002,1,37.93,0.055,0.01,8,ready,9
2026-10-08 16:56:30.740,508.77,20261008_164801,bank,rest,,,,,81.5,49.3,1,0.477,0.479,-0.002,1,37.93,0.057,0.01,8,ready,9
2026-10-08 16:56:30.944,508.98,20261008_164801,bank,rest,,,,,81.5,49.3,1,0.477,0.479,-0.002,1,37.94,0.053,0.009,8,ready,9
2026-10-08 16:56:31.150,509.18,20261008_164801,bank,rest,,,,,80.0,46.2,1,0.476,0.479,-0.003,1,37.94,0.055,0.009,8,ready,9
2026-10-08 16:56:31.359,509.39,20261008_164801,bank,rest,,,,,80.0,46.2,1,0.477,0.479,-0.002,1,37.94,0.054,0.009,8,ready,9
2026-10-08 16:56:31.572,509.61,20261008_164801,bank,rest,,,,,80.0,46.2,1,0.477,0.479,-0.002,1,37.94,0.05,0.009,8,ready,9
2026-10-08 16:56:31.896,509.93,20261008_164801,bank,rest,,,,,80.0,46.2,1,0.476,0.479,-0.003,1,37.93,0.049,0.008,8,ready,9
2026-10-08 16:56:31.982,510.02,20261008_164801,bank,rest,,,,,78.9,45.4,1,0.476,0.479,-0.003,1,37.93,0.045,0.008,8,ready,9
2026-10-08 16:56:32.193,510.23,20261008_164801,bank,rest,,,,,78.9,45.4,1,0.476,0.479,-0.002,1,37.93,0.041,0.007,8,ready,9
2026-10-08 16:56:32.393,510.43,20261008_164801,bank,rest,,,,,78.9,45.4,1,0.476,0.479,-0.002,1,37.93,0.04,0.007,8,ready,9
2026-10-08 16:56:32.611,510.64,20261008_164801,bank,rest,,,,,80.0,44.8,1,0.477,0.479,-0.002,1,37.94,0.042,0.008,8,ready,9
2026-10-08 16:56:32.825,510.86,20261008_164801,bank,rest,,,,,80.0,44.8,1,0.477,0.479,-0.002,1,37.94,0.042,0.007,8,ready,9
2026-10-08 16:56:33.001,511.03,20261008_164801,bank,rest,,,,,80.0,44.8,1,0.477,0.479,-0.002,1,37.94,0.04,0.007,7,ready,8
2026-10-08 16:56:33.213,511.25,20261008_164801,bank,rest,,,,,80.0,44.8,1,0.477,0.479,-0.002,1,37.94,0.04,0.007,7,ready,9
2026-10-08 16:56:33.418,511.45,20261008_164801,bank,rest,,,,,78.9,43.8,1,0.477,0.479,-0.002,1,37.95,0.039,0.007,7,ready,9
2026-10-08 16:56:33.620,511.65,20261008_164801,bank,rest,,,,,78.9,43.8,1,0.477,0.479,-0.002,1,37.95,0.038,0.007,7,ready,9
2026-10-08 16:56:33.857,511.89,20261008_164801,bank,rest,,,,,78.9,43.8,1,0.477,0.479,-0.002,1,37.95,0.038,0.007,7,ready,9
2026-10-08 16:56:34.034,512.07,20261008_164801,bank,rest,,,,,78.9,43.8,1,0.477,0.479,-0.001,1,37.95,0.043,0.007,7,ready,9
2026-10-08 16:56:34.241,512.27,20261008_164801,bank,rest,,,,,78.3,43.9,1,0.478,0.479,-0.001,1,37.95,0.044,0.008,7,ready,9
2026-10-08 16:56:34.452,512.49,20261008_164801,bank,rest,,,,,78.3,43.9,1,0.477,0.479,-0.001,1,37.95,0.042,0.007,7,ready,9
2026-10-08 16:56:34.655,512.69,20261008_164801,bank,rest,,,,,78.3,43.9,1,0.478,0.479,-0.001,1,37.96,0.041,0.007,7,ready,9
2026-10-08 16:56:34.862,512.9,20261008_164801,bank,rest,,,,,78.3,43.9,1,0.477,0.479,-0.001,1,37.95,0.038,0.007,7,ready,9
2026-10-08 16:56:35.073,513.11,20261008_164801,bank,rest,,,,,76.9,43.8,1,0.477,0.479,-0.001,1,37.95,0.041,0.008,7,ready,9
2026-10-08 16:56:35.381,513.41,20261008_164801,bank,rest,,,,,76.9,43.8,1,0.478,0.479,-0.001,1,37.95,0.038,0.007,7,ready,9
2026-10-08 16:56:35.483,513.52,20261008_164801,bank,rest,,,,,76.9,43.8,1,0.477,0.479,-0.001,1,37.95,0.035,0.007,7,ready,9
2026-10-08 16:56:35.690,513.72,20261008_164801,bank,rest,,,,,76.5,44.0,1,0.477,0.478,-0.001,1,37.95,0.033,0.006,7,ready,9
2026-10-08 16:56:35.890,513.92,20261008_164801,bank,rest,,,,,76.5,44.0,1,0.476,0.478,-0.002,1,37.95,0.031,0.006,7,ready,9
2026-10-08 16:56:36.092,514.13,20261008_164801,bank,rest,,,,,76.5,44.0,1,0.476,0.478,-0.002,1,37.95,0.032,0.007,7,ready,9
2026-10-08 16:56:36.298,514.33,20261008_164801,bank,rest,,,,,76.5,44.0,1,0.477,0.478,-0.002,1,37.95,0.033,0.007,7,ready,9
2026-10-08 16:56:36.516,514.55,20261008_164801,bank,rest,,,,,76.5,35.3,1,0.477,0.478,-0.001,1,37.95,0.035,0.007,7,ready,9
2026-10-08 16:56:36.709,514.74,20261008_164801,bank,rest,,,,,76.5,35.3,1,0.478,0.478,-0.001,1,37.95,0.038,0.007,7,ready,9
2026-10-08 16:56:36.919,514.95,20261008_164801,bank,rest,,,,,76.5,35.3,1,0.478,0.478,-0.001,1,37.95,0.036,0.007,7,ready,9
2026-10-08 16:56:39.105,517.14,20261008_164801,bank,rest,,,,,77.0,31.2,1,0.478,0.478,0.0,1,37.92,0.034,0.006,7,ready,9
2026-10-08 16:56:39.294,517.33,20261008_164801,bank,rest,,,,,77.0,31.2,1,0.478,0.478,-0.001,1,37.92,0.032,0.006,7,ready,9
2026-10-08 16:56:39.497,517.53,20261008_164801,bank,rest,,,,,77.0,31.2,1,0.478,0.478,-0.0,1,37.92,0.031,0.006,7,ready,9
2026-10-08 16:56:39.712,517.75,20261008_164801,bank,rest,,,,,78.0,35.0,1,0.478,0.478,-0.0,1,37.92,0.031,0.006,7,ready,9
2026-10-08 16:56:39.915,517.95,20261008_164801,bank,rest,,,,,78.0,35.0,1,0.478,0.478,-0.0,1,37.91,0.029,0.005,7,ready,9
2026-10-08 16:56:40.125,518.16,20261008_164801,bank,rest,,,,,78.0,35.0,1,0.478,0.478,-0.0,1,37.91,0.027,0.005,7,ready,9
2026-10-08 16:56:40.333,518.37,20261008_164801,bank,rest,,,,,78.0,35.5,1,0.478,0.478,-0.0,1,37.91,0.026,0.006,7,ready,9
2026-10-08 16:56:40.536,518.57,20261008_164801,bank,question,22,621,manual,lie,78.0,35.5,1,0.478,0.478,-0.001,1,37.91,0.024,0.005,7,question,9
2026-10-08 16:56:40.751,518.78,20261008_164801,bank,question,22,621,manual,lie,78.0,35.5,1,0.477,0.478,-0.001,1,37.91,0.023,0.005,7,question,9
2026-10-08 16:56:40.947,518.98,20261008_164801,bank,question,22,621,manual,lie,78.0,35.5,1,0.477,0.478,-0.001,1,37.91,0.033,0.006,7,question,9
2026-10-08 16:56:43.138,521.17,20261008_164801,bank,question,22,621,manual,lie,80.1,32.2,1,0.476,0.478,-0.002,1,37.92,0.082,0.025,8,question,9
2026-10-08 16:56:43.318,521.35,20261008_164801,bank,question,22,621,manual,lie,80.1,32.2,1,0.476,0.478,-0.002,1,37.91,0.081,0.024,8,question,9
2026-10-08 16:56:43.522,521.56,20261008_164801,bank,question,22,621,manual,lie,80.1,43.0,1,0.476,0.478,-0.002,1,37.91,0.077,0.023,8,question,9
2026-10-08 16:56:43.731,521.77,20261008_164801,bank,question,22,621,manual,lie,80.1,43.0,1,0.475,0.478,-0.002,1,37.91,0.085,0.024,9,question,8
2026-10-08 16:56:43.943,521.98,20261008_164801,bank,question,22,621,manual,lie,80.1,52.4,1,0.476,0.478,-0.002,1,37.92,0.078,0.022,9,question,8
2026-10-08 16:56:44.143,522.18,20261008_164801,bank,question,22,621,manual,lie,80.1,52.4,1,0.476,0.478,-0.001,1,37.92,0.084,0.022,9,question,8
2026-10-08 16:56:44.351,522.38,20261008_164801,bank,question,22,621,manual,lie,80.1,52.4,1,0.476,0.478,-0.001,1,37.92,0.078,0.021,9,question,8
2026-10-08 16:56:44.554,522.59,20261008_164801,bank,question,22,621,manual,lie,80.1,52.4,1,0.476,0.478,-0.001,1,37.93,0.08,0.024,9,question,8
2026-10-08 16:56:44.763,522.8,20261008_164801,bank,question,22,621,manual,lie,80.1,54.4,1,0.477,0.478,-0.001,1,37.93,0.075,0.022,9,question,8
2026-10-08 16:56:44.966,523.0,20261008_164801,bank,question,22,621,manual,lie,80.1,54.4,1,0.477,0.478,-0.001,1,37.93,0.071,0.021,9,question,8
2026-10-08 16:56:45.186,523.22,20261008_164801,bank,question,22,621,manual,lie,80.1,54.4,1,0.477,0.478,-0.001,1,37.93,0.064,0.019,9,question,9
2026-10-08 16:56:45.371,523.4,20261008_164801,bank,question,22,621,manual,lie,85.1,54.4,1,0.477,0.478,-0.001,1,37.93,0.06,0.018,9,question,9
2026-10-08 16:56:45.576,523.61,20261008_164801,bank,question,22,621,manual,lie,85.1,54.4,1,0.477,0.478,-0.001,1,37.93,0.056,0.017,9,question,9
2026-10-08 16:56:45.782,523.82,20261008_164801,bank,question,22,621,manual,lie,85.1,54.4,1,0.477,0.478,-0.0,1,37.93,0.053,0.016,9,question,9
2026-10-08 16:56:45.989,524.02,20261008_164801,bank,question,22,621,manual,lie,86.2,60.1,1,0.477,0.478,-0.0,1,37.93,0.05,0.015,9,question,9
2026-10-08 16:56:46.193,524.23,20261008_164801,bank,question,22,621,manual,lie,86.2,60.1,1,0.477,0.478,-0.0,1,37.94,0.048,0.015,9,question,9
2026-10-08 16:56:46.412,524.45,20261008_164801,bank,question,22,621,manual,lie,86.2,60.1,1,0.477,0.478,-0.0,1,37.94,0.045,0.014,9,question,9
2026-10-08 16:56:46.606,524.64,20261008_164801,bank,question,22,621,manual,lie,86.2,60.1,1,0.477,0.478,-0.0,1,37.93,0.043,0.014,9,question,9
2026-10-08 16:56:46.813,524.85,20261008_164801,bank,question,22,621,manual,lie,86.2,59.3,1,0.477,0.478,-0.0,1,37.91,0.039,0.013,9,question,9
2026-10-08 16:56:47.029,525.06,20261008_164801,bank,question,22,621,manual,lie,86.2,59.3,1,0.477,0.478,-0.0,1,37.92,0.037,0.012,9,question,9
2026-10-08 16:56:49.146,527.18,20261008_164801,bank,question,22,621,manual,lie,86.2,59.3,1,0.476,0.478,-0.001,1,37.92,0.035,0.011,8,question,9
2026-10-08 16:56:49.353,527.39,20261008_164801,bank,question,22,621,manual,lie,86.2,59.3,1,0.476,0.478,-0.001,1,37.92,0.033,0.01,8,question,9
2026-10-08 16:56:49.567,527.6,20261008_164801,bank,question,22,621,manual,lie,86.2,59.3,1,0.476,0.478,-0.001,1,37.92,0.032,0.009,8,question,9
2026-10-08 16:56:49.765,527.8,20261008_164801,bank,question,22,621,manual,lie,86.2,59.3,1,0.475,0.477,-0.003,1,37.93,0.032,0.008,8,question,9
2026-10-08 16:56:50.028,528.06,20261008_164801,bank,question,22,621,manual,lie,86.2,59.3,1,0.476,0.477,-0.002,1,37.93,0.034,0.008,8,question,9
2026-10-08 16:56:50.167,528.2,20261008_164801,bank,question,22,621,manual,lie,96.8,59.8,1,0.475,0.477,-0.002,1,37.92,0.031,0.008,9,question,8
2026-10-08 16:56:50.376,528.41,20261008_164801,bank,question,22,621,manual,lie,96.8,59.8,1,0.476,0.477,-0.002,1,37.93,0.03,0.007,9,question,8
2026-10-08 16:56:50.581,528.62,20261008_164801,bank,question,22,621,manual,lie,96.8,66.8,1,0.476,0.477,-0.001,1,37.93,0.038,0.008,9,question,8
2026-10-08 16:56:50.787,528.82,20261008_164801,bank,question,22,621,manual,lie,96.8,66.8,1,0.476,0.477,-0.001,1,37.93,0.038,0.007,9,question,8
2026-10-08 16:56:50.996,529.03,20261008_164801,bank,question,22,621,manual,lie,96.8,66.8,1,0.477,0.477,-0.001,1,37.94,0.038,0.008,9,question,8
2026-10-08 16:56:53.162,531.2,20261008_164801,bank,recovery,22,621,manual,lie,86.5,73.4,1,0.478,0.477,0.0,1,37.96,0.045,0.008,9,ready,9
2026-10-08 16:56:53.360,531.39,20261008_164801,bank,recovery,22,621,manual,lie,86.5,73.4,1,0.477,0.477,0.0,1,37.96,0.042,0.007,9,ready,9
2026-10-08 16:56:53.569,531.6,20261008_164801,bank,recovery,22,621,manual,lie,83.7,68.7,1,0.478,0.477,0.001,1,37.96,0.045,0.007,9,ready,9
2026-10-08 16:56:53.806,531.84,20261008_164801,bank,recovery,22,621,manual,lie,83.7,68.7,1,0.478,0.477,0.0,1,37.96,0.049,0.007,9,ready,9
2026-10-08 16:56:53.980,532.01,20261008_164801,bank,recovery,22,621,manual,lie,83.7,68.7,1,0.477,0.477,-0.0,1,37.96,0.047,0.007,9,ready,9
2026-10-08 16:56:54.191,532.22,20261008_164801,bank,recovery,22,621,manual,lie,83.7,68.7,1,0.477,0.477,-0.001,1,37.96,0.049,0.012,9,ready,9
2026-10-08 16:56:54.391,532.42,20261008_164801,bank,recovery,22,621,manual,lie,83.1,64.1,1,0.477,0.477,-0.0,1,37.96,0.046,0.012,9,ready,9
2026-10-08 16:56:54.598,532.63,20261008_164801,bank,recovery,22,621,manual,lie,83.1,64.1,1,0.477,0.477,-0.0,1,37.96,0.043,0.011,9,ready,9
2026-10-08 16:56:54.805,532.84,20261008_164801,bank,recovery,22,621,manual,lie,83.1,64.1,1,0.477,0.477,-0.0,1,37.96,0.044,0.013,9,ready,9
2026-10-08 16:56:55.015,533.05,20261008_164801,bank,recovery,22,621,manual,lie,83.1,64.1,1,0.477,0.477,-0.001,1,37.96,0.045,0.013,9,ready,9
2026-10-08 16:56:55.220,533.25,20261008_164801,bank,recovery,22,621,manual,lie,83.1,67.8,1,0.476,0.477,-0.001,1,37.96,0.044,0.012,8,ready,9
2026-10-08 16:56:55.425,533.46,20261008_164801,bank,recovery,22,621,manual,lie,83.1,67.8,1,0.476,0.477,-0.001,1,37.96,0.041,0.012,8,ready,9
2026-10-08 16:56:55.636,533.67,20261008_164801,bank,rest,,,,,83.1,67.8,1,0.476,0.477,-0.001,1,37.96,0.038,0.011,8,ready,9
2026-10-08 16:56:55.846,533.88,20261008_164801,bank,rest,,,,,83.2,68.3,1,0.476,0.477,-0.001,1,37.96,0.035,0.01,8,ready,9
2026-10-08 16:56:56.049,534.08,20261008_164801,bank,rest,,,,,83.2,68.3,1,0.476,0.477,-0.001,1,37.96,0.034,0.009,8,ready,9
2026-10-08 16:56:56.255,534.29,20261008_164801,bank,rest,,,,,83.2,68.3,1,0.477,0.477,-0.001,1,37.95,0.033,0.008,8,ready,9
2026-10-08 16:56:56.473,534.51,20261008_164801,bank,rest,,,,,83.2,62.8,1,0.477,0.477,-0.0,1,37.95,0.031,0.008,8,ready,9
2026-10-08 16:56:56.665,534.7,20261008_164801,bank,rest,,,,,83.2,62.8,1,0.477,0.477,-0.001,1,37.95,0.032,0.008,8,ready,9
2026-10-08 16:56:56.881,534.91,20261008_164801,bank,rest,,,,,83.2,62.8,1,0.477,0.477,-0.0,1,37.95,0.032,0.007,8,ready,9
2026-10-08 16:56:57.092,535.13,20261008_164801,bank,rest,,,,,85.6,62.5,1,0.475,0.477,-0.002,1,37.93,0.033,0.007,8,ready,9
2026-10-08 16:56:57.280,535.31,20261008_164801,bank,rest,,,,,85.6,62.5,1,0.476,0.477,-0.002,1,37.93,0.037,0.008,8,ready,9
2026-10-08 16:56:57.485,535.52,20261008_164801,bank,rest,,,,,85.6,62.5,1,0.476,0.477,-0.001,1,37.93,0.039,0.007,8,ready,9
2026-10-08 16:56:57.690,535.72,20261008_164801,bank,rest,,,,,85.6,62.5,1,0.476,0.477,-0.001,1,37.93,0.038,0.007,8,ready,9
2026-10-08 16:56:57.894,535.93,20261008_164801,bank,rest,,,,,85.6,64.4,1,0.476,0.477,-0.001,1,37.93,0.038,0.007,8,ready,9
2026-10-08 16:56:58.099,536.13,20261008_164801,bank,rest,,,,,85.6,64.4,1,0.477,0.477,-0.0,1,37.93,0.037,0.006,8,ready,9
2026-10-08 16:56:58.307,536.34,20261008_164801,bank,recovery,23,622,manual,lie,85.6,64.4,1,0.477,0.477,-0.001,1,37.93,0.038,0.007,8,ready,9
2026-10-08 16:56:58.534,536.57,20261008_164801,bank,question,23,622,manual,lie,85.6,64.4,1,0.477,0.477,-0.0,1,37.93,0.038,0.007,8,question,9
2026-10-08 16:56:58.714,536.75,20261008_164801,bank,question,23,622,manual,lie,85.6,66.4,1,0.477,0.477,-0.0,1,37.92,0.038,0.007,8,question,9
2026-10-08 16:56:58.924,536.96,20261008_164801,bank,question,23,622,manual,lie,85.6,66.4,1,0.477,0.477,-0.0,1,37.92,0.039,0.007,8,question,9
2026-10-08 16:56:59.123,537.16,20261008_164801,bank,question,23,622,manual,lie,85.6,66.4,1,0.476,0.477,-0.001,1,37.92,0.041,0.007,8,question,9
2026-10-08 16:57:01.198,539.23,20261008_164801,bank,question,23,622,manual,lie,79.9,65.5,1,0.477,0.477,-0.0,1,37.9,0.04,0.007,8,question,9
2026-10-08 16:57:01.406,539.44,20261008_164801,bank,question,23,622,manual,lie,79.9,65.5,1,0.476,0.477,-0.001,1,37.9,0.038,0.007,8,question,9
2026-10-08 16:57:01.606,539.64,20261008_164801,bank,question,23,622,manual,lie,79.9,65.5,1,0.476,0.477,-0.001,1,37.9,0.039,0.007,8,question,9
2026-10-08 16:57:01.811,539.84,20261008_164801,bank,question,23,622,manual,lie,79.9,68.4,1,0.476,0.477,-0.001,1,37.91,0.037,0.008,8,question,9
2026-10-08 16:57:02.020,540.05,20261008_164801,bank,question,23,622,manual,lie,79.9,68.4,1,0.476,0.477,-0.001,1,37.91,0.039,0.008,8,question,9
2026-10-08 16:57:02.222,540.26,20261008_164801,bank,question,23,622,manual,lie,79.9,68.4,1,0.476,0.477,-0.001,1,37.9,0.039,0.007,8,question,9
2026-10-08 16:57:02.433,540.47,20261008_164801,bank,question,23,622,manual,lie,79.9,68.4,1,0.475,0.477,-0.001,1,37.9,0.037,0.008,8,question,9
2026-10-08 16:57:02.641,540.67,20261008_164801,bank,question,23,622,manual,lie,79.9,72.1,1,0.475,0.477,-0.001,1,37.9,0.041,0.009,8,question,9
2026-10-08 16:57:02.853,540.89,20261008_164801,bank,question,23,622,manual,lie,79.9,72.1,1,0.475,0.477,-0.002,1,37.9,0.066,0.013,8,question,9
2026-10-08 16:57:03.052,541.09,20261008_164801,bank,question,23,622,manual,lie,79.9,72.1,1,0.475,0.477,-0.001,1,37.9,0.062,0.013,8,question,9
2026-10-08 16:57:03.263,541.3,20261008_164801,bank,question,23,622,manual,lie,82.2,67.5,1,0.476,0.477,-0.001,1,37.9,0.058,0.012,8,question,9
2026-10-08 16:57:03.473,541.51,20261008_164801,bank,question,23,622,manual,lie,82.2,67.5,1,0.477,0.477,-0.0,1,37.91,0.056,0.013,8,question,9
2026-10-08 16:57:03.678,541.71,20261008_164801,bank,question,23,622,manual,lie,82.2,67.5,1,0.476,0.477,-0.001,1,37.88,0.055,0.012,8,question,8
2026-10-08 16:57:03.884,541.92,20261008_164801,bank,question,23,622,manual,lie,82.2,74.0,1,0.476,0.477,-0.001,1,37.88,0.052,0.012,8,question,8
2026-10-08 16:57:04.156,542.19,20261008_164801,bank,question,23,622,manual,lie,82.2,74.0,1,0.476,0.477,-0.001,1,37.88,0.066,0.023,8,question,8
2026-10-08 16:57:04.299,542.33,20261008_164801,bank,question,23,622,manual,lie,82.2,74.0,1,0.476,0.477,-0.001,1,37.89,0.066,0.023,9,question,8
2026-10-08 16:57:04.502,542.54,20261008_164801,bank,question,23,622,manual,lie,82.2,74.0,1,0.476,0.477,-0.0,1,37.89,0.067,0.021,9,question,8
2026-10-08 16:57:04.729,542.76,20261008_164801,bank,question,23,622,manual,lie,82.2,74.0,1,0.477,0.477,-0.0,1,37.89,0.063,0.02,9,question,8
2026-10-08 16:57:04.910,542.94,20261008_164801,bank,question,23,622,manual,lie,82.2,74.0,1,0.476,0.477,-0.001,1,37.89,0.059,0.018,9,question,8
2026-10-08 16:57:05.115,543.15,20261008_164801,bank,question,23,622,manual,lie,82.2,74.0,1,0.476,0.477,-0.001,1,37.89,0.055,0.017,9,question,8
2026-10-08 16:57:05.324,543.36,20261008_164801,bank,question,23,622,manual,lie,82.2,74.0,1,0.476,0.477,-0.0,1,37.89,0.055,0.016,9,question,8
2026-10-08 16:57:05.528,543.56,20261008_164801,bank,question,23,622,manual,lie,82.2,74.0,1,0.476,0.477,-0.001,1,37.89,0.052,0.014,9,question,8
2026-10-08 16:57:05.732,543.77,20261008_164801,bank,question,23,622,manual,lie,82.2,74.0,1,0.477,0.477,0.0,1,37.9,0.05,0.013,9,question,8
2026-10-08 16:57:05.931,543.96,20261008_164801,bank,question,23,622,manual,lie,82.2,74.0,1,0.477,0.477,0.0,1,37.9,0.047,0.013,9,question,8
2026-10-08 16:57:06.135,544.17,20261008_164801,bank,question,23,622,manual,lie,84.4,77.4,1,0.477,0.477,0.0,1,37.9,0.046,0.012,9,question,8
2026-10-08 16:57:06.341,544.37,20261008_164801,bank,question,23,622,manual,lie,84.4,77.4,1,0.477,0.477,0.0,1,37.9,0.043,0.011,9,question,8
2026-10-08 16:57:06.547,544.58,20261008_164801,bank,question,23,622,manual,lie,84.4,77.4,1,0.477,0.477,0.0,1,37.9,0.042,0.01,8,question,8
2026-10-08 16:57:06.756,544.79,20261008_164801,bank,question,23,622,manual,lie,88.9,81.1,1,0.477,0.477,-0.0,1,37.89,0.042,0.01,9,question,8
2026-10-08 16:57:07.017,545.05,20261008_164801,bank,question,23,622,manual,lie,88.9,81.1,1,0.477,0.477,-0.0,1,37.89,0.038,0.01,9,question,8
2026-10-08 16:57:07.161,545.19,20261008_164801,bank,question,23,622,manual,lie,88.9,81.1,1,0.477,0.477,0.0,1,37.89,0.037,0.009,9,question,8
2026-10-08 16:57:07.539,545.57,20261008_164801,bank,question,23,622,manual,lie,88.9,81.1,1,0.477,0.477,-0.0,1,37.89,0.036,0.009,9,question,8
2026-10-08 16:57:07.576,545.61,20261008_164801,bank,question,23,622,manual,lie,88.9,111.2,1,0.476,0.477,-0.001,1,37.88,0.034,0.009,9,question,8
2026-10-08 16:57:07.853,545.89,20261008_164801,bank,question,23,622,manual,lie,88.9,111.2,1,0.476,0.477,-0.001,1,37.88,0.043,0.01,9,question,8
2026-10-08 16:57:07.985,546.02,20261008_164801,bank,question,23,622,manual,lie,88.9,111.2,1,0.477,0.477,-0.0,1,37.88,0.042,0.01,9,question,8
2026-10-08 16:57:08.193,546.23,20261008_164801,bank,question,23,622,manual,lie,88.9,111.2,1,0.476,0.477,-0.001,1,37.87,0.044,0.009,9,question,8
2026-10-08 16:57:08.395,546.43,20261008_164801,bank,question,23,622,manual,lie,88.9,111.2,1,0.477,0.477,0.0,1,37.88,0.041,0.009,9,question,8
2026-10-08 16:57:08.656,546.69,20261008_164801,bank,question,23,622,manual,lie,88.9,111.2,1,0.476,0.477,-0.0,1,37.89,0.04,0.009,9,question,8
2026-10-08 16:57:08.812,546.85,20261008_164801,bank,question,23,622,manual,lie,88.9,111.2,1,0.476,0.477,-0.001,1,37.89,0.042,0.01,9,question,8
2026-10-08 16:57:09.017,547.05,20261008_164801,bank,question,23,622,manual,lie,88.9,111.2,1,0.476,0.477,-0.001,1,37.89,0.039,0.009,9,question,8
2026-10-08 16:57:09.222,547.26,20261008_164801,bank,question,23,622,manual,lie,88.9,111.2,1,0.476,0.477,-0.001,1,37.89,0.037,0.009,9,question,8
2026-10-08 16:57:09.421,547.46,20261008_164801,bank,question,23,622,manual,lie,88.9,111.2,1,0.475,0.477,-0.002,1,37.89,0.037,0.008,9,question,8
2026-10-08 16:57:09.631,547.66,20261008_164801,bank,question,23,622,manual,lie,88.9,111.2,1,0.475,0.477,-0.002,1,37.89,0.053,0.013,9,question,8
2026-10-08 16:57:09.836,547.87,20261008_164801,bank,question,23,622,manual,lie,91.3,111.2,1,0.476,0.477,-0.001,1,37.9,0.053,0.013,9,question,8
2026-10-08 16:57:10.042,548.08,20261008_164801,bank,question,23,622,manual,lie,91.3,111.2,1,0.476,0.477,-0.001,1,37.9,0.05,0.012,9,question,8
2026-10-08 16:57:10.246,548.28,20261008_164801,bank,question,23,622,manual,lie,91.3,111.2,1,0.476,0.477,-0.001,1,37.9,0.046,0.012,9,question,8
2026-10-08 16:57:10.449,548.48,20261008_164801,bank,recovery,23,622,manual,lie,91.3,111.2,1,0.476,0.477,-0.0,1,37.91,0.044,0.011,9,ready,9
2026-10-08 16:57:10.654,548.69,20261008_164801,bank,recovery,23,622,manual,lie,91.3,116.9,1,0.477,0.477,0.0,1,37.91,0.044,0.01,9,ready,9
2026-10-08 16:57:10.853,548.89,20261008_164801,bank,recovery,23,622,manual,lie,91.3,116.9,1,0.476,0.477,-0.001,1,37.89,0.045,0.011,9,ready,9
2026-10-08 16:57:11.061,549.09,20261008_164801,bank,recovery,23,622,manual,lie,91.3,116.9,1,0.476,0.477,-0.001,1,37.9,0.044,0.01,9,ready,9
2026-10-08 16:57:11.267,549.3,20261008_164801,bank,recovery,23,622,manual,lie,77.2,116.2,1,0.476,0.477,-0.001,1,37.9,0.045,0.009,9,ready,8
2026-10-08 16:57:11.474,549.51,20261008_164801,bank,recovery,23,622,manual,lie,77.2,116.2,1,0.476,0.477,-0.0,1,37.9,0.042,0.009,9,ready,8
2026-10-08 16:57:11.726,549.76,20261008_164801,bank,recovery,23,622,manual,lie,77.2,116.2,1,0.477,0.477,-0.0,1,37.91,0.04,0.009,8,ready,8
2026-10-08 16:57:11.889,549.92,20261008_164801,bank,recovery,23,622,manual,lie,77.2,116.2,1,0.477,0.477,0.0,1,37.91,0.038,0.008,8,ready,8
2026-10-08 16:57:12.141,550.17,20261008_164801,bank,recovery,23,622,manual,lie,77.2,124.9,1,0.477,0.477,0.001,1,37.91,0.036,0.008,8,ready,8
2026-10-08 16:57:12.302,550.34,20261008_164801,bank,recovery,23,622,manual,lie,77.2,124.9,1,0.477,0.477,0.001,1,37.92,0.038,0.011,8,ready,8
2026-10-08 16:57:12.507,550.54,20261008_164801,bank,recovery,23,622,manual,lie,77.2,124.9,1,0.478,0.477,0.001,1,37.92,0.043,0.017,8,ready,8
2026-10-08 16:57:12.752,550.79,20261008_164801,bank,recovery,23,622,manual,lie,77.2,124.9,1,0.478,0.477,0.001,1,37.92,0.054,0.029,8,ready,8
2026-10-08 16:57:12.912,550.95,20261008_164801,bank,recovery,23,622,manual,lie,91.3,129.4,1,0.477,0.477,0.001,1,37.92,0.09,0.051,8,ready,8
2026-10-08 16:57:13.118,551.15,20261008_164801,bank,recovery,23,622,manual,lie,91.3,129.4,1,0.478,0.477,0.001,1,37.93,0.091,0.065,9,ready,9
2026-10-08 16:57:13.321,551.36,20261008_164801,bank,recovery,23,622,manual,lie,91.3,129.4,1,0.478,0.477,0.001,1,37.93,0.117,0.073,9,ready,9
2026-10-08 16:57:13.526,551.56,20261008_164801,bank,recovery,23,622,manual,lie,91.3,129.4,1,0.478,0.477,0.001,1,37.93,0.144,0.078,10,ready,9
2026-10-08 16:57:13.778,551.81,20261008_164801,bank,recovery,23,622,manual,lie,91.3,129.4,1,0.478,0.477,0.001,1,37.93,0.135,0.073,10,ready,9
2026-10-08 16:57:13.985,552.02,20261008_164801,bank,recovery,23,622,manual,lie,91.3,129.4,1,0.477,0.477,0.0,1,37.93,0.138,0.071,11,ready,9
2026-10-08 16:57:14.143,552.18,20261008_164801,bank,recovery,23,622,manual,lie,91.3,129.4,1,0.477,0.477,0.0,1,37.93,0.135,0.067,11,ready,9
2026-10-08 16:57:14.347,552.38,20261008_164801,bank,recovery,23,622,manual,lie,91.3,129.4,1,0.477,0.477,0.0,1,37.93,0.124,0.064,11,ready,9
2026-10-08 16:57:14.556,552.59,20261008_164801,bank,recovery,23,622,manual,lie,91.3,129.4,1,0.477,0.477,0.0,1,37.93,0.139,0.069,11,ready,9
2026-10-08 16:57:14.756,552.79,20261008_164801,bank,recovery,23,622,manual,lie,95.7,133.1,1,0.477,0.477,-0.0,1,37.94,0.228,0.096,12,ready,9
2026-10-08 16:57:14.962,553.0,20261008_164801,bank,recovery,23,622,manual,lie,95.7,133.1,1,0.475,0.477,-0.002,1,37.94,0.299,0.149,13,ready,9
2026-10-08 16:57:15.171,553.2,20261008_164801,bank,recovery,23,622,manual,lie,95.7,133.1,1,0.476,0.477,-0.001,1,37.94,0.28,0.145,14,ready,9
2026-10-08 16:57:15.376,553.41,20261008_164801,bank,recovery,23,622,manual,lie,95.7,133.1,1,0.476,0.477,-0.001,1,37.94,0.258,0.138,14,ready,9
2026-10-08 16:57:15.583,553.62,20261008_164801,bank,recovery,23,622,manual,lie,95.7,133.1,1,0.477,0.477,-0.0,1,37.94,0.246,0.138,15,ready,9
2026-10-08 16:57:15.783,553.82,20261008_164801,bank,recovery,23,622,manual,lie,95.7,133.1,1,0.477,0.477,0.0,1,37.94,0.238,0.128,15,ready,9
2026-10-08 16:57:15.985,554.02,20261008_164801,bank,recovery,23,622,manual,lie,95.7,133.1,1,0.476,0.477,-0.0,1,37.94,0.22,0.119,16,ready,9
2026-10-08 16:57:16.233,554.27,20261008_164801,bank,recovery,23,622,manual,lie,95.7,133.1,1,0.476,0.477,-0.0,1,37.94,0.201,0.108,16,ready,9
2026-10-08 16:57:16.404,554.44,20261008_164801,bank,recovery,23,622,manual,lie,95.7,133.1,1,0.477,0.477,0.0,1,37.94,0.186,0.099,16,ready,9
2026-10-08 16:57:16.602,554.64,20261008_164801,bank,recovery,23,622,manual,lie,95.7,133.1,1,0.477,0.477,0.0,1,37.94,0.176,0.09,15,ready,9
2026-10-08 16:57:16.808,554.84,20261008_164801,bank,recovery,23,622,manual,lie,95.9,143.0,1,0.477,0.477,0.0,1,37.94,0.178,0.083,15,ready,9
2026-10-08 16:57:17.053,555.09,20261008_164801,bank,rest,,,,,95.9,143.0,1,0.477,0.477,0.0,1,37.94,0.167,0.077,15,ready,9
2026-10-08 16:57:17.224,555.26,20261008_164801,bank,rest,,,,,96.9,138.7,1,0.477,0.477,0.001,1,37.94,0.154,0.071,15,ready,9
2026-10-08 16:57:17.465,555.5,20261008_164801,bank,rest,,,,,96.9,138.7,1,0.477,0.477,0.001,1,37.94,0.142,0.064,15,ready,9
2026-10-08 16:57:17.634,555.67,20261008_164801,bank,rest,,,,,96.9,138.7,1,0.477,0.477,0.0,1,37.94,0.133,0.059,14,ready,9
2026-10-08 16:57:17.870,555.9,20261008_164801,bank,rest,,,,,96.9,138.7,1,0.477,0.477,0.0,1,37.94,0.124,0.053,14,ready,9
2026-10-08 16:57:18.046,556.08,20261008_164801,bank,rest,,,,,96.9,138.7,1,0.478,0.477,0.001,1,37.94,0.117,0.049,14,ready,9
2026-10-08 16:57:18.259,556.29,20261008_164801,bank,rest,,,,,96.9,138.7,1,0.478,0.477,0.001,1,37.94,0.112,0.046,13,ready,9
2026-10-08 16:57:18.452,556.49,20261008_164801,bank,rest,,,,,96.9,138.7,1,0.477,0.477,0.001,1,37.94,0.107,0.042,13,ready,9
2026-10-08 16:57:18.652,556.69,20261008_164801,bank,rest,,,,,96.9,138.7,1,0.477,0.477,0.0,1,37.94,0.119,0.051,13,ready,9
2026-10-08 16:57:18.856,556.89,20261008_164801,bank,rest,,,,,120.1,138.7,1,0.477,0.477,0.0,1,37.94,0.145,0.063,14,ready,9
2026-10-08 16:57:19.099,557.13,20261008_164801,bank,rest,,,,,120.1,138.7,1,0.478,0.477,0.001,1,37.94,0.146,0.058,14,ready,9
2026-10-08 16:57:19.260,557.29,20261008_164801,bank,rest,,,,,124.7,135.6,1,0.478,0.477,0.001,1,37.91,0.138,0.056,15,ready,9
2026-10-08 16:57:21.294,559.33,20261008_164801,bank,rest,,,,,131.8,104.3,1,0.477,0.477,0.0,1,37.89,0.759,0.504,21,ready,9
2026-10-08 16:57:21.496,559.53,20261008_164801,bank,rest,,,,,131.8,104.3,1,0.477,0.477,0.0,1,37.89,0.707,0.469,22,ready,9
2026-10-08 16:57:21.702,559.74,20261008_164801,bank,rest,,,,,131.8,104.3,1,0.476,0.477,-0.001,1,37.89,0.695,0.446,22,ready,9
2026-10-08 16:57:21.912,559.95,20261008_164801,bank,rest,,,,,131.8,104.3,1,0.476,0.477,-0.0,1,37.89,0.636,0.411,23,ready,9
2026-10-08 16:57:22.116,560.15,20261008_164801,bank,rest,,,,,131.8,104.3,1,0.476,0.477,-0.001,1,37.89,0.579,0.373,23,ready,9
2026-10-08 16:57:22.323,560.36,20261008_164801,bank,recovery,24,623,manual,truth,131.8,104.3,1,0.476,0.477,-0.001,1,37.89,0.543,0.339,23,ready,9
2026-10-08 16:57:22.583,560.62,20261008_164801,bank,question,24,623,manual,truth,131.8,104.3,1,0.476,0.477,-0.001,1,37.9,0.455,0.281,24,question,9
2026-10-08 16:57:22.742,560.78,20261008_164801,bank,question,24,623,manual,truth,131.8,104.3,1,0.476,0.477,-0.001,1,37.9,0.416,0.255,24,question,9
2026-10-08 16:57:22.948,560.98,20261008_164801,bank,question,24,623,manual,truth,131.8,104.3,1,0.476,0.477,-0.001,1,37.9,0.378,0.231,24,question,9
2026-10-08 16:57:23.288,561.32,20261008_164801,bank,question,24,623,manual,truth,131.8,104.3,1,0.476,0.477,-0.001,1,37.9,0.343,0.209,24,question,9
2026-10-08 16:57:23.392,561.43,20261008_164801,bank,question,24,623,manual,truth,131.8,104.3,1,0.476,0.477,-0.0,1,37.9,0.312,0.19,24,question,9
2026-10-08 16:57:23.603,561.64,20261008_164801,bank,question,24,623,manual,truth,131.8,104.3,1,0.477,0.477,-0.0,1,37.9,0.284,0.172,24,question,9
2026-10-08 16:57:23.766,561.8,20261008_164801,bank,question,24,623,manual,truth,131.8,104.3,1,0.477,0.477,0.0,1,37.9,0.259,0.156,24,question,9
2026-10-08 16:57:24.024,562.06,20261008_164801,bank,question,24,623,manual,truth,131.8,104.3,1,0.478,0.477,0.001,1,37.9,0.236,0.141,25,question,9
2026-10-08 16:57:24.177,562.21,20261008_164801,bank,question,24,623,manual,truth,131.8,104.3,1,0.479,0.477,0.002,1,37.9,0.217,0.128,25,question,9
2026-10-08 16:57:24.423,562.46,20261008_164801,bank,question,24,623,manual,truth,131.8,104.3,1,0.479,0.477,0.002,1,37.91,0.196,0.116,24,question,9
2026-10-08 16:57:24.582,562.62,20261008_164801,bank,question,24,623,manual,truth,131.8,104.3,1,0.48,0.477,0.003,1,37.91,0.182,0.105,24,question,9
2026-10-08 16:57:24.782,562.82,20261008_164801,bank,question,24,623,manual,truth,131.8,104.3,1,0.479,0.477,0.002,1,37.9,0.166,0.096,23,question,9
2026-10-08 16:57:24.992,563.03,20261008_164801,bank,question,24,623,manual,truth,131.8,104.3,1,0.48,0.477,0.003,1,37.9,0.154,0.087,23,question,9
2026-10-08 16:57:25.254,563.29,20261008_164801,bank,question,24,623,manual,truth,,,1,0.48,0.477,0.003,1,37.9,0.142,0.079,21,question,9
2026-10-08 16:57:25.411,563.44,20261008_164801,bank,question,24,623,manual,truth,,,1,0.481,0.477,0.004,1,37.9,0.131,0.072,19,question,9
2026-10-08 16:57:25.608,563.64,20261008_164801,bank,question,24,623,manual,truth,,,1,0.481,0.477,0.004,1,37.9,0.12,0.065,18,question,9
2026-10-08 16:57:25.817,563.85,20261008_164801,bank,question,24,623,manual,truth,,,1,0.48,0.477,0.003,1,37.9,0.109,0.059,17,question,9
2026-10-08 16:57:26.012,564.05,20261008_164801,bank,question,24,623,manual,truth,,,1,0.481,0.477,0.003,1,37.91,0.102,0.054,15,question,9
2026-10-08 16:57:26.222,564.26,20261008_164801,bank,question,24,623,manual,truth,,,1,0.48,0.477,0.003,1,37.91,0.094,0.049,14,question,9
2026-10-08 16:57:26.433,564.47,20261008_164801,bank,question,24,623,manual,truth,,,1,0.481,0.477,0.004,1,37.91,0.086,0.044,14,question,9
2026-10-08 16:57:26.632,564.67,20261008_164801,bank,question,24,623,manual,truth,,,1,0.482,0.477,0.004,1,37.91,0.079,0.04,13,question,9
2026-10-08 16:57:26.852,564.89,20261008_164801,bank,question,24,623,manual,truth,,,1,0.482,0.477,0.004,1,37.91,0.075,0.037,12,question,9
2026-10-08 16:57:27.191,565.22,20261008_164801,bank,question,24,623,manual,truth,,,1,0.481,0.477,0.003,1,37.92,0.071,0.034,12,question,9
2026-10-08 16:57:27.250,565.28,20261008_164801,bank,question,24,623,manual,truth,85.8,,1,0.481,0.477,0.004,1,37.92,0.065,0.03,11,question,9
2026-10-08 16:57:27.453,565.49,20261008_164801,bank,question,24,623,manual,truth,85.8,,1,0.48,0.477,0.002,1,37.92,0.06,0.028,11,question,9
2026-10-08 16:57:27.663,565.7,20261008_164801,bank,question,24,623,manual,truth,85.8,,1,0.48,0.477,0.003,1,37.92,0.057,0.025,11,question,9
2026-10-08 16:57:27.867,565.9,20261008_164801,bank,question,24,623,manual,truth,101.4,,1,0.48,0.478,0.002,1,37.92,0.052,0.024,11,question,9
2026-10-08 16:57:28.073,566.11,20261008_164801,bank,question,24,623,manual,truth,101.4,,1,0.481,0.478,0.003,1,37.92,0.051,0.023,11,question,9
2026-10-08 16:57:28.277,566.31,20261008_164801,bank,question,24,623,manual,truth,101.4,,1,0.48,0.478,0.002,1,37.92,0.048,0.021,11,question,9
2026-10-08 16:57:28.484,566.52,20261008_164801,bank,question,24,623,manual,truth,96.9,,1,0.48,0.478,0.002,1,37.93,0.046,0.02,11,question,9
2026-10-08 16:57:28.688,566.72,20261008_164801,bank,question,24,623,manual,truth,96.9,,1,0.479,0.478,0.001,1,37.93,0.045,0.018,11,question,9
2026-10-08 16:57:28.893,566.93,20261008_164801,bank,question,24,623,manual,truth,96.9,,1,0.479,0.478,0.002,1,37.93,0.048,0.017,11,question,9
2026-10-08 16:57:29.134,567.17,20261008_164801,bank,question,24,623,manual,truth,96.9,,1,0.477,0.478,-0.0,1,37.91,0.048,0.016,11,question,9
2026-10-08 16:57:29.308,567.34,20261008_164801,bank,question,24,623,manual,truth,96.9,,1,0.478,0.478,0.001,1,37.91,0.049,0.014,11,question,9
2026-10-08 16:57:29.513,567.55,20261008_164801,bank,question,24,623,manual,truth,96.9,,1,0.478,0.478,0.0,1,37.91,0.051,0.014,11,question,9
2026-10-08 16:57:29.754,567.79,20261008_164801,bank,question,24,623,manual,truth,96.9,,1,0.478,0.478,0.001,1,37.92,0.058,0.015,11,question,9
2026-10-08 16:57:29.931,567.96,20261008_164801,bank,question,24,623,manual,truth,96.9,,1,0.478,0.478,0.0,1,37.92,0.061,0.019,11,question,9
2026-10-08 16:57:30.139,568.17,20261008_164801,bank,question,24,623,manual,truth,101.4,,1,0.478,0.478,0.0,1,37.92,0.06,0.018,11,question,9
2026-10-08 16:57:30.344,568.38,20261008_164801,bank,question,24,623,manual,truth,101.4,,1,0.478,0.478,0.001,1,37.92,0.062,0.021,11,question,9
2026-10-08 16:57:30.674,568.71,20261008_164801,bank,question,24,623,manual,truth,101.4,,1,0.478,0.478,0.001,1,37.93,0.06,0.023,11,question,9
2026-10-08 16:57:30.761,568.8,20261008_164801,bank,question,24,623,manual,truth,107.5,118.8,1,0.477,0.478,-0.0,1,37.92,0.059,0.021,11,question,9
2026-10-08 16:57:30.977,569.01,20261008_164801,bank,question,24,623,manual,truth,107.5,118.8,1,0.478,0.478,-0.0,1,37.92,0.056,0.019,11,question,9
2026-10-08 16:57:31.180,569.21,20261008_164801,bank,question,24,623,manual,truth,107.5,118.8,1,0.478,0.478,0.0,1,37.93,0.076,0.023,12,question,9
2026-10-08 16:57:31.386,569.42,20261008_164801,bank,question,24,623,manual,truth,107.5,118.8,1,0.479,0.478,0.001,1,37.93,0.08,0.023,12,question,9
2026-10-08 16:57:31.595,569.63,20261008_164801,bank,question,24,623,manual,truth,107.5,118.8,1,0.479,0.478,0.001,1,37.93,0.078,0.029,12,question,9
2026-10-08 16:57:31.796,569.83,20261008_164801,bank,question,24,623,manual,truth,107.5,118.8,1,0.479,0.478,0.001,1,37.93,0.074,0.035,12,question,9
2026-10-08 16:57:32.005,570.04,20261008_164801,bank,question,24,623,manual,truth,107.5,118.8,1,0.479,0.478,0.001,1,37.94,0.078,0.037,12,question,9
2026-10-08 16:57:32.212,570.25,20261008_164801,bank,question,24,623,manual,truth,107.5,118.8,1,0.479,0.478,0.002,1,37.94,0.085,0.04,12,question,9
2026-10-08 16:57:32.418,570.45,20261008_164801,bank,question,24,623,manual,truth,107.5,118.8,1,0.479,0.478,0.001,1,37.94,0.084,0.046,12,question,9
2026-10-08 16:57:32.625,570.66,20261008_164801,bank,question,24,623,manual,truth,107.5,118.8,1,0.479,0.478,0.001,1,37.94,0.081,0.047,13,question,9
2026-10-08 16:57:32.831,570.86,20261008_164801,bank,question,24,623,manual,truth,107.5,118.8,1,0.479,0.478,0.001,1,37.94,0.079,0.043,13,question,9
2026-10-08 16:57:33.048,571.08,20261008_164801,bank,question,24,623,manual,truth,107.5,118.8,1,0.48,0.478,0.002,1,37.94,0.075,0.04,13,question,9
2026-10-08 16:57:33.241,571.27,20261008_164801,bank,question,24,623,manual,truth,107.5,118.8,1,0.481,0.478,0.003,1,37.94,0.074,0.038,13,question,9
2026-10-08 16:57:33.445,571.48,20261008_164801,bank,question,24,623,manual,truth,107.5,118.8,1,0.48,0.478,0.002,1,37.95,0.071,0.038,13,question,9
2026-10-08 16:57:33.652,571.69,20261008_164801,bank,question,24,623,manual,truth,107.5,118.8,1,0.48,0.478,0.002,1,37.95,0.073,0.041,13,question,9
2026-10-08 16:57:33.856,571.89,20261008_164801,bank,question,24,623,manual,truth,107.5,118.8,1,0.48,0.478,0.002,1,37.95,0.069,0.037,13,question,9
2026-10-08 16:57:34.064,572.1,20261008_164801,bank,question,24,623,manual,truth,107.5,118.8,1,0.481,0.478,0.002,1,37.95,0.071,0.034,13,question,9
2026-10-08 16:57:34.275,572.31,20261008_164801,bank,recovery,24,623,manual,truth,107.5,118.8,1,0.481,0.478,0.003,1,37.95,0.068,0.032,13,ready,9
2026-10-08 16:57:34.478,572.51,20261008_164801,bank,recovery,24,623,manual,truth,,,1,0.481,0.478,0.003,1,37.95,0.062,0.029,12,ready,9
2026-10-08 16:57:34.773,572.81,20261008_164801,bank,recovery,24,623,manual,truth,188.8,,1,0.481,0.478,0.002,1,37.95,0.058,0.027,14,ready,9
2026-10-08 16:57:34.889,572.92,20261008_164801,bank,recovery,24,623,manual,truth,188.8,,1,0.48,0.478,0.002,1,37.95,0.053,0.025,16,ready,9
2026-10-08 16:57:35.090,573.12,20261008_164801,bank,recovery,24,623,manual,truth,188.8,,1,0.479,0.478,0.001,1,37.95,0.049,0.022,18,ready,9
2026-10-08 16:57:35.333,573.37,20261008_164801,bank,recovery,24,623,manual,truth,179.3,,1,0.48,0.478,0.001,1,37.95,0.047,0.021,19,ready,9
2026-10-08 16:57:35.513,573.55,20261008_164801,bank,recovery,24,623,manual,truth,179.3,,1,0.48,0.478,0.002,1,37.95,0.044,0.019,20,ready,9
2026-10-08 16:57:35.712,573.75,20261008_164801,bank,recovery,24,623,manual,truth,179.3,,1,0.479,0.478,0.001,1,37.95,0.041,0.017,20,ready,9
2026-10-08 16:57:35.922,573.96,20261008_164801,bank,recovery,24,623,manual,truth,179.3,,1,0.48,0.478,0.002,1,37.95,0.041,0.016,21,ready,9
2026-10-08 16:57:36.125,574.16,20261008_164801,bank,recovery,24,623,manual,truth,179.3,,1,0.479,0.478,0.001,1,37.95,0.038,0.016,21,ready,9
2026-10-08 16:57:36.347,574.38,20261008_164801,bank,recovery,24,623,manual,truth,179.3,,1,0.479,0.478,0.001,1,37.96,0.037,0.014,21,ready,9
2026-10-08 16:57:36.535,574.57,20261008_164801,bank,recovery,24,623,manual,truth,179.3,,1,0.479,0.478,0.001,1,37.96,0.036,0.014,21,ready,9
2026-10-08 16:57:36.743,574.78,20261008_164801,bank,recovery,24,623,manual,truth,179.3,,1,0.479,0.478,0.0,1,37.96,0.038,0.013,22,ready,9
2026-10-08 16:57:36.939,574.97,20261008_164801,bank,recovery,24,623,manual,truth,179.3,,1,0.478,0.478,0.0,1,37.96,0.04,0.013,22,ready,9
2026-10-08 16:57:37.149,575.18,20261008_164801,bank,recovery,24,623,manual,truth,179.3,,1,0.478,0.478,-0.0,1,37.96,0.042,0.012,22,ready,9
2026-10-08 16:57:37.359,575.39,20261008_164801,bank,recovery,24,623,manual,truth,188.1,,1,0.478,0.478,-0.0,1,37.96,0.042,0.012,23,ready,9
2026-10-08 16:57:37.560,575.59,20261008_164801,bank,recovery,24,623,manual,truth,188.1,,1,0.478,0.478,-0.001,1,37.96,0.045,0.017,23,ready,9
2026-10-08 16:57:37.764,575.8,20261008_164801,bank,recovery,24,623,manual,truth,188.1,,1,0.478,0.478,-0.001,1,37.96,0.047,0.018,23,ready,9
2026-10-08 16:57:37.969,576.0,20261008_164801,bank,recovery,24,623,manual,truth,188.1,,1,0.478,0.478,-0.0,1,37.96,0.045,0.018,23,ready,9
2026-10-08 16:57:38.178,576.21,20261008_164801,bank,recovery,24,623,manual,truth,188.1,,1,0.478,0.478,-0.001,1,37.96,0.043,0.016,24,ready,9
2026-10-08 16:57:38.390,576.42,20261008_164801,bank,recovery,24,623,manual,truth,188.1,,1,0.478,0.478,-0.001,1,37.96,0.043,0.015,24,ready,9
2026-10-08 16:57:38.662,576.7,20261008_164801,bank,recovery,24,623,manual,truth,188.1,,1,0.476,0.478,-0.002,1,37.96,0.046,0.016,24,ready,9
2026-10-08 16:57:38.864,576.9,20261008_164801,bank,recovery,24,623,manual,truth,188.1,,1,0.477,0.478,-0.002,1,37.96,0.043,0.015,24,ready,9
2026-10-08 16:57:39.001,577.03,20261008_164801,bank,recovery,24,623,manual,truth,188.1,,1,0.477,0.478,-0.001,1,37.95,0.042,0.014,24,ready,9
2026-10-08 16:57:39.202,577.24,20261008_164801,bank,recovery,24,623,manual,truth,188.1,,1,0.477,0.478,-0.001,1,37.96,0.041,0.014,24,ready,9
2026-10-08 16:57:39.410,577.44,20261008_164801,bank,recovery,24,623,manual,truth,,,1,0.477,0.478,-0.001,1,37.95,0.04,0.014,21,ready,9
2026-10-08 16:57:39.615,577.65,20261008_164801,bank,rest,,,,,,,1,0.478,0.478,-0.001,1,37.96,0.037,0.012,19,ready,9
2026-10-08 16:57:39.820,577.85,20261008_164801,bank,rest,,,,,,,1,0.478,0.478,-0.001,1,37.96,0.036,0.012,17,ready,9
2026-10-08 16:57:40.027,578.06,20261008_164801,bank,rest,,,,,,,1,0.478,0.478,-0.0,1,37.95,0.035,0.011,15,ready,9
2026-10-08 16:57:40.233,578.27,20261008_164801,bank,rest,,,,,,,1,0.478,0.478,-0.0,1,37.95,0.033,0.01,13,ready,9
2026-10-08 16:57:40.441,578.47,20261008_164801,bank,rest,,,,,,,1,0.478,0.478,0.0,1,37.95,0.03,0.009,12,ready,9
2026-10-08 16:57:40.649,578.68,20261008_164801,bank,rest,,,,,,,1,0.478,0.478,0.0,1,37.95,0.029,0.009,11,ready,9
2026-10-08 16:57:40.859,578.89,20261008_164801,bank,rest,,,,,57.1,,1,0.479,0.478,0.001,1,37.95,0.027,0.008,11,ready,9
2026-10-08 16:57:41.062,579.1,20261008_164801,bank,rest,,,,,57.1,,1,0.479,0.478,0.001,1,37.95,0.025,0.008,10,ready,9
2026-10-08 16:57:41.267,579.3,20261008_164801,bank,rest,,,,,57.1,,1,0.479,0.478,0.0,1,37.95,0.026,0.008,9,ready,9
2026-10-08 16:57:41.476,579.51,20261008_164801,bank,rest,,,,,57.1,,1,0.478,0.478,0.0,1,37.95,0.026,0.008,9,ready,9
2026-10-08 16:57:41.683,579.72,20261008_164801,bank,rest,,,,,57.1,,1,0.478,0.478,-0.0,1,37.95,0.028,0.009,8,ready,9
2026-10-08 16:57:41.887,579.92,20261008_164801,bank,rest,,,,,57.1,,1,0.478,0.478,-0.0,1,37.94,0.028,0.009,8,ready,9
2026-10-08 16:57:42.245,580.28,20261008_164801,bank,rest,,,,,57.1,,1,0.478,0.478,-0.0,1,37.94,0.029,0.009,8,ready,9
2026-10-08 16:57:42.322,580.36,20261008_164801,bank,rest,,,,,42.7,,1,0.478,0.478,0.0,1,37.94,0.028,0.009,7,ready,9
2026-10-08 16:57:42.512,580.55,20261008_164801,bank,rest,,,,,42.7,,1,0.478,0.478,-0.0,1,37.94,0.026,0.008,7,ready,9
2026-10-08 16:57:42.709,580.74,20261008_164801,bank,rest,,,,,42.7,,1,0.478,0.478,-0.0,1,37.93,0.031,0.01,7,ready,9
2026-10-08 16:57:42.921,580.95,20261008_164801,bank,rest,,,,,42.7,,1,0.479,0.478,0.001,1,37.91,0.034,0.012,6,ready,9
2026-10-08 16:57:43.130,581.16,20261008_164801,bank,rest,,,,,42.7,,1,0.478,0.478,-0.001,1,37.91,0.033,0.011,6,ready,9
2026-10-08 16:57:43.342,581.38,20261008_164801,bank,rest,,,,,42.7,,1,0.478,0.478,-0.001,1,37.91,0.031,0.01,6,ready,9
2026-10-08 16:57:43.543,581.58,20261008_164801,bank,rest,,,,,42.7,,1,0.477,0.478,-0.001,1,37.91,0.028,0.01,6,ready,9
2026-10-08 16:57:43.755,581.79,20261008_164801,bank,rest,,,,,42.9,,1,0.477,0.478,-0.001,1,37.91,0.028,0.009,6,ready,9
2026-10-08 16:57:43.960,581.99,20261008_164801,bank,rest,,,,,42.9,,1,0.477,0.478,-0.001,1,37.86,0.028,0.008,6,ready,9
2026-10-08 16:57:44.166,582.2,20261008_164801,bank,rest,,,,,42.9,,1,0.477,0.478,-0.001,1,37.86,0.029,0.008,6,ready,9
2026-10-08 16:57:44.391,582.42,20261008_164801,bank,rest,,,,,42.9,,1,0.476,0.478,-0.002,1,37.85,0.03,0.009,6,ready,9
2026-10-08 16:57:44.577,582.61,20261008_164801,bank,rest,,,,,42.9,,1,0.477,0.478,-0.001,1,37.85,0.029,0.008,6,ready,9
2026-10-08 16:57:44.782,582.82,20261008_164801,bank,rest,,,,,42.9,,1,0.477,0.478,-0.001,1,37.86,0.032,0.008,6,ready,9
2026-10-08 16:57:45.007,583.04,20261008_164801,bank,rest,,,,,43.1,385.8,1,0.477,0.478,-0.001,1,37.87,0.036,0.011,6,ready,9
2026-10-08 16:57:45.218,583.25,20261008_164801,bank,rest,,,,,43.1,385.8,1,0.478,0.478,-0.0,1,37.87,0.037,0.012,6,ready,9
2026-10-08 16:57:45.403,583.44,20261008_164801,bank,rest,,,,,43.1,385.8,1,0.477,0.478,-0.001,1,37.88,0.038,0.011,6,ready,9
2026-10-08 16:57:45.608,583.64,20261008_164801,bank,rest,,,,,43.1,385.8,1,0.477,0.478,-0.001,1,37.88,0.04,0.01,6,ready,9
2026-10-08 16:57:45.818,583.85,20261008_164801,bank,rest,,,,,43.1,385.8,1,0.478,0.478,-0.0,1,37.88,0.046,0.01,6,ready,9
2026-10-08 16:57:46.018,584.05,20261008_164801,bank,rest,,,,,43.1,385.8,1,0.478,0.478,-0.0,1,37.89,0.046,0.01,6,ready,9
2026-10-08 16:57:46.223,584.26,20261008_164801,bank,rest,,,,,43.1,385.8,1,0.477,0.478,-0.0,1,37.89,0.045,0.011,6,ready,9
2026-10-08 16:57:46.449,584.48,20261008_164801,bank,rest,,,,,43.1,385.8,1,0.478,0.478,-0.0,1,37.9,0.046,0.011,6,ready,9
2026-10-08 16:57:46.633,584.67,20261008_164801,bank,rest,,,,,43.1,385.8,1,0.477,0.478,-0.001,1,37.9,0.043,0.011,6,ready,9
2026-10-08 16:57:46.839,584.87,20261008_164801,bank,rest,,,,,43.1,385.8,1,0.478,0.478,-0.0,1,37.9,0.041,0.012,6,ready,9
2026-10-08 16:57:47.048,585.08,20261008_164801,bank,rest,,,,,43.1,385.8,1,0.478,0.478,0.0,1,37.9,0.038,0.011,6,ready,9
2026-10-08 16:57:47.262,585.3,20261008_164801,bank,rest,,,,,43.1,385.8,1,0.477,0.478,-0.0,1,37.88,0.035,0.01,6,ready,9
2026-10-08 16:57:47.465,585.5,20261008_164801,bank,rest,,,,,43.1,385.8,1,0.478,0.478,-0.0,1,37.89,0.033,0.01,6,ready,9
2026-10-08 16:57:47.723,585.76,20261008_164801,bank,rest,,,,,43.1,385.8,1,0.478,0.478,-0.0,1,37.89,0.032,0.01,6,ready,9
2026-10-08 16:57:47.881,585.91,20261008_164801,bank,rest,,,,,43.1,385.8,1,0.478,0.478,-0.0,1,37.89,0.035,0.01,6,ready,9
2026-10-08 16:57:48.077,586.11,20261008_164801,bank,rest,,,,,43.1,385.8,1,0.478,0.478,-0.0,1,37.9,0.034,0.009,6,ready,9
2026-10-08 16:57:48.289,586.32,20261008_164801,bank,rest,,,,,43.1,385.8,1,0.478,0.478,-0.0,1,37.9,0.033,0.009,6,ready,9
2026-10-08 16:57:48.491,586.52,20261008_164801,bank,rest,,,,,43.1,385.8,1,0.477,0.478,-0.0,1,37.9,0.03,0.009,6,ready,9
2026-10-08 16:57:48.809,586.84,20261008_164801,bank,rest,,,,,43.1,385.8,1,0.477,0.478,-0.0,1,37.9,0.035,0.011,6,ready,9
2026-10-08 16:57:48.909,586.94,20261008_164801,bank,rest,,,,,43.1,385.8,1,0.477,0.478,-0.0,1,37.9,0.035,0.01,6,ready,9
2026-10-08 16:57:49.112,587.15,20261008_164801,bank,rest,,,,,43.1,385.8,1,0.478,0.478,-0.0,1,37.9,0.033,0.01,6,ready,9
2026-10-08 16:57:49.329,587.36,20261008_164801,bank,rest,,,,,43.1,385.8,1,0.478,0.478,0.0,1,37.91,0.036,0.01,6,ready,9
2026-10-08 16:57:49.531,587.56,20261008_164801,bank,rest,,,,,43.1,385.8,1,0.478,0.478,0.0,1,37.91,0.034,0.009,6,ready,9
2026-10-08 16:57:49.731,587.76,20261008_164801,bank,rest,,,,,43.1,385.8,1,0.478,0.478,0.0,1,37.91,0.032,0.009,6,ready,9
2026-10-08 16:57:49.945,587.98,20261008_164801,bank,rest,,,,,45.0,385.8,1,0.479,0.478,0.001,1,37.91,0.032,0.008,6,ready,9
2026-10-08 16:57:50.150,588.18,20261008_164801,bank,rest,,,,,45.0,385.8,1,0.478,0.478,0.0,1,37.91,0.032,0.008,6,ready,9
2026-10-08 16:57:50.357,588.39,20261008_164801,bank,rest,,,,,45.0,385.8,1,0.478,0.478,0.0,1,37.91,0.043,0.014,6,ready,9
2026-10-08 16:57:50.571,588.6,20261008_164801,bank,rest,,,,,45.0,385.8,1,0.478,0.478,0.0,1,37.91,0.219,0.036,7,ready,9
2026-10-08 16:57:50.845,588.88,20261008_164801,bank,rest,,,,,47.4,355.2,1,0.478,0.478,-0.0,1,37.91,0.452,0.067,8,ready,9
2026-10-08 16:57:50.978,589.01,20261008_164801,bank,rest,,,,,47.4,355.2,1,0.478,0.478,-0.0,1,37.91,0.494,0.097,9,ready,9
2026-10-08 16:57:51.235,589.27,20261008_164801,bank,rest,,,,,47.4,355.2,1,0.478,0.478,-0.0,1,37.91,0.602,0.14,10,ready,9
2026-10-08 16:57:51.419,589.45,20261008_164801,bank,rest,,,,,47.4,355.2,1,0.477,0.478,-0.001,1,37.92,0.616,0.129,10,ready,9
2026-10-08 16:57:51.600,589.63,20261008_164801,bank,rest,,,,,47.4,355.2,1,0.478,0.478,-0.0,1,37.92,0.604,0.118,11,ready,9
2026-10-08 16:57:51.809,589.84,20261008_164801,bank,rest,,,,,53.4,327.2,1,0.479,0.478,0.001,1,37.92,0.699,0.112,11,ready,9
2026-10-08 16:57:52.012,590.05,20261008_164801,bank,rest,,,,,53.4,327.2,1,0.478,0.478,0.0,1,37.92,0.868,0.112,11,ready,9
2026-10-08 16:57:52.219,590.25,20261008_164801,bank,rest,,,,,53.4,327.2,1,0.478,0.478,0.001,1,37.92,1.067,0.147,12,ready,9
2026-10-08 16:57:52.422,590.46,20261008_164801,bank,rest,,,,,53.4,327.2,1,0.478,0.478,-0.0,1,37.92,1.012,0.194,12,ready,9
2026-10-08 16:57:52.627,590.66,20261008_164801,bank,rest,,,,,53.4,327.2,1,0.478,0.478,-0.0,1,37.92,0.917,0.185,12,ready,9
2026-10-08 16:57:52.832,590.87,20261008_164801,bank,rest,,,,,53.4,327.2,1,0.477,0.478,-0.001,1,37.92,0.839,0.171,13,ready,9
2026-10-08 16:57:53.038,591.07,20261008_164801,bank,rest,,,,,53.4,327.2,1,0.477,0.478,-0.001,1,37.92,0.767,0.161,13,ready,9
2026-10-08 16:57:53.257,591.29,20261008_164801,bank,rest,,,,,53.4,327.2,1,0.477,0.478,-0.001,1,37.92,0.696,0.147,13,ready,9
2026-10-08 16:57:53.449,591.48,20261008_164801,bank,rest,,,,,53.4,327.2,1,0.475,0.478,-0.003,1,37.92,0.63,0.133,13,ready,9
2026-10-08 16:57:53.711,591.74,20261008_164801,bank,rest,,,,,53.4,327.2,1,0.476,0.478,-0.002,1,37.92,0.571,0.125,13,ready,9
2026-10-08 16:57:53.867,591.9,20261008_164801,bank,rest,,,,,53.4,327.2,1,0.476,0.478,-0.001,1,37.91,0.517,0.113,13,ready,9
2026-10-08 16:57:54.125,592.16,20261008_164801,bank,rest,,,,,53.4,327.2,1,0.475,0.478,-0.003,1,37.89,0.469,0.103,13,ready,9
2026-10-08 16:57:54.323,592.36,20261008_164801,bank,rest,,,,,53.4,327.2,1,0.475,0.478,-0.002,1,37.9,0.424,0.094,13,ready,9
2026-10-08 16:57:54.480,592.51,20261008_164801,bank,rest,,,,,53.4,327.2,1,0.476,0.478,-0.002,1,37.91,0.385,0.085,13,ready,9
2026-10-08 16:57:54.779,592.81,20261008_164801,bank,rest,,,,,53.4,327.2,1,0.476,0.478,-0.001,1,37.91,0.349,0.077,13,ready,9
2026-10-08 16:57:54.910,592.94,20261008_164801,bank,rest,,,,,53.4,327.2,1,0.477,0.478,-0.001,1,37.91,0.316,0.07,13,ready,9
2026-10-08 16:57:55.117,593.15,20261008_164801,bank,rest,,,,,53.4,327.2,1,0.477,0.478,-0.001,1,37.91,0.287,0.064,13,ready,9
2026-10-08 16:57:55.308,593.34,20261008_164801,bank,rest,,,,,53.4,327.2,1,0.477,0.478,-0.001,1,37.92,0.261,0.059,13,ready,9
2026-10-08 16:57:55.521,593.55,20261008_164801,bank,recovery,25,624,manual,truth,53.4,327.2,1,0.477,0.478,-0.0,1,37.92,0.239,0.058,14,ready,9
2026-10-08 16:57:55.722,593.76,20261008_164801,bank,question,25,624,manual,truth,53.4,327.2,1,0.477,0.478,-0.001,1,37.92,0.222,0.061,14,question,9
2026-10-08 16:57:55.922,593.96,20261008_164801,bank,question,25,624,manual,truth,53.4,327.2,1,0.476,0.478,-0.001,1,37.93,0.215,0.062,13,question,9
2026-10-08 16:57:56.133,594.17,20261008_164801,bank,question,25,624,manual,truth,53.4,327.2,1,0.476,0.478,-0.001,1,37.93,0.27,0.08,14,question,9
2026-10-08 16:57:56.339,594.37,20261008_164801,bank,question,25,624,manual,truth,53.4,327.2,1,0.477,0.478,-0.001,1,37.93,0.29,0.102,14,question,9
2026-10-08 16:57:56.544,594.58,20261008_164801,bank,question,25,624,manual,truth,53.4,327.2,1,0.477,0.478,-0.001,1,37.93,0.269,0.111,14,question,9
2026-10-08 16:57:56.749,594.78,20261008_164801,bank,question,25,624,manual,truth,53.4,327.2,1,0.477,0.478,-0.001,1,37.93,0.256,0.108,14,question,9
2026-10-08 16:57:57.134,595.17,20261008_164801,bank,question,25,624,manual,truth,53.4,327.2,1,0.477,0.478,-0.001,1,37.93,0.215,0.096,14,question,9
2026-10-08 16:57:57.169,595.2,20261008_164801,bank,question,25,624,manual,truth,53.4,327.2,1,0.477,0.478,-0.001,1,37.94,0.197,0.089,13,question,9
2026-10-08 16:57:57.368,595.4,20261008_164801,bank,question,25,624,manual,truth,53.4,327.2,1,0.477,0.478,-0.001,1,37.94,0.184,0.083,13,question,9
2026-10-08 16:57:59.450,597.48,20261008_164801,bank,question,25,624,manual,truth,57.5,327.2,1,0.477,0.477,-0.001,1,37.94,0.101,0.05,11,question,9
2026-10-08 16:57:59.648,597.68,20261008_164801,bank,question,25,624,manual,truth,57.5,327.2,1,0.477,0.477,-0.001,1,37.95,0.092,0.045,11,question,9
2026-10-08 16:57:59.854,597.89,20261008_164801,bank,question,25,624,manual,truth,57.5,327.2,1,0.476,0.477,-0.001,1,37.95,0.084,0.041,10,question,9
2026-10-08 16:58:00.052,598.09,20261008_164801,bank,question,25,624,manual,truth,57.5,327.2,1,0.476,0.477,-0.001,1,37.95,0.077,0.037,10,question,9
2026-10-08 16:58:00.254,598.29,20261008_164801,bank,question,25,624,manual,truth,57.5,327.2,1,0.476,0.477,-0.001,1,37.95,0.071,0.034,10,question,9
2026-10-08 16:58:00.458,598.49,20261008_164801,bank,question,25,624,manual,truth,57.5,327.2,1,0.476,0.477,-0.001,1,37.95,0.067,0.031,9,question,9
2026-10-08 16:58:00.665,598.7,20261008_164801,bank,question,25,624,manual,truth,57.5,327.2,1,0.476,0.477,-0.002,1,37.95,0.061,0.028,9,question,9
2026-10-08 16:58:00.866,598.9,20261008_164801,bank,question,25,624,manual,truth,57.5,327.2,1,0.475,0.477,-0.003,1,37.94,0.057,0.026,9,question,9
2026-10-08 16:58:01.063,599.1,20261008_164801,bank,question,25,624,manual,truth,57.5,327.2,1,0.473,0.477,-0.004,1,37.91,0.053,0.024,9,question,9
2026-10-08 16:58:01.265,599.3,20261008_164801,bank,question,25,624,manual,truth,57.5,327.2,1,0.474,0.477,-0.003,1,37.91,0.051,0.022,9,question,9
2026-10-08 16:58:01.473,599.51,20261008_164801,bank,question,25,624,manual,truth,57.5,327.2,1,0.475,0.477,-0.002,1,37.92,0.048,0.02,9,question,9
2026-10-08 16:58:01.820,599.85,20261008_164801,bank,question,25,624,manual,truth,57.5,327.2,1,0.475,0.477,-0.002,1,37.92,0.047,0.019,8,question,9
2026-10-08 16:58:01.885,599.92,20261008_164801,bank,question,25,624,manual,truth,57.5,327.2,1,0.475,0.477,-0.002,1,37.92,0.046,0.018,8,question,9
2026-10-08 16:58:02.086,600.12,20261008_164801,bank,question,25,624,manual,truth,57.5,327.2,1,0.475,0.477,-0.002,1,37.92,0.046,0.017,8,question,9
2026-10-08 16:58:02.302,600.34,20261008_164801,bank,question,25,624,manual,truth,57.5,327.2,1,0.474,0.477,-0.003,1,37.91,0.047,0.016,8,question,9
2026-10-08 16:58:02.498,600.53,20261008_164801,bank,question,25,624,manual,truth,57.5,327.2,1,0.475,0.477,-0.002,1,37.92,0.048,0.016,8,question,9
2026-10-08 16:58:02.703,600.74,20261008_164801,bank,question,25,624,manual,truth,57.5,156.3,1,0.476,0.477,-0.002,1,37.92,0.047,0.017,8,question,9
2026-10-08 16:58:02.916,600.95,20261008_164801,bank,question,25,624,manual,truth,57.5,156.3,1,0.475,0.477,-0.002,1,37.92,0.046,0.016,8,question,9
2026-10-08 16:58:03.122,601.16,20261008_164801,bank,question,25,624,manual,truth,57.5,156.3,1,0.476,0.477,-0.001,1,37.93,0.042,0.015,8,question,9
2026-10-08 16:58:03.323,601.36,20261008_164801,bank,question,25,624,manual,truth,57.5,156.3,1,0.476,0.477,-0.001,1,37.93,0.042,0.014,8,question,9
2026-10-08 16:58:05.492,603.53,20261008_164801,bank,question,25,624,manual,truth,64.1,292.5,1,0.475,0.477,-0.001,1,37.92,0.064,0.026,8,question,9
2026-10-08 16:58:05.702,603.74,20261008_164801,bank,question,25,624,manual,truth,65.4,294.8,1,0.475,0.477,-0.001,1,37.92,0.059,0.024,9,question,9
2026-10-08 16:58:05.897,603.93,20261008_164801,bank,question,25,624,manual,truth,65.4,294.8,1,0.476,0.477,-0.001,1,37.91,0.056,0.022,9,question,9
2026-10-08 16:58:06.122,604.16,20261008_164801,bank,question,25,624,manual,truth,65.4,294.8,1,0.476,0.477,-0.001,1,37.91,0.051,0.02,9,question,9
2026-10-08 16:58:06.319,604.35,20261008_164801,bank,question,25,624,manual,truth,65.4,294.8,1,0.475,0.477,-0.002,1,37.91,0.047,0.018,9,question,9
2026-10-08 16:58:06.515,604.55,20261008_164801,bank,question,25,624,manual,truth,65.4,294.8,1,0.475,0.477,-0.001,1,37.91,0.045,0.017,9,question,9
2026-10-08 16:58:06.719,604.75,20261008_164801,bank,question,25,624,manual,truth,65.4,294.8,1,0.475,0.477,-0.002,1,37.89,0.042,0.016,9,question,9
2026-10-08 16:58:06.918,604.95,20261008_164801,bank,question,25,624,manual,truth,65.4,294.8,1,0.475,0.477,-0.001,1,37.9,0.04,0.015,9,question,9
2026-10-08 16:58:07.114,605.15,20261008_164801,bank,question,25,624,manual,truth,65.4,294.8,1,0.475,0.477,-0.001,1,37.9,0.039,0.014,8,question,9
2026-10-08 16:58:07.333,605.37,20261008_164801,bank,question,25,624,manual,truth,65.4,294.8,1,0.476,0.477,-0.001,1,37.9,0.038,0.013,8,question,9
2026-10-08 16:58:09.514,607.55,20261008_164801,bank,recovery,25,624,manual,truth,65.4,294.8,1,0.475,0.477,-0.002,1,37.91,0.027,0.008,8,ready,9
2026-10-08 16:58:09.718,607.75,20261008_164801,bank,recovery,25,624,manual,truth,65.4,294.8,1,0.474,0.477,-0.002,1,37.91,0.026,0.008,8,ready,8
2026-10-08 16:58:09.922,607.96,20261008_164801,bank,rest,,,,,65.4,294.8,1,0.473,0.476,-0.003,1,37.91,0.027,0.008,8,ready,8
2026-10-08 16:58:10.133,608.17,20261008_164801,bank,rest,,,,,65.4,294.8,1,0.474,0.476,-0.002,1,37.92,0.028,0.007,8,ready,9
2026-10-08 16:58:10.336,608.37,20261008_164801,bank,rest,,,,,65.4,294.8,1,0.474,0.476,-0.003,1,37.92,0.028,0.007,8,ready,9
2026-10-08 16:58:10.541,608.57,20261008_164801,bank,rest,,,,,65.4,294.8,1,0.474,0.476,-0.002,1,37.92,0.028,0.007,8,ready,9
2026-10-08 16:58:10.811,608.84,20261008_164801,bank,rest,,,,,65.4,294.8,1,0.474,0.476,-0.002,1,37.92,0.027,0.006,8,ready,9
2026-10-08 16:58:10.953,608.99,20261008_164801,bank,rest,,,,,65.4,294.8,1,0.474,0.476,-0.002,1,37.92,0.027,0.006,8,ready,9
2026-10-08 16:58:11.159,609.19,20261008_164801,bank,rest,,,,,65.4,294.8,1,0.475,0.476,-0.001,1,37.92,0.027,0.006,8,ready,9
2026-10-08 16:58:11.366,609.4,20261008_164801,bank,rest,,,,,65.4,294.8,1,0.475,0.476,-0.001,1,37.92,0.029,0.006,8,ready,9
2026-10-08 16:58:11.581,609.61,20261008_164801,bank,rest,,,,,65.4,294.8,1,0.474,0.476,-0.003,1,37.9,0.061,0.066,8,ready,8
2026-10-08 16:58:11.776,609.81,20261008_164801,bank,rest,,,,,65.4,294.8,1,0.474,0.476,-0.002,1,37.91,0.107,0.07,9,ready,8
2026-10-08 16:58:11.983,610.02,20261008_164801,bank,rest,,,,,65.4,294.8,1,0.475,0.476,-0.001,1,37.91,0.161,0.086,9,ready,8
2026-10-08 16:58:12.208,610.24,20261008_164801,bank,rest,,,,,65.4,294.8,1,0.475,0.476,-0.001,1,37.91,0.171,0.087,10,ready,8
2026-10-08 16:58:12.397,610.43,20261008_164801,bank,rest,,,,,65.4,294.8,1,0.475,0.476,-0.002,1,37.91,0.174,0.088,10,ready,8
2026-10-08 16:58:12.603,610.64,20261008_164801,bank,rest,,,,,65.4,294.8,1,0.476,0.476,-0.0,1,37.91,0.212,0.096,11,ready,8
2026-10-08 16:58:12.823,610.86,20261008_164801,bank,rest,,,,,65.4,294.8,1,0.476,0.476,0.0,1,37.91,0.243,0.188,12,ready,9
2026-10-08 16:58:13.443,611.48,20261008_164801,bank,rest,,,,,65.4,294.8,1,0.476,0.476,-0.0,1,37.92,0.286,0.28,13,ready,8
2026-10-08 16:58:13.444,611.48,20261008_164801,bank,rest,,,,,65.4,294.8,1,0.476,0.476,-0.0,1,37.92,0.273,0.355,14,ready,8
2026-10-08 16:58:13.648,611.68,20261008_164801,bank,rest,,,,,65.4,294.8,1,0.476,0.476,-0.001,1,37.92,0.287,0.501,14,ready,8
2026-10-08 16:58:13.861,611.89,20261008_164801,bank,rest,,,,,65.4,294.8,1,0.476,0.476,-0.0,1,37.92,0.282,0.487,14,ready,8
2026-10-08 16:58:14.051,612.08,20261008_164801,bank,rest,,,,,65.4,294.8,1,0.476,0.476,0.0,1,37.92,0.268,0.445,14,ready,8
2026-10-08 16:58:14.330,612.36,20261008_164801,bank,rest,,,,,65.4,294.8,1,0.476,0.476,-0.0,1,37.93,0.255,0.41,15,ready,8
2026-10-08 16:58:14.460,612.49,20261008_164801,bank,rest,,,,,69.5,311.8,1,0.472,0.476,-0.004,1,37.93,0.234,0.373,15,ready,8
2026-10-08 16:58:14.695,612.73,20261008_164801,bank,rest,,,,,69.5,311.8,1,0.463,0.476,-0.013,1,37.93,0.214,0.337,15,ready,8
2026-10-08 16:58:14.873,612.91,20261008_164801,bank,rest,,,,,69.5,311.8,1,0.451,0.476,-0.025,1,37.93,0.195,0.306,14,ready,8
2026-10-08 16:58:15.088,613.12,20261008_164801,bank,rest,,,,,69.5,311.8,1,0.44,0.475,-0.035,1,37.93,0.176,0.277,14,ready,8
2026-10-08 16:58:15.291,613.32,20261008_164801,bank,rest,,,,,69.5,311.8,1,0.405,0.474,-0.068,1,37.93,0.146,0.228,12,ready,8
2026-10-08 16:58:15.530,613.56,20261008_164801,bank,rest,,,,,69.5,311.8,1,0.386,0.473,-0.087,1,37.92,0.132,0.207,11,ready,8
2026-10-08 16:58:15.715,613.75,20261008_164801,bank,rest,,,,,69.5,311.8,1,0.373,0.471,-0.098,1,37.92,0.121,0.189,10,ready,8
2026-10-08 16:58:15.958,613.99,20261008_164801,bank,rest,,,,,69.5,311.8,1,0.368,0.47,-0.102,1,37.92,0.111,0.173,9,ready,8
2026-10-08 16:58:16.153,614.19,20261008_164801,bank,rest,,,,,69.5,311.8,1,0.389,0.469,-0.08,1,37.93,0.128,0.163,9,ready,8
2026-10-08 16:58:16.347,614.38,20261008_164801,bank,question,26,625,manual,truth,73.9,344.4,1,0.409,0.468,-0.059,1,37.93,0.171,0.159,9,question,8
2026-10-08 16:58:16.535,614.57,20261008_164801,bank,question,26,625,manual,truth,73.9,344.4,1,0.424,0.467,-0.043,1,37.93,0.228,0.169,10,question,8
2026-10-08 16:58:16.739,614.77,20261008_164801,bank,question,26,625,manual,truth,73.9,344.4,1,0.436,0.467,-0.031,1,37.93,0.321,0.207,10,question,8
2026-10-08 16:58:17.174,615.21,20261008_164801,bank,question,26,625,manual,truth,73.9,344.4,1,0.448,0.467,-0.018,1,37.93,0.485,0.324,11,question,8
2026-10-08 16:58:17.175,615.21,20261008_164801,bank,question,26,625,manual,truth,73.9,344.4,1,0.456,0.466,-0.01,1,37.94,0.561,0.396,12,question,8
2026-10-08 16:58:17.366,615.4,20261008_164801,bank,question,26,625,manual,truth,69.5,337.2,1,0.461,0.466,-0.006,1,37.94,0.529,0.381,12,question,8
2026-10-08 16:58:17.574,615.61,20261008_164801,bank,question,26,625,manual,truth,69.5,337.2,1,0.463,0.466,-0.003,1,37.94,0.493,0.36,13,question,8
2026-10-08 16:58:17.777,615.81,20261008_164801,bank,question,26,625,manual,truth,69.5,337.2,1,0.465,0.466,-0.001,1,37.94,0.484,0.337,13,question,8
2026-10-08 16:58:17.999,616.03,20261008_164801,bank,question,26,625,manual,truth,85.4,328.8,1,0.466,0.466,0.0,1,37.95,0.448,0.305,14,question,8
2026-10-08 16:58:18.219,616.25,20261008_164801,bank,question,26,625,manual,truth,85.4,328.8,1,0.467,0.466,0.001,1,37.95,0.41,0.278,15,question,8
2026-10-08 16:58:18.398,616.43,20261008_164801,bank,question,26,625,manual,truth,85.4,328.8,1,0.467,0.466,0.001,1,37.95,0.375,0.252,15,question,8
2026-10-08 16:58:18.858,616.89,20261008_164801,bank,question,26,625,manual,truth,85.4,328.8,1,0.467,0.466,0.001,1,37.94,0.362,0.238,16,question,8
2026-10-08 16:58:18.859,616.89,20261008_164801,bank,question,26,625,manual,truth,85.4,304.5,1,0.467,0.466,0.001,1,37.95,0.344,0.22,16,question,8
2026-10-08 16:58:19.019,617.05,20261008_164801,bank,question,26,625,manual,truth,85.4,304.5,1,0.467,0.466,0.0,1,37.95,0.316,0.201,17,question,8
2026-10-08 16:58:19.210,617.24,20261008_164801,bank,question,26,625,manual,truth,85.4,304.5,1,0.465,0.466,-0.001,1,37.95,0.288,0.182,17,question,8
2026-10-08 16:58:19.425,617.46,20261008_164801,bank,question,26,625,manual,truth,85.4,304.5,1,0.465,0.466,-0.001,1,37.95,0.262,0.165,17,question,8
2026-10-08 16:58:19.625,617.66,20261008_164801,bank,question,26,625,manual,truth,85.4,304.5,1,0.466,0.466,-0.001,1,37.95,0.246,0.15,17,question,8
2026-10-08 16:58:19.832,617.87,20261008_164801,bank,question,26,625,manual,truth,85.4,304.5,1,0.466,0.466,-0.001,1,37.95,0.23,0.136,17,question,8
2026-10-08 16:58:20.034,618.07,20261008_164801,bank,question,26,625,manual,truth,85.4,304.5,1,0.465,0.466,-0.001,1,37.95,0.217,0.124,17,question,8
2026-10-08 16:58:20.247,618.28,20261008_164801,bank,question,26,625,manual,truth,85.4,304.5,1,0.465,0.466,-0.001,1,37.95,0.198,0.112,17,question,8
2026-10-08 16:58:20.450,618.48,20261008_164801,bank,question,26,625,manual,truth,85.4,304.5,1,0.464,0.466,-0.002,1,37.95,0.183,0.101,17,question,8
2026-10-08 16:58:20.661,618.69,20261008_164801,bank,question,26,625,manual,truth,85.4,303.8,1,0.464,0.466,-0.003,1,37.95,0.171,0.094,16,question,8
2026-10-08 16:58:20.867,618.9,20261008_164801,bank,question,26,625,manual,truth,85.4,303.8,1,0.455,0.466,-0.011,1,37.96,0.16,0.095,16,question,8
2026-10-08 16:58:21.070,619.1,20261008_164801,bank,question,26,625,manual,truth,85.4,303.8,1,0.432,0.466,-0.034,1,37.96,0.146,0.087,15,question,8
2026-10-08 16:58:21.275,619.31,20261008_164801,bank,question,26,625,manual,truth,85.4,303.8,1,0.407,0.465,-0.058,1,37.96,0.134,0.079,14,question,8
2026-10-08 16:58:21.481,619.51,20261008_164801,bank,question,26,625,manual,truth,85.4,303.8,1,0.384,0.464,-0.08,1,37.95,0.123,0.072,13,question,8
2026-10-08 16:58:21.696,619.73,20261008_164801,bank,question,26,625,manual,truth,85.4,303.8,1,0.359,0.462,-0.102,1,37.96,0.104,0.059,11,question,9
2026-10-08 16:58:22.449,620.48,20261008_164801,bank,question,26,625,manual,truth,85.4,303.8,1,0.345,0.459,-0.113,1,37.96,0.087,0.049,9,question,8
2026-10-08 16:58:22.495,620.53,20261008_164801,bank,question,26,625,manual,truth,85.4,303.8,1,0.343,0.457,-0.115,1,37.96,0.08,0.045,9,question,8
2026-10-08 16:58:22.562,620.6,20261008_164801,bank,question,26,625,manual,truth,85.4,303.8,1,0.34,0.456,-0.115,1,37.96,0.073,0.041,8,question,8
2026-10-08 16:58:22.964,621.0,20261008_164801,bank,question,26,625,manual,truth,85.4,303.8,1,0.338,0.454,-0.116,1,37.95,0.067,0.037,8,question,8
2026-10-08 16:58:22.966,621.0,20261008_164801,bank,question,26,625,manual,truth,85.4,303.8,1,0.336,0.452,-0.116,1,37.95,0.061,0.034,7,question,8
2026-10-08 16:58:23.161,621.19,20261008_164801,bank,question,26,625,manual,truth,85.4,303.8,1,0.335,0.451,-0.116,1,37.96,0.057,0.031,7,question,8
2026-10-08 16:58:23.379,621.41,20261008_164801,bank,question,26,625,manual,truth,85.4,303.8,1,0.332,0.449,-0.117,1,37.96,0.052,0.028,7,question,8
2026-10-08 16:58:23.616,621.65,20261008_164801,bank,question,26,625,manual,truth,85.4,303.8,1,0.33,0.448,-0.118,1,37.96,0.048,0.026,6,question,8
2026-10-08 16:58:23.731,621.77,20261008_164801,bank,question,26,625,manual,truth,85.4,303.8,1,0.327,0.446,-0.119,1,37.96,0.046,0.024,6,question,8
2026-10-08 16:58:24.026,622.06,20261008_164801,bank,question,26,625,manual,truth,85.4,303.8,1,0.322,0.445,-0.123,1,37.94,0.044,0.022,6,question,8
2026-10-08 16:58:24.151,622.18,20261008_164801,bank,question,26,625,manual,truth,83.8,260.6,1,0.321,0.443,-0.122,1,37.94,0.041,0.02,6,question,8
2026-10-08 16:58:24.353,622.39,20261008_164801,bank,question,26,625,manual,truth,83.8,260.6,1,0.322,0.441,-0.119,1,37.95,0.038,0.019,6,question,8
2026-10-08 16:58:24.558,622.59,20261008_164801,bank,question,26,625,manual,truth,83.8,260.6,1,0.322,0.44,-0.118,1,37.93,0.038,0.017,6,question,8
2026-10-08 16:58:24.766,622.8,20261008_164801,bank,question,26,625,manual,truth,85.4,240.2,1,0.321,0.438,-0.118,1,37.94,0.035,0.015,6,question,8
2026-10-08 16:58:24.974,623.01,20261008_164801,bank,question,26,625,manual,truth,85.4,240.2,1,0.321,0.437,-0.116,1,37.94,0.033,0.014,5,question,8
2026-10-08 16:58:25.861,623.89,20261008_164801,bank,question,26,625,manual,truth,85.4,240.2,1,0.32,0.435,-0.115,1,37.95,0.032,0.013,5,question,8
2026-10-08 16:58:25.863,623.9,20261008_164801,bank,question,26,625,manual,truth,106.0,236.2,1,0.318,0.433,-0.116,1,37.95,0.03,0.012,6,question,8
2026-10-08 16:58:25.864,623.9,20261008_164801,bank,question,26,625,manual,truth,106.0,236.2,1,0.318,0.432,-0.114,1,37.96,0.03,0.012,6,question,9
2026-10-08 16:58:25.865,623.9,20261008_164801,bank,question,26,625,manual,truth,106.0,236.2,1,0.318,0.43,-0.112,1,37.96,0.03,0.011,6,question,9
2026-10-08 16:58:26.005,624.04,20261008_164801,bank,question,26,625,manual,truth,106.0,236.2,1,0.317,0.429,-0.112,1,37.96,0.029,0.01,6,question,9
2026-10-08 16:58:26.220,624.25,20261008_164801,bank,question,26,625,manual,truth,114.2,236.2,1,0.315,0.427,-0.112,1,37.97,0.032,0.01,6,question,9
2026-10-08 16:58:26.504,624.54,20261008_164801,bank,question,26,625,manual,truth,114.2,236.2,1,0.314,0.426,-0.112,1,37.97,0.031,0.01,6,question,9
2026-10-08 16:58:26.623,624.66,20261008_164801,bank,question,26,625,manual,truth,114.2,236.2,1,0.313,0.424,-0.111,1,37.97,0.03,0.01,6,question,9
2026-10-08 16:58:26.845,624.88,20261008_164801,bank,question,26,625,manual,truth,114.2,236.2,1,0.313,0.423,-0.11,1,37.98,0.027,0.01,6,question,9
2026-10-08 16:58:27.073,625.11,20261008_164801,bank,question,26,625,manual,truth,114.2,236.2,1,0.313,0.422,-0.108,1,37.96,0.026,0.009,6,question,9
2026-10-08 16:58:27.236,625.27,20261008_164801,bank,question,26,625,manual,truth,114.2,236.2,1,0.312,0.42,-0.108,1,37.96,0.025,0.01,7,question,8
2026-10-08 16:58:27.880,625.91,20261008_164801,bank,question,26,625,manual,truth,114.2,236.2,1,0.31,0.419,-0.108,1,37.97,0.024,0.009,7,question,8
2026-10-08 16:58:27.881,625.91,20261008_164801,bank,question,26,625,manual,truth,114.2,236.2,1,0.31,0.417,-0.107,1,37.97,0.025,0.009,7,question,8
2026-10-08 16:58:27.881,625.91,20261008_164801,bank,question,26,625,manual,truth,106.0,236.2,1,0.309,0.416,-0.107,1,37.98,0.024,0.008,7,question,8
2026-10-08 16:58:28.054,626.09,20261008_164801,bank,question,26,625,manual,truth,106.0,236.2,1,0.308,0.414,-0.106,1,37.98,0.024,0.009,6,question,9
2026-10-08 16:58:28.282,626.32,20261008_164801,bank,recovery,26,625,manual,truth,106.0,236.2,1,0.308,0.413,-0.105,1,37.98,0.022,0.009,6,ready,9
2026-10-08 16:58:28.470,626.5,20261008_164801,bank,recovery,26,625,manual,truth,106.0,236.2,1,0.307,0.412,-0.104,1,37.98,0.022,0.008,6,ready,9
2026-10-08 16:58:28.990,627.02,20261008_164801,bank,recovery,26,625,manual,truth,106.0,236.2,1,0.306,0.41,-0.104,1,37.98,0.024,0.008,6,ready,8
2026-10-08 16:58:28.991,627.02,20261008_164801,bank,recovery,26,625,manual,truth,106.0,236.2,1,0.305,0.409,-0.103,1,37.99,0.025,0.008,6,ready,8
2026-10-08 16:58:29.084,627.12,20261008_164801,bank,recovery,26,625,manual,truth,106.0,236.2,1,0.305,0.407,-0.102,1,37.99,0.026,0.008,6,ready,8
2026-10-08 16:58:29.508,627.54,20261008_164801,bank,recovery,26,625,manual,truth,106.0,236.2,1,0.304,0.406,-0.102,1,37.99,0.026,0.007,6,ready,8
2026-10-08 16:58:29.515,627.55,20261008_164801,bank,recovery,26,625,manual,truth,106.0,236.2,1,0.304,0.405,-0.101,1,38.0,0.024,0.006,6,ready,8
2026-10-08 16:58:31.638,629.67,20261008_164801,bank,rest,,,,,,,1,0.302,0.391,-0.089,1,38.03,0.017,0.005,6,ready,9
2026-10-08 16:58:31.859,629.89,20261008_164801,bank,rest,,,,,,,1,0.301,0.389,-0.089,1,38.03,0.016,0.005,5,ready,9
2026-10-08 16:58:32.087,630.12,20261008_164801,bank,rest,,,,,,,1,0.3,0.388,-0.088,1,38.04,0.017,0.005,5,ready,9
2026-10-08 16:58:32.242,630.28,20261008_164801,bank,rest,,,,,,,1,0.298,0.387,-0.089,1,38.04,0.018,0.005,4,ready,9
2026-10-08 16:58:32.454,630.49,20261008_164801,bank,rest,,,,,,,1,0.298,0.386,-0.088,1,38.04,0.022,0.005,4,ready,9
2026-10-08 16:58:32.659,630.69,20261008_164801,bank,rest,,,,,,,1,0.299,0.385,-0.086,1,38.04,0.022,0.005,4,ready,9
2026-10-08 16:58:32.941,630.97,20261008_164801,bank,rest,,,,,,,1,0.299,0.384,-0.084,1,38.05,0.021,0.006,4,ready,9
2026-10-08 16:58:33.068,631.1,20261008_164801,bank,rest,,,,,114.2,236.2,1,0.298,0.383,-0.084,1,38.03,0.021,0.005,4,ready,9
2026-10-08 16:58:33.621,631.65,20261008_164801,bank,rest,,,,,114.2,236.2,1,0.299,0.381,-0.083,1,38.04,0.021,0.005,5,ready,9
2026-10-08 16:58:33.624,631.66,20261008_164801,bank,rest,,,,,114.2,236.2,1,0.297,0.38,-0.083,1,38.02,0.026,0.005,5,ready,9
2026-10-08 16:58:35.666,633.7,20261008_164801,bank,rest,,,,,116.0,236.2,1,0.293,0.369,-0.076,1,38.07,0.034,0.005,7,ready,9
2026-10-08 16:58:36.021,634.05,20261008_164801,bank,rest,,,,,116.0,236.2,1,0.292,0.368,-0.076,1,38.08,0.036,0.007,7,ready,9
2026-10-08 16:58:36.082,634.12,20261008_164801,bank,rest,,,,,116.0,236.2,1,0.287,0.367,-0.079,1,38.06,0.036,0.009,7,ready,9
2026-10-08 16:58:36.275,634.31,20261008_164801,bank,rest,,,,,116.0,236.2,1,0.288,0.366,-0.078,1,38.06,0.035,0.008,7,ready,9
2026-10-08 16:58:36.514,634.55,20261008_164801,bank,rest,,,,,116.0,236.2,1,0.288,0.365,-0.077,1,38.08,0.034,0.008,7,ready,9
2026-10-08 16:58:36.687,634.72,20261008_164801,bank,rest,,,,,142.0,215.0,1,0.285,0.363,-0.079,1,38.09,0.033,0.008,7,ready,9
2026-10-08 16:58:36.898,634.93,20261008_164801,bank,rest,,,,,142.0,215.0,1,0.285,0.362,-0.078,1,38.09,0.038,0.008,8,ready,9
2026-10-08 16:58:37.101,635.13,20261008_164801,bank,rest,,,,,142.0,163.0,1,0.284,0.361,-0.078,1,38.1,0.035,0.007,8,ready,9
2026-10-08 16:58:37.302,635.34,20261008_164801,bank,rest,,,,,142.0,163.0,1,0.284,0.36,-0.076,1,38.1,0.035,0.01,8,ready,9
2026-10-08 16:58:37.509,635.54,20261008_164801,bank,rest,,,,,142.0,163.0,1,0.284,0.359,-0.075,1,38.11,0.034,0.009,8,ready,9
2026-10-08 16:58:37.717,635.75,20261008_164801,bank,rest,,,,,142.0,163.0,1,0.283,0.358,-0.075,1,38.12,0.037,0.01,9,ready,9
2026-10-08 16:58:37.966,636.0,20261008_164801,bank,rest,,,,,142.0,163.0,1,0.283,0.357,-0.075,1,38.12,0.039,0.01,9,ready,9
2026-10-08 16:58:38.123,636.16,20261008_164801,bank,rest,,,,,142.0,163.0,1,0.282,0.356,-0.074,1,38.13,0.042,0.014,9,ready,9
2026-10-08 16:58:38.378,636.41,20261008_164801,bank,rest,,,,,142.0,,1,0.281,0.355,-0.074,1,38.14,0.053,0.014,9,ready,9
2026-10-08 16:58:38.533,636.57,20261008_164801,bank,rest,,,,,142.0,,1,0.278,0.354,-0.076,1,38.14,0.054,0.014,9,ready,9
2026-10-08 16:58:39.043,637.08,20261008_164801,bank,rest,,,,,142.0,,1,0.272,0.353,-0.081,1,38.15,0.052,0.014,9,ready,9
2026-10-08 16:58:39.044,637.08,20261008_164801,bank,rest,,,,,142.0,,1,0.268,0.352,-0.084,1,38.15,0.058,0.017,10,ready,9
2026-10-08 16:58:39.150,637.18,20261008_164801,bank,rest,,,,,142.0,,1,0.265,0.351,-0.086,1,38.13,0.063,0.017,10,ready,9
2026-10-08 16:58:39.653,637.69,20261008_164801,bank,rest,,,,,140.9,,1,0.263,0.35,-0.087,1,38.12,0.059,0.017,10,ready,9
2026-10-08 16:58:39.655,637.69,20261008_164801,bank,rest,,,,,140.9,,1,0.262,0.349,-0.086,1,38.13,0.058,0.016,10,ready,9
2026-10-08 16:58:39.766,637.8,20261008_164801,bank,rest,,,,,140.9,,1,0.262,0.348,-0.086,1,38.14,0.061,0.015,10,ready,9
2026-10-08 16:58:39.989,638.02,20261008_164801,bank,rest,,,,,140.9,,1,0.259,0.346,-0.088,1,38.14,0.058,0.015,10,ready,8
2026-10-08 16:58:40.212,638.25,20261008_164801,bank,question,27,626,manual,lie,140.9,,1,0.254,0.344,-0.09,1,38.15,0.051,0.014,10,question,8
2026-10-08 16:58:40.390,638.42,20261008_164801,bank,question,27,626,manual,lie,140.9,,1,0.252,0.343,-0.091,1,38.13,0.047,0.013,10,question,8
2026-10-08 16:58:40.586,638.62,20261008_164801,bank,question,27,626,manual,lie,140.9,,1,0.252,0.342,-0.09,1,38.14,0.044,0.013,10,question,8
2026-10-08 16:58:40.808,638.84,20261008_164801,bank,question,27,626,manual,lie,140.9,,1,0.25,0.34,-0.09,1,38.15,0.043,0.012,10,question,8
2026-10-08 16:58:41.001,639.03,20261008_164801,bank,question,27,626,manual,lie,140.9,,1,0.247,0.339,-0.092,1,38.15,0.039,0.011,10,question,8
2026-10-08 16:58:41.215,639.25,20261008_164801,bank,question,27,626,manual,lie,140.9,,1,0.243,0.338,-0.095,1,38.16,0.036,0.01,10,question,9
2026-10-08 16:58:41.428,639.46,20261008_164801,bank,question,27,626,manual,lie,140.9,,1,0.236,0.337,-0.1,1,38.17,0.033,0.01,10,question,8
2026-10-08 16:58:41.651,639.68,20261008_164801,bank,question,27,626,manual,lie,140.9,,1,0.233,0.335,-0.102,1,38.16,0.035,0.009,9,question,8
2026-10-08 16:58:42.219,640.25,20261008_164801,bank,question,27,626,manual,lie,140.9,,1,0.234,0.333,-0.099,1,38.18,0.031,0.009,9,question,8
2026-10-08 16:58:42.277,640.31,20261008_164801,bank,question,27,626,manual,lie,140.9,,1,0.232,0.331,-0.099,1,38.18,0.029,0.009,9,question,8
2026-10-08 16:58:42.433,640.47,20261008_164801,bank,question,27,626,manual,lie,140.9,,1,0.23,0.33,-0.1,1,38.18,0.029,0.008,9,question,8
2026-10-08 16:58:42.636,640.67,20261008_164801,bank,question,27,626,manual,lie,140.9,,1,0.23,0.329,-0.099,1,38.18,0.027,0.008,9,question,8
2026-10-08 16:58:42.890,640.92,20261008_164801,bank,question,27,626,manual,lie,146.8,,1,0.228,0.327,-0.099,1,38.18,0.029,0.007,9,question,8
2026-10-08 16:58:43.061,641.09,20261008_164801,bank,question,27,626,manual,lie,146.8,,1,0.228,0.326,-0.098,1,38.18,0.029,0.007,9,question,8
2026-10-08 16:58:43.299,641.33,20261008_164801,bank,question,27,626,manual,lie,146.8,,1,0.227,0.325,-0.097,1,38.19,0.029,0.007,9,question,8
2026-10-08 16:58:43.457,641.49,20261008_164801,bank,question,27,626,manual,lie,140.9,,1,0.225,0.323,-0.098,1,38.18,0.034,0.007,9,question,8
2026-10-08 16:58:43.702,641.74,20261008_164801,bank,question,27,626,manual,lie,140.9,,1,0.226,0.322,-0.096,1,38.18,0.033,0.007,9,question,8
2026-10-08 16:58:43.929,641.96,20261008_164801,bank,question,27,626,manual,lie,140.9,,1,0.227,0.321,-0.094,1,38.19,0.041,0.011,9,question,8
2026-10-08 16:58:44.114,642.15,20261008_164801,bank,question,27,626,manual,lie,140.9,,1,0.227,0.32,-0.093,1,38.19,0.04,0.011,9,question,8
2026-10-08 16:58:44.299,642.33,20261008_164801,bank,question,27,626,manual,lie,140.9,,1,0.227,0.318,-0.092,1,38.19,0.038,0.01,9,question,8
2026-10-08 16:58:44.505,642.54,20261008_164801,bank,question,27,626,manual,lie,140.9,,1,0.228,0.317,-0.089,1,38.2,0.037,0.009,9,question,8
2026-10-08 16:58:44.697,642.73,20261008_164801,bank,question,27,626,manual,lie,140.9,,1,0.227,0.316,-0.089,1,38.21,0.034,0.009,9,question,8
2026-10-08 16:58:44.914,642.95,20261008_164801,bank,question,27,626,manual,lie,140.9,,1,0.227,0.315,-0.088,1,38.21,0.032,0.008,9,question,8
2026-10-08 16:58:45.113,643.15,20261008_164801,bank,question,27,626,manual,lie,140.9,,1,0.226,0.314,-0.087,1,38.21,0.031,0.008,9,question,8
2026-10-08 16:58:45.312,643.35,20261008_164801,bank,question,27,626,manual,lie,140.9,,1,0.226,0.312,-0.087,1,38.22,0.03,0.007,9,question,9
2026-10-08 16:58:45.861,643.89,20261008_164801,bank,question,27,626,manual,lie,140.9,,1,0.226,0.311,-0.086,1,38.22,0.028,0.007,9,question,9
2026-10-08 16:58:45.862,643.9,20261008_164801,bank,question,27,626,manual,lie,140.9,,1,0.226,0.31,-0.085,1,38.22,0.026,0.007,9,question,9
2026-10-08 16:58:46.159,644.19,20261008_164801,bank,question,27,626,manual,lie,140.9,,1,0.225,0.309,-0.084,1,38.22,0.027,0.006,9,question,9
2026-10-08 16:58:46.159,644.19,20261008_164801,bank,question,27,626,manual,lie,140.9,,1,0.224,0.308,-0.083,1,38.23,0.03,0.007,9,question,9
2026-10-08 16:58:46.334,644.37,20261008_164801,bank,question,27,626,manual,lie,140.9,,1,0.225,0.307,-0.082,1,38.23,0.029,0.006,9,question,9
2026-10-08 16:58:46.567,644.6,20261008_164801,bank,question,27,626,manual,lie,140.9,,1,0.226,0.306,-0.08,1,38.23,0.027,0.007,9,question,9
2026-10-08 16:58:46.746,644.78,20261008_164801,bank,question,27,626,manual,lie,140.9,,1,0.225,0.305,-0.08,1,38.21,0.025,0.006,9,question,8
2026-10-08 16:58:46.949,644.98,20261008_164801,bank,question,27,626,manual,lie,140.9,,1,0.224,0.304,-0.079,1,38.21,0.025,0.007,9,question,8
2026-10-08 16:58:47.165,645.2,20261008_164801,bank,question,27,626,manual,lie,140.9,,1,0.224,0.302,-0.078,1,38.22,0.027,0.006,9,question,9
2026-10-08 16:58:47.361,645.39,20261008_164801,bank,question,27,626,manual,lie,140.9,,1,0.223,0.301,-0.078,1,38.22,0.027,0.006,9,question,9
2026-10-08 16:58:47.580,645.61,20261008_164801,bank,question,27,626,manual,lie,150.3,,1,0.223,0.3,-0.077,1,38.23,0.025,0.006,9,question,9
2026-10-08 16:58:47.778,645.81,20261008_164801,bank,question,27,626,manual,lie,150.3,,1,0.223,0.298,-0.075,1,38.22,0.023,0.006,9,question,8
2026-10-08 16:58:48.002,646.04,20261008_164801,bank,question,27,626,manual,lie,150.3,,1,0.223,0.297,-0.074,1,38.22,0.022,0.006,9,question,8
2026-10-08 16:58:48.196,646.23,20261008_164801,bank,question,27,626,manual,lie,150.3,,1,0.223,0.296,-0.073,1,38.23,0.022,0.006,10,question,8
2026-10-08 16:58:48.492,646.53,20261008_164801,bank,question,27,626,manual,lie,150.3,,1,0.223,0.295,-0.073,1,38.24,0.023,0.007,10,question,8
2026-10-08 16:58:48.624,646.66,20261008_164801,bank,question,27,626,manual,lie,150.3,,1,0.222,0.294,-0.072,1,38.24,0.027,0.006,10,question,8
2026-10-08 16:58:48.928,646.96,20261008_164801,bank,question,27,626,manual,lie,150.3,,1,0.223,0.294,-0.07,1,38.24,0.028,0.006,10,question,8
2026-10-08 16:58:49.051,647.08,20261008_164801,bank,question,27,626,manual,lie,150.3,,1,0.222,0.293,-0.07,1,38.24,0.027,0.006,10,question,8
2026-10-08 16:58:49.232,647.27,20261008_164801,bank,question,27,626,manual,lie,150.3,,1,0.222,0.292,-0.069,1,38.25,0.025,0.006,10,question,8
2026-10-08 16:58:49.525,647.56,20261008_164801,bank,question,27,626,manual,lie,150.3,,1,0.222,0.291,-0.069,1,38.25,0.026,0.006,10,question,9
2026-10-08 16:58:49.643,647.68,20261008_164801,bank,question,27,626,manual,lie,150.3,,1,0.221,0.29,-0.069,1,38.23,0.027,0.006,10,question,8
2026-10-08 16:58:50.170,648.2,20261008_164801,bank,question,27,626,manual,lie,150.3,,1,0.221,0.289,-0.068,1,38.24,0.026,0.006,10,question,8
2026-10-08 16:58:50.172,648.21,20261008_164801,bank,question,27,626,manual,lie,150.3,,1,0.221,0.288,-0.067,1,38.24,0.026,0.006,10,question,9
2026-10-08 16:58:50.284,648.32,20261008_164801,bank,question,27,626,manual,lie,150.3,,1,0.222,0.287,-0.066,1,38.25,0.029,0.006,10,question,9
2026-10-08 16:58:50.467,648.5,20261008_164801,bank,question,27,626,manual,lie,150.3,,1,0.222,0.286,-0.065,1,38.25,0.033,0.006,10,question,9
2026-10-08 16:58:50.702,648.74,20261008_164801,bank,question,27,626,manual,lie,150.3,54.0,1,0.22,0.285,-0.065,1,38.26,0.032,0.006,10,question,8
2026-10-08 16:58:50.875,648.91,20261008_164801,bank,question,27,626,manual,lie,150.3,54.0,1,0.221,0.285,-0.064,1,38.26,0.032,0.006,10,question,8
2026-10-08 16:58:51.393,649.43,20261008_164801,bank,question,27,626,manual,lie,148.5,54.4,1,0.221,0.284,-0.063,1,38.26,0.03,0.005,10,question,8
2026-10-08 16:58:51.394,649.43,20261008_164801,bank,question,27,626,manual,lie,148.5,54.4,1,0.221,0.283,-0.062,1,38.27,0.033,0.006,10,question,8
2026-10-08 16:58:51.527,649.56,20261008_164801,bank,question,27,626,manual,lie,148.5,54.4,1,0.221,0.282,-0.061,1,38.27,0.033,0.005,10,question,8
2026-10-08 16:58:51.712,649.75,20261008_164801,bank,question,27,626,manual,lie,148.5,54.4,1,0.22,0.281,-0.061,1,38.27,0.032,0.006,10,question,8
2026-10-08 16:58:51.924,649.96,20261008_164801,bank,question,27,626,manual,lie,148.5,54.4,1,0.22,0.28,-0.061,1,38.29,0.03,0.006,10,question,8
2026-10-08 16:58:52.259,650.29,20261008_164801,bank,recovery,27,626,manual,lie,148.5,54.4,1,0.218,0.28,-0.061,1,38.28,0.031,0.007,10,ready,8
2026-10-08 16:58:52.424,650.46,20261008_164801,bank,recovery,27,626,manual,lie,134.0,57.1,1,0.218,0.279,-0.061,1,38.27,0.03,0.007,10,ready,8
2026-10-08 16:58:52.555,650.59,20261008_164801,bank,recovery,27,626,manual,lie,134.0,57.1,1,0.218,0.278,-0.06,1,38.27,0.028,0.006,9,ready,8
2026-10-08 16:58:52.874,650.91,20261008_164801,bank,recovery,27,626,manual,lie,134.0,57.1,1,0.218,0.277,-0.059,1,38.27,0.031,0.006,9,ready,8
2026-10-08 16:58:52.953,650.99,20261008_164801,bank,recovery,27,626,manual,lie,134.0,57.1,1,0.218,0.276,-0.058,1,38.27,0.031,0.006,9,ready,8
2026-10-08 16:58:53.487,651.52,20261008_164801,bank,recovery,27,626,manual,lie,134.0,57.1,1,0.218,0.276,-0.058,1,38.28,0.034,0.006,9,ready,8
2026-10-08 16:58:53.490,651.52,20261008_164801,bank,recovery,27,626,manual,lie,134.0,57.1,1,0.218,0.275,-0.057,1,38.28,0.033,0.006,9,ready,8
2026-10-08 16:58:53.550,651.58,20261008_164801,bank,recovery,27,626,manual,lie,134.0,57.1,1,0.218,0.274,-0.056,1,38.28,0.038,0.006,9,ready,8
2026-10-08 16:58:53.765,651.8,20261008_164801,bank,recovery,27,626,manual,lie,134.0,57.1,1,0.219,0.273,-0.055,1,38.29,0.035,0.006,9,ready,8
2026-10-08 16:58:53.960,651.99,20261008_164801,bank,recovery,27,626,manual,lie,134.0,57.1,1,0.218,0.273,-0.054,1,38.29,0.035,0.006,9,ready,8
2026-10-08 16:58:54.178,652.21,20261008_164801,bank,recovery,27,626,manual,lie,134.0,57.1,1,0.219,0.272,-0.053,1,38.29,0.033,0.006,9,ready,8
2026-10-08 16:58:54.381,652.41,20261008_164801,bank,recovery,27,626,manual,lie,134.0,57.1,1,0.219,0.271,-0.053,1,38.3,0.031,0.008,9,ready,8
2026-10-08 16:58:55.285,653.32,20261008_164801,bank,recovery,27,626,manual,lie,134.0,57.1,1,0.218,0.271,-0.052,1,38.3,0.029,0.008,9,ready,8
2026-10-08 16:58:55.286,653.32,20261008_164801,bank,recovery,27,626,manual,lie,,,1,0.217,0.27,-0.053,1,38.3,0.032,0.008,8,ready,8
2026-10-08 16:58:55.286,653.32,20261008_164801,bank,recovery,27,626,manual,lie,,,1,0.217,0.269,-0.052,1,38.3,0.032,0.008,7,ready,8
2026-10-08 16:58:55.287,653.32,20261008_164801,bank,recovery,27,626,manual,lie,76.0,,1,0.218,0.268,-0.051,1,38.31,0.038,0.014,6,ready,8
2026-10-08 16:58:55.432,653.47,20261008_164801,bank,recovery,27,626,manual,lie,76.0,,1,0.218,0.268,-0.05,1,38.31,0.036,0.013,6,ready,8
2026-10-08 16:58:55.610,653.64,20261008_164801,bank,recovery,27,626,manual,lie,76.0,,1,0.217,0.267,-0.05,1,38.31,0.041,0.013,6,ready,8
2026-10-08 16:58:55.814,653.85,20261008_164801,bank,rest,,,,,106.2,,1,0.218,0.266,-0.049,1,38.31,0.069,0.013,6,ready,8
2026-10-08 16:58:56.023,654.06,20261008_164801,bank,rest,,,,,106.2,,1,0.217,0.266,-0.049,1,38.31,0.069,0.014,6,ready,8
2026-10-08 16:58:56.216,654.25,20261008_164801,bank,rest,,,,,106.2,,1,0.218,0.265,-0.048,1,38.31,0.066,0.014,6,ready,8
2026-10-08 16:58:57.036,655.07,20261008_164801,bank,rest,,,,,106.2,,1,0.218,0.264,-0.046,1,38.32,0.062,0.013,7,ready,8
2026-10-08 16:58:57.037,655.07,20261008_164801,bank,rest,,,,,94.9,,1,0.218,0.263,-0.046,1,38.32,0.067,0.016,7,ready,8
2026-10-08 16:58:57.038,655.07,20261008_164801,bank,rest,,,,,94.9,,1,0.218,0.263,-0.045,1,38.32,0.078,0.015,7,ready,8
2026-10-08 16:58:57.204,655.24,20261008_164801,bank,rest,,,,,94.9,,1,0.217,0.262,-0.045,1,38.32,0.077,0.016,7,ready,8
2026-10-08 16:58:57.410,655.44,20261008_164801,bank,rest,,,,,94.9,,1,0.217,0.262,-0.044,1,38.32,0.07,0.016,7,ready,8
2026-10-08 16:58:57.987,656.02,20261008_164801,bank,rest,,,,,94.9,,1,0.217,0.261,-0.044,1,38.32,0.067,0.015,7,ready,8
2026-10-08 16:58:57.988,656.02,20261008_164801,bank,rest,,,,,94.9,,1,0.218,0.26,-0.042,1,38.32,0.064,0.015,6,ready,8
2026-10-08 16:58:58.011,656.05,20261008_164801,bank,rest,,,,,94.9,,1,0.216,0.259,-0.043,1,38.32,0.055,0.014,6,ready,8
2026-10-08 16:58:58.242,656.28,20261008_164801,bank,rest,,,,,94.9,,1,0.216,0.259,-0.043,1,38.32,0.053,0.015,6,ready,8
2026-10-08 16:58:58.423,656.46,20261008_164801,bank,rest,,,,,94.9,,1,0.215,0.258,-0.043,1,38.33,0.05,0.015,6,ready,8
2026-10-08 16:58:58.648,656.68,20261008_164801,bank,rest,,,,,94.9,,1,0.215,0.258,-0.043,1,38.33,0.05,0.015,6,ready,8
2026-10-08 16:58:58.847,656.88,20261008_164801,bank,rest,,,,,85.9,,1,0.214,0.257,-0.043,1,38.33,0.051,0.015,6,ready,8
2026-10-08 16:58:59.030,657.06,20261008_164801,bank,rest,,,,,85.9,,1,0.215,0.256,-0.042,1,38.33,0.048,0.014,6,ready,9
2026-10-08 16:58:59.561,657.6,20261008_164801,bank,rest,,,,,85.9,,1,0.213,0.256,-0.043,1,38.34,0.056,0.014,6,ready,9
2026-10-08 16:58:59.564,657.6,20261008_164801,bank,rest,,,,,85.9,,1,0.215,0.255,-0.04,1,38.34,0.055,0.016,6,ready,9
2026-10-08 16:58:59.655,657.69,20261008_164801,bank,rest,,,,,85.9,,1,0.215,0.255,-0.039,1,38.34,0.053,0.014,6,ready,9
2026-10-08 16:58:59.854,657.89,20261008_164801,bank,rest,,,,,85.9,,1,0.215,0.254,-0.039,1,38.34,0.048,0.013,6,ready,9
2026-10-08 16:59:00.073,658.11,20261008_164801,bank,rest,,,,,85.9,,1,0.214,0.254,-0.039,1,38.34,0.059,0.018,6,ready,9
2026-10-08 16:59:00.261,658.29,20261008_164801,bank,rest,,,,,85.9,,1,0.215,0.253,-0.038,1,38.34,0.089,0.024,6,ready,9
2026-10-08 16:59:00.475,658.51,20261008_164801,bank,rest,,,,,85.9,,1,0.214,0.253,-0.039,1,38.34,0.088,0.026,6,ready,9
2026-10-08 16:59:00.672,658.71,20261008_164801,bank,rest,,,,,73.4,239.4,1,0.213,0.252,-0.039,1,38.34,0.082,0.029,6,ready,9
2026-10-08 16:59:00.932,658.97,20261008_164801,bank,rest,,,,,73.4,239.4,1,0.212,0.252,-0.04,1,38.34,0.078,0.03,6,ready,9
2026-10-08 16:59:01.088,659.12,20261008_164801,bank,rest,,,,,73.4,239.4,1,0.212,0.251,-0.039,1,38.33,0.072,0.028,6,ready,9
2026-10-08 16:59:01.700,659.73,20261008_164801,bank,rest,,,,,73.4,239.4,1,0.216,0.25,-0.034,1,38.33,0.064,0.026,5,ready,9
2026-10-08 16:59:01.720,659.75,20261008_164801,bank,rest,,,,,71.5,216.4,1,0.217,0.25,-0.033,1,38.31,0.06,0.024,5,ready,9
2026-10-08 16:59:01.908,659.94,20261008_164801,bank,rest,,,,,71.5,216.4,1,0.217,0.249,-0.033,1,38.31,0.055,0.024,5,ready,9
2026-10-08 16:59:02.113,660.15,20261008_164801,bank,rest,,,,,71.5,216.4,1,0.216,0.249,-0.033,1,38.33,0.052,0.024,5,ready,9
2026-10-08 16:59:02.339,660.37,20261008_164801,bank,rest,,,,,71.5,216.4,1,0.216,0.248,-0.033,1,38.33,0.048,0.023,5,ready,9
2026-10-08 16:59:02.527,660.56,20261008_164801,bank,rest,,,,,71.5,216.4,1,0.214,0.248,-0.033,1,38.33,0.05,0.021,5,ready,9
2026-10-08 16:59:02.756,660.79,20261008_164801,bank,rest,,,,,71.5,216.4,1,0.214,0.247,-0.033,1,38.33,0.047,0.019,5,ready,9
2026-10-08 16:59:02.954,660.99,20261008_164801,bank,rest,,,,,71.5,216.4,1,0.213,0.247,-0.034,1,38.34,0.046,0.018,5,ready,9
2026-10-08 16:59:03.146,661.18,20261008_164801,bank,rest,,,,,71.5,216.4,1,0.213,0.247,-0.033,1,38.34,0.042,0.016,5,ready,9
2026-10-08 16:59:03.361,661.39,20261008_164801,bank,rest,,,,,71.5,216.4,1,0.213,0.246,-0.033,1,38.34,0.041,0.015,5,ready,9
2026-10-08 16:59:03.555,661.59,20261008_164801,bank,rest,,,,,71.5,216.4,1,0.213,0.246,-0.033,1,38.34,0.038,0.013,5,ready,9
2026-10-08 16:59:03.769,661.8,20261008_164801,bank,rest,,,,,71.5,216.4,1,0.212,0.245,-0.033,1,38.35,0.035,0.012,5,ready,9
2026-10-08 16:59:04.294,662.33,20261008_164801,bank,rest,,,,,71.5,216.4,1,0.212,0.245,-0.033,1,38.35,0.034,0.011,5,ready,9
2026-10-08 16:59:04.296,662.33,20261008_164801,bank,rest,,,,,71.5,216.4,1,0.212,0.244,-0.032,1,38.35,0.034,0.011,5,ready,9
2026-10-08 16:59:04.399,662.43,20261008_164801,bank,rest,,,,,71.5,216.4,1,0.212,0.244,-0.031,1,38.35,0.033,0.01,5,ready,9
2026-10-08 16:59:04.595,662.63,20261008_164801,bank,rest,,,,,71.5,216.4,1,0.212,0.244,-0.031,1,38.35,0.031,0.009,4,ready,9
2026-10-08 16:59:04.806,662.84,20261008_164801,bank,rest,,,,,,,1,0.213,0.243,-0.03,1,38.35,0.031,0.009,4,ready,9
2026-10-08 16:59:05.014,663.05,20261008_164801,bank,rest,,,,,,,1,0.213,0.242,-0.029,1,38.36,0.031,0.008,4,ready,9
2026-10-08 16:59:05.215,663.25,20261008_164801,bank,rest,,,,,,,1,0.213,0.242,-0.029,1,38.36,0.031,0.007,4,ready,9
2026-10-08 16:59:05.417,663.45,20261008_164801,bank,rest,,,,,,,1,0.212,0.242,-0.03,1,38.36,0.03,0.007,4,ready,9
2026-10-08 16:59:05.624,663.66,20261008_164801,bank,rest,,,,,,,1,0.212,0.241,-0.029,1,38.36,0.029,0.006,4,ready,9
2026-10-08 16:59:05.837,663.87,20261008_164801,bank,rest,,,,,,,1,0.212,0.241,-0.029,1,38.37,0.027,0.006,4,ready,9
2026-10-08 16:59:06.052,664.09,20261008_164801,bank,rest,,,,,,,1,0.211,0.24,-0.029,1,38.35,0.027,0.005,4,ready,8
2026-10-08 16:59:06.629,664.66,20261008_164801,bank,rest,,,,,,,1,0.211,0.24,-0.029,1,38.35,0.029,0.005,3,ready,8
2026-10-08 16:59:06.632,664.67,20261008_164801,bank,rest,,,,,,,1,0.212,0.24,-0.028,1,38.36,0.027,0.005,3,ready,8
2026-10-08 16:59:06.660,664.69,20261008_164801,bank,rest,,,,,,,1,0.212,0.239,-0.027,1,38.36,0.025,0.005,3,ready,9
2026-10-08 16:59:06.862,664.9,20261008_164801,bank,rest,,,,,,,1,0.212,0.239,-0.027,1,38.36,0.025,0.005,3,ready,9
2026-10-08 16:59:07.142,665.18,20261008_164801,bank,rest,,,,,,,1,0.212,0.239,-0.026,1,38.36,0.025,0.005,3,ready,9
2026-10-08 16:59:07.284,665.32,20261008_164801,bank,rest,,,,,,,1,0.212,0.238,-0.026,1,38.36,0.024,0.005,3,ready,9
2026-10-08 16:59:07.477,665.51,20261008_164801,bank,rest,,,,,,,1,0.212,0.238,-0.026,1,38.36,0.023,0.005,3,ready,9
2026-10-08 16:59:07.687,665.72,20261008_164801,bank,rest,,,,,,,1,0.211,0.238,-0.026,1,38.36,0.022,0.004,3,ready,9
2026-10-08 16:59:07.941,665.97,20261008_164801,bank,rest,,,,,,,1,0.211,0.237,-0.026,1,38.37,0.021,0.004,3,ready,8
2026-10-08 16:59:08.547,666.58,20261008_164801,bank,rest,,,,,,,1,0.211,0.236,-0.026,1,38.36,0.02,0.005,3,ready,8
2026-10-08 16:59:08.549,666.58,20261008_164801,bank,rest,,,,,,,1,0.211,0.236,-0.025,1,38.36,0.02,0.005,3,ready,8
2026-10-08 16:59:09.250,667.28,20261008_164801,bank,rest,,,,,,,1,0.211,0.236,-0.025,1,38.37,0.02,0.005,3,ready,9
2026-10-08 16:59:09.251,667.28,20261008_164801,bank,rest,,,,,,,1,0.21,0.235,-0.025,1,38.37,0.021,0.004,3,ready,9
2026-10-08 16:59:09.252,667.29,20261008_164801,bank,rest,,,,,,,1,0.209,0.235,-0.027,1,38.37,0.021,0.004,3,ready,9
2026-10-08 16:59:09.324,667.36,20261008_164801,bank,rest,,,,,,,1,0.209,0.235,-0.025,1,38.37,0.021,0.004,3,ready,9
2026-10-08 16:59:09.536,667.57,20261008_164801,bank,rest,,,,,,,1,0.209,0.234,-0.026,1,38.37,0.022,0.004,3,ready,9
2026-10-08 16:59:09.738,667.77,20261008_164801,bank,rest,,,,,,,1,0.209,0.234,-0.025,1,38.38,0.025,0.005,3,ready,9
2026-10-08 16:59:09.967,668.0,20261008_164801,bank,rest,,,,,,,1,0.207,0.234,-0.027,1,38.38,0.024,0.005,3,ready,9
2026-10-08 16:59:10.161,668.2,20261008_164801,bank,rest,,,,,,,1,0.203,0.233,-0.03,1,38.38,0.025,0.005,3,ready,9
2026-10-08 16:59:10.361,668.39,20261008_164801,bank,rest,,,,,71.5,216.4,1,0.195,0.233,-0.037,1,38.39,0.025,0.005,3,ready,9
2026-10-08 16:59:10.563,668.6,20261008_164801,bank,rest,,,,,71.5,216.4,1,0.192,0.232,-0.04,1,38.4,0.024,0.005,4,ready,8
2026-10-08 16:59:10.777,668.81,20261008_164801,bank,rest,,,,,71.5,216.4,1,0.19,0.232,-0.042,1,38.4,0.024,0.005,4,ready,8
2026-10-08 16:59:11.024,669.06,20261008_164801,bank,rest,,,,,71.5,203.0,1,0.187,0.231,-0.044,1,38.4,0.032,0.006,4,ready,8
2026-10-08 16:59:11.223,669.26,20261008_164801,bank,rest,,,,,71.5,203.0,1,0.186,0.231,-0.045,1,38.41,0.031,0.006,4,ready,9
2026-10-08 16:59:11.408,669.44,20261008_164801,bank,rest,,,,,71.5,203.0,1,0.184,0.23,-0.046,1,38.41,0.029,0.006,4,ready,8
2026-10-08 16:59:12.022,670.06,20261008_164801,bank,rest,,,,,71.5,203.0,1,0.181,0.228,-0.047,1,38.41,0.028,0.005,4,ready,8
2026-10-08 16:59:12.022,670.06,20261008_164801,bank,rest,,,,,71.5,203.0,1,0.18,0.227,-0.047,1,38.42,0.028,0.005,4,ready,9
2026-10-08 16:59:12.662,670.7,20261008_164801,bank,rest,,,,,71.5,203.0,1,0.177,0.226,-0.049,1,38.41,0.026,0.005,4,ready,9
2026-10-08 16:59:12.665,670.7,20261008_164801,bank,rest,,,,,71.5,203.0,1,0.177,0.226,-0.049,1,38.42,0.024,0.005,4,ready,8
2026-10-08 16:59:12.843,670.88,20261008_164801,bank,rest,,,,,71.5,203.0,1,0.176,0.225,-0.049,1,38.42,0.023,0.005,4,ready,8
2026-10-08 16:59:13.078,671.11,20261008_164801,bank,rest,,,,,71.5,203.0,1,0.174,0.224,-0.05,1,38.42,0.023,0.004,4,ready,8
2026-10-08 16:59:13.272,671.31,20261008_164801,bank,rest,,,,,71.5,203.0,1,0.173,0.224,-0.05,1,38.42,0.023,0.005,4,ready,8
2026-10-08 16:59:13.490,671.52,20261008_164801,bank,rest,,,,,71.5,203.0,1,0.173,0.223,-0.05,1,38.42,0.024,0.005,4,ready,8
2026-10-08 16:59:13.667,671.7,20261008_164801,bank,rest,,,,,71.5,203.0,1,0.172,0.222,-0.05,1,38.43,0.024,0.005,4,ready,8
2026-10-08 16:59:13.882,671.92,20261008_164801,bank,rest,,,,,71.5,203.0,1,0.173,0.222,-0.049,1,38.41,0.022,0.005,4,ready,8
2026-10-08 16:59:14.096,672.13,20261008_164801,bank,rest,,,,,71.5,203.0,1,0.172,0.221,-0.049,1,38.42,0.021,0.004,4,ready,8
2026-10-08 16:59:14.290,672.32,20261008_164801,bank,rest,,,,,71.5,203.0,1,0.17,0.22,-0.05,1,38.42,0.021,0.004,4,ready,8
2026-10-08 16:59:14.513,672.55,20261008_164801,bank,rest,,,,,71.5,203.0,1,0.167,0.22,-0.052,1,38.41,0.02,0.004,4,ready,8
2026-10-08 16:59:15.187,673.22,20261008_164801,bank,rest,,,,,71.5,203.0,1,0.164,0.219,-0.054,1,38.41,0.018,0.004,4,ready,8
2026-10-08 16:59:15.188,673.22,20261008_164801,bank,rest,,,,,71.5,203.0,1,0.165,0.218,-0.053,1,38.41,0.017,0.004,4,ready,8
2026-10-08 16:59:15.189,673.22,20261008_164801,bank,rest,,,,,71.5,203.0,1,0.164,0.217,-0.053,1,38.42,0.017,0.004,4,ready,8
2026-10-08 16:59:15.324,673.36,20261008_164801,bank,rest,,,,,71.5,203.0,1,0.165,0.217,-0.051,1,38.43,0.02,0.006,4,ready,8
2026-10-08 16:59:15.552,673.59,20261008_164801,bank,rest,,,,,83.4,203.0,1,0.165,0.216,-0.051,1,38.42,0.021,0.008,4,ready,8
2026-10-08 16:59:15.739,673.77,20261008_164801,bank,rest,,,,,83.4,203.0,1,0.168,0.215,-0.047,1,38.42,0.023,0.013,4,ready,8
2026-10-08 16:59:15.929,673.96,20261008_164801,bank,rest,,,,,83.4,203.0,1,0.17,0.215,-0.045,1,38.43,0.023,0.012,4,ready,8
2026-10-08 16:59:16.134,674.17,20261008_164801,bank,rest,,,,,83.4,203.0,1,0.171,0.214,-0.043,1,38.44,0.023,0.011,5,ready,8
2026-10-08 16:59:16.348,674.38,20261008_164801,bank,rest,,,,,83.4,203.0,1,0.172,0.214,-0.042,1,38.44,0.024,0.01,5,ready,9
2026-10-08 16:59:16.580,674.61,20261008_164801,bank,rest,,,,,83.4,203.0,1,0.172,0.213,-0.041,1,38.45,0.027,0.01,5,ready,9
2026-10-08 16:59:16.757,674.79,20261008_164801,bank,rest,,,,,83.4,203.0,1,0.172,0.213,-0.04,1,38.45,0.025,0.01,5,ready,9
2026-10-08 16:59:16.968,675.0,20261008_164801,bank,rest,,,,,83.4,203.0,1,0.172,0.212,-0.04,1,38.46,0.024,0.01,5,ready,9
2026-10-08 16:59:17.174,675.21,20261008_164801,bank,rest,,,,,83.4,203.0,1,0.172,0.211,-0.039,1,38.47,0.023,0.009,5,ready,9
2026-10-08 16:59:17.392,675.43,20261008_164801,bank,rest,,,,,83.4,203.0,1,0.171,0.211,-0.04,1,38.47,0.023,0.009,5,ready,9
2026-10-08 16:59:17.628,675.66,20261008_164801,bank,rest,,,,,83.4,203.0,1,0.171,0.21,-0.039,1,38.47,0.022,0.008,5,ready,9
2026-10-08 16:59:17.803,675.84,20261008_164801,bank,rest,,,,,83.4,203.0,1,0.171,0.21,-0.039,1,38.48,0.022,0.008,5,ready,9
2026-10-08 16:59:18.006,676.04,20261008_164801,bank,rest,,,,,83.4,203.0,1,0.171,0.209,-0.039,1,38.49,0.024,0.007,5,ready,9
2026-10-08 16:59:18.210,676.24,20261008_164801,bank,rest,,,,,83.4,203.0,1,0.174,0.208,-0.034,1,38.49,0.035,0.008,5,ready,9
2026-10-08 16:59:18.417,676.45,20261008_164801,bank,rest,,,,,83.4,203.0,1,0.177,0.208,-0.031,1,38.5,0.038,0.01,5,ready,9
2026-10-08 16:59:18.621,676.65,20261008_164801,bank,rest,,,,,83.4,203.0,1,0.18,0.208,-0.027,1,38.5,0.036,0.011,5,ready,9
2026-10-08 16:59:18.824,676.86,20261008_164801,bank,rest,,,,,83.4,203.0,1,0.183,0.207,-0.024,1,38.47,0.062,0.025,5,ready,8
2026-10-08 16:59:19.032,677.07,20261008_164801,bank,rest,,,,,83.4,203.0,1,0.186,0.207,-0.021,1,38.47,0.081,0.079,5,ready,8
2026-10-08 16:59:19.238,677.27,20261008_164801,bank,rest,,,,,94.3,203.0,1,0.187,0.207,-0.019,1,38.48,0.078,0.072,5,ready,8
2026-10-08 16:59:19.448,677.48,20261008_164801,bank,rest,,,,,94.3,203.0,1,0.192,0.206,-0.014,1,38.47,0.071,0.067,6,ready,8
2026-10-08 16:59:19.641,677.67,20261008_164801,bank,rest,,,,,99.2,112.1,1,0.193,0.206,-0.013,1,38.47,0.065,0.061,6,ready,8
2026-10-08 16:59:19.848,677.88,20261008_164801,bank,question,28,627,manual,lie,99.2,112.1,1,0.193,0.206,-0.013,1,38.47,0.06,0.056,6,question,9
2026-10-08 16:59:20.054,678.09,20261008_164801,bank,question,28,627,manual,lie,99.2,112.1,1,0.192,0.206,-0.014,1,38.47,0.055,0.053,6,question,9
2026-10-08 16:59:20.272,678.31,20261008_164801,bank,question,28,627,manual,lie,99.2,112.1,1,0.191,0.206,-0.015,1,38.47,0.05,0.048,6,question,8
2026-10-08 16:59:20.496,678.53,20261008_164801,bank,question,28,627,manual,lie,99.2,112.1,1,0.192,0.206,-0.014,1,38.48,0.046,0.044,6,question,9
2026-10-08 16:59:20.697,678.73,20261008_164801,bank,question,28,627,manual,lie,99.2,112.1,1,0.192,0.205,-0.014,1,38.46,0.043,0.04,6,question,9
2026-10-08 16:59:21.393,679.43,20261008_164801,bank,question,28,627,manual,lie,99.2,112.1,1,0.192,0.205,-0.013,1,38.44,0.039,0.036,6,question,9
2026-10-08 16:59:21.395,679.43,20261008_164801,bank,question,28,627,manual,lie,99.2,112.1,1,0.194,0.205,-0.011,1,38.44,0.036,0.033,6,question,9
2026-10-08 16:59:21.395,679.43,20261008_164801,bank,question,28,627,manual,lie,99.2,112.1,1,0.195,0.205,-0.01,1,38.44,0.033,0.03,6,question,9
2026-10-08 16:59:21.505,679.54,20261008_164801,bank,question,28,627,manual,lie,99.2,112.1,1,0.197,0.205,-0.008,1,38.44,0.03,0.027,6,question,9
2026-10-08 16:59:21.711,679.74,20261008_164801,bank,question,28,627,manual,lie,99.2,112.1,1,0.198,0.205,-0.007,1,38.44,0.029,0.025,6,question,9
2026-10-08 16:59:21.923,679.96,20261008_164801,bank,question,28,627,manual,lie,99.2,112.1,1,0.198,0.205,-0.006,1,38.44,0.027,0.023,6,question,9
2026-10-08 16:59:22.122,680.16,20261008_164801,bank,question,28,627,manual,lie,99.2,112.1,1,0.199,0.205,-0.006,1,38.44,0.025,0.021,6,question,9
2026-10-08 16:59:22.334,680.37,20261008_164801,bank,question,28,627,manual,lie,99.2,112.1,1,0.198,0.204,-0.006,1,38.44,0.023,0.019,6,question,9
2026-10-08 16:59:22.541,680.57,20261008_164801,bank,question,28,627,manual,lie,99.2,112.1,1,0.2,0.204,-0.004,1,38.45,0.023,0.017,6,question,9
2026-10-08 16:59:22.775,680.81,20261008_164801,bank,question,28,627,manual,lie,99.2,112.1,1,0.202,0.204,-0.002,1,38.44,0.022,0.016,6,question,9
2026-10-08 16:59:22.957,680.99,20261008_164801,bank,question,28,627,manual,lie,99.2,112.1,1,0.203,0.204,-0.002,1,38.44,0.022,0.015,6,question,8
2026-10-08 16:59:23.158,681.19,20261008_164801,bank,question,28,627,manual,lie,99.2,112.1,1,0.2,0.204,-0.004,1,38.44,0.022,0.015,6,question,8
2026-10-08 16:59:23.367,681.4,20261008_164801,bank,question,28,627,manual,lie,99.2,112.1,1,0.2,0.204,-0.004,1,38.44,0.021,0.015,6,question,8
2026-10-08 16:59:23.568,681.6,20261008_164801,bank,question,28,627,manual,lie,99.2,112.1,1,0.199,0.204,-0.005,1,38.44,0.021,0.015,6,question,8
2026-10-08 16:59:23.829,681.86,20261008_164801,bank,question,28,627,manual,lie,99.2,112.1,1,0.202,0.204,-0.002,1,38.44,0.025,0.016,6,question,8
2026-10-08 16:59:24.233,682.27,20261008_164801,bank,question,28,627,manual,lie,99.2,112.1,1,0.203,0.204,-0.001,1,38.43,0.023,0.016,6,question,8
2026-10-08 16:59:24.234,682.27,20261008_164801,bank,question,28,627,manual,lie,99.2,112.1,1,0.201,0.204,-0.003,1,38.43,0.025,0.014,6,question,8
2026-10-08 16:59:24.409,682.44,20261008_164801,bank,question,28,627,manual,lie,99.2,112.1,1,0.197,0.204,-0.007,1,38.42,0.028,0.015,6,question,8
2026-10-08 16:59:24.617,682.65,20261008_164801,bank,question,28,627,manual,lie,,,1,0.192,0.204,-0.012,1,38.41,0.028,0.014,5,question,8
2026-10-08 16:59:25.370,683.4,20261008_164801,bank,question,28,627,manual,lie,,,1,0.188,0.204,-0.015,1,38.42,0.029,0.017,5,question,8
2026-10-08 16:59:25.371,683.4,20261008_164801,bank,question,28,627,manual,lie,,,1,0.183,0.203,-0.02,1,38.42,0.028,0.018,4,question,8
2026-10-08 16:59:25.372,683.41,20261008_164801,bank,question,28,627,manual,lie,,,1,0.182,0.203,-0.021,1,38.43,0.028,0.017,4,question,8
2026-10-08 16:59:25.432,683.47,20261008_164801,bank,question,28,627,manual,lie,,,1,0.181,0.203,-0.021,1,38.43,0.026,0.016,4,question,8
2026-10-08 16:59:25.637,683.67,20261008_164801,bank,question,28,627,manual,lie,,,1,0.181,0.202,-0.021,1,38.44,0.025,0.016,4,question,8
2026-10-08 16:59:25.888,683.92,20261008_164801,bank,question,28,627,manual,lie,,,1,0.181,0.202,-0.021,1,38.45,0.023,0.015,4,question,8
2026-10-08 16:59:30.049,688.08,20261008_164801,bank,question,28,627,manual,lie,,,1,0.183,0.198,-0.014,1,38.48,0.018,0.006,3,question,8
2026-10-08 16:59:30.164,688.2,20261008_164801,bank,question,28,627,manual,lie,163.9,,1,0.183,0.197,-0.014,1,38.48,0.019,0.006,5,question,8
2026-10-08 16:59:30.322,688.36,20261008_164801,bank,question,28,627,manual,lie,163.9,,1,0.183,0.197,-0.014,1,38.49,0.019,0.006,6,question,8
2026-10-08 16:59:30.722,688.76,20261008_164801,bank,question,28,627,manual,lie,152.3,,1,0.183,0.197,-0.014,1,38.49,0.018,0.006,7,question,8
2026-10-08 16:59:30.725,688.76,20261008_164801,bank,question,28,627,manual,lie,152.3,,1,0.182,0.197,-0.015,1,38.5,0.018,0.006,7,question,8
2026-10-08 16:59:30.941,688.97,20261008_164801,bank,question,28,627,manual,lie,167.1,,1,0.182,0.197,-0.015,1,38.51,0.017,0.006,8,question,8
2026-10-08 16:59:31.129,689.16,20261008_164801,bank,question,28,627,manual,lie,185.1,,1,0.182,0.196,-0.015,1,38.51,0.017,0.006,9,question,8
2026-10-08 16:59:31.333,689.37,20261008_164801,bank,question,28,627,manual,lie,185.1,,1,0.181,0.196,-0.015,1,38.52,0.018,0.006,10,question,8
2026-10-08 16:59:31.527,689.56,20261008_164801,bank,question,28,627,manual,lie,188.2,52.7,1,0.182,0.196,-0.014,1,38.52,0.017,0.007,11,question,8
2026-10-08 16:59:31.750,689.78,20261008_164801,bank,recovery,28,627,manual,lie,188.2,52.7,1,0.181,0.196,-0.014,1,38.53,0.019,0.007,11,ready,8
2026-10-08 16:59:31.949,689.98,20261008_164801,bank,recovery,28,627,manual,lie,188.2,52.7,1,0.182,0.196,-0.014,1,38.53,0.02,0.007,12,ready,8
2026-10-08 16:59:32.154,690.19,20261008_164801,bank,recovery,28,627,manual,lie,188.2,52.7,1,0.182,0.195,-0.014,1,38.55,0.022,0.007,12,ready,8
2026-10-08 16:59:32.366,690.4,20261008_164801,bank,recovery,28,627,manual,lie,188.2,52.7,1,0.182,0.195,-0.013,1,38.53,0.023,0.007,13,ready,8
2026-10-08 16:59:32.569,690.6,20261008_164801,bank,recovery,28,627,manual,lie,188.2,52.7,1,0.18,0.195,-0.015,1,38.53,0.022,0.006,13,ready,8
2026-10-08 16:59:32.780,690.81,20261008_164801,bank,recovery,28,627,manual,lie,188.2,52.7,1,0.18,0.195,-0.015,1,38.54,0.024,0.006,13,ready,8
2026-10-08 16:59:32.969,691.0,20261008_164801,bank,recovery,28,627,manual,lie,188.2,52.7,1,0.18,0.195,-0.015,1,38.54,0.022,0.006,13,ready,8
2026-10-08 16:59:33.164,691.2,20261008_164801,bank,recovery,28,627,manual,lie,188.2,52.7,1,0.18,0.194,-0.015,1,38.55,0.022,0.006,14,ready,8
2026-10-08 16:59:33.382,691.42,20261008_164801,bank,recovery,28,627,manual,lie,188.2,52.7,1,0.18,0.194,-0.014,1,38.55,0.027,0.009,14,ready,8
2026-10-08 16:59:33.576,691.61,20261008_164801,bank,recovery,28,627,manual,lie,188.2,52.7,1,0.182,0.194,-0.012,1,38.56,0.027,0.008,14,ready,8
2026-10-08 16:59:34.071,692.1,20261008_164801,bank,recovery,28,627,manual,lie,188.2,52.7,1,0.182,0.194,-0.012,1,38.56,0.027,0.008,14,ready,8
2026-10-08 16:59:34.073,692.11,20261008_164801,bank,recovery,28,627,manual,lie,181.7,48.9,1,0.183,0.194,-0.011,1,38.56,0.026,0.008,14,ready,8
2026-10-08 16:59:34.469,692.5,20261008_164801,bank,recovery,28,627,manual,lie,181.7,48.9,1,0.183,0.194,-0.01,1,38.57,0.026,0.01,14,ready,8
2026-10-08 16:59:34.471,692.5,20261008_164801,bank,recovery,28,627,manual,lie,181.7,48.9,1,0.184,0.194,-0.009,1,38.57,0.026,0.01,14,ready,8
2026-10-08 16:59:34.631,692.66,20261008_164801,bank,recovery,28,627,manual,lie,181.7,48.9,1,0.185,0.193,-0.009,1,38.57,0.025,0.011,14,ready,8
2026-10-08 16:59:34.797,692.83,20261008_164801,bank,recovery,28,627,manual,lie,181.7,48.9,1,0.184,0.193,-0.009,1,38.57,0.026,0.011,14,ready,8
2026-10-08 16:59:35.015,693.05,20261008_164801,bank,recovery,28,627,manual,lie,181.7,48.9,1,0.182,0.193,-0.011,1,38.55,0.033,0.011,14,ready,8
2026-10-08 16:59:35.225,693.26,20261008_164801,bank,recovery,28,627,manual,lie,181.7,48.9,1,0.182,0.193,-0.011,1,38.56,0.035,0.014,14,ready,8
2026-10-08 16:59:35.418,693.45,20261008_164801,bank,recovery,28,627,manual,lie,181.7,48.9,1,0.181,0.193,-0.012,1,38.55,0.036,0.013,14,ready,8
2026-10-08 16:59:35.635,693.67,20261008_164801,bank,recovery,28,627,manual,lie,181.7,48.9,1,0.18,0.193,-0.013,1,38.56,0.038,0.014,14,ready,8
2026-10-08 16:59:35.876,693.91,20261008_164801,bank,recovery,28,627,manual,lie,181.7,48.9,1,0.18,0.193,-0.012,1,38.56,0.036,0.013,14,ready,8
2026-10-08 16:59:36.035,694.07,20261008_164801,bank,recovery,28,627,manual,lie,181.7,48.9,1,0.18,0.192,-0.012,1,38.57,0.033,0.013,14,ready,8
2026-10-08 16:59:36.243,694.28,20261008_164801,bank,recovery,28,627,manual,lie,181.7,48.9,1,0.181,0.192,-0.011,1,38.57,0.032,0.012,14,ready,8
2026-10-08 16:59:36.466,694.5,20261008_164801,bank,recovery,28,627,manual,lie,181.7,48.9,1,0.181,0.192,-0.011,1,38.58,0.03,0.011,14,ready,8
2026-10-08 16:59:36.734,694.77,20261008_164801,bank,rest,,,,,181.7,48.9,1,0.181,0.192,-0.01,1,38.59,0.029,0.012,14,ready,9
2026-10-08 16:59:36.862,694.9,20261008_164801,bank,rest,,,,,181.7,48.9,1,0.181,0.192,-0.011,1,38.56,0.027,0.011,14,ready,8
2026-10-08 16:59:37.127,695.16,20261008_164801,bank,rest,,,,,181.7,48.9,1,0.182,0.192,-0.01,1,38.57,0.026,0.011,14,ready,8
2026-10-08 16:59:37.320,695.35,20261008_164801,bank,rest,,,,,181.7,48.9,1,0.182,0.192,-0.01,1,38.57,0.029,0.011,14,ready,8
2026-10-08 16:59:37.543,695.58,20261008_164801,bank,rest,,,,,181.7,48.9,1,0.181,0.191,-0.011,1,38.57,0.026,0.01,14,ready,8
2026-10-08 16:59:37.731,695.76,20261008_164801,bank,rest,,,,,,,1,0.181,0.191,-0.01,1,38.57,0.025,0.01,12,ready,8
2026-10-08 16:59:37.963,696.0,20261008_164801,bank,rest,,,,,,,1,0.181,0.191,-0.01,1,38.56,0.023,0.009,10,ready,8
2026-10-08 16:59:38.104,696.14,20261008_164801,bank,rest,,,,,,,1,0.181,0.191,-0.01,1,38.56,0.023,0.009,9,ready,8
2026-10-08 16:59:38.332,696.37,20261008_164801,bank,rest,,,,,54.7,,1,0.181,0.191,-0.01,1,38.56,0.022,0.008,8,ready,8
2026-10-08 16:59:38.513,696.55,20261008_164801,bank,rest,,,,,54.7,,1,0.181,0.191,-0.01,1,38.57,0.023,0.008,7,ready,8
2026-10-08 16:59:38.751,696.78,20261008_164801,bank,rest,,,,,54.7,,1,0.181,0.191,-0.009,1,38.58,0.022,0.008,7,ready,8
2026-10-08 16:59:39.254,697.29,20261008_164801,bank,rest,,,,,54.7,,1,0.182,0.19,-0.008,1,38.59,0.019,0.007,6,ready,8
2026-10-08 16:59:39.271,697.3,20261008_164801,bank,rest,,,,,54.7,,1,0.182,0.19,-0.008,1,38.59,0.018,0.007,5,ready,8
2026-10-08 16:59:39.343,697.38,20261008_164801,bank,rest,,,,,54.7,,1,0.183,0.19,-0.007,1,38.59,0.017,0.006,5,ready,8
2026-10-08 16:59:39.602,697.64,20261008_164801,bank,rest,,,,,54.7,,1,0.183,0.19,-0.007,1,38.59,0.017,0.006,5,ready,8
2026-10-08 16:59:39.768,697.8,20261008_164801,bank,rest,,,,,54.7,,1,0.182,0.19,-0.008,1,38.58,0.017,0.006,4,ready,8
2026-10-08 16:59:39.984,698.02,20261008_164801,bank,rest,,,,,54.7,,1,0.183,0.19,-0.007,1,38.59,0.017,0.006,4,ready,8
2026-10-08 16:59:40.150,698.18,20261008_164801,bank,rest,,,,,54.7,,1,0.183,0.19,-0.007,1,38.6,0.016,0.005,4,ready,8
2026-10-08 16:59:40.895,698.93,20261008_164801,bank,rest,,,,,54.7,,1,0.183,0.19,-0.006,1,38.59,0.015,0.005,4,ready,8
2026-10-08 16:59:40.896,698.93,20261008_164801,bank,rest,,,,,54.7,,1,0.183,0.19,-0.007,1,38.6,0.016,0.005,4,ready,8
2026-10-08 16:59:40.897,698.93,20261008_164801,bank,rest,,,,,54.7,,1,0.183,0.189,-0.006,1,38.6,0.015,0.004,4,ready,8
2026-10-08 16:59:40.984,699.02,20261008_164801,bank,rest,,,,,54.7,,1,0.182,0.189,-0.007,1,38.6,0.015,0.005,4,ready,8
2026-10-08 16:59:41.211,699.24,20261008_164801,bank,rest,,,,,54.7,,1,0.182,0.189,-0.007,1,38.6,0.015,0.005,4,ready,8
2026-10-08 16:59:41.390,699.42,20261008_164801,bank,rest,,,,,54.7,,1,0.182,0.189,-0.007,1,38.6,0.015,0.005,4,ready,8
2026-10-08 16:59:41.613,699.65,20261008_164801,bank,rest,,,,,54.7,,1,0.183,0.189,-0.006,1,38.59,0.015,0.005,4,ready,8
2026-10-08 16:59:41.804,699.84,20261008_164801,bank,rest,,,,,54.7,,1,0.183,0.189,-0.006,1,38.59,0.016,0.006,4,ready,8
2026-10-08 16:59:45.931,703.96,20261008_164801,bank,rest,,,,,53.8,,1,0.184,0.188,-0.004,1,38.65,0.013,0.005,3,ready,8
2026-10-08 16:59:46.124,704.16,20261008_164801,bank,rest,,,,,53.8,,1,0.185,0.188,-0.003,1,38.65,0.019,0.007,3,ready,8
2026-10-08 16:59:46.680,704.71,20261008_164801,bank,rest,,,,,53.8,,1,0.185,0.188,-0.003,1,38.65,0.026,0.014,3,ready,8
2026-10-08 16:59:46.735,704.77,20261008_164801,bank,rest,,,,,53.8,,1,0.187,0.188,-0.001,1,38.65,0.032,0.016,3,ready,8
2026-10-08 16:59:46.951,704.98,20261008_164801,bank,rest,,,,,53.8,,1,0.192,0.188,0.005,1,38.65,0.032,0.017,4,ready,8
2026-10-08 16:59:47.203,705.24,20261008_164801,bank,rest,,,,,53.8,,1,0.194,0.188,0.007,1,38.65,0.033,0.016,4,ready,8
2026-10-08 16:59:47.364,705.4,20261008_164801,bank,rest,,,,,53.8,,1,0.194,0.188,0.006,1,38.62,0.058,0.015,4,ready,8
2026-10-08 16:59:47.599,705.63,20261008_164801,bank,rest,,,,,,,1,0.197,0.188,0.009,1,38.62,0.057,0.015,4,ready,8
2026-10-08 16:59:48.170,706.2,20261008_164801,bank,rest,,,,,,,1,0.198,0.188,0.01,1,38.62,0.054,0.024,4,ready,8
2026-10-08 16:59:48.170,706.2,20261008_164801,bank,rest,,,,,,,1,0.199,0.188,0.011,1,38.57,0.049,0.022,4,ready,8
2026-10-08 16:59:48.211,706.24,20261008_164801,bank,rest,,,,,94.3,,1,0.2,0.188,0.011,1,38.57,0.046,0.021,4,ready,8
2026-10-08 16:59:48.400,706.43,20261008_164801,bank,rest,,,,,94.3,,1,0.198,0.189,0.009,1,38.58,0.046,0.027,4,ready,8
2026-10-08 16:59:48.622,706.66,20261008_164801,bank,rest,,,,,111.4,,1,0.196,0.189,0.008,1,38.58,0.047,0.031,5,ready,8
2026-10-08 16:59:49.144,707.18,20261008_164801,bank,rest,,,,,111.4,,1,0.198,0.189,0.009,1,38.58,0.053,0.031,5,ready,8
2026-10-08 16:59:49.145,707.18,20261008_164801,bank,rest,,,,,111.4,,1,0.198,0.189,0.009,1,38.59,0.049,0.036,6,ready,8
2026-10-08 16:59:49.224,707.26,20261008_164801,bank,rest,,,,,111.4,,1,0.199,0.189,0.01,1,38.59,0.052,0.033,6,ready,8
2026-10-08 16:59:49.391,707.42,20261008_164801,bank,rest,,,,,111.4,,1,0.197,0.189,0.008,1,38.59,0.052,0.032,6,ready,8
2026-10-08 16:59:49.668,707.7,20261008_164801,bank,rest,,,,,111.4,,1,0.197,0.189,0.007,1,38.6,0.049,0.029,6,ready,8
2026-10-08 16:59:49.793,707.83,20261008_164801,bank,rest,,,,,111.4,,1,0.197,0.189,0.008,1,38.58,0.045,0.024,7,ready,8
2026-10-08 16:59:50.014,708.05,20261008_164801,bank,rest,,,,,111.4,,1,0.2,0.19,0.011,1,38.58,0.042,0.023,7,ready,8
2026-10-08 16:59:50.211,708.24,20261008_164801,bank,rest,,,,,111.4,,1,0.204,0.19,0.014,1,38.59,0.039,0.022,7,ready,8
2026-10-08 16:59:50.412,708.45,20261008_164801,bank,rest,,,,,111.4,,1,0.207,0.19,0.017,1,38.59,0.036,0.02,7,ready,8
2026-10-08 16:59:50.613,708.65,20261008_164801,bank,question,29,628,manual,lie,111.4,,1,0.208,0.19,0.018,1,38.6,0.035,0.018,7,question,8
2026-10-08 16:59:50.875,708.91,20261008_164801,bank,question,29,628,manual,lie,111.4,,1,0.205,0.19,0.015,1,38.58,0.033,0.018,7,question,8
2026-10-08 16:59:51.037,709.07,20261008_164801,bank,question,29,628,manual,lie,,,1,0.206,0.191,0.016,1,38.58,0.031,0.021,6,question,8
2026-10-08 16:59:51.545,709.58,20261008_164801,bank,question,29,628,manual,lie,,,1,0.205,0.191,0.014,1,38.58,0.034,0.024,6,question,8
2026-10-08 16:59:51.546,709.58,20261008_164801,bank,question,29,628,manual,lie,182.6,,1,0.204,0.191,0.013,1,38.58,0.039,0.033,7,question,8
2026-10-08 16:59:51.640,709.67,20261008_164801,bank,question,29,628,manual,lie,182.6,,1,0.201,0.191,0.01,1,38.59,0.039,0.032,8,question,8
2026-10-08 16:59:52.336,710.37,20261008_164801,bank,question,29,628,manual,lie,182.6,,1,0.197,0.191,0.006,1,38.59,0.164,0.063,11,question,8
2026-10-08 16:59:53.953,711.99,20261008_164801,bank,question,29,628,manual,lie,173.1,192.3,1,0.22,0.194,0.026,1,38.6,0.44,0.286,22,question,8
2026-10-08 16:59:54.150,712.18,20261008_164801,bank,question,29,628,manual,lie,173.1,192.3,1,0.22,0.195,0.026,1,38.6,0.398,0.259,23,question,8
2026-10-08 16:59:54.360,712.39,20261008_164801,bank,question,29,628,manual,lie,173.1,192.3,1,0.221,0.195,0.026,1,38.6,0.361,0.234,23,question,8
2026-10-08 16:59:54.561,712.59,20261008_164801,bank,question,29,628,manual,lie,173.1,192.3,1,0.221,0.195,0.026,1,38.6,0.326,0.212,23,question,8
2026-10-08 16:59:54.770,712.8,20261008_164801,bank,question,29,628,manual,lie,173.1,192.3,1,0.222,0.196,0.026,1,38.6,0.296,0.192,24,question,8
2026-10-08 16:59:54.980,713.01,20261008_164801,bank,question,29,628,manual,lie,173.1,192.3,1,0.222,0.196,0.026,1,38.6,0.269,0.174,24,question,8
2026-10-08 16:59:55.185,713.22,20261008_164801,bank,question,29,628,manual,lie,173.1,192.3,1,0.222,0.196,0.026,1,38.6,0.243,0.157,24,question,8
2026-10-08 16:59:55.386,713.42,20261008_164801,bank,question,29,628,manual,lie,173.2,192.3,1,0.222,0.197,0.026,1,38.6,0.22,0.142,24,question,8
2026-10-08 16:59:55.592,713.63,20261008_164801,bank,question,29,628,manual,lie,173.2,172.1,1,0.223,0.197,0.025,1,38.6,0.2,0.129,24,question,8
2026-10-08 16:59:55.823,713.86,20261008_164801,bank,question,29,628,manual,lie,173.2,172.1,1,0.223,0.197,0.025,1,38.6,0.183,0.117,24,question,8
2026-10-08 16:59:56.003,714.04,20261008_164801,bank,question,29,628,manual,lie,173.2,172.1,1,0.223,0.198,0.025,1,38.6,0.166,0.106,23,question,8
2026-10-08 16:59:56.211,714.24,20261008_164801,bank,question,29,628,manual,lie,173.2,172.1,1,0.223,0.198,0.025,1,38.6,0.151,0.096,23,question,8
2026-10-08 16:59:56.413,714.45,20261008_164801,bank,question,29,628,manual,lie,173.2,172.1,1,0.225,0.198,0.026,1,38.6,0.137,0.087,22,question,8
2026-10-08 16:59:56.652,714.69,20261008_164801,bank,question,29,628,manual,lie,173.2,172.1,1,0.228,0.199,0.029,1,38.6,0.113,0.071,21,question,8
2026-10-08 16:59:57.141,715.18,20261008_164801,bank,question,29,628,manual,lie,173.2,172.1,1,0.229,0.2,0.03,1,38.6,0.108,0.065,21,question,8
2026-10-08 16:59:57.143,715.18,20261008_164801,bank,question,29,628,manual,lie,173.2,172.1,1,0.228,0.2,0.028,1,38.6,0.099,0.059,20,question,8
2026-10-08 16:59:57.242,715.28,20261008_164801,bank,question,29,628,manual,lie,173.2,172.1,1,0.227,0.2,0.026,1,38.6,0.091,0.053,20,question,8
2026-10-08 16:59:57.441,715.47,20261008_164801,bank,question,29,628,manual,lie,173.2,172.1,1,0.223,0.201,0.023,1,38.6,0.083,0.051,19,question,8
2026-10-08 16:59:57.639,715.67,20261008_164801,bank,question,29,628,manual,lie,173.2,172.1,1,0.22,0.201,0.019,1,38.6,0.076,0.047,18,question,8
2026-10-08 16:59:57.840,715.87,20261008_164801,bank,question,29,628,manual,lie,173.2,172.1,1,0.217,0.201,0.016,1,38.57,0.069,0.043,18,question,8
2026-10-08 16:59:58.052,716.09,20261008_164801,bank,question,29,628,manual,lie,173.2,172.1,1,0.216,0.201,0.014,1,38.58,0.064,0.04,17,question,8
2026-10-08 16:59:58.335,716.37,20261008_164801,bank,question,29,628,manual,lie,173.2,172.1,1,0.215,0.201,0.013,1,38.58,0.059,0.037,17,question,8
2026-10-08 16:59:58.460,716.49,20261008_164801,bank,question,29,628,manual,lie,173.2,172.1,1,0.215,0.202,0.014,1,38.58,0.056,0.034,16,question,8
2026-10-08 16:59:58.665,716.7,20261008_164801,bank,question,29,628,manual,lie,173.2,172.1,1,0.216,0.202,0.014,1,38.59,0.052,0.033,16,question,8
2026-10-08 16:59:58.867,716.9,20261008_164801,bank,question,29,628,manual,lie,180.0,172.1,1,0.216,0.202,0.014,1,38.59,0.052,0.034,16,question,8
2026-10-08 16:59:59.070,717.1,20261008_164801,bank,question,29,628,manual,lie,180.0,172.1,1,0.216,0.202,0.014,1,38.59,0.061,0.038,16,question,8
2026-10-08 16:59:59.569,717.6,20261008_164801,bank,question,29,628,manual,lie,180.0,172.1,1,0.216,0.202,0.014,1,38.6,0.064,0.04,16,question,8
2026-10-08 16:59:59.570,717.6,20261008_164801,bank,question,29,628,manual,lie,180.0,172.1,1,0.217,0.203,0.014,1,38.6,0.058,0.036,16,question,9
2026-10-08 16:59:59.695,717.73,20261008_164801,bank,question,29,628,manual,lie,180.0,172.1,1,0.217,0.203,0.015,1,38.6,0.058,0.034,16,question,9
2026-10-08 17:00:00.388,718.42,20261008_164801,bank,question,29,628,manual,lie,180.0,172.1,1,0.217,0.203,0.014,1,38.6,0.056,0.033,16,question,9
2026-10-08 17:00:01.983,720.02,20261008_164801,bank,question,29,628,manual,lie,180.0,172.1,1,0.215,0.204,0.011,1,38.62,0.052,0.025,15,question,8
2026-10-08 17:00:02.191,720.23,20261008_164801,bank,question,29,628,manual,lie,180.0,172.1,1,0.216,0.205,0.011,1,38.62,0.054,0.029,15,question,8
2026-10-08 17:00:02.394,720.43,20261008_164801,bank,question,29,628,manual,lie,180.0,172.1,1,0.215,0.205,0.011,1,38.62,0.053,0.026,15,question,8
2026-10-08 17:00:02.678,720.71,20261008_164801,bank,recovery,29,628,manual,lie,180.0,172.1,1,0.215,0.205,0.01,1,38.62,0.057,0.03,15,ready,8
2026-10-08 17:00:02.835,720.87,20261008_164801,bank,recovery,29,628,manual,lie,180.0,172.1,1,0.215,0.205,0.01,1,38.62,0.055,0.029,15,ready,8
2026-10-08 17:00:03.018,721.05,20261008_164801,bank,recovery,29,628,manual,lie,,,1,0.215,0.205,0.01,1,38.63,0.054,0.029,13,ready,8
2026-10-08 17:00:03.236,721.27,20261008_164801,bank,recovery,29,628,manual,lie,,,1,0.215,0.205,0.01,1,38.63,0.051,0.027,12,ready,8
2026-10-08 17:00:03.441,721.47,20261008_164801,bank,recovery,29,628,manual,lie,,,1,0.215,0.205,0.01,1,38.6,0.048,0.025,10,ready,8
2026-10-08 17:00:03.652,721.69,20261008_164801,bank,recovery,29,628,manual,lie,115.2,,1,0.216,0.206,0.01,1,38.58,0.044,0.023,10,ready,8
2026-10-08 17:00:03.855,721.89,20261008_164801,bank,recovery,29,628,manual,lie,115.2,,1,0.216,0.206,0.011,1,38.59,0.04,0.021,9,ready,8
2026-10-08 17:00:04.065,722.1,20261008_164801,bank,recovery,29,628,manual,lie,115.2,,1,0.217,0.206,0.011,1,38.59,0.038,0.019,9,ready,8
2026-10-08 17:00:04.279,722.31,20261008_164801,bank,recovery,29,628,manual,lie,115.2,,1,0.217,0.206,0.011,1,38.6,0.035,0.017,9,ready,8
2026-10-08 17:00:04.466,722.5,20261008_164801,bank,recovery,29,628,manual,lie,115.2,,1,0.217,0.206,0.011,1,38.6,0.032,0.016,9,ready,8
2026-10-08 17:00:04.680,722.71,20261008_164801,bank,recovery,29,628,manual,lie,115.2,,1,0.217,0.206,0.011,1,38.61,0.03,0.015,8,ready,8
2026-10-08 17:00:04.875,722.91,20261008_164801,bank,recovery,29,628,manual,lie,115.2,,1,0.217,0.206,0.011,1,38.61,0.027,0.013,8,ready,8
2026-10-08 17:00:05.068,723.1,20261008_164801,bank,recovery,29,628,manual,lie,115.2,,1,0.219,0.207,0.012,1,38.61,0.026,0.013,8,ready,8
2026-10-08 17:00:05.302,723.34,20261008_164801,bank,recovery,29,628,manual,lie,115.2,,1,0.22,0.207,0.013,1,38.62,0.033,0.017,8,ready,8
2026-10-08 17:00:05.469,723.5,20261008_164801,bank,rest,,,,,115.2,,1,0.22,0.207,0.013,1,38.62,0.033,0.016,8,ready,8
2026-10-08 17:00:05.681,723.71,20261008_164801,bank,rest,,,,,123.6,,1,0.221,0.207,0.014,1,38.63,0.032,0.016,8,ready,8
2026-10-08 17:00:05.887,723.92,20261008_164801,bank,rest,,,,,123.6,,1,0.222,0.207,0.015,1,38.63,0.03,0.015,8,ready,8
2026-10-08 17:00:06.089,724.12,20261008_164801,bank,rest,,,,,123.6,,1,0.222,0.208,0.015,1,38.63,0.027,0.014,8,ready,8
2026-10-08 17:00:06.557,724.59,20261008_164801,bank,rest,,,,,123.6,,1,0.223,0.208,0.015,1,38.63,0.026,0.013,8,ready,8
2026-10-08 17:00:06.558,724.59,20261008_164801,bank,rest,,,,,123.6,,1,0.222,0.208,0.014,1,38.64,0.024,0.012,8,ready,8
2026-10-08 17:00:06.713,724.75,20261008_164801,bank,rest,,,,,123.6,,1,0.222,0.208,0.014,1,38.64,0.022,0.011,8,ready,8
2026-10-08 17:00:06.916,724.95,20261008_164801,bank,rest,,,,,123.6,,1,0.223,0.208,0.015,1,38.64,0.021,0.011,8,ready,8
2026-10-08 17:00:07.122,725.16,20261008_164801,bank,rest,,,,,123.6,,1,0.224,0.209,0.015,1,38.64,0.02,0.01,8,ready,8
2026-10-08 17:00:07.618,725.65,20261008_164801,bank,rest,,,,,123.6,,1,0.223,0.209,0.015,1,38.65,0.02,0.009,8,ready,8
2026-10-08 17:00:07.618,725.65,20261008_164801,bank,rest,,,,,123.6,,1,0.223,0.209,0.014,1,38.65,0.019,0.009,8,ready,8
2026-10-08 17:00:07.750,725.78,20261008_164801,bank,rest,,,,,123.6,,1,0.223,0.209,0.014,1,38.65,0.017,0.008,8,ready,8
2026-10-08 17:00:07.945,725.98,20261008_164801,bank,rest,,,,,123.6,,1,0.223,0.209,0.014,1,38.66,0.019,0.008,8,ready,8
2026-10-08 17:00:08.150,726.18,20261008_164801,bank,rest,,,,,123.6,,1,0.223,0.21,0.014,1,38.66,0.019,0.007,8,ready,8
2026-10-08 17:00:08.430,726.46,20261008_164801,bank,rest,,,,,123.6,,1,0.223,0.21,0.014,1,38.66,0.018,0.007,8,ready,8
2026-10-08 17:00:08.563,726.6,20261008_164801,bank,rest,,,,,123.6,,1,0.223,0.21,0.013,1,38.66,0.017,0.007,8,ready,8
2026-10-08 17:00:08.767,726.8,20261008_164801,bank,rest,,,,,,,1,0.224,0.21,0.013,1,38.66,0.016,0.006,7,ready,8
2026-10-08 17:00:08.970,727.0,20261008_164801,bank,rest,,,,,,,1,0.225,0.21,0.014,1,38.63,0.016,0.007,7,ready,8
2026-10-08 17:00:09.190,727.22,20261008_164801,bank,rest,,,,,,,1,0.225,0.211,0.015,1,38.63,0.015,0.006,6,ready,8
2026-10-08 17:00:09.531,727.56,20261008_164801,bank,rest,,,,,,,1,0.225,0.211,0.014,1,38.64,0.015,0.006,6,ready,8
2026-10-08 17:00:09.590,727.62,20261008_164801,bank,rest,,,,,,,1,0.225,0.211,0.014,1,38.64,0.015,0.007,5,ready,8
2026-10-08 17:00:09.792,727.83,20261008_164801,bank,rest,,,,,,,1,0.225,0.211,0.014,1,38.64,0.016,0.007,5,ready,8
2026-10-08 17:00:10.005,728.04,20261008_164801,bank,rest,,,,,,,1,0.227,0.211,0.016,1,38.64,0.018,0.006,5,ready,8
2026-10-08 17:00:10.237,728.27,20261008_164801,bank,rest,,,,,,,1,0.227,0.212,0.015,1,38.64,0.025,0.01,5,ready,8
2026-10-08 17:00:10.795,728.83,20261008_164801,bank,rest,,,,,,,1,0.227,0.212,0.015,1,38.65,0.032,0.013,5,ready,8
2026-10-08 17:00:10.796,728.83,20261008_164801,bank,rest,,,,,,,1,0.228,0.212,0.016,1,38.65,0.031,0.014,4,ready,8
2026-10-08 17:00:10.825,728.86,20261008_164801,bank,rest,,,,,,,1,0.228,0.212,0.016,1,38.65,0.029,0.015,4,ready,8
2026-10-08 17:00:11.314,729.35,20261008_164801,bank,rest,,,,,,,1,0.228,0.212,0.016,1,38.65,0.037,0.016,4,ready,8
2026-10-08 17:00:11.315,729.35,20261008_164801,bank,rest,,,,,,,1,0.228,0.213,0.015,1,38.65,0.042,0.018,4,ready,8
2026-10-08 17:00:11.444,729.48,20261008_164801,bank,rest,,,,,,,1,0.227,0.213,0.015,1,38.65,0.043,0.02,4,ready,8
2026-10-08 17:00:11.985,730.02,20261008_164801,bank,rest,,,,,,,1,0.229,0.213,0.016,1,38.65,0.045,0.021,4,ready,8
2026-10-08 17:00:11.986,730.02,20261008_164801,bank,rest,,,,,111.7,,1,0.229,0.213,0.016,1,38.65,0.05,0.026,5,ready,8
2026-10-08 17:00:12.074,730.11,20261008_164801,bank,rest,,,,,111.7,,1,0.241,0.214,0.027,1,38.65,0.073,0.036,7,ready,8
2026-10-08 17:00:12.290,730.32,20261008_164801,bank,rest,,,,,111.7,,1,0.245,0.214,0.03,1,38.65,0.083,0.043,7,ready,8
2026-10-08 17:00:12.489,730.52,20261008_164801,bank,rest,,,,,111.7,,1,0.248,0.215,0.033,1,38.65,0.077,0.04,8,ready,8
2026-10-08 17:00:12.686,730.72,20261008_164801,bank,rest,,,,,111.7,,1,0.25,0.215,0.035,1,38.65,0.073,0.039,8,ready,8
2026-10-08 17:00:12.890,730.92,20261008_164801,bank,rest,,,,,111.7,,1,0.251,0.216,0.035,1,38.65,0.07,0.036,9,ready,8
2026-10-08 17:00:13.101,731.13,20261008_164801,bank,rest,,,,,111.7,,1,0.251,0.216,0.035,1,38.65,0.07,0.034,9,ready,8
2026-10-08 17:00:13.298,731.33,20261008_164801,bank,rest,,,,,111.7,,1,0.252,0.216,0.035,1,38.65,0.069,0.033,9,ready,8
2026-10-08 17:00:13.511,731.54,20261008_164801,bank,rest,,,,,111.7,,1,0.252,0.217,0.035,1,38.65,0.063,0.032,10,ready,8
2026-10-08 17:00:13.717,731.75,20261008_164801,bank,rest,,,,,111.7,,1,0.252,0.217,0.035,1,38.65,0.057,0.029,10,ready,8
2026-10-08 17:00:13.934,731.97,20261008_164801,bank,rest,,,,,111.7,,1,0.252,0.218,0.035,1,38.65,0.055,0.028,10,ready,8
2026-10-08 17:00:14.122,732.16,20261008_164801,bank,rest,,,,,111.7,,1,0.253,0.218,0.035,1,38.65,0.051,0.028,10,ready,8
2026-10-08 17:00:14.347,732.38,20261008_164801,bank,rest,,,,,111.7,,1,0.253,0.219,0.035,1,38.65,0.047,0.026,10,ready,8
2026-10-08 17:00:14.533,732.57,20261008_164801,bank,rest,,,,,111.7,,1,0.254,0.219,0.034,1,38.65,0.043,0.024,10,ready,8
2026-10-08 17:00:15.068,733.1,20261008_164801,bank,rest,,,,,111.7,,1,0.254,0.22,0.035,1,38.65,0.039,0.022,10,ready,8
2026-10-08 17:00:15.069,733.1,20261008_164801,bank,rest,,,,,101.9,,1,0.254,0.22,0.034,1,38.65,0.036,0.02,10,ready,8
2026-10-08 17:00:15.611,733.64,20261008_164801,bank,rest,,,,,101.9,,1,0.255,0.221,0.034,1,38.65,0.033,0.018,10,ready,8
2026-10-08 17:00:15.612,733.65,20261008_164801,bank,rest,,,,,101.9,,1,0.256,0.221,0.035,1,38.65,0.031,0.016,10,ready,8
2026-10-08 17:00:15.614,733.65,20261008_164801,bank,rest,,,,,99.2,,1,0.254,0.222,0.033,1,38.65,0.031,0.015,9,ready,8
2026-10-08 17:00:15.771,733.8,20261008_164801,bank,rest,,,,,99.2,,1,0.255,0.222,0.033,1,38.65,0.031,0.014,9,ready,8
2026-10-08 17:00:15.966,734.0,20261008_164801,bank,recovery,30,629,manual,lie,99.2,,1,0.257,0.222,0.034,1,38.65,0.03,0.014,9,ready,8
2026-10-08 17:00:16.177,734.21,20261008_164801,bank,question,30,629,manual,lie,99.2,,1,0.257,0.223,0.034,1,38.65,0.031,0.013,9,question,8
2026-10-08 17:00:16.377,734.41,20261008_164801,bank,question,30,629,manual,lie,97.8,,1,0.258,0.223,0.034,1,38.65,0.029,0.012,9,question,8
2026-10-08 17:00:16.594,734.63,20261008_164801,bank,question,30,629,manual,lie,97.8,,1,0.259,0.224,0.035,1,38.66,0.027,0.011,9,question,8
2026-10-08 17:00:16.795,734.83,20261008_164801,bank,question,30,629,manual,lie,97.8,,1,0.259,0.224,0.035,1,38.66,0.025,0.01,9,question,8
2026-10-08 17:00:17.390,735.42,20261008_164801,bank,question,30,629,manual,lie,97.8,,1,0.259,0.225,0.034,1,38.67,0.024,0.009,9,question,8
2026-10-08 17:00:17.392,735.43,20261008_164801,bank,question,30,629,manual,lie,96.2,77.8,1,0.259,0.225,0.034,1,38.67,0.022,0.009,9,question,8
2026-10-08 17:00:17.477,735.51,20261008_164801,bank,question,30,629,manual,lie,96.2,77.8,1,0.259,0.226,0.034,1,38.66,0.022,0.008,9,question,8
2026-10-08 17:00:17.590,735.62,20261008_164801,bank,question,30,629,manual,lie,96.2,77.8,1,0.26,0.226,0.033,1,38.66,0.023,0.008,9,question,8
2026-10-08 17:00:17.795,735.83,20261008_164801,bank,question,30,629,manual,lie,96.2,82.3,1,0.26,0.227,0.033,1,38.66,0.021,0.008,9,question,8
2026-10-08 17:00:17.991,736.02,20261008_164801,bank,question,30,629,manual,lie,96.2,82.3,1,0.26,0.227,0.033,1,38.66,0.02,0.007,9,question,8
2026-10-08 17:00:18.206,736.24,20261008_164801,bank,question,30,629,manual,lie,96.2,82.3,1,0.26,0.227,0.033,1,38.66,0.02,0.007,9,question,8
2026-10-08 17:00:18.402,736.44,20261008_164801,bank,question,30,629,manual,lie,96.2,82.3,1,0.26,0.228,0.032,1,38.66,0.019,0.007,9,question,8
2026-10-08 17:00:18.614,736.65,20261008_164801,bank,question,30,629,manual,lie,86.1,104.1,1,0.261,0.228,0.033,1,38.66,0.019,0.007,8,question,8
2026-10-08 17:00:18.814,736.85,20261008_164801,bank,question,30,629,manual,lie,86.1,104.1,1,0.261,0.229,0.032,1,38.66,0.018,0.007,8,question,8
2026-10-08 17:00:19.048,737.08,20261008_164801,bank,question,30,629,manual,lie,86.1,104.1,1,0.261,0.229,0.032,1,38.66,0.018,0.006,8,question,8
2026-10-08 17:00:19.223,737.26,20261008_164801,bank,question,30,629,manual,lie,86.1,121.7,1,0.261,0.23,0.032,1,38.66,0.019,0.006,8,question,8
2026-10-08 17:00:19.471,737.51,20261008_164801,bank,question,30,629,manual,lie,86.1,121.7,1,0.261,0.23,0.031,1,38.66,0.017,0.006,8,question,8
2026-10-08 17:00:19.639,737.67,20261008_164801,bank,question,30,629,manual,lie,86.1,121.7,1,0.261,0.23,0.031,1,38.66,0.016,0.006,8,question,8
2026-10-08 17:00:19.843,737.88,20261008_164801,bank,question,30,629,manual,lie,84.1,126.3,1,0.261,0.231,0.031,1,38.66,0.018,0.006,8,question,8
2026-10-08 17:00:20.145,738.18,20261008_164801,bank,question,30,629,manual,lie,84.1,126.3,1,0.262,0.231,0.03,1,38.66,0.018,0.006,8,question,8
2026-10-08 17:00:20.605,738.64,20261008_164801,bank,question,30,629,manual,lie,84.1,126.3,1,0.262,0.232,0.03,1,38.66,0.019,0.006,8,question,8
2026-10-08 17:00:20.611,738.64,20261008_164801,bank,question,30,629,manual,lie,84.1,126.3,1,0.262,0.232,0.03,1,38.66,0.018,0.006,8,question,8
2026-10-08 17:00:20.672,738.71,20261008_164801,bank,question,30,629,manual,lie,82.1,117.0,1,0.262,0.233,0.029,1,38.66,0.018,0.005,8,question,8
2026-10-08 17:00:20.890,738.92,20261008_164801,bank,question,30,629,manual,lie,82.1,117.0,1,0.263,0.233,0.029,1,38.66,0.017,0.005,8,question,8
2026-10-08 17:00:21.080,739.11,20261008_164801,bank,question,30,629,manual,lie,82.1,116.6,1,0.263,0.234,0.03,1,38.66,0.019,0.005,8,question,8
2026-10-08 17:00:21.291,739.32,20261008_164801,bank,question,30,629,manual,lie,82.1,116.6,1,0.263,0.234,0.029,1,38.66,0.022,0.009,8,question,8
2026-10-08 17:00:22.925,740.96,20261008_164801,bank,question,30,629,manual,lie,82.1,116.6,1,0.263,0.234,0.028,1,38.66,0.026,0.011,8,question,8
2026-10-08 17:00:22.926,740.96,20261008_164801,bank,question,30,629,manual,lie,82.1,116.6,1,0.263,0.235,0.028,1,38.67,0.027,0.01,8,question,8
2026-10-08 17:00:22.927,740.96,20261008_164801,bank,question,30,629,manual,lie,82.1,120.6,1,0.263,0.235,0.028,1,38.67,0.028,0.01,8,question,8
2026-10-08 17:00:24.126,742.16,20261008_164801,bank,question,30,629,manual,lie,82.3,119.1,1,0.266,0.239,0.027,1,38.67,0.03,0.012,8,question,8
2026-10-08 17:00:26.549,744.58,20261008_164801,bank,question,30,629,manual,lie,82.3,125.8,1,0.268,0.24,0.028,1,38.67,0.036,0.013,8,question,8
2026-10-08 17:00:26.549,744.58,20261008_164801,bank,question,30,629,manual,lie,82.3,125.8,1,0.267,0.24,0.027,1,38.67,0.035,0.013,8,question,8
2026-10-08 17:00:26.558,744.59,20261008_164801,bank,question,30,629,manual,lie,82.3,132.4,1,0.267,0.24,0.027,1,38.67,0.032,0.012,8,question,8
2026-10-08 17:00:26.565,744.6,20261008_164801,bank,question,30,629,manual,lie,82.3,132.4,1,0.268,0.241,0.027,1,38.66,0.028,0.011,8,question,8
2026-10-08 17:00:26.602,744.64,20261008_164801,bank,question,30,629,manual,lie,92.6,129.9,1,0.269,0.241,0.028,1,38.66,0.027,0.01,8,question,8
2026-10-08 17:00:26.656,744.69,20261008_164801,bank,question,30,629,manual,lie,92.6,129.9,1,0.27,0.242,0.028,1,38.66,0.025,0.009,8,question,8
2026-10-08 17:00:26.661,744.69,20261008_164801,bank,question,30,629,manual,lie,92.6,129.9,1,0.272,0.242,0.03,1,38.66,0.024,0.008,8,question,8
2026-10-08 17:00:26.713,744.75,20261008_164801,bank,question,30,629,manual,lie,94.7,118.5,1,0.272,0.243,0.03,1,38.64,0.024,0.008,9,question,8
2026-10-08 17:00:26.738,744.77,20261008_164801,bank,question,30,629,manual,lie,94.7,118.5,1,0.272,0.243,0.029,1,38.64,0.024,0.008,9,question,8
2026-10-08 17:00:26.742,744.78,20261008_164801,bank,question,30,629,manual,lie,94.7,118.5,1,0.271,0.243,0.028,1,38.64,0.022,0.008,9,question,8
2026-10-08 17:00:26.748,744.78,20261008_164801,bank,question,30,629,manual,lie,92.6,116.6,1,0.271,0.244,0.027,1,38.65,0.022,0.007,9,question,8
2026-10-08 17:00:26.944,744.98,20261008_164801,bank,question,30,629,manual,lie,92.6,116.6,1,0.269,0.244,0.024,1,38.65,0.022,0.006,9,question,8
2026-10-08 17:00:27.152,745.19,20261008_164801,bank,question,30,629,manual,lie,92.6,116.6,1,0.271,0.245,0.026,1,38.65,0.022,0.006,9,question,8
2026-10-08 17:00:27.373,745.41,20261008_164801,bank,question,30,629,manual,lie,92.6,112.1,1,0.272,0.245,0.027,1,38.65,0.022,0.006,9,question,8
2026-10-08 17:00:27.553,745.59,20261008_164801,bank,question,30,629,manual,lie,92.6,112.1,1,0.274,0.245,0.028,1,38.66,0.02,0.005,9,question,8
2026-10-08 17:00:27.760,745.79,20261008_164801,bank,question,30,629,manual,lie,92.6,112.1,1,0.274,0.246,0.028,1,38.66,0.018,0.005,9,question,8
2026-10-08 17:00:27.967,746.0,20261008_164801,bank,recovery,30,629,manual,lie,92.6,112.1,1,0.276,0.246,0.029,1,38.66,0.02,0.005,9,ready,8
2026-10-08 17:00:30.108,748.14,20261008_164801,bank,recovery,30,629,manual,lie,84.3,108.7,1,0.281,0.25,0.03,1,38.64,0.019,0.004,9,ready,8
2026-10-08 17:00:30.334,748.37,20261008_164801,bank,recovery,30,629,manual,lie,84.3,108.9,1,0.282,0.251,0.031,1,38.65,0.02,0.006,9,ready,8
2026-10-08 17:00:31.546,749.58,20261008_164801,bank,recovery,30,629,manual,lie,84.3,108.9,1,0.282,0.251,0.031,1,38.65,0.02,0.006,9,ready,8
2026-10-08 17:00:31.554,749.59,20261008_164801,bank,recovery,30,629,manual,lie,84.3,108.9,1,0.283,0.251,0.032,1,38.66,0.019,0.006,9,ready,8
2026-10-08 17:00:31.563,749.6,20261008_164801,bank,recovery,30,629,manual,lie,84.3,108.9,1,0.284,0.252,0.033,1,38.66,0.018,0.006,9,ready,8
2026-10-08 17:00:31.582,749.62,20261008_164801,bank,recovery,30,629,manual,lie,79.3,106.2,1,0.285,0.252,0.033,1,38.67,0.02,0.006,9,ready,8
2026-10-08 17:00:31.617,749.65,20261008_164801,bank,recovery,30,629,manual,lie,79.3,106.2,1,0.287,0.253,0.034,1,38.67,0.02,0.006,9,ready,8
2026-10-08 17:00:31.638,749.67,20261008_164801,bank,recovery,30,629,manual,lie,79.3,106.2,1,0.286,0.253,0.033,1,38.67,0.019,0.006,9,ready,8
2026-10-08 17:00:32.504,750.54,20261008_164801,bank,recovery,30,629,manual,lie,79.3,102.7,1,0.285,0.254,0.031,1,38.68,0.021,0.007,9,ready,8
2026-10-08 17:00:32.576,750.61,20261008_164801,bank,recovery,30,629,manual,lie,79.3,102.7,1,0.286,0.254,0.032,1,38.68,0.023,0.008,9,ready,8
2026-10-08 17:00:32.953,750.99,20261008_164801,bank,recovery,30,629,manual,lie,79.3,102.7,1,0.287,0.255,0.032,1,38.68,0.023,0.008,9,ready,8
2026-10-08 17:00:32.961,750.99,20261008_164801,bank,recovery,30,629,manual,lie,79.3,102.7,1,0.285,0.255,0.03,1,38.68,0.025,0.009,9,ready,8
2026-10-08 17:00:32.972,751.01,20261008_164801,bank,recovery,30,629,manual,lie,77.1,98.1,1,0.285,0.256,0.029,1,38.68,0.032,0.01,9,ready,8
2026-10-08 17:00:32.988,751.02,20261008_164801,bank,recovery,30,629,manual,lie,77.1,98.1,1,0.288,0.256,0.031,1,38.69,0.035,0.015,9,ready,8
2026-10-08 17:00:33.193,751.23,20261008_164801,bank,recovery,30,629,manual,lie,79.3,110.2,1,0.289,0.257,0.032,1,38.7,0.034,0.016,9,ready,8
2026-10-08 17:00:33.386,751.42,20261008_164801,bank,recovery,30,629,manual,lie,79.3,110.2,1,0.29,0.257,0.033,1,38.7,0.047,0.02,9,ready,8
2026-10-08 17:00:34.108,752.14,20261008_164801,bank,recovery,30,629,manual,lie,79.3,110.2,1,0.29,0.258,0.033,1,38.7,0.052,0.021,9,ready,8
2026-10-08 17:00:34.181,752.21,20261008_164801,bank,recovery,30,629,manual,lie,83.3,115.6,1,0.288,0.258,0.03,1,38.7,0.055,0.027,9,ready,8
2026-10-08 17:00:34.204,752.24,20261008_164801,bank,recovery,30,629,manual,lie,83.3,115.6,1,0.289,0.259,0.03,1,38.72,0.057,0.033,9,ready,8
2026-10-08 17:00:35.073,753.11,20261008_164801,bank,recovery,30,629,manual,lie,83.3,115.6,1,0.286,0.259,0.027,1,38.7,0.054,0.03,9,ready,8
2026-10-08 17:00:35.642,753.68,20261008_164801,bank,recovery,30,629,manual,lie,83.3,115.6,1,0.288,0.259,0.029,1,38.7,0.051,0.029,10,ready,8
2026-10-08 17:00:35.722,753.76,20261008_164801,bank,recovery,30,629,manual,lie,83.3,115.6,1,0.29,0.26,0.03,1,38.7,0.057,0.031,10,ready,8
2026-10-08 17:00:36.124,754.16,20261008_164801,bank,recovery,30,629,manual,lie,83.3,115.6,1,0.29,0.26,0.03,1,38.7,0.059,0.032,10,ready,8
2026-10-08 17:00:36.210,754.24,20261008_164801,bank,recovery,30,629,manual,lie,83.3,115.6,1,0.291,0.261,0.03,1,38.7,0.076,0.045,10,ready,8
2026-10-08 17:00:36.355,754.39,20261008_164801,bank,recovery,30,629,manual,lie,83.3,106.4,1,0.292,0.261,0.031,1,38.69,0.086,0.059,10,ready,8
2026-10-08 17:00:36.373,754.41,20261008_164801,bank,recovery,30,629,manual,lie,83.3,106.4,1,0.292,0.261,0.03,1,38.69,0.081,0.059,10,ready,8
2026-10-08 17:00:36.399,754.43,20261008_164801,bank,recovery,30,629,manual,lie,83.3,106.4,1,0.291,0.262,0.03,1,38.7,0.078,0.061,11,ready,8
2026-10-08 17:00:36.400,754.43,20261008_164801,bank,recovery,30,629,manual,lie,83.3,106.4,1,0.292,0.262,0.03,1,38.7,0.077,0.057,11,ready,8
2026-10-08 17:00:36.400,754.43,20261008_164801,bank,recovery,30,629,manual,lie,83.3,106.4,1,0.288,0.263,0.026,1,38.7,0.071,0.052,11,ready,8
2026-10-08 17:00:36.401,754.43,20261008_164801,bank,recovery,30,629,manual,lie,83.3,106.4,1,0.29,0.263,0.027,1,38.69,0.065,0.048,11,ready,8
2026-10-08 17:00:36.519,754.55,20261008_164801,bank,recovery,30,629,manual,lie,83.3,106.4,1,0.291,0.263,0.028,1,38.69,0.061,0.044,11,ready,8
2026-10-08 17:00:36.678,754.71,20261008_164801,bank,recovery,30,629,manual,lie,77.1,105.8,1,0.291,0.264,0.027,1,38.69,0.058,0.042,10,ready,8
2026-10-08 17:00:36.889,754.92,20261008_164801,bank,recovery,30,629,manual,lie,77.1,105.8,1,0.292,0.264,0.028,1,38.7,0.056,0.038,10,ready,8
2026-10-08 17:00:37.105,755.14,20261008_164801,bank,recovery,30,629,manual,lie,77.1,105.8,1,0.293,0.264,0.028,1,38.7,0.055,0.037,10,ready,8
2026-10-08 17:00:37.290,755.32,20261008_164801,bank,recovery,30,629,manual,lie,83.3,148.7,1,0.293,0.265,0.028,1,38.7,0.055,0.038,10,ready,8
2026-10-08 17:00:37.492,755.53,20261008_164801,bank,recovery,30,629,manual,lie,83.3,148.7,1,0.292,0.265,0.027,1,38.7,0.052,0.035,10,ready,8
2026-10-08 17:00:37.699,755.73,20261008_164801,bank,rest,,,,,83.3,148.7,1,0.292,0.265,0.027,1,38.7,0.048,0.032,10,ready,8
2026-10-08 17:00:37.958,755.99,20261008_164801,bank,rest,,,,,83.3,147.6,1,0.293,0.266,0.027,1,38.71,0.047,0.032,10,ready,8
2026-10-08 17:00:38.157,756.19,20261008_164801,bank,rest,,,,,83.3,147.6,1,0.293,0.266,0.027,1,38.71,0.062,0.046,10,ready,8
2026-10-08 17:00:38.316,756.35,20261008_164801,bank,rest,,,,,83.3,147.6,1,0.293,0.267,0.026,1,38.71,0.061,0.043,10,ready,8
2026-10-08 17:00:38.522,756.56,20261008_164801,bank,rest,,,,,100.2,141.2,1,0.293,0.267,0.026,1,38.71,0.056,0.039,11,ready,8
2026-10-08 17:00:38.752,756.79,20261008_164801,bank,rest,,,,,100.2,141.2,1,0.288,0.267,0.021,1,38.69,0.056,0.042,11,ready,8
2026-10-08 17:00:38.932,756.97,20261008_164801,bank,rest,,,,,103.4,140.6,1,0.29,0.267,0.022,1,38.7,0.074,0.053,12,ready,8
2026-10-08 17:00:39.139,757.17,20261008_164801,bank,rest,,,,,103.4,140.6,1,0.288,0.268,0.02,1,38.69,0.069,0.049,12,ready,8
2026-10-08 17:00:39.349,757.38,20261008_164801,bank,rest,,,,,103.4,140.6,1,0.29,0.268,0.022,1,38.7,0.088,0.052,12,ready,8
2026-10-08 17:00:39.552,757.59,20261008_164801,bank,rest,,,,,103.4,140.6,1,0.292,0.268,0.024,1,38.7,0.088,0.055,13,ready,8
2026-10-08 17:00:39.770,757.8,20261008_164801,bank,rest,,,,,103.4,140.6,1,0.29,0.269,0.021,1,38.7,0.084,0.054,13,ready,8
2026-10-08 17:00:39.979,758.01,20261008_164801,bank,rest,,,,,103.4,140.6,1,0.282,0.269,0.014,1,38.7,0.077,0.049,13,ready,8
2026-10-08 17:00:40.180,758.21,20261008_164801,bank,rest,,,,,103.4,140.6,1,0.276,0.269,0.007,1,38.7,0.07,0.045,13,ready,8
2026-10-08 17:00:40.391,758.42,20261008_164801,bank,rest,,,,,109.5,148.0,1,0.273,0.269,0.004,1,38.7,0.069,0.051,13,ready,8
2026-10-08 17:00:40.588,758.62,20261008_164801,bank,rest,,,,,109.5,148.0,1,0.27,0.269,0.001,1,38.7,0.069,0.066,13,ready,8
2026-10-08 17:00:40.801,758.83,20261008_164801,bank,rest,,,,,109.5,148.0,1,0.277,0.269,0.008,1,38.71,0.073,0.075,13,ready,8
2026-10-08 17:00:40.982,759.02,20261008_164801,bank,rest,,,,,109.5,148.0,1,0.286,0.27,0.017,1,38.72,0.076,0.079,13,ready,8
2026-10-08 17:00:41.187,759.22,20261008_164801,bank,rest,,,,,109.5,148.0,1,0.288,0.27,0.018,1,38.72,0.075,0.073,14,ready,8
2026-10-08 17:00:41.393,759.43,20261008_164801,bank,rest,,,,,109.5,148.0,1,0.289,0.27,0.019,1,38.73,0.07,0.07,14,ready,8
2026-10-08 17:00:41.598,759.63,20261008_164801,bank,rest,,,,,109.5,148.0,1,0.291,0.27,0.02,1,38.73,0.068,0.065,14,ready,8
2026-10-08 17:00:41.802,759.84,20261008_164801,bank,rest,,,,,109.5,148.0,1,0.292,0.271,0.021,1,38.73,0.08,0.073,14,ready,8
2026-10-08 17:00:42.006,760.04,20261008_164801,bank,rest,,,,,109.5,148.0,1,0.291,0.271,0.02,1,38.74,0.12,0.09,15,ready,8
2026-10-08 17:00:42.245,760.28,20261008_164801,bank,rest,,,,,109.5,151.3,1,0.29,0.271,0.019,1,38.74,0.124,0.112,15,ready,8
2026-10-08 17:00:42.417,760.45,20261008_164801,bank,rest,,,,,109.5,151.3,1,0.291,0.271,0.02,1,38.74,0.13,0.108,16,ready,8
2026-10-08 17:00:42.632,760.67,20261008_164801,bank,rest,,,,,109.5,147.8,1,0.294,0.272,0.022,1,38.74,0.128,0.144,16,ready,8
2026-10-08 17:00:42.822,760.86,20261008_164801,bank,rest,,,,,109.5,147.8,1,0.297,0.272,0.025,1,38.75,0.121,0.134,17,ready,8
2026-10-08 17:00:43.024,761.06,20261008_164801,bank,rest,,,,,109.5,147.8,1,0.3,0.272,0.028,1,38.75,0.145,0.134,17,ready,8
2026-10-08 17:00:43.221,761.26,20261008_164801,bank,rest,,,,,109.5,147.8,1,0.3,0.273,0.028,1,38.74,0.155,0.132,18,ready,8
2026-10-08 17:00:43.430,761.46,20261008_164801,bank,rest,,,,,109.5,147.8,1,0.307,0.273,0.033,1,38.74,0.174,0.147,19,ready,8
2026-10-08 17:00:43.630,761.66,20261008_164801,bank,rest,,,,,109.5,147.8,1,0.309,0.274,0.035,1,38.74,0.175,0.139,19,ready,8
2026-10-08 17:00:43.835,761.87,20261008_164801,bank,rest,,,,,108.1,142.9,1,0.308,0.274,0.034,1,38.74,0.163,0.133,20,ready,8
2026-10-08 17:00:44.044,762.08,20261008_164801,bank,rest,,,,,108.1,142.9,1,0.306,0.275,0.032,1,38.74,0.159,0.127,20,ready,8
2026-10-08 17:00:44.252,762.29,20261008_164801,bank,rest,,,,,108.1,145.4,1,0.306,0.275,0.031,1,38.74,0.148,0.116,20,ready,8
2026-10-08 17:00:44.456,762.49,20261008_164801,bank,rest,,,,,108.1,145.4,1,0.305,0.275,0.03,1,38.75,0.144,0.107,20,ready,8
2026-10-08 17:00:44.666,762.7,20261008_164801,bank,rest,,,,,108.1,141.0,1,0.305,0.276,0.029,1,38.75,0.136,0.098,20,ready,8
2026-10-08 17:00:44.889,762.92,20261008_164801,bank,rest,,,,,108.1,141.0,1,0.305,0.276,0.029,1,38.75,0.125,0.089,20,ready,8
2026-10-08 17:00:45.126,763.16,20261008_164801,bank,rest,,,,,108.1,141.0,1,0.305,0.276,0.029,1,38.75,0.115,0.082,20,ready,8
2026-10-08 17:00:45.292,763.33,20261008_164801,bank,rest,,,,,108.1,155.7,1,0.305,0.277,0.029,1,38.76,0.104,0.074,19,ready,8
2026-10-08 17:00:45.496,763.53,20261008_164801,bank,rest,,,,,108.1,155.7,1,0.306,0.277,0.029,1,38.76,0.096,0.068,19,ready,8
2026-10-08 17:00:45.700,763.73,20261008_164801,bank,rest,,,,,108.1,155.7,1,0.308,0.278,0.031,1,38.76,0.11,0.062,19,ready,8
2026-10-08 17:00:45.905,763.94,20261008_164801,bank,rest,,,,,108.1,155.7,1,0.312,0.278,0.034,1,38.77,0.15,0.067,20,ready,8
2026-10-08 17:00:46.113,764.15,20261008_164801,bank,rest,,,,,108.1,155.7,1,0.318,0.279,0.039,1,38.77,0.147,0.066,20,ready,8
2026-10-08 17:00:46.319,764.35,20261008_164801,bank,rest,,,,,108.1,155.7,1,0.32,0.279,0.041,1,38.77,0.143,0.064,20,ready,8
2026-10-08 17:00:46.523,764.56,20261008_164801,bank,rest,,,,,108.1,155.7,1,0.319,0.28,0.039,1,38.77,0.134,0.059,21,ready,8
2026-10-08 17:00:46.735,764.77,20261008_164801,bank,rest,,,,,108.1,155.7,1,0.318,0.28,0.038,1,38.77,0.128,0.055,21,ready,8
2026-10-08 17:00:46.937,764.97,20261008_164801,bank,rest,,,,,108.1,155.7,1,0.319,0.281,0.038,1,38.77,0.122,0.055,21,ready,8
2026-10-08 17:00:47.172,765.21,20261008_164801,bank,rest,,,,,108.1,155.7,1,0.321,0.281,0.04,1,38.77,0.114,0.051,21,ready,8
2026-10-08 17:00:47.350,765.38,20261008_164801,bank,rest,,,,,108.1,155.7,1,0.323,0.282,0.042,1,38.77,0.12,0.049,21,ready,8
2026-10-08 17:00:47.556,765.59,20261008_164801,bank,rest,,,,,,,1,0.324,0.282,0.042,1,38.77,0.128,0.052,21,ready,8
2026-10-08 17:00:47.762,765.8,20261008_164801,bank,rest,,,,,,,1,0.325,0.283,0.042,1,38.77,0.117,0.047,20,ready,8
2026-10-08 17:00:47.965,766.0,20261008_164801,bank,rest,,,,,,,1,0.328,0.283,0.044,1,38.77,0.109,0.044,20,ready,8
2026-10-08 17:00:48.176,766.21,20261008_164801,bank,rest,,,,,118.7,,1,0.328,0.284,0.044,1,38.77,0.104,0.042,21,ready,8
2026-10-08 17:00:48.383,766.42,20261008_164801,bank,rest,,,,,136.7,,1,0.33,0.285,0.045,1,38.78,0.11,0.05,22,ready,8
2026-10-08 17:00:48.585,766.62,20261008_164801,bank,rest,,,,,136.7,,1,0.331,0.286,0.045,1,38.78,0.107,0.046,23,ready,8
2026-10-08 17:00:48.790,766.82,20261008_164801,bank,rest,,,,,136.7,,1,0.326,0.286,0.04,1,38.78,0.102,0.043,24,ready,8
2026-10-08 17:00:48.998,767.03,20261008_164801,bank,rest,,,,,136.7,,1,0.323,0.287,0.036,1,38.78,0.099,0.04,24,ready,8
2026-10-08 17:00:49.201,767.23,20261008_164801,bank,rest,,,,,136.7,,1,0.323,0.287,0.035,1,38.79,0.103,0.042,25,ready,8
2026-10-08 17:00:49.402,767.44,20261008_164801,bank,rest,,,,,136.7,,1,0.321,0.288,0.033,1,38.76,0.1,0.041,25,ready,8
2026-10-08 17:00:49.907,767.94,20261008_164801,bank,rest,,,,,136.7,,1,0.322,0.288,0.034,1,38.76,0.094,0.037,25,ready,8
2026-10-08 17:00:49.908,767.94,20261008_164801,bank,rest,,,,,136.7,,1,0.32,0.289,0.031,1,38.74,0.088,0.036,25,ready,8
2026-10-08 17:00:50.020,768.05,20261008_164801,bank,rest,,,,,136.7,,1,0.319,0.289,0.029,1,38.74,0.09,0.034,25,ready,8
2026-10-08 17:00:50.225,768.26,20261008_164801,bank,rest,,,,,136.7,,1,0.318,0.29,0.028,1,38.72,0.092,0.038,25,ready,8
2026-10-08 17:00:50.431,768.46,20261008_164801,bank,rest,,,,,136.7,,1,0.322,0.29,0.032,1,38.73,0.131,0.039,25,ready,8
2026-10-08 17:00:50.636,768.67,20261008_164801,bank,rest,,,,,136.7,,1,0.322,0.29,0.032,1,38.71,0.141,0.045,26,ready,8
2026-10-08 17:00:50.840,768.87,20261008_164801,bank,rest,,,,,136.7,,1,0.321,0.291,0.031,1,38.72,0.165,0.062,27,ready,8
2026-10-08 17:00:51.047,769.08,20261008_164801,bank,rest,,,,,136.7,,1,0.324,0.291,0.033,1,38.73,0.153,0.057,28,ready,8
2026-10-08 17:00:51.264,769.3,20261008_164801,bank,rest,,,,,136.7,,1,0.325,0.292,0.033,1,38.74,0.166,0.075,28,ready,8
2026-10-08 17:00:51.456,769.49,20261008_164801,bank,rest,,,,,136.7,,1,0.328,0.292,0.036,1,38.75,0.338,0.178,30,ready,8
2026-10-08 17:00:51.661,769.69,20261008_164801,bank,rest,,,,,136.7,,1,0.331,0.293,0.039,1,38.75,0.609,0.297,31,ready,8
2026-10-08 17:00:51.865,769.9,20261008_164801,bank,rest,,,,,131.7,,1,0.331,0.293,0.038,1,38.75,0.695,0.375,32,ready,8
2026-10-08 17:00:52.071,770.1,20261008_164801,bank,rest,,,,,131.7,,1,0.334,0.294,0.04,1,38.76,0.671,0.372,33,ready,8
2026-10-08 17:00:52.282,770.32,20261008_164801,bank,rest,,,,,131.7,,1,0.335,0.294,0.041,1,38.76,0.638,0.373,34,ready,8
2026-10-08 17:00:52.485,770.52,20261008_164801,bank,rest,,,,,131.7,,1,0.335,0.295,0.041,1,38.77,0.579,0.346,34,ready,8
2026-10-08 17:00:52.693,770.73,20261008_164801,bank,rest,,,,,136.7,,1,0.335,0.295,0.04,1,38.77,0.527,0.315,35,ready,8
2026-10-08 17:00:52.902,770.94,20261008_164801,bank,rest,,,,,136.7,,1,0.335,0.296,0.04,1,38.77,0.483,0.288,36,ready,8
2026-10-08 17:00:53.106,771.14,20261008_164801,bank,rest,,,,,136.7,,1,0.335,0.296,0.039,1,38.77,0.439,0.261,36,ready,8
2026-10-08 17:00:53.303,771.34,20261008_164801,bank,rest,,,,,136.7,,1,0.335,0.297,0.038,1,38.78,0.402,0.246,37,ready,8
2026-10-08 17:00:53.539,771.57,20261008_164801,bank,rest,,,,,136.7,,1,0.336,0.297,0.038,1,38.78,0.38,0.248,37,ready,8
2026-10-08 17:00:53.721,771.75,20261008_164801,bank,rest,,,,,136.7,,1,0.336,0.298,0.038,1,38.78,0.386,0.294,37,ready,8
2026-10-08 17:00:53.928,771.96,20261008_164801,bank,rest,,,,,136.7,,1,0.336,0.298,0.038,1,38.78,0.363,0.288,38,ready,8
2026-10-08 17:00:54.133,772.17,20261008_164801,bank,rest,,,,,136.7,,1,0.337,0.299,0.038,1,38.79,0.33,0.262,38,ready,8
2026-10-08 17:00:54.352,772.39,20261008_164801,bank,rest,,,,,136.7,,1,0.336,0.299,0.037,1,38.78,0.3,0.238,38,ready,8
2026-10-08 17:00:54.547,772.58,20261008_164801,bank,rest,,,,,136.7,,1,0.337,0.3,0.037,1,38.78,0.277,0.217,38,ready,8
2026-10-08 17:00:54.751,772.78,20261008_164801,bank,rest,,,,,136.7,,1,0.337,0.3,0.037,1,38.78,0.251,0.196,38,ready,8
2026-10-08 17:00:54.966,773.0,20261008_164801,bank,rest,,,,,136.7,,1,0.337,0.301,0.036,1,38.79,0.228,0.178,38,ready,8
2026-10-08 17:00:55.170,773.2,20261008_164801,bank,recovery,31,630,manual,truth,136.7,,1,0.337,0.301,0.035,1,38.79,0.207,0.161,38,ready,8
2026-10-08 17:00:55.380,773.41,20261008_164801,bank,question,31,630,manual,truth,136.7,,1,0.337,0.302,0.035,1,38.8,0.189,0.146,38,question,8
2026-10-08 17:00:55.583,773.62,20261008_164801,bank,question,31,630,manual,truth,,,1,0.337,0.303,0.034,1,38.78,0.155,0.12,35,question,8
2026-10-08 17:00:55.787,773.82,20261008_164801,bank,question,31,630,manual,truth,,,1,0.337,0.303,0.034,1,38.79,0.141,0.109,33,question,8
2026-10-08 17:00:55.990,774.02,20261008_164801,bank,question,31,630,manual,truth,,,1,0.337,0.304,0.034,1,38.8,0.128,0.098,31,question,8
2026-10-08 17:00:56.199,774.23,20261008_164801,bank,question,31,630,manual,truth,,,1,0.337,0.304,0.033,1,38.81,0.117,0.089,30,question,8
2026-10-08 17:00:56.404,774.44,20261008_164801,bank,question,31,630,manual,truth,,,1,0.337,0.304,0.033,1,38.81,0.106,0.081,28,question,8
2026-10-08 17:00:56.617,774.65,20261008_164801,bank,question,31,630,manual,truth,,,1,0.337,0.305,0.032,1,38.81,0.096,0.074,27,question,8
2026-10-08 17:00:56.833,774.87,20261008_164801,bank,question,31,630,manual,truth,,,1,0.334,0.305,0.029,1,38.81,0.088,0.067,26,question,8
2026-10-08 17:00:57.037,775.07,20261008_164801,bank,question,31,630,manual,truth,127.1,,1,0.336,0.306,0.03,1,38.81,0.082,0.062,25,question,8
2026-10-08 17:00:57.241,775.27,20261008_164801,bank,question,31,630,manual,truth,127.1,,1,0.337,0.306,0.031,1,38.81,0.084,0.06,25,question,8
2026-10-08 17:00:57.432,775.47,20261008_164801,bank,question,31,630,manual,truth,127.1,,1,0.338,0.307,0.031,1,38.81,0.082,0.055,25,question,8
2026-10-08 17:00:57.998,776.03,20261008_164801,bank,question,31,630,manual,truth,127.1,,1,0.338,0.307,0.031,1,38.81,0.084,0.053,25,question,8
2026-10-08 17:00:57.999,776.03,20261008_164801,bank,question,31,630,manual,truth,127.1,,1,0.338,0.307,0.031,1,38.82,0.079,0.049,25,question,8
2026-10-08 17:00:58.069,776.1,20261008_164801,bank,question,31,630,manual,truth,127.1,,1,0.338,0.308,0.031,1,38.82,0.075,0.046,25,question,8
2026-10-08 17:00:58.259,776.29,20261008_164801,bank,question,31,630,manual,truth,127.1,,1,0.339,0.308,0.03,1,38.82,0.069,0.042,25,question,8
2026-10-08 17:00:58.560,776.59,20261008_164801,bank,question,31,630,manual,truth,127.1,,1,0.339,0.309,0.03,1,38.82,0.095,0.046,25,question,8
2026-10-08 17:00:58.665,776.7,20261008_164801,bank,question,31,630,manual,truth,127.1,,1,0.339,0.309,0.03,1,38.83,0.117,0.085,26,question,8
2026-10-08 17:00:58.871,776.9,20261008_164801,bank,question,31,630,manual,truth,112.0,,1,0.339,0.309,0.03,1,38.83,0.113,0.088,26,question,8
2026-10-08 17:00:59.087,777.12,20261008_164801,bank,question,31,630,manual,truth,112.0,,1,0.339,0.31,0.03,1,38.84,0.104,0.08,25,question,8
2026-10-08 17:00:59.286,777.32,20261008_164801,bank,question,31,630,manual,truth,112.0,,1,0.339,0.31,0.029,1,38.84,0.094,0.073,25,question,8
2026-10-08 17:00:59.495,777.53,20261008_164801,bank,question,31,630,manual,truth,107.5,171.6,1,0.339,0.311,0.029,1,38.84,0.086,0.066,24,question,8
2026-10-08 17:00:59.699,777.73,20261008_164801,bank,question,31,630,manual,truth,107.5,171.6,1,0.34,0.311,0.029,1,38.85,0.084,0.065,24,question,8
2026-10-08 17:00:59.902,777.94,20261008_164801,bank,question,31,630,manual,truth,107.5,171.6,1,0.34,0.311,0.029,1,38.85,0.093,0.066,24,question,8
2026-10-08 17:01:00.122,778.16,20261008_164801,bank,question,31,630,manual,truth,107.5,171.6,1,0.34,0.312,0.029,1,38.85,0.088,0.071,23,question,8
2026-10-08 17:01:00.321,778.35,20261008_164801,bank,question,31,630,manual,truth,102.8,159.1,1,0.341,0.312,0.028,1,38.82,0.096,0.077,23,question,8
2026-10-08 17:01:00.540,778.57,20261008_164801,bank,question,31,630,manual,truth,102.8,159.1,1,0.341,0.312,0.029,1,38.82,0.095,0.076,23,question,8
2026-10-08 17:01:00.737,778.77,20261008_164801,bank,question,31,630,manual,truth,102.8,166.1,1,0.341,0.313,0.029,1,38.83,0.189,0.103,24,question,8
2026-10-08 17:01:01.259,779.29,20261008_164801,bank,question,31,630,manual,truth,102.8,166.1,1,0.344,0.313,0.031,1,38.83,0.211,0.104,25,question,8
2026-10-08 17:01:01.260,779.29,20261008_164801,bank,question,31,630,manual,truth,102.8,166.1,1,0.346,0.314,0.032,1,38.83,0.232,0.098,26,question,8
2026-10-08 17:01:02.041,780.07,20261008_164801,bank,question,31,630,manual,truth,102.8,166.1,1,0.346,0.315,0.031,1,38.83,0.21,0.12,28,question,9
2026-10-08 17:01:02.069,780.1,20261008_164801,bank,question,31,630,manual,truth,102.8,166.1,1,0.346,0.315,0.031,1,38.83,0.189,0.102,28,question,9
2026-10-08 17:01:02.244,780.28,20261008_164801,bank,question,31,630,manual,truth,102.8,166.1,1,0.347,0.316,0.031,1,38.84,0.182,0.113,28,question,9
2026-10-08 17:01:02.396,780.43,20261008_164801,bank,question,31,630,manual,truth,,,1,0.348,0.317,0.031,1,38.85,0.176,0.109,29,question,9
2026-10-08 17:01:02.650,780.68,20261008_164801,bank,question,31,630,manual,truth,,,1,0.347,0.317,0.03,1,38.85,0.163,0.1,29,question,9
2026-10-08 17:01:02.860,780.89,20261008_164801,bank,question,31,630,manual,truth,84.9,,1,0.347,0.317,0.029,1,38.85,0.153,0.092,27,question,9
2026-10-08 17:01:03.004,781.04,20261008_164801,bank,question,31,630,manual,truth,84.9,,1,0.347,0.318,0.029,1,38.85,0.141,0.083,26,question,9
2026-10-08 17:01:03.210,781.24,20261008_164801,bank,question,31,630,manual,truth,84.9,,1,0.347,0.318,0.029,1,38.85,0.129,0.075,25,question,9
2026-10-08 17:01:03.421,781.45,20261008_164801,bank,question,31,630,manual,truth,84.9,,1,0.347,0.319,0.029,1,38.85,0.12,0.069,24,question,9
2026-10-08 17:01:03.629,781.66,20261008_164801,bank,question,31,630,manual,truth,68.0,,1,0.347,0.319,0.028,1,38.86,0.112,0.064,23,question,9
2026-10-08 17:01:03.868,781.9,20261008_164801,bank,question,31,630,manual,truth,68.0,,1,0.347,0.319,0.028,1,38.86,0.106,0.064,22,question,9
2026-10-08 17:01:04.039,782.07,20261008_164801,bank,question,31,630,manual,truth,68.0,,1,0.348,0.32,0.028,1,38.86,0.103,0.062,21,question,9
2026-10-08 17:01:04.244,782.28,20261008_164801,bank,question,31,630,manual,truth,68.0,,1,0.348,0.32,0.028,1,38.86,0.095,0.056,20,question,9
2026-10-08 17:01:04.486,782.52,20261008_164801,bank,question,31,630,manual,truth,79.9,,1,0.349,0.32,0.028,1,38.87,0.088,0.052,20,question,9
2026-10-08 17:01:04.651,782.68,20261008_164801,bank,question,31,630,manual,truth,79.9,,1,0.349,0.321,0.028,1,38.84,0.082,0.048,19,question,9
2026-10-08 17:01:04.858,782.89,20261008_164801,bank,question,31,630,manual,truth,79.9,,1,0.348,0.321,0.027,1,38.84,0.081,0.049,19,question,9
2026-10-08 17:01:05.371,783.4,20261008_164801,bank,question,31,630,manual,truth,79.9,,1,0.348,0.322,0.026,1,38.84,0.083,0.054,19,question,9
2026-10-08 17:01:05.372,783.41,20261008_164801,bank,question,31,630,manual,truth,79.9,,1,0.348,0.322,0.026,1,38.85,0.08,0.059,18,question,9
2026-10-08 17:01:05.478,783.51,20261008_164801,bank,question,31,630,manual,truth,79.9,,1,0.348,0.322,0.026,1,38.85,0.076,0.061,18,question,9
2026-10-08 17:01:05.672,783.71,20261008_164801,bank,question,31,630,manual,truth,79.9,,1,0.347,0.323,0.025,1,38.85,0.086,0.059,18,question,9
2026-10-08 17:01:05.881,783.91,20261008_164801,bank,question,31,630,manual,truth,79.9,,1,0.348,0.323,0.025,1,38.85,0.096,0.068,18,question,9
2026-10-08 17:01:06.479,784.51,20261008_164801,bank,question,31,630,manual,truth,79.9,,1,0.348,0.323,0.025,1,38.85,0.104,0.078,18,question,9
2026-10-08 17:01:06.479,784.51,20261008_164801,bank,question,31,630,manual,truth,79.9,,1,0.348,0.324,0.024,1,38.85,0.103,0.084,18,question,9
2026-10-08 17:01:06.505,784.54,20261008_164801,bank,question,31,630,manual,truth,79.9,,1,0.348,0.324,0.024,1,38.85,0.107,0.102,18,question,9
2026-10-08 17:01:06.850,784.88,20261008_164801,bank,question,31,630,manual,truth,96.9,,1,0.347,0.324,0.023,1,38.86,0.106,0.103,19,question,9
2026-10-08 17:01:06.911,784.94,20261008_164801,bank,question,31,630,manual,truth,96.9,,1,0.346,0.324,0.022,1,38.85,0.102,0.1,19,question,9
2026-10-08 17:01:07.122,785.16,20261008_164801,bank,recovery,31,630,manual,truth,96.9,,1,0.346,0.325,0.021,1,38.84,0.1,0.092,20,ready,8
2026-10-08 17:01:07.325,785.36,20261008_164801,bank,recovery,31,630,manual,truth,96.9,,1,0.346,0.325,0.021,1,38.84,0.108,0.105,20,ready,8
2026-10-08 17:01:07.556,785.59,20261008_164801,bank,recovery,31,630,manual,truth,96.9,,1,0.345,0.325,0.02,1,38.84,0.104,0.103,20,ready,9
2026-10-08 17:01:07.734,785.77,20261008_164801,bank,recovery,31,630,manual,truth,96.9,,1,0.345,0.326,0.02,1,38.85,0.107,0.108,21,ready,8
2026-10-08 17:01:07.974,786.01,20261008_164801,bank,recovery,31,630,manual,truth,96.9,,1,0.345,0.326,0.019,1,38.85,0.125,0.104,21,ready,8
2026-10-08 17:01:08.174,786.21,20261008_164801,bank,recovery,31,630,manual,truth,96.9,,1,0.344,0.326,0.018,1,38.85,0.147,0.114,22,ready,8
2026-10-08 17:01:08.353,786.39,20261008_164801,bank,recovery,31,630,manual,truth,96.9,,1,0.343,0.326,0.017,1,38.86,0.249,0.242,23,ready,8
2026-10-08 17:01:08.566,786.6,20261008_164801,bank,recovery,31,630,manual,truth,107.8,,1,0.334,0.326,0.007,1,38.86,0.342,0.261,24,ready,8
2026-10-08 17:01:08.766,786.8,20261008_164801,bank,recovery,31,630,manual,truth,107.8,,1,0.322,0.326,-0.005,1,38.87,0.337,0.269,25,ready,9
2026-10-08 17:01:09.321,787.35,20261008_164801,bank,recovery,31,630,manual,truth,107.8,,1,0.316,0.326,-0.011,1,38.88,0.322,0.276,26,ready,9
2026-10-08 17:01:09.321,787.35,20261008_164801,bank,recovery,31,630,manual,truth,107.8,,1,0.311,0.326,-0.015,1,38.88,0.306,0.278,26,ready,9
2026-10-08 17:01:09.381,787.41,20261008_164801,bank,recovery,31,630,manual,truth,107.8,,1,0.305,0.326,-0.021,1,38.89,0.286,0.28,26,ready,9
2026-10-08 17:01:09.580,787.61,20261008_164801,bank,recovery,31,630,manual,truth,107.8,,1,0.301,0.326,-0.025,1,38.89,0.265,0.257,26,ready,9
2026-10-08 17:01:10.198,788.23,20261008_164801,bank,rest,,,,,107.8,,1,0.294,0.325,-0.031,1,38.89,0.247,0.238,26,ready,9
2026-10-08 17:01:10.239,788.27,20261008_164801,bank,rest,,,,,107.8,,1,0.293,0.324,-0.031,1,38.91,0.192,0.18,25,ready,8
2026-10-08 17:01:10.401,788.43,20261008_164801,bank,rest,,,,,108.5,330.0,1,0.294,0.324,-0.029,1,38.91,0.174,0.163,25,ready,9
2026-10-08 17:01:10.626,788.66,20261008_164801,bank,rest,,,,,108.5,330.0,1,0.295,0.323,-0.028,1,38.89,0.158,0.149,24,ready,8
2026-10-08 17:01:10.815,788.85,20261008_164801,bank,rest,,,,,108.5,330.0,1,0.296,0.323,-0.027,1,38.9,0.144,0.135,23,ready,8
2026-10-08 17:01:11.031,789.06,20261008_164801,bank,rest,,,,,108.5,330.0,1,0.298,0.322,-0.024,1,38.91,0.133,0.129,23,ready,8
2026-10-08 17:01:11.233,789.27,20261008_164801,bank,rest,,,,,108.5,330.0,1,0.3,0.322,-0.022,1,38.91,0.121,0.119,22,ready,9
2026-10-08 17:01:11.442,789.48,20261008_164801,bank,rest,,,,,108.5,330.0,1,0.301,0.322,-0.021,1,38.92,0.116,0.111,22,ready,9
2026-10-08 17:01:11.763,789.8,20261008_164801,bank,rest,,,,,108.5,330.0,1,0.3,0.322,-0.021,1,38.92,0.11,0.109,21,ready,9
2026-10-08 17:01:11.859,789.89,20261008_164801,bank,rest,,,,,108.5,330.0,1,0.3,0.321,-0.021,1,38.93,0.116,0.106,21,ready,9
2026-10-08 17:01:12.054,790.09,20261008_164801,bank,rest,,,,,116.0,330.0,1,0.3,0.321,-0.021,1,38.93,0.141,0.108,21,ready,9
2026-10-08 17:01:12.270,790.3,20261008_164801,bank,rest,,,,,116.0,330.0,1,0.301,0.321,-0.02,1,38.94,0.222,0.108,22,ready,9
2026-10-08 17:01:12.488,790.52,20261008_164801,bank,rest,,,,,116.0,330.0,1,0.302,0.32,-0.019,1,38.94,0.227,0.15,23,ready,9
2026-10-08 17:01:12.679,790.71,20261008_164801,bank,rest,,,,,116.0,330.0,1,0.302,0.32,-0.018,1,38.95,0.227,0.17,24,ready,9
2026-10-08 17:01:12.890,790.92,20261008_164801,bank,rest,,,,,116.0,330.0,1,0.302,0.32,-0.018,1,38.95,0.231,0.164,25,ready,9
2026-10-08 17:01:13.085,791.12,20261008_164801,bank,rest,,,,,116.0,330.0,1,0.301,0.32,-0.018,1,38.95,0.277,0.216,26,ready,9
2026-10-08 17:01:13.300,791.33,20261008_164801,bank,rest,,,,,116.0,330.0,1,0.302,0.32,-0.018,1,38.95,0.272,0.201,26,ready,9
2026-10-08 17:01:13.501,791.53,20261008_164801,bank,rest,,,,,116.0,330.0,1,0.303,0.319,-0.017,1,38.95,0.25,0.183,26,ready,9
2026-10-08 17:01:13.705,791.74,20261008_164801,bank,rest,,,,,116.0,330.0,1,0.303,0.319,-0.016,1,38.96,0.233,0.167,27,ready,9
2026-10-08 17:01:13.914,791.95,20261008_164801,bank,rest,,,,,116.0,330.0,1,0.3,0.319,-0.018,1,38.95,0.213,0.151,27,ready,9
2026-10-08 17:01:14.125,792.16,20261008_164801,bank,rest,,,,,116.0,330.0,1,0.299,0.319,-0.02,1,38.95,0.194,0.137,27,ready,9
2026-10-08 17:01:14.329,792.36,20261008_164801,bank,rest,,,,,116.0,330.0,1,0.3,0.318,-0.019,1,38.95,0.177,0.125,26,ready,9
2026-10-08 17:01:14.532,792.57,20261008_164801,bank,rest,,,,,116.0,330.0,1,0.3,0.318,-0.018,1,38.96,0.161,0.114,26,ready,9
2026-10-08 17:01:14.739,792.77,20261008_164801,bank,rest,,,,,116.0,330.0,1,0.3,0.318,-0.018,1,38.95,0.147,0.105,25,ready,9
2026-10-08 17:01:15.361,793.39,20261008_164801,bank,rest,,,,,116.0,330.0,1,0.3,0.318,-0.017,1,38.96,0.134,0.096,25,ready,9
2026-10-08 17:01:15.361,793.39,20261008_164801,bank,rest,,,,,116.0,330.0,1,0.3,0.317,-0.018,1,38.96,0.129,0.09,24,ready,9
2026-10-08 17:01:15.362,793.4,20261008_164801,bank,rest,,,,,116.0,330.0,1,0.297,0.317,-0.02,1,38.96,0.12,0.086,23,ready,9
2026-10-08 17:01:15.571,793.6,20261008_164801,bank,rest,,,,,116.0,330.0,1,0.291,0.317,-0.026,1,38.96,0.111,0.081,23,ready,9
2026-10-08 17:01:15.779,793.81,20261008_164801,bank,rest,,,,,116.0,330.0,1,0.282,0.316,-0.034,1,38.96,0.102,0.075,22,ready,9
2026-10-08 17:01:15.984,794.02,20261008_164801,bank,rest,,,,,116.0,330.0,1,0.277,0.316,-0.039,1,38.96,0.094,0.069,21,ready,9
2026-10-08 17:01:16.189,794.22,20261008_164801,bank,rest,,,,,116.0,330.0,1,0.274,0.315,-0.041,1,38.96,0.085,0.062,20,ready,9
2026-10-08 17:01:16.406,794.44,20261008_164801,bank,rest,,,,,108.8,330.0,1,0.271,0.315,-0.044,1,38.96,0.078,0.057,19,ready,9
2026-10-08 17:01:16.608,794.64,20261008_164801,bank,rest,,,,,108.8,330.0,1,0.27,0.314,-0.044,1,38.96,0.071,0.052,18,ready,9
2026-10-08 17:01:16.799,794.83,20261008_164801,bank,rest,,,,,108.8,330.0,1,0.27,0.314,-0.043,1,38.96,0.066,0.047,17,ready,9
2026-10-08 17:01:16.999,795.03,20261008_164801,bank,rest,,,,,108.8,330.0,1,0.27,0.313,-0.043,1,38.96,0.061,0.043,17,ready,9
2026-10-08 17:01:17.199,795.23,20261008_164801,bank,rest,,,,,108.8,330.0,1,0.273,0.312,-0.039,1,38.96,0.056,0.039,16,ready,9
2026-10-08 17:01:17.402,795.44,20261008_164801,bank,rest,,,,,108.8,330.0,1,0.275,0.312,-0.037,1,38.97,0.051,0.036,16,ready,9
2026-10-08 17:01:17.599,795.63,20261008_164801,bank,rest,,,,,108.8,330.0,1,0.276,0.311,-0.036,1,38.97,0.047,0.033,15,ready,9
2026-10-08 17:01:17.805,795.84,20261008_164801,bank,rest,,,,,108.8,330.0,1,0.276,0.311,-0.035,1,38.97,0.054,0.03,15,ready,9
2026-10-08 17:01:18.015,796.05,20261008_164801,bank,rest,,,,,108.3,,1,0.283,0.31,-0.027,1,38.97,0.11,0.06,15,ready,9
2026-10-08 17:01:18.220,796.25,20261008_164801,bank,rest,,,,,108.3,,1,0.291,0.31,-0.019,1,38.94,0.113,0.072,16,ready,9
2026-10-08 17:01:18.430,796.46,20261008_164801,bank,rest,,,,,108.3,,1,0.295,0.31,-0.014,1,38.95,0.108,0.068,16,ready,9
2026-10-08 17:01:18.636,796.67,20261008_164801,bank,rest,,,,,108.3,,1,0.298,0.309,-0.011,1,38.95,0.099,0.062,17,ready,9
2026-10-08 17:01:18.840,796.87,20261008_164801,bank,rest,,,,,108.3,,1,0.3,0.309,-0.009,1,38.96,0.091,0.057,17,ready,9
2026-10-08 17:01:19.046,797.08,20261008_164801,bank,rest,,,,,108.3,,1,0.301,0.309,-0.008,1,38.96,0.085,0.052,17,ready,9
2026-10-08 17:01:19.252,797.29,20261008_164801,bank,rest,,,,,108.3,,1,0.302,0.309,-0.007,1,38.96,0.078,0.047,17,ready,9
2026-10-08 17:01:19.456,797.49,20261008_164801,bank,rest,,,,,108.3,,1,0.302,0.309,-0.007,1,38.96,0.072,0.043,17,ready,9
2026-10-08 17:01:19.663,797.7,20261008_164801,bank,rest,,,,,108.3,,1,0.303,0.309,-0.006,1,38.97,0.066,0.04,17,ready,9
2026-10-08 17:01:19.866,797.9,20261008_164801,bank,rest,,,,,108.3,,1,0.303,0.309,-0.006,1,38.97,0.061,0.036,17,ready,9
2026-10-08 17:01:20.070,798.1,20261008_164801,bank,rest,,,,,108.3,,1,0.303,0.309,-0.005,1,38.97,0.056,0.033,17,ready,9
2026-10-08 17:01:20.277,798.31,20261008_164801,bank,rest,,,,,108.3,,1,0.304,0.309,-0.005,1,38.97,0.055,0.031,17,ready,9
2026-10-08 17:01:20.486,798.52,20261008_164801,bank,rest,,,,,108.3,,1,0.304,0.309,-0.005,1,38.97,0.055,0.029,17,ready,9
2026-10-08 17:01:20.690,798.72,20261008_164801,bank,rest,,,,,108.3,,1,0.304,0.309,-0.005,1,38.97,0.054,0.028,17,ready,9
2026-10-08 17:01:21.400,799.43,20261008_164801,bank,rest,,,,,108.3,,1,0.304,0.309,-0.005,1,38.97,0.054,0.026,17,ready,9
2026-10-08 17:01:21.401,799.43,20261008_164801,bank,rest,,,,,108.3,,1,0.304,0.308,-0.005,1,38.97,0.051,0.026,17,ready,9
2026-10-08 17:01:21.401,799.44,20261008_164801,bank,rest,,,,,108.3,,1,0.304,0.308,-0.005,1,38.97,0.054,0.025,17,ready,9
2026-10-08 17:01:21.518,799.55,20261008_164801,bank,rest,,,,,108.3,,1,0.304,0.308,-0.005,1,38.95,0.056,0.024,17,ready,9
2026-10-08 17:01:21.733,799.77,20261008_164801,bank,rest,,,,,108.3,,1,0.304,0.308,-0.004,1,38.96,0.069,0.028,17,ready,9
2026-10-08 17:01:22.297,800.33,20261008_164801,bank,rest,,,,,108.3,,1,0.305,0.308,-0.003,1,38.96,0.068,0.035,17,ready,9
2026-10-08 17:01:22.299,800.33,20261008_164801,bank,rest,,,,,108.3,,1,0.306,0.308,-0.002,1,38.96,0.064,0.033,17,ready,9
2026-10-08 17:01:22.344,800.38,20261008_164801,bank,rest,,,,,108.3,,1,0.307,0.308,-0.001,1,38.97,0.059,0.031,18,ready,9
2026-10-08 17:01:22.554,800.59,20261008_164801,bank,rest,,,,,108.3,,1,0.307,0.308,-0.001,1,38.97,0.058,0.031,18,ready,9
2026-10-08 17:01:22.759,800.79,20261008_164801,bank,rest,,,,,108.3,,1,0.309,0.308,0.001,1,38.97,0.054,0.029,18,ready,8
2026-10-08 17:01:23.014,801.05,20261008_164801,bank,rest,,,,,108.8,,1,0.313,0.308,0.004,1,38.97,0.049,0.026,18,ready,8
2026-10-08 17:01:23.167,801.2,20261008_164801,bank,rest,,,,,108.8,,1,0.315,0.308,0.007,1,38.97,0.044,0.024,18,ready,8
2026-10-08 17:01:23.373,801.41,20261008_164801,bank,rest,,,,,108.8,,1,0.318,0.308,0.009,1,38.97,0.041,0.021,18,ready,8
2026-10-08 17:01:23.582,801.62,20261008_164801,bank,recovery,32,631,manual,lie,116.7,129.3,1,0.32,0.309,0.012,1,38.97,0.038,0.019,18,ready,8
2026-10-08 17:01:23.785,801.82,20261008_164801,bank,question,32,631,manual,lie,116.7,129.3,1,0.323,0.309,0.015,1,38.98,0.035,0.018,18,question,8
2026-10-08 17:01:23.991,802.02,20261008_164801,bank,question,32,631,manual,lie,119.4,122.8,1,0.324,0.309,0.015,1,38.98,0.032,0.016,19,question,9
2026-10-08 17:01:24.242,802.28,20261008_164801,bank,question,32,631,manual,lie,119.4,122.8,1,0.325,0.309,0.016,1,38.98,0.03,0.015,19,question,9
2026-10-08 17:01:24.402,802.44,20261008_164801,bank,question,32,631,manual,lie,119.4,122.8,1,0.329,0.31,0.019,1,38.97,0.026,0.012,19,question,9
2026-10-08 17:01:24.607,802.64,20261008_164801,bank,question,32,631,manual,lie,119.4,122.8,1,0.328,0.31,0.018,1,38.98,0.024,0.012,20,question,9
2026-10-08 17:01:24.826,802.86,20261008_164801,bank,question,32,631,manual,lie,119.4,122.8,1,0.33,0.31,0.02,1,38.98,0.022,0.011,20,question,9
2026-10-08 17:01:25.031,803.06,20261008_164801,bank,question,32,631,manual,lie,119.4,122.8,1,0.33,0.31,0.019,1,38.98,0.021,0.01,20,question,9
2026-10-08 17:01:25.221,803.25,20261008_164801,bank,question,32,631,manual,lie,116.7,123.7,1,0.331,0.311,0.02,1,38.98,0.02,0.009,20,question,9
2026-10-08 17:01:25.425,803.46,20261008_164801,bank,question,32,631,manual,lie,116.7,123.7,1,0.33,0.311,0.019,1,38.98,0.019,0.008,20,question,9
2026-10-08 17:01:25.629,803.66,20261008_164801,bank,question,32,631,manual,lie,116.7,123.7,1,0.331,0.311,0.02,1,38.98,0.018,0.008,20,question,9
2026-10-08 17:01:25.835,803.87,20261008_164801,bank,question,32,631,manual,lie,116.7,123.7,1,0.332,0.312,0.021,1,38.98,0.016,0.007,20,question,9
2026-10-08 17:01:26.039,804.07,20261008_164801,bank,question,32,631,manual,lie,116.7,123.7,1,0.333,0.312,0.021,1,38.98,0.016,0.007,20,question,9
2026-10-08 17:01:26.245,804.28,20261008_164801,bank,question,32,631,manual,lie,116.7,123.7,1,0.332,0.312,0.02,1,38.98,0.017,0.007,20,question,9
2026-10-08 17:01:26.453,804.49,20261008_164801,bank,question,32,631,manual,lie,116.7,123.7,1,0.333,0.312,0.021,1,38.98,0.017,0.006,20,question,8
2026-10-08 17:01:26.666,804.7,20261008_164801,bank,question,32,631,manual,lie,116.7,123.7,1,0.334,0.313,0.021,1,38.95,0.017,0.006,20,question,9
2026-10-08 17:01:26.869,804.9,20261008_164801,bank,question,32,631,manual,lie,116.7,123.7,1,0.331,0.313,0.018,1,38.95,0.017,0.006,20,question,8
2026-10-08 17:01:27.072,805.11,20261008_164801,bank,question,32,631,manual,lie,116.7,123.7,1,0.332,0.313,0.019,1,38.95,0.016,0.006,20,question,9
2026-10-08 17:01:27.303,805.34,20261008_164801,bank,question,32,631,manual,lie,116.7,123.7,1,0.333,0.313,0.019,1,38.95,0.015,0.005,20,question,9
2026-10-08 17:01:27.484,805.52,20261008_164801,bank,question,32,631,manual,lie,116.7,123.7,1,0.333,0.314,0.02,1,38.95,0.015,0.005,20,question,8
2026-10-08 17:01:27.688,805.72,20261008_164801,bank,question,32,631,manual,lie,116.7,123.7,1,0.334,0.314,0.02,1,38.95,0.017,0.005,20,question,8
2026-10-08 17:01:27.893,805.93,20261008_164801,bank,question,32,631,manual,lie,116.7,123.7,1,0.335,0.314,0.021,1,38.95,0.019,0.005,20,question,8
2026-10-08 17:01:28.108,806.14,20261008_164801,bank,question,32,631,manual,lie,116.7,123.7,1,0.336,0.314,0.021,1,38.96,0.021,0.006,20,question,8
2026-10-08 17:01:28.299,806.33,20261008_164801,bank,question,32,631,manual,lie,116.7,123.7,1,0.336,0.315,0.022,1,38.96,0.021,0.005,20,question,9
2026-10-08 17:01:28.506,806.54,20261008_164801,bank,question,32,631,manual,lie,108.8,123.7,1,0.337,0.315,0.022,1,38.96,0.021,0.005,20,question,9
2026-10-08 17:01:28.746,806.78,20261008_164801,bank,question,32,631,manual,lie,108.8,123.7,1,0.338,0.315,0.022,1,38.97,0.02,0.005,20,question,9
2026-10-08 17:01:28.919,806.95,20261008_164801,bank,question,32,631,manual,lie,108.8,123.7,1,0.338,0.316,0.022,1,38.96,0.018,0.004,19,question,9
2026-10-08 17:01:29.126,807.16,20261008_164801,bank,question,32,631,manual,lie,108.8,123.7,1,0.338,0.316,0.022,1,38.96,0.018,0.005,19,question,9
2026-10-08 17:01:29.331,807.36,20261008_164801,bank,question,32,631,manual,lie,108.8,123.7,1,0.338,0.316,0.022,1,38.96,0.018,0.005,19,question,9
2026-10-08 17:01:29.551,807.58,20261008_164801,bank,question,32,631,manual,lie,108.8,123.7,1,0.338,0.317,0.022,1,38.97,0.019,0.004,19,question,9
2026-10-08 17:01:29.745,807.78,20261008_164801,bank,question,32,631,manual,lie,108.8,123.7,1,0.339,0.317,0.022,1,38.97,0.018,0.005,19,question,9
2026-10-08 17:01:29.961,807.99,20261008_164801,bank,question,32,631,manual,lie,108.8,123.7,1,0.339,0.317,0.022,1,38.97,0.019,0.006,19,question,9
2026-10-08 17:01:30.178,808.21,20261008_164801,bank,question,32,631,manual,lie,108.8,123.7,1,0.339,0.317,0.022,1,38.97,0.02,0.006,19,question,9
2026-10-08 17:01:30.366,808.4,20261008_164801,bank,question,32,631,manual,lie,108.8,123.7,1,0.34,0.318,0.022,1,38.97,0.02,0.007,19,question,9
2026-10-08 17:01:30.575,808.61,20261008_164801,bank,question,32,631,manual,lie,108.8,123.7,1,0.34,0.318,0.022,1,38.97,0.021,0.007,19,question,9
2026-10-08 17:01:30.801,808.83,20261008_164801,bank,question,32,631,manual,lie,108.8,123.7,1,0.34,0.318,0.022,1,38.97,0.023,0.007,19,question,9
2026-10-08 17:01:30.998,809.03,20261008_164801,bank,question,32,631,manual,lie,,,1,0.34,0.319,0.022,1,38.98,0.022,0.007,19,question,9
2026-10-08 17:01:31.214,809.25,20261008_164801,bank,question,32,631,manual,lie,,,1,0.34,0.319,0.021,1,38.95,0.02,0.007,18,question,8
2026-10-08 17:01:31.401,809.43,20261008_164801,bank,question,32,631,manual,lie,,,1,0.34,0.319,0.021,1,38.95,0.022,0.006,18,question,8
2026-10-08 17:01:31.605,809.64,20261008_164801,bank,question,32,631,manual,lie,75.4,,1,0.34,0.319,0.02,1,38.95,0.021,0.006,17,question,9
2026-10-08 17:01:31.818,809.85,20261008_164801,bank,question,32,631,manual,lie,75.4,,1,0.34,0.32,0.02,1,38.95,0.021,0.008,17,question,9
2026-10-08 17:01:31.999,810.03,20261008_164801,bank,question,32,631,manual,lie,102.3,,1,0.34,0.32,0.02,1,38.96,0.02,0.008,17,question,9
2026-10-08 17:01:32.209,810.24,20261008_164801,bank,question,32,631,manual,lie,102.3,,1,0.34,0.32,0.02,1,38.96,0.02,0.007,17,question,9
2026-10-08 17:01:32.411,810.44,20261008_164801,bank,question,32,631,manual,lie,99.6,,1,0.34,0.321,0.019,1,38.97,0.021,0.009,17,question,9
2026-10-08 17:01:32.621,810.65,20261008_164801,bank,question,32,631,manual,lie,99.6,,1,0.34,0.321,0.019,1,38.97,0.021,0.009,17,question,9
2026-10-08 17:01:32.827,810.86,20261008_164801,bank,question,32,631,manual,lie,99.6,,1,0.34,0.321,0.018,1,38.97,0.022,0.011,18,question,9
2026-10-08 17:01:33.151,811.18,20261008_164801,bank,question,32,631,manual,lie,99.6,,1,0.34,0.322,0.018,1,38.97,0.023,0.013,18,question,9
2026-10-08 17:01:33.234,811.27,20261008_164801,bank,question,32,631,manual,lie,99.6,,1,0.34,0.322,0.018,1,38.98,0.024,0.014,18,question,9
2026-10-08 17:01:33.433,811.47,20261008_164801,bank,question,32,631,manual,lie,99.6,,1,0.34,0.322,0.018,1,38.98,0.022,0.013,18,question,9
2026-10-08 17:01:33.637,811.67,20261008_164801,bank,question,32,631,manual,lie,99.6,,1,0.34,0.322,0.017,1,38.98,0.021,0.012,18,question,9
2026-10-08 17:01:33.851,811.88,20261008_164801,bank,question,32,631,manual,lie,99.6,,1,0.339,0.322,0.017,1,38.98,0.02,0.011,18,question,9
2026-10-08 17:01:34.054,812.09,20261008_164801,bank,question,32,631,manual,lie,99.6,,1,0.339,0.323,0.016,1,38.98,0.02,0.011,18,question,9
2026-10-08 17:01:34.253,812.29,20261008_164801,bank,question,32,631,manual,lie,99.6,,1,0.339,0.323,0.016,1,38.97,0.019,0.011,18,question,9
2026-10-08 17:01:34.457,812.49,20261008_164801,bank,question,32,631,manual,lie,99.6,,1,0.34,0.323,0.017,1,38.97,0.021,0.011,18,question,9
2026-10-08 17:01:34.661,812.69,20261008_164801,bank,question,32,631,manual,lie,99.6,,1,0.34,0.323,0.017,1,38.97,0.021,0.011,18,question,9
2026-10-08 17:01:34.874,812.91,20261008_164801,bank,question,32,631,manual,lie,99.6,,1,0.34,0.324,0.017,1,38.97,0.025,0.011,18,question,9
2026-10-08 17:01:35.371,813.4,20261008_164801,bank,question,32,631,manual,lie,99.6,,1,0.341,0.324,0.017,1,38.98,0.032,0.015,18,question,9
2026-10-08 17:01:35.371,813.4,20261008_164801,bank,question,32,631,manual,lie,99.6,,1,0.341,0.324,0.017,1,38.96,0.034,0.015,18,question,9
2026-10-08 17:01:35.492,813.53,20261008_164801,bank,recovery,32,631,manual,lie,99.6,,1,0.341,0.324,0.016,1,38.97,0.036,0.014,18,ready,9
2026-10-08 17:01:35.692,813.73,20261008_164801,bank,recovery,32,631,manual,lie,99.6,,1,0.341,0.324,0.016,1,38.97,0.033,0.013,18,ready,9
2026-10-08 17:01:35.903,813.94,20261008_164801,bank,recovery,32,631,manual,lie,99.6,,1,0.339,0.325,0.015,1,38.96,0.03,0.012,18,ready,9
2026-10-08 17:01:36.121,814.15,20261008_164801,bank,recovery,32,631,manual,lie,99.6,,1,0.34,0.325,0.015,1,38.96,0.028,0.012,18,ready,9
2026-10-08 17:01:36.315,814.35,20261008_164801,bank,recovery,32,631,manual,lie,99.6,,1,0.341,0.325,0.016,1,38.96,0.027,0.012,18,ready,9
2026-10-08 17:01:36.531,814.56,20261008_164801,bank,recovery,32,631,manual,lie,,,1,0.341,0.325,0.016,1,38.94,0.025,0.012,18,ready,9
2026-10-08 17:01:36.732,814.77,20261008_164801,bank,recovery,32,631,manual,lie,,,1,0.341,0.325,0.015,1,38.94,0.023,0.011,18,ready,9
2026-10-08 17:01:36.937,814.97,20261008_164801,bank,recovery,32,631,manual,lie,,,1,0.342,0.326,0.016,1,38.95,0.021,0.01,18,ready,9
2026-10-08 17:01:37.141,815.17,20261008_164801,bank,recovery,32,631,manual,lie,58.2,,1,0.343,0.326,0.017,1,38.95,0.02,0.009,17,ready,9
2026-10-08 17:01:37.345,815.38,20261008_164801,bank,recovery,32,631,manual,lie,58.2,,1,0.343,0.326,0.017,1,38.96,0.02,0.009,16,ready,9
2026-10-08 17:01:37.551,815.59,20261008_164801,bank,recovery,32,631,manual,lie,58.2,,1,0.342,0.326,0.016,1,38.96,0.019,0.009,15,ready,9
2026-10-08 17:01:37.758,815.79,20261008_164801,bank,recovery,32,631,manual,lie,88.9,,1,0.342,0.327,0.016,1,38.96,0.019,0.008,15,ready,9
2026-10-08 17:01:37.962,816.0,20261008_164801,bank,recovery,32,631,manual,lie,88.9,,1,0.343,0.327,0.016,1,38.97,0.018,0.008,15,ready,9
2026-10-08 17:01:38.177,816.21,20261008_164801,bank,recovery,32,631,manual,lie,88.9,,1,0.343,0.327,0.016,1,38.97,0.017,0.007,16,ready,9
2026-10-08 17:01:38.380,816.41,20261008_164801,bank,recovery,32,631,manual,lie,94.9,,1,0.343,0.327,0.016,1,38.97,0.018,0.007,16,ready,9
2026-10-08 17:01:38.583,816.62,20261008_164801,bank,recovery,32,631,manual,lie,94.9,,1,0.343,0.327,0.016,1,38.97,0.018,0.007,16,ready,9
2026-10-08 17:01:38.792,816.83,20261008_164801,bank,rest,,,,,94.9,,1,0.344,0.328,0.016,1,38.97,0.018,0.007,16,ready,9
2026-10-08 17:01:38.993,817.03,20261008_164801,bank,rest,,,,,94.9,,1,0.343,0.328,0.015,1,38.97,0.021,0.006,16,ready,9
2026-10-08 17:01:39.205,817.24,20261008_164801,bank,rest,,,,,94.9,,1,0.343,0.328,0.015,1,38.98,0.022,0.006,17,ready,9
2026-10-08 17:01:39.406,817.44,20261008_164801,bank,rest,,,,,94.9,,1,0.343,0.328,0.015,1,38.98,0.02,0.006,17,ready,9
2026-10-08 17:01:39.613,817.65,20261008_164801,bank,rest,,,,,94.9,,1,0.343,0.328,0.014,1,38.98,0.021,0.006,17,ready,9
2026-10-08 17:01:39.814,817.85,20261008_164801,bank,rest,,,,,94.9,,1,0.343,0.329,0.015,1,38.98,0.02,0.006,17,ready,9
2026-10-08 17:01:40.017,818.05,20261008_164801,bank,rest,,,,,92.5,,1,0.343,0.329,0.014,1,38.98,0.021,0.007,17,ready,9
2026-10-08 17:01:40.683,818.72,20261008_164801,bank,rest,,,,,92.5,,1,0.344,0.329,0.015,1,38.98,0.021,0.008,17,ready,9
2026-10-08 17:01:42.401,820.43,20261008_164801,bank,rest,,,,,101.7,326.0,1,0.34,0.331,0.01,1,38.95,0.057,0.05,19,ready,9
2026-10-08 17:01:42.617,820.65,20261008_164801,bank,rest,,,,,101.7,326.0,1,0.341,0.331,0.01,1,38.95,0.052,0.051,20,ready,9
2026-10-08 17:01:43.129,821.16,20261008_164801,bank,rest,,,,,92.5,326.0,1,0.342,0.331,0.011,1,38.95,0.048,0.047,19,ready,9
2026-10-08 17:01:43.130,821.16,20261008_164801,bank,rest,,,,,92.5,326.0,1,0.342,0.331,0.011,1,38.95,0.044,0.043,19,ready,9
2026-10-08 17:01:43.228,821.26,20261008_164801,bank,rest,,,,,112.6,306.2,1,0.343,0.331,0.011,1,38.96,0.041,0.039,20,ready,9
2026-10-08 17:01:43.418,821.45,20261008_164801,bank,rest,,,,,112.6,306.2,1,0.343,0.331,0.011,1,38.96,0.039,0.036,20,ready,9
2026-10-08 17:01:43.624,821.66,20261008_164801,bank,rest,,,,,112.6,306.2,1,0.343,0.332,0.011,1,38.96,0.036,0.033,20,ready,9
2026-10-08 17:01:43.822,821.86,20261008_164801,bank,rest,,,,,101.3,287.3,1,0.344,0.332,0.012,1,38.96,0.033,0.03,20,ready,9
2026-10-08 17:01:44.549,822.58,20261008_164801,bank,rest,,,,,101.3,287.3,1,0.345,0.332,0.013,1,38.97,0.031,0.025,20,ready,9
2026-10-08 17:01:44.549,822.58,20261008_164801,bank,rest,,,,,101.3,287.3,1,0.345,0.332,0.013,1,38.97,0.028,0.023,20,ready,9
2026-10-08 17:01:44.673,822.71,20261008_164801,bank,rest,,,,,101.3,271.1,1,0.345,0.332,0.012,1,38.96,0.027,0.021,19,ready,9
2026-10-08 17:01:45.275,823.31,20261008_164801,bank,rest,,,,,101.3,271.1,1,0.344,0.333,0.011,1,38.97,0.033,0.024,19,ready,9
2026-10-08 17:01:45.350,823.38,20261008_164801,bank,rest,,,,,101.3,132.1,1,0.342,0.333,0.009,1,38.97,0.061,0.032,19,ready,9
2026-10-08 17:01:45.541,823.57,20261008_164801,bank,rest,,,,,101.3,132.1,1,0.342,0.333,0.009,1,38.98,0.064,0.044,20,ready,9
2026-10-08 17:01:45.714,823.75,20261008_164801,bank,rest,,,,,101.3,123.4,1,0.34,0.333,0.007,1,38.98,0.067,0.048,20,ready,9
2026-10-08 17:01:45.892,823.93,20261008_164801,bank,rest,,,,,101.3,123.4,1,0.34,0.333,0.007,1,38.98,0.074,0.057,20,ready,9
2026-10-08 17:01:46.106,824.14,20261008_164801,bank,rest,,,,,101.3,132.5,1,0.339,0.333,0.006,1,38.99,0.148,0.06,21,ready,9
2026-10-08 17:01:46.338,824.37,20261008_164801,bank,rest,,,,,101.3,132.5,1,0.336,0.333,0.003,1,38.97,0.136,0.056,22,ready,9
2026-10-08 17:01:46.561,824.6,20261008_164801,bank,rest,,,,,101.3,132.5,1,0.335,0.334,0.001,1,38.97,0.126,0.054,22,ready,9
2026-10-08 17:01:46.732,824.77,20261008_164801,bank,rest,,,,,102.7,126.1,1,0.329,0.333,-0.004,1,38.98,0.118,0.052,22,ready,9
2026-10-08 17:01:46.919,824.95,20261008_164801,bank,rest,,,,,102.7,126.1,1,0.319,0.333,-0.014,1,38.98,0.119,0.05,22,ready,9
2026-10-08 17:01:47.126,825.16,20261008_164801,bank,rest,,,,,102.7,126.1,1,0.314,0.333,-0.019,1,38.98,0.15,0.056,22,ready,9
2026-10-08 17:01:47.313,825.35,20261008_164801,bank,rest,,,,,102.7,126.1,1,0.31,0.333,-0.023,1,38.98,0.179,0.066,23,ready,9
2026-10-08 17:01:47.851,825.88,20261008_164801,bank,rest,,,,,102.7,126.1,1,0.307,0.332,-0.026,1,38.95,0.173,0.074,23,ready,9
2026-10-08 17:01:47.852,825.89,20261008_164801,bank,rest,,,,,102.7,126.1,1,0.315,0.332,-0.017,1,38.95,0.199,0.111,24,ready,9
2026-10-08 17:01:47.930,825.96,20261008_164801,bank,rest,,,,,117.7,127.2,1,0.315,0.332,-0.017,1,38.96,0.19,0.103,25,ready,9
2026-10-08 17:01:48.130,826.16,20261008_164801,bank,rest,,,,,117.7,127.2,1,0.31,0.332,-0.022,1,38.96,0.177,0.097,25,ready,9
2026-10-08 17:01:48.340,826.37,20261008_164801,bank,rest,,,,,117.7,127.2,1,0.302,0.331,-0.03,1,38.96,0.163,0.088,25,ready,9
2026-10-08 17:01:48.544,826.58,20261008_164801,bank,rest,,,,,117.7,127.2,1,0.287,0.331,-0.044,1,38.97,0.156,0.083,25,ready,9
2026-10-08 17:01:48.763,826.8,20261008_164801,bank,rest,,,,,117.7,127.2,1,0.271,0.33,-0.059,1,38.97,0.147,0.075,24,ready,9
2026-10-08 17:01:48.966,827.0,20261008_164801,bank,rest,,,,,117.7,127.2,1,0.253,0.329,-0.076,1,38.97,0.137,0.07,23,ready,9
2026-10-08 17:01:49.168,827.2,20261008_164801,bank,rest,,,,,117.7,127.2,1,0.243,0.328,-0.085,1,38.97,0.127,0.069,22,ready,9
2026-10-08 17:01:49.536,827.57,20261008_164801,bank,rest,,,,,117.7,127.2,1,0.245,0.327,-0.082,1,38.98,0.119,0.064,21,ready,9
2026-10-08 17:01:49.580,827.61,20261008_164801,bank,rest,,,,,117.7,116.1,1,0.248,0.326,-0.078,1,38.98,0.117,0.06,20,ready,9
2026-10-08 17:01:49.847,827.88,20261008_164801,bank,rest,,,,,117.7,116.1,1,0.252,0.325,-0.073,1,38.98,0.111,0.057,20,ready,9
2026-10-08 17:01:49.987,828.02,20261008_164801,bank,rest,,,,,117.7,116.1,1,0.253,0.324,-0.07,1,38.96,0.102,0.053,19,ready,8
2026-10-08 17:01:50.192,828.23,20261008_164801,bank,rest,,,,,117.7,116.1,1,0.256,0.323,-0.067,1,38.97,0.1,0.05,19,ready,8
2026-10-08 17:01:50.400,828.43,20261008_164801,bank,rest,,,,,117.7,116.1,1,0.255,0.322,-0.067,1,38.97,0.098,0.055,18,ready,8
2026-10-08 17:01:50.592,828.63,20261008_164801,bank,rest,,,,,117.7,116.1,1,0.256,0.321,-0.065,1,38.97,0.18,0.069,19,ready,8
2026-10-08 17:01:50.795,828.83,20261008_164801,bank,rest,,,,,126.2,88.0,1,0.267,0.32,-0.053,1,38.97,0.423,0.302,21,ready,8
2026-10-08 17:01:51.002,829.04,20261008_164801,bank,rest,,,,,126.2,88.0,1,0.279,0.32,-0.04,1,38.98,0.534,0.435,22,ready,8
2026-10-08 17:01:51.275,829.31,20261008_164801,bank,rest,,,,,126.2,88.0,1,0.289,0.319,-0.03,1,38.98,0.541,0.396,24,ready,8
2026-10-08 17:01:51.427,829.46,20261008_164801,bank,rest,,,,,126.2,88.0,1,0.3,0.319,-0.019,1,38.98,0.531,0.373,26,ready,8
2026-10-08 17:01:51.626,829.66,20261008_164801,bank,rest,,,,,126.2,88.0,1,0.311,0.319,-0.008,1,38.99,0.544,0.344,27,ready,8
2026-10-08 17:01:51.835,829.87,20261008_164801,bank,rest,,,,,126.2,88.0,1,0.32,0.319,0.001,1,38.99,0.598,0.363,29,ready,8
2026-10-08 17:01:52.043,830.08,20261008_164801,bank,rest,,,,,126.2,88.0,1,0.326,0.319,0.007,1,38.99,0.663,0.35,30,ready,8
2026-10-08 17:01:52.244,830.28,20261008_164801,bank,rest,,,,,126.2,88.0,1,0.33,0.319,0.01,1,38.99,0.709,0.364,32,ready,8
2026-10-08 17:01:52.454,830.49,20261008_164801,bank,rest,,,,,126.2,88.0,1,0.331,0.319,0.012,1,38.99,0.804,0.362,33,ready,8
2026-10-08 17:01:52.684,830.72,20261008_164801,bank,rest,,,,,126.2,88.0,1,0.329,0.319,0.009,1,38.96,0.856,0.348,34,ready,8
2026-10-08 17:01:52.858,830.89,20261008_164801,bank,rest,,,,,126.2,88.0,1,0.329,0.32,0.009,1,38.96,0.983,0.358,35,ready,8
2026-10-08 17:01:53.062,831.1,20261008_164801,bank,rest,,,,,126.2,88.0,1,0.33,0.32,0.01,1,38.96,0.92,0.358,36,ready,8
2026-10-08 17:01:53.278,831.31,20261008_164801,bank,rest,,,,,126.2,88.0,1,0.331,0.32,0.011,1,38.96,0.975,0.4,36,ready,8
2026-10-08 17:01:53.628,831.66,20261008_164801,bank,rest,,,,,126.2,88.0,1,0.331,0.32,0.011,1,38.97,0.885,0.371,37,ready,8
2026-10-08 17:01:53.684,831.72,20261008_164801,bank,rest,,,,,126.2,88.0,1,0.332,0.32,0.012,1,38.97,0.801,0.346,37,ready,8
2026-10-08 17:01:53.890,831.92,20261008_164801,bank,rest,,,,,126.2,88.0,1,0.332,0.32,0.012,1,38.97,0.725,0.314,37,ready,9
2026-10-08 17:01:54.100,832.13,20261008_164801,bank,rest,,,,,126.2,88.0,1,0.332,0.321,0.011,1,38.98,0.657,0.284,37,ready,9
2026-10-08 17:01:54.308,832.34,20261008_164801,bank,question,33,632,manual,lie,126.2,88.0,1,0.333,0.321,0.012,1,38.98,0.595,0.259,38,question,9
2026-10-08 17:01:54.512,832.55,20261008_164801,bank,question,33,632,manual,lie,126.2,88.0,1,0.333,0.321,0.013,1,38.98,0.538,0.234,38,question,9
2026-10-08 17:01:54.727,832.76,20261008_164801,bank,question,33,632,manual,lie,126.2,88.0,1,0.334,0.321,0.013,1,38.98,0.491,0.214,38,question,9
2026-10-08 17:01:54.933,832.97,20261008_164801,bank,question,33,632,manual,lie,126.2,88.0,1,0.334,0.321,0.013,1,38.95,0.626,0.336,38,question,9
2026-10-08 17:01:55.137,833.17,20261008_164801,bank,question,33,632,manual,lie,126.2,88.0,1,0.336,0.321,0.014,1,38.95,0.599,0.357,38,question,9
2026-10-08 17:01:55.814,833.85,20261008_164801,bank,question,33,632,manual,lie,126.2,88.0,1,0.334,0.322,0.012,1,38.93,0.617,0.332,38,question,9
2026-10-08 17:01:55.815,833.85,20261008_164801,bank,question,33,632,manual,lie,126.2,88.0,1,0.336,0.322,0.014,1,38.93,0.724,0.309,39,question,9
2026-10-08 17:01:55.816,833.85,20261008_164801,bank,question,33,632,manual,lie,126.2,88.0,1,0.337,0.322,0.015,1,38.94,0.839,0.284,39,question,9
2026-10-08 17:01:55.959,833.99,20261008_164801,bank,question,33,632,manual,lie,126.2,88.0,1,0.338,0.322,0.016,1,38.94,0.91,0.263,39,question,9
2026-10-08 17:01:56.172,834.21,20261008_164801,bank,question,33,632,manual,lie,126.2,88.0,1,0.34,0.322,0.017,1,38.95,0.986,0.241,39,question,9
2026-10-08 17:01:56.375,834.41,20261008_164801,bank,question,33,632,manual,lie,126.2,88.0,1,0.34,0.323,0.018,1,38.95,1.058,0.227,39,question,9
2026-10-08 17:01:56.580,834.61,20261008_164801,bank,question,33,632,manual,lie,126.2,88.0,1,0.341,0.323,0.018,1,38.95,1.109,0.239,39,question,9
2026-10-08 17:01:56.788,834.82,20261008_164801,bank,question,33,632,manual,lie,126.2,88.0,1,0.342,0.323,0.019,1,38.96,1.051,0.245,39,question,9
2026-10-08 17:01:56.994,835.03,20261008_164801,bank,question,33,632,manual,lie,126.2,88.0,1,0.342,0.323,0.019,1,38.96,1.051,0.272,40,question,9
2026-10-08 17:01:57.201,835.23,20261008_164801,bank,question,33,632,manual,lie,117.7,88.0,1,0.343,0.324,0.02,1,38.96,1.002,0.254,39,question,9
2026-10-08 17:01:57.410,835.44,20261008_164801,bank,question,33,632,manual,lie,117.7,88.0,1,0.344,0.324,0.02,1,38.97,1.059,0.273,39,question,9
2026-10-08 17:01:57.621,835.65,20261008_164801,bank,question,33,632,manual,lie,117.7,88.0,1,0.345,0.324,0.02,1,38.97,0.991,0.263,39,question,9
2026-10-08 17:01:57.826,835.86,20261008_164801,bank,question,33,632,manual,lie,117.7,88.0,1,0.346,0.324,0.021,1,38.97,0.951,0.248,39,question,9
2026-10-08 17:01:58.045,836.08,20261008_164801,bank,question,33,632,manual,lie,117.7,88.0,1,0.347,0.325,0.022,1,38.97,0.924,0.235,39,question,9
2026-10-08 17:01:58.229,836.26,20261008_164801,bank,question,33,632,manual,lie,117.7,88.0,1,0.346,0.325,0.021,1,38.97,0.866,0.226,39,question,9
2026-10-08 17:01:58.475,836.51,20261008_164801,bank,question,33,632,manual,lie,115.9,76.8,1,0.347,0.325,0.022,1,38.97,0.798,0.207,39,question,9
2026-10-08 17:01:58.645,836.68,20261008_164801,bank,question,33,632,manual,lie,115.9,76.8,1,0.348,0.326,0.022,1,38.97,0.829,0.21,39,question,9
2026-10-08 17:01:58.851,836.88,20261008_164801,bank,question,33,632,manual,lie,115.9,76.8,1,0.349,0.326,0.023,1,38.97,0.788,0.197,39,question,9
2026-10-08 17:01:59.061,837.09,20261008_164801,bank,question,33,632,manual,lie,111.9,79.5,1,0.349,0.327,0.022,1,38.97,0.709,0.178,38,question,9
2026-10-08 17:01:59.263,837.3,20261008_164801,bank,question,33,632,manual,lie,111.9,79.5,1,0.35,0.327,0.023,1,38.98,0.682,0.166,38,question,9
2026-10-08 17:01:59.468,837.5,20261008_164801,bank,question,33,632,manual,lie,111.9,79.5,1,0.351,0.327,0.024,1,38.98,0.66,0.152,38,question,9
2026-10-08 17:01:59.999,838.03,20261008_164801,bank,question,33,632,manual,lie,111.9,79.5,1,0.353,0.328,0.026,1,38.98,0.632,0.141,38,question,9
2026-10-08 17:02:00.000,838.03,20261008_164801,bank,question,33,632,manual,lie,111.9,79.5,1,0.354,0.328,0.026,1,38.98,0.591,0.13,38,question,9
2026-10-08 17:02:00.083,838.12,20261008_164801,bank,question,33,632,manual,lie,115.9,87.3,1,0.356,0.328,0.027,1,38.98,0.64,0.124,38,question,9
2026-10-08 17:02:00.301,838.33,20261008_164801,bank,question,33,632,manual,lie,115.9,87.3,1,0.359,0.329,0.03,1,38.97,0.659,0.117,39,question,9
2026-10-08 17:02:00.493,838.53,20261008_164801,bank,question,33,632,manual,lie,115.9,87.3,1,0.363,0.329,0.034,1,38.97,0.676,0.108,39,question,9
2026-10-08 17:02:00.723,838.76,20261008_164801,bank,question,33,632,manual,lie,115.9,91.0,1,0.364,0.33,0.035,1,38.97,0.714,0.105,40,question,9
2026-10-08 17:02:00.902,838.94,20261008_164801,bank,question,33,632,manual,lie,115.9,91.0,1,0.366,0.33,0.036,1,38.97,0.704,0.101,40,question,9
2026-10-08 17:02:01.110,839.14,20261008_164801,bank,question,33,632,manual,lie,115.9,91.0,1,0.369,0.331,0.038,1,38.97,0.668,0.096,40,question,9
2026-10-08 17:02:01.315,839.35,20261008_164801,bank,question,33,632,manual,lie,133.6,,1,0.37,0.331,0.039,1,38.97,0.642,0.104,41,question,9
2026-10-08 17:02:01.520,839.55,20261008_164801,bank,question,33,632,manual,lie,133.6,,1,0.369,0.332,0.038,1,38.97,0.591,0.098,42,question,9
2026-10-08 17:02:01.724,839.76,20261008_164801,bank,question,33,632,manual,lie,133.6,,1,0.371,0.332,0.039,1,38.97,0.539,0.097,43,question,9
2026-10-08 17:02:01.929,839.96,20261008_164801,bank,question,33,632,manual,lie,133.6,,1,0.37,0.333,0.038,1,38.97,0.507,0.101,44,question,9
2026-10-08 17:02:02.139,840.17,20261008_164801,bank,question,33,632,manual,lie,133.6,,1,0.371,0.333,0.038,1,38.97,0.495,0.12,45,question,9
2026-10-08 17:02:02.351,840.38,20261008_164801,bank,question,33,632,manual,lie,134.4,,1,0.371,0.334,0.037,1,38.97,0.463,0.135,45,question,9
2026-10-08 17:02:02.554,840.59,20261008_164801,bank,question,33,632,manual,lie,134.4,,1,0.37,0.334,0.036,1,38.94,0.428,0.132,46,question,9
2026-10-08 17:02:02.772,840.81,20261008_164801,bank,question,33,632,manual,lie,134.4,43.0,1,0.371,0.335,0.037,1,38.94,0.391,0.123,46,question,9
2026-10-08 17:02:02.963,841.0,20261008_164801,bank,question,33,632,manual,lie,134.4,43.0,1,0.372,0.335,0.037,1,38.95,0.355,0.112,46,question,9
2026-10-08 17:02:03.175,841.21,20261008_164801,bank,question,33,632,manual,lie,134.4,43.0,1,0.372,0.336,0.037,1,38.95,0.781,0.175,46,question,9
2026-10-08 17:02:03.377,841.41,20261008_164801,bank,question,33,632,manual,lie,134.4,43.0,1,0.368,0.336,0.032,1,38.94,0.736,0.171,47,question,9
2026-10-08 17:02:03.589,841.62,20261008_164801,bank,question,33,632,manual,lie,134.4,43.0,1,0.368,0.336,0.031,1,38.94,0.676,0.162,47,question,9
2026-10-08 17:02:03.801,841.83,20261008_164801,bank,question,33,632,manual,lie,134.4,43.0,1,0.37,0.337,0.033,1,38.95,0.65,0.161,47,question,9
2026-10-08 17:02:03.998,842.03,20261008_164801,bank,question,33,632,manual,lie,134.4,43.0,1,0.371,0.337,0.033,1,38.95,0.605,0.151,47,question,9
2026-10-08 17:02:04.200,842.23,20261008_164801,bank,question,33,632,manual,lie,134.4,43.0,1,0.371,0.338,0.034,1,38.95,0.55,0.139,47,question,9
2026-10-08 17:02:04.411,842.44,20261008_164801,bank,question,33,632,manual,lie,134.4,43.0,1,0.372,0.338,0.033,1,38.95,0.5,0.126,47,question,9
2026-10-08 17:02:04.619,842.65,20261008_164801,bank,question,33,632,manual,lie,134.4,43.0,1,0.372,0.339,0.034,1,38.96,0.453,0.115,47,question,9
2026-10-08 17:02:04.829,842.86,20261008_164801,bank,question,33,632,manual,lie,134.4,43.0,1,0.372,0.339,0.033,1,38.96,0.41,0.105,47,question,9
2026-10-08 17:02:05.039,843.07,20261008_164801,bank,question,33,632,manual,lie,,,1,0.372,0.34,0.033,1,38.96,0.412,0.102,47,question,9
2026-10-08 17:02:05.239,843.27,20261008_164801,bank,question,33,632,manual,lie,,,1,0.372,0.34,0.032,1,38.96,0.383,0.094,47,question,9
2026-10-08 17:02:05.443,843.48,20261008_164801,bank,question,33,632,manual,lie,,,1,0.371,0.34,0.031,1,38.96,0.359,0.086,47,question,9
2026-10-08 17:02:05.653,843.69,20261008_164801,bank,question,33,632,manual,lie,,,1,0.372,0.341,0.031,1,38.96,0.334,0.079,47,question,9
2026-10-08 17:02:06.194,844.23,20261008_164801,bank,question,33,632,manual,lie,,,1,0.372,0.342,0.03,1,38.96,0.278,0.074,47,question,9
2026-10-08 17:02:06.195,844.23,20261008_164801,bank,recovery,33,632,manual,lie,,,1,0.372,0.342,0.03,1,38.96,0.252,0.068,47,ready,9
2026-10-08 17:02:06.261,844.29,20261008_164801,bank,recovery,33,632,manual,lie,,,1,0.372,0.342,0.03,1,38.96,0.252,0.068,47,ready,9
2026-10-08 17:02:06.465,844.5,20261008_164801,bank,recovery,33,632,manual,lie,,,1,0.372,0.342,0.029,1,38.96,0.229,0.061,47,ready,9
2026-10-08 17:02:08.505,846.54,20261008_164801,bank,recovery,33,632,manual,lie,,,1,0.373,0.346,0.027,1,38.96,0.107,0.04,36,ready,9
2026-10-08 17:02:08.701,846.74,20261008_164801,bank,recovery,33,632,manual,lie,,,1,0.371,0.347,0.024,1,38.96,0.115,0.043,35,ready,9
2026-10-08 17:02:08.912,846.95,20261008_164801,bank,recovery,33,632,manual,lie,,,1,0.371,0.347,0.024,1,38.96,0.114,0.042,35,ready,9
2026-10-08 17:02:09.117,847.15,20261008_164801,bank,recovery,33,632,manual,lie,,,1,0.372,0.347,0.025,1,38.96,0.107,0.041,34,ready,9
2026-10-08 17:02:09.332,847.37,20261008_164801,bank,recovery,33,632,manual,lie,,,1,0.373,0.348,0.025,1,38.96,0.097,0.039,34,ready,9
2026-10-08 17:02:09.844,847.88,20261008_164801,bank,rest,,,,,,,1,0.37,0.348,0.022,1,38.93,0.091,0.037,33,ready,9
2026-10-08 17:02:09.845,847.88,20261008_164801,bank,rest,,,,,,,1,0.371,0.348,0.023,1,38.93,0.084,0.037,32,ready,9
2026-10-08 17:02:09.947,847.98,20261008_164801,bank,rest,,,,,,,1,0.373,0.349,0.024,1,38.93,0.078,0.037,32,ready,9
2026-10-08 17:02:10.149,848.18,20261008_164801,bank,rest,,,,,,,1,0.373,0.349,0.024,1,38.94,0.074,0.035,31,ready,9
2026-10-08 17:02:10.354,848.39,20261008_164801,bank,rest,,,,,,,1,0.373,0.349,0.024,1,38.94,0.068,0.032,31,ready,9
2026-10-08 17:02:14.526,852.56,20261008_164801,bank,rest,,,,,90.0,,1,0.375,0.355,0.02,1,38.94,0.031,0.014,22,ready,9
2026-10-08 17:02:14.733,852.77,20261008_164801,bank,rest,,,,,90.0,,1,0.375,0.356,0.02,1,38.95,0.029,0.013,22,ready,9
2026-10-08 17:02:14.951,852.98,20261008_164801,bank,rest,,,,,90.0,,1,0.376,0.356,0.02,1,38.95,0.028,0.012,22,ready,9
2026-10-08 17:02:15.147,853.18,20261008_164801,bank,rest,,,,,83.4,,1,0.376,0.356,0.02,1,38.94,0.026,0.011,21,ready,9
2026-10-08 17:02:15.348,853.38,20261008_164801,bank,rest,,,,,83.4,,1,0.376,0.356,0.019,1,38.94,0.025,0.011,21,ready,9
2026-10-08 17:02:15.551,853.58,20261008_164801,bank,rest,,,,,83.4,,1,0.376,0.357,0.019,1,38.94,0.023,0.01,21,ready,9
2026-10-08 17:02:15.763,853.8,20261008_164801,bank,rest,,,,,90.0,,1,0.376,0.357,0.019,1,38.94,0.028,0.01,21,ready,9
2026-10-08 17:02:15.971,854.0,20261008_164801,bank,rest,,,,,90.0,,1,0.376,0.357,0.018,1,38.94,0.028,0.011,21,ready,9
2026-10-08 17:02:16.168,854.2,20261008_164801,bank,rest,,,,,90.0,,1,0.374,0.358,0.016,1,38.94,0.026,0.01,21,ready,9
2026-10-08 17:02:16.395,854.43,20261008_164801,bank,rest,,,,,90.0,,1,0.371,0.358,0.013,1,38.92,0.027,0.01,21,ready,9
2026-10-08 17:02:16.590,854.62,20261008_164801,bank,rest,,,,,90.0,,1,0.373,0.358,0.015,1,38.93,0.025,0.01,21,ready,9
2026-10-08 17:02:16.794,854.83,20261008_164801,bank,rest,,,,,90.0,,1,0.374,0.358,0.016,1,38.93,0.023,0.01,21,ready,9
2026-10-08 17:02:17.004,855.04,20261008_164801,bank,rest,,,,,90.0,,1,0.375,0.358,0.017,1,38.93,0.026,0.009,21,ready,9
2026-10-08 17:02:17.203,855.24,20261008_164801,bank,rest,,,,,77.8,,1,0.376,0.359,0.017,1,38.93,0.027,0.009,21,ready,9
2026-10-08 17:02:17.411,855.44,20261008_164801,bank,rest,,,,,77.8,,1,0.376,0.359,0.017,1,38.93,0.025,0.008,20,ready,9
2026-10-08 17:02:17.612,855.65,20261008_164801,bank,rest,,,,,77.8,,1,0.376,0.359,0.017,1,38.93,0.024,0.009,20,ready,9
2026-10-08 17:02:17.817,855.85,20261008_164801,bank,rest,,,,,77.8,,1,0.376,0.359,0.016,1,38.9,0.024,0.01,20,ready,9
2026-10-08 17:02:18.027,856.06,20261008_164801,bank,rest,,,,,77.8,,1,0.376,0.36,0.016,1,38.91,0.023,0.01,20,ready,9
2026-10-08 17:02:18.240,856.27,20261008_164801,bank,rest,,,,,77.8,,1,0.376,0.36,0.016,1,38.91,0.022,0.01,19,ready,9
2026-10-08 17:02:18.449,856.48,20261008_164801,bank,rest,,,,,77.8,,1,0.376,0.36,0.016,1,38.91,0.021,0.009,19,ready,9
2026-10-08 17:02:20.556,858.59,20261008_164801,bank,rest,,,,,77.8,,1,0.372,0.362,0.01,1,38.92,0.272,0.231,29,ready,9
2026-10-08 17:02:20.764,858.8,20261008_164801,bank,rest,,,,,77.8,,1,0.373,0.362,0.011,1,38.92,0.272,0.337,30,ready,9
2026-10-08 17:02:20.995,859.03,20261008_164801,bank,rest,,,,,77.8,,1,0.375,0.362,0.012,1,38.92,0.254,0.319,30,ready,9
2026-10-08 17:02:21.173,859.21,20261008_164801,bank,rest,,,,,77.8,,1,0.375,0.362,0.012,1,38.92,0.267,0.303,31,ready,9
2026-10-08 17:02:21.378,859.41,20261008_164801,bank,rest,,,,,76.2,215.9,1,0.375,0.363,0.013,1,38.92,0.26,0.371,31,ready,9
2026-10-08 17:02:21.591,859.62,20261008_164801,bank,rest,,,,,76.2,215.9,1,0.375,0.363,0.012,1,38.92,0.261,0.341,31,ready,9
2026-10-08 17:02:21.807,859.84,20261008_164801,bank,rest,,,,,76.2,215.9,1,0.375,0.363,0.012,1,38.92,0.328,0.346,31,ready,9
2026-10-08 17:02:21.993,860.03,20261008_164801,bank,rest,,,,,76.2,200.0,1,0.374,0.363,0.011,1,38.89,0.3,0.321,31,ready,9
2026-10-08 17:02:22.200,860.23,20261008_164801,bank,rest,,,,,76.2,200.0,1,0.375,0.363,0.012,1,38.9,0.272,0.291,31,ready,9
2026-10-08 17:02:22.406,860.44,20261008_164801,bank,rest,,,,,76.2,200.0,1,0.375,0.363,0.012,1,38.9,0.246,0.264,32,ready,9
2026-10-08 17:02:22.615,860.65,20261008_164801,bank,rest,,,,,79.7,185.6,1,0.375,0.364,0.012,1,38.9,0.203,0.218,31,ready,9
2026-10-08 17:02:22.820,860.85,20261008_164801,bank,rest,,,,,79.7,185.6,1,0.374,0.364,0.01,1,38.87,0.184,0.197,31,ready,9
2026-10-08 17:02:23.029,861.06,20261008_164801,bank,question,34,633,manual,lie,79.7,185.6,1,0.375,0.364,0.011,1,38.88,0.167,0.179,30,question,9
2026-10-08 17:02:23.236,861.27,20261008_164801,bank,question,34,633,manual,lie,89.3,179.5,1,0.375,0.364,0.011,1,38.88,0.152,0.162,30,question,9
2026-10-08 17:02:23.445,861.48,20261008_164801,bank,question,34,633,manual,lie,89.3,179.5,1,0.375,0.364,0.011,1,38.88,0.138,0.146,30,question,9
2026-10-08 17:02:23.645,861.68,20261008_164801,bank,question,34,633,manual,lie,89.3,179.5,1,0.375,0.364,0.011,1,38.88,0.125,0.133,29,question,9
2026-10-08 17:02:23.851,861.88,20261008_164801,bank,question,34,633,manual,lie,89.3,179.5,1,0.375,0.365,0.011,1,38.89,0.115,0.12,29,question,9
2026-10-08 17:02:24.056,862.09,20261008_164801,bank,question,34,633,manual,lie,89.4,168.7,1,0.375,0.365,0.011,1,38.89,0.105,0.109,28,question,9
2026-10-08 17:02:24.259,862.29,20261008_164801,bank,question,34,633,manual,lie,89.4,168.7,1,0.376,0.365,0.011,1,38.89,0.099,0.099,28,question,9
2026-10-08 17:02:24.466,862.5,20261008_164801,bank,question,34,633,manual,lie,89.4,168.7,1,0.376,0.365,0.011,1,38.9,0.1,0.092,27,question,9
2026-10-08 17:02:24.674,862.71,20261008_164801,bank,question,34,633,manual,lie,89.4,168.7,1,0.376,0.365,0.011,1,38.9,0.096,0.084,27,question,9
2026-10-08 17:02:24.879,862.91,20261008_164801,bank,question,34,633,manual,lie,89.4,168.7,1,0.376,0.365,0.01,1,38.9,0.09,0.077,27,question,9
2026-10-08 17:02:25.086,863.12,20261008_164801,bank,question,34,633,manual,lie,89.4,168.7,1,0.376,0.365,0.011,1,38.9,0.082,0.07,26,question,9
2026-10-08 17:02:25.293,863.33,20261008_164801,bank,question,34,633,manual,lie,89.4,168.7,1,0.376,0.366,0.01,1,38.9,0.076,0.063,26,question,9
2026-10-08 17:02:25.498,863.53,20261008_164801,bank,question,34,633,manual,lie,89.4,168.7,1,0.375,0.366,0.01,1,38.9,0.07,0.057,25,question,9
2026-10-08 17:02:25.790,863.82,20261008_164801,bank,question,34,633,manual,lie,89.4,168.7,1,0.375,0.366,0.01,1,38.9,0.064,0.052,25,question,9
2026-10-08 17:02:25.914,863.95,20261008_164801,bank,question,34,633,manual,lie,89.4,168.7,1,0.375,0.366,0.009,1,38.9,0.059,0.047,25,question,9
2026-10-08 17:02:26.119,864.15,20261008_164801,bank,question,34,633,manual,lie,89.4,168.7,1,0.375,0.366,0.009,1,38.9,0.054,0.043,24,question,9
2026-10-08 17:02:26.327,864.36,20261008_164801,bank,question,34,633,manual,lie,89.4,168.7,1,0.375,0.366,0.008,1,38.9,0.05,0.039,24,question,9
2026-10-08 17:02:26.535,864.57,20261008_164801,bank,question,34,633,manual,lie,89.4,168.7,1,0.375,0.366,0.008,1,38.9,0.046,0.035,23,question,9
2026-10-08 17:02:26.739,864.77,20261008_164801,bank,question,34,633,manual,lie,89.4,168.7,1,0.374,0.366,0.007,1,38.89,0.049,0.032,23,question,9
2026-10-08 17:02:26.953,864.99,20261008_164801,bank,question,34,633,manual,lie,89.4,168.7,1,0.373,0.366,0.007,1,38.89,0.047,0.029,23,question,9
2026-10-08 17:02:27.150,865.18,20261008_164801,bank,question,34,633,manual,lie,89.4,168.7,1,0.371,0.367,0.004,1,38.86,0.043,0.027,23,question,9
2026-10-08 17:02:27.659,865.69,20261008_164801,bank,question,34,633,manual,lie,89.4,168.7,1,0.372,0.367,0.006,1,38.86,0.04,0.024,22,question,9
2026-10-08 17:02:27.659,865.69,20261008_164801,bank,question,34,633,manual,lie,89.4,168.7,1,0.374,0.367,0.007,1,38.85,0.041,0.023,22,question,9
2026-10-08 17:02:27.756,865.79,20261008_164801,bank,question,34,633,manual,lie,89.4,168.7,1,0.374,0.367,0.007,1,38.85,0.038,0.021,22,question,9
2026-10-08 17:02:27.965,866.0,20261008_164801,bank,question,34,633,manual,lie,89.4,168.7,1,0.375,0.367,0.008,1,38.85,0.035,0.019,22,question,9
2026-10-08 17:02:28.176,866.21,20261008_164801,bank,question,34,633,manual,lie,89.4,168.7,1,0.375,0.367,0.008,1,38.85,0.036,0.017,22,question,9
2026-10-08 17:02:28.380,866.41,20261008_164801,bank,question,34,633,manual,lie,89.4,168.7,1,0.375,0.367,0.008,1,38.84,0.035,0.017,22,question,9
2026-10-08 17:02:28.585,866.62,20261008_164801,bank,question,34,633,manual,lie,89.4,168.7,1,0.375,0.367,0.007,1,38.84,0.038,0.017,22,question,9
2026-10-08 17:02:28.789,866.82,20261008_164801,bank,question,34,633,manual,lie,89.4,168.7,1,0.375,0.367,0.007,1,38.84,0.038,0.016,22,question,9
2026-10-08 17:02:29.008,867.04,20261008_164801,bank,question,34,633,manual,lie,89.4,168.7,1,0.375,0.367,0.008,1,38.84,0.044,0.018,22,question,9
2026-10-08 17:02:29.207,867.24,20261008_164801,bank,question,34,633,manual,lie,89.4,168.7,1,0.375,0.368,0.007,1,38.84,0.042,0.017,22,question,9
2026-10-08 17:02:29.421,867.45,20261008_164801,bank,question,34,633,manual,lie,89.4,168.7,1,0.375,0.368,0.007,1,38.84,0.045,0.018,22,question,9
2026-10-08 17:02:29.621,867.65,20261008_164801,bank,question,34,633,manual,lie,89.4,168.7,1,0.376,0.368,0.008,1,38.84,0.044,0.02,22,question,9
2026-10-08 17:02:30.116,868.15,20261008_164801,bank,question,34,633,manual,lie,89.4,168.7,1,0.375,0.368,0.007,1,38.83,0.075,0.027,22,question,9
2026-10-08 17:02:30.118,868.15,20261008_164801,bank,question,34,633,manual,lie,89.4,145.5,1,0.375,0.368,0.007,1,38.83,0.077,0.033,22,question,9
2026-10-08 17:02:30.235,868.27,20261008_164801,bank,question,34,633,manual,lie,89.4,145.5,1,0.375,0.368,0.007,1,38.83,0.078,0.036,23,question,9
2026-10-08 17:02:30.443,868.48,20261008_164801,bank,question,34,633,manual,lie,89.4,145.5,1,0.375,0.368,0.007,1,38.83,0.076,0.036,23,question,9
2026-10-08 17:02:30.652,868.69,20261008_164801,bank,question,34,633,manual,lie,90.5,157.3,1,0.375,0.368,0.007,1,38.82,0.073,0.034,23,question,9
2026-10-08 17:02:30.854,868.89,20261008_164801,bank,question,34,633,manual,lie,90.5,157.3,1,0.375,0.368,0.007,1,38.82,0.074,0.037,23,question,9
2026-10-08 17:02:31.111,869.14,20261008_164801,bank,question,34,633,manual,lie,90.5,157.3,1,0.375,0.369,0.006,1,38.83,0.08,0.043,23,question,9
2026-10-08 17:02:31.263,869.3,20261008_164801,bank,question,34,633,manual,lie,97.5,148.9,1,0.373,0.369,0.004,1,38.82,0.084,0.059,24,question,9
2026-10-08 17:02:31.467,869.5,20261008_164801,bank,question,34,633,manual,lie,97.5,148.9,1,0.373,0.369,0.004,1,38.83,0.095,0.06,24,question,9
2026-10-08 17:02:31.675,869.71,20261008_164801,bank,question,34,633,manual,lie,97.5,148.9,1,0.374,0.369,0.006,1,38.82,0.104,0.06,25,question,9
2026-10-08 17:02:31.933,869.97,20261008_164801,bank,question,34,633,manual,lie,90.7,141.9,1,0.374,0.369,0.005,1,38.82,0.096,0.056,25,question,9
2026-10-08 17:02:32.084,870.12,20261008_164801,bank,question,34,633,manual,lie,90.7,141.9,1,0.375,0.369,0.006,1,38.82,0.087,0.053,25,question,9
2026-10-08 17:02:32.289,870.32,20261008_164801,bank,question,34,633,manual,lie,90.7,141.9,1,0.375,0.369,0.006,1,38.82,0.081,0.049,25,question,9
2026-10-08 17:02:32.496,870.53,20261008_164801,bank,question,34,633,manual,lie,90.7,141.9,1,0.375,0.369,0.006,1,38.82,0.074,0.045,25,question,9
2026-10-08 17:02:32.700,870.73,20261008_164801,bank,question,34,633,manual,lie,90.7,137.3,1,0.374,0.369,0.005,1,38.81,0.068,0.041,24,question,9
2026-10-08 17:02:32.905,870.94,20261008_164801,bank,question,34,633,manual,lie,90.7,137.3,1,0.375,0.369,0.006,1,38.81,0.063,0.038,24,question,9
2026-10-08 17:02:33.115,871.15,20261008_164801,bank,question,34,633,manual,lie,90.7,137.3,1,0.374,0.369,0.005,1,38.81,0.058,0.035,24,question,9
2026-10-08 17:02:33.335,871.37,20261008_164801,bank,question,34,633,manual,lie,90.7,137.3,1,0.375,0.369,0.006,1,38.81,0.053,0.032,24,question,9
2026-10-08 17:02:33.526,871.56,20261008_164801,bank,question,34,633,manual,lie,90.7,137.3,1,0.375,0.369,0.005,1,38.81,0.049,0.03,23,question,9
2026-10-08 17:02:33.728,871.76,20261008_164801,bank,question,34,633,manual,lie,90.7,137.3,1,0.375,0.369,0.006,1,38.81,0.046,0.027,23,question,9
2026-10-08 17:02:33.936,871.97,20261008_164801,bank,question,34,633,manual,lie,90.7,113.3,1,0.375,0.37,0.006,1,38.81,0.043,0.025,23,question,9
2026-10-08 17:02:34.183,872.22,20261008_164801,bank,question,34,633,manual,lie,90.7,113.3,1,0.375,0.37,0.006,1,38.8,0.041,0.023,23,question,9
2026-10-08 17:02:34.349,872.38,20261008_164801,bank,question,34,633,manual,lie,90.7,113.3,1,0.37,0.37,0.001,1,38.8,0.038,0.021,22,question,9
2026-10-08 17:02:34.556,872.59,20261008_164801,bank,question,34,633,manual,lie,90.7,113.3,1,0.372,0.37,0.003,1,38.8,0.036,0.019,22,question,9
2026-10-08 17:02:36.666,874.7,20261008_164801,bank,recovery,34,633,manual,lie,80.3,139.7,1,0.375,0.37,0.005,1,38.79,0.029,0.012,20,ready,9
2026-10-08 17:02:36.857,874.89,20261008_164801,bank,recovery,34,633,manual,lie,80.3,139.7,1,0.375,0.37,0.005,1,38.79,0.027,0.011,20,ready,9
2026-10-08 17:02:37.049,875.08,20261008_164801,bank,recovery,34,633,manual,lie,74.4,154.1,1,0.374,0.37,0.003,1,38.79,0.025,0.01,19,ready,9
2026-10-08 17:02:37.245,875.28,20261008_164801,bank,recovery,34,633,manual,lie,74.4,154.1,1,0.374,0.37,0.004,1,38.79,0.027,0.01,19,ready,9
2026-10-08 17:02:37.475,875.51,20261008_164801,bank,recovery,34,633,manual,lie,74.4,154.1,1,0.374,0.37,0.003,1,38.78,0.025,0.01,19,ready,9
2026-10-08 17:02:37.770,875.8,20261008_164801,bank,recovery,34,633,manual,lie,74.4,154.1,1,0.371,0.371,0.0,1,38.78,0.024,0.009,19,ready,9
2026-10-08 17:02:37.859,875.89,20261008_164801,bank,recovery,34,633,manual,lie,74.0,153.9,1,0.371,0.371,0.001,1,38.77,0.022,0.009,18,ready,9
2026-10-08 17:02:38.085,876.12,20261008_164801,bank,recovery,34,633,manual,lie,74.0,153.9,1,0.372,0.371,0.001,1,38.78,0.031,0.01,18,ready,9
2026-10-08 17:02:38.275,876.31,20261008_164801,bank,recovery,34,633,manual,lie,74.4,168.5,1,0.371,0.371,0.0,1,38.78,0.033,0.013,18,ready,9
2026-10-08 17:02:38.478,876.51,20261008_164801,bank,recovery,34,633,manual,lie,74.4,168.5,1,0.373,0.371,0.002,1,38.78,0.058,0.03,18,ready,9
2026-10-08 17:02:38.683,876.72,20261008_164801,bank,recovery,34,633,manual,lie,74.4,168.5,1,0.373,0.371,0.002,1,38.78,0.08,0.055,19,ready,9
2026-10-08 17:02:38.888,876.92,20261008_164801,bank,recovery,34,633,manual,lie,74.4,168.5,1,0.373,0.371,0.003,1,38.78,0.122,0.068,20,ready,9
2026-10-08 17:02:39.095,877.13,20261008_164801,bank,recovery,34,633,manual,lie,74.4,168.5,1,0.374,0.371,0.003,1,38.78,0.116,0.069,20,ready,9
2026-10-08 17:02:39.314,877.35,20261008_164801,bank,recovery,34,633,manual,lie,74.4,208.8,1,0.375,0.371,0.004,1,38.78,0.113,0.07,21,ready,9
2026-10-08 17:02:39.498,877.53,20261008_164801,bank,recovery,34,633,manual,lie,74.4,208.8,1,0.375,0.371,0.004,1,38.77,0.108,0.066,21,ready,9
2026-10-08 17:02:39.712,877.75,20261008_164801,bank,recovery,34,633,manual,lie,74.4,208.8,1,0.376,0.371,0.005,1,38.77,0.106,0.062,21,ready,9
2026-10-08 17:02:39.910,877.94,20261008_164801,bank,recovery,34,633,manual,lie,74.4,237.8,1,0.375,0.371,0.004,1,38.77,0.102,0.061,22,ready,9
2026-10-08 17:02:40.119,878.15,20261008_164801,bank,recovery,34,633,manual,lie,74.4,237.8,1,0.374,0.371,0.004,1,38.77,0.096,0.058,22,ready,9
2026-10-08 17:02:40.327,878.36,20261008_164801,bank,recovery,34,633,manual,lie,74.4,237.8,1,0.375,0.371,0.004,1,38.76,0.092,0.062,22,ready,9
2026-10-08 17:02:40.530,878.56,20261008_164801,bank,recovery,34,633,manual,lie,74.4,237.8,1,0.374,0.371,0.003,1,38.75,0.086,0.061,22,ready,9
2026-10-08 17:02:40.733,878.77,20261008_164801,bank,recovery,34,633,manual,lie,74.4,237.8,1,0.374,0.371,0.003,1,38.76,0.08,0.056,22,ready,9
2026-10-08 17:02:40.938,878.97,20261008_164801,bank,recovery,34,633,manual,lie,74.4,237.8,1,0.374,0.371,0.003,1,38.76,0.077,0.052,21,ready,9
2026-10-08 17:02:41.145,879.18,20261008_164801,bank,recovery,34,633,manual,lie,74.4,237.8,1,0.375,0.371,0.004,1,38.76,0.071,0.048,21,ready,9
2026-10-08 17:02:41.357,879.39,20261008_164801,bank,rest,,,,,74.4,237.8,1,0.375,0.371,0.004,1,38.76,0.065,0.044,21,ready,9
2026-10-08 17:02:41.561,879.6,20261008_164801,bank,rest,,,,,74.4,237.8,1,0.375,0.371,0.004,1,38.76,0.061,0.04,21,ready,9
2026-10-08 17:02:41.756,879.79,20261008_164801,bank,rest,,,,,74.4,237.8,1,0.375,0.371,0.003,1,38.76,0.057,0.038,21,ready,9
2026-10-08 17:02:41.962,880.0,20261008_164801,bank,rest,,,,,74.4,237.8,1,0.375,0.371,0.004,1,38.76,0.054,0.035,20,ready,9
2026-10-08 17:02:42.165,880.2,20261008_164801,bank,rest,,,,,74.4,237.8,1,0.375,0.371,0.004,1,38.76,0.051,0.032,20,ready,9
2026-10-08 17:02:42.354,880.39,20261008_164801,bank,rest,,,,,,,1,0.375,0.371,0.004,1,38.76,0.054,0.031,21,ready,9
2026-10-08 17:02:42.560,880.59,20261008_164801,bank,rest,,,,,,,1,0.374,0.371,0.003,1,38.74,0.051,0.029,22,ready,9
2026-10-08 17:02:42.765,880.8,20261008_164801,bank,rest,,,,,128.0,,1,0.374,0.372,0.002,1,38.74,0.049,0.027,24,ready,9
2026-10-08 17:02:42.984,881.02,20261008_164801,bank,rest,,,,,128.0,,1,0.374,0.372,0.003,1,38.74,0.051,0.027,25,ready,9
2026-10-08 17:02:43.192,881.23,20261008_164801,bank,rest,,,,,140.3,,1,0.375,0.372,0.003,1,38.75,0.052,0.026,27,ready,9
2026-10-08 17:02:43.374,881.41,20261008_164801,bank,rest,,,,,147.8,,1,0.375,0.372,0.004,1,38.75,0.068,0.028,28,ready,9
2026-10-08 17:02:43.599,881.63,20261008_164801,bank,rest,,,,,147.8,,1,0.375,0.372,0.003,1,38.75,0.096,0.031,31,ready,9
2026-10-08 17:02:43.788,881.82,20261008_164801,bank,rest,,,,,147.8,,1,0.375,0.372,0.004,1,38.75,0.089,0.031,32,ready,9
2026-10-08 17:02:44.012,882.05,20261008_164801,bank,rest,,,,,147.8,,1,0.376,0.372,0.004,1,38.75,0.095,0.035,33,ready,9
2026-10-08 17:02:44.186,882.22,20261008_164801,bank,rest,,,,,147.8,,1,0.373,0.372,0.001,1,38.74,0.093,0.043,34,ready,9
2026-10-08 17:02:44.393,882.43,20261008_164801,bank,rest,,,,,147.8,,1,0.374,0.372,0.002,1,38.74,0.093,0.044,35,ready,9
2026-10-08 17:02:44.598,882.63,20261008_164801,bank,rest,,,,,147.8,,1,0.375,0.372,0.003,1,38.74,0.091,0.046,36,ready,9
2026-10-08 17:02:44.805,882.84,20261008_164801,bank,rest,,,,,147.8,,1,0.375,0.372,0.003,1,38.74,0.096,0.043,37,ready,9
2026-10-08 17:02:45.027,883.06,20261008_164801,bank,rest,,,,,147.8,,1,0.375,0.372,0.003,1,38.74,0.118,0.059,38,ready,9
2026-10-08 17:02:45.218,883.25,20261008_164801,bank,rest,,,,,156.2,,1,0.376,0.372,0.004,1,38.74,0.143,0.068,39,ready,9
2026-10-08 17:02:45.452,883.49,20261008_164801,bank,rest,,,,,156.2,,1,0.376,0.372,0.004,1,38.75,0.195,0.088,41,ready,9
2026-10-08 17:02:45.630,883.66,20261008_164801,bank,rest,,,,,173.8,102.3,1,0.376,0.372,0.004,1,38.75,0.184,0.087,44,ready,9
2026-10-08 17:02:45.854,883.89,20261008_164801,bank,rest,,,,,173.8,102.3,1,0.376,0.372,0.004,1,38.75,0.203,0.102,46,ready,9
2026-10-08 17:02:46.046,884.08,20261008_164801,bank,rest,,,,,173.8,102.3,1,0.377,0.372,0.005,1,38.75,0.205,0.1,48,ready,9
2026-10-08 17:02:46.250,884.28,20261008_164801,bank,rest,,,,,173.8,102.3,1,0.377,0.372,0.005,1,38.75,0.205,0.107,50,ready,9
2026-10-08 17:02:46.469,884.5,20261008_164801,bank,rest,,,,,173.8,102.3,1,0.377,0.372,0.005,1,38.75,0.207,0.107,51,ready,9
2026-10-08 17:02:46.661,884.69,20261008_164801,bank,rest,,,,,173.8,102.3,1,0.377,0.372,0.004,1,38.74,0.196,0.123,52,ready,9
2026-10-08 17:02:46.872,884.91,20261008_164801,bank,rest,,,,,173.8,102.3,1,0.375,0.372,0.003,1,38.72,0.197,0.158,53,ready,9
2026-10-08 17:02:47.074,885.11,20261008_164801,bank,rest,,,,,173.8,102.3,1,0.375,0.372,0.002,1,38.72,0.226,0.187,55,ready,9
2026-10-08 17:02:47.396,885.43,20261008_164801,bank,rest,,,,,,,1,0.373,0.373,0.001,1,38.72,0.207,0.171,53,ready,9
2026-10-08 17:02:47.498,885.53,20261008_164801,bank,rest,,,,,,,1,0.373,0.373,0.001,1,38.71,0.201,0.157,51,ready,9
2026-10-08 17:02:47.702,885.74,20261008_164801,bank,rest,,,,,,,1,0.374,0.373,0.002,1,38.71,0.187,0.145,49,ready,9
2026-10-08 17:02:47.901,885.93,20261008_164801,bank,rest,,,,,84.7,,1,0.376,0.373,0.003,1,38.71,0.181,0.136,46,ready,9
2026-10-08 17:02:48.108,886.14,20261008_164801,bank,rest,,,,,84.7,,1,0.376,0.373,0.004,1,38.71,0.176,0.149,43,ready,9
2026-10-08 17:02:48.313,886.35,20261008_164801,bank,rest,,,,,84.7,,1,0.377,0.373,0.004,1,38.7,0.171,0.174,40,ready,9
2026-10-08 17:02:48.516,886.55,20261008_164801,bank,rest,,,,,84.7,,1,0.377,0.373,0.005,1,38.71,0.171,0.182,39,ready,9
2026-10-08 17:02:48.706,886.74,20261008_164801,bank,rest,,,,,85.6,,1,0.378,0.373,0.005,1,38.71,0.211,0.203,38,ready,9
2026-10-08 17:02:48.929,886.96,20261008_164801,bank,rest,,,,,85.6,,1,0.378,0.373,0.005,1,38.71,0.258,0.196,37,ready,9
2026-10-08 17:02:49.120,887.15,20261008_164801,bank,rest,,,,,85.6,,1,0.377,0.373,0.004,1,38.71,0.237,0.179,37,ready,9
2026-10-08 17:02:49.328,887.36,20261008_164801,bank,rest,,,,,85.6,,1,0.376,0.373,0.003,1,38.71,0.215,0.167,36,ready,9
2026-10-08 17:02:49.524,887.56,20261008_164801,bank,rest,,,,,85.6,,1,0.376,0.373,0.003,1,38.69,0.196,0.151,35,ready,9
2026-10-08 17:02:49.736,887.77,20261008_164801,bank,rest,,,,,85.6,,1,0.376,0.373,0.003,1,38.69,0.179,0.139,34,ready,9
2026-10-08 17:02:49.964,888.0,20261008_164801,bank,rest,,,,,85.6,,1,0.377,0.373,0.003,1,38.7,0.164,0.127,33,ready,9
2026-10-08 17:02:50.156,888.19,20261008_164801,bank,rest,,,,,97.1,,1,0.376,0.373,0.003,1,38.7,0.151,0.117,33,ready,9
2026-10-08 17:02:50.358,888.39,20261008_164801,bank,rest,,,,,97.1,,1,0.376,0.373,0.003,1,38.7,0.144,0.111,32,ready,9
2026-10-08 17:02:50.564,888.6,20261008_164801,bank,rest,,,,,97.1,,1,0.376,0.373,0.003,1,38.7,0.148,0.102,32,ready,9
2026-10-08 17:02:50.767,888.8,20261008_164801,bank,rest,,,,,97.1,,1,0.376,0.373,0.003,1,38.7,0.225,0.193,33,ready,9
2026-10-08 17:02:50.978,889.01,20261008_164801,bank,rest,,,,,97.1,,1,0.373,0.373,-0.001,1,38.7,0.274,0.301,34,ready,9
2026-10-08 17:02:51.177,889.21,20261008_164801,bank,rest,,,,,97.1,,1,0.374,0.373,0.001,1,38.7,0.658,0.512,34,ready,9
2026-10-08 17:02:51.384,889.42,20261008_164801,bank,rest,,,,,97.1,,1,0.376,0.373,0.002,1,38.7,0.616,0.537,35,ready,9
2026-10-08 17:02:51.691,889.72,20261008_164801,bank,rest,,,,,112.1,,1,0.373,0.373,-0.0,1,38.68,0.562,0.487,36,ready,8
2026-10-08 17:02:51.793,889.83,20261008_164801,bank,rest,,,,,112.1,,1,0.374,0.373,0.0,1,38.66,0.511,0.443,37,ready,8
2026-10-08 17:02:52.003,890.04,20261008_164801,bank,rest,,,,,112.7,,1,0.375,0.373,0.001,1,38.67,0.463,0.401,38,ready,8
2026-10-08 17:02:52.214,890.25,20261008_164801,bank,rest,,,,,112.7,,1,0.373,0.373,-0.0,1,38.65,0.42,0.363,38,ready,8
2026-10-08 17:02:52.419,890.45,20261008_164801,bank,rest,,,,,112.7,,1,0.374,0.373,0.0,1,38.66,0.381,0.329,39,ready,8
2026-10-08 17:02:52.636,890.67,20261008_164801,bank,rest,,,,,112.7,,1,0.375,0.373,0.001,1,38.66,0.345,0.298,39,ready,8
2026-10-08 17:02:52.833,890.87,20261008_164801,bank,rest,,,,,112.7,,1,0.375,0.373,0.002,1,38.67,0.313,0.269,39,ready,8
2026-10-08 17:02:53.041,891.07,20261008_164801,bank,rest,,,,,112.7,,1,0.376,0.373,0.002,1,38.67,0.283,0.244,40,ready,8
2026-10-08 17:02:53.245,891.28,20261008_164801,bank,rest,,,,,112.7,,1,0.375,0.373,0.002,1,38.68,0.256,0.221,40,ready,8
2026-10-08 17:02:53.446,891.48,20261008_164801,bank,rest,,,,,112.7,,1,0.376,0.373,0.002,1,38.68,0.232,0.2,40,ready,8
2026-10-08 17:02:53.653,891.69,20261008_164801,bank,rest,,,,,112.7,,1,0.375,0.373,0.002,1,38.68,0.21,0.181,40,ready,8
2026-10-08 17:02:53.948,891.98,20261008_164801,bank,rest,,,,,112.7,,1,0.375,0.374,0.002,1,38.68,0.19,0.164,40,ready,8
2026-10-08 17:02:54.067,892.1,20261008_164801,bank,rest,,,,,112.7,,1,0.373,0.374,-0.0,1,38.68,0.172,0.148,39,ready,8
2026-10-08 17:02:54.273,892.31,20261008_164801,bank,rest,,,,,112.7,,1,0.375,0.374,0.002,1,38.68,0.141,0.121,37,ready,8
2026-10-08 17:02:54.482,892.52,20261008_164801,bank,rest,,,,,112.7,,1,0.376,0.374,0.002,1,38.69,0.128,0.11,37,ready,8
2026-10-08 17:02:54.687,892.72,20261008_164801,bank,rest,,,,,112.7,,1,0.375,0.374,0.002,1,38.69,0.116,0.1,36,ready,9
2026-10-08 17:02:54.900,892.93,20261008_164801,bank,rest,,,,,112.7,,1,0.376,0.374,0.002,1,38.69,0.106,0.09,35,ready,8
2026-10-08 17:02:55.094,893.13,20261008_164801,bank,rest,,,,,112.7,,1,0.376,0.374,0.002,1,38.69,0.096,0.082,34,ready,9
2026-10-08 17:02:55.298,893.33,20261008_164801,bank,rest,,,,,112.7,,1,0.376,0.374,0.002,1,38.69,0.088,0.074,33,ready,8
2026-10-08 17:02:55.503,893.54,20261008_164801,bank,rest,,,,,112.7,,1,0.376,0.374,0.002,1,38.69,0.08,0.067,32,ready,8
2026-10-08 17:02:55.716,893.75,20261008_164801,bank,rest,,,,,112.7,,1,0.376,0.374,0.002,1,38.69,0.073,0.061,32,ready,8
2026-10-08 17:02:55.918,893.95,20261008_164801,bank,rest,,,,,112.7,,1,0.373,0.374,-0.001,1,38.67,0.067,0.055,31,ready,8
2026-10-08 17:02:56.126,894.16,20261008_164801,bank,rest,,,,,112.7,,1,0.375,0.374,0.001,1,38.67,0.062,0.05,30,ready,8
2026-10-08 17:02:56.337,894.37,20261008_164801,bank,rest,,,,,112.7,,1,0.375,0.374,0.001,1,38.68,0.056,0.045,30,ready,8
2026-10-08 17:02:56.545,894.58,20261008_164801,bank,rest,,,,,112.7,,1,0.375,0.374,0.001,1,38.68,0.052,0.042,29,ready,8
2026-10-08 17:02:56.748,894.78,20261008_164801,bank,rest,,,,,112.7,,1,0.375,0.374,0.002,1,38.68,0.048,0.038,29,ready,8
2026-10-08 17:02:56.973,895.01,20261008_164801,bank,rest,,,,,112.7,,1,0.376,0.374,0.002,1,38.68,0.044,0.034,28,ready,8
2026-10-08 17:02:57.234,895.27,20261008_164801,bank,rest,,,,,112.7,,1,0.376,0.374,0.002,1,38.69,0.041,0.031,28,ready,8
2026-10-08 17:02:57.366,895.4,20261008_164801,bank,rest,,,,,112.7,,1,0.376,0.374,0.002,1,38.69,0.037,0.028,27,ready,8
2026-10-08 17:02:57.575,895.61,20261008_164801,bank,rest,,,,,112.7,,1,0.376,0.374,0.002,1,38.69,0.035,0.026,27,ready,8
2026-10-08 17:02:57.784,895.82,20261008_164801,bank,rest,,,,,112.7,,1,0.375,0.374,0.001,1,38.69,0.032,0.024,27,ready,8
2026-10-08 17:02:57.989,896.02,20261008_164801,bank,rest,,,,,112.7,,1,0.375,0.374,0.001,1,38.69,0.03,0.021,26,ready,8
2026-10-08 17:02:58.194,896.23,20261008_164801,bank,rest,,,,,112.7,,1,0.376,0.374,0.002,1,38.69,0.029,0.019,26,ready,8
2026-10-08 17:02:58.419,896.45,20261008_164801,bank,rest,,,,,112.7,,1,0.376,0.374,0.002,1,38.7,0.027,0.018,26,ready,8
2026-10-08 17:02:58.603,896.64,20261008_164801,bank,rest,,,,,112.7,,1,0.376,0.374,0.002,1,38.7,0.026,0.017,26,ready,8
2026-10-08 17:02:58.813,896.85,20261008_164801,bank,rest,,,,,112.7,,1,0.376,0.374,0.002,1,38.7,0.029,0.016,26,ready,8
2026-10-08 17:02:59.061,897.09,20261008_164801,bank,rest,,,,,112.7,,1,0.376,0.374,0.002,1,38.7,0.038,0.025,26,ready,8
2026-10-08 17:02:59.224,897.26,20261008_164801,bank,rest,,,,,112.7,,1,0.376,0.374,0.002,1,38.69,0.073,0.034,26,ready,8
2026-10-08 17:02:59.434,897.47,20261008_164801,bank,rest,,,,,112.7,,1,0.376,0.374,0.002,1,38.69,0.077,0.052,27,ready,8
2026-10-08 17:02:59.642,897.68,20261008_164801,bank,rest,,,,,112.7,,1,0.373,0.374,-0.001,1,38.68,0.109,0.06,27,ready,8
2026-10-08 17:02:59.848,897.88,20261008_164801,bank,rest,,,,,112.7,,1,0.374,0.374,-0.0,1,38.68,0.112,0.076,28,ready,8
2026-10-08 17:03:00.062,898.1,20261008_164801,bank,rest,,,,,,,1,0.375,0.374,0.0,1,38.68,0.104,0.07,28,ready,8
2026-10-08 17:03:00.258,898.29,20261008_164801,bank,rest,,,,,,,1,0.375,0.374,0.001,1,38.69,0.107,0.07,29,ready,8
2026-10-08 17:03:00.465,898.5,20261008_164801,bank,rest,,,,,,,1,0.376,0.374,0.002,1,38.69,0.098,0.069,29,ready,8
2026-10-08 17:03:00.673,898.71,20261008_164801,bank,rest,,,,,96.0,,1,0.376,0.374,0.002,1,38.69,0.121,0.07,29,ready,8
2026-10-08 17:03:00.887,898.92,20261008_164801,bank,rest,,,,,96.0,,1,0.376,0.374,0.001,1,38.69,0.112,0.064,29,ready,8
2026-10-08 17:03:01.088,899.12,20261008_164801,bank,rest,,,,,96.0,,1,0.376,0.374,0.002,1,38.69,0.103,0.06,28,ready,8
2026-10-08 17:03:01.321,899.36,20261008_164801,bank,rest,,,,,96.0,,1,0.376,0.374,0.001,1,38.69,0.094,0.055,28,ready,8
2026-10-08 17:03:01.523,899.56,20261008_164801,bank,rest,,,,,96.0,,1,0.376,0.374,0.001,1,38.69,0.086,0.05,27,ready,9
2026-10-08 17:03:01.707,899.74,20261008_164801,bank,rest,,,,,96.0,,1,0.376,0.374,0.002,1,38.69,0.079,0.045,27,ready,9
2026-10-08 17:03:01.908,899.94,20261008_164801,bank,rest,,,,,96.0,,1,0.376,0.374,0.002,1,38.7,0.072,0.041,26,ready,9
2026-10-08 17:03:02.120,900.15,20261008_164801,bank,rest,,,,,96.0,,1,0.377,0.374,0.002,1,38.7,0.065,0.037,26,ready,9
2026-10-08 17:03:02.333,900.37,20261008_164801,bank,rest,,,,,96.0,,1,0.376,0.374,0.001,1,38.69,0.06,0.034,26,ready,9
2026-10-08 17:03:02.528,900.56,20261008_164801,bank,rest,,,,,96.0,,1,0.376,0.374,0.002,1,38.69,0.056,0.031,25,ready,9
2026-10-08 17:03:02.735,900.77,20261008_164801,bank,rest,,,,,96.0,,1,0.376,0.374,0.002,1,38.7,0.053,0.028,25,ready,9
2026-10-08 17:03:02.938,900.97,20261008_164801,bank,rest,,,,,96.0,,1,0.376,0.374,0.002,1,38.7,0.048,0.026,24,ready,9
2026-10-08 17:03:03.143,901.18,20261008_164801,bank,rest,,,,,96.0,,1,0.376,0.374,0.002,1,38.7,0.046,0.024,24,ready,9
