time_iso,t_sec,run_id,subject,phase,question_no,watch_qid,mode,label,hr_bpm,hrv_ms,ppg_contact,gsr_us,gsr_tonic_us,gsr_phasic_us,gsr_contact,skin_temp_c,tremor_ms2,motion_ms2,stress_index,engine_state,battery_mv
2026-10-08 22:35:24.032,0.12,20261008_223523,prim,rest,,,,,141.0,102.8,1,,,,0,32.57,0.299,0.729,,idle,9
2026-10-08 22:35:24.246,0.34,20261008_223523,prim,rest,,,,,141.0,102.8,1,,,,0,32.59,0.275,0.668,,idle,9
2026-10-08 22:35:24.444,0.54,20261008_223523,prim,rest,,,,,141.0,102.8,1,,,,0,32.6,0.25,0.607,,idle,9
2026-10-08 22:35:24.652,0.74,20261008_223523,prim,rest,,,,,141.0,102.8,1,,,,0,32.61,0.241,0.55,,idle,9
2026-10-08 22:35:24.862,0.95,20261008_223523,prim,rest,,,,,141.0,102.8,1,,,,0,32.62,0.219,0.499,,idle,9
2026-10-08 22:35:25.069,1.16,20261008_223523,prim,rest,,,,,141.0,102.8,1,,,,0,32.62,0.2,0.457,,idle,9
2026-10-08 22:35:25.274,1.37,20261008_223523,prim,rest,,,,,141.0,102.8,1,,,,0,32.63,0.182,0.414,,idle,9
2026-10-08 22:35:25.489,1.58,20261008_223523,prim,rest,,,,,141.0,102.8,1,,,,0,32.64,0.165,0.375,,idle,9
2026-10-08 22:35:25.693,1.79,20261008_223523,prim,rest,,,,,141.0,102.8,1,,,,0,32.64,0.15,0.34,,idle,9
2026-10-08 22:35:25.904,2.0,20261008_223523,prim,rest,,,,,,,1,,,,0,32.65,0.136,0.311,,idle,9
2026-10-08 22:35:26.105,2.2,20261008_223523,prim,rest,,,,,,,1,,,,0,32.66,0.124,0.284,,idle,9
2026-10-08 22:35:26.307,2.4,20261008_223523,prim,rest,,,,,,,1,,,,0,32.66,0.121,0.258,,idle,9
2026-10-08 22:35:26.525,2.62,20261008_223523,prim,baseline,,,,,78.4,,1,,,,0,32.67,0.105,0.269,,baseline,9
2026-10-08 22:35:26.715,2.81,20261008_223523,prim,baseline,,,,,78.4,,1,,,,0,32.68,0.102,0.245,,baseline,9
2026-10-08 22:35:26.930,3.02,20261008_223523,prim,baseline,,,,,78.4,,1,,,,0,32.68,0.097,0.235,,baseline,9
2026-10-08 22:35:27.130,3.22,20261008_223523,prim,baseline,,,,,84.1,,1,,,,0,32.69,0.092,0.242,,baseline,9
2026-10-08 22:35:27.558,3.65,20261008_223523,prim,baseline,,,,,84.1,,1,,,,0,32.69,0.085,0.226,,baseline,9
2026-10-08 22:35:27.558,3.65,20261008_223523,prim,baseline,,,,,84.1,,1,,,,0,32.7,0.08,0.215,,baseline,9
2026-10-08 22:35:27.800,3.89,20261008_223523,prim,baseline,,,,,84.1,,1,,,,0,32.71,0.077,0.197,,baseline,9
2026-10-08 22:35:27.950,4.04,20261008_223523,prim,baseline,,,,,78.4,,1,,,,0,32.71,0.299,0.566,,baseline,9
2026-10-08 22:35:28.156,4.25,20261008_223523,prim,baseline,,,,,78.4,,1,,,,0,32.71,0.948,1.477,,baseline,9
2026-10-08 22:35:28.357,4.45,20261008_223523,prim,baseline,,,,,78.4,,1,,,,0,32.72,1.199,2.571,,baseline,9
2026-10-08 22:35:28.572,4.67,20261008_223523,prim,baseline,,,,,84.1,218.8,1,,,,0,32.73,1.158,2.36,,baseline,9
2026-10-08 22:35:28.777,4.87,20261008_223523,prim,baseline,,,,,84.1,218.8,1,,,,0,32.74,1.218,2.166,,baseline,9
2026-10-08 22:35:28.970,5.06,20261008_223523,prim,baseline,,,,,84.1,218.8,1,,,,0,32.75,1.116,2.0,,baseline,9
2026-10-08 22:35:29.175,5.27,20261008_223523,prim,baseline,,,,,84.1,218.8,1,,,,0,32.75,1.018,1.825,,baseline,9
2026-10-08 22:35:29.381,5.47,20261008_223523,prim,baseline,,,,,84.1,218.8,1,,,,0,32.76,0.952,1.664,,baseline,9
2026-10-08 22:35:29.585,5.68,20261008_223523,prim,baseline,,,,,84.1,218.8,1,,,,0,32.77,0.887,1.512,,baseline,9
2026-10-08 22:35:29.790,5.88,20261008_223523,prim,baseline,,,,,84.1,218.8,1,,,,0,32.76,0.841,1.372,,baseline,9
2026-10-08 22:35:29.995,6.09,20261008_223523,prim,baseline,,,,,84.1,218.8,1,,,,0,32.77,0.826,1.339,,baseline,9
2026-10-08 22:35:30.202,6.29,20261008_223523,prim,baseline,,,,,84.1,218.8,1,,,,0,32.78,0.817,1.244,,baseline,9
2026-10-08 22:35:30.407,6.5,20261008_223523,prim,baseline,,,,,81.1,218.8,1,,,,0,32.79,0.748,1.128,,baseline,9
2026-10-08 22:35:30.617,6.71,20261008_223523,prim,baseline,,,,,81.1,218.8,1,,,,0,32.81,0.678,1.021,,baseline,9
2026-10-08 22:35:30.826,6.92,20261008_223523,prim,baseline,,,,,81.1,218.8,1,,,,0,32.82,0.614,0.924,,baseline,9
2026-10-08 22:35:31.031,7.12,20261008_223523,prim,baseline,,,,,81.1,218.8,1,,,,0,32.83,0.555,0.836,,baseline,9
2026-10-08 22:35:31.237,7.33,20261008_223523,prim,baseline,,,,,81.1,218.8,1,,,,0,32.84,0.503,0.757,,baseline,9
2026-10-08 22:35:31.457,7.55,20261008_223523,prim,baseline,,,,,81.1,218.8,1,,,,0,32.84,0.455,0.685,,baseline,9
2026-10-08 22:35:31.647,7.74,20261008_223523,prim,baseline,,,,,81.1,218.8,1,,,,0,32.85,0.412,0.62,,baseline,9
2026-10-08 22:35:31.855,7.95,20261008_223523,prim,baseline,,,,,81.1,218.8,1,,,,0,32.86,0.373,0.561,,baseline,9
2026-10-08 22:35:32.062,8.15,20261008_223523,prim,baseline,,,,,81.1,218.8,1,,,,0,32.88,0.338,0.507,,baseline,9
2026-10-08 22:35:32.275,8.37,20261008_223523,prim,baseline,,,,,81.1,218.8,1,,,,0,32.88,0.306,0.459,,baseline,9
2026-10-08 22:35:32.470,8.56,20261008_223523,prim,baseline,,,,,81.1,218.8,1,,,,0,32.89,0.277,0.416,,baseline,9
2026-10-08 22:35:32.676,8.77,20261008_223523,prim,baseline,,,,,81.1,218.8,1,,,,0,32.9,0.251,0.376,,baseline,8
2026-10-08 22:35:32.881,8.97,20261008_223523,prim,baseline,,,,,81.1,218.8,1,,,,0,32.89,0.227,0.34,,baseline,9
2026-10-08 22:35:33.081,9.17,20261008_223523,prim,baseline,,,,,81.1,218.8,1,,,,0,32.9,0.206,0.308,,baseline,8
2026-10-08 22:35:33.292,9.38,20261008_223523,prim,baseline,,,,,81.1,218.8,1,,,,0,32.91,0.186,0.279,,baseline,8
2026-10-08 22:35:33.496,9.59,20261008_223523,prim,baseline,,,,,81.1,218.8,1,,,,0,32.92,0.169,0.252,,baseline,8
2026-10-08 22:35:33.702,9.8,20261008_223523,prim,baseline,,,,,81.1,218.8,1,,,,0,32.92,0.153,0.228,,baseline,8
2026-10-08 22:35:34.172,10.26,20261008_223523,prim,baseline,,,,,,,1,,,,0,32.93,0.138,0.206,,baseline,8
2026-10-08 22:35:34.173,10.27,20261008_223523,prim,baseline,,,,,,,1,,,,0,32.94,0.114,0.169,,baseline,8
2026-10-08 22:35:34.325,10.42,20261008_223523,prim,baseline,,,,,,,1,,,,0,32.95,0.155,0.154,,baseline,8
2026-10-08 22:35:34.531,10.62,20261008_223523,prim,baseline,,,,,,,1,,,,0,32.95,0.15,0.142,,baseline,8
2026-10-08 22:35:34.735,10.83,20261008_223523,prim,baseline,,,,,,,1,,,,0,32.96,0.144,0.131,,baseline,8
2026-10-08 22:35:34.943,11.04,20261008_223523,prim,baseline,,,,,,,1,,,,0,32.97,0.131,0.119,,baseline,8
2026-10-08 22:35:35.148,11.24,20261008_223523,prim,baseline,,,,,,,1,,,,0,32.97,0.12,0.108,,baseline,8
2026-10-08 22:35:35.356,11.45,20261008_223523,prim,baseline,,,,,,,1,,,,0,32.97,0.112,0.098,,baseline,8
2026-10-08 22:35:35.560,11.65,20261008_223523,prim,baseline,,,,,,,1,,,,0,32.98,0.104,0.091,,baseline,8
2026-10-08 22:35:35.771,11.86,20261008_223523,prim,baseline,,,,,145.2,,1,,,,0,32.98,0.095,0.084,,baseline,8
2026-10-08 22:35:35.971,12.06,20261008_223523,prim,baseline,,,,,145.2,,1,,,,0,32.97,0.086,0.076,,baseline,8
2026-10-08 22:35:36.188,12.28,20261008_223523,prim,baseline,,,,,158.7,,1,,,,0,32.97,0.083,0.07,,baseline,8
2026-10-08 22:35:36.385,12.48,20261008_223523,prim,baseline,,,,,158.7,,1,,,,0,32.98,0.076,0.066,,baseline,8
2026-10-08 22:35:36.597,12.69,20261008_223523,prim,baseline,,,,,142.4,,1,,,,0,32.95,0.07,0.061,,baseline,8
2026-10-08 22:35:36.807,12.9,20261008_223523,prim,baseline,,,,,142.4,,1,,,,0,32.96,0.064,0.057,,baseline,8
2026-10-08 22:35:37.012,13.1,20261008_223523,prim,baseline,,,,,142.4,,1,,,,0,32.97,0.059,0.051,,baseline,8
2026-10-08 22:35:37.220,13.31,20261008_223523,prim,baseline,,,,,129.0,71.8,1,,,,0,32.95,0.053,0.047,,baseline,8
2026-10-08 22:35:37.421,13.51,20261008_223523,prim,baseline,,,,,129.0,71.8,1,,,,0,32.96,0.049,0.042,,baseline,8
2026-10-08 22:35:37.626,13.72,20261008_223523,prim,baseline,,,,,129.0,71.8,1,,,,0,32.97,0.045,0.038,,baseline,8
2026-10-08 22:35:37.836,13.93,20261008_223523,prim,baseline,,,,,129.0,71.8,1,,,,0,32.98,0.05,0.041,,baseline,8
2026-10-08 22:35:38.040,14.13,20261008_223523,prim,baseline,,,,,129.0,71.8,1,,,,0,32.99,0.049,0.048,,baseline,9
2026-10-08 22:35:38.253,14.35,20261008_223523,prim,baseline,,,,,129.0,71.8,1,,,,0,32.99,0.046,0.049,,baseline,9
2026-10-08 22:35:38.457,14.55,20261008_223523,prim,baseline,,,,,129.0,71.8,1,,,,0,33.0,0.042,0.046,,baseline,9
2026-10-08 22:35:38.661,14.75,20261008_223523,prim,baseline,,,,,129.0,71.8,1,,,,0,33.01,0.039,0.042,,baseline,9
2026-10-08 22:35:38.878,14.97,20261008_223523,prim,baseline,,,,,129.0,71.8,1,,,,0,33.01,0.036,0.038,,baseline,9
2026-10-08 22:35:39.075,15.17,20261008_223523,prim,baseline,,,,,129.0,71.8,1,,,,0,33.02,0.033,0.035,,baseline,9
2026-10-08 22:35:39.284,15.38,20261008_223523,prim,baseline,,,,,129.0,71.8,1,,,,0,33.02,0.031,0.032,,baseline,9
2026-10-08 22:35:39.487,15.58,20261008_223523,prim,baseline,,,,,129.0,71.8,1,,,,0,33.03,0.029,0.029,,baseline,9
2026-10-08 22:35:41.667,17.76,20261008_223523,prim,baseline,,,,,,,1,,,,0,33.08,0.015,0.011,,baseline,9
2026-10-08 22:35:41.858,17.95,20261008_223523,prim,baseline,,,,,,,1,,,,0,33.08,0.014,0.01,,baseline,9
2026-10-08 22:35:42.061,18.15,20261008_223523,prim,baseline,,,,,,,1,,,,0,33.08,0.014,0.01,,baseline,9
2026-10-08 22:35:42.267,18.36,20261008_223523,prim,baseline,,,,,,,1,,,,0,33.09,0.015,0.009,,baseline,9
2026-10-08 22:35:42.482,18.57,20261008_223523,prim,baseline,,,,,,,1,,,,0,33.09,0.015,0.008,,baseline,9
2026-10-08 22:35:42.687,18.78,20261008_223523,prim,baseline,,,,,,,1,,,,0,33.07,0.015,0.008,,baseline,9
2026-10-08 22:35:42.893,18.99,20261008_223523,prim,baseline,,,,,117.4,71.8,1,,,,0,33.08,0.014,0.011,,baseline,8
2026-10-08 22:35:43.096,19.19,20261008_223523,prim,baseline,,,,,117.4,71.8,1,,,,0,33.09,0.015,0.011,,baseline,8
2026-10-08 22:35:43.305,19.4,20261008_223523,prim,baseline,,,,,117.4,77.7,1,,,,0,33.1,0.018,0.013,,baseline,8
2026-10-08 22:35:43.507,19.6,20261008_223523,prim,baseline,,,,,117.4,77.7,1,,,,0,33.1,0.017,0.012,,baseline,9
2026-10-08 22:35:43.714,19.81,20261008_223523,prim,baseline,,,,,117.4,77.7,1,,,,0,33.11,0.026,0.012,,baseline,8
2026-10-08 22:35:43.917,20.01,20261008_223523,prim,baseline,,,,,117.4,77.7,1,,,,0,33.12,0.026,0.012,,baseline,9
2026-10-08 22:35:44.126,20.22,20261008_223523,prim,baseline,,,,,117.4,77.7,1,,,,0,33.13,0.025,0.013,,baseline,9
2026-10-08 22:35:44.331,20.42,20261008_223523,prim,baseline,,,,,117.4,77.7,1,,,,0,33.14,0.028,0.012,,baseline,8
2026-10-08 22:35:44.538,20.63,20261008_223523,prim,baseline,,,,,117.4,77.7,1,,,,0,33.15,0.03,0.013,,baseline,8
2026-10-08 22:35:44.746,20.84,20261008_223523,prim,baseline,,,,,117.4,77.7,1,,,,0,33.17,0.027,0.011,,baseline,8
2026-10-08 22:35:44.955,21.05,20261008_223523,prim,baseline,,,,,117.4,77.7,1,,,,0,33.18,0.025,0.012,,baseline,9
2026-10-08 22:35:45.157,21.25,20261008_223523,prim,baseline,,,,,117.4,77.7,1,,,,0,33.19,0.026,0.012,,baseline,9
2026-10-08 22:35:45.360,21.45,20261008_223523,prim,baseline,,,,,117.4,77.7,1,,,,0,33.19,0.033,0.018,,baseline,9
2026-10-08 22:35:45.574,21.67,20261008_223523,prim,baseline,,,,,117.4,77.7,1,,,,0,33.2,0.04,0.023,,baseline,9
2026-10-08 22:35:45.777,21.87,20261008_223523,prim,baseline,,,,,117.4,77.7,1,,,,0,33.21,0.051,0.024,,baseline,9
2026-10-08 22:35:45.984,22.08,20261008_223523,prim,baseline,,,,,117.4,77.7,1,,,,0,33.22,0.057,0.026,,baseline,9
2026-10-08 22:35:46.187,22.28,20261008_223523,prim,baseline,,,,,131.3,77.7,1,,,,0,33.23,0.118,0.043,,baseline,9
2026-10-08 22:35:46.396,22.49,20261008_223523,prim,baseline,,,,,131.3,77.7,1,,,,0,33.24,0.13,0.072,,baseline,9
2026-10-08 22:35:46.610,22.7,20261008_223523,prim,baseline,,,,,131.3,77.7,1,,,,0,33.24,0.125,0.08,,baseline,9
2026-10-08 22:35:46.815,22.91,20261008_223523,prim,baseline,,,,,132.7,77.7,1,,,,0,33.22,0.126,0.088,,baseline,8
2026-10-08 22:35:47.016,23.11,20261008_223523,prim,baseline,,,,,132.7,77.7,1,,,,0,33.2,0.134,0.092,,baseline,8
2026-10-08 22:35:47.223,23.32,20261008_223523,prim,baseline,,,,,132.7,77.7,1,,,,0,33.21,0.125,0.086,,baseline,8
2026-10-08 22:35:47.434,23.53,20261008_223523,prim,baseline,,,,,132.7,78.8,1,,,,0,33.22,0.114,0.078,,baseline,8
2026-10-08 22:35:47.637,23.73,20261008_223523,prim,baseline,,,,,132.7,78.8,1,,,,0,33.24,0.105,0.071,,baseline,8
2026-10-08 22:35:47.845,23.94,20261008_223523,prim,baseline,,,,,132.7,78.8,1,,,,0,33.25,0.107,0.068,,baseline,8
2026-10-08 22:35:48.051,24.14,20261008_223523,prim,baseline,,,,,132.7,78.8,1,,,,0,33.26,0.101,0.063,,baseline,8
2026-10-08 22:35:48.482,24.58,20261008_223523,prim,baseline,,,,,132.7,72.9,1,,,,0,33.27,0.095,0.067,,baseline,8
2026-10-08 22:35:48.483,24.58,20261008_223523,prim,baseline,,,,,132.7,72.9,1,,,,0,33.28,0.088,0.062,,baseline,8
2026-10-08 22:35:48.669,24.76,20261008_223523,prim,baseline,,,,,123.2,78.0,1,,,,0,33.29,0.085,0.06,,baseline,8
2026-10-08 22:35:48.881,24.97,20261008_223523,prim,baseline,,,,,123.2,78.0,1,,,,0,33.29,0.08,0.055,,baseline,8
2026-10-08 22:35:49.090,25.18,20261008_223523,prim,baseline,,,,,123.2,78.0,1,,,,0,33.3,0.076,0.05,,baseline,8
2026-10-08 22:35:49.286,25.38,20261008_223523,prim,baseline,,,,,123.2,78.0,1,,,,0,33.31,0.082,0.05,,baseline,8
2026-10-08 22:35:49.497,25.59,20261008_223523,prim,baseline,,,,,123.2,78.0,1,,,,0,33.32,0.118,0.06,,baseline,8
2026-10-08 22:35:49.698,25.79,20261008_223523,prim,baseline,,,,,123.2,78.0,1,,,,0,33.32,0.143,0.056,,baseline,9
2026-10-08 22:35:49.901,25.99,20261008_223523,prim,baseline,,,,,123.2,78.0,1,,,,0,33.34,0.169,0.064,,baseline,9
2026-10-08 22:35:50.108,26.2,20261008_223523,prim,baseline,,,,,123.2,78.0,1,,,,0,33.35,0.158,0.068,,baseline,9
2026-10-08 22:35:50.324,26.42,20261008_223523,prim,baseline,,,,,123.2,78.0,1,,,,0,33.35,0.159,0.069,,baseline,9
2026-10-08 22:35:50.521,26.61,20261008_223523,prim,baseline,,,,,123.2,78.0,1,,,,0,33.36,0.174,0.068,,baseline,9
2026-10-08 22:35:50.732,26.82,20261008_223523,prim,baseline,,,,,123.2,78.0,1,,,,0,33.36,0.158,0.063,,baseline,9
2026-10-08 22:35:50.934,27.03,20261008_223523,prim,baseline,,,,,123.2,78.0,1,,,,0,33.37,0.144,0.058,,baseline,9
2026-10-08 22:35:51.137,27.23,20261008_223523,prim,baseline,,,,,,,1,,,,0,33.37,0.13,0.054,,baseline,9
2026-10-08 22:35:51.347,27.44,20261008_223523,prim,baseline,,,,,89.4,,1,,,,0,33.38,0.107,0.045,,baseline,9
2026-10-08 22:35:51.558,27.65,20261008_223523,prim,baseline,,,,,89.4,,1,,,,0,33.39,0.097,0.041,,baseline,9
2026-10-08 22:35:51.757,27.85,20261008_223523,prim,baseline,,,,,107.3,,1,,,,0,33.39,0.088,0.038,,baseline,9
2026-10-08 22:35:51.965,28.06,20261008_223523,prim,baseline,,,,,107.3,,1,,,,0,33.4,0.08,0.035,,baseline,9
2026-10-08 22:35:52.167,28.26,20261008_223523,prim,baseline,,,,,107.3,,1,,,,0,33.4,0.073,0.032,,baseline,9
2026-10-08 22:35:52.371,28.46,20261008_223523,prim,baseline,,,,,112.0,,1,,,,0,33.41,0.066,0.029,,baseline,9
2026-10-08 22:35:52.578,28.67,20261008_223523,prim,baseline,,,,,112.0,,1,,,,0,33.42,0.062,0.029,,baseline,9
2026-10-08 22:35:52.785,28.88,20261008_223523,prim,baseline,,,,,112.0,,1,,,,0,33.42,0.058,0.027,,baseline,9
2026-10-08 22:35:52.991,29.08,20261008_223523,prim,baseline,,,,,107.3,153.0,1,,,,0,33.43,0.084,0.027,,baseline,9
2026-10-08 22:35:53.201,29.29,20261008_223523,prim,baseline,,,,,107.3,153.0,1,,,,0,33.44,0.078,0.034,,baseline,9
2026-10-08 22:35:53.420,29.51,20261008_223523,prim,baseline,,,,,107.3,153.0,1,,,,0,33.44,0.071,0.033,,baseline,9
2026-10-08 22:35:53.617,29.71,20261008_223523,prim,baseline,,,,,107.3,144.5,1,,,,0,33.45,0.065,0.03,,baseline,9
2026-10-08 22:35:53.821,29.91,20261008_223523,prim,baseline,,,,,107.3,144.5,1,,,,0,33.46,0.059,0.028,,baseline,9
2026-10-08 22:35:54.027,30.12,20261008_223523,prim,baseline,,,,,107.3,144.5,1,,,,0,33.46,0.054,0.025,,baseline,9
2026-10-08 22:35:54.237,30.33,20261008_223523,prim,baseline,,,,,107.3,144.5,1,,,,0,33.47,0.049,0.023,,baseline,9
2026-10-08 22:35:54.447,30.54,20261008_223523,prim,baseline,,,,,107.3,144.5,1,,,,0,33.49,0.044,0.021,,baseline,9
2026-10-08 22:35:54.662,30.76,20261008_223523,prim,baseline,,,,,107.3,144.5,1,,,,0,33.5,0.04,0.02,,baseline,9
2026-10-08 22:35:54.858,30.95,20261008_223523,prim,baseline,,,,,107.3,144.5,1,,,,0,33.5,0.037,0.018,,baseline,9
2026-10-08 22:35:55.067,31.16,20261008_223523,prim,baseline,,,,,107.3,144.5,1,,,,0,33.51,0.038,0.018,,baseline,9
2026-10-08 22:35:55.300,31.39,20261008_223523,prim,baseline,,,,,117.0,144.5,1,,,,0,33.52,0.04,0.02,,baseline,9
2026-10-08 22:35:55.480,31.57,20261008_223523,prim,baseline,,,,,117.0,144.5,1,,,,0,33.53,0.04,0.019,,baseline,9
2026-10-08 22:35:55.687,31.78,20261008_223523,prim,baseline,,,,,117.0,144.5,1,,,,0,33.54,0.052,0.022,,baseline,9
2026-10-08 22:35:55.896,31.99,20261008_223523,prim,baseline,,,,,117.0,144.5,1,,,,0,33.55,0.051,0.023,,baseline,9
2026-10-08 22:35:56.113,32.21,20261008_223523,prim,baseline,,,,,117.0,144.5,1,,,,0,33.56,0.049,0.022,,baseline,9
2026-10-08 22:35:56.314,32.41,20261008_223523,prim,baseline,,,,,117.0,144.5,1,,,,0,33.57,0.05,0.023,,baseline,9
2026-10-08 22:35:56.513,32.61,20261008_223523,prim,rest,,,,,117.0,144.5,1,,,,0,33.57,0.051,0.022,24,ready,9
2026-10-08 22:35:56.721,32.81,20261008_223523,prim,rest,,,,,117.0,144.5,1,,,,0,33.58,0.052,0.021,24,ready,9
2026-10-08 22:35:56.937,33.03,20261008_223523,prim,rest,,,,,117.0,144.5,1,,,,0,33.59,0.049,0.019,24,ready,9
2026-10-08 22:35:57.132,33.22,20261008_223523,prim,rest,,,,,117.0,144.5,1,,,,0,33.6,0.049,0.019,24,ready,9
2026-10-08 22:35:57.340,33.43,20261008_223523,prim,rest,,,,,111.6,144.5,1,,,,0,33.61,0.051,0.02,24,ready,9
2026-10-08 22:35:57.551,33.64,20261008_223523,prim,rest,,,,,111.6,144.5,1,,,,0,33.62,0.049,0.02,23,ready,9
2026-10-08 22:35:57.761,33.85,20261008_223523,prim,rest,,,,,111.6,140.5,1,,,,0,33.63,0.06,0.022,23,ready,9
2026-10-08 22:35:57.975,34.07,20261008_223523,prim,rest,,,,,111.6,140.5,1,,,,0,33.64,0.063,0.024,23,ready,9
2026-10-08 22:35:58.181,34.27,20261008_223523,prim,rest,,,,,120.6,133.4,1,,,,0,33.64,0.061,0.024,23,ready,9
2026-10-08 22:35:58.378,34.47,20261008_223523,prim,rest,,,,,120.6,133.4,1,,,,0,33.65,0.058,0.023,24,ready,9
2026-10-08 22:35:58.588,34.68,20261008_223523,prim,rest,,,,,136.3,126.4,1,,,,0,33.65,0.054,0.022,26,ready,9
2026-10-08 22:35:58.786,34.88,20261008_223523,prim,rest,,,,,136.3,126.4,1,,,,0,33.66,0.114,0.044,28,ready,9
2026-10-08 22:35:59.005,35.1,20261008_223523,prim,rest,,,,,136.3,126.4,1,,,,0,33.66,0.107,0.042,30,ready,9
2026-10-08 22:35:59.197,35.29,20261008_223523,prim,rest,,,,,136.3,126.4,1,,,,0,33.67,0.106,0.041,31,ready,9
2026-10-08 22:35:59.404,35.5,20261008_223523,prim,rest,,,,,136.3,126.4,1,,,,0,33.67,0.099,0.039,32,ready,9
2026-10-08 22:35:59.617,35.71,20261008_223523,prim,rest,,,,,136.3,126.4,1,,,,0,33.68,0.092,0.041,33,ready,9
2026-10-08 22:35:59.813,35.91,20261008_223523,prim,rest,,,,,136.3,126.4,1,,,,0,33.68,0.087,0.038,34,ready,9
2026-10-08 22:36:00.029,36.12,20261008_223523,prim,rest,,,,,136.3,126.4,1,,,,0,33.68,0.084,0.035,34,ready,9
2026-10-08 22:36:00.230,36.32,20261008_223523,prim,rest,,,,,136.3,126.4,1,,,,0,33.68,0.081,0.032,34,ready,9
2026-10-08 22:36:00.430,36.52,20261008_223523,prim,rest,,,,,136.3,126.4,1,,,,0,33.68,0.088,0.03,35,ready,9
2026-10-08 22:36:00.645,36.74,20261008_223523,prim,rest,,,,,136.3,126.4,1,,,,0,33.68,0.087,0.028,35,ready,9
2026-10-08 22:36:00.845,36.94,20261008_223523,prim,rest,,,,,136.3,126.4,1,,,,0,33.69,0.081,0.028,35,ready,9
2026-10-08 22:36:01.055,37.15,20261008_223523,prim,rest,,,,,136.3,126.4,1,,,,0,33.69,0.075,0.026,36,ready,9
2026-10-08 22:36:01.258,37.35,20261008_223523,prim,rest,,,,,136.3,126.4,1,,,,0,33.7,0.091,0.025,36,ready,9
2026-10-08 22:36:01.460,37.55,20261008_223523,prim,rest,,,,,136.3,126.4,1,,,,0,33.7,0.09,0.029,36,ready,9
2026-10-08 22:36:01.691,37.78,20261008_223523,prim,rest,,,,,136.3,126.4,1,,,,0,33.71,0.091,0.039,36,ready,9
2026-10-08 22:36:01.875,37.97,20261008_223523,prim,rest,,,,,136.3,126.4,1,,,,0,33.71,0.086,0.042,36,ready,9
2026-10-08 22:36:02.080,38.17,20261008_223523,prim,rest,,,,,136.3,126.4,1,,,,0,33.71,0.083,0.04,36,ready,9
2026-10-08 22:36:02.308,38.4,20261008_223523,prim,rest,,,,,136.3,126.4,1,,,,0,33.71,0.078,0.037,36,ready,9
2026-10-08 22:36:02.496,38.59,20261008_223523,prim,rest,,,,,136.3,126.4,1,,,,0,33.72,0.093,0.035,36,ready,9
2026-10-08 22:36:02.700,38.79,20261008_223523,prim,rest,,,,,136.3,126.4,1,,,,0,33.72,0.084,0.032,36,ready,9
2026-10-08 22:36:02.926,39.02,20261008_223523,prim,rest,,,,,136.3,126.4,1,,,,0,33.72,0.078,0.03,36,ready,9
2026-10-08 22:36:03.116,39.21,20261008_223523,prim,rest,,,,,136.3,126.4,1,,,,0,33.73,0.076,0.032,36,ready,9
2026-10-08 22:36:03.331,39.42,20261008_223523,prim,rest,,,,,136.3,126.4,1,,,,0,33.73,0.076,0.032,36,ready,9
2026-10-08 22:36:03.533,39.63,20261008_223523,prim,rest,,,,,136.3,126.4,1,,,,0,33.73,0.07,0.03,36,ready,9
2026-10-08 22:36:03.740,39.83,20261008_223523,prim,rest,,,,,136.3,126.4,1,,,,0,33.74,0.067,0.032,36,ready,9
2026-10-08 22:36:03.942,40.03,20261008_223523,prim,rest,,,,,136.3,126.4,1,,,,0,33.74,0.068,0.031,36,ready,9
2026-10-08 22:36:04.139,40.23,20261008_223523,prim,rest,,,,,,,1,,,,0,33.74,0.064,0.028,33,ready,9
2026-10-08 22:36:04.355,40.45,20261008_223523,prim,rest,,,,,,,1,,,,0,33.74,0.061,0.026,30,ready,9
2026-10-08 22:36:04.558,40.65,20261008_223523,prim,rest,,,,,63.0,,1,,,,0,33.72,0.054,0.023,24,ready,9
2026-10-08 22:36:04.761,40.85,20261008_223523,prim,rest,,,,,63.0,,1,,,,0,33.73,0.056,0.022,21,ready,9
2026-10-08 22:36:04.968,41.06,20261008_223523,prim,rest,,,,,63.0,,1,,,,0,33.73,0.055,0.02,18,ready,9
2026-10-08 22:36:05.168,41.26,20261008_223523,prim,rest,,,,,63.0,,1,,,,0,33.74,0.05,0.018,16,ready,9
2026-10-08 22:36:05.389,41.48,20261008_223523,prim,rest,,,,,63.0,,1,,,,0,33.74,0.046,0.017,14,ready,9
2026-10-08 22:36:05.577,41.67,20261008_223523,prim,rest,,,,,63.0,,1,,,,0,33.75,0.042,0.016,13,ready,9
2026-10-08 22:36:07.760,43.85,20261008_223523,prim,rest,,,,,57.6,,1,,,,0,33.83,0.043,0.027,7,ready,9
2026-10-08 22:36:08.047,44.14,20261008_223523,prim,rest,,,,,57.6,,1,,,,0,33.84,0.045,0.027,6,ready,9
2026-10-08 22:36:08.178,44.27,20261008_223523,prim,rest,,,,,64.7,,1,,,,0,33.85,0.046,0.028,6,ready,9
2026-10-08 22:36:08.389,44.48,20261008_223523,prim,rest,,,,,64.7,,1,,,,0,33.86,0.055,0.028,6,ready,9
2026-10-08 22:36:08.596,44.69,20261008_223523,prim,rest,,,,,64.7,,1,,,,0,33.87,0.057,0.026,7,ready,9
2026-10-08 22:36:08.808,44.9,20261008_223523,prim,rest,,,,,64.7,,1,,,,0,33.88,0.055,0.026,7,ready,9
2026-10-08 22:36:09.017,45.11,20261008_223523,prim,rest,,,,,73.7,,1,,,,0,33.87,0.051,0.024,7,ready,9
2026-10-08 22:36:09.226,45.32,20261008_223523,prim,rest,,,,,73.7,,1,,,,0,33.88,0.048,0.021,7,ready,9
2026-10-08 22:36:09.426,45.52,20261008_223523,prim,rest,,,,,73.7,,1,,,,0,33.89,0.079,0.029,8,ready,9
2026-10-08 22:36:09.629,45.72,20261008_223523,prim,rest,,,,,73.7,,1,,,,0,33.9,0.112,0.048,8,ready,9
2026-10-08 22:36:09.837,45.93,20261008_223523,prim,rest,,,,,73.7,,1,,,,0,33.91,0.147,0.058,8,ready,9
2026-10-08 22:36:10.041,46.13,20261008_223523,prim,rest,,,,,73.7,,1,,,,0,33.92,0.152,0.057,8,ready,9
2026-10-08 22:36:10.247,46.34,20261008_223523,prim,rest,,,,,73.7,,1,,,,0,33.92,0.153,0.057,8,ready,9
2026-10-08 22:36:10.458,46.55,20261008_223523,prim,rest,,,,,73.7,,1,,,,0,33.93,0.154,0.061,9,ready,9
2026-10-08 22:36:10.658,46.75,20261008_223523,prim,rest,,,,,75.9,,1,,,,0,33.94,0.162,0.063,9,ready,9
2026-10-08 22:36:10.868,46.96,20261008_223523,prim,rest,,,,,75.9,,1,,,,0,33.94,0.166,0.061,9,ready,9
2026-10-08 22:36:11.079,47.17,20261008_223523,prim,rest,,,,,75.9,,1,,,,0,33.95,0.175,0.067,9,ready,9
2026-10-08 22:36:11.275,47.37,20261008_223523,prim,rest,,,,,75.9,287.1,1,,,,0,33.95,0.187,0.074,9,ready,9
2026-10-08 22:36:11.485,47.58,20261008_223523,prim,rest,,,,,75.9,287.1,1,,,,0,33.96,0.198,0.08,9,ready,9
2026-10-08 22:36:11.689,47.78,20261008_223523,prim,rest,,,,,75.9,287.1,1,,,,0,33.97,0.196,0.074,10,ready,9
2026-10-08 22:36:11.902,47.99,20261008_223523,prim,rest,,,,,75.9,287.1,1,,,,0,33.98,0.179,0.068,10,ready,9
2026-10-08 22:36:12.111,48.2,20261008_223523,prim,rest,,,,,87.2,257.7,1,,,,0,33.98,0.163,0.063,10,ready,9
2026-10-08 22:36:12.314,48.41,20261008_223523,prim,rest,,,,,87.2,257.7,1,,,,0,33.99,0.147,0.057,11,ready,9
2026-10-08 22:36:12.518,48.61,20261008_223523,prim,rest,,,,,87.2,257.7,1,,,,0,34.0,0.135,0.052,11,ready,9
2026-10-08 22:36:12.727,48.82,20261008_223523,prim,rest,,,,,87.2,257.7,1,,,,0,34.0,0.125,0.048,11,ready,9
2026-10-08 22:36:12.933,49.03,20261008_223523,prim,rest,,,,,87.2,257.7,1,,,,0,34.01,0.12,0.044,12,ready,9
2026-10-08 22:36:13.139,49.23,20261008_223523,prim,rest,,,,,87.2,257.7,1,,,,0,34.01,0.109,0.04,12,ready,9
2026-10-08 22:36:13.364,49.46,20261008_223523,prim,rest,,,,,87.2,257.7,1,,,,0,34.02,0.1,0.037,12,ready,9
2026-10-08 22:36:13.558,49.65,20261008_223523,prim,rest,,,,,87.2,257.7,1,,,,0,34.02,0.093,0.035,12,ready,9
2026-10-08 22:36:13.757,49.85,20261008_223523,prim,rest,,,,,87.2,257.7,1,,,,0,34.03,0.105,0.045,12,ready,9
2026-10-08 22:36:13.963,50.06,20261008_223523,prim,rest,,,,,87.2,257.7,1,,,,0,34.03,0.108,0.05,12,ready,9
2026-10-08 22:36:14.170,50.26,20261008_223523,prim,rest,,,,,87.2,257.7,1,,,,0,34.04,0.106,0.047,12,ready,9
2026-10-08 22:36:14.380,50.47,20261008_223523,prim,rest,,,,,87.2,257.7,1,,,,0,34.04,0.097,0.043,12,ready,9
2026-10-08 22:36:14.579,50.67,20261008_223523,prim,rest,,,,,87.2,257.7,1,,,,0,34.05,0.089,0.04,12,ready,9
2026-10-08 22:36:14.787,50.88,20261008_223523,prim,rest,,,,,87.2,257.7,1,,,,0,34.05,0.082,0.036,12,ready,9
2026-10-08 22:36:14.993,51.09,20261008_223523,prim,rest,,,,,87.2,257.7,1,,,,0,34.05,0.075,0.033,12,ready,9
2026-10-08 22:36:15.201,51.29,20261008_223523,prim,rest,,,,,87.2,257.7,1,,,,0,34.06,0.081,0.033,12,ready,9
2026-10-08 22:36:15.410,51.5,20261008_223523,prim,rest,,,,,87.2,235.9,1,,,,0,34.06,0.08,0.032,12,ready,9
2026-10-08 22:36:15.719,51.81,20261008_223523,prim,rest,,,,,87.2,235.9,1,,,,0,34.04,0.07,0.029,12,ready,9
2026-10-08 22:36:15.827,51.92,20261008_223523,prim,rest,,,,,87.2,236.2,1,,,,0,34.04,0.064,0.027,12,ready,9
2026-10-08 22:36:16.031,52.12,20261008_223523,prim,rest,,,,,87.2,236.2,1,,,,0,34.05,0.058,0.025,12,ready,9
2026-10-08 22:36:16.233,52.33,20261008_223523,prim,rest,,,,,87.2,236.2,1,,,,0,34.05,0.053,0.023,12,ready,9
2026-10-08 22:36:16.438,52.53,20261008_223523,prim,rest,,,,,87.2,236.2,1,,,,0,34.06,0.049,0.021,12,ready,9
2026-10-08 22:36:16.650,52.74,20261008_223523,prim,rest,,,,,87.2,236.2,1,,,,0,34.07,0.045,0.019,12,ready,9
2026-10-08 22:36:16.859,52.95,20261008_223523,prim,rest,,,,,87.2,236.2,1,,,,0,34.07,0.041,0.018,12,ready,9
2026-10-08 22:36:17.061,53.15,20261008_223523,prim,rest,,,,,87.2,236.2,1,,,,0,34.08,0.041,0.017,12,ready,9
2026-10-08 22:36:17.268,53.36,20261008_223523,prim,rest,,,,,87.2,236.2,1,,,,0,34.08,0.039,0.016,12,ready,9
2026-10-08 22:36:17.476,53.57,20261008_223523,prim,rest,,,,,84.9,236.2,1,,,,0,34.09,0.037,0.015,12,ready,9
2026-10-08 22:36:17.681,53.77,20261008_223523,prim,rest,,,,,84.9,236.2,1,,,,0,34.09,0.039,0.015,12,ready,9
2026-10-08 22:36:17.888,53.98,20261008_223523,prim,rest,,,,,84.9,236.2,1,,,,0,34.09,0.036,0.014,12,ready,9
2026-10-08 22:36:18.090,54.18,20261008_223523,prim,rest,,,,,84.9,236.2,1,,,,0,34.1,0.036,0.013,12,ready,9
2026-10-08 22:36:18.299,54.39,20261008_223523,prim,rest,,,,,80.2,154.6,1,,,,0,34.1,0.034,0.012,11,ready,9
2026-10-08 22:36:18.507,54.6,20261008_223523,prim,rest,,,,,80.2,154.6,1,,,,0,34.11,0.031,0.011,11,ready,9
2026-10-08 22:36:18.791,54.88,20261008_223523,prim,rest,,,,,80.2,154.6,1,,,,0,34.11,0.029,0.01,11,ready,9
2026-10-08 22:36:18.922,55.01,20261008_223523,prim,rest,,,,,80.2,154.6,1,,,,0,34.11,0.028,0.011,11,ready,9
2026-10-08 22:36:19.127,55.22,20261008_223523,prim,rest,,,,,80.2,154.6,1,,,,0,34.12,0.03,0.015,11,ready,9
2026-10-08 22:36:19.346,55.44,20261008_223523,prim,rest,,,,,80.2,154.6,1,,,,0,34.12,0.029,0.014,10,ready,9
2026-10-08 22:36:19.541,55.63,20261008_223523,prim,rest,,,,,80.2,154.6,1,,,,0,34.12,0.027,0.014,10,ready,9
2026-10-08 22:36:19.748,55.84,20261008_223523,prim,rest,,,,,80.2,154.6,1,,,,0,34.13,0.032,0.013,10,ready,9
2026-10-08 22:36:21.823,57.92,20261008_223523,prim,rest,,,,,80.2,154.6,1,,,,0,34.16,0.022,0.011,10,ready,9
2026-10-08 22:36:22.028,58.12,20261008_223523,prim,rest,,,,,80.2,154.6,1,,,,0,34.17,0.021,0.01,10,ready,9
2026-10-08 22:36:22.240,58.33,20261008_223523,prim,rest,,,,,80.2,154.6,1,,,,0,34.18,0.019,0.01,10,ready,9
2026-10-08 22:36:22.439,58.53,20261008_223523,prim,rest,,,,,80.2,154.6,1,,,,0,34.18,0.018,0.01,10,ready,9
2026-10-08 22:36:22.650,58.74,20261008_223523,prim,rest,,,,,80.2,154.6,1,,,,0,34.2,0.016,0.009,10,ready,9
2026-10-08 22:36:22.862,58.96,20261008_223523,prim,rest,,,,,80.2,154.6,1,,,,0,34.21,0.016,0.008,10,ready,9
2026-10-08 22:36:23.066,59.16,20261008_223523,prim,rest,,,,,80.2,154.6,1,,,,0,34.21,0.016,0.008,10,ready,9
2026-10-08 22:36:23.298,59.39,20261008_223523,prim,rest,,,,,80.2,154.6,1,,,,0,34.22,0.016,0.008,10,ready,9
2026-10-08 22:36:23.478,59.57,20261008_223523,prim,rest,,,,,80.2,154.6,1,,,,0,34.23,0.02,0.007,10,ready,9
2026-10-08 22:36:23.682,59.77,20261008_223523,prim,rest,,,,,80.2,154.6,1,,,,0,34.23,0.021,0.008,10,ready,9
2026-10-08 22:36:23.888,59.98,20261008_223523,prim,rest,,,,,80.2,154.6,1,,,,0,34.24,0.02,0.009,10,ready,9
2026-10-08 22:36:24.099,60.19,20261008_223523,prim,rest,,,,,80.2,154.6,1,,,,0,34.25,0.019,0.009,10,ready,9
2026-10-08 22:36:24.305,60.4,20261008_223523,prim,rest,,,,,80.2,154.6,1,,,,0,34.26,0.017,0.008,10,ready,9
2026-10-08 22:36:24.510,60.6,20261008_223523,prim,rest,,,,,80.2,154.6,1,,,,0,34.27,0.016,0.009,10,ready,9
2026-10-08 22:36:24.714,60.81,20261008_223523,prim,rest,,,,,80.2,154.6,1,,,,0,34.27,0.016,0.011,10,ready,9
2026-10-08 22:36:24.920,61.01,20261008_223523,prim,rest,,,,,80.2,154.6,1,,,,0,34.28,0.022,0.014,10,ready,9
2026-10-08 22:36:25.130,61.22,20261008_223523,prim,rest,,,,,80.2,154.6,1,,,,0,34.29,0.02,0.013,10,ready,9
2026-10-08 22:36:25.333,61.43,20261008_223523,prim,rest,,,,,80.2,154.6,1,,,,0,34.29,0.019,0.012,10,ready,9
2026-10-08 22:36:25.540,61.63,20261008_223523,prim,rest,,,,,80.2,154.6,1,,,,0,34.27,0.018,0.011,10,ready,8
2026-10-08 22:36:25.755,61.85,20261008_223523,prim,rest,,,,,80.2,154.6,1,,,,0,34.28,0.018,0.01,10,ready,8
2026-10-08 22:36:25.959,62.05,20261008_223523,prim,rest,,,,,80.2,154.6,1,,,,0,34.29,0.018,0.011,10,ready,8
2026-10-08 22:36:26.163,62.26,20261008_223523,prim,rest,,,,,80.2,154.6,1,,,,0,34.29,0.017,0.01,10,ready,8
2026-10-08 22:36:26.369,62.46,20261008_223523,prim,rest,,,,,80.2,154.6,1,,,,0,34.3,0.018,0.01,10,ready,8
2026-10-08 22:36:26.579,62.67,20261008_223523,prim,rest,,,,,80.2,154.6,1,,,,0,34.3,0.018,0.01,10,ready,8
2026-10-08 22:36:26.787,62.88,20261008_223523,prim,rest,,,,,80.2,154.6,1,,,,0,34.31,0.017,0.01,10,ready,8
2026-10-08 22:36:26.992,63.09,20261008_223523,prim,rest,,,,,80.2,154.6,1,,,,0,34.31,0.017,0.01,10,ready,8
2026-10-08 22:36:27.201,63.29,20261008_223523,prim,rest,,,,,80.2,154.6,1,,,,0,34.32,0.019,0.01,10,ready,8
2026-10-08 22:36:27.408,63.5,20261008_223523,prim,rest,,,,,80.2,154.6,1,,,,0,34.32,0.02,0.011,10,ready,8
2026-10-08 22:36:27.614,63.71,20261008_223523,prim,rest,,,,,,,1,,,,0,34.33,0.022,0.01,11,ready,8
2026-10-08 22:36:27.818,63.91,20261008_223523,prim,rest,,,,,,,1,,,,0,34.33,0.021,0.01,12,ready,8
2026-10-08 22:36:28.029,64.12,20261008_223523,prim,rest,,,,,,,1,,,,0,34.33,0.02,0.009,13,ready,8
2026-10-08 22:36:28.234,64.33,20261008_223523,prim,rest,,,,,,,1,,,,0,34.34,0.021,0.009,13,ready,8
2026-10-08 22:36:28.439,64.53,20261008_223523,prim,rest,,,,,,,1,,,,0,34.34,0.019,0.009,14,ready,8
2026-10-08 22:36:28.650,64.74,20261008_223523,prim,rest,,,,,,,1,,,,0,34.35,0.016,0.008,14,ready,9
2026-10-08 22:36:28.848,64.94,20261008_223523,prim,rest,,,,,80.2,101.2,1,,,,0,34.34,0.019,0.009,14,ready,8
2026-10-08 22:36:29.059,65.15,20261008_223523,prim,rest,,,,,80.2,101.2,1,,,,0,34.35,0.019,0.009,13,ready,8
2026-10-08 22:36:29.264,65.36,20261008_223523,prim,rest,,,,,80.2,101.2,1,,,,0,34.35,0.018,0.009,12,ready,8
2026-10-08 22:36:29.469,65.56,20261008_223523,prim,rest,,,,,91.0,94.8,1,,,,0,34.35,0.017,0.008,12,ready,8
2026-10-08 22:36:29.668,65.76,20261008_223523,prim,rest,,,,,91.0,94.8,1,,,,0,34.33,0.019,0.008,13,ready,9
2026-10-08 22:36:33.871,69.96,20261008_223523,prim,rest,,,,,87.8,,1,,,,0,34.41,0.427,0.542,26,ready,8
2026-10-08 22:36:34.069,70.16,20261008_223523,prim,rest,,,,,62.4,,1,,,,0,34.42,0.443,0.508,23,ready,8
2026-10-08 22:36:34.286,70.38,20261008_223523,prim,rest,,,,,62.4,,1,,,,0,34.42,0.44,0.478,20,ready,8
2026-10-08 22:36:34.490,70.58,20261008_223523,prim,rest,,,,,62.4,,1,,,,0,34.42,0.408,0.435,18,ready,9
2026-10-08 22:36:34.694,70.79,20261008_223523,prim,rest,,,,,62.4,,1,,,,0,34.42,0.376,0.418,16,ready,9
2026-10-08 22:36:34.905,71.0,20261008_223523,prim,rest,,,,,62.4,,1,,,,0,34.43,0.391,0.487,14,ready,8
2026-10-08 22:36:35.102,71.19,20261008_223523,prim,rest,,,,,62.4,,1,,,,0,34.43,1.77,1.127,15,ready,8
2026-10-08 22:36:35.308,71.4,20261008_223523,prim,rest,,,,,62.4,,1,,,,0,34.44,2.722,1.539,17,ready,9
2026-10-08 22:36:35.516,71.61,20261008_223523,prim,rest,,,,,62.4,,1,,,,0,34.44,2.481,1.422,19,ready,8
2026-10-08 22:36:35.718,71.81,20261008_223523,prim,rest,,,,,62.4,,1,,,,0,34.44,2.246,1.304,20,ready,9
2026-10-08 22:36:35.929,72.02,20261008_223523,prim,rest,,,,,62.4,,1,,,,0,34.44,2.032,1.191,21,ready,9
2026-10-08 22:36:36.132,72.23,20261008_223523,prim,rest,,,,,62.4,,1,,,,0,34.45,1.839,1.084,21,ready,8
2026-10-08 22:36:36.340,72.43,20261008_223523,prim,rest,,,,,62.4,,1,,,,0,34.45,1.664,0.983,20,ready,8
2026-10-08 22:36:36.538,72.63,20261008_223523,prim,rest,,,,,62.4,,1,,,,0,34.45,1.508,0.89,20,ready,8
2026-10-08 22:36:36.753,72.85,20261008_223523,prim,rest,,,,,62.4,,1,,,,0,34.46,1.365,0.807,19,ready,8
2026-10-08 22:36:36.958,73.05,20261008_223523,prim,rest,,,,,67.8,,1,,,,0,34.46,1.236,0.731,18,ready,8
2026-10-08 22:36:37.168,73.26,20261008_223523,prim,rest,,,,,67.8,,1,,,,0,34.47,1.119,0.661,18,ready,8
2026-10-08 22:36:37.368,73.46,20261008_223523,prim,rest,,,,,67.8,,1,,,,0,34.47,1.013,0.599,17,ready,8
2026-10-08 22:36:37.573,73.67,20261008_223523,prim,rest,,,,,74.1,,1,,,,0,34.48,0.916,0.542,17,ready,8
2026-10-08 22:36:37.772,73.87,20261008_223523,prim,rest,,,,,74.1,,1,,,,0,34.48,0.829,0.491,16,ready,8
2026-10-08 22:36:37.979,74.07,20261008_223523,prim,rest,,,,,74.1,,1,,,,0,34.48,0.751,0.445,16,ready,8
2026-10-08 22:36:38.185,74.28,20261008_223523,prim,rest,,,,,74.1,,1,,,,0,34.49,0.679,0.402,15,ready,8
2026-10-08 22:36:38.389,74.48,20261008_223523,prim,rest,,,,,74.1,,1,,,,0,34.49,0.615,0.364,15,ready,8
2026-10-08 22:36:38.600,74.69,20261008_223523,prim,rest,,,,,74.1,,1,,,,0,34.5,0.556,0.33,14,ready,8
2026-10-08 22:36:38.802,74.9,20261008_223523,prim,rest,,,,,74.1,,1,,,,0,34.51,0.503,0.298,14,ready,8
2026-10-08 22:36:39.066,75.16,20261008_223523,prim,rest,,,,,74.1,,1,,,,0,34.51,0.456,0.27,13,ready,8
2026-10-08 22:36:39.221,75.31,20261008_223523,prim,rest,,,,,74.1,,1,,,,0,34.51,0.412,0.244,13,ready,8
2026-10-08 22:36:39.423,75.52,20261008_223523,prim,rest,,,,,74.1,,1,,,,0,34.52,0.373,0.221,13,ready,8
2026-10-08 22:36:39.628,75.72,20261008_223523,prim,rest,,,,,74.1,,1,,,,0,34.52,0.338,0.2,12,ready,8
2026-10-08 22:36:39.842,75.94,20261008_223523,prim,rest,,,,,74.1,,1,,,,0,34.53,0.306,0.181,12,ready,8
2026-10-08 22:36:40.043,76.14,20261008_223523,prim,rest,,,,,74.1,,1,,,,0,34.54,0.277,0.164,12,ready,8
2026-10-08 22:36:40.248,76.34,20261008_223523,prim,rest,,,,,74.1,,1,,,,0,34.54,0.25,0.148,11,ready,8
2026-10-08 22:36:40.454,76.55,20261008_223523,prim,rest,,,,,74.1,,1,,,,0,34.51,0.227,0.134,11,ready,8
2026-10-08 22:36:40.658,76.75,20261008_223523,prim,rest,,,,,,,1,,,,0,34.53,0.205,0.122,13,ready,8
2026-10-08 22:36:40.870,76.96,20261008_223523,prim,rest,,,,,,,1,,,,0,34.54,0.187,0.11,15,ready,8
2026-10-08 22:36:41.059,77.15,20261008_223523,prim,rest,,,,,,,1,,,,0,34.54,0.169,0.1,17,ready,8
2026-10-08 22:36:41.269,77.36,20261008_223523,prim,rest,,,,,,,1,,,,0,34.55,0.165,0.092,18,ready,8
2026-10-08 22:36:41.468,77.56,20261008_223523,prim,rest,,,,,74.1,,1,,,,0,34.56,0.156,0.089,16,ready,8
2026-10-08 22:36:41.702,77.79,20261008_223523,prim,rest,,,,,74.1,,1,,,,0,34.57,0.147,0.087,15,ready,8
2026-10-08 22:36:41.892,77.98,20261008_223523,prim,rest,,,,,74.1,,1,,,,0,34.57,0.135,0.08,14,ready,9
2026-10-08 22:36:42.097,78.19,20261008_223523,prim,rest,,,,,92.4,346.7,1,,,,0,34.57,0.129,0.075,14,ready,9
2026-10-08 22:36:42.297,78.39,20261008_223523,prim,rest,,,,,92.4,346.7,1,,,,0,34.59,0.126,0.072,14,ready,9
2026-10-08 22:36:42.497,78.59,20261008_223523,prim,rest,,,,,92.4,346.7,1,,,,0,34.6,0.133,0.07,14,ready,9
2026-10-08 22:36:42.703,78.8,20261008_223523,prim,rest,,,,,96.1,321.6,1,,,,0,34.62,0.115,0.061,15,ready,9
2026-10-08 22:36:42.979,79.07,20261008_223523,prim,rest,,,,,96.1,321.6,1,,,,0,34.63,0.105,0.055,15,ready,9
2026-10-08 22:36:43.433,79.53,20261008_223523,prim,rest,,,,,96.1,306.7,1,,,,0,34.64,0.086,0.046,15,ready,9
2026-10-08 22:36:43.530,79.62,20261008_223523,prim,rest,,,,,96.1,306.7,1,,,,0,34.64,0.078,0.041,15,ready,9
2026-10-08 22:36:43.739,79.83,20261008_223523,prim,rest,,,,,96.1,306.7,1,,,,0,34.65,0.072,0.038,15,ready,9
2026-10-08 22:36:43.939,80.03,20261008_223523,prim,rest,,,,,96.1,306.7,1,,,,0,34.66,0.065,0.034,15,ready,9
2026-10-08 22:36:44.140,80.23,20261008_223523,prim,rest,,,,,96.1,306.7,1,,,,0,34.66,0.06,0.032,15,ready,9
2026-10-08 22:36:44.344,80.44,20261008_223523,prim,rest,,,,,96.1,306.7,1,,,,0,34.67,0.057,0.03,15,ready,9
2026-10-08 22:36:44.548,80.64,20261008_223523,prim,rest,,,,,96.1,306.7,1,,,,0,34.68,0.053,0.031,15,ready,9
2026-10-08 22:36:44.755,80.85,20261008_223523,prim,rest,,,,,96.1,306.7,1,,,,0,34.67,0.053,0.03,15,ready,9
2026-10-08 22:36:44.970,81.06,20261008_223523,prim,rest,,,,,96.1,306.7,1,,,,0,34.67,0.056,0.028,15,ready,9
2026-10-08 22:36:45.167,81.26,20261008_223523,prim,rest,,,,,96.1,306.7,1,,,,0,34.68,0.061,0.03,15,ready,9
2026-10-08 22:36:45.372,81.47,20261008_223523,prim,rest,,,,,96.1,306.7,1,,,,0,34.66,0.066,0.029,15,ready,9
2026-10-08 22:36:45.579,81.67,20261008_223523,prim,rest,,,,,96.1,306.7,1,,,,0,34.66,0.067,0.029,15,ready,9
2026-10-08 22:36:45.785,81.88,20261008_223523,prim,rest,,,,,96.1,306.7,1,,,,0,34.67,0.074,0.028,15,ready,9
2026-10-08 22:36:45.989,82.08,20261008_223523,prim,rest,,,,,96.1,306.7,1,,,,0,34.68,0.07,0.028,15,ready,9
2026-10-08 22:36:46.201,82.29,20261008_223523,prim,rest,,,,,96.1,306.7,1,,,,0,34.68,0.068,0.026,15,ready,9
2026-10-08 22:36:46.412,82.5,20261008_223523,prim,rest,,,,,96.1,306.7,1,,,,0,34.69,0.063,0.024,15,ready,9
2026-10-08 22:36:46.619,82.71,20261008_223523,prim,rest,,,,,96.1,306.7,1,,,,0,34.69,0.058,0.023,15,ready,9
2026-10-08 22:36:46.821,82.91,20261008_223523,prim,rest,,,,,96.1,306.7,1,,,,0,34.7,0.053,0.021,15,ready,9
2026-10-08 22:36:47.028,83.12,20261008_223523,prim,rest,,,,,96.1,306.7,1,,,,0,34.7,0.05,0.02,15,ready,9
2026-10-08 22:36:47.227,83.32,20261008_223523,prim,rest,,,,,96.1,306.7,1,,,,0,34.71,0.045,0.019,15,ready,9
2026-10-08 22:36:47.433,83.53,20261008_223523,prim,rest,,,,,96.1,306.7,1,,,,0,34.71,0.041,0.017,15,ready,9
2026-10-08 22:36:47.641,83.73,20261008_223523,prim,rest,,,,,96.1,306.7,1,,,,0,34.71,0.038,0.016,15,ready,9
2026-10-08 22:36:47.851,83.94,20261008_223523,prim,rest,,,,,96.1,306.7,1,,,,0,34.72,0.035,0.015,15,ready,9
2026-10-08 22:36:48.057,84.15,20261008_223523,prim,rest,,,,,96.1,306.7,1,,,,0,34.72,0.034,0.016,15,ready,9
2026-10-08 22:36:48.259,84.35,20261008_223523,prim,rest,,,,,96.1,306.7,1,,,,0,34.72,0.038,0.017,15,ready,9
2026-10-08 22:36:48.465,84.56,20261008_223523,prim,rest,,,,,96.1,306.7,1,,,,0,34.73,0.037,0.017,15,ready,9
2026-10-08 22:36:48.669,84.76,20261008_223523,prim,rest,,,,,96.1,306.7,1,,,,0,34.73,0.039,0.017,15,ready,9
2026-10-08 22:36:48.883,84.98,20261008_223523,prim,rest,,,,,96.1,306.7,1,,,,0,34.71,0.036,0.018,15,ready,9
2026-10-08 22:36:49.102,85.2,20261008_223523,prim,rest,,,,,96.1,306.7,1,,,,0,34.69,0.037,0.017,15,ready,9
2026-10-08 22:36:49.289,85.38,20261008_223523,prim,rest,,,,,92.4,306.7,1,,,,0,34.7,0.05,0.021,15,ready,9
2026-10-08 22:36:49.499,85.59,20261008_223523,prim,rest,,,,,92.4,306.7,1,,,,0,34.71,0.05,0.027,14,ready,9
2026-10-08 22:36:49.708,85.8,20261008_223523,prim,rest,,,,,92.4,306.7,1,,,,0,34.72,0.047,0.026,14,ready,9
2026-10-08 22:36:49.925,86.02,20261008_223523,prim,rest,,,,,92.4,306.7,1,,,,0,34.72,0.046,0.025,14,ready,9
2026-10-08 22:36:50.128,86.22,20261008_223523,prim,rest,,,,,92.4,306.7,1,,,,0,34.73,0.042,0.023,14,ready,9
2026-10-08 22:36:50.331,86.42,20261008_223523,prim,rest,,,,,92.4,306.7,1,,,,0,34.73,0.039,0.021,14,ready,9
2026-10-08 22:36:50.534,86.63,20261008_223523,prim,rest,,,,,92.4,306.7,1,,,,0,34.74,0.036,0.019,14,ready,9
2026-10-08 22:36:50.741,86.83,20261008_223523,prim,rest,,,,,92.4,306.7,1,,,,0,34.74,0.033,0.017,14,ready,9
2026-10-08 22:36:50.950,87.04,20261008_223523,prim,rest,,,,,92.4,306.7,1,,,,0,34.75,0.031,0.016,14,ready,9
2026-10-08 22:36:51.157,87.25,20261008_223523,prim,rest,,,,,92.4,306.7,1,,,,0,34.75,0.03,0.016,14,ready,9
2026-10-08 22:36:51.368,87.46,20261008_223523,prim,rest,,,,,92.4,306.7,1,,,,0,34.75,0.032,0.024,14,ready,9
2026-10-08 22:36:51.568,87.66,20261008_223523,prim,rest,,,,,92.4,306.7,1,,,,0,34.76,0.031,0.027,14,ready,9
2026-10-08 22:36:51.773,87.87,20261008_223523,prim,rest,,,,,92.4,306.7,1,,,,0,34.76,0.034,0.025,14,ready,9
2026-10-08 22:36:51.979,88.07,20261008_223523,prim,rest,,,,,92.4,306.7,1,,,,0,34.77,0.049,0.026,14,ready,9
2026-10-08 22:36:52.185,88.28,20261008_223523,prim,rest,,,,,92.4,306.7,1,,,,0,34.77,0.052,0.024,14,ready,9
2026-10-08 22:36:52.396,88.49,20261008_223523,prim,rest,,,,,92.4,306.7,1,,,,0,34.77,0.047,0.022,14,ready,9
2026-10-08 22:36:52.606,88.7,20261008_223523,prim,rest,,,,,92.4,306.7,1,,,,0,34.77,0.044,0.021,14,ready,9
2026-10-08 22:36:52.816,88.91,20261008_223523,prim,rest,,,,,97.7,287.2,1,,,,0,34.78,0.04,0.02,14,ready,9
2026-10-08 22:36:53.009,89.1,20261008_223523,prim,rest,,,,,97.7,287.2,1,,,,0,34.78,0.042,0.02,14,ready,9
2026-10-08 22:36:53.227,89.32,20261008_223523,prim,rest,,,,,97.7,287.2,1,,,,0,34.75,0.039,0.019,15,ready,9
2026-10-08 22:36:53.424,89.52,20261008_223523,prim,rest,,,,,97.7,287.2,1,,,,0,34.76,0.036,0.017,15,ready,9
2026-10-08 22:36:53.625,89.72,20261008_223523,prim,rest,,,,,97.7,287.2,1,,,,0,34.76,0.033,0.016,15,ready,9
2026-10-08 22:36:53.846,89.94,20261008_223523,prim,rest,,,,,97.7,287.2,1,,,,0,34.77,0.031,0.015,15,ready,9
2026-10-08 22:36:54.080,90.17,20261008_223523,prim,rest,,,,,97.7,287.2,1,,,,0,34.77,0.028,0.014,15,ready,9
2026-10-08 22:36:54.272,90.36,20261008_223523,prim,rest,,,,,97.7,287.2,1,,,,0,34.78,0.026,0.013,15,ready,9
2026-10-08 22:36:54.456,90.55,20261008_223523,prim,rest,,,,,97.7,287.2,1,,,,0,34.78,0.025,0.012,15,ready,9
2026-10-08 22:36:54.669,90.76,20261008_223523,prim,rest,,,,,97.7,287.2,1,,,,0,34.79,0.024,0.012,15,ready,9
2026-10-08 22:36:54.868,90.96,20261008_223523,prim,rest,,,,,97.7,287.2,1,,,,0,34.79,0.022,0.011,15,ready,9
2026-10-08 22:36:55.074,91.17,20261008_223523,prim,rest,,,,,97.7,287.2,1,,,,0,34.79,0.022,0.011,15,ready,9
2026-10-08 22:36:55.280,91.37,20261008_223523,prim,rest,,,,,97.7,287.2,1,,,,0,34.8,0.099,0.034,15,ready,9
2026-10-08 22:36:55.481,91.57,20261008_223523,prim,rest,,,,,97.7,287.2,1,,,,0,34.8,0.812,0.866,17,ready,9
2026-10-08 22:36:55.685,91.78,20261008_223523,prim,rest,,,,,97.7,287.2,1,,,,0,34.81,0.798,0.894,18,ready,9
2026-10-08 22:36:55.889,91.98,20261008_223523,prim,rest,,,,,97.7,287.2,1,,,,0,34.81,1.299,1.697,21,ready,9
2026-10-08 22:36:56.124,92.22,20261008_223523,prim,rest,,,,,97.7,287.2,1,,,,0,34.79,2.419,1.564,31,ready,9
2026-10-08 22:36:56.307,92.4,20261008_223523,prim,rest,,,,,88.7,211.4,1,,,,0,34.8,2.2,1.421,33,ready,9
2026-10-08 22:36:56.506,92.6,20261008_223523,prim,rest,,,,,88.7,211.4,1,,,,0,34.8,1.999,1.287,34,ready,9
2026-10-08 22:36:56.711,92.8,20261008_223523,prim,rest,,,,,88.7,211.4,1,,,,0,34.8,1.81,1.182,34,ready,9
2026-10-08 22:36:56.919,93.01,20261008_223523,prim,rest,,,,,88.7,211.4,1,,,,0,34.8,1.64,1.103,34,ready,9
2026-10-08 22:36:57.126,93.22,20261008_223523,prim,rest,,,,,88.7,211.4,1,,,,0,34.8,1.487,1.039,33,ready,9
2026-10-08 22:36:57.332,93.42,20261008_223523,prim,rest,,,,,88.7,211.4,1,,,,0,34.82,1.427,1.243,32,ready,9
2026-10-08 22:36:57.540,93.63,20261008_223523,prim,rest,,,,,88.7,211.4,1,,,,0,34.82,1.302,1.3,31,ready,9
2026-10-08 22:36:57.763,93.86,20261008_223523,prim,rest,,,,,88.7,211.4,1,,,,0,34.82,1.198,1.182,30,ready,9
2026-10-08 22:36:57.951,94.04,20261008_223523,prim,rest,,,,,88.7,211.4,1,,,,0,34.82,1.089,1.08,29,ready,9
2026-10-08 22:36:58.161,94.25,20261008_223523,prim,rest,,,,,88.7,211.4,1,,,,0,34.82,0.986,0.995,28,ready,9
2026-10-08 22:36:58.363,94.46,20261008_223523,prim,rest,,,,,88.7,211.4,1,,,,0,34.83,0.893,0.909,27,ready,9
2026-10-08 22:36:58.625,94.72,20261008_223523,prim,rest,,,,,87.1,164.9,1,,,,0,34.82,0.808,0.826,25,ready,9
2026-10-08 22:36:58.778,94.87,20261008_223523,prim,rest,,,,,87.1,164.9,1,,,,0,34.83,0.732,0.748,24,ready,9
2026-10-08 22:36:58.983,95.08,20261008_223523,prim,rest,,,,,87.1,164.9,1,,,,0,34.83,0.662,0.677,23,ready,9
2026-10-08 22:36:59.192,95.28,20261008_223523,prim,rest,,,,,87.1,164.9,1,,,,0,34.83,0.599,0.612,22,ready,9
2026-10-08 22:36:59.399,95.49,20261008_223523,prim,rest,,,,,87.1,164.9,1,,,,0,34.83,0.542,0.554,21,ready,9
2026-10-08 22:36:59.604,95.7,20261008_223523,prim,rest,,,,,87.1,164.9,1,,,,0,34.84,0.491,0.502,20,ready,9
2026-10-08 22:36:59.808,95.9,20261008_223523,prim,rest,,,,,87.1,164.9,1,,,,0,34.84,0.444,0.455,19,ready,9
2026-10-08 22:37:00.019,96.11,20261008_223523,prim,rest,,,,,87.1,164.9,1,,,,0,34.84,0.402,0.412,19,ready,9
2026-10-08 22:37:00.223,96.32,20261008_223523,prim,rest,,,,,87.1,164.9,1,,,,0,34.85,0.364,0.373,18,ready,9
2026-10-08 22:37:00.429,96.52,20261008_223523,prim,rest,,,,,87.1,164.9,1,,,,0,34.86,0.329,0.338,17,ready,9
2026-10-08 22:37:00.638,96.73,20261008_223523,prim,rest,,,,,87.1,164.9,1,,,,0,34.86,0.298,0.305,17,ready,9
2026-10-08 22:37:00.843,96.94,20261008_223523,prim,rest,,,,,87.1,164.9,1,,,,0,34.87,0.269,0.276,16,ready,9
2026-10-08 22:37:01.050,97.14,20261008_223523,prim,rest,,,,,87.1,164.9,1,,,,0,34.88,0.244,0.25,16,ready,9
2026-10-08 22:37:01.248,97.34,20261008_223523,prim,rest,,,,,87.1,164.9,1,,,,0,34.88,0.221,0.226,15,ready,9
2026-10-08 22:37:01.449,97.54,20261008_223523,prim,rest,,,,,87.1,164.9,1,,,,0,34.89,0.2,0.205,15,ready,9
2026-10-08 22:37:01.659,97.75,20261008_223523,prim,rest,,,,,,,1,,,,0,34.9,0.181,0.185,16,ready,9
2026-10-08 22:37:01.862,97.96,20261008_223523,prim,rest,,,,,,,1,,,,0,34.89,0.164,0.168,18,ready,9
2026-10-08 22:37:02.070,98.16,20261008_223523,prim,rest,,,,,,,1,,,,0,34.91,0.148,0.152,18,ready,9
2026-10-08 22:37:02.259,98.35,20261008_223523,prim,rest,,,,,,,1,,,,0,34.91,0.135,0.137,19,ready,9
2026-10-08 22:37:02.459,98.55,20261008_223523,prim,rest,,,,,,,1,,,,0,34.92,0.122,0.124,19,ready,9
2026-10-08 22:37:02.662,98.75,20261008_223523,prim,rest,,,,,,,1,,,,0,34.93,0.11,0.113,19,ready,9
2026-10-08 22:37:02.868,98.96,20261008_223523,prim,rest,,,,,,,1,,,,0,34.94,0.1,0.102,19,ready,9
2026-10-08 22:37:03.076,99.17,20261008_223523,prim,rest,,,,,,,1,,,,0,34.94,0.091,0.092,19,ready,9
2026-10-08 22:37:03.277,99.37,20261008_223523,prim,rest,,,,,,,1,,,,0,34.95,0.083,0.084,19,ready,9
2026-10-08 22:37:03.483,99.58,20261008_223523,prim,rest,,,,,,,1,,,,0,34.96,0.075,0.076,19,ready,9
2026-10-08 22:37:03.692,99.78,20261008_223523,prim,rest,,,,,,,1,,,,0,34.97,0.068,0.069,19,ready,9
2026-10-08 22:37:03.899,99.99,20261008_223523,prim,rest,,,,,93.0,164.9,1,,,,0,34.97,0.057,0.057,18,ready,9
2026-10-08 22:37:04.158,100.25,20261008_223523,prim,rest,,,,,93.0,164.9,1,,,,0,34.97,0.052,0.051,17,ready,9
2026-10-08 22:37:04.305,100.4,20261008_223523,prim,rest,,,,,93.0,164.9,1,,,,0,34.98,0.048,0.047,16,ready,9
2026-10-08 22:37:04.507,100.6,20261008_223523,prim,rest,,,,,93.0,164.9,1,,,,0,34.99,0.043,0.042,16,ready,9
2026-10-08 22:37:04.718,100.81,20261008_223523,prim,rest,,,,,93.0,164.9,1,,,,0,34.99,0.04,0.039,16,ready,9
2026-10-08 22:37:04.937,101.03,20261008_223523,prim,rest,,,,,93.0,159.4,1,,,,0,35.0,0.037,0.035,15,ready,9
2026-10-08 22:37:05.127,101.22,20261008_223523,prim,rest,,,,,93.0,159.4,1,,,,0,35.0,0.033,0.032,15,ready,9
2026-10-08 22:37:05.346,101.44,20261008_223523,prim,rest,,,,,93.0,159.4,1,,,,0,35.01,0.03,0.03,15,ready,9
2026-10-08 22:37:05.543,101.64,20261008_223523,prim,rest,,,,,93.0,159.4,1,,,,0,35.01,0.028,0.027,15,ready,9
2026-10-08 22:37:05.750,101.84,20261008_223523,prim,rest,,,,,93.0,159.4,1,,,,0,35.01,0.027,0.025,14,ready,9
2026-10-08 22:37:05.948,102.04,20261008_223523,prim,rest,,,,,93.0,159.4,1,,,,0,34.98,0.026,0.024,14,ready,9
2026-10-08 22:37:08.001,104.09,20261008_223523,prim,rest,,,,,87.7,159.4,1,,,,0,35.03,0.159,0.081,14,ready,9
2026-10-08 22:37:08.195,104.29,20261008_223523,prim,rest,,,,,87.7,159.4,1,,,,0,35.04,0.145,0.074,14,ready,9
2026-10-08 22:37:08.406,104.5,20261008_223523,prim,rest,,,,,87.7,159.4,1,,,,0,35.04,0.132,0.069,14,ready,9
2026-10-08 22:37:08.606,104.7,20261008_223523,prim,rest,,,,,88.8,,1,,,,0,35.05,0.12,0.063,13,ready,9
2026-10-08 22:37:08.809,104.9,20261008_223523,prim,rest,,,,,88.8,,1,,,,0,35.05,0.108,0.057,13,ready,9
2026-10-08 22:37:09.013,105.11,20261008_223523,prim,rest,,,,,88.8,,1,,,,0,35.06,0.098,0.052,13,ready,9
2026-10-08 22:37:09.226,105.32,20261008_223523,prim,rest,,,,,88.8,,1,,,,0,35.06,0.089,0.047,13,ready,9
2026-10-08 22:37:09.451,105.54,20261008_223523,prim,rest,,,,,89.5,,1,,,,0,35.07,0.081,0.043,13,ready,9
2026-10-08 22:37:09.684,105.78,20261008_223523,prim,rest,,,,,89.5,,1,,,,0,35.06,0.074,0.039,13,ready,9
2026-10-08 22:37:09.835,105.93,20261008_223523,prim,rest,,,,,89.5,,1,,,,0,35.07,0.067,0.036,13,ready,9
2026-10-08 22:37:10.042,106.13,20261008_223523,prim,rest,,,,,89.5,,1,,,,0,35.07,0.061,0.034,13,ready,9
2026-10-08 22:37:10.247,106.34,20261008_223523,prim,rest,,,,,88.8,,1,,,,0,35.08,0.055,0.031,13,ready,9
2026-10-08 22:37:10.466,106.56,20261008_223523,prim,rest,,,,,88.8,,1,,,,0,35.08,0.051,0.028,13,ready,9
2026-10-08 22:37:10.662,106.76,20261008_223523,prim,rest,,,,,88.8,,1,,,,0,35.08,0.047,0.026,13,ready,9
2026-10-08 22:37:10.865,106.96,20261008_223523,prim,rest,,,,,88.8,,1,,,,0,35.08,0.043,0.024,13,ready,9
2026-10-08 22:37:11.072,107.17,20261008_223523,prim,rest,,,,,87.7,79.9,1,,,,0,35.07,0.04,0.022,13,ready,9
2026-10-08 22:37:11.285,107.38,20261008_223523,prim,rest,,,,,87.7,79.9,1,,,,0,35.1,0.037,0.02,13,ready,9
2026-10-08 22:37:11.497,107.59,20261008_223523,prim,rest,,,,,87.7,79.9,1,,,,0,35.08,0.035,0.019,12,ready,9
2026-10-08 22:37:11.694,107.79,20261008_223523,prim,rest,,,,,83.1,76.8,1,,,,0,35.08,0.039,0.022,12,ready,9
2026-10-08 22:37:11.938,108.03,20261008_223523,prim,rest,,,,,83.1,76.8,1,,,,0,35.09,0.043,0.023,12,ready,9
2026-10-08 22:37:12.113,108.21,20261008_223523,prim,rest,,,,,83.1,76.8,1,,,,0,35.1,0.044,0.025,12,ready,9
2026-10-08 22:37:12.315,108.41,20261008_223523,prim,rest,,,,,83.1,76.8,1,,,,0,35.12,0.047,0.032,12,ready,9
2026-10-08 22:37:12.526,108.62,20261008_223523,prim,rest,,,,,83.1,57.2,1,,,,0,35.1,0.084,0.036,11,ready,9
2026-10-08 22:37:12.728,108.82,20261008_223523,prim,rest,,,,,83.1,57.2,1,,,,0,35.11,0.102,0.079,11,ready,9
2026-10-08 22:37:12.931,109.02,20261008_223523,prim,rest,,,,,83.1,57.2,1,,,,0,35.11,0.119,0.106,11,ready,9
2026-10-08 22:37:13.137,109.23,20261008_223523,prim,rest,,,,,83.1,57.2,1,,,,0,35.12,0.16,0.12,11,ready,9
2026-10-08 22:37:13.345,109.44,20261008_223523,prim,rest,,,,,83.1,57.2,1,,,,0,35.12,0.153,0.111,11,ready,9
2026-10-08 22:37:13.554,109.65,20261008_223523,prim,rest,,,,,83.1,57.2,1,,,,0,35.12,0.143,0.102,11,ready,9
2026-10-08 22:37:13.753,109.85,20261008_223523,prim,rest,,,,,83.1,57.2,1,,,,0,35.13,0.131,0.094,11,ready,9
2026-10-08 22:37:13.966,110.06,20261008_223523,prim,rest,,,,,83.1,57.2,1,,,,0,35.13,0.12,0.086,11,ready,9
2026-10-08 22:37:14.166,110.26,20261008_223523,prim,rest,,,,,83.1,61.3,1,,,,0,35.13,0.113,0.08,11,ready,9
2026-10-08 22:37:14.381,110.47,20261008_223523,prim,rest,,,,,83.1,61.3,1,,,,0,35.14,0.109,0.075,11,ready,9
2026-10-08 22:37:14.578,110.67,20261008_223523,prim,rest,,,,,83.1,61.3,1,,,,0,35.14,0.102,0.073,11,ready,9
2026-10-08 22:37:14.784,110.88,20261008_223523,prim,rest,,,,,83.1,61.3,1,,,,0,35.14,0.093,0.067,11,ready,9
2026-10-08 22:37:14.994,111.09,20261008_223523,prim,rest,,,,,83.1,61.3,1,,,,0,35.14,0.087,0.062,11,ready,9
2026-10-08 22:37:15.195,111.29,20261008_223523,prim,question,1,600,manual,truth,83.1,61.3,1,,,,0,35.14,0.08,0.059,11,question,9
2026-10-08 22:37:15.392,111.48,20261008_223523,prim,question,1,600,manual,truth,83.1,61.3,1,,,,0,35.15,0.089,0.06,11,question,9
2026-10-08 22:37:15.728,111.82,20261008_223523,prim,question,1,600,manual,truth,83.1,61.3,1,,,,0,35.12,0.088,0.07,11,question,9
2026-10-08 22:37:15.804,111.9,20261008_223523,prim,question,1,600,manual,truth,83.1,61.3,1,,,,0,35.12,0.089,0.08,11,question,9
2026-10-08 22:37:16.010,112.1,20261008_223523,prim,question,1,600,manual,truth,83.1,61.3,1,,,,0,35.12,0.082,0.081,11,question,9
2026-10-08 22:37:16.229,112.32,20261008_223523,prim,question,1,600,manual,truth,83.1,61.3,1,,,,0,35.12,0.08,0.077,11,question,9
2026-10-08 22:37:16.423,112.52,20261008_223523,prim,question,1,600,manual,truth,83.1,61.3,1,,,,0,35.13,0.083,0.094,11,question,9
2026-10-08 22:37:16.626,112.72,20261008_223523,prim,question,1,600,manual,truth,83.1,61.3,1,,,,0,35.12,0.081,0.095,11,question,9
2026-10-08 22:37:16.823,112.92,20261008_223523,prim,question,1,600,manual,truth,83.1,61.3,1,,,,0,35.12,0.076,0.09,11,question,9
2026-10-08 22:37:17.032,113.13,20261008_223523,prim,question,1,600,manual,truth,83.1,61.3,1,,,,0,35.13,0.069,0.081,11,question,9
2026-10-08 22:37:17.237,113.33,20261008_223523,prim,question,1,600,manual,truth,83.1,61.3,1,,,,0,35.14,0.063,0.074,11,question,9
2026-10-08 22:37:17.448,113.54,20261008_223523,prim,question,1,600,manual,truth,83.1,61.3,1,,,,0,35.15,0.057,0.067,11,question,9
2026-10-08 22:37:17.646,113.74,20261008_223523,prim,question,1,600,manual,truth,83.1,61.3,1,,,,0,35.15,0.052,0.061,11,question,9
2026-10-08 22:37:17.855,113.95,20261008_223523,prim,question,1,600,manual,truth,83.1,61.3,1,,,,0,35.16,0.047,0.056,11,question,9
2026-10-08 22:37:18.064,114.16,20261008_223523,prim,question,1,600,manual,truth,83.1,61.3,1,,,,0,35.16,0.043,0.05,11,question,9
2026-10-08 22:37:18.269,114.36,20261008_223523,prim,question,1,600,manual,truth,83.1,61.3,1,,,,0,35.16,0.04,0.046,11,question,9
2026-10-08 22:37:18.474,114.57,20261008_223523,prim,question,1,600,manual,truth,83.1,61.3,1,,,,0,35.17,0.036,0.042,11,question,9
2026-10-08 22:37:18.705,114.8,20261008_223523,prim,question,1,600,manual,truth,83.1,61.3,1,,,,0,35.17,0.033,0.038,11,question,9
2026-10-08 22:37:18.887,114.98,20261008_223523,prim,question,1,600,manual,truth,83.1,61.3,1,,,,0,35.18,0.031,0.034,11,question,9
2026-10-08 22:37:19.097,115.19,20261008_223523,prim,question,1,600,manual,truth,83.1,61.3,1,,,,0,35.18,0.029,0.031,11,question,9
2026-10-08 22:37:19.307,115.4,20261008_223523,prim,question,1,600,manual,truth,83.1,61.3,1,,,,0,35.18,0.027,0.029,11,question,9
2026-10-08 22:37:19.517,115.61,20261008_223523,prim,question,1,600,manual,truth,83.1,61.3,1,,,,0,35.19,0.025,0.026,11,question,9
2026-10-08 22:37:19.738,115.83,20261008_223523,prim,question,1,600,manual,truth,,,1,,,,0,35.18,0.022,0.022,13,question,9
2026-10-08 22:37:19.929,116.02,20261008_223523,prim,question,1,600,manual,truth,,,1,,,,0,35.19,0.024,0.02,13,question,9
2026-10-08 22:37:20.140,116.23,20261008_223523,prim,question,1,600,manual,truth,,,1,,,,0,35.2,0.03,0.023,14,question,9
2026-10-08 22:37:20.340,116.43,20261008_223523,prim,question,1,600,manual,truth,,,1,,,,0,35.2,0.031,0.021,14,question,9
2026-10-08 22:37:20.547,116.64,20261008_223523,prim,question,1,600,manual,truth,,,1,,,,0,35.21,0.031,0.023,15,question,9
2026-10-08 22:37:20.761,116.85,20261008_223523,prim,question,1,600,manual,truth,,,1,,,,0,35.21,0.029,0.022,15,question,9
2026-10-08 22:37:20.956,117.05,20261008_223523,prim,question,1,600,manual,truth,,,1,,,,0,35.21,0.029,0.021,15,question,9
2026-10-08 22:37:21.165,117.26,20261008_223523,prim,question,1,600,manual,truth,,,1,,,,0,35.22,0.03,0.022,15,question,9
2026-10-08 22:37:21.369,117.46,20261008_223523,prim,question,1,600,manual,truth,,,1,,,,0,35.22,0.039,0.027,16,question,9
2026-10-08 22:37:21.563,117.66,20261008_223523,prim,question,1,600,manual,truth,,,1,,,,0,35.23,0.037,0.027,16,question,9
2026-10-08 22:37:21.770,117.86,20261008_223523,prim,question,1,600,manual,truth,84.5,61.3,1,,,,0,35.23,0.039,0.026,15,question,9
2026-10-08 22:37:21.979,118.07,20261008_223523,prim,question,1,600,manual,truth,84.5,61.3,1,,,,0,35.24,0.042,0.027,14,question,9
2026-10-08 22:37:22.180,118.27,20261008_223523,prim,question,1,600,manual,truth,86.3,93.9,1,,,,0,35.24,0.088,0.044,14,question,9
2026-10-08 22:37:22.383,118.48,20261008_223523,prim,question,1,600,manual,truth,86.3,93.9,1,,,,0,35.24,0.094,0.046,14,question,9
2026-10-08 22:37:22.587,118.68,20261008_223523,prim,question,1,600,manual,truth,86.3,93.9,1,,,,0,35.25,0.095,0.044,13,question,9
2026-10-08 22:37:22.789,118.88,20261008_223523,prim,question,1,600,manual,truth,86.3,93.9,1,,,,0,35.25,0.093,0.042,13,question,9
2026-10-08 22:37:22.996,119.09,20261008_223523,prim,question,1,600,manual,truth,86.3,93.9,1,,,,0,35.26,0.084,0.04,13,question,9
2026-10-08 22:37:23.198,119.29,20261008_223523,prim,question,1,600,manual,truth,93.3,93.9,1,,,,0,35.26,0.081,0.038,13,question,9
2026-10-08 22:37:23.403,119.5,20261008_223523,prim,question,1,600,manual,truth,93.3,93.9,1,,,,0,35.27,0.08,0.036,13,question,9
2026-10-08 22:37:23.608,119.7,20261008_223523,prim,question,1,600,manual,truth,93.3,93.9,1,,,,0,35.27,0.073,0.033,14,question,9
2026-10-08 22:37:23.828,119.92,20261008_223523,prim,question,1,600,manual,truth,86.3,122.2,1,,,,0,35.28,0.079,0.035,13,question,9
2026-10-08 22:37:24.022,120.11,20261008_223523,prim,question,1,600,manual,truth,86.3,122.2,1,,,,0,35.29,0.077,0.032,13,question,9
2026-10-08 22:37:24.230,120.32,20261008_223523,prim,question,1,600,manual,truth,86.3,122.2,1,,,,0,35.26,0.072,0.029,13,question,9
2026-10-08 22:37:24.439,120.53,20261008_223523,prim,question,1,600,manual,truth,86.3,122.2,1,,,,0,35.26,0.066,0.026,13,question,9
2026-10-08 22:37:24.650,120.74,20261008_223523,prim,question,1,600,manual,truth,86.3,122.2,1,,,,0,35.27,0.062,0.025,13,question,9
2026-10-08 22:37:24.849,120.94,20261008_223523,prim,question,1,600,manual,truth,86.3,122.2,1,,,,0,35.27,0.057,0.024,12,question,9
2026-10-08 22:37:25.053,121.15,20261008_223523,prim,question,1,600,manual,truth,86.3,122.2,1,,,,0,35.28,0.056,0.023,12,question,9
2026-10-08 22:37:25.263,121.36,20261008_223523,prim,question,1,600,manual,truth,86.3,122.2,1,,,,0,35.29,0.053,0.023,12,question,9
2026-10-08 22:37:25.467,121.56,20261008_223523,prim,question,1,600,manual,truth,86.3,122.2,1,,,,0,35.3,0.05,0.021,12,question,9
2026-10-08 22:37:25.675,121.77,20261008_223523,prim,question,1,600,manual,truth,86.3,122.2,1,,,,0,35.31,0.061,0.027,12,question,9
2026-10-08 22:37:25.883,121.98,20261008_223523,prim,question,1,600,manual,truth,92.5,124.1,1,,,,0,35.32,0.058,0.025,12,question,9
2026-10-08 22:37:26.091,122.18,20261008_223523,prim,question,1,600,manual,truth,92.5,124.1,1,,,,0,35.32,0.054,0.023,13,question,9
2026-10-08 22:37:26.293,122.39,20261008_223523,prim,question,1,600,manual,truth,92.5,124.1,1,,,,0,35.33,0.052,0.022,13,question,9
2026-10-08 22:37:26.503,122.6,20261008_223523,prim,question,1,600,manual,truth,92.5,124.1,1,,,,0,35.33,0.048,0.02,13,question,9
2026-10-08 22:37:26.707,122.8,20261008_223523,prim,question,1,600,manual,truth,92.5,124.1,1,,,,0,35.34,0.047,0.02,13,question,9
2026-10-08 22:37:26.919,123.01,20261008_223523,prim,question,1,600,manual,truth,92.5,124.1,1,,,,0,35.34,0.057,0.023,13,question,9
2026-10-08 22:37:27.122,123.21,20261008_223523,prim,recovery,1,600,manual,truth,92.5,124.1,1,,,,0,35.34,0.061,0.024,13,ready,9
2026-10-08 22:37:27.330,123.42,20261008_223523,prim,recovery,1,600,manual,truth,92.5,124.1,1,,,,0,35.33,0.056,0.024,13,ready,9
2026-10-08 22:37:27.525,123.62,20261008_223523,prim,recovery,1,600,manual,truth,92.5,135.9,1,,,,0,35.34,0.068,0.028,14,ready,9
2026-10-08 22:37:27.737,123.83,20261008_223523,prim,recovery,1,600,manual,truth,92.5,135.9,1,,,,0,35.34,0.065,0.026,14,ready,9
2026-10-08 22:37:27.942,124.03,20261008_223523,prim,recovery,1,600,manual,truth,92.5,166.6,1,,,,0,35.35,0.061,0.025,14,ready,9
2026-10-08 22:37:28.146,124.24,20261008_223523,prim,recovery,1,600,manual,truth,92.5,166.6,1,,,,0,35.35,0.059,0.025,14,ready,9
2026-10-08 22:37:28.362,124.46,20261008_223523,prim,recovery,1,600,manual,truth,92.5,173.1,1,,,,0,35.36,0.075,0.033,14,ready,9
2026-10-08 22:37:28.672,124.76,20261008_223523,prim,recovery,1,600,manual,truth,92.5,173.1,1,,,,0,35.37,0.074,0.032,14,ready,9
2026-10-08 22:37:28.769,124.86,20261008_223523,prim,recovery,1,600,manual,truth,92.5,173.1,1,,,,0,35.37,0.069,0.029,14,ready,9
2026-10-08 22:37:28.976,125.07,20261008_223523,prim,recovery,1,600,manual,truth,99.2,158.4,1,,,,0,35.37,0.067,0.028,14,ready,9
2026-10-08 22:37:29.190,125.28,20261008_223523,prim,recovery,1,600,manual,truth,99.2,158.4,1,,,,0,35.38,0.066,0.03,15,ready,9
2026-10-08 22:37:29.384,125.48,20261008_223523,prim,recovery,1,600,manual,truth,99.2,158.4,1,,,,0,35.38,0.062,0.028,15,ready,9
2026-10-08 22:37:29.593,125.69,20261008_223523,prim,recovery,1,600,manual,truth,99.2,158.4,1,,,,0,35.39,0.057,0.026,15,ready,9
2026-10-08 22:37:29.810,125.9,20261008_223523,prim,recovery,1,600,manual,truth,99.2,158.4,1,,,,0,35.38,0.053,0.024,15,ready,9
2026-10-08 22:37:30.007,126.1,20261008_223523,prim,recovery,1,600,manual,truth,99.2,158.4,1,,,,0,35.38,0.049,0.023,16,ready,9
2026-10-08 22:37:30.204,126.3,20261008_223523,prim,recovery,1,600,manual,truth,99.2,158.4,1,,,,0,35.39,0.045,0.022,16,ready,9
2026-10-08 22:37:30.413,126.51,20261008_223523,prim,recovery,1,600,manual,truth,99.2,158.4,1,,,,0,35.36,0.041,0.02,16,ready,9
2026-10-08 22:37:30.623,126.72,20261008_223523,prim,recovery,1,600,manual,truth,99.2,158.4,1,,,,0,35.37,0.054,0.023,16,ready,9
2026-10-08 22:37:30.827,126.92,20261008_223523,prim,recovery,1,600,manual,truth,99.2,158.4,1,,,,0,35.38,0.067,0.034,16,ready,9
2026-10-08 22:37:31.031,127.12,20261008_223523,prim,recovery,1,600,manual,truth,99.2,158.4,1,,,,0,35.38,0.065,0.033,16,ready,9
2026-10-08 22:37:31.238,127.33,20261008_223523,prim,recovery,1,600,manual,truth,99.2,158.4,1,,,,0,35.38,0.059,0.03,16,ready,9
2026-10-08 22:37:31.468,127.56,20261008_223523,prim,recovery,1,600,manual,truth,99.2,158.4,1,,,,0,35.39,0.059,0.03,16,ready,9
2026-10-08 22:37:31.653,127.75,20261008_223523,prim,recovery,1,600,manual,truth,99.2,158.4,1,,,,0,35.39,0.061,0.033,16,ready,9
2026-10-08 22:37:31.853,127.95,20261008_223523,prim,rest,,,,,99.2,158.4,1,,,,0,35.4,0.058,0.03,16,ready,9
2026-10-08 22:37:32.057,128.15,20261008_223523,prim,rest,,,,,,,1,,,,0,35.4,0.055,0.029,16,ready,9
2026-10-08 22:37:32.264,128.36,20261008_223523,prim,rest,,,,,,,1,,,,0,35.4,0.055,0.029,17,ready,9
2026-10-08 22:37:32.474,128.57,20261008_223523,prim,rest,,,,,,,1,,,,0,35.4,0.053,0.03,17,ready,9
2026-10-08 22:37:32.683,128.78,20261008_223523,prim,rest,,,,,71.7,,1,,,,0,35.41,0.051,0.027,15,ready,9
2026-10-08 22:37:32.887,128.98,20261008_223523,prim,rest,,,,,71.7,,1,,,,0,35.41,0.049,0.027,14,ready,9
2026-10-08 22:37:33.098,129.19,20261008_223523,prim,rest,,,,,89.6,,1,,,,0,35.42,0.048,0.025,14,ready,9
2026-10-08 22:37:33.303,129.4,20261008_223523,prim,rest,,,,,89.6,,1,,,,0,35.42,0.047,0.024,14,ready,9
2026-10-08 22:37:33.508,129.6,20261008_223523,prim,rest,,,,,89.6,,1,,,,0,35.43,0.045,0.023,13,ready,9
2026-10-08 22:37:33.707,129.8,20261008_223523,prim,rest,,,,,89.6,,1,,,,0,35.4,0.044,0.021,13,ready,9
2026-10-08 22:37:33.920,130.01,20261008_223523,prim,rest,,,,,86.3,,1,,,,0,35.4,0.041,0.02,13,ready,9
2026-10-08 22:37:34.124,130.22,20261008_223523,prim,rest,,,,,86.3,,1,,,,0,35.38,0.04,0.023,13,ready,9
2026-10-08 22:37:34.328,130.42,20261008_223523,prim,rest,,,,,86.3,,1,,,,0,35.39,0.043,0.026,13,ready,9
2026-10-08 22:37:34.536,130.63,20261008_223523,prim,rest,,,,,86.3,,1,,,,0,35.39,0.047,0.032,12,ready,9
2026-10-08 22:37:34.748,130.84,20261008_223523,prim,rest,,,,,86.3,,1,,,,0,35.4,0.05,0.032,12,ready,9
2026-10-08 22:37:34.954,131.05,20261008_223523,prim,rest,,,,,86.3,,1,,,,0,35.39,0.044,0.028,12,ready,9
2026-10-08 22:37:35.162,131.26,20261008_223523,prim,rest,,,,,86.3,,1,,,,0,35.39,0.042,0.026,12,ready,9
2026-10-08 22:37:35.370,131.46,20261008_223523,prim,rest,,,,,86.3,,1,,,,0,35.4,0.039,0.025,12,ready,9
2026-10-08 22:37:35.575,131.67,20261008_223523,prim,rest,,,,,86.3,,1,,,,0,35.4,0.037,0.023,12,ready,9
2026-10-08 22:37:35.782,131.87,20261008_223523,prim,rest,,,,,86.3,,1,,,,0,35.41,0.034,0.022,12,ready,9
2026-10-08 22:37:35.989,132.08,20261008_223523,prim,rest,,,,,89.6,,1,,,,0,35.41,0.032,0.02,12,ready,9
2026-10-08 22:37:36.183,132.28,20261008_223523,prim,question,2,601,manual,lie,89.6,,1,,,,0,35.42,0.032,0.019,12,question,9
2026-10-08 22:37:36.384,132.48,20261008_223523,prim,question,2,601,manual,lie,89.6,,1,,,,0,35.42,0.038,0.03,12,question,9
2026-10-08 22:37:36.617,132.71,20261008_223523,prim,question,2,601,manual,lie,94.0,244.9,1,,,,0,35.43,0.058,0.037,13,question,9
2026-10-08 22:37:36.799,132.89,20261008_223523,prim,question,2,601,manual,lie,94.0,244.9,1,,,,0,35.43,0.057,0.036,13,question,9
2026-10-08 22:37:37.004,133.1,20261008_223523,prim,question,2,601,manual,lie,94.0,244.9,1,,,,0,35.43,0.053,0.033,13,question,9
2026-10-08 22:37:37.213,133.31,20261008_223523,prim,question,2,601,manual,lie,94.0,244.9,1,,,,0,35.43,0.048,0.03,13,question,9
2026-10-08 22:37:37.418,133.51,20261008_223523,prim,question,2,601,manual,lie,94.0,244.9,1,,,,0,35.44,0.044,0.028,14,question,9
2026-10-08 22:37:37.626,133.72,20261008_223523,prim,question,2,601,manual,lie,99.9,244.9,1,,,,0,35.44,0.04,0.025,14,question,9
2026-10-08 22:37:37.829,133.92,20261008_223523,prim,question,2,601,manual,lie,99.9,244.9,1,,,,0,35.44,0.04,0.024,14,question,9
2026-10-08 22:37:38.049,134.14,20261008_223523,prim,question,2,601,manual,lie,99.9,244.9,1,,,,0,35.44,0.038,0.024,15,question,9
2026-10-08 22:37:38.240,134.33,20261008_223523,prim,question,2,601,manual,lie,99.9,244.9,1,,,,0,35.41,0.043,0.023,15,question,9
2026-10-08 22:37:38.445,134.54,20261008_223523,prim,question,2,601,manual,lie,99.9,244.9,1,,,,0,35.42,0.04,0.022,15,question,9
2026-10-08 22:37:38.655,134.75,20261008_223523,prim,question,2,601,manual,lie,,,1,,,,0,35.43,0.038,0.02,16,question,9
2026-10-08 22:37:38.866,134.96,20261008_223523,prim,question,2,601,manual,lie,,,1,,,,0,35.43,0.034,0.018,16,question,9
2026-10-08 22:37:39.075,135.17,20261008_223523,prim,question,2,601,manual,lie,,,1,,,,0,35.43,0.031,0.016,16,question,9
2026-10-08 22:37:39.291,135.38,20261008_223523,prim,question,2,601,manual,lie,,,1,,,,0,35.44,0.029,0.015,16,question,9
2026-10-08 22:37:39.485,135.58,20261008_223523,prim,question,2,601,manual,lie,,,1,,,,0,35.44,0.027,0.015,16,question,9
2026-10-08 22:37:39.694,135.79,20261008_223523,prim,question,2,601,manual,lie,93.5,,1,,,,0,35.44,0.025,0.015,16,question,9
2026-10-08 22:37:39.896,135.99,20261008_223523,prim,question,2,601,manual,lie,93.5,,1,,,,0,35.45,0.025,0.014,15,question,9
2026-10-08 22:37:40.118,136.21,20261008_223523,prim,question,2,601,manual,lie,142.1,,1,,,,0,35.45,0.024,0.014,20,question,9
2026-10-08 22:37:42.125,138.22,20261008_223523,prim,question,2,601,manual,lie,142.1,322.2,1,,,,0,35.47,0.037,0.02,35,question,9
2026-10-08 22:37:42.330,138.42,20261008_223523,prim,question,2,601,manual,lie,142.1,322.2,1,,,,0,35.47,0.036,0.019,36,question,9
2026-10-08 22:37:42.529,138.62,20261008_223523,prim,question,2,601,manual,lie,142.1,322.2,1,,,,0,35.47,0.035,0.018,37,question,9
2026-10-08 22:37:42.726,138.82,20261008_223523,prim,question,2,601,manual,lie,142.1,322.2,1,,,,0,35.48,0.033,0.017,37,question,9
2026-10-08 22:37:42.927,139.02,20261008_223523,prim,question,2,601,manual,lie,142.1,322.2,1,,,,0,35.48,0.032,0.016,38,question,9
2026-10-08 22:37:43.134,139.23,20261008_223523,prim,question,2,601,manual,lie,150.1,322.2,1,,,,0,35.48,0.03,0.015,39,question,9
2026-10-08 22:37:43.342,139.44,20261008_223523,prim,question,2,601,manual,lie,150.1,322.2,1,,,,0,35.48,0.029,0.019,40,question,9
2026-10-08 22:37:43.546,139.64,20261008_223523,prim,question,2,601,manual,lie,150.1,322.2,1,,,,0,35.48,0.029,0.019,41,question,9
2026-10-08 22:37:43.752,139.84,20261008_223523,prim,question,2,601,manual,lie,150.1,322.2,1,,,,0,35.48,0.028,0.017,42,question,9
2026-10-08 22:37:43.964,140.06,20261008_223523,prim,question,2,601,manual,lie,150.1,322.2,1,,,,0,35.48,0.027,0.016,42,question,9
2026-10-08 22:37:44.170,140.26,20261008_223523,prim,question,2,601,manual,lie,150.1,322.2,1,,,,0,35.48,0.027,0.015,43,question,9
2026-10-08 22:37:44.377,140.47,20261008_223523,prim,question,2,601,manual,lie,150.1,322.2,1,,,,0,35.49,0.025,0.016,44,question,9
2026-10-08 22:37:44.580,140.67,20261008_223523,prim,question,2,601,manual,lie,150.1,322.2,1,,,,0,35.49,0.028,0.019,44,question,9
2026-10-08 22:37:44.795,140.89,20261008_223523,prim,question,2,601,manual,lie,150.1,322.2,1,,,,0,35.5,0.027,0.018,44,question,9
2026-10-08 22:37:44.994,141.09,20261008_223523,prim,question,2,601,manual,lie,150.1,322.2,1,,,,0,35.49,0.044,0.026,44,question,8
2026-10-08 22:37:45.201,141.29,20261008_223523,prim,question,2,601,manual,lie,150.1,322.2,1,,,,0,35.49,0.053,0.028,44,question,8
2026-10-08 22:37:45.426,141.52,20261008_223523,prim,question,2,601,manual,lie,152.6,295.3,1,,,,0,35.49,0.049,0.029,45,question,8
2026-10-08 22:37:45.615,141.71,20261008_223523,prim,question,2,601,manual,lie,152.6,295.3,1,,,,0,35.5,0.046,0.027,45,question,8
2026-10-08 22:37:45.831,141.92,20261008_223523,prim,question,2,601,manual,lie,163.6,270.7,1,,,,0,35.51,0.048,0.025,47,question,8
2026-10-08 22:37:46.030,142.12,20261008_223523,prim,question,2,601,manual,lie,163.6,270.7,1,,,,0,35.51,0.073,0.037,49,question,8
2026-10-08 22:37:46.241,142.33,20261008_223523,prim,question,2,601,manual,lie,171.3,250.7,1,,,,0,35.51,0.07,0.039,51,question,8
2026-10-08 22:37:46.444,142.54,20261008_223523,prim,question,2,601,manual,lie,171.3,250.7,1,,,,0,35.51,0.066,0.04,53,question,8
2026-10-08 22:37:46.672,142.76,20261008_223523,prim,question,2,601,manual,lie,163.6,235.8,1,,,,0,35.52,0.068,0.039,53,question,8
2026-10-08 22:37:46.859,142.95,20261008_223523,prim,question,2,601,manual,lie,163.6,235.8,1,,,,0,35.52,0.065,0.038,54,question,8
2026-10-08 22:37:47.065,143.16,20261008_223523,prim,question,2,601,manual,lie,171.3,177.9,1,,,,0,35.52,0.06,0.035,55,question,8
2026-10-08 22:37:47.275,143.37,20261008_223523,prim,question,2,601,manual,lie,171.3,83.9,1,,,,0,35.5,0.062,0.034,56,question,8
2026-10-08 22:37:47.485,143.58,20261008_223523,prim,question,2,601,manual,lie,171.3,83.9,1,,,,0,35.48,0.064,0.032,57,question,8
2026-10-08 22:37:47.693,143.79,20261008_223523,prim,question,2,601,manual,lie,171.3,83.9,1,,,,0,35.48,0.06,0.031,57,question,9
2026-10-08 22:37:47.897,143.99,20261008_223523,prim,question,2,601,manual,lie,171.3,87.0,1,,,,0,35.49,0.058,0.032,58,question,9
2026-10-08 22:37:48.089,144.18,20261008_223523,prim,recovery,2,601,manual,lie,171.3,87.0,1,,,,0,35.5,0.058,0.033,58,ready,9
2026-10-08 22:37:52.167,148.26,20261008_223523,prim,recovery,2,601,manual,lie,,,1,,,,0,35.59,0.04,0.022,42,ready,9
2026-10-08 22:37:52.365,148.46,20261008_223523,prim,recovery,2,601,manual,lie,76.9,,1,,,,0,35.59,0.038,0.024,36,ready,9
2026-10-08 22:37:52.796,148.89,20261008_223523,prim,recovery,2,601,manual,lie,76.9,,1,,,,0,35.6,0.045,0.031,31,ready,9
2026-10-08 22:37:52.809,148.9,20261008_223523,prim,recovery,2,601,manual,lie,76.9,,1,,,,0,35.61,0.043,0.029,27,ready,9
2026-10-08 22:37:52.979,149.07,20261008_223523,prim,recovery,2,601,manual,lie,76.9,,1,,,,0,35.61,0.041,0.027,24,ready,9
2026-10-08 22:37:53.189,149.28,20261008_223523,prim,recovery,2,601,manual,lie,74.3,,1,,,,0,35.62,0.047,0.028,21,ready,9
2026-10-08 22:37:53.397,149.49,20261008_223523,prim,recovery,2,601,manual,lie,74.3,,1,,,,0,35.63,0.05,0.035,19,ready,9
2026-10-08 22:37:53.607,149.7,20261008_223523,prim,recovery,2,601,manual,lie,74.3,,1,,,,0,35.63,0.052,0.034,17,ready,9
2026-10-08 22:37:53.801,149.89,20261008_223523,prim,recovery,2,601,manual,lie,74.3,,1,,,,0,35.64,0.051,0.036,16,ready,9
2026-10-08 22:37:54.009,150.1,20261008_223523,prim,recovery,2,601,manual,lie,79.2,,1,,,,0,35.64,0.051,0.036,15,ready,9
2026-10-08 22:37:54.214,150.31,20261008_223523,prim,recovery,2,601,manual,lie,79.2,,1,,,,0,35.64,0.054,0.036,14,ready,9
2026-10-08 22:37:54.422,150.51,20261008_223523,prim,rest,,,,,79.2,,1,,,,0,35.64,0.05,0.033,13,ready,9
2026-10-08 22:37:54.637,150.73,20261008_223523,prim,rest,,,,,79.2,,1,,,,0,35.65,0.046,0.03,12,ready,9
2026-10-08 22:37:54.840,150.93,20261008_223523,prim,rest,,,,,79.2,,1,,,,0,35.66,0.043,0.028,12,ready,9
2026-10-08 22:37:55.044,151.14,20261008_223523,prim,rest,,,,,79.2,,1,,,,0,35.66,0.042,0.026,12,ready,9
2026-10-08 22:37:55.254,151.35,20261008_223523,prim,rest,,,,,79.2,,1,,,,0,35.67,0.039,0.027,11,ready,9
2026-10-08 22:37:55.454,151.55,20261008_223523,prim,rest,,,,,79.2,,1,,,,0,35.67,0.036,0.029,11,ready,9
2026-10-08 22:37:55.688,151.78,20261008_223523,prim,rest,,,,,79.2,,1,,,,0,35.68,0.044,0.032,11,ready,9
2026-10-08 22:37:55.873,151.97,20261008_223523,prim,rest,,,,,79.2,,1,,,,0,35.66,0.04,0.029,10,ready,9
2026-10-08 22:37:56.082,152.17,20261008_223523,prim,rest,,,,,79.2,,1,,,,0,35.66,0.039,0.027,10,ready,9
2026-10-08 22:37:56.281,152.37,20261008_223523,prim,rest,,,,,79.2,,1,,,,0,35.67,0.043,0.025,10,ready,9
2026-10-08 22:37:56.491,152.58,20261008_223523,prim,rest,,,,,79.2,,1,,,,0,35.68,0.04,0.025,10,ready,9
2026-10-08 22:37:56.691,152.78,20261008_223523,prim,rest,,,,,79.2,,1,,,,0,35.68,0.04,0.027,10,ready,9
2026-10-08 22:37:56.899,152.99,20261008_223523,prim,rest,,,,,79.2,,1,,,,0,35.69,0.042,0.027,10,ready,9
2026-10-08 22:37:57.102,153.19,20261008_223523,prim,rest,,,,,79.2,,1,,,,0,35.69,0.04,0.025,10,ready,9
2026-10-08 22:37:57.309,153.4,20261008_223523,prim,rest,,,,,79.2,,1,,,,0,35.7,0.039,0.023,10,ready,9
2026-10-08 22:37:57.514,153.61,20261008_223523,prim,rest,,,,,79.2,,1,,,,0,35.7,0.036,0.021,10,ready,9
2026-10-08 22:37:57.726,153.82,20261008_223523,prim,question,3,602,manual,truth,79.2,,1,,,,0,35.71,0.033,0.019,10,question,9
2026-10-08 22:37:57.921,154.01,20261008_223523,prim,question,3,602,manual,truth,,,1,,,,0,35.71,0.033,0.022,11,question,9
2026-10-08 22:37:58.125,154.22,20261008_223523,prim,question,3,602,manual,truth,,,1,,,,0,35.71,0.036,0.023,12,question,9
2026-10-08 22:37:58.330,154.42,20261008_223523,prim,question,3,602,manual,truth,,,1,,,,0,35.72,0.033,0.021,13,question,9
2026-10-08 22:37:58.540,154.63,20261008_223523,prim,question,3,602,manual,truth,,,1,,,,0,35.72,0.03,0.019,13,question,9
2026-10-08 22:37:58.743,154.84,20261008_223523,prim,question,3,602,manual,truth,60.5,,1,,,,0,35.72,0.029,0.019,12,question,9
2026-10-08 22:37:58.946,155.04,20261008_223523,prim,question,3,602,manual,truth,60.5,,1,,,,0,35.73,0.028,0.017,11,question,9
2026-10-08 22:37:59.165,155.26,20261008_223523,prim,question,3,602,manual,truth,60.5,,1,,,,0,35.73,0.026,0.016,10,question,9
2026-10-08 22:37:59.360,155.45,20261008_223523,prim,question,3,602,manual,truth,60.5,,1,,,,0,35.73,0.025,0.017,9,question,9
2026-10-08 22:37:59.570,155.66,20261008_223523,prim,question,3,602,manual,truth,79.6,,1,,,,0,35.73,0.026,0.016,9,question,9
2026-10-08 22:37:59.773,155.87,20261008_223523,prim,question,3,602,manual,truth,79.6,,1,,,,0,35.74,0.024,0.015,9,question,9
2026-10-08 22:37:59.980,156.07,20261008_223523,prim,question,3,602,manual,truth,79.6,,1,,,,0,35.74,0.025,0.015,10,question,9
2026-10-08 22:38:00.192,156.28,20261008_223523,prim,question,3,602,manual,truth,80.8,,1,,,,0,35.74,0.025,0.015,10,question,9
2026-10-08 22:38:00.391,156.48,20261008_223523,prim,question,3,602,manual,truth,80.8,,1,,,,0,35.74,0.034,0.02,10,question,8
2026-10-08 22:38:00.589,156.68,20261008_223523,prim,question,3,602,manual,truth,80.8,,1,,,,0,35.74,0.033,0.019,10,question,8
2026-10-08 22:38:00.794,156.89,20261008_223523,prim,question,3,602,manual,truth,80.8,,1,,,,0,35.74,0.03,0.018,10,question,8
2026-10-08 22:38:01.001,157.09,20261008_223523,prim,question,3,602,manual,truth,82.0,260.1,1,,,,0,35.75,0.028,0.018,10,question,9
2026-10-08 22:38:01.202,157.3,20261008_223523,prim,question,3,602,manual,truth,82.0,260.1,1,,,,0,35.75,0.029,0.019,10,question,9
2026-10-08 22:38:01.402,157.49,20261008_223523,prim,question,3,602,manual,truth,82.0,260.1,1,,,,0,35.75,0.032,0.022,10,question,9
2026-10-08 22:38:01.603,157.7,20261008_223523,prim,question,3,602,manual,truth,82.2,235.8,1,,,,0,35.75,0.037,0.027,10,question,9
2026-10-08 22:38:01.810,157.9,20261008_223523,prim,question,3,602,manual,truth,82.2,235.8,1,,,,0,35.75,0.036,0.026,10,question,9
2026-10-08 22:38:02.023,158.12,20261008_223523,prim,question,3,602,manual,truth,82.2,235.8,1,,,,0,35.75,0.034,0.024,10,question,9
2026-10-08 22:38:02.225,158.32,20261008_223523,prim,question,3,602,manual,truth,82.2,235.8,1,,,,0,35.76,0.032,0.022,10,question,9
2026-10-08 22:38:02.432,158.53,20261008_223523,prim,question,3,602,manual,truth,82.2,235.8,1,,,,0,35.76,0.032,0.021,10,question,9
2026-10-08 22:38:02.639,158.73,20261008_223523,prim,question,3,602,manual,truth,82.2,235.8,1,,,,0,35.76,0.03,0.022,10,question,9
2026-10-08 22:38:02.853,158.95,20261008_223523,prim,question,3,602,manual,truth,82.2,235.8,1,,,,0,35.76,0.035,0.024,10,question,9
2026-10-08 22:38:03.047,159.14,20261008_223523,prim,question,3,602,manual,truth,82.2,235.8,1,,,,0,35.76,0.034,0.025,10,question,9
2026-10-08 22:38:03.251,159.34,20261008_223523,prim,question,3,602,manual,truth,82.2,235.8,1,,,,0,35.77,0.032,0.024,10,question,9
2026-10-08 22:38:03.460,159.55,20261008_223523,prim,question,3,602,manual,truth,82.2,235.8,1,,,,0,35.77,0.03,0.022,10,question,9
2026-10-08 22:38:03.670,159.76,20261008_223523,prim,question,3,602,manual,truth,82.9,235.8,1,,,,0,35.77,0.029,0.02,10,question,9
2026-10-08 22:38:03.901,159.99,20261008_223523,prim,question,3,602,manual,truth,82.9,235.8,1,,,,0,35.78,0.036,0.025,11,question,9
2026-10-08 22:38:04.078,160.17,20261008_223523,prim,question,3,602,manual,truth,82.9,235.8,1,,,,0,35.78,0.035,0.024,11,question,9
2026-10-08 22:38:04.279,160.37,20261008_223523,prim,question,3,602,manual,truth,82.9,235.8,1,,,,0,35.78,0.032,0.022,11,question,9
2026-10-08 22:38:04.479,160.57,20261008_223523,prim,question,3,602,manual,truth,82.9,235.8,1,,,,0,35.77,0.03,0.021,11,question,9
2026-10-08 22:38:04.695,160.79,20261008_223523,prim,question,3,602,manual,truth,82.9,235.8,1,,,,0,35.78,0.028,0.023,11,question,8
2026-10-08 22:38:04.894,160.99,20261008_223523,prim,question,3,602,manual,truth,82.9,235.8,1,,,,0,35.78,0.029,0.021,11,question,8
2026-10-08 22:38:05.109,161.2,20261008_223523,prim,question,3,602,manual,truth,82.9,235.8,1,,,,0,35.78,0.032,0.023,11,question,8
2026-10-08 22:38:05.310,161.4,20261008_223523,prim,question,3,602,manual,truth,82.9,235.8,1,,,,0,35.78,0.037,0.024,11,question,8
2026-10-08 22:38:05.509,161.6,20261008_223523,prim,question,3,602,manual,truth,82.9,235.8,1,,,,0,35.79,0.035,0.022,11,question,8
2026-10-08 22:38:05.708,161.8,20261008_223523,prim,question,3,602,manual,truth,82.9,235.8,1,,,,0,35.79,0.034,0.02,11,question,9
2026-10-08 22:38:05.914,162.01,20261008_223523,prim,question,3,602,manual,truth,82.9,235.8,1,,,,0,35.79,0.032,0.019,11,question,8
2026-10-08 22:38:06.120,162.21,20261008_223523,prim,question,3,602,manual,truth,82.9,235.8,1,,,,0,35.79,0.032,0.021,11,question,9
2026-10-08 22:38:06.329,162.42,20261008_223523,prim,question,3,602,manual,truth,82.9,235.8,1,,,,0,35.79,0.031,0.023,11,question,9
2026-10-08 22:38:06.536,162.63,20261008_223523,prim,question,3,602,manual,truth,82.9,235.8,1,,,,0,35.8,0.046,0.027,11,question,9
2026-10-08 22:38:06.742,162.83,20261008_223523,prim,question,3,602,manual,truth,82.9,217.3,1,,,,0,35.8,0.043,0.028,11,question,9
2026-10-08 22:38:06.962,163.06,20261008_223523,prim,question,3,602,manual,truth,82.9,217.3,1,,,,0,35.8,0.039,0.025,11,question,9
2026-10-08 22:38:07.157,163.25,20261008_223523,prim,question,3,602,manual,truth,82.9,217.3,1,,,,0,35.81,0.036,0.025,11,question,9
2026-10-08 22:38:07.360,163.45,20261008_223523,prim,question,3,602,manual,truth,82.9,217.3,1,,,,0,35.81,0.039,0.027,11,question,9
2026-10-08 22:38:07.572,163.66,20261008_223523,prim,question,3,602,manual,truth,82.9,217.3,1,,,,0,35.81,0.037,0.026,11,question,9
2026-10-08 22:38:07.792,163.89,20261008_223523,prim,question,3,602,manual,truth,82.9,217.3,1,,,,0,35.81,0.034,0.026,11,question,9
2026-10-08 22:38:07.982,164.08,20261008_223523,prim,question,3,602,manual,truth,82.9,217.3,1,,,,0,35.81,0.037,0.028,11,question,9
2026-10-08 22:38:08.188,164.28,20261008_223523,prim,question,3,602,manual,truth,82.9,217.3,1,,,,0,35.82,0.044,0.031,11,question,9
2026-10-08 22:38:08.406,164.5,20261008_223523,prim,question,3,602,manual,truth,82.9,217.3,1,,,,0,35.82,0.041,0.028,11,question,9
2026-10-08 22:38:08.598,164.69,20261008_223523,prim,question,3,602,manual,truth,82.9,217.3,1,,,,0,35.82,0.037,0.026,11,question,9
2026-10-08 22:38:08.808,164.9,20261008_223523,prim,question,3,602,manual,truth,82.9,217.3,1,,,,0,35.81,0.035,0.025,11,question,9
2026-10-08 22:38:09.013,165.11,20261008_223523,prim,question,3,602,manual,truth,82.9,217.3,1,,,,0,35.81,0.033,0.023,11,question,9
2026-10-08 22:38:09.219,165.31,20261008_223523,prim,question,3,602,manual,truth,82.9,217.3,1,,,,0,35.81,0.032,0.022,11,question,9
2026-10-08 22:38:09.429,165.52,20261008_223523,prim,question,3,602,manual,truth,82.9,217.3,1,,,,0,35.81,0.036,0.025,11,question,9
2026-10-08 22:38:09.633,165.73,20261008_223523,prim,recovery,3,602,manual,truth,82.9,217.3,1,,,,0,35.82,0.038,0.026,11,ready,9
2026-10-08 22:38:09.841,165.93,20261008_223523,prim,recovery,3,602,manual,truth,82.9,217.3,1,,,,0,35.81,0.035,0.024,11,ready,9
2026-10-08 22:38:10.039,166.13,20261008_223523,prim,recovery,3,602,manual,truth,82.9,217.3,1,,,,0,35.79,0.034,0.023,11,ready,9
2026-10-08 22:38:10.246,166.34,20261008_223523,prim,recovery,3,602,manual,truth,82.9,217.3,1,,,,0,35.79,0.033,0.021,11,ready,9
2026-10-08 22:38:10.455,166.55,20261008_223523,prim,recovery,3,602,manual,truth,,,1,,,,0,35.8,0.031,0.019,12,ready,9
2026-10-08 22:38:10.661,166.75,20261008_223523,prim,recovery,3,602,manual,truth,,,1,,,,0,35.8,0.034,0.023,13,ready,9
2026-10-08 22:38:10.870,166.96,20261008_223523,prim,recovery,3,602,manual,truth,,,1,,,,0,35.8,0.037,0.024,13,ready,9
2026-10-08 22:38:11.075,167.17,20261008_223523,prim,recovery,3,602,manual,truth,,,1,,,,0,35.81,0.035,0.022,14,ready,9
2026-10-08 22:38:11.290,167.38,20261008_223523,prim,recovery,3,602,manual,truth,,,1,,,,0,35.81,0.033,0.021,14,ready,9
2026-10-08 22:38:11.487,167.58,20261008_223523,prim,recovery,3,602,manual,truth,,,1,,,,0,35.8,0.03,0.021,15,ready,8
2026-10-08 22:38:11.697,167.79,20261008_223523,prim,recovery,3,602,manual,truth,48.7,,1,,,,0,35.81,0.034,0.023,11,ready,9
2026-10-08 22:38:11.903,168.0,20261008_223523,prim,recovery,3,602,manual,truth,48.7,,1,,,,0,35.81,0.035,0.023,10,ready,8
2026-10-08 22:38:12.109,168.2,20261008_223523,prim,recovery,3,602,manual,truth,48.7,,1,,,,0,35.81,0.032,0.021,9,ready,8
2026-10-08 22:38:12.314,168.41,20261008_223523,prim,recovery,3,602,manual,truth,48.7,,1,,,,0,35.82,0.03,0.022,8,ready,8
2026-10-08 22:38:12.524,168.62,20261008_223523,prim,recovery,3,602,manual,truth,48.7,,1,,,,0,35.82,0.039,0.027,7,ready,8
2026-10-08 22:38:12.731,168.82,20261008_223523,prim,recovery,3,602,manual,truth,48.7,,1,,,,0,35.82,0.037,0.028,7,ready,8
2026-10-08 22:38:12.935,169.03,20261008_223523,prim,recovery,3,602,manual,truth,48.7,,1,,,,0,35.83,0.251,0.224,7,ready,9
2026-10-08 22:38:13.135,169.23,20261008_223523,prim,recovery,3,602,manual,truth,47.6,,1,,,,0,35.83,0.737,0.677,7,ready,9
2026-10-08 22:38:13.357,169.45,20261008_223523,prim,recovery,3,602,manual,truth,47.6,,1,,,,0,35.83,0.994,0.963,7,ready,9
2026-10-08 22:38:13.572,169.66,20261008_223523,prim,recovery,3,602,manual,truth,47.6,,1,,,,0,35.83,0.99,0.961,7,ready,9
2026-10-08 22:38:13.755,169.85,20261008_223523,prim,recovery,3,602,manual,truth,47.6,,1,,,,0,35.83,0.897,0.874,7,ready,9
2026-10-08 22:38:13.963,170.06,20261008_223523,prim,recovery,3,602,manual,truth,47.6,,1,,,,0,35.83,0.812,0.792,7,ready,9
2026-10-08 22:38:14.185,170.28,20261008_223523,prim,recovery,3,602,manual,truth,47.6,,1,,,,0,35.81,0.735,0.72,7,ready,9
2026-10-08 22:38:14.377,170.47,20261008_223523,prim,recovery,3,602,manual,truth,48.5,,1,,,,0,35.82,0.666,0.654,7,ready,8
2026-10-08 22:38:14.595,170.69,20261008_223523,prim,recovery,3,602,manual,truth,48.5,,1,,,,0,35.82,0.603,0.595,7,ready,8
2026-10-08 22:38:14.798,170.89,20261008_223523,prim,recovery,3,602,manual,truth,48.5,,1,,,,0,35.82,0.547,0.54,7,ready,8
2026-10-08 22:38:15.001,171.09,20261008_223523,prim,recovery,3,602,manual,truth,48.5,,1,,,,0,35.82,0.495,0.5,7,ready,8
2026-10-08 22:38:15.204,171.3,20261008_223523,prim,rest,,,,,48.5,,1,,,,0,35.81,0.45,0.469,7,ready,8
2026-10-08 22:38:15.415,171.51,20261008_223523,prim,rest,,,,,48.5,,1,,,,0,35.81,0.407,0.426,6,ready,8
2026-10-08 22:38:15.618,171.71,20261008_223523,prim,rest,,,,,48.5,,1,,,,0,35.81,0.369,0.387,6,ready,8
2026-10-08 22:38:15.846,171.94,20261008_223523,prim,rest,,,,,48.5,,1,,,,0,35.81,0.334,0.353,6,ready,8
2026-10-08 22:38:16.035,172.13,20261008_223523,prim,rest,,,,,48.5,,1,,,,0,35.81,0.302,0.323,6,ready,8
2026-10-08 22:38:16.238,172.33,20261008_223523,prim,rest,,,,,48.5,,1,,,,0,35.81,0.274,0.294,6,ready,8
2026-10-08 22:38:16.445,172.54,20261008_223523,prim,rest,,,,,48.5,,1,,,,0,35.81,0.248,0.267,6,ready,8
2026-10-08 22:38:16.760,172.85,20261008_223523,prim,rest,,,,,48.5,,1,,,,0,35.81,0.224,0.242,5,ready,8
2026-10-08 22:38:16.866,172.96,20261008_223523,prim,rest,,,,,48.5,,1,,,,0,35.81,0.205,0.219,5,ready,8
2026-10-08 22:38:17.070,173.16,20261008_223523,prim,recovery,4,603,manual,lie,48.5,,1,,,,0,35.81,0.204,0.206,5,ready,8
2026-10-08 22:38:17.278,173.37,20261008_223523,prim,question,4,603,manual,lie,48.5,,1,,,,0,35.81,0.19,0.191,5,question,8
2026-10-08 22:38:17.940,174.03,20261008_223523,prim,question,4,603,manual,lie,48.5,,1,,,,0,35.81,0.181,0.179,5,question,8
2026-10-08 22:38:17.941,174.03,20261008_223523,prim,question,4,603,manual,lie,48.5,,1,,,,0,35.8,0.166,0.165,5,question,8
2026-10-08 22:38:17.942,174.03,20261008_223523,prim,question,4,603,manual,lie,48.5,,1,,,,0,35.8,0.138,0.135,5,question,8
2026-10-08 22:38:18.107,174.2,20261008_223523,prim,question,4,603,manual,lie,48.5,,1,,,,0,35.8,0.126,0.123,5,question,8
2026-10-08 22:38:20.303,176.4,20261008_223523,prim,question,4,603,manual,lie,48.5,,1,,,,0,35.78,0.084,0.069,5,question,9
2026-10-08 22:38:20.502,176.6,20261008_223523,prim,question,4,603,manual,lie,48.5,,1,,,,0,35.78,0.076,0.063,4,question,9
2026-10-08 22:38:20.702,176.79,20261008_223523,prim,question,4,603,manual,lie,48.5,,1,,,,0,35.78,0.069,0.057,4,question,9
2026-10-08 22:38:20.907,177.0,20261008_223523,prim,question,4,603,manual,lie,48.5,,1,,,,0,35.78,0.063,0.052,4,question,9
2026-10-08 22:38:21.111,177.2,20261008_223523,prim,question,4,603,manual,lie,48.5,,1,,,,0,35.78,0.058,0.047,4,question,9
2026-10-08 22:38:21.317,177.41,20261008_223523,prim,question,4,603,manual,lie,48.5,,1,,,,0,35.78,0.056,0.044,4,question,9
2026-10-08 22:38:21.526,177.62,20261008_223523,prim,question,4,603,manual,lie,48.5,,1,,,,0,35.78,0.064,0.045,4,question,9
2026-10-08 22:38:21.736,177.83,20261008_223523,prim,question,4,603,manual,lie,48.5,,1,,,,0,35.78,0.058,0.042,4,question,9
2026-10-08 22:38:21.945,178.04,20261008_223523,prim,question,4,603,manual,lie,48.5,,1,,,,0,35.78,0.071,0.046,4,question,9
2026-10-08 22:38:22.149,178.24,20261008_223523,prim,question,4,603,manual,lie,48.5,,1,,,,0,35.78,0.113,0.062,4,question,9
2026-10-08 22:38:24.316,180.41,20261008_223523,prim,question,4,603,manual,lie,48.6,,1,,,,0,35.78,0.559,0.247,5,question,9
2026-10-08 22:38:24.524,180.62,20261008_223523,prim,question,4,603,manual,lie,48.6,,1,,,,0,35.79,0.652,0.306,6,question,9
2026-10-08 22:38:24.733,180.83,20261008_223523,prim,question,4,603,manual,lie,48.6,,1,,,,0,35.79,0.738,0.333,6,question,9
2026-10-08 22:38:24.931,181.02,20261008_223523,prim,question,4,603,manual,lie,48.6,,1,,,,0,35.79,0.805,0.373,6,question,9
2026-10-08 22:38:25.135,181.23,20261008_223523,prim,question,4,603,manual,lie,48.6,,1,,,,0,35.79,0.878,0.401,6,question,9
2026-10-08 22:38:25.343,181.44,20261008_223523,prim,question,4,603,manual,lie,49.4,,1,,,,0,35.76,0.942,0.42,7,question,9
2026-10-08 22:38:25.549,181.64,20261008_223523,prim,question,4,603,manual,lie,49.4,,1,,,,0,35.76,0.973,0.441,7,question,9
2026-10-08 22:38:25.754,181.85,20261008_223523,prim,question,4,603,manual,lie,49.4,,1,,,,0,35.77,0.984,0.46,8,question,9
2026-10-08 22:38:25.959,182.05,20261008_223523,prim,question,4,603,manual,lie,49.4,191.7,1,,,,0,35.77,1.012,0.465,8,question,9
2026-10-08 22:38:26.163,182.26,20261008_223523,prim,question,4,603,manual,lie,49.4,191.7,1,,,,0,35.77,1.042,0.484,8,question,9
2026-10-08 22:38:26.370,182.46,20261008_223523,prim,question,4,603,manual,lie,49.4,191.7,1,,,,0,35.78,1.049,0.495,8,question,9
2026-10-08 22:38:26.579,182.67,20261008_223523,prim,question,4,603,manual,lie,49.4,191.7,1,,,,0,35.79,1.038,0.492,8,question,9
2026-10-08 22:38:26.788,182.88,20261008_223523,prim,question,4,603,manual,lie,49.4,191.7,1,,,,0,35.79,1.042,0.51,8,question,9
2026-10-08 22:38:26.999,183.09,20261008_223523,prim,question,4,603,manual,lie,64.8,173.0,1,,,,0,35.8,1.021,0.512,9,question,9
2026-10-08 22:38:27.200,183.29,20261008_223523,prim,question,4,603,manual,lie,64.8,173.0,1,,,,0,35.8,1.037,0.512,10,question,9
2026-10-08 22:38:27.511,183.6,20261008_223523,prim,question,4,603,manual,lie,64.8,173.0,1,,,,0,35.8,1.039,0.524,11,question,9
2026-10-08 22:38:27.611,183.7,20261008_223523,prim,question,4,603,manual,lie,67.2,170.3,1,,,,0,35.8,1.032,0.522,11,question,9
2026-10-08 22:38:27.820,183.91,20261008_223523,prim,question,4,603,manual,lie,67.2,170.3,1,,,,0,35.8,1.031,0.521,12,question,9
2026-10-08 22:38:28.019,184.11,20261008_223523,prim,question,4,603,manual,lie,67.2,170.3,1,,,,0,35.8,1.007,0.509,12,question,9
2026-10-08 22:38:28.224,184.32,20261008_223523,prim,question,4,603,manual,lie,67.2,170.3,1,,,,0,35.8,0.961,0.487,12,question,9
2026-10-08 22:38:28.433,184.53,20261008_223523,prim,question,4,603,manual,lie,68.6,157.6,1,,,,0,35.8,0.943,0.471,13,question,9
2026-10-08 22:38:28.635,184.73,20261008_223523,prim,question,4,603,manual,lie,68.6,157.6,1,,,,0,35.8,0.928,0.46,13,question,9
2026-10-08 22:38:28.843,184.94,20261008_223523,prim,question,4,603,manual,lie,68.6,157.6,1,,,,0,35.8,0.895,0.438,13,question,9
2026-10-08 22:38:29.052,185.14,20261008_223523,prim,recovery,4,603,manual,lie,83.5,147.8,1,,,,0,35.81,0.876,0.425,14,ready,9
2026-10-08 22:38:29.248,185.34,20261008_223523,prim,recovery,4,603,manual,lie,83.5,147.8,1,,,,0,35.81,0.876,0.421,15,ready,9
2026-10-08 22:38:29.454,185.55,20261008_223523,prim,recovery,4,603,manual,lie,83.5,147.8,1,,,,0,35.81,0.916,0.438,16,ready,9
2026-10-08 22:38:29.659,185.75,20261008_223523,prim,recovery,4,603,manual,lie,83.5,147.8,1,,,,0,35.81,0.903,0.441,16,ready,9
2026-10-08 22:38:29.864,185.96,20261008_223523,prim,recovery,4,603,manual,lie,83.5,147.8,1,,,,0,35.81,0.88,0.428,17,ready,9
2026-10-08 22:38:30.080,186.17,20261008_223523,prim,recovery,4,603,manual,lie,83.5,147.8,1,,,,0,35.81,0.822,0.43,17,ready,9
2026-10-08 22:38:30.279,186.37,20261008_223523,prim,recovery,4,603,manual,lie,83.5,147.8,1,,,,0,35.81,0.753,0.409,17,ready,9
2026-10-08 22:38:30.491,186.58,20261008_223523,prim,recovery,4,603,manual,lie,83.5,147.8,1,,,,0,35.78,0.682,0.371,17,ready,9
2026-10-08 22:38:30.690,186.78,20261008_223523,prim,recovery,4,603,manual,lie,83.5,147.8,1,,,,0,35.75,0.617,0.336,17,ready,9
2026-10-08 22:38:30.897,186.99,20261008_223523,prim,recovery,4,603,manual,lie,83.5,147.8,1,,,,0,35.75,0.558,0.304,16,ready,9
2026-10-08 22:38:31.150,187.24,20261008_223523,prim,recovery,4,603,manual,lie,83.5,147.8,1,,,,0,35.76,0.505,0.275,16,ready,9
2026-10-08 22:38:31.308,187.4,20261008_223523,prim,recovery,4,603,manual,lie,83.5,147.8,1,,,,0,35.77,0.457,0.249,16,ready,9
2026-10-08 22:38:31.519,187.61,20261008_223523,prim,recovery,4,603,manual,lie,83.5,147.8,1,,,,0,35.77,0.414,0.225,15,ready,9
2026-10-08 22:38:31.721,187.81,20261008_223523,prim,recovery,4,603,manual,lie,83.5,147.8,1,,,,0,35.78,0.374,0.204,15,ready,9
2026-10-08 22:38:31.924,188.02,20261008_223523,prim,recovery,4,603,manual,lie,83.5,147.8,1,,,,0,35.78,0.339,0.185,15,ready,9
2026-10-08 22:38:32.129,188.22,20261008_223523,prim,recovery,4,603,manual,lie,83.5,147.8,1,,,,0,35.78,0.307,0.167,14,ready,9
2026-10-08 22:38:32.340,188.43,20261008_223523,prim,recovery,4,603,manual,lie,83.5,147.8,1,,,,0,35.79,0.278,0.152,14,ready,9
2026-10-08 22:38:32.544,188.64,20261008_223523,prim,recovery,4,603,manual,lie,83.5,147.8,1,,,,0,35.79,0.252,0.137,14,ready,9
2026-10-08 22:38:32.765,188.86,20261008_223523,prim,rest,,,,,83.5,147.8,1,,,,0,35.79,0.228,0.124,14,ready,9
2026-10-08 22:38:32.958,189.05,20261008_223523,prim,rest,,,,,83.5,147.8,1,,,,0,35.8,0.207,0.113,13,ready,9
2026-10-08 22:38:33.163,189.26,20261008_223523,prim,rest,,,,,,,1,,,,0,35.8,0.187,0.102,15,ready,9
2026-10-08 22:38:33.369,189.46,20261008_223523,prim,rest,,,,,,,1,,,,0,35.8,0.17,0.092,17,ready,9
2026-10-08 22:38:33.583,189.68,20261008_223523,prim,rest,,,,,,,1,,,,0,35.81,0.139,0.076,18,ready,9
2026-10-08 22:38:33.787,189.88,20261008_223523,prim,rest,,,,,,,1,,,,0,35.81,0.126,0.069,19,ready,9
2026-10-08 22:38:33.995,190.09,20261008_223523,prim,rest,,,,,,,1,,,,0,35.81,0.114,0.063,19,ready,9
2026-10-08 22:38:34.201,190.29,20261008_223523,prim,rest,,,,,,,1,,,,0,35.81,0.104,0.057,19,ready,9
2026-10-08 22:38:34.401,190.49,20261008_223523,prim,recovery,5,604,manual,lie,,,1,,,,0,35.81,0.094,0.052,19,ready,9
2026-10-08 22:38:34.614,190.71,20261008_223523,prim,question,5,604,manual,lie,,,1,,,,0,35.8,0.086,0.047,19,question,9
2026-10-08 22:38:34.819,190.91,20261008_223523,prim,question,5,604,manual,lie,,,1,,,,0,35.81,0.078,0.046,19,question,9
2026-10-08 22:38:35.019,191.11,20261008_223523,prim,question,5,604,manual,lie,,,1,,,,0,35.81,0.07,0.042,19,question,9
2026-10-08 22:38:35.239,191.33,20261008_223523,prim,question,5,604,manual,lie,,,1,,,,0,35.81,0.064,0.038,19,question,9
2026-10-08 22:38:35.434,191.53,20261008_223523,prim,question,5,604,manual,lie,,,1,,,,0,35.82,0.058,0.034,18,question,9
2026-10-08 22:38:35.640,191.73,20261008_223523,prim,question,5,604,manual,lie,,,1,,,,0,35.83,0.053,0.031,18,question,9
2026-10-08 22:38:35.857,191.95,20261008_223523,prim,question,5,604,manual,lie,,,1,,,,0,35.83,0.048,0.029,18,question,9
2026-10-08 22:38:36.053,192.15,20261008_223523,prim,question,5,604,manual,lie,,,1,,,,0,35.82,0.043,0.026,18,question,9
2026-10-08 22:38:36.259,192.35,20261008_223523,prim,question,5,604,manual,lie,,,1,,,,0,35.82,0.04,0.024,18,question,9
2026-10-08 22:38:36.468,192.56,20261008_223523,prim,question,5,604,manual,lie,,,1,,,,0,35.83,0.036,0.022,17,question,9
2026-10-08 22:38:36.669,192.76,20261008_223523,prim,question,5,604,manual,lie,,,1,,,,0,35.83,0.033,0.02,17,question,9
2026-10-08 22:38:36.879,192.97,20261008_223523,prim,question,5,604,manual,lie,,,1,,,,0,35.82,0.031,0.018,17,question,9
2026-10-08 22:38:37.077,193.17,20261008_223523,prim,question,5,604,manual,lie,,,1,,,,0,35.82,0.029,0.017,17,question,9
2026-10-08 22:38:37.282,193.38,20261008_223523,prim,question,5,604,manual,lie,,,1,,,,0,35.83,0.027,0.016,17,question,9
2026-10-08 22:38:37.489,193.58,20261008_223523,prim,question,5,604,manual,lie,,,1,,,,0,35.83,0.024,0.015,17,question,9
2026-10-08 22:38:37.699,193.79,20261008_223523,prim,question,5,604,manual,lie,,,1,,,,0,35.83,0.022,0.014,17,question,9
2026-10-08 22:38:37.902,193.99,20261008_223523,prim,question,5,604,manual,lie,,,1,,,,0,35.83,0.021,0.013,16,question,9
2026-10-08 22:38:38.118,194.21,20261008_223523,prim,question,5,604,manual,lie,,,1,,,,0,35.83,0.02,0.012,16,question,9
2026-10-08 22:38:38.317,194.41,20261008_223523,prim,question,5,604,manual,lie,,,1,,,,0,35.83,0.018,0.011,16,question,9
2026-10-08 22:38:38.517,194.61,20261008_223523,prim,question,5,604,manual,lie,,,1,,,,0,35.83,0.017,0.01,16,question,9
2026-10-08 22:38:38.722,194.81,20261008_223523,prim,question,5,604,manual,lie,,,1,,,,0,35.81,0.017,0.01,16,question,9
2026-10-08 22:38:38.928,195.02,20261008_223523,prim,question,5,604,manual,lie,,,1,,,,0,35.81,0.016,0.01,16,question,9
2026-10-08 22:38:39.143,195.24,20261008_223523,prim,question,5,604,manual,lie,,,1,,,,0,35.78,0.015,0.009,16,question,9
2026-10-08 22:38:39.347,195.44,20261008_223523,prim,question,5,604,manual,lie,,,1,,,,0,35.79,0.014,0.008,16,question,9
2026-10-08 22:38:39.550,195.64,20261008_223523,prim,question,5,604,manual,lie,,,1,,,,0,35.79,0.015,0.008,16,question,9
2026-10-08 22:38:39.757,195.85,20261008_223523,prim,question,5,604,manual,lie,,,1,,,,0,35.8,0.015,0.008,16,question,9
2026-10-08 22:38:39.958,196.05,20261008_223523,prim,question,5,604,manual,lie,,,1,,,,0,35.8,0.018,0.008,16,question,9
2026-10-08 22:38:40.164,196.26,20261008_223523,prim,question,5,604,manual,lie,,,1,,,,0,35.81,0.019,0.008,16,question,9
2026-10-08 22:38:40.369,196.46,20261008_223523,prim,question,5,604,manual,lie,,,1,,,,0,35.81,0.019,0.009,16,question,9
2026-10-08 22:38:40.577,196.67,20261008_223523,prim,question,5,604,manual,lie,,,1,,,,0,35.82,0.019,0.008,16,question,9
2026-10-08 22:38:40.782,196.88,20261008_223523,prim,question,5,604,manual,lie,,,1,,,,0,35.82,0.019,0.009,16,question,9
2026-10-08 22:38:40.989,197.08,20261008_223523,prim,question,5,604,manual,lie,,,1,,,,0,35.82,0.018,0.012,16,question,9
2026-10-08 22:38:41.199,197.29,20261008_223523,prim,question,5,604,manual,lie,,,1,,,,0,35.83,0.019,0.013,16,question,9
2026-10-08 22:38:41.402,197.49,20261008_223523,prim,question,5,604,manual,lie,,,1,,,,0,35.83,0.019,0.013,16,question,9
2026-10-08 22:38:41.609,197.7,20261008_223523,prim,question,5,604,manual,lie,92.0,,1,,,,0,35.83,0.02,0.013,15,question,9
2026-10-08 22:38:41.821,197.91,20261008_223523,prim,question,5,604,manual,lie,92.0,,1,,,,0,35.83,0.02,0.013,15,question,9
2026-10-08 22:38:42.022,198.12,20261008_223523,prim,question,5,604,manual,lie,92.0,,1,,,,0,35.83,0.021,0.013,15,question,9
2026-10-08 22:38:42.252,198.34,20261008_223523,prim,question,5,604,manual,lie,97.9,,1,,,,0,35.83,0.029,0.026,15,question,9
2026-10-08 22:38:42.437,198.53,20261008_223523,prim,question,5,604,manual,lie,97.9,,1,,,,0,35.84,0.039,0.036,15,question,9
2026-10-08 22:38:42.645,198.74,20261008_223523,prim,question,5,604,manual,lie,106.9,,1,,,,0,35.84,0.043,0.039,16,question,9
2026-10-08 22:38:42.849,198.94,20261008_223523,prim,question,5,604,manual,lie,106.9,,1,,,,0,35.84,0.052,0.051,16,question,9
2026-10-08 22:38:43.060,199.15,20261008_223523,prim,question,5,604,manual,lie,106.9,,1,,,,0,35.84,0.108,0.102,17,question,9
2026-10-08 22:38:43.265,199.36,20261008_223523,prim,question,5,604,manual,lie,117.6,378.8,1,,,,0,35.85,0.105,0.097,19,question,9
2026-10-08 22:38:43.466,199.56,20261008_223523,prim,question,5,604,manual,lie,117.6,378.8,1,,,,0,35.84,0.095,0.088,20,question,9
2026-10-08 22:38:43.669,199.76,20261008_223523,prim,question,5,604,manual,lie,117.6,339.0,1,,,,0,35.84,0.087,0.081,21,question,9
2026-10-08 22:38:43.877,199.97,20261008_223523,prim,question,5,604,manual,lie,117.6,339.0,1,,,,0,35.85,0.08,0.074,22,question,9
2026-10-08 22:38:44.082,200.17,20261008_223523,prim,question,5,604,manual,lie,117.6,314.6,1,,,,0,35.85,0.074,0.067,22,question,9
2026-10-08 22:38:44.300,200.39,20261008_223523,prim,question,5,604,manual,lie,117.6,314.6,1,,,,0,35.85,0.069,0.062,23,question,9
2026-10-08 22:38:44.493,200.59,20261008_223523,prim,question,5,604,manual,lie,117.6,314.6,1,,,,0,35.82,0.063,0.057,23,question,9
2026-10-08 22:38:44.698,200.79,20261008_223523,prim,question,5,604,manual,lie,117.6,309.3,1,,,,0,35.82,0.059,0.052,23,question,9
2026-10-08 22:38:44.904,201.0,20261008_223523,prim,question,5,604,manual,lie,117.6,309.3,1,,,,0,35.83,0.055,0.047,24,question,9
2026-10-08 22:38:45.111,201.2,20261008_223523,prim,question,5,604,manual,lie,117.6,309.3,1,,,,0,35.83,0.05,0.043,24,question,9
2026-10-08 22:38:45.315,201.41,20261008_223523,prim,question,5,604,manual,lie,117.6,309.3,1,,,,0,35.82,0.046,0.039,24,question,9
2026-10-08 22:38:45.520,201.61,20261008_223523,prim,question,5,604,manual,lie,117.6,309.3,1,,,,0,35.83,0.044,0.036,24,question,9
2026-10-08 22:38:45.727,201.82,20261008_223523,prim,question,5,604,manual,lie,117.6,309.3,1,,,,0,35.84,0.041,0.033,24,question,9
2026-10-08 22:38:45.932,202.02,20261008_223523,prim,question,5,604,manual,lie,117.6,309.3,1,,,,0,35.84,0.037,0.03,24,question,9
2026-10-08 22:38:46.138,202.23,20261008_223523,prim,question,5,604,manual,lie,117.6,309.3,1,,,,0,35.85,0.036,0.028,24,question,9
2026-10-08 22:38:46.343,202.44,20261008_223523,prim,question,5,604,manual,lie,119.0,309.3,1,,,,0,35.85,0.033,0.026,24,question,9
2026-10-08 22:38:48.405,204.5,20261008_223523,prim,recovery,5,604,manual,lie,116.4,289.3,1,,,,0,35.86,0.018,0.012,24,ready,9
2026-10-08 22:38:48.611,204.7,20261008_223523,prim,recovery,5,604,manual,lie,119.0,289.3,1,,,,0,35.86,0.017,0.011,24,ready,9
2026-10-08 22:38:48.816,204.91,20261008_223523,prim,recovery,5,604,manual,lie,119.0,289.3,1,,,,0,35.86,0.016,0.01,24,ready,9
2026-10-08 22:38:49.024,205.12,20261008_223523,prim,recovery,5,604,manual,lie,119.0,289.3,1,,,,0,35.87,0.015,0.009,24,ready,9
2026-10-08 22:38:49.233,205.33,20261008_223523,prim,recovery,5,604,manual,lie,119.0,289.3,1,,,,0,35.87,0.016,0.009,24,ready,9
2026-10-08 22:38:49.437,205.53,20261008_223523,prim,recovery,5,604,manual,lie,119.0,289.3,1,,,,0,35.87,0.018,0.009,25,ready,9
2026-10-08 22:38:49.727,205.82,20261008_223523,prim,recovery,5,604,manual,lie,119.0,289.3,1,,,,0,35.87,0.018,0.01,25,ready,9
2026-10-08 22:38:49.853,205.95,20261008_223523,prim,recovery,5,604,manual,lie,119.0,289.3,1,,,,0,35.88,0.017,0.01,25,ready,9
2026-10-08 22:38:50.062,206.15,20261008_223523,prim,recovery,5,604,manual,lie,119.0,289.3,1,,,,0,35.85,0.016,0.01,25,ready,9
2026-10-08 22:38:50.266,206.36,20261008_223523,prim,recovery,5,604,manual,lie,119.0,289.3,1,,,,0,35.85,0.016,0.009,25,ready,9
2026-10-08 22:38:50.469,206.56,20261008_223523,prim,recovery,5,604,manual,lie,,,1,,,,0,35.85,0.015,0.009,23,ready,9
2026-10-08 22:38:50.674,206.77,20261008_223523,prim,recovery,5,604,manual,lie,,,1,,,,0,35.86,0.014,0.008,22,ready,9
2026-10-08 22:38:50.879,206.97,20261008_223523,prim,recovery,5,604,manual,lie,,,1,,,,0,35.86,0.016,0.008,21,ready,9
2026-10-08 22:38:51.085,207.18,20261008_223523,prim,recovery,5,604,manual,lie,86.8,,1,,,,0,35.87,0.015,0.007,19,ready,9
2026-10-08 22:38:51.328,207.42,20261008_223523,prim,recovery,5,604,manual,lie,86.8,,1,,,,0,35.87,0.021,0.015,18,ready,9
2026-10-08 22:38:51.505,207.6,20261008_223523,prim,recovery,5,604,manual,lie,86.8,,1,,,,0,35.87,0.022,0.015,17,ready,9
2026-10-08 22:38:51.709,207.8,20261008_223523,prim,rest,,,,,91.0,,1,,,,0,35.88,0.021,0.014,16,ready,9
2026-10-08 22:38:51.915,208.01,20261008_223523,prim,rest,,,,,91.0,,1,,,,0,35.88,0.02,0.014,15,ready,9
2026-10-08 22:38:52.119,208.21,20261008_223523,prim,rest,,,,,91.0,,1,,,,0,35.88,0.02,0.014,15,ready,9
2026-10-08 22:38:52.328,208.42,20261008_223523,prim,rest,,,,,91.0,,1,,,,0,35.88,0.019,0.013,15,ready,9
2026-10-08 22:38:52.557,208.65,20261008_223523,prim,rest,,,,,91.0,,1,,,,0,35.89,0.018,0.014,14,ready,9
2026-10-08 22:38:52.787,208.88,20261008_223523,prim,rest,,,,,91.0,,1,,,,0,35.89,0.017,0.013,14,ready,9
2026-10-08 22:38:53.025,209.12,20261008_223523,prim,rest,,,,,91.0,,1,,,,0,35.88,0.017,0.013,14,ready,9
2026-10-08 22:38:53.185,209.28,20261008_223523,prim,rest,,,,,91.0,,1,,,,0,35.89,0.018,0.013,14,ready,9
2026-10-08 22:38:53.415,209.51,20261008_223523,prim,rest,,,,,91.0,,1,,,,0,35.89,0.02,0.013,14,ready,9
2026-10-08 22:38:53.846,209.94,20261008_223523,prim,rest,,,,,91.0,,1,,,,0,35.89,0.019,0.012,13,ready,9
2026-10-08 22:38:53.847,209.94,20261008_223523,prim,rest,,,,,91.0,,1,,,,0,35.89,0.019,0.011,13,ready,9
2026-10-08 22:38:54.040,210.13,20261008_223523,prim,rest,,,,,91.0,,1,,,,0,35.89,0.019,0.011,13,ready,9
2026-10-08 22:38:54.194,210.29,20261008_223523,prim,rest,,,,,91.0,,1,,,,0,35.9,0.018,0.011,13,ready,9
2026-10-08 22:38:54.386,210.48,20261008_223523,prim,rest,,,,,91.0,,1,,,,0,35.89,0.016,0.01,13,ready,9
2026-10-08 22:38:54.595,210.69,20261008_223523,prim,rest,,,,,91.0,,1,,,,0,35.89,0.015,0.009,13,ready,9
2026-10-08 22:38:54.805,210.9,20261008_223523,prim,rest,,,,,91.0,,1,,,,0,35.9,0.015,0.009,13,ready,9
2026-10-08 22:38:55.012,211.1,20261008_223523,prim,rest,,,,,91.0,,1,,,,0,35.9,0.014,0.008,13,ready,9
2026-10-08 22:38:55.223,211.32,20261008_223523,prim,rest,,,,,91.0,,1,,,,0,35.91,0.013,0.008,13,ready,9
2026-10-08 22:38:55.424,211.52,20261008_223523,prim,rest,,,,,91.0,,1,,,,0,35.91,0.013,0.008,13,ready,9
2026-10-08 22:38:55.624,211.72,20261008_223523,prim,rest,,,,,91.0,,1,,,,0,35.91,0.014,0.008,13,ready,9
2026-10-08 22:38:55.842,211.93,20261008_223523,prim,rest,,,,,91.0,,1,,,,0,35.91,0.014,0.008,13,ready,9
2026-10-08 22:38:56.033,212.13,20261008_223523,prim,rest,,,,,91.0,61.3,1,,,,0,35.91,0.013,0.007,13,ready,9
2026-10-08 22:38:56.243,212.34,20261008_223523,prim,rest,,,,,91.0,61.3,1,,,,0,35.91,0.012,0.007,13,ready,9
2026-10-08 22:38:56.439,212.53,20261008_223523,prim,rest,,,,,91.0,61.3,1,,,,0,35.91,0.011,0.006,13,ready,9
2026-10-08 22:38:56.641,212.73,20261008_223523,prim,rest,,,,,91.0,61.3,1,,,,0,35.91,0.011,0.006,13,ready,9
2026-10-08 22:38:56.834,212.93,20261008_223523,prim,question,6,605,manual,truth,91.0,61.3,1,,,,0,35.91,0.011,0.006,13,question,9
2026-10-08 22:38:57.040,213.13,20261008_223523,prim,question,6,605,manual,truth,91.0,61.3,1,,,,0,35.91,0.01,0.006,13,question,9
2026-10-08 22:38:57.248,213.34,20261008_223523,prim,question,6,605,manual,truth,91.0,61.3,1,,,,0,35.92,0.011,0.006,13,question,9
2026-10-08 22:38:57.449,213.54,20261008_223523,prim,question,6,605,manual,truth,91.0,61.3,1,,,,0,35.92,0.011,0.005,13,question,9
2026-10-08 22:38:57.717,213.81,20261008_223523,prim,question,6,605,manual,truth,91.0,61.3,1,,,,0,35.92,0.011,0.007,13,question,9
2026-10-08 22:38:57.854,213.95,20261008_223523,prim,question,6,605,manual,truth,98.4,61.3,1,,,,0,35.93,0.012,0.007,13,question,9
2026-10-08 22:38:58.059,214.15,20261008_223523,prim,question,6,605,manual,truth,98.4,61.3,1,,,,0,35.92,0.013,0.009,14,question,9
2026-10-08 22:38:58.267,214.36,20261008_223523,prim,question,6,605,manual,truth,98.4,61.3,1,,,,0,35.92,0.016,0.01,14,question,9
2026-10-08 22:39:00.430,216.52,20261008_223523,prim,question,6,605,manual,truth,98.4,61.3,1,,,,0,35.93,0.061,0.035,16,question,9
2026-10-08 22:39:00.684,216.78,20261008_223523,prim,question,6,605,manual,truth,98.4,61.3,1,,,,0,35.94,0.061,0.036,16,question,9
2026-10-08 22:39:00.855,216.95,20261008_223523,prim,question,6,605,manual,truth,94.1,61.3,1,,,,0,35.96,0.069,0.037,16,question,9
2026-10-08 22:39:01.059,217.15,20261008_223523,prim,question,6,605,manual,truth,94.1,61.3,1,,,,0,35.95,0.07,0.037,15,question,9
2026-10-08 22:39:01.247,217.34,20261008_223523,prim,question,6,605,manual,truth,98.4,93.9,1,,,,0,35.96,0.071,0.038,15,question,9
2026-10-08 22:39:01.452,217.54,20261008_223523,prim,question,6,605,manual,truth,98.4,93.9,1,,,,0,35.96,0.073,0.043,16,question,9
2026-10-08 22:39:01.659,217.75,20261008_223523,prim,question,6,605,manual,truth,98.4,93.9,1,,,,0,35.96,0.074,0.04,16,question,9
2026-10-08 22:39:01.867,217.96,20261008_223523,prim,question,6,605,manual,truth,98.4,101.1,1,,,,0,35.96,0.077,0.04,16,question,9
2026-10-08 22:39:02.079,218.17,20261008_223523,prim,question,6,605,manual,truth,98.4,101.1,1,,,,0,35.97,0.076,0.043,16,question,9
2026-10-08 22:39:02.283,218.38,20261008_223523,prim,question,6,605,manual,truth,100.2,112.4,1,,,,0,35.97,0.081,0.045,16,question,9
2026-10-08 22:39:02.492,218.58,20261008_223523,prim,question,6,605,manual,truth,100.2,112.4,1,,,,0,35.98,0.097,0.074,16,question,9
2026-10-08 22:39:02.696,218.79,20261008_223523,prim,question,6,605,manual,truth,100.2,130.5,1,,,,0,35.98,0.191,0.098,17,question,9
2026-10-08 22:39:02.900,218.99,20261008_223523,prim,question,6,605,manual,truth,100.2,130.5,1,,,,0,35.98,0.204,0.148,17,question,9
2026-10-08 22:39:03.141,219.23,20261008_223523,prim,question,6,605,manual,truth,100.2,130.5,1,,,,0,35.98,0.232,0.198,17,question,9
2026-10-08 22:39:03.312,219.41,20261008_223523,prim,question,6,605,manual,truth,117.6,137.0,1,,,,0,35.98,0.301,0.202,19,question,9
2026-10-08 22:39:03.521,219.61,20261008_223523,prim,question,6,605,manual,truth,117.6,137.0,1,,,,0,35.99,0.387,0.213,21,question,9
2026-10-08 22:39:03.728,219.82,20261008_223523,prim,question,6,605,manual,truth,117.6,128.2,1,,,,0,35.98,0.413,0.261,23,question,9
2026-10-08 22:39:03.932,220.02,20261008_223523,prim,question,6,605,manual,truth,117.6,128.2,1,,,,0,35.98,0.385,0.252,24,question,9
2026-10-08 22:39:04.141,220.23,20261008_223523,prim,question,6,605,manual,truth,117.6,128.2,1,,,,0,35.99,0.349,0.228,25,question,9
2026-10-08 22:39:04.349,220.44,20261008_223523,prim,question,6,605,manual,truth,117.6,128.2,1,,,,0,35.99,0.315,0.207,26,question,9
2026-10-08 22:39:04.557,220.65,20261008_223523,prim,question,6,605,manual,truth,117.6,128.2,1,,,,0,35.99,0.286,0.187,26,question,9
2026-10-08 22:39:04.760,220.85,20261008_223523,prim,question,6,605,manual,truth,117.6,128.2,1,,,,0,36.0,0.259,0.17,26,question,9
2026-10-08 22:39:04.969,221.06,20261008_223523,prim,question,6,605,manual,truth,117.6,128.2,1,,,,0,36.0,0.234,0.154,27,question,9
2026-10-08 22:39:05.172,221.27,20261008_223523,prim,question,6,605,manual,truth,117.6,128.2,1,,,,0,35.97,0.212,0.139,27,question,9
2026-10-08 22:39:05.380,221.47,20261008_223523,prim,question,6,605,manual,truth,117.6,128.2,1,,,,0,35.98,0.192,0.126,27,question,9
2026-10-08 22:39:05.587,221.68,20261008_223523,prim,question,6,605,manual,truth,117.6,128.2,1,,,,0,35.98,0.174,0.114,27,question,9
2026-10-08 22:39:05.795,221.89,20261008_223523,prim,question,6,605,manual,truth,117.6,128.2,1,,,,0,35.98,0.158,0.103,27,question,9
2026-10-08 22:39:06.002,222.1,20261008_223523,prim,question,6,605,manual,truth,117.6,128.2,1,,,,0,35.99,0.143,0.094,26,question,9
2026-10-08 22:39:06.205,222.3,20261008_223523,prim,question,6,605,manual,truth,117.6,128.2,1,,,,0,35.99,0.131,0.085,26,question,9
2026-10-08 22:39:06.411,222.5,20261008_223523,prim,question,6,605,manual,truth,117.6,128.2,1,,,,0,35.99,0.119,0.077,26,question,9
2026-10-08 22:39:06.623,222.72,20261008_223523,prim,question,6,605,manual,truth,117.6,128.2,1,,,,0,36.0,0.108,0.07,26,question,9
2026-10-08 22:39:06.830,222.92,20261008_223523,prim,question,6,605,manual,truth,117.6,128.2,1,,,,0,36.0,0.098,0.063,26,question,9
2026-10-08 22:39:07.037,223.13,20261008_223523,prim,question,6,605,manual,truth,117.6,128.2,1,,,,0,36.0,0.09,0.058,26,question,9
2026-10-08 22:39:07.238,223.33,20261008_223523,prim,question,6,605,manual,truth,117.6,134.9,1,,,,0,36.0,0.082,0.052,26,question,9
2026-10-08 22:39:07.451,223.54,20261008_223523,prim,question,6,605,manual,truth,117.6,134.9,1,,,,0,36.01,0.075,0.048,26,question,9
2026-10-08 22:39:07.656,223.75,20261008_223523,prim,question,6,605,manual,truth,117.6,134.9,1,,,,0,36.01,0.068,0.043,26,question,9
2026-10-08 22:39:07.864,223.96,20261008_223523,prim,question,6,605,manual,truth,117.6,134.9,1,,,,0,36.01,0.062,0.039,25,question,9
2026-10-08 22:39:08.070,224.16,20261008_223523,prim,question,6,605,manual,truth,117.6,134.9,1,,,,0,36.02,0.057,0.036,25,question,9
2026-10-08 22:39:08.273,224.37,20261008_223523,prim,question,6,605,manual,truth,117.6,134.9,1,,,,0,36.02,0.052,0.033,25,question,9
2026-10-08 22:39:08.482,224.57,20261008_223523,prim,question,6,605,manual,truth,117.6,134.9,1,,,,0,36.02,0.048,0.03,25,question,9
2026-10-08 22:39:08.693,224.79,20261008_223523,prim,recovery,6,605,manual,truth,117.6,134.9,1,,,,0,36.03,0.04,0.024,25,ready,9
2026-10-08 22:39:08.888,224.98,20261008_223523,prim,recovery,6,605,manual,truth,117.6,134.9,1,,,,0,36.03,0.04,0.024,25,ready,9
2026-10-08 22:39:09.093,225.19,20261008_223523,prim,recovery,6,605,manual,truth,117.6,134.9,1,,,,0,36.03,0.036,0.022,25,ready,9
2026-10-08 22:39:09.300,225.39,20261008_223523,prim,recovery,6,605,manual,truth,117.6,134.9,1,,,,0,36.04,0.033,0.02,25,ready,9
2026-10-08 22:39:09.503,225.6,20261008_223523,prim,recovery,6,605,manual,truth,117.6,134.9,1,,,,0,36.04,0.031,0.018,25,ready,9
2026-10-08 22:39:09.712,225.8,20261008_223523,prim,recovery,6,605,manual,truth,117.6,134.9,1,,,,0,36.04,0.026,0.015,25,ready,9
2026-10-08 22:39:09.924,226.02,20261008_223523,prim,recovery,6,605,manual,truth,117.6,134.9,1,,,,0,36.04,0.024,0.014,25,ready,9
2026-10-08 22:39:10.125,226.22,20261008_223523,prim,recovery,6,605,manual,truth,,,1,,,,0,36.04,0.023,0.013,23,ready,9
2026-10-08 22:39:10.338,226.43,20261008_223523,prim,recovery,6,605,manual,truth,,,1,,,,0,35.99,0.024,0.013,22,ready,9
2026-10-08 22:39:10.531,226.62,20261008_223523,prim,recovery,6,605,manual,truth,,,1,,,,0,36.0,0.022,0.013,21,ready,9
2026-10-08 22:39:10.742,226.83,20261008_223523,prim,recovery,6,605,manual,truth,,,1,,,,0,36.0,0.02,0.012,20,ready,9
2026-10-08 22:39:10.947,227.04,20261008_223523,prim,recovery,6,605,manual,truth,,,1,,,,0,36.01,0.019,0.012,19,ready,9
2026-10-08 22:39:11.151,227.24,20261008_223523,prim,recovery,6,605,manual,truth,,,1,,,,0,36.02,0.018,0.011,19,ready,9
2026-10-08 22:39:11.361,227.45,20261008_223523,prim,recovery,6,605,manual,truth,,,1,,,,0,36.02,0.017,0.01,18,ready,9
2026-10-08 22:39:11.565,227.66,20261008_223523,prim,recovery,6,605,manual,truth,117.6,141.7,1,,,,0,36.03,0.016,0.009,19,ready,9
2026-10-08 22:39:11.774,227.87,20261008_223523,prim,rest,,,,,121.1,140.1,1,,,,0,36.03,0.018,0.009,20,ready,9
2026-10-08 22:39:11.973,228.07,20261008_223523,prim,rest,,,,,121.1,140.1,1,,,,0,36.04,0.018,0.009,21,ready,9
2026-10-08 22:39:12.183,228.28,20261008_223523,prim,rest,,,,,121.1,140.1,1,,,,0,36.04,0.017,0.008,22,ready,9
2026-10-08 22:39:12.394,228.49,20261008_223523,prim,rest,,,,,121.1,140.1,1,,,,0,36.05,0.017,0.008,23,ready,9
2026-10-08 22:39:12.610,228.7,20261008_223523,prim,rest,,,,,121.1,163.7,1,,,,0,36.05,0.016,0.008,24,ready,9
2026-10-08 22:39:12.801,228.89,20261008_223523,prim,rest,,,,,121.1,163.7,1,,,,0,36.06,0.018,0.007,24,ready,9
2026-10-08 22:39:13.013,229.11,20261008_223523,prim,rest,,,,,121.5,175.2,1,,,,0,36.06,0.018,0.007,24,ready,9
2026-10-08 22:39:13.213,229.31,20261008_223523,prim,rest,,,,,121.5,175.2,1,,,,0,36.03,0.018,0.007,25,ready,9
2026-10-08 22:39:13.425,229.52,20261008_223523,prim,rest,,,,,121.5,175.2,1,,,,0,36.04,0.019,0.009,25,ready,9
2026-10-08 22:39:13.632,229.72,20261008_223523,prim,rest,,,,,121.5,175.2,1,,,,0,36.05,0.019,0.008,25,ready,9
2026-10-08 22:39:13.831,229.92,20261008_223523,prim,rest,,,,,121.5,175.2,1,,,,0,36.05,0.018,0.008,26,ready,9
2026-10-08 22:39:14.036,230.13,20261008_223523,prim,rest,,,,,121.5,175.2,1,,,,0,36.06,0.017,0.007,26,ready,9
2026-10-08 22:39:14.243,230.34,20261008_223523,prim,rest,,,,,121.5,175.2,1,,,,0,36.06,0.016,0.008,26,ready,9
2026-10-08 22:39:14.458,230.55,20261008_223523,prim,recovery,7,606,manual,truth,121.5,175.2,1,,,,0,36.06,0.015,0.007,26,ready,9
2026-10-08 22:39:14.652,230.74,20261008_223523,prim,question,7,606,manual,truth,121.5,175.2,1,,,,0,36.09,0.015,0.007,26,question,9
2026-10-08 22:39:14.858,230.95,20261008_223523,prim,question,7,606,manual,truth,121.5,175.2,1,,,,0,36.09,0.014,0.007,26,question,9
2026-10-08 22:39:15.061,231.15,20261008_223523,prim,question,7,606,manual,truth,121.5,175.2,1,,,,0,36.09,0.015,0.006,26,question,9
2026-10-08 22:39:15.267,231.36,20261008_223523,prim,question,7,606,manual,truth,121.5,175.2,1,,,,0,36.09,0.018,0.013,26,question,9
2026-10-08 22:39:15.634,231.73,20261008_223523,prim,question,7,606,manual,truth,121.5,175.2,1,,,,0,36.09,0.041,0.023,26,question,9
2026-10-08 22:39:15.676,231.77,20261008_223523,prim,question,7,606,manual,truth,121.5,175.2,1,,,,0,36.09,0.058,0.03,26,question,9
2026-10-08 22:39:15.889,231.98,20261008_223523,prim,question,7,606,manual,truth,121.5,175.2,1,,,,0,36.1,0.077,0.039,27,question,9
2026-10-08 22:39:16.098,232.19,20261008_223523,prim,question,7,606,manual,truth,121.5,175.2,1,,,,0,36.1,0.117,0.053,27,question,9
2026-10-08 22:39:16.305,232.4,20261008_223523,prim,question,7,606,manual,truth,121.5,175.2,1,,,,0,36.1,0.199,0.075,27,question,9
2026-10-08 22:39:16.511,232.6,20261008_223523,prim,question,7,606,manual,truth,,,1,,,,0,36.11,0.394,0.159,29,question,9
2026-10-08 22:39:16.721,232.81,20261008_223523,prim,question,7,606,manual,truth,67.7,,1,,,,0,36.09,0.49,0.193,26,question,9
2026-10-08 22:39:16.930,233.02,20261008_223523,prim,question,7,606,manual,truth,67.7,,1,,,,0,36.09,0.598,0.236,23,question,9
2026-10-08 22:39:17.136,233.23,20261008_223523,prim,question,7,606,manual,truth,67.7,,1,,,,0,36.09,0.664,0.275,21,question,9
2026-10-08 22:39:17.376,233.47,20261008_223523,prim,question,7,606,manual,truth,135.4,,1,,,,0,36.1,0.675,0.27,25,question,9
2026-10-08 22:39:17.557,233.65,20261008_223523,prim,question,7,606,manual,truth,135.4,,1,,,,0,36.1,0.689,0.278,29,question,9
2026-10-08 22:39:17.756,233.85,20261008_223523,prim,question,7,606,manual,truth,137.4,,1,,,,0,36.1,0.697,0.282,33,question,9
2026-10-08 22:39:17.989,234.08,20261008_223523,prim,question,7,606,manual,truth,137.4,,1,,,,0,36.11,0.735,0.301,36,question,9
2026-10-08 22:39:18.166,234.26,20261008_223523,prim,question,7,606,manual,truth,136.8,456.9,1,,,,0,36.11,0.774,0.315,38,question,9
2026-10-08 22:39:18.398,234.49,20261008_223523,prim,question,7,606,manual,truth,136.8,456.9,1,,,,0,36.11,0.784,0.319,40,question,9
2026-10-08 22:39:18.576,234.67,20261008_223523,prim,question,7,606,manual,truth,139.5,408.8,1,,,,0,36.11,0.774,0.313,42,question,9
2026-10-08 22:39:18.781,234.87,20261008_223523,prim,question,7,606,manual,truth,139.5,408.8,1,,,,0,36.11,0.755,0.306,44,question,9
2026-10-08 22:39:18.990,235.08,20261008_223523,prim,question,7,606,manual,truth,141.2,373.2,1,,,,0,36.1,0.727,0.299,45,question,9
2026-10-08 22:39:19.217,235.31,20261008_223523,prim,question,7,606,manual,truth,141.2,373.2,1,,,,0,36.11,0.704,0.292,46,question,9
2026-10-08 22:39:19.403,235.5,20261008_223523,prim,question,7,606,manual,truth,141.2,345.5,1,,,,0,36.11,0.676,0.277,47,question,9
2026-10-08 22:39:19.603,235.7,20261008_223523,prim,question,7,606,manual,truth,141.2,345.5,1,,,,0,36.11,0.635,0.259,48,question,9
2026-10-08 22:39:19.813,235.91,20261008_223523,prim,question,7,606,manual,truth,141.2,345.5,1,,,,0,36.12,0.578,0.245,48,question,9
2026-10-08 22:39:20.011,236.1,20261008_223523,prim,question,7,606,manual,truth,137.9,324.0,1,,,,0,36.12,0.524,0.232,48,question,9
2026-10-08 22:39:20.220,236.31,20261008_223523,prim,question,7,606,manual,truth,137.9,324.0,1,,,,0,36.12,0.475,0.211,47,question,9
2026-10-08 22:39:20.412,236.5,20261008_223523,prim,question,7,606,manual,truth,137.9,324.0,1,,,,0,36.12,0.443,0.201,47,question,9
2026-10-08 22:39:20.621,236.71,20261008_223523,prim,question,7,606,manual,truth,137.9,324.0,1,,,,0,36.13,0.441,0.199,46,question,9
2026-10-08 22:39:20.819,236.91,20261008_223523,prim,question,7,606,manual,truth,137.9,324.0,1,,,,0,36.13,0.452,0.201,46,question,9
2026-10-08 22:39:21.013,237.11,20261008_223523,prim,question,7,606,manual,truth,137.9,324.0,1,,,,0,36.13,0.483,0.222,46,question,9
2026-10-08 22:39:21.219,237.31,20261008_223523,prim,question,7,606,manual,truth,139.0,324.0,1,,,,0,36.13,0.528,0.234,46,question,9
2026-10-08 22:39:21.424,237.52,20261008_223523,prim,question,7,606,manual,truth,139.0,324.0,1,,,,0,36.13,0.57,0.256,46,question,9
2026-10-08 22:39:21.639,237.73,20261008_223523,prim,question,7,606,manual,truth,139.0,324.0,1,,,,0,36.13,0.609,0.273,46,question,9
2026-10-08 22:39:21.833,237.93,20261008_223523,prim,question,7,606,manual,truth,137.9,305.5,1,,,,0,36.14,0.624,0.302,47,question,9
2026-10-08 22:39:22.036,238.13,20261008_223523,prim,question,7,606,manual,truth,137.9,305.5,1,,,,0,36.14,0.606,0.294,47,question,9
2026-10-08 22:39:22.289,238.38,20261008_223523,prim,question,7,606,manual,truth,137.9,305.5,1,,,,0,36.14,0.554,0.267,47,question,9
2026-10-08 22:39:22.467,238.56,20261008_223523,prim,question,7,606,manual,truth,137.9,305.5,1,,,,0,36.14,0.505,0.249,46,question,9
2026-10-08 22:39:22.661,238.75,20261008_223523,prim,question,7,606,manual,truth,137.9,305.5,1,,,,0,36.14,0.458,0.226,46,question,9
2026-10-08 22:39:22.903,239.0,20261008_223523,prim,question,7,606,manual,truth,137.9,305.5,1,,,,0,36.14,0.414,0.205,46,question,9
2026-10-08 22:39:23.073,239.17,20261008_223523,prim,question,7,606,manual,truth,137.9,305.5,1,,,,0,36.14,0.375,0.185,45,question,9
2026-10-08 22:39:23.278,239.37,20261008_223523,prim,question,7,606,manual,truth,137.9,305.5,1,,,,0,36.14,0.339,0.168,45,question,9
2026-10-08 22:39:23.482,239.57,20261008_223523,prim,question,7,606,manual,truth,137.9,305.5,1,,,,0,36.14,0.307,0.152,44,question,8
2026-10-08 22:39:23.686,239.78,20261008_223523,prim,question,7,606,manual,truth,137.9,305.5,1,,,,0,36.14,0.278,0.138,43,question,8
2026-10-08 22:39:23.893,239.99,20261008_223523,prim,question,7,606,manual,truth,137.9,305.5,1,,,,0,36.14,0.252,0.125,43,question,8
2026-10-08 22:39:24.103,240.2,20261008_223523,prim,question,7,606,manual,truth,137.9,305.5,1,,,,0,36.15,0.228,0.113,42,question,8
2026-10-08 22:39:24.311,240.4,20261008_223523,prim,question,7,606,manual,truth,137.9,305.5,1,,,,0,36.15,0.186,0.092,41,question,8
2026-10-08 22:39:24.516,240.61,20261008_223523,prim,question,7,606,manual,truth,137.9,305.5,1,,,,0,36.15,0.169,0.084,41,question,8
2026-10-08 22:39:24.723,240.82,20261008_223523,prim,question,7,606,manual,truth,137.9,305.5,1,,,,0,36.15,0.153,0.076,41,question,9
2026-10-08 22:39:24.924,241.02,20261008_223523,prim,question,7,606,manual,truth,137.9,305.5,1,,,,0,36.15,0.138,0.069,40,question,9
2026-10-08 22:39:25.123,241.22,20261008_223523,prim,question,7,606,manual,truth,137.9,305.5,1,,,,0,36.15,0.125,0.062,40,question,9
2026-10-08 22:39:25.361,241.45,20261008_223523,prim,question,7,606,manual,truth,,,1,,,,0,36.15,0.113,0.056,36,question,9
2026-10-08 22:39:25.539,241.63,20261008_223523,prim,question,7,606,manual,truth,,,1,,,,0,36.15,0.103,0.051,33,question,9
2026-10-08 22:39:25.743,241.84,20261008_223523,prim,question,7,606,manual,truth,,,1,,,,0,36.15,0.093,0.046,31,question,9
2026-10-08 22:39:25.952,242.05,20261008_223523,prim,question,7,606,manual,truth,,,1,,,,0,36.15,0.084,0.042,29,question,9
2026-10-08 22:39:26.157,242.25,20261008_223523,prim,question,7,606,manual,truth,,,1,,,,0,36.15,0.077,0.038,27,question,9
2026-10-08 22:39:26.366,242.46,20261008_223523,prim,recovery,7,606,manual,truth,,,1,,,,0,36.15,0.069,0.035,25,ready,9
2026-10-08 22:39:26.560,242.65,20261008_223523,prim,recovery,7,606,manual,truth,136.4,305.5,1,,,,0,36.15,0.063,0.031,27,ready,8
2026-10-08 22:39:26.760,242.85,20261008_223523,prim,recovery,7,606,manual,truth,136.4,305.5,1,,,,0,36.16,0.057,0.028,29,ready,8
2026-10-08 22:39:26.965,243.06,20261008_223523,prim,recovery,7,606,manual,truth,136.4,305.5,1,,,,0,36.16,0.052,0.026,30,ready,8
2026-10-08 22:39:27.171,243.26,20261008_223523,prim,recovery,7,606,manual,truth,130.7,41.7,1,,,,0,36.16,0.047,0.023,30,ready,9
2026-10-08 22:39:27.378,243.47,20261008_223523,prim,recovery,7,606,manual,truth,130.7,41.7,1,,,,0,36.16,0.042,0.021,31,ready,8
2026-10-08 22:39:27.582,243.67,20261008_223523,prim,recovery,7,606,manual,truth,136.4,56.0,1,,,,0,36.16,0.039,0.019,32,ready,8
2026-10-08 22:39:27.786,243.88,20261008_223523,prim,recovery,7,606,manual,truth,136.4,56.0,1,,,,0,36.17,0.035,0.019,32,ready,8
2026-10-08 22:39:28.003,244.1,20261008_223523,prim,recovery,7,606,manual,truth,136.4,56.0,1,,,,0,36.17,0.033,0.02,33,ready,9
2026-10-08 22:39:28.202,244.29,20261008_223523,prim,recovery,7,606,manual,truth,133.3,54.9,1,,,,0,36.17,0.03,0.019,33,ready,8
2026-10-08 22:39:28.401,244.49,20261008_223523,prim,recovery,7,606,manual,truth,133.3,54.9,1,,,,0,36.17,0.027,0.017,33,ready,9
2026-10-08 22:39:28.602,244.69,20261008_223523,prim,recovery,7,606,manual,truth,133.3,54.9,1,,,,0,36.19,0.026,0.016,33,ready,8
2026-10-08 22:39:28.803,244.9,20261008_223523,prim,recovery,7,606,manual,truth,133.3,54.9,1,,,,0,36.16,0.024,0.015,33,ready,8
2026-10-08 22:39:29.013,245.11,20261008_223523,prim,recovery,7,606,manual,truth,133.3,54.9,1,,,,0,36.16,0.023,0.015,33,ready,8
2026-10-08 22:39:29.217,245.31,20261008_223523,prim,recovery,7,606,manual,truth,133.3,54.9,1,,,,0,36.16,0.021,0.014,33,ready,8
2026-10-08 22:39:29.424,245.52,20261008_223523,prim,recovery,7,606,manual,truth,130.7,57.3,1,,,,0,36.17,0.021,0.013,33,ready,8
2026-10-08 22:39:29.621,245.71,20261008_223523,prim,rest,,,,,130.7,57.3,1,,,,0,36.17,0.02,0.014,33,ready,8
2026-10-08 22:39:29.821,245.91,20261008_223523,prim,rest,,,,,130.7,57.3,1,,,,0,36.17,0.019,0.014,33,ready,8
2026-10-08 22:39:30.028,246.12,20261008_223523,prim,rest,,,,,108.9,57.0,1,,,,0,36.17,0.017,0.013,30,ready,8
2026-10-08 22:39:30.231,246.32,20261008_223523,prim,rest,,,,,108.9,57.0,1,,,,0,36.17,0.017,0.012,28,ready,8
2026-10-08 22:39:30.443,246.54,20261008_223523,prim,rest,,,,,108.9,57.0,1,,,,0,36.17,0.015,0.011,27,ready,8
2026-10-08 22:39:30.644,246.74,20261008_223523,prim,rest,,,,,108.9,57.0,1,,,,0,36.17,0.015,0.01,26,ready,8
2026-10-08 22:39:30.856,246.95,20261008_223523,prim,question,8,607,manual,lie,108.9,57.0,1,,,,0,36.17,0.014,0.01,25,question,8
2026-10-08 22:39:31.058,247.15,20261008_223523,prim,question,8,607,manual,lie,108.9,57.0,1,,,,0,36.17,0.014,0.011,24,question,9
2026-10-08 22:39:31.261,247.35,20261008_223523,prim,question,8,607,manual,lie,108.9,57.0,1,,,,0,36.18,0.013,0.011,23,question,9
2026-10-08 22:39:31.466,247.56,20261008_223523,prim,question,8,607,manual,lie,108.9,57.0,1,,,,0,36.18,0.014,0.01,23,question,9
2026-10-08 22:39:31.673,247.77,20261008_223523,prim,question,8,607,manual,lie,108.9,57.0,1,,,,0,36.18,0.015,0.01,22,question,8
2026-10-08 22:39:31.880,247.97,20261008_223523,prim,question,8,607,manual,lie,108.9,57.0,1,,,,0,36.18,0.015,0.01,22,question,8
2026-10-08 22:39:32.088,248.18,20261008_223523,prim,question,8,607,manual,lie,108.9,57.0,1,,,,0,36.18,0.014,0.009,21,question,8
2026-10-08 22:39:32.291,248.38,20261008_223523,prim,question,8,607,manual,lie,123.1,61.0,1,,,,0,36.18,0.013,0.009,22,question,8
2026-10-08 22:39:32.500,248.59,20261008_223523,prim,question,8,607,manual,lie,123.1,61.0,1,,,,0,36.18,0.02,0.01,23,question,9
2026-10-08 22:39:32.705,248.8,20261008_223523,prim,question,8,607,manual,lie,123.1,61.0,1,,,,0,36.18,0.022,0.012,24,question,9
2026-10-08 22:39:32.912,249.01,20261008_223523,prim,question,8,607,manual,lie,123.1,61.0,1,,,,0,36.18,0.021,0.011,25,question,9
2026-10-08 22:39:33.122,249.21,20261008_223523,prim,question,8,607,manual,lie,123.1,61.0,1,,,,0,36.18,0.019,0.011,25,question,9
2026-10-08 22:39:33.325,249.42,20261008_223523,prim,question,8,607,manual,lie,123.1,61.0,1,,,,0,36.18,0.021,0.012,26,question,9
2026-10-08 22:39:33.532,249.63,20261008_223523,prim,question,8,607,manual,lie,123.1,65.7,1,,,,0,36.18,0.022,0.018,26,question,9
2026-10-08 22:39:33.741,249.83,20261008_223523,prim,question,8,607,manual,lie,123.1,61.8,1,,,,0,36.18,0.095,0.059,27,question,9
2026-10-08 22:39:33.952,250.04,20261008_223523,prim,question,8,607,manual,lie,123.1,61.8,1,,,,0,36.18,0.196,0.086,27,question,9
2026-10-08 22:39:34.165,250.26,20261008_223523,prim,question,8,607,manual,lie,123.1,61.8,1,,,,0,36.18,0.302,0.121,28,question,9
2026-10-08 22:39:34.367,250.46,20261008_223523,prim,question,8,607,manual,lie,123.1,64.7,1,,,,0,36.19,0.421,0.174,29,question,9
2026-10-08 22:39:34.561,250.65,20261008_223523,prim,question,8,607,manual,lie,123.1,64.7,1,,,,0,36.19,0.428,0.207,30,question,9
2026-10-08 22:39:34.770,250.86,20261008_223523,prim,question,8,607,manual,lie,129.2,68.0,1,,,,0,36.19,0.392,0.208,31,question,9
2026-10-08 22:39:34.977,251.07,20261008_223523,prim,question,8,607,manual,lie,129.2,68.0,1,,,,0,36.19,0.355,0.189,32,question,9
2026-10-08 22:39:35.192,251.29,20261008_223523,prim,question,8,607,manual,lie,129.2,68.0,1,,,,0,36.19,0.322,0.171,33,question,9
2026-10-08 22:39:35.391,251.48,20261008_223523,prim,question,8,607,manual,lie,129.2,68.0,1,,,,0,36.19,0.291,0.155,33,question,9
2026-10-08 22:39:35.595,251.69,20261008_223523,prim,question,8,607,manual,lie,129.2,68.0,1,,,,0,36.19,0.263,0.141,34,question,9
2026-10-08 22:39:35.801,251.89,20261008_223523,prim,question,8,607,manual,lie,129.2,68.0,1,,,,0,36.19,0.238,0.128,34,question,9
2026-10-08 22:39:36.011,252.1,20261008_223523,prim,question,8,607,manual,lie,129.2,68.0,1,,,,0,36.19,0.216,0.116,34,question,9
2026-10-08 22:39:36.222,252.31,20261008_223523,prim,question,8,607,manual,lie,129.2,68.0,1,,,,0,36.19,0.195,0.105,34,question,9
2026-10-08 22:39:36.421,252.51,20261008_223523,prim,question,8,607,manual,lie,129.2,68.0,1,,,,0,36.2,0.177,0.095,34,question,9
2026-10-08 22:39:36.631,252.72,20261008_223523,prim,question,8,607,manual,lie,129.2,68.0,1,,,,0,36.2,0.161,0.086,34,question,9
2026-10-08 22:39:36.840,252.93,20261008_223523,prim,question,8,607,manual,lie,129.2,68.0,1,,,,0,36.2,0.146,0.078,34,question,9
2026-10-08 22:39:37.058,253.15,20261008_223523,prim,question,8,607,manual,lie,129.2,68.0,1,,,,0,36.2,0.132,0.071,33,question,9
2026-10-08 22:39:37.254,253.35,20261008_223523,prim,question,8,607,manual,lie,129.2,68.0,1,,,,0,36.19,0.12,0.065,33,question,9
2026-10-08 22:39:37.461,253.55,20261008_223523,prim,question,8,607,manual,lie,129.2,68.0,1,,,,0,36.19,0.109,0.058,33,question,9
2026-10-08 22:39:37.686,253.78,20261008_223523,prim,question,8,607,manual,lie,129.2,68.0,1,,,,0,36.19,0.099,0.053,33,question,9
2026-10-08 22:39:37.875,253.97,20261008_223523,prim,question,8,607,manual,lie,129.2,68.0,1,,,,0,36.19,0.089,0.049,33,question,9
2026-10-08 22:39:38.085,254.18,20261008_223523,prim,question,8,607,manual,lie,129.2,68.0,1,,,,0,36.19,0.081,0.045,33,question,9
2026-10-08 22:39:38.290,254.38,20261008_223523,prim,question,8,607,manual,lie,129.2,68.0,1,,,,0,36.19,0.073,0.041,32,question,9
2026-10-08 22:39:38.495,254.59,20261008_223523,prim,question,8,607,manual,lie,129.2,68.0,1,,,,0,36.2,0.067,0.038,32,question,9
2026-10-08 22:39:38.725,254.82,20261008_223523,prim,question,8,607,manual,lie,,,1,,,,0,36.2,0.062,0.035,30,question,9
2026-10-08 22:39:38.910,255.0,20261008_223523,prim,question,8,607,manual,lie,,,1,,,,0,36.2,0.057,0.032,27,question,9
2026-10-08 22:39:39.119,255.21,20261008_223523,prim,question,8,607,manual,lie,,,1,,,,0,36.2,0.052,0.03,26,question,9
2026-10-08 22:39:39.323,255.42,20261008_223523,prim,question,8,607,manual,lie,65.1,,1,,,,0,36.2,0.048,0.028,22,question,9
2026-10-08 22:39:39.525,255.62,20261008_223523,prim,question,8,607,manual,lie,65.1,,1,,,,0,36.2,0.044,0.027,19,question,9
2026-10-08 22:39:39.733,255.83,20261008_223523,prim,question,8,607,manual,lie,65.1,,1,,,,0,36.2,0.04,0.025,17,question,9
2026-10-08 22:39:39.941,256.03,20261008_223523,prim,question,8,607,manual,lie,65.1,,1,,,,0,36.21,0.037,0.022,15,question,9
2026-10-08 22:39:40.143,256.24,20261008_223523,prim,question,8,607,manual,lie,77.9,,1,,,,0,36.21,0.032,0.02,13,question,9
2026-10-08 22:39:40.344,256.44,20261008_223523,prim,question,8,607,manual,lie,77.9,,1,,,,0,36.21,0.029,0.02,13,question,9
2026-10-08 22:39:40.555,256.65,20261008_223523,prim,question,8,607,manual,lie,82.5,,1,,,,0,36.21,0.027,0.02,12,question,9
2026-10-08 22:39:40.759,256.85,20261008_223523,prim,question,8,607,manual,lie,82.5,,1,,,,0,36.21,0.026,0.019,12,question,9
2026-10-08 22:39:40.964,257.06,20261008_223523,prim,question,8,607,manual,lie,82.5,,1,,,,0,36.21,0.024,0.019,12,question,9
2026-10-08 22:39:41.172,257.26,20261008_223523,prim,question,8,607,manual,lie,87.7,160.2,1,,,,0,36.21,0.023,0.017,12,question,9
2026-10-08 22:39:41.378,257.47,20261008_223523,prim,question,8,607,manual,lie,87.7,160.2,1,,,,0,36.22,0.022,0.018,12,question,9
2026-10-08 22:39:41.572,257.66,20261008_223523,prim,question,8,607,manual,lie,87.7,160.2,1,,,,0,36.18,0.021,0.017,12,question,9
2026-10-08 22:39:41.781,257.87,20261008_223523,prim,question,8,607,manual,lie,87.7,160.2,1,,,,0,36.18,0.02,0.016,12,question,9
2026-10-08 22:39:41.987,258.08,20261008_223523,prim,question,8,607,manual,lie,87.7,160.2,1,,,,0,36.19,0.018,0.014,12,question,9
2026-10-08 22:39:42.193,258.29,20261008_223523,prim,question,8,607,manual,lie,87.7,160.2,1,,,,0,36.19,0.018,0.014,12,question,9
2026-10-08 22:39:42.409,258.5,20261008_223523,prim,question,8,607,manual,lie,87.7,160.2,1,,,,0,36.19,0.017,0.013,12,question,9
2026-10-08 22:39:42.604,258.7,20261008_223523,prim,recovery,8,607,manual,lie,87.7,160.2,1,,,,0,36.2,0.016,0.013,12,ready,9
2026-10-08 22:39:42.805,258.9,20261008_223523,prim,recovery,8,607,manual,lie,87.7,160.2,1,,,,0,36.2,0.016,0.012,12,ready,9
2026-10-08 22:39:43.010,259.1,20261008_223523,prim,recovery,8,607,manual,lie,87.7,160.2,1,,,,0,36.2,0.015,0.011,12,ready,9
2026-10-08 22:39:43.215,259.31,20261008_223523,prim,recovery,8,607,manual,lie,87.7,160.2,1,,,,0,36.2,0.014,0.011,12,ready,9
2026-10-08 22:39:43.431,259.52,20261008_223523,prim,recovery,8,607,manual,lie,87.7,160.2,1,,,,0,36.19,0.013,0.01,12,ready,9
2026-10-08 22:39:43.632,259.72,20261008_223523,prim,recovery,8,607,manual,lie,87.7,160.2,1,,,,0,36.2,0.013,0.009,12,ready,9
2026-10-08 22:39:43.837,259.93,20261008_223523,prim,recovery,8,607,manual,lie,87.7,160.2,1,,,,0,36.2,0.013,0.009,12,ready,9
2026-10-08 22:39:44.049,260.14,20261008_223523,prim,recovery,8,607,manual,lie,87.7,160.2,1,,,,0,36.2,0.013,0.009,12,ready,9
2026-10-08 22:39:44.245,260.34,20261008_223523,prim,recovery,8,607,manual,lie,87.7,160.2,1,,,,0,36.2,0.014,0.01,12,ready,9
2026-10-08 22:39:44.448,260.54,20261008_223523,prim,recovery,8,607,manual,lie,87.7,160.2,1,,,,0,36.21,0.015,0.011,12,ready,9
2026-10-08 22:39:44.661,260.75,20261008_223523,prim,recovery,8,607,manual,lie,87.7,160.2,1,,,,0,36.21,0.016,0.01,12,ready,9
2026-10-08 22:39:44.866,260.96,20261008_223523,prim,rest,,,,,87.7,160.2,1,,,,0,36.21,0.015,0.01,12,ready,9
2026-10-08 22:39:45.073,261.17,20261008_223523,prim,rest,,,,,87.7,160.2,1,,,,0,36.21,0.014,0.01,12,ready,9
2026-10-08 22:39:45.288,261.38,20261008_223523,prim,rest,,,,,87.7,160.2,1,,,,0,36.21,0.014,0.01,12,ready,9
2026-10-08 22:39:45.482,261.58,20261008_223523,prim,rest,,,,,87.7,160.2,1,,,,0,36.21,0.017,0.013,12,ready,9
2026-10-08 22:39:45.688,261.78,20261008_223523,prim,rest,,,,,87.7,160.2,1,,,,0,36.21,0.017,0.015,12,ready,9
2026-10-08 22:39:45.895,261.99,20261008_223523,prim,rest,,,,,87.7,160.2,1,,,,0,36.22,0.024,0.018,12,ready,9
2026-10-08 22:39:46.095,262.19,20261008_223523,prim,rest,,,,,87.7,160.2,1,,,,0,36.22,0.028,0.019,12,ready,9
2026-10-08 22:39:46.298,262.39,20261008_223523,prim,rest,,,,,87.7,160.2,1,,,,0,36.22,0.028,0.018,12,ready,9
2026-10-08 22:39:46.511,262.6,20261008_223523,prim,rest,,,,,87.7,160.2,1,,,,0,36.22,0.033,0.025,12,ready,9
2026-10-08 22:39:46.724,262.82,20261008_223523,prim,rest,,,,,87.7,160.2,1,,,,0,36.24,0.037,0.026,12,ready,9
2026-10-08 22:39:46.925,263.02,20261008_223523,prim,rest,,,,,87.7,160.2,1,,,,0,36.22,0.034,0.024,12,ready,9
2026-10-08 22:39:47.129,263.22,20261008_223523,prim,rest,,,,,92.9,160.2,1,,,,0,36.23,0.032,0.023,12,ready,9
2026-10-08 22:39:47.333,263.43,20261008_223523,prim,rest,,,,,92.9,160.2,1,,,,0,36.23,0.03,0.023,13,ready,9
2026-10-08 22:39:47.542,263.63,20261008_223523,prim,rest,,,,,94.5,145.0,1,,,,0,36.23,0.028,0.022,13,ready,9
2026-10-08 22:39:47.763,263.86,20261008_223523,prim,rest,,,,,94.5,145.0,1,,,,0,36.23,0.029,0.02,13,ready,9
2026-10-08 22:39:47.957,264.05,20261008_223523,prim,rest,,,,,94.5,145.0,1,,,,0,36.23,0.027,0.019,13,ready,9
2026-10-08 22:39:48.163,264.26,20261008_223523,prim,rest,,,,,94.5,145.0,1,,,,0,36.23,0.026,0.017,14,ready,9
2026-10-08 22:39:48.371,264.46,20261008_223523,prim,rest,,,,,94.5,145.0,1,,,,0,36.23,0.025,0.015,14,ready,9
2026-10-08 22:39:48.576,264.67,20261008_223523,prim,rest,,,,,94.5,145.0,1,,,,0,36.23,0.025,0.015,14,ready,9
2026-10-08 22:39:48.784,264.88,20261008_223523,prim,rest,,,,,94.5,145.0,1,,,,0,36.23,0.023,0.014,14,ready,9
2026-10-08 22:39:48.987,265.08,20261008_223523,prim,rest,,,,,94.5,145.0,1,,,,0,36.23,0.022,0.013,14,ready,9
2026-10-08 22:39:49.199,265.29,20261008_223523,prim,rest,,,,,94.5,145.0,1,,,,0,36.23,0.022,0.012,14,ready,9
2026-10-08 22:39:49.399,265.49,20261008_223523,prim,rest,,,,,94.5,145.0,1,,,,0,36.24,0.023,0.012,14,ready,9
2026-10-08 22:39:49.602,265.69,20261008_223523,prim,rest,,,,,94.5,145.0,1,,,,0,36.24,0.021,0.011,14,ready,9
2026-10-08 22:39:49.807,265.9,20261008_223523,prim,rest,,,,,94.5,145.0,1,,,,0,36.24,0.02,0.011,14,ready,9
2026-10-08 22:39:50.017,266.11,20261008_223523,prim,rest,,,,,95.2,145.0,1,,,,0,36.24,0.018,0.01,14,ready,9
2026-10-08 22:39:50.229,266.32,20261008_223523,prim,rest,,,,,95.2,145.0,1,,,,0,36.24,0.017,0.01,14,ready,9
2026-10-08 22:39:50.424,266.52,20261008_223523,prim,rest,,,,,95.2,145.0,1,,,,0,36.24,0.016,0.009,14,ready,9
2026-10-08 22:39:50.624,266.72,20261008_223523,prim,rest,,,,,95.5,132.4,1,,,,0,36.24,0.015,0.008,14,ready,9
2026-10-08 22:39:50.826,266.92,20261008_223523,prim,rest,,,,,95.5,132.4,1,,,,0,36.25,0.014,0.009,14,ready,9
2026-10-08 22:39:51.026,267.12,20261008_223523,prim,rest,,,,,95.5,132.4,1,,,,0,36.25,0.013,0.008,14,ready,9
2026-10-08 22:39:51.231,267.32,20261008_223523,prim,rest,,,,,95.5,132.4,1,,,,0,36.25,0.012,0.007,14,ready,9
2026-10-08 22:39:51.429,267.52,20261008_223523,prim,recovery,9,608,manual,lie,97.1,122.6,1,,,,0,36.25,0.011,0.007,14,ready,9
2026-10-08 22:39:51.642,267.73,20261008_223523,prim,question,9,608,manual,lie,97.1,122.6,1,,,,0,36.25,0.012,0.007,15,question,9
2026-10-08 22:39:51.837,267.93,20261008_223523,prim,question,9,608,manual,lie,97.1,122.6,1,,,,0,36.25,0.011,0.006,15,question,9
2026-10-08 22:39:52.044,268.14,20261008_223523,prim,question,9,608,manual,lie,95.5,114.9,1,,,,0,36.25,0.011,0.006,15,question,9
2026-10-08 22:39:52.253,268.35,20261008_223523,prim,question,9,608,manual,lie,95.5,114.9,1,,,,0,36.25,0.011,0.005,15,question,9
2026-10-08 22:39:52.461,268.55,20261008_223523,prim,question,9,608,manual,lie,95.5,114.9,1,,,,0,36.25,0.011,0.005,15,question,9
2026-10-08 22:39:52.674,268.77,20261008_223523,prim,question,9,608,manual,lie,95.5,114.9,1,,,,0,36.26,0.01,0.005,15,question,9
2026-10-08 22:39:52.908,269.0,20261008_223523,prim,question,9,608,manual,lie,95.5,114.9,1,,,,0,36.26,0.009,0.004,15,question,9
2026-10-08 22:39:53.077,269.17,20261008_223523,prim,question,9,608,manual,lie,95.5,114.9,1,,,,0,36.26,0.01,0.004,15,question,9
2026-10-08 22:39:53.282,269.38,20261008_223523,prim,question,9,608,manual,lie,95.5,114.9,1,,,,0,36.26,0.011,0.005,15,question,9
2026-10-08 22:39:53.491,269.58,20261008_223523,prim,question,9,608,manual,lie,95.5,114.9,1,,,,0,36.26,0.01,0.005,14,question,9
2026-10-08 22:39:53.731,269.82,20261008_223523,prim,question,9,608,manual,lie,95.5,114.9,1,,,,0,36.26,0.01,0.005,14,question,9
2026-10-08 22:39:53.897,269.99,20261008_223523,prim,question,9,608,manual,lie,95.5,114.9,1,,,,0,36.26,0.009,0.005,14,question,9
2026-10-08 22:39:54.104,270.2,20261008_223523,prim,question,9,608,manual,lie,95.5,114.9,1,,,,0,36.26,0.01,0.005,14,question,9
2026-10-08 22:39:54.307,270.4,20261008_223523,prim,question,9,608,manual,lie,95.5,114.9,1,,,,0,36.26,0.01,0.005,14,question,9
2026-10-08 22:39:54.515,270.61,20261008_223523,prim,question,9,608,manual,lie,95.5,114.9,1,,,,0,36.26,0.009,0.005,14,question,9
2026-10-08 22:39:54.717,270.81,20261008_223523,prim,question,9,608,manual,lie,95.5,114.9,1,,,,0,36.26,0.01,0.005,14,question,9
2026-10-08 22:39:54.924,271.02,20261008_223523,prim,question,9,608,manual,lie,95.5,114.9,1,,,,0,36.26,0.011,0.005,14,question,9
2026-10-08 22:39:55.140,271.23,20261008_223523,prim,question,9,608,manual,lie,95.5,114.9,1,,,,0,36.27,0.012,0.005,14,question,9
2026-10-08 22:39:55.335,271.43,20261008_223523,prim,question,9,608,manual,lie,95.2,42.8,1,,,,0,36.23,0.011,0.005,14,question,9
2026-10-08 22:39:55.552,271.64,20261008_223523,prim,question,9,608,manual,lie,95.2,42.8,1,,,,0,36.24,0.011,0.005,14,question,9
2026-10-08 22:39:55.746,271.84,20261008_223523,prim,question,9,608,manual,lie,95.2,42.8,1,,,,0,36.24,0.01,0.004,14,question,9
2026-10-08 22:39:55.954,272.05,20261008_223523,prim,question,9,608,manual,lie,95.2,42.8,1,,,,0,36.25,0.01,0.005,14,question,9
2026-10-08 22:39:56.153,272.25,20261008_223523,prim,question,9,608,manual,lie,95.2,42.8,1,,,,0,36.25,0.01,0.004,14,question,9
2026-10-08 22:39:56.346,272.44,20261008_223523,prim,question,9,608,manual,lie,95.2,42.8,1,,,,0,36.25,0.01,0.004,14,question,9
2026-10-08 22:39:56.566,272.66,20261008_223523,prim,question,9,608,manual,lie,95.2,42.8,1,,,,0,36.26,0.011,0.004,14,question,9
2026-10-08 22:39:58.666,274.76,20261008_223523,prim,question,9,608,manual,lie,95.8,,1,,,,0,36.29,0.072,0.038,15,question,9
2026-10-08 22:39:58.871,274.96,20261008_223523,prim,question,9,608,manual,lie,95.8,,1,,,,0,36.3,0.067,0.035,15,question,9
2026-10-08 22:39:59.074,275.17,20261008_223523,prim,question,9,608,manual,lie,95.8,,1,,,,0,36.3,0.062,0.032,15,question,9
2026-10-08 22:39:59.280,275.37,20261008_223523,prim,question,9,608,manual,lie,93.5,,1,,,,0,36.29,0.057,0.029,15,question,9
2026-10-08 22:39:59.506,275.6,20261008_223523,prim,question,9,608,manual,lie,93.5,,1,,,,0,36.3,0.052,0.027,15,question,9
2026-10-08 22:39:59.703,275.8,20261008_223523,prim,question,9,608,manual,lie,93.5,,1,,,,0,36.3,0.05,0.027,14,question,9
2026-10-08 22:39:59.902,276.0,20261008_223523,prim,question,9,608,manual,lie,93.5,,1,,,,0,36.3,0.05,0.026,14,question,9
2026-10-08 22:40:00.111,276.2,20261008_223523,prim,question,9,608,manual,lie,93.5,,1,,,,0,36.3,0.051,0.034,14,question,9
2026-10-08 22:40:00.331,276.42,20261008_223523,prim,question,9,608,manual,lie,93.5,,1,,,,0,36.3,0.067,0.066,14,question,9
2026-10-08 22:40:00.525,276.62,20261008_223523,prim,question,9,608,manual,lie,93.5,,1,,,,0,36.3,0.094,0.076,14,question,9
2026-10-08 22:40:00.730,276.82,20261008_223523,prim,question,9,608,manual,lie,93.5,,1,,,,0,36.28,0.099,0.079,14,question,9
2026-10-08 22:40:00.945,277.04,20261008_223523,prim,question,9,608,manual,lie,93.5,,1,,,,0,36.28,0.093,0.074,14,question,9
2026-10-08 22:40:01.148,277.24,20261008_223523,prim,question,9,608,manual,lie,93.5,,1,,,,0,36.29,0.092,0.069,14,question,9
2026-10-08 22:40:01.358,277.45,20261008_223523,prim,question,9,608,manual,lie,,,1,,,,0,36.29,0.093,0.07,15,question,9
2026-10-08 22:40:01.652,277.74,20261008_223523,prim,question,9,608,manual,lie,,,1,,,,0,36.29,0.087,0.069,16,question,9
2026-10-08 22:40:01.780,277.87,20261008_223523,prim,question,9,608,manual,lie,,,1,,,,0,36.3,0.079,0.065,16,question,9
2026-10-08 22:40:01.975,278.07,20261008_223523,prim,question,9,608,manual,lie,83.2,,1,,,,0,36.31,0.075,0.061,15,question,9
2026-10-08 22:40:02.183,278.28,20261008_223523,prim,question,9,608,manual,lie,83.2,,1,,,,0,36.31,0.072,0.061,15,question,9
2026-10-08 22:40:02.393,278.49,20261008_223523,prim,question,9,608,manual,lie,83.2,,1,,,,0,36.32,0.068,0.055,13,question,9
2026-10-08 22:40:02.598,278.69,20261008_223523,prim,question,9,608,manual,lie,83.2,,1,,,,0,36.32,0.07,0.062,13,question,9
2026-10-08 22:40:02.812,278.91,20261008_223523,prim,question,9,608,manual,lie,83.2,,1,,,,0,36.33,0.068,0.075,13,question,9
2026-10-08 22:40:03.009,279.1,20261008_223523,prim,question,9,608,manual,lie,71.3,,1,,,,0,36.33,0.069,0.07,12,question,9
2026-10-08 22:40:03.214,279.31,20261008_223523,prim,question,9,608,manual,lie,71.3,,1,,,,0,36.33,0.069,0.07,11,question,9
2026-10-08 22:40:03.414,279.51,20261008_223523,prim,recovery,9,608,manual,lie,71.3,,1,,,,0,36.33,0.063,0.065,11,ready,9
2026-10-08 22:40:03.622,279.71,20261008_223523,prim,recovery,9,608,manual,lie,71.3,,1,,,,0,36.34,0.066,0.06,10,ready,9
2026-10-08 22:40:03.838,279.93,20261008_223523,prim,recovery,9,608,manual,lie,71.3,,1,,,,0,36.34,0.077,0.071,10,ready,9
2026-10-08 22:40:04.033,280.13,20261008_223523,prim,recovery,9,608,manual,lie,71.3,,1,,,,0,36.35,0.108,0.088,10,ready,9
2026-10-08 22:40:04.243,280.34,20261008_223523,prim,recovery,9,608,manual,lie,71.3,,1,,,,0,36.35,0.108,0.09,9,ready,9
2026-10-08 22:40:04.447,280.54,20261008_223523,prim,recovery,9,608,manual,lie,71.3,,1,,,,0,36.36,0.113,0.09,9,ready,9
2026-10-08 22:40:04.654,280.75,20261008_223523,prim,recovery,9,608,manual,lie,68.0,,1,,,,0,36.36,0.115,0.085,9,ready,9
2026-10-08 22:40:04.854,280.95,20261008_223523,prim,recovery,9,608,manual,lie,68.0,,1,,,,0,36.37,0.136,0.085,9,ready,9
2026-10-08 22:40:05.058,281.15,20261008_223523,prim,recovery,9,608,manual,lie,68.0,,1,,,,0,36.37,0.228,0.119,9,ready,9
2026-10-08 22:40:05.272,281.36,20261008_223523,prim,recovery,9,608,manual,lie,71.3,,1,,,,0,36.38,0.263,0.118,9,ready,9
2026-10-08 22:40:05.469,281.56,20261008_223523,prim,recovery,9,608,manual,lie,71.3,,1,,,,0,36.38,0.325,0.143,9,ready,9
2026-10-08 22:40:05.674,281.77,20261008_223523,prim,recovery,9,608,manual,lie,71.3,,1,,,,0,36.39,0.36,0.143,9,ready,9
2026-10-08 22:40:05.899,281.99,20261008_223523,prim,recovery,9,608,manual,lie,93.1,337.5,1,,,,0,36.4,0.418,0.163,11,ready,9
2026-10-08 22:40:06.090,282.18,20261008_223523,prim,recovery,9,608,manual,lie,93.1,337.5,1,,,,0,36.39,0.492,0.192,12,ready,9
2026-10-08 22:40:06.301,282.39,20261008_223523,prim,recovery,9,608,manual,lie,93.1,337.5,1,,,,0,36.39,0.549,0.223,13,ready,9
2026-10-08 22:40:06.511,282.6,20261008_223523,prim,recovery,9,608,manual,lie,93.1,337.5,1,,,,0,36.4,0.584,0.235,14,ready,9
2026-10-08 22:40:06.706,282.8,20261008_223523,prim,recovery,9,608,manual,lie,93.1,337.5,1,,,,0,36.4,0.594,0.24,15,ready,9
2026-10-08 22:40:06.935,283.03,20261008_223523,prim,recovery,9,608,manual,lie,93.1,337.5,1,,,,0,36.4,0.588,0.24,16,ready,9
2026-10-08 22:40:07.124,283.22,20261008_223523,prim,recovery,9,608,manual,lie,,,1,,,,0,36.4,0.599,0.252,23,ready,9
2026-10-08 22:40:07.325,283.42,20261008_223523,prim,recovery,9,608,manual,lie,,,1,,,,0,36.41,0.584,0.253,28,ready,9
2026-10-08 22:40:07.533,283.63,20261008_223523,prim,recovery,9,608,manual,lie,,,1,,,,0,36.41,0.533,0.237,31,ready,9
2026-10-08 22:40:07.737,283.83,20261008_223523,prim,recovery,9,608,manual,lie,128.7,,1,,,,0,36.41,0.485,0.218,33,ready,9
2026-10-08 22:40:07.942,284.04,20261008_223523,prim,recovery,9,608,manual,lie,128.7,,1,,,,0,36.42,0.442,0.2,33,ready,9
2026-10-08 22:40:08.152,284.24,20261008_223523,prim,recovery,9,608,manual,lie,129.7,,1,,,,0,36.42,0.404,0.197,34,ready,9
2026-10-08 22:40:08.359,284.45,20261008_223523,prim,recovery,9,608,manual,lie,129.7,,1,,,,0,36.42,0.367,0.179,35,ready,9
2026-10-08 22:40:08.566,284.66,20261008_223523,prim,recovery,9,608,manual,lie,129.7,,1,,,,0,36.42,0.332,0.162,35,ready,9
2026-10-08 22:40:10.716,286.81,20261008_223523,prim,recovery,9,608,manual,lie,129.2,,1,,,,0,36.42,0.129,0.07,34,ready,9
2026-10-08 22:40:10.912,287.0,20261008_223523,prim,recovery,9,608,manual,lie,129.2,,1,,,,0,36.41,0.127,0.076,34,ready,9
2026-10-08 22:40:11.115,287.21,20261008_223523,prim,recovery,9,608,manual,lie,129.2,,1,,,,0,36.41,0.116,0.074,33,ready,9
2026-10-08 22:40:11.358,287.45,20261008_223523,prim,recovery,9,608,manual,lie,129.2,,1,,,,0,36.42,0.106,0.076,33,ready,9
2026-10-08 22:40:11.537,287.63,20261008_223523,prim,recovery,9,608,manual,lie,129.2,,1,,,,0,36.41,0.103,0.084,33,ready,9
2026-10-08 22:40:11.734,287.83,20261008_223523,prim,recovery,9,608,manual,lie,129.2,,1,,,,0,36.41,0.1,0.078,33,ready,9
2026-10-08 22:40:11.934,288.03,20261008_223523,prim,recovery,9,608,manual,lie,129.2,,1,,,,0,36.41,0.1,0.103,33,ready,9
2026-10-08 22:40:12.143,288.24,20261008_223523,prim,recovery,9,608,manual,lie,129.2,,1,,,,0,36.42,0.154,0.119,33,ready,9
2026-10-08 22:40:12.349,288.44,20261008_223523,prim,recovery,9,608,manual,lie,129.2,,1,,,,0,36.42,0.233,0.148,33,ready,9
2026-10-08 22:40:12.581,288.67,20261008_223523,prim,recovery,9,608,manual,lie,129.2,,1,,,,0,36.42,0.217,0.138,33,ready,9
2026-10-08 22:40:12.756,288.85,20261008_223523,prim,recovery,9,608,manual,lie,129.2,,1,,,,0,36.43,0.2,0.133,33,ready,9
2026-10-08 22:40:12.959,289.05,20261008_223523,prim,recovery,9,608,manual,lie,129.2,,1,,,,0,36.43,0.182,0.121,33,ready,9
2026-10-08 22:40:13.165,289.26,20261008_223523,prim,recovery,9,608,manual,lie,129.2,,1,,,,0,36.43,0.166,0.11,33,ready,9
2026-10-08 22:40:13.386,289.48,20261008_223523,prim,recovery,9,608,manual,lie,129.2,,1,,,,0,36.44,0.154,0.104,33,ready,9
2026-10-08 22:40:13.570,289.66,20261008_223523,prim,recovery,9,608,manual,lie,129.2,,1,,,,0,36.44,0.14,0.095,33,ready,9
2026-10-08 22:40:13.780,289.87,20261008_223523,prim,recovery,9,608,manual,lie,129.2,,1,,,,0,36.45,0.127,0.086,33,ready,9
2026-10-08 22:40:13.996,290.09,20261008_223523,prim,recovery,9,608,manual,lie,129.2,,1,,,,0,36.45,0.118,0.082,33,ready,9
2026-10-08 22:40:14.309,290.4,20261008_223523,prim,recovery,9,608,manual,lie,129.2,,1,,,,0,36.45,0.109,0.079,33,ready,9
2026-10-08 22:40:14.388,290.48,20261008_223523,prim,recovery,9,608,manual,lie,129.2,,1,,,,0,36.45,0.101,0.073,33,ready,9
2026-10-08 22:40:14.594,290.69,20261008_223523,prim,recovery,9,608,manual,lie,129.2,,1,,,,0,36.45,0.106,0.069,33,ready,9
2026-10-08 22:40:14.818,290.91,20261008_223523,prim,recovery,9,608,manual,lie,128.7,,1,,,,0,36.46,0.097,0.066,33,ready,9
2026-10-08 22:40:15.005,291.1,20261008_223523,prim,recovery,9,608,manual,lie,128.7,,1,,,,0,36.43,0.091,0.064,32,ready,9
2026-10-08 22:40:15.214,291.31,20261008_223523,prim,recovery,9,608,manual,lie,128.7,,1,,,,0,36.43,0.086,0.06,32,ready,9
2026-10-08 22:40:15.424,291.52,20261008_223523,prim,recovery,9,608,manual,lie,121.9,,1,,,,0,36.43,0.105,0.081,31,ready,9
2026-10-08 22:40:15.626,291.72,20261008_223523,prim,recovery,9,608,manual,lie,121.9,,1,,,,0,36.44,0.1,0.079,30,ready,9
2026-10-08 22:40:15.824,291.92,20261008_223523,prim,recovery,9,608,manual,lie,121.9,,1,,,,0,36.44,0.094,0.074,30,ready,9
2026-10-08 22:40:16.024,292.12,20261008_223523,prim,recovery,9,608,manual,lie,121.9,,1,,,,0,36.45,0.086,0.068,29,ready,9
2026-10-08 22:40:16.230,292.32,20261008_223523,prim,rest,,,,,121.9,,1,,,,0,36.45,0.078,0.061,29,ready,9
2026-10-08 22:40:16.426,292.52,20261008_223523,prim,rest,,,,,121.9,,1,,,,0,36.45,0.071,0.056,29,ready,9
2026-10-08 22:40:16.632,292.72,20261008_223523,prim,rest,,,,,121.9,,1,,,,0,36.46,0.066,0.052,28,ready,9
2026-10-08 22:40:16.836,292.93,20261008_223523,prim,rest,,,,,121.9,,1,,,,0,36.46,0.067,0.051,28,ready,9
2026-10-08 22:40:17.043,293.14,20261008_223523,prim,rest,,,,,121.9,,1,,,,0,36.46,0.061,0.046,28,ready,9
2026-10-08 22:40:17.249,293.34,20261008_223523,prim,rest,,,,,121.9,,1,,,,0,36.46,0.056,0.042,28,ready,9
2026-10-08 22:40:17.455,293.55,20261008_223523,prim,rest,,,,,121.9,,1,,,,0,36.46,0.051,0.04,28,ready,9
2026-10-08 22:40:17.662,293.75,20261008_223523,prim,rest,,,,,121.9,,1,,,,0,36.46,0.049,0.037,28,ready,9
2026-10-08 22:40:17.867,293.96,20261008_223523,prim,rest,,,,,121.9,,1,,,,0,36.47,0.046,0.034,28,ready,9
2026-10-08 22:40:18.068,294.16,20261008_223523,prim,rest,,,,,121.9,,1,,,,0,36.47,0.043,0.035,27,ready,9
2026-10-08 22:40:18.274,294.37,20261008_223523,prim,rest,,,,,121.9,,1,,,,0,36.47,0.049,0.041,27,ready,9
2026-10-08 22:40:18.485,294.58,20261008_223523,prim,rest,,,,,121.9,,1,,,,0,36.47,0.046,0.037,27,ready,9
2026-10-08 22:40:18.690,294.78,20261008_223523,prim,rest,,,,,121.9,,1,,,,0,36.47,0.042,0.036,27,ready,9
2026-10-08 22:40:18.907,295.0,20261008_223523,prim,rest,,,,,121.9,,1,,,,0,36.47,0.041,0.033,27,ready,9
2026-10-08 22:40:19.109,295.2,20261008_223523,prim,rest,,,,,,,1,,,,0,36.49,0.047,0.039,25,ready,9
2026-10-08 22:40:19.308,295.4,20261008_223523,prim,rest,,,,,,,1,,,,0,36.45,0.053,0.053,24,ready,9
2026-10-08 22:40:19.515,295.61,20261008_223523,prim,rest,,,,,,,1,,,,0,36.45,0.055,0.063,23,ready,9
2026-10-08 22:40:19.728,295.82,20261008_223523,prim,rest,,,,,,,1,,,,0,36.45,0.052,0.061,22,ready,9
2026-10-08 22:40:19.932,296.02,20261008_223523,prim,rest,,,,,,,1,,,,0,36.46,0.048,0.057,21,ready,9
2026-10-08 22:40:20.136,296.23,20261008_223523,prim,rest,,,,,53.7,,1,,,,0,36.46,0.044,0.054,18,ready,9
2026-10-08 22:40:20.352,296.44,20261008_223523,prim,rest,,,,,53.7,,1,,,,0,36.46,0.04,0.05,16,ready,9
2026-10-08 22:40:20.556,296.65,20261008_223523,prim,rest,,,,,53.7,,1,,,,0,36.46,0.037,0.046,14,ready,9
2026-10-08 22:40:20.757,296.85,20261008_223523,prim,rest,,,,,53.7,,1,,,,0,36.46,0.035,0.043,12,ready,9
2026-10-08 22:40:20.967,297.06,20261008_223523,prim,rest,,,,,53.7,,1,,,,0,36.46,0.032,0.041,11,ready,9
2026-10-08 22:40:21.170,297.26,20261008_223523,prim,rest,,,,,53.7,,1,,,,0,36.47,0.031,0.039,10,ready,9
2026-10-08 22:40:21.384,297.48,20261008_223523,prim,rest,,,,,53.7,,1,,,,0,36.47,0.03,0.036,9,ready,9
2026-10-08 22:40:21.587,297.68,20261008_223523,prim,rest,,,,,53.7,,1,,,,0,36.47,0.028,0.034,8,ready,9
2026-10-08 22:40:21.793,297.89,20261008_223523,prim,rest,,,,,53.7,,1,,,,0,36.44,0.027,0.031,8,ready,9
2026-10-08 22:40:22.000,298.09,20261008_223523,prim,rest,,,,,53.7,,1,,,,0,36.44,0.026,0.029,7,ready,9
2026-10-08 22:40:22.206,298.3,20261008_223523,prim,rest,,,,,53.7,,1,,,,0,36.45,0.043,0.037,7,ready,9
2026-10-08 22:40:22.412,298.5,20261008_223523,prim,rest,,,,,53.7,,1,,,,0,36.45,0.045,0.037,6,ready,9
2026-10-08 22:40:22.616,298.71,20261008_223523,prim,rest,,,,,53.7,,1,,,,0,36.45,0.041,0.035,6,ready,9
2026-10-08 22:40:22.822,298.91,20261008_223523,prim,rest,,,,,53.7,,1,,,,0,36.46,0.036,0.029,6,ready,9
2026-10-08 22:40:23.032,299.12,20261008_223523,prim,rest,,,,,53.7,,1,,,,0,36.46,0.033,0.027,6,ready,9
2026-10-08 22:40:23.234,299.33,20261008_223523,prim,rest,,,,,53.7,,1,,,,0,36.46,0.031,0.024,5,ready,9
2026-10-08 22:40:23.444,299.54,20261008_223523,prim,rest,,,,,53.7,,1,,,,0,36.46,0.031,0.026,5,ready,9
2026-10-08 22:40:23.654,299.75,20261008_223523,prim,rest,,,,,53.7,,1,,,,0,36.46,0.03,0.027,5,ready,9
2026-10-08 22:40:23.854,299.95,20261008_223523,prim,rest,,,,,53.7,,1,,,,0,36.47,0.036,0.034,5,ready,9
2026-10-08 22:40:24.064,300.16,20261008_223523,prim,rest,,,,,53.7,,1,,,,0,36.47,0.036,0.033,5,ready,9
2026-10-08 22:40:24.274,300.37,20261008_223523,prim,rest,,,,,53.7,,1,,,,0,36.47,0.034,0.031,5,ready,9
2026-10-08 22:40:24.476,300.57,20261008_223523,prim,rest,,,,,53.7,,1,,,,0,36.47,0.034,0.032,5,ready,9
2026-10-08 22:40:24.699,300.79,20261008_223523,prim,rest,,,,,53.7,,1,,,,0,36.47,0.039,0.034,5,ready,9
2026-10-08 22:40:24.912,301.0,20261008_223523,prim,rest,,,,,53.7,,1,,,,0,36.47,0.037,0.032,5,ready,9
2026-10-08 22:40:25.097,301.19,20261008_223523,prim,rest,,,,,53.7,,1,,,,0,36.48,0.034,0.03,5,ready,9
2026-10-08 22:40:25.310,301.4,20261008_223523,prim,rest,,,,,53.7,,1,,,,0,36.48,0.032,0.027,5,ready,9
2026-10-08 22:40:25.515,301.61,20261008_223523,prim,rest,,,,,50.1,,1,,,,0,36.48,0.058,0.032,5,ready,9
2026-10-08 22:40:25.715,301.81,20261008_223523,prim,rest,,,,,50.1,,1,,,,0,36.48,0.074,0.057,5,ready,9
2026-10-08 22:40:25.970,302.06,20261008_223523,prim,rest,,,,,50.1,,1,,,,0,36.48,0.075,0.069,5,ready,9
2026-10-08 22:40:26.131,302.22,20261008_223523,prim,rest,,,,,50.1,,1,,,,0,36.48,0.078,0.073,5,ready,9
2026-10-08 22:40:26.334,302.43,20261008_223523,prim,rest,,,,,50.1,,1,,,,0,36.48,0.074,0.067,5,ready,9
2026-10-08 22:40:26.543,302.64,20261008_223523,prim,rest,,,,,54.8,,1,,,,0,36.49,0.088,0.083,5,ready,9
2026-10-08 22:40:26.751,302.84,20261008_223523,prim,rest,,,,,54.8,,1,,,,0,36.49,0.147,0.116,5,ready,9
2026-10-08 22:40:26.957,303.05,20261008_223523,prim,rest,,,,,54.8,,1,,,,0,36.49,0.145,0.12,5,ready,9
2026-10-08 22:40:27.165,303.26,20261008_223523,prim,rest,,,,,54.8,,1,,,,0,36.49,0.133,0.111,5,ready,9
2026-10-08 22:40:27.365,303.46,20261008_223523,prim,rest,,,,,54.8,,1,,,,0,36.49,0.143,0.103,5,ready,9
2026-10-08 22:40:27.575,303.67,20261008_223523,prim,rest,,,,,54.8,,1,,,,0,36.49,0.139,0.097,5,ready,9
2026-10-08 22:40:27.791,303.88,20261008_223523,prim,rest,,,,,54.8,,1,,,,0,36.45,0.127,0.091,5,ready,9
2026-10-08 22:40:27.992,304.08,20261008_223523,prim,rest,,,,,60.5,,1,,,,0,36.45,0.118,0.086,5,ready,8
2026-10-08 22:40:28.233,304.33,20261008_223523,prim,rest,,,,,60.5,,1,,,,0,36.46,0.109,0.078,6,ready,8
2026-10-08 22:40:28.403,304.5,20261008_223523,prim,rest,,,,,60.5,,1,,,,0,36.46,0.102,0.077,6,ready,9
2026-10-08 22:40:28.609,304.7,20261008_223523,prim,rest,,,,,60.5,,1,,,,0,36.46,0.094,0.074,6,ready,9
2026-10-08 22:40:28.817,304.91,20261008_223523,prim,rest,,,,,60.5,,1,,,,0,36.47,0.091,0.071,6,ready,9
2026-10-08 22:40:29.022,305.11,20261008_223523,prim,rest,,,,,63.0,,1,,,,0,36.47,0.086,0.072,6,ready,8
2026-10-08 22:40:29.261,305.35,20261008_223523,prim,rest,,,,,63.0,,1,,,,0,36.47,0.09,0.068,6,ready,8
2026-10-08 22:40:29.440,305.53,20261008_223523,prim,rest,,,,,63.0,,1,,,,0,36.48,0.085,0.062,6,ready,8
2026-10-08 22:40:29.650,305.74,20261008_223523,prim,rest,,,,,63.0,,1,,,,0,36.48,0.095,0.06,6,ready,8
2026-10-08 22:40:29.998,306.09,20261008_223523,prim,rest,,,,,63.0,198.3,1,,,,0,36.48,0.091,0.064,6,ready,8
2026-10-08 22:40:30.058,306.15,20261008_223523,prim,rest,,,,,63.0,198.3,1,,,,0,36.48,0.096,0.072,6,ready,8
2026-10-08 22:40:30.253,306.35,20261008_223523,prim,rest,,,,,63.0,198.3,1,,,,0,36.48,0.103,0.078,6,ready,8
2026-10-08 22:40:30.460,306.55,20261008_223523,prim,rest,,,,,63.0,198.3,1,,,,0,36.49,0.094,0.075,6,ready,9
2026-10-08 22:40:30.670,306.76,20261008_223523,prim,rest,,,,,63.0,198.3,1,,,,0,36.49,0.086,0.069,7,ready,8
2026-10-08 22:40:30.884,306.98,20261008_223523,prim,rest,,,,,63.0,198.3,1,,,,0,36.49,0.078,0.063,7,ready,9
2026-10-08 22:40:31.094,307.19,20261008_223523,prim,rest,,,,,63.0,217.7,1,,,,0,36.5,0.071,0.057,7,ready,9
2026-10-08 22:40:31.323,307.42,20261008_223523,prim,rest,,,,,63.0,217.7,1,,,,0,36.5,0.066,0.052,7,ready,9
2026-10-08 22:40:31.604,307.7,20261008_223523,prim,rest,,,,,63.0,217.7,1,,,,0,36.5,0.06,0.047,7,ready,9
2026-10-08 22:40:31.727,307.82,20261008_223523,prim,rest,,,,,63.0,217.7,1,,,,0,36.5,0.056,0.043,6,ready,9
2026-10-08 22:40:31.936,308.03,20261008_223523,prim,rest,,,,,63.0,217.7,1,,,,0,36.49,0.052,0.039,6,ready,9
2026-10-08 22:40:32.136,308.23,20261008_223523,prim,rest,,,,,63.0,217.7,1,,,,0,36.46,0.048,0.037,6,ready,9
2026-10-08 22:40:32.353,308.45,20261008_223523,prim,rest,,,,,63.0,217.7,1,,,,0,36.46,0.045,0.034,6,ready,9
2026-10-08 22:40:32.558,308.65,20261008_223523,prim,rest,,,,,63.0,217.7,1,,,,0,36.47,0.041,0.031,6,ready,9
2026-10-08 22:40:32.762,308.85,20261008_223523,prim,rest,,,,,63.0,217.7,1,,,,0,36.46,0.038,0.028,6,ready,8
2026-10-08 22:40:32.955,309.05,20261008_223523,prim,rest,,,,,63.0,217.7,1,,,,0,36.47,0.04,0.031,6,ready,9
2026-10-08 22:40:33.165,309.26,20261008_223523,prim,rest,,,,,63.0,217.7,1,,,,0,36.44,0.038,0.031,6,ready,8
2026-10-08 22:40:33.370,309.46,20261008_223523,prim,rest,,,,,63.0,217.7,1,,,,0,36.45,0.035,0.03,6,ready,9
2026-10-08 22:40:33.576,309.67,20261008_223523,prim,rest,,,,,63.0,217.7,1,,,,0,36.46,0.062,0.033,6,ready,9
2026-10-08 22:40:33.786,309.88,20261008_223523,prim,rest,,,,,63.0,217.7,1,,,,0,36.46,0.064,0.033,6,ready,9
2026-10-08 22:40:33.974,310.07,20261008_223523,prim,rest,,,,,63.0,217.7,1,,,,0,36.47,0.059,0.032,6,ready,9
2026-10-08 22:40:34.166,310.26,20261008_223523,prim,rest,,,,,63.0,217.7,1,,,,0,36.48,0.055,0.03,6,ready,9
2026-10-08 22:40:34.375,310.47,20261008_223523,prim,rest,,,,,63.0,217.7,1,,,,0,36.48,0.054,0.03,6,ready,9
2026-10-08 22:40:34.596,310.69,20261008_223523,prim,rest,,,,,63.0,217.7,1,,,,0,36.49,0.052,0.03,6,ready,9
2026-10-08 22:40:34.791,310.88,20261008_223523,prim,rest,,,,,63.0,217.7,1,,,,0,36.49,0.049,0.028,6,ready,9
2026-10-08 22:40:34.994,311.09,20261008_223523,prim,rest,,,,,63.0,217.7,1,,,,0,36.5,0.056,0.029,6,ready,9
2026-10-08 22:40:35.206,311.3,20261008_223523,prim,rest,,,,,63.0,217.7,1,,,,0,36.5,0.056,0.032,6,ready,9
2026-10-08 22:40:35.412,311.5,20261008_223523,prim,rest,,,,,63.0,217.7,1,,,,0,36.51,0.058,0.031,6,ready,9
2026-10-08 22:40:35.617,311.71,20261008_223523,prim,rest,,,,,63.0,200.4,1,,,,0,36.51,0.054,0.029,6,ready,9
2026-10-08 22:40:35.830,311.92,20261008_223523,prim,rest,,,,,63.0,200.4,1,,,,0,36.52,0.048,0.029,6,ready,9
2026-10-08 22:40:36.040,312.13,20261008_223523,prim,rest,,,,,63.0,200.4,1,,,,0,36.54,0.046,0.028,6,ready,9
2026-10-08 22:40:36.244,312.34,20261008_223523,prim,rest,,,,,63.0,200.4,1,,,,0,36.53,0.043,0.026,6,ready,9
2026-10-08 22:40:36.446,312.54,20261008_223523,prim,rest,,,,,63.0,189.4,1,,,,0,36.53,0.04,0.024,6,ready,9
2026-10-08 22:40:36.657,312.75,20261008_223523,prim,rest,,,,,63.0,189.4,1,,,,0,36.53,0.036,0.022,6,ready,9
2026-10-08 22:40:36.857,312.95,20261008_223523,prim,question,10,609,manual,truth,63.0,189.4,1,,,,0,36.5,0.033,0.02,6,question,9
2026-10-08 22:40:37.059,313.15,20261008_223523,prim,question,10,609,manual,truth,63.0,189.4,1,,,,0,36.51,0.031,0.019,6,question,9
2026-10-08 22:40:37.268,313.36,20261008_223523,prim,question,10,609,manual,truth,63.0,189.4,1,,,,0,36.51,0.028,0.018,6,question,9
2026-10-08 22:40:37.474,313.57,20261008_223523,prim,question,10,609,manual,truth,63.0,189.4,1,,,,0,36.52,0.026,0.017,6,question,9
2026-10-08 22:40:37.676,313.77,20261008_223523,prim,question,10,609,manual,truth,63.0,189.4,1,,,,0,36.52,0.026,0.017,6,question,9
2026-10-08 22:40:37.891,313.98,20261008_223523,prim,question,10,609,manual,truth,63.0,189.4,1,,,,0,36.53,0.023,0.015,6,question,9
2026-10-08 22:40:38.085,314.18,20261008_223523,prim,question,10,609,manual,truth,63.0,189.4,1,,,,0,36.53,0.021,0.014,6,question,9
2026-10-08 22:40:38.296,314.39,20261008_223523,prim,question,10,609,manual,truth,63.0,189.4,1,,,,0,36.53,0.021,0.014,6,question,9
2026-10-08 22:40:38.496,314.59,20261008_223523,prim,question,10,609,manual,truth,63.0,189.4,1,,,,0,36.53,0.019,0.013,6,question,9
2026-10-08 22:40:38.707,314.8,20261008_223523,prim,question,10,609,manual,truth,63.0,189.4,1,,,,0,36.54,0.018,0.012,6,question,9
2026-10-08 22:40:38.914,315.01,20261008_223523,prim,question,10,609,manual,truth,63.0,189.4,1,,,,0,36.54,0.019,0.012,6,question,9
2026-10-08 22:40:39.127,315.22,20261008_223523,prim,question,10,609,manual,truth,63.0,189.4,1,,,,0,36.54,0.025,0.016,6,question,9
2026-10-08 22:40:39.315,315.41,20261008_223523,prim,question,10,609,manual,truth,63.0,189.4,1,,,,0,36.54,0.025,0.017,6,question,9
2026-10-08 22:40:39.527,315.62,20261008_223523,prim,question,10,609,manual,truth,63.0,189.4,1,,,,0,36.54,0.023,0.016,6,question,9
2026-10-08 22:40:39.731,315.82,20261008_223523,prim,question,10,609,manual,truth,63.0,189.4,1,,,,0,36.54,0.031,0.017,6,question,9
2026-10-08 22:40:39.940,316.03,20261008_223523,prim,question,10,609,manual,truth,63.0,189.4,1,,,,0,36.54,0.046,0.03,6,question,9
2026-10-08 22:40:40.145,316.24,20261008_223523,prim,question,10,609,manual,truth,63.0,189.4,1,,,,0,36.54,0.051,0.03,6,question,9
2026-10-08 22:40:40.346,316.44,20261008_223523,prim,question,10,609,manual,truth,63.0,189.4,1,,,,0,36.54,0.049,0.027,6,question,9
2026-10-08 22:40:40.568,316.66,20261008_223523,prim,question,10,609,manual,truth,63.0,189.4,1,,,,0,36.48,0.045,0.025,6,question,9
2026-10-08 22:40:40.761,316.85,20261008_223523,prim,question,10,609,manual,truth,63.0,189.4,1,,,,0,36.48,0.042,0.025,6,question,9
2026-10-08 22:40:40.957,317.05,20261008_223523,prim,question,10,609,manual,truth,67.7,189.4,1,,,,0,36.49,0.04,0.03,7,question,9
2026-10-08 22:40:41.175,317.27,20261008_223523,prim,question,10,609,manual,truth,67.7,189.4,1,,,,0,36.49,0.037,0.029,7,question,9
2026-10-08 22:40:41.373,317.47,20261008_223523,prim,question,10,609,manual,truth,67.7,189.4,1,,,,0,36.5,0.045,0.037,7,question,9
2026-10-08 22:40:41.583,317.68,20261008_223523,prim,question,10,609,manual,truth,67.7,189.4,1,,,,0,36.51,0.048,0.035,7,question,9
2026-10-08 22:40:41.776,317.87,20261008_223523,prim,question,10,609,manual,truth,67.7,189.4,1,,,,0,36.51,0.045,0.033,7,question,9
2026-10-08 22:40:41.995,318.09,20261008_223523,prim,question,10,609,manual,truth,67.7,189.4,1,,,,0,36.51,0.041,0.034,7,question,9
2026-10-08 22:40:42.194,318.29,20261008_223523,prim,question,10,609,manual,truth,70.5,176.6,1,,,,0,36.52,0.048,0.042,7,question,9
2026-10-08 22:40:42.408,318.5,20261008_223523,prim,question,10,609,manual,truth,70.5,176.6,1,,,,0,36.52,0.048,0.04,7,question,9
2026-10-08 22:40:42.638,318.73,20261008_223523,prim,question,10,609,manual,truth,70.5,176.6,1,,,,0,36.52,0.045,0.037,7,question,9
2026-10-08 22:40:42.813,318.91,20261008_223523,prim,question,10,609,manual,truth,70.5,176.6,1,,,,0,36.53,0.054,0.038,7,question,9
2026-10-08 22:40:43.023,319.12,20261008_223523,prim,question,10,609,manual,truth,70.5,176.6,1,,,,0,36.53,0.064,0.041,8,question,9
2026-10-08 22:40:43.223,319.32,20261008_223523,prim,question,10,609,manual,truth,70.5,176.6,1,,,,0,36.54,0.113,0.06,8,question,9
2026-10-08 22:40:43.427,319.52,20261008_223523,prim,question,10,609,manual,truth,70.5,176.6,1,,,,0,36.54,0.113,0.062,8,question,9
2026-10-08 22:40:43.655,319.75,20261008_223523,prim,question,10,609,manual,truth,70.5,176.6,1,,,,0,36.54,0.111,0.059,8,question,9
2026-10-08 22:40:43.843,319.94,20261008_223523,prim,question,10,609,manual,truth,70.5,176.6,1,,,,0,36.54,0.113,0.077,8,question,9
2026-10-08 22:40:44.053,320.15,20261008_223523,prim,question,10,609,manual,truth,67.7,176.6,1,,,,0,36.54,0.124,0.091,8,question,8
2026-10-08 22:40:44.276,320.37,20261008_223523,prim,question,10,609,manual,truth,67.7,176.6,1,,,,0,36.54,0.116,0.084,8,question,8
2026-10-08 22:40:44.470,320.56,20261008_223523,prim,question,10,609,manual,truth,67.7,176.6,1,,,,0,36.55,0.108,0.078,8,question,8
2026-10-08 22:40:44.671,320.76,20261008_223523,prim,question,10,609,manual,truth,67.7,176.6,1,,,,0,36.57,0.101,0.074,8,question,8
2026-10-08 22:40:44.876,320.97,20261008_223523,prim,question,10,609,manual,truth,67.7,176.6,1,,,,0,36.53,0.093,0.069,8,question,8
2026-10-08 22:40:45.084,321.18,20261008_223523,prim,question,10,609,manual,truth,67.7,176.6,1,,,,0,36.53,0.086,0.064,8,question,8
2026-10-08 22:40:45.288,321.38,20261008_223523,prim,question,10,609,manual,truth,67.7,176.6,1,,,,0,36.54,0.081,0.06,8,question,8
2026-10-08 22:40:45.522,321.62,20261008_223523,prim,question,10,609,manual,truth,67.7,176.6,1,,,,0,36.54,0.089,0.058,8,question,8
2026-10-08 22:40:45.700,321.79,20261008_223523,prim,question,10,609,manual,truth,67.7,176.6,1,,,,0,36.54,0.086,0.055,8,question,8
2026-10-08 22:40:45.906,322.0,20261008_223523,prim,question,10,609,manual,truth,67.7,176.6,1,,,,0,36.55,0.079,0.051,8,question,8
2026-10-08 22:40:46.257,322.35,20261008_223523,prim,question,10,609,manual,truth,67.7,139.9,1,,,,0,36.55,0.085,0.057,8,question,8
2026-10-08 22:40:46.322,322.41,20261008_223523,prim,question,10,609,manual,truth,67.7,139.9,1,,,,0,36.55,0.082,0.056,8,question,8
2026-10-08 22:40:46.523,322.62,20261008_223523,prim,question,10,609,manual,truth,67.7,139.9,1,,,,0,36.55,0.074,0.051,7,question,8
2026-10-08 22:40:46.737,322.83,20261008_223523,prim,question,10,609,manual,truth,67.7,139.9,1,,,,0,36.55,0.067,0.046,7,question,8
2026-10-08 22:40:48.869,324.96,20261008_223523,prim,recovery,10,609,manual,truth,67.7,139.9,1,,,,0,36.57,0.028,0.02,7,ready,8
2026-10-08 22:40:49.092,325.18,20261008_223523,prim,recovery,10,609,manual,truth,67.7,139.9,1,,,,0,36.57,0.026,0.019,7,ready,8
2026-10-08 22:40:49.281,325.37,20261008_223523,prim,recovery,10,609,manual,truth,,,1,,,,0,36.58,0.025,0.017,9,ready,8
2026-10-08 22:40:49.484,325.58,20261008_223523,prim,recovery,10,609,manual,truth,,,1,,,,0,36.58,0.023,0.016,10,ready,8
2026-10-08 22:40:49.706,325.8,20261008_223523,prim,recovery,10,609,manual,truth,,,1,,,,0,36.58,0.022,0.016,11,ready,8
2026-10-08 22:40:49.900,325.99,20261008_223523,prim,recovery,10,609,manual,truth,,,1,,,,0,36.59,0.02,0.016,13,ready,8
2026-10-08 22:40:50.104,326.2,20261008_223523,prim,recovery,10,609,manual,truth,,,1,,,,0,36.59,0.021,0.016,13,ready,8
2026-10-08 22:40:50.314,326.41,20261008_223523,prim,recovery,10,609,manual,truth,,,1,,,,0,36.59,0.02,0.016,14,ready,8
2026-10-08 22:40:50.515,326.61,20261008_223523,prim,recovery,10,609,manual,truth,67.7,139.9,1,,,,0,36.59,0.058,0.03,13,ready,8
2026-10-08 22:40:50.720,326.81,20261008_223523,prim,recovery,10,609,manual,truth,67.7,139.9,1,,,,0,36.59,0.087,0.037,12,ready,8
2026-10-08 22:40:52.884,328.98,20261008_223523,prim,recovery,10,609,manual,truth,67.7,139.9,1,,,,0,36.63,0.122,0.12,8,ready,8
2026-10-08 22:40:53.084,329.18,20261008_223523,prim,recovery,10,609,manual,truth,67.7,139.9,1,,,,0,36.62,0.119,0.109,8,ready,8
2026-10-08 22:40:53.289,329.38,20261008_223523,prim,recovery,10,609,manual,truth,67.7,139.9,1,,,,0,36.62,0.134,0.118,8,ready,8
2026-10-08 22:40:53.493,329.59,20261008_223523,prim,recovery,10,609,manual,truth,67.7,139.9,1,,,,0,36.62,0.138,0.123,8,ready,8
2026-10-08 22:40:53.700,329.79,20261008_223523,prim,rest,,,,,67.7,139.9,1,,,,0,36.61,0.134,0.118,8,ready,8
2026-10-08 22:40:53.913,330.01,20261008_223523,prim,rest,,,,,67.7,139.9,1,,,,0,36.61,0.17,0.123,8,ready,8
2026-10-08 22:40:54.123,330.22,20261008_223523,prim,rest,,,,,80.5,153.1,1,,,,0,36.61,0.198,0.117,9,ready,8
2026-10-08 22:40:54.323,330.42,20261008_223523,prim,rest,,,,,80.5,153.1,1,,,,0,36.59,0.227,0.112,9,ready,8
2026-10-08 22:40:54.528,330.62,20261008_223523,prim,rest,,,,,80.5,153.6,1,,,,0,36.59,0.307,0.119,10,ready,8
2026-10-08 22:40:54.733,330.83,20261008_223523,prim,rest,,,,,80.5,153.6,1,,,,0,36.6,0.346,0.13,10,ready,8
2026-10-08 22:40:54.946,331.04,20261008_223523,prim,rest,,,,,80.5,153.6,1,,,,0,36.61,0.34,0.126,11,ready,8
2026-10-08 22:40:55.146,331.24,20261008_223523,prim,rest,,,,,80.5,153.6,1,,,,0,36.61,0.342,0.125,11,ready,8
2026-10-08 22:40:55.351,331.44,20261008_223523,prim,rest,,,,,80.5,153.6,1,,,,0,36.62,0.373,0.141,11,ready,8
2026-10-08 22:40:55.554,331.65,20261008_223523,prim,rest,,,,,80.5,153.6,1,,,,0,36.62,0.409,0.166,12,ready,8
2026-10-08 22:40:55.759,331.85,20261008_223523,prim,rest,,,,,86.7,,1,,,,0,36.62,0.436,0.172,12,ready,8
2026-10-08 22:40:55.967,332.06,20261008_223523,prim,rest,,,,,86.7,,1,,,,0,36.62,0.442,0.176,13,ready,8
2026-10-08 22:40:56.171,332.26,20261008_223523,prim,rest,,,,,86.7,,1,,,,0,36.62,0.45,0.181,13,ready,8
2026-10-08 22:40:56.380,332.47,20261008_223523,prim,rest,,,,,86.7,,1,,,,0,36.62,0.424,0.17,14,ready,8
2026-10-08 22:40:56.602,332.69,20261008_223523,prim,rest,,,,,86.7,,1,,,,0,36.63,0.401,0.181,14,ready,8
2026-10-08 22:40:56.803,332.9,20261008_223523,prim,rest,,,,,86.7,,1,,,,0,36.63,0.365,0.173,14,ready,8
2026-10-08 22:40:56.998,333.09,20261008_223523,prim,rest,,,,,86.7,,1,,,,0,36.63,0.331,0.161,14,ready,8
2026-10-08 22:40:57.202,333.29,20261008_223523,prim,rest,,,,,86.7,,1,,,,0,36.63,0.3,0.146,14,ready,8
2026-10-08 22:40:57.412,333.5,20261008_223523,prim,rest,,,,,90.9,,1,,,,0,36.64,0.272,0.133,14,ready,8
2026-10-08 22:40:57.614,333.71,20261008_223523,prim,recovery,11,610,manual,lie,90.9,,1,,,,0,36.64,0.246,0.12,14,ready,8
2026-10-08 22:40:57.813,333.91,20261008_223523,prim,question,11,610,manual,lie,90.9,,1,,,,0,36.63,0.223,0.109,15,question,8
2026-10-08 22:40:58.020,334.11,20261008_223523,prim,question,11,610,manual,lie,90.9,,1,,,,0,36.62,0.202,0.098,15,question,8
2026-10-08 22:40:58.229,334.32,20261008_223523,prim,question,11,610,manual,lie,90.9,,1,,,,0,36.63,0.183,0.089,15,question,8
2026-10-08 22:40:58.440,334.53,20261008_223523,prim,question,11,610,manual,lie,90.9,,1,,,,0,36.63,0.165,0.081,14,question,8
2026-10-08 22:40:58.641,334.73,20261008_223523,prim,question,11,610,manual,lie,90.9,,1,,,,0,36.64,0.15,0.073,14,question,8
2026-10-08 22:40:58.852,334.95,20261008_223523,prim,question,11,610,manual,lie,90.9,,1,,,,0,36.64,0.136,0.067,14,question,8
2026-10-08 22:40:59.055,335.15,20261008_223523,prim,question,11,610,manual,lie,90.9,,1,,,,0,36.64,0.123,0.06,14,question,8
2026-10-08 22:40:59.262,335.35,20261008_223523,prim,question,11,610,manual,lie,90.9,,1,,,,0,36.64,0.112,0.055,14,question,8
2026-10-08 22:40:59.467,335.56,20261008_223523,prim,question,11,610,manual,lie,90.9,,1,,,,0,36.64,0.101,0.049,14,question,8
2026-10-08 22:41:00.081,336.17,20261008_223523,prim,question,11,610,manual,lie,90.9,,1,,,,0,36.64,0.092,0.045,14,question,8
2026-10-08 22:41:00.093,336.19,20261008_223523,prim,question,11,610,manual,lie,90.9,,1,,,,0,36.65,0.083,0.041,14,question,8
2026-10-08 22:41:00.110,336.2,20261008_223523,prim,question,11,610,manual,lie,90.9,,1,,,,0,36.65,0.075,0.037,14,question,8
2026-10-08 22:41:00.287,336.38,20261008_223523,prim,question,11,610,manual,lie,90.9,,1,,,,0,36.65,0.07,0.034,14,question,8
2026-10-08 22:41:00.496,336.59,20261008_223523,prim,question,11,610,manual,lie,90.9,,1,,,,0,36.65,0.064,0.031,14,question,8
2026-10-08 22:41:00.702,336.79,20261008_223523,prim,question,11,610,manual,lie,90.9,,1,,,,0,36.65,0.064,0.031,14,question,8
2026-10-08 22:41:00.900,336.99,20261008_223523,prim,question,11,610,manual,lie,90.9,,1,,,,0,36.61,0.124,0.074,14,question,8
2026-10-08 22:41:01.151,337.24,20261008_223523,prim,question,11,610,manual,lie,90.9,,1,,,,0,36.62,0.157,0.075,14,question,8
2026-10-08 22:41:01.337,337.43,20261008_223523,prim,question,11,610,manual,lie,90.9,,1,,,,0,36.63,0.18,0.106,14,question,8
2026-10-08 22:41:01.539,337.63,20261008_223523,prim,question,11,610,manual,lie,90.9,,1,,,,0,36.64,0.187,0.134,14,question,8
2026-10-08 22:41:01.734,337.83,20261008_223523,prim,question,11,610,manual,lie,93.7,,1,,,,0,36.65,0.173,0.122,14,question,8
2026-10-08 22:41:01.931,338.02,20261008_223523,prim,question,11,610,manual,lie,93.7,,1,,,,0,36.65,0.157,0.111,14,question,8
2026-10-08 22:41:02.123,338.22,20261008_223523,prim,question,11,610,manual,lie,93.7,,1,,,,0,36.66,0.142,0.1,15,question,8
2026-10-08 22:41:02.335,338.43,20261008_223523,prim,question,11,610,manual,lie,93.7,,1,,,,0,36.61,0.145,0.108,15,question,8
2026-10-08 22:41:02.533,338.63,20261008_223523,prim,question,11,610,manual,lie,93.7,,1,,,,0,36.62,0.192,0.114,15,question,8
2026-10-08 22:41:02.845,338.94,20261008_223523,prim,question,11,610,manual,lie,93.7,,1,,,,0,36.62,0.192,0.113,15,question,8
2026-10-08 22:41:02.948,339.04,20261008_223523,prim,question,11,610,manual,lie,93.7,,1,,,,0,36.63,0.189,0.12,15,question,8
2026-10-08 22:41:03.154,339.25,20261008_223523,prim,question,11,610,manual,lie,93.7,,1,,,,0,36.63,0.173,0.109,15,question,8
2026-10-08 22:41:03.354,339.45,20261008_223523,prim,question,11,610,manual,lie,93.7,,1,,,,0,36.61,0.157,0.099,15,question,8
2026-10-08 22:41:03.564,339.66,20261008_223523,prim,question,11,610,manual,lie,93.7,,1,,,,0,36.62,0.143,0.091,15,question,8
2026-10-08 22:41:03.771,339.86,20261008_223523,prim,question,11,610,manual,lie,93.7,,1,,,,0,36.63,0.131,0.085,15,question,8
2026-10-08 22:41:03.968,340.06,20261008_223523,prim,question,11,610,manual,lie,93.7,,1,,,,0,36.63,0.132,0.096,15,question,8
2026-10-08 22:41:04.168,340.26,20261008_223523,prim,question,11,610,manual,lie,93.7,,1,,,,0,36.65,0.144,0.118,15,question,8
2026-10-08 22:41:04.382,340.48,20261008_223523,prim,question,11,610,manual,lie,93.7,,1,,,,0,36.65,0.135,0.108,15,question,8
2026-10-08 22:41:04.578,340.67,20261008_223523,prim,question,11,610,manual,lie,93.7,,1,,,,0,36.66,0.123,0.098,15,question,8
2026-10-08 22:41:04.792,340.88,20261008_223523,prim,question,11,610,manual,lie,93.7,,1,,,,0,36.66,0.117,0.094,15,question,8
2026-10-08 22:41:04.998,341.09,20261008_223523,prim,question,11,610,manual,lie,93.7,,1,,,,0,36.67,0.137,0.107,15,question,8
2026-10-08 22:41:05.200,341.29,20261008_223523,prim,question,11,610,manual,lie,,,1,,,,0,36.67,0.162,0.116,16,question,8
2026-10-08 22:41:05.407,341.5,20261008_223523,prim,question,11,610,manual,lie,,,1,,,,0,36.67,0.224,0.12,18,question,8
2026-10-08 22:41:05.609,341.7,20261008_223523,prim,question,11,610,manual,lie,,,1,,,,0,36.67,0.229,0.125,20,question,8
2026-10-08 22:41:05.917,342.01,20261008_223523,prim,question,11,610,manual,lie,78.2,,1,,,,0,36.68,0.222,0.134,18,question,8
2026-10-08 22:41:06.029,342.12,20261008_223523,prim,question,11,610,manual,lie,131.5,,1,,,,0,36.68,0.202,0.122,21,question,8
2026-10-08 22:41:06.228,342.32,20261008_223523,prim,question,11,610,manual,lie,131.5,,1,,,,0,36.69,0.195,0.119,24,question,8
2026-10-08 22:41:06.429,342.52,20261008_223523,prim,question,11,610,manual,lie,131.5,,1,,,,0,36.69,0.221,0.128,26,question,8
2026-10-08 22:41:06.742,342.83,20261008_223523,prim,question,11,610,manual,lie,131.5,,1,,,,0,36.69,0.216,0.122,28,question,8
2026-10-08 22:41:06.847,342.94,20261008_223523,prim,question,11,610,manual,lie,131.5,,1,,,,0,36.7,0.197,0.112,29,question,8
2026-10-08 22:41:07.050,343.14,20261008_223523,prim,question,11,610,manual,lie,131.5,,1,,,,0,36.7,0.178,0.102,30,question,8
2026-10-08 22:41:07.284,343.38,20261008_223523,prim,question,11,610,manual,lie,131.5,,1,,,,0,36.7,0.161,0.093,31,question,8
2026-10-08 22:41:07.469,343.56,20261008_223523,prim,question,11,610,manual,lie,131.5,,1,,,,0,36.71,0.149,0.088,32,question,8
2026-10-08 22:41:07.673,343.77,20261008_223523,prim,question,11,610,manual,lie,131.5,,1,,,,0,36.71,0.15,0.109,32,question,8
2026-10-08 22:41:07.879,343.97,20261008_223523,prim,question,11,610,manual,lie,131.5,,1,,,,0,36.71,0.15,0.118,33,question,8
2026-10-08 22:41:08.087,344.18,20261008_223523,prim,question,11,610,manual,lie,131.5,,1,,,,0,36.72,0.138,0.108,33,question,8
2026-10-08 22:41:08.289,344.38,20261008_223523,prim,question,11,610,manual,lie,131.5,,1,,,,0,36.72,0.126,0.098,33,question,8
2026-10-08 22:41:08.500,344.59,20261008_223523,prim,question,11,610,manual,lie,131.5,,1,,,,0,36.72,0.126,0.094,33,question,8
2026-10-08 22:41:08.703,344.8,20261008_223523,prim,question,11,610,manual,lie,131.5,,1,,,,0,36.73,0.125,0.112,33,question,8
2026-10-08 22:41:08.909,345.0,20261008_223523,prim,question,11,610,manual,lie,,,1,,,,0,36.73,0.125,0.114,31,question,8
2026-10-08 22:41:09.115,345.21,20261008_223523,prim,question,11,610,manual,lie,,,1,,,,0,36.73,0.113,0.104,29,question,8
2026-10-08 22:41:09.321,345.41,20261008_223523,prim,question,11,610,manual,lie,,,1,,,,0,36.73,0.104,0.094,27,question,8
2026-10-08 22:41:09.543,345.64,20261008_223523,prim,recovery,11,610,manual,lie,64.4,,1,,,,0,36.74,0.102,0.1,22,ready,8
2026-10-08 22:41:09.767,345.86,20261008_223523,prim,recovery,11,610,manual,lie,64.4,,1,,,,0,36.72,0.096,0.093,20,ready,8
2026-10-08 22:41:09.968,346.06,20261008_223523,prim,recovery,11,610,manual,lie,64.4,,1,,,,0,36.72,0.087,0.084,17,ready,8
2026-10-08 22:41:10.156,346.25,20261008_223523,prim,recovery,11,610,manual,lie,64.4,,1,,,,0,36.72,0.081,0.078,15,ready,8
2026-10-08 22:41:10.360,346.45,20261008_223523,prim,recovery,11,610,manual,lie,64.4,,1,,,,0,36.73,0.09,0.094,14,ready,8
2026-10-08 22:41:10.562,346.66,20261008_223523,prim,recovery,11,610,manual,lie,64.9,,1,,,,0,36.73,0.1,0.106,13,ready,8
2026-10-08 22:41:10.760,346.85,20261008_223523,prim,recovery,11,610,manual,lie,64.9,,1,,,,0,36.73,0.095,0.098,12,ready,8
2026-10-08 22:41:12.971,349.06,20261008_223523,prim,recovery,11,610,manual,lie,65.5,,1,,,,0,36.74,0.051,0.049,8,ready,8
2026-10-08 22:41:13.152,349.24,20261008_223523,prim,recovery,11,610,manual,lie,65.5,,1,,,,0,36.75,0.048,0.045,7,ready,8
2026-10-08 22:41:13.357,349.45,20261008_223523,prim,recovery,11,610,manual,lie,65.5,,1,,,,0,36.75,0.116,0.059,7,ready,8
2026-10-08 22:41:13.567,349.66,20261008_223523,prim,recovery,11,610,manual,lie,65.5,,1,,,,0,36.76,0.12,0.061,7,ready,8
2026-10-08 22:41:13.788,349.88,20261008_223523,prim,recovery,11,610,manual,lie,65.5,,1,,,,0,36.76,0.112,0.056,7,ready,8
2026-10-08 22:41:13.994,350.09,20261008_223523,prim,recovery,11,610,manual,lie,65.5,,1,,,,0,36.76,0.094,0.055,7,ready,8
2026-10-08 22:41:14.217,350.31,20261008_223523,prim,recovery,11,610,manual,lie,65.0,,1,,,,0,36.76,0.145,0.072,7,ready,8
2026-10-08 22:41:14.383,350.48,20261008_223523,prim,rest,,,,,65.0,,1,,,,0,36.76,0.137,0.066,7,ready,8
2026-10-08 22:41:14.593,350.69,20261008_223523,prim,rest,,,,,65.0,,1,,,,0,36.77,0.125,0.06,7,ready,8
2026-10-08 22:41:14.797,350.89,20261008_223523,prim,rest,,,,,65.0,,1,,,,0,36.77,0.113,0.054,7,ready,8
2026-10-08 22:41:14.998,351.09,20261008_223523,prim,rest,,,,,65.0,,1,,,,0,36.77,0.104,0.05,7,ready,8
2026-10-08 22:41:15.202,351.29,20261008_223523,prim,rest,,,,,65.0,,1,,,,0,36.77,0.094,0.046,7,ready,9
2026-10-08 22:41:15.409,351.5,20261008_223523,prim,rest,,,,,65.0,,1,,,,0,36.77,0.086,0.047,7,ready,9
2026-10-08 22:41:15.645,351.74,20261008_223523,prim,rest,,,,,65.0,,1,,,,0,36.77,0.08,0.046,7,ready,9
2026-10-08 22:41:15.815,351.91,20261008_223523,prim,rest,,,,,65.0,,1,,,,0,36.77,0.072,0.047,7,ready,9
2026-10-08 22:41:16.053,352.15,20261008_223523,prim,rest,,,,,65.0,,1,,,,0,36.77,0.066,0.043,7,ready,9
2026-10-08 22:41:16.227,352.32,20261008_223523,prim,rest,,,,,65.0,,1,,,,0,36.78,0.061,0.041,7,ready,9
2026-10-08 22:41:16.592,352.68,20261008_223523,prim,rest,,,,,65.0,,1,,,,0,36.78,0.056,0.039,7,ready,9
2026-10-08 22:41:16.637,352.73,20261008_223523,prim,rest,,,,,65.0,,1,,,,0,36.78,0.053,0.037,7,ready,9
2026-10-08 22:41:16.846,352.94,20261008_223523,prim,rest,,,,,65.0,,1,,,,0,36.79,0.054,0.041,7,ready,9
2026-10-08 22:41:17.051,353.14,20261008_223523,prim,rest,,,,,65.0,,1,,,,0,36.78,0.057,0.04,7,ready,9
2026-10-08 22:41:17.291,353.38,20261008_223523,prim,rest,,,,,65.0,,1,,,,0,36.73,0.089,0.048,7,ready,9
2026-10-08 22:41:17.463,353.56,20261008_223523,prim,rest,,,,,65.0,,1,,,,0,36.74,0.199,0.201,7,ready,9
2026-10-08 22:41:17.681,353.77,20261008_223523,prim,rest,,,,,65.0,,1,,,,0,36.75,0.217,0.259,7,ready,9
2026-10-08 22:41:17.882,353.97,20261008_223523,prim,rest,,,,,65.0,,1,,,,0,36.76,0.22,0.387,7,ready,9
2026-10-08 22:41:18.088,354.18,20261008_223523,prim,rest,,,,,65.0,,1,,,,0,36.76,0.224,0.38,7,ready,9
2026-10-08 22:41:18.284,354.38,20261008_223523,prim,rest,,,,,65.0,,1,,,,0,36.74,0.208,0.35,7,ready,9
2026-10-08 22:41:18.481,354.57,20261008_223523,prim,rest,,,,,65.0,,1,,,,0,36.75,0.195,0.319,7,ready,9
2026-10-08 22:41:18.687,354.78,20261008_223523,prim,rest,,,,,65.0,,1,0.074,0.064,0.01,1,36.75,0.179,0.289,7,ready,9
2026-10-08 22:41:18.882,354.98,20261008_223523,prim,rest,,,,,65.0,,1,0.115,0.064,0.05,1,36.75,0.166,0.262,7,ready,9
2026-10-08 22:41:19.087,355.18,20261008_223523,prim,rest,,,,,65.0,,1,,,,0,36.76,0.171,0.255,7,ready,9
2026-10-08 22:41:19.286,355.38,20261008_223523,prim,rest,,,,,65.0,,1,,,,0,36.76,0.168,0.255,7,ready,9
2026-10-08 22:41:19.492,355.59,20261008_223523,prim,rest,,,,,65.0,,1,,,,0,36.77,0.155,0.246,7,ready,9
2026-10-08 22:41:19.701,355.79,20261008_223523,prim,rest,,,,,65.0,,1,,,,0,36.77,0.142,0.227,7,ready,9
2026-10-08 22:41:19.907,356.0,20261008_223523,prim,rest,,,,,65.0,,1,,,,0,36.77,0.13,0.208,7,ready,9
2026-10-08 22:41:20.112,356.21,20261008_223523,prim,rest,,,,,65.0,,1,,,,0,36.78,0.124,0.232,7,ready,9
2026-10-08 22:41:20.320,356.41,20261008_223523,prim,rest,,,,,65.0,,1,,,,0,36.78,0.118,0.221,7,ready,9
2026-10-08 22:41:20.527,356.62,20261008_223523,prim,rest,,,,,65.0,,1,,,,0,36.78,0.167,0.207,7,ready,9
2026-10-08 22:41:20.732,356.83,20261008_223523,prim,rest,,,,,,,1,,,,0,36.79,0.161,0.199,10,ready,8
2026-10-08 22:41:20.941,357.03,20261008_223523,prim,rest,,,,,,,1,,,,0,36.79,0.318,0.247,14,ready,8
2026-10-08 22:41:21.173,357.27,20261008_223523,prim,rest,,,,,,,1,,,,0,36.79,0.327,0.233,17,ready,8
2026-10-08 22:41:21.353,357.45,20261008_223523,prim,rest,,,,,,,1,,,,0,36.79,0.3,0.212,20,ready,9
2026-10-08 22:41:21.562,357.65,20261008_223523,prim,rest,,,,,,,1,,,,0,36.81,0.272,0.193,21,ready,9
2026-10-08 22:41:21.787,357.88,20261008_223523,prim,rest,,,,,,,1,,,,0,36.82,0.247,0.18,22,ready,8
2026-10-08 22:41:21.973,358.07,20261008_223523,prim,rest,,,,,,,1,,,,0,36.82,0.229,0.168,23,ready,8
2026-10-08 22:41:22.182,358.27,20261008_223523,prim,rest,,,,,,,1,,,,0,36.82,0.189,0.141,24,ready,8
2026-10-08 22:41:22.387,358.48,20261008_223523,prim,rest,,,,,,,1,,,,0,36.82,0.172,0.128,23,ready,8
2026-10-08 22:41:22.592,358.69,20261008_223523,prim,rest,,,,,,,1,,,,0,36.82,0.157,0.116,23,ready,8
2026-10-08 22:41:22.798,358.89,20261008_223523,prim,rest,,,,,,,1,,,,0,36.82,0.143,0.107,23,ready,8
2026-10-08 22:41:26.996,363.09,20261008_223523,prim,rest,,,,,44.0,,1,,,,0,36.83,0.041,0.026,7,ready,8
2026-10-08 22:41:27.198,363.29,20261008_223523,prim,rest,,,,,44.0,,1,,,,0,36.83,0.038,0.024,7,ready,8
2026-10-08 22:41:27.406,363.5,20261008_223523,prim,recovery,12,611,manual,truth,44.0,,1,,,,0,36.79,0.038,0.023,6,ready,8
2026-10-08 22:41:27.605,363.7,20261008_223523,prim,question,12,611,manual,truth,44.0,,1,,,,0,36.76,0.035,0.021,6,question,8
2026-10-08 22:41:27.829,363.92,20261008_223523,prim,question,12,611,manual,truth,44.0,,1,,,,0,36.77,0.034,0.021,6,question,8
2026-10-08 22:41:28.025,364.12,20261008_223523,prim,question,12,611,manual,truth,44.0,,1,,,,0,36.78,0.037,0.021,5,question,8
2026-10-08 22:41:28.221,364.31,20261008_223523,prim,question,12,611,manual,truth,44.0,,1,,,,0,36.79,0.037,0.022,5,question,8
2026-10-08 22:41:28.424,364.52,20261008_223523,prim,question,12,611,manual,truth,44.0,,1,,,,0,36.79,0.038,0.024,5,question,8
2026-10-08 22:41:28.621,364.71,20261008_223523,prim,question,12,611,manual,truth,44.0,,1,,,,0,36.81,0.035,0.023,5,question,8
2026-10-08 22:41:28.826,364.92,20261008_223523,prim,question,12,611,manual,truth,44.0,,1,,,,0,36.82,0.033,0.021,5,question,8
2026-10-08 22:41:29.033,365.13,20261008_223523,prim,question,12,611,manual,truth,44.0,,1,,,,0,36.82,0.032,0.02,5,question,8
2026-10-08 22:41:29.242,365.34,20261008_223523,prim,question,12,611,manual,truth,44.0,,1,,,,0,36.82,0.034,0.021,5,question,8
2026-10-08 22:41:29.446,365.54,20261008_223523,prim,question,12,611,manual,truth,44.0,,1,,,,0,36.83,0.035,0.021,5,question,8
2026-10-08 22:41:29.650,365.74,20261008_223523,prim,question,12,611,manual,truth,44.0,,1,,,,0,36.83,0.038,0.021,4,question,8
2026-10-08 22:41:29.855,365.95,20261008_223523,prim,question,12,611,manual,truth,44.0,,1,,,,0,36.83,0.042,0.021,4,question,8
2026-10-08 22:41:30.062,366.15,20261008_223523,prim,question,12,611,manual,truth,44.0,,1,,,,0,36.84,0.049,0.03,4,question,8
2026-10-08 22:41:30.265,366.36,20261008_223523,prim,question,12,611,manual,truth,44.0,,1,,,,0,36.84,0.049,0.031,4,question,8
2026-10-08 22:41:30.496,366.59,20261008_223523,prim,question,12,611,manual,truth,44.0,,1,,,,0,36.85,0.052,0.03,4,question,8
2026-10-08 22:41:30.697,366.79,20261008_223523,prim,question,12,611,manual,truth,44.0,,1,,,,0,36.85,0.059,0.034,4,question,8
2026-10-08 22:41:30.880,366.97,20261008_223523,prim,question,12,611,manual,truth,48.0,,1,,,,0,36.85,0.056,0.038,4,question,8
2026-10-08 22:41:31.085,367.18,20261008_223523,prim,question,12,611,manual,truth,48.0,,1,,,,0,36.85,0.051,0.035,4,question,8
2026-10-08 22:41:31.291,367.38,20261008_223523,prim,question,12,611,manual,truth,48.0,,1,,,,0,36.85,0.048,0.034,4,question,9
2026-10-08 22:41:31.516,367.61,20261008_223523,prim,question,12,611,manual,truth,48.0,,1,,,,0,36.86,0.046,0.032,4,question,8
2026-10-08 22:41:31.704,367.8,20261008_223523,prim,question,12,611,manual,truth,48.0,,1,,,,0,36.86,0.043,0.03,4,question,9
2026-10-08 22:41:31.908,368.0,20261008_223523,prim,question,12,611,manual,truth,48.0,,1,,,,0,36.86,0.04,0.027,4,question,8
2026-10-08 22:41:32.113,368.21,20261008_223523,prim,question,12,611,manual,truth,48.0,,1,,,,0,36.86,0.038,0.026,4,question,8
2026-10-08 22:41:32.325,368.42,20261008_223523,prim,question,12,611,manual,truth,48.0,,1,,,,0,36.86,0.035,0.023,4,question,8
2026-10-08 22:41:32.526,368.62,20261008_223523,prim,question,12,611,manual,truth,44.0,,1,,,,0,36.86,0.034,0.021,4,question,8
2026-10-08 22:41:32.723,368.82,20261008_223523,prim,question,12,611,manual,truth,44.0,,1,,,,0,36.86,0.037,0.021,4,question,8
2026-10-08 22:41:32.924,369.02,20261008_223523,prim,question,12,611,manual,truth,44.0,,1,,,,0,36.86,0.034,0.019,4,question,8
2026-10-08 22:41:33.123,369.22,20261008_223523,prim,question,12,611,manual,truth,44.0,,1,,,,0,36.86,0.033,0.019,4,question,8
2026-10-08 22:41:33.324,369.42,20261008_223523,prim,question,12,611,manual,truth,44.0,,1,,,,0,36.86,0.031,0.017,4,question,8
2026-10-08 22:41:33.528,369.62,20261008_223523,prim,question,12,611,manual,truth,52.7,,1,,,,0,36.86,0.03,0.017,4,question,8
2026-10-08 22:41:33.724,369.82,20261008_223523,prim,question,12,611,manual,truth,52.7,,1,,,,0,36.86,0.027,0.015,4,question,8
2026-10-08 22:41:33.928,370.02,20261008_223523,prim,question,12,611,manual,truth,52.7,,1,,,,0,36.86,0.026,0.014,5,question,8
2026-10-08 22:41:34.135,370.23,20261008_223523,prim,question,12,611,manual,truth,52.7,,1,,,,0,36.86,0.024,0.013,5,question,8
2026-10-08 22:41:34.338,370.43,20261008_223523,prim,question,12,611,manual,truth,52.7,,1,,,,0,36.86,0.024,0.012,5,question,8
2026-10-08 22:41:34.542,370.63,20261008_223523,prim,question,12,611,manual,truth,52.7,463.1,1,,,,0,36.86,0.029,0.012,5,question,8
2026-10-08 22:41:34.752,370.84,20261008_223523,prim,question,12,611,manual,truth,52.7,463.1,1,,,,0,36.86,0.032,0.017,5,question,8
2026-10-08 22:41:34.956,371.05,20261008_223523,prim,question,12,611,manual,truth,52.7,463.1,1,,,,0,36.86,0.03,0.016,5,question,8
2026-10-08 22:41:35.161,371.25,20261008_223523,prim,question,12,611,manual,truth,52.7,463.1,1,,,,0,36.86,0.031,0.019,5,question,8
2026-10-08 22:41:35.365,371.46,20261008_223523,prim,question,12,611,manual,truth,52.7,463.1,1,,,,0,36.86,0.034,0.02,5,question,8
2026-10-08 22:41:35.572,371.66,20261008_223523,prim,question,12,611,manual,truth,52.7,463.1,1,,,,0,36.87,0.034,0.019,5,question,9
2026-10-08 22:41:35.786,371.88,20261008_223523,prim,question,12,611,manual,truth,52.7,449.1,1,,,,0,36.87,0.033,0.018,5,question,9
2026-10-08 22:41:35.987,372.08,20261008_223523,prim,question,12,611,manual,truth,52.7,449.1,1,,,,0,36.87,0.032,0.017,5,question,9
2026-10-08 22:41:36.195,372.29,20261008_223523,prim,question,12,611,manual,truth,52.7,449.1,1,,,,0,36.87,0.036,0.023,5,question,9
2026-10-08 22:41:36.402,372.49,20261008_223523,prim,question,12,611,manual,truth,52.7,449.1,1,,,,0,36.87,0.037,0.024,5,question,9
2026-10-08 22:41:36.612,372.7,20261008_223523,prim,question,12,611,manual,truth,52.7,449.1,1,,,,0,36.87,0.035,0.023,5,question,9
2026-10-08 22:41:36.821,372.91,20261008_223523,prim,question,12,611,manual,truth,51.3,411.4,1,,,,0,36.88,0.037,0.026,5,question,9
2026-10-08 22:41:37.021,373.11,20261008_223523,prim,question,12,611,manual,truth,51.3,411.4,1,,,,0,36.88,0.043,0.025,5,question,9
2026-10-08 22:41:37.231,373.32,20261008_223523,prim,question,12,611,manual,truth,51.3,411.4,1,,,,0,36.88,0.046,0.026,5,question,9
2026-10-08 22:41:37.434,373.53,20261008_223523,prim,question,12,611,manual,truth,51.3,411.4,1,,,,0,36.88,0.045,0.025,5,question,9
2026-10-08 22:41:37.643,373.74,20261008_223523,prim,question,12,611,manual,truth,51.3,411.4,1,,,,0,36.88,0.043,0.026,5,question,9
2026-10-08 22:41:37.883,373.98,20261008_223523,prim,question,12,611,manual,truth,51.3,411.4,1,,,,0,36.88,0.048,0.025,5,question,9
2026-10-08 22:41:38.090,374.18,20261008_223523,prim,question,12,611,manual,truth,51.3,411.4,1,,,,0,36.88,0.046,0.024,5,question,9
2026-10-08 22:41:38.295,374.39,20261008_223523,prim,question,12,611,manual,truth,51.3,411.4,1,,,,0,36.9,0.041,0.022,5,question,9
2026-10-08 22:41:38.491,374.58,20261008_223523,prim,question,12,611,manual,truth,51.3,411.4,1,,,,0,36.89,0.039,0.021,5,question,9
2026-10-08 22:41:38.686,374.78,20261008_223523,prim,question,12,611,manual,truth,51.3,411.4,1,,,,0,36.9,0.036,0.019,5,question,9
2026-10-08 22:41:38.900,374.99,20261008_223523,prim,question,12,611,manual,truth,51.3,411.4,1,,,,0,36.9,0.033,0.017,5,question,9
2026-10-08 22:41:39.111,375.2,20261008_223523,prim,question,12,611,manual,truth,51.3,411.4,1,,,,0,36.9,0.031,0.016,5,question,9
2026-10-08 22:41:39.317,375.41,20261008_223523,prim,recovery,12,611,manual,truth,51.3,411.4,1,,,,0,36.9,0.03,0.016,5,ready,9
2026-10-08 22:41:39.516,375.61,20261008_223523,prim,recovery,12,611,manual,truth,51.3,411.4,1,,,,0,36.9,0.028,0.014,5,ready,9
2026-10-08 22:41:39.731,375.82,20261008_223523,prim,recovery,12,611,manual,truth,51.3,411.4,1,,,,0,36.9,0.027,0.014,5,ready,9
2026-10-08 22:41:39.925,376.02,20261008_223523,prim,recovery,12,611,manual,truth,51.3,411.4,1,,,,0,36.89,0.025,0.013,5,ready,9
2026-10-08 22:41:40.136,376.23,20261008_223523,prim,recovery,12,611,manual,truth,51.3,411.4,1,,,,0,36.89,0.023,0.012,5,ready,9
2026-10-08 22:41:40.342,376.43,20261008_223523,prim,recovery,12,611,manual,truth,51.3,411.4,1,,,,0,36.89,0.022,0.011,5,ready,9
2026-10-08 22:41:40.541,376.63,20261008_223523,prim,recovery,12,611,manual,truth,51.3,411.4,1,,,,0,36.89,0.023,0.012,5,ready,9
2026-10-08 22:41:40.732,376.83,20261008_223523,prim,recovery,12,611,manual,truth,51.3,411.4,1,,,,0,36.89,0.024,0.013,5,ready,9
2026-10-08 22:41:40.944,377.04,20261008_223523,prim,recovery,12,611,manual,truth,51.3,411.4,1,,,,0,36.89,0.025,0.014,5,ready,9
2026-10-08 22:41:41.149,377.24,20261008_223523,prim,recovery,12,611,manual,truth,51.3,411.4,1,,,,0,36.9,0.024,0.014,5,ready,9
2026-10-08 22:41:41.357,377.45,20261008_223523,prim,recovery,12,611,manual,truth,51.3,411.4,1,,,,0,36.86,0.025,0.014,5,ready,9
2026-10-08 22:41:41.566,377.66,20261008_223523,prim,recovery,12,611,manual,truth,51.3,411.4,1,,,,0,36.87,0.031,0.014,5,ready,9
2026-10-08 22:41:41.769,377.86,20261008_223523,prim,recovery,12,611,manual,truth,51.3,411.4,1,,,,0,36.87,0.042,0.024,5,ready,9
2026-10-08 22:41:41.969,378.06,20261008_223523,prim,recovery,12,611,manual,truth,51.3,411.4,1,,,,0,36.87,0.04,0.028,5,ready,9
2026-10-08 22:41:42.181,378.27,20261008_223523,prim,recovery,12,611,manual,truth,59.9,411.4,1,,,,0,36.88,0.038,0.027,5,ready,9
2026-10-08 22:41:42.386,378.48,20261008_223523,prim,recovery,12,611,manual,truth,59.9,411.4,1,,,,0,36.88,0.036,0.029,5,ready,9
2026-10-08 22:41:42.678,378.77,20261008_223523,prim,recovery,12,611,manual,truth,59.9,411.4,1,,,,0,36.88,0.033,0.027,5,ready,9
2026-10-08 22:41:42.799,378.89,20261008_223523,prim,recovery,12,611,manual,truth,59.9,411.4,1,,,,0,36.88,0.032,0.025,5,ready,9
2026-10-08 22:41:43.006,379.1,20261008_223523,prim,recovery,12,611,manual,truth,69.4,382.4,1,,,,0,36.89,0.038,0.023,6,ready,9
2026-10-08 22:41:43.216,379.31,20261008_223523,prim,recovery,12,611,manual,truth,69.4,382.4,1,,,,0,36.89,0.039,0.025,6,ready,9
2026-10-08 22:41:43.419,379.51,20261008_223523,prim,recovery,12,611,manual,truth,69.4,382.4,1,,,,0,36.89,0.037,0.023,6,ready,9
2026-10-08 22:41:43.632,379.72,20261008_223523,prim,rest,,,,,69.4,382.4,1,,,,0,36.89,0.034,0.022,7,ready,9
2026-10-08 22:41:43.831,379.92,20261008_223523,prim,rest,,,,,69.4,382.4,1,,,,0,36.89,0.035,0.021,7,ready,9
2026-10-08 22:41:44.038,380.13,20261008_223523,prim,rest,,,,,69.0,359.3,1,,,,0,36.89,0.04,0.029,7,ready,9
2026-10-08 22:41:44.246,380.34,20261008_223523,prim,rest,,,,,69.0,359.3,1,,,,0,36.89,0.039,0.028,7,ready,8
2026-10-08 22:41:44.452,380.54,20261008_223523,prim,rest,,,,,69.0,359.3,1,,,,0,36.89,0.037,0.026,7,ready,8
2026-10-08 22:41:44.656,380.75,20261008_223523,prim,rest,,,,,69.0,359.3,1,,,,0,36.9,0.034,0.024,7,ready,8
2026-10-08 22:41:44.861,380.95,20261008_223523,prim,rest,,,,,69.0,359.3,1,,,,0,36.9,0.032,0.022,7,ready,9
2026-10-08 22:41:45.080,381.17,20261008_223523,prim,rest,,,,,69.0,359.3,1,,,,0,36.9,0.03,0.021,7,ready,9
2026-10-08 22:41:45.270,381.36,20261008_223523,prim,rest,,,,,69.4,359.3,1,,,,0,36.86,0.028,0.019,7,ready,9
2026-10-08 22:41:45.472,381.57,20261008_223523,prim,rest,,,,,69.4,359.3,1,,,,0,36.89,0.027,0.018,7,ready,9
2026-10-08 22:41:45.682,381.77,20261008_223523,prim,rest,,,,,69.4,359.3,1,,,,0,36.87,0.026,0.017,7,ready,9
2026-10-08 22:41:45.882,381.97,20261008_223523,prim,rest,,,,,70.5,315.4,1,,,,0,36.88,0.024,0.015,7,ready,9
2026-10-08 22:41:46.083,382.18,20261008_223523,prim,rest,,,,,70.5,315.4,1,,,,0,36.88,0.024,0.015,7,ready,9
2026-10-08 22:41:46.287,382.38,20261008_223523,prim,rest,,,,,70.5,315.4,1,,,,0,36.89,0.024,0.014,8,ready,9
2026-10-08 22:41:46.495,382.59,20261008_223523,prim,rest,,,,,70.5,315.4,1,,,,0,36.89,0.023,0.015,8,ready,9
2026-10-08 22:41:46.697,382.79,20261008_223523,prim,rest,,,,,70.5,315.4,1,,,,0,36.89,0.023,0.014,8,ready,9
2026-10-08 22:41:46.904,383.0,20261008_223523,prim,rest,,,,,70.5,316.6,1,,,,0,36.9,0.022,0.013,8,ready,9
2026-10-08 22:41:47.107,383.2,20261008_223523,prim,rest,,,,,70.5,316.6,1,,,,0,36.91,0.022,0.012,8,ready,9
2026-10-08 22:41:47.316,383.41,20261008_223523,prim,recovery,13,612,manual,truth,70.5,316.6,1,,,,0,36.92,0.026,0.013,8,ready,9
2026-10-08 22:41:47.523,383.62,20261008_223523,prim,question,13,612,manual,truth,70.5,316.6,1,,,,0,36.92,0.026,0.016,8,question,9
2026-10-08 22:41:47.730,383.82,20261008_223523,prim,question,13,612,manual,truth,70.5,316.6,1,,,,0,36.93,0.024,0.015,8,question,9
2026-10-08 22:41:47.931,384.02,20261008_223523,prim,question,13,612,manual,truth,70.5,316.6,1,,,,0,36.93,0.023,0.014,8,question,9
2026-10-08 22:41:48.139,384.23,20261008_223523,prim,question,13,612,manual,truth,70.5,316.6,1,,,,0,36.94,0.023,0.015,8,question,9
2026-10-08 22:41:48.354,384.45,20261008_223523,prim,question,13,612,manual,truth,70.5,316.6,1,,,,0,36.94,0.024,0.015,8,question,9
2026-10-08 22:41:48.561,384.65,20261008_223523,prim,question,13,612,manual,truth,70.5,316.6,1,,,,0,36.95,0.023,0.015,8,question,9
2026-10-08 22:41:48.767,384.86,20261008_223523,prim,question,13,612,manual,truth,70.5,316.6,1,,,,0,36.95,0.021,0.014,8,question,9
2026-10-08 22:41:48.967,385.06,20261008_223523,prim,question,13,612,manual,truth,70.5,316.6,1,,,,0,36.94,0.021,0.013,8,question,9
2026-10-08 22:41:49.179,385.27,20261008_223523,prim,question,13,612,manual,truth,70.5,316.6,1,,,,0,36.94,0.021,0.012,8,question,9
2026-10-08 22:41:49.393,385.49,20261008_223523,prim,question,13,612,manual,truth,70.5,295.4,1,,,,0,36.94,0.019,0.011,8,question,9
2026-10-08 22:41:49.598,385.69,20261008_223523,prim,question,13,612,manual,truth,70.5,295.4,1,,,,0,36.94,0.017,0.011,8,question,9
2026-10-08 22:41:49.796,385.89,20261008_223523,prim,question,13,612,manual,truth,70.5,295.4,1,,,,0,36.95,0.017,0.01,8,question,9
2026-10-08 22:41:50.000,386.09,20261008_223523,prim,question,13,612,manual,truth,70.5,295.4,1,,,,0,36.96,0.017,0.01,8,question,9
2026-10-08 22:41:50.204,386.3,20261008_223523,prim,question,13,612,manual,truth,70.5,295.4,1,,,,0,36.96,0.016,0.009,8,question,9
2026-10-08 22:41:50.413,386.51,20261008_223523,prim,question,13,612,manual,truth,70.5,228.2,1,,,,0,36.97,0.016,0.009,8,question,9
2026-10-08 22:41:50.620,386.71,20261008_223523,prim,question,13,612,manual,truth,70.5,228.2,1,,,,0,36.97,0.017,0.009,8,question,9
2026-10-08 22:41:50.821,386.91,20261008_223523,prim,question,13,612,manual,truth,70.5,228.2,1,,,,0,36.98,0.017,0.009,8,question,9
2026-10-08 22:41:51.044,387.14,20261008_223523,prim,question,13,612,manual,truth,94.1,238.7,1,,,,0,36.98,0.018,0.008,9,question,9
2026-10-08 22:41:51.236,387.33,20261008_223523,prim,question,13,612,manual,truth,94.1,238.7,1,,,,0,36.98,0.017,0.009,10,question,9
2026-10-08 22:41:51.446,387.54,20261008_223523,prim,question,13,612,manual,truth,94.1,238.7,1,,,,0,36.99,0.018,0.009,11,question,9
2026-10-08 22:41:51.647,387.74,20261008_223523,prim,question,13,612,manual,truth,94.1,196.5,1,,,,0,36.99,0.018,0.01,11,question,9
2026-10-08 22:41:51.849,387.94,20261008_223523,prim,question,13,612,manual,truth,94.1,196.5,1,,,,0,36.99,0.016,0.01,12,question,9
2026-10-08 22:41:52.046,388.14,20261008_223523,prim,question,13,612,manual,truth,94.1,196.5,1,,,,0,36.99,0.019,0.011,12,question,9
2026-10-08 22:41:52.255,388.35,20261008_223523,prim,question,13,612,manual,truth,94.1,196.5,1,,,,0,36.99,0.028,0.016,13,question,9
2026-10-08 22:41:52.459,388.55,20261008_223523,prim,question,13,612,manual,truth,96.5,207.7,1,,,,0,37.0,0.029,0.019,13,question,9
2026-10-08 22:41:52.663,388.76,20261008_223523,prim,question,13,612,manual,truth,96.5,207.7,1,,,,0,37.0,0.027,0.018,13,question,9
2026-10-08 22:41:52.866,388.96,20261008_223523,prim,question,13,612,manual,truth,96.5,207.7,1,,,,0,37.0,0.026,0.016,14,question,9
2026-10-08 22:41:53.083,389.18,20261008_223523,prim,question,13,612,manual,truth,96.5,207.7,1,,,,0,37.0,0.024,0.016,14,question,9
2026-10-08 22:41:53.274,389.37,20261008_223523,prim,question,13,612,manual,truth,96.5,207.7,1,,,,0,37.0,0.023,0.015,14,question,9
2026-10-08 22:41:53.477,389.57,20261008_223523,prim,question,13,612,manual,truth,96.5,207.7,1,,,,0,37.0,0.021,0.014,14,question,9
2026-10-08 22:41:53.685,389.78,20261008_223523,prim,question,13,612,manual,truth,96.5,207.7,1,,,,0,37.02,0.02,0.013,14,question,9
2026-10-08 22:41:53.905,390.0,20261008_223523,prim,question,13,612,manual,truth,96.5,207.7,1,,,,0,37.02,0.02,0.012,14,question,9
2026-10-08 22:41:54.098,390.19,20261008_223523,prim,question,13,612,manual,truth,,,1,,,,0,37.03,0.019,0.011,15,question,9
2026-10-08 22:41:54.298,390.39,20261008_223523,prim,question,13,612,manual,truth,,,1,,,,0,37.03,0.018,0.01,15,question,9
2026-10-08 22:41:54.509,390.6,20261008_223523,prim,question,13,612,manual,truth,142.8,,1,,,,0,37.02,0.019,0.01,19,question,9
2026-10-08 22:41:54.715,390.81,20261008_223523,prim,question,13,612,manual,truth,142.8,,1,,,,0,37.03,0.021,0.01,23,question,9
2026-10-08 22:41:54.918,391.01,20261008_223523,prim,question,13,612,manual,truth,150.3,,1,,,,0,37.02,0.02,0.009,27,question,9
2026-10-08 22:41:55.128,391.22,20261008_223523,prim,question,13,612,manual,truth,150.3,,1,,,,0,36.98,0.019,0.009,30,question,9
2026-10-08 22:41:55.332,391.42,20261008_223523,prim,question,13,612,manual,truth,150.3,,1,,,,0,36.98,0.017,0.008,33,question,9
2026-10-08 22:41:55.547,391.64,20261008_223523,prim,question,13,612,manual,truth,150.3,,1,,,,0,36.99,0.018,0.01,35,question,9
2026-10-08 22:41:55.752,391.85,20261008_223523,prim,question,13,612,manual,truth,150.3,,1,,,,0,36.99,0.018,0.011,37,question,9
2026-10-08 22:41:55.967,392.06,20261008_223523,prim,question,13,612,manual,truth,144.2,,1,,,,0,36.99,0.017,0.01,38,question,9
2026-10-08 22:41:56.161,392.25,20261008_223523,prim,question,13,612,manual,truth,144.2,,1,,,,0,36.99,0.017,0.01,38,question,9
2026-10-08 22:41:56.368,392.46,20261008_223523,prim,question,13,612,manual,truth,138.6,,1,,,,0,36.99,0.016,0.009,38,question,9
2026-10-08 22:41:56.569,392.66,20261008_223523,prim,question,13,612,manual,truth,138.6,,1,,,,0,37.0,0.016,0.01,38,question,9
2026-10-08 22:41:56.808,392.9,20261008_223523,prim,question,13,612,manual,truth,138.6,,1,,,,0,37.0,0.016,0.01,38,question,9
2026-10-08 22:41:56.991,393.08,20261008_223523,prim,question,13,612,manual,truth,138.6,,1,,,,0,37.0,0.016,0.01,37,question,9
2026-10-08 22:41:57.195,393.29,20261008_223523,prim,question,13,612,manual,truth,138.6,,1,,,,0,37.0,0.018,0.011,37,question,9
2026-10-08 22:41:57.403,393.5,20261008_223523,prim,question,13,612,manual,truth,138.6,,1,,,,0,37.0,0.024,0.012,37,question,9
2026-10-08 22:41:57.614,393.71,20261008_223523,prim,question,13,612,manual,truth,138.6,,1,,,,0,37.0,0.029,0.013,37,question,9
2026-10-08 22:41:57.888,393.98,20261008_223523,prim,question,13,612,manual,truth,138.6,,1,,,,0,37.01,0.027,0.012,37,question,9
2026-10-08 22:41:58.023,394.12,20261008_223523,prim,question,13,612,manual,truth,138.6,,1,,,,0,37.01,0.025,0.011,37,question,9
2026-10-08 22:41:58.237,394.33,20261008_223523,prim,question,13,612,manual,truth,138.6,,1,,,,0,37.01,0.024,0.011,37,question,9
2026-10-08 22:41:58.437,394.53,20261008_223523,prim,question,13,612,manual,truth,153.7,,1,,,,0,37.03,0.026,0.012,39,question,9
2026-10-08 22:41:58.637,394.73,20261008_223523,prim,question,13,612,manual,truth,153.7,,1,,,,0,37.02,0.024,0.011,41,question,9
2026-10-08 22:41:58.846,394.94,20261008_223523,prim,question,13,612,manual,truth,138.6,56.0,1,,,,0,37.03,0.022,0.011,41,question,9
2026-10-08 22:41:59.053,395.15,20261008_223523,prim,question,13,612,manual,truth,138.6,56.0,1,,,,0,37.03,0.025,0.013,40,question,9
2026-10-08 22:41:59.260,395.35,20261008_223523,prim,recovery,13,612,manual,truth,138.6,56.0,1,,,,0,37.04,0.024,0.012,40,ready,9
2026-10-08 22:41:59.460,395.55,20261008_223523,prim,recovery,13,612,manual,truth,138.6,56.0,1,,,,0,37.04,0.024,0.014,39,ready,9
2026-10-08 22:41:59.928,396.02,20261008_223523,prim,recovery,13,612,manual,truth,138.6,56.0,1,,,,0,37.04,0.024,0.014,39,ready,9
2026-10-08 22:41:59.929,396.02,20261008_223523,prim,recovery,13,612,manual,truth,138.6,56.0,1,,,,0,37.04,0.023,0.015,39,ready,9
2026-10-08 22:42:00.073,396.17,20261008_223523,prim,recovery,13,612,manual,truth,138.6,56.0,1,,,,0,37.04,0.024,0.014,38,ready,9
2026-10-08 22:42:00.288,396.38,20261008_223523,prim,recovery,13,612,manual,truth,138.6,56.0,1,,,,0,37.04,0.023,0.013,38,ready,9
2026-10-08 22:42:00.490,396.58,20261008_223523,prim,rest,,,,,138.6,56.0,1,,,,0,37.04,0.021,0.012,38,ready,9
2026-10-08 22:42:00.701,396.79,20261008_223523,prim,rest,,,,,138.6,56.0,1,,,,0,37.01,0.02,0.012,38,ready,9
2026-10-08 22:42:00.913,397.01,20261008_223523,prim,rest,,,,,138.6,56.0,1,,,,0,37.02,0.019,0.013,37,ready,9
2026-10-08 22:42:01.108,397.2,20261008_223523,prim,rest,,,,,138.6,56.0,1,,,,0,37.03,0.019,0.012,37,ready,9
2026-10-08 22:42:01.313,397.41,20261008_223523,prim,rest,,,,,,,1,,,,0,37.04,0.023,0.012,33,ready,9
2026-10-08 22:42:01.518,397.61,20261008_223523,prim,rest,,,,,,,1,,,,0,37.04,0.027,0.015,30,ready,9
2026-10-08 22:42:01.729,397.82,20261008_223523,prim,rest,,,,,,,1,,,,0,37.05,0.027,0.018,28,ready,9
2026-10-08 22:42:01.928,398.02,20261008_223523,prim,rest,,,,,65.4,,1,,,,0,37.05,0.027,0.017,24,ready,9
2026-10-08 22:42:02.132,398.22,20261008_223523,prim,rest,,,,,65.4,,1,,,,0,37.06,0.026,0.018,21,ready,9
2026-10-08 22:42:02.694,398.79,20261008_223523,prim,rest,,,,,65.4,,1,,,,0,37.06,0.025,0.017,18,ready,9
2026-10-08 22:42:02.695,398.79,20261008_223523,prim,rest,,,,,65.4,,1,,,,0,37.07,0.027,0.019,16,ready,9
2026-10-08 22:42:02.754,398.85,20261008_223523,prim,rest,,,,,88.2,,1,,,,0,37.07,0.038,0.021,15,ready,9
2026-10-08 22:42:03.010,399.1,20261008_223523,prim,rest,,,,,88.2,,1,,,,0,37.07,0.04,0.025,15,ready,9
2026-10-08 22:42:03.180,399.27,20261008_223523,prim,rest,,,,,88.2,,1,,,,0,37.07,0.037,0.024,14,ready,9
2026-10-08 22:42:03.377,399.47,20261008_223523,prim,rest,,,,,88.2,,1,,,,0,37.08,0.035,0.022,14,ready,9
2026-10-08 22:42:03.579,399.67,20261008_223523,prim,rest,,,,,78.7,,1,,,,0,37.08,0.036,0.024,13,ready,9
2026-10-08 22:42:03.792,399.88,20261008_223523,prim,rest,,,,,78.7,,1,,,,0,37.08,0.034,0.023,13,ready,9
2026-10-08 22:42:03.997,400.09,20261008_223523,prim,rest,,,,,78.7,,1,,,,0,37.07,0.05,0.028,12,ready,9
2026-10-08 22:42:04.203,400.3,20261008_223523,prim,rest,,,,,88.2,369.3,1,,,,0,37.07,0.059,0.026,12,ready,9
2026-10-08 22:42:04.409,400.5,20261008_223523,prim,rest,,,,,88.2,369.3,1,,,,0,37.07,0.062,0.027,12,ready,9
2026-10-08 22:42:04.638,400.73,20261008_223523,prim,rest,,,,,88.2,369.3,1,,,,0,37.08,0.078,0.029,12,ready,9
2026-10-08 22:42:04.825,400.92,20261008_223523,prim,rest,,,,,88.2,369.3,1,,,,0,37.09,0.087,0.028,12,ready,9
2026-10-08 22:42:05.050,401.14,20261008_223523,prim,rest,,,,,88.2,351.0,1,,,,0,37.08,0.081,0.028,12,ready,9
2026-10-08 22:42:05.230,401.32,20261008_223523,prim,rest,,,,,88.2,351.0,1,,,,0,37.09,0.076,0.029,12,ready,9
2026-10-08 22:42:05.439,401.53,20261008_223523,prim,rest,,,,,88.2,351.0,1,,,,0,37.09,0.085,0.033,12,ready,9
2026-10-08 22:42:05.732,401.82,20261008_223523,prim,rest,,,,,88.2,353.1,1,,,,0,37.09,0.084,0.044,13,ready,9
2026-10-08 22:42:05.847,401.94,20261008_223523,prim,rest,,,,,88.2,353.1,1,,,,0,37.1,0.171,0.068,13,ready,9
2026-10-08 22:42:06.059,402.15,20261008_223523,prim,rest,,,,,88.2,353.1,1,,,,0,37.1,0.182,0.083,13,ready,9
2026-10-08 22:42:06.271,402.36,20261008_223523,prim,rest,,,,,93.8,331.3,1,,,,0,37.1,0.176,0.099,13,ready,9
2026-10-08 22:42:06.471,402.56,20261008_223523,prim,rest,,,,,93.8,331.3,1,,,,0,37.1,0.159,0.098,14,ready,9
2026-10-08 22:42:06.684,402.78,20261008_223523,prim,rest,,,,,100.9,315.3,1,,,,0,37.1,0.147,0.089,14,ready,9
2026-10-08 22:42:06.880,402.97,20261008_223523,prim,rest,,,,,100.9,315.3,1,,,,0,37.1,0.359,0.308,16,ready,9
2026-10-08 22:42:07.091,403.18,20261008_223523,prim,rest,,,,,100.9,315.3,1,,,,0,37.1,0.349,0.295,16,ready,9
2026-10-08 22:42:07.334,403.43,20261008_223523,prim,rest,,,,,100.9,315.3,1,,,,0,37.11,0.333,0.549,18,ready,9
2026-10-08 22:42:07.509,403.6,20261008_223523,prim,rest,,,,,115.5,315.3,1,,,,0,37.11,0.32,0.797,19,ready,9
2026-10-08 22:42:07.711,403.8,20261008_223523,prim,rest,,,,,115.5,315.3,1,,,,0,37.1,0.295,0.766,21,ready,9
2026-10-08 22:42:07.920,404.01,20261008_223523,prim,rest,,,,,120.8,297.7,1,,,,0,37.1,0.276,0.698,22,ready,9
2026-10-08 22:42:08.129,404.22,20261008_223523,prim,rest,,,,,120.8,297.7,1,,,,0,37.1,0.299,0.72,24,ready,9
2026-10-08 22:42:08.332,404.42,20261008_223523,prim,rest,,,,,120.8,297.7,1,,,,0,37.1,0.313,0.658,25,ready,9
2026-10-08 22:42:08.539,404.63,20261008_223523,prim,rest,,,,,115.5,284.4,1,,,,0,37.1,0.292,0.674,25,ready,9
2026-10-08 22:42:08.749,404.84,20261008_223523,prim,rest,,,,,115.5,284.4,1,,,,0,37.1,0.266,0.696,26,ready,9
2026-10-08 22:42:08.954,405.05,20261008_223523,prim,rest,,,,,126.2,193.9,1,,,,0,37.1,0.252,0.676,27,ready,9
2026-10-08 22:42:09.158,405.25,20261008_223523,prim,rest,,,,,126.2,193.9,1,,,,0,37.06,0.246,0.627,28,ready,9
2026-10-08 22:42:09.386,405.48,20261008_223523,prim,rest,,,,,127.1,192.2,1,,,,0,37.07,0.229,0.573,29,ready,9
2026-10-08 22:42:09.572,405.66,20261008_223523,prim,rest,,,,,127.1,192.2,1,,,,0,37.08,0.218,0.529,30,ready,9
2026-10-08 22:42:09.782,405.87,20261008_223523,prim,rest,,,,,127.1,192.2,1,,,,0,37.08,0.203,0.481,30,ready,9
2026-10-08 22:42:09.989,406.08,20261008_223523,prim,rest,,,,,127.1,192.2,1,,,,0,37.09,0.185,0.462,31,ready,9
2026-10-08 22:42:10.203,406.3,20261008_223523,prim,rest,,,,,127.1,192.2,1,,,,0,37.1,0.18,0.429,31,ready,9
2026-10-08 22:42:10.431,406.52,20261008_223523,prim,rest,,,,,127.1,192.2,1,,,,0,37.1,0.175,0.407,31,ready,9
2026-10-08 22:42:10.736,406.83,20261008_223523,prim,rest,,,,,127.1,192.2,1,,,,0,37.11,0.168,0.396,31,ready,9
2026-10-08 22:42:10.816,406.91,20261008_223523,prim,rest,,,,,127.1,192.2,1,,,,0,37.11,0.157,0.361,31,ready,9
2026-10-08 22:42:11.018,407.11,20261008_223523,prim,rest,,,,,127.1,192.2,1,,,,0,37.11,0.146,0.331,31,ready,9
2026-10-08 22:42:11.223,407.32,20261008_223523,prim,rest,,,,,127.1,192.2,1,,,,0,37.12,0.135,0.301,31,ready,9
2026-10-08 22:42:11.429,407.52,20261008_223523,prim,rest,,,,,127.1,192.2,1,,,,0,37.12,0.126,0.275,31,ready,9
2026-10-08 22:42:11.643,407.74,20261008_223523,prim,rest,,,,,127.1,192.2,1,,,,0,37.11,0.119,0.258,31,ready,9
2026-10-08 22:42:11.847,407.94,20261008_223523,prim,rest,,,,,127.1,192.2,1,,,,0,37.12,0.119,0.237,31,ready,9
2026-10-08 22:42:12.040,408.13,20261008_223523,prim,rest,,,,,127.1,192.2,1,,,,0,37.12,0.122,0.241,31,ready,9
2026-10-08 22:42:12.243,408.34,20261008_223523,prim,rest,,,,,127.1,192.2,1,,,,0,37.13,0.113,0.222,31,ready,9
2026-10-08 22:42:12.448,408.54,20261008_223523,prim,rest,,,,,127.1,192.2,1,,,,0,37.13,0.105,0.202,31,ready,9
2026-10-08 22:42:12.656,408.75,20261008_223523,prim,rest,,,,,127.1,192.2,1,,,,0,37.13,0.099,0.19,31,ready,9
2026-10-08 22:42:12.862,408.96,20261008_223523,prim,rest,,,,,127.1,192.2,1,,,,0,37.13,0.096,0.173,31,ready,9
2026-10-08 22:42:13.075,409.17,20261008_223523,prim,rest,,,,,127.1,192.2,1,,,,0,37.13,0.091,0.159,31,ready,9
2026-10-08 22:42:13.277,409.37,20261008_223523,prim,rest,,,,,127.1,192.2,1,,,,0,37.14,0.115,0.182,31,ready,9
2026-10-08 22:42:13.477,409.57,20261008_223523,prim,rest,,,,,127.1,192.2,1,,,,0,37.1,0.14,0.19,31,ready,9
2026-10-08 22:42:13.684,409.78,20261008_223523,prim,rest,,,,,127.1,192.2,1,,,,0,37.1,0.163,0.188,31,ready,9
2026-10-08 22:42:13.890,409.98,20261008_223523,prim,rest,,,,,127.1,192.2,1,,,,0,37.11,0.172,0.183,31,ready,9
2026-10-08 22:42:14.087,410.18,20261008_223523,prim,rest,,,,,,,1,,,,0,37.12,0.176,0.188,30,ready,9
2026-10-08 22:42:14.291,410.38,20261008_223523,prim,recovery,14,613,manual,lie,,,1,,,,0,37.12,0.204,0.191,29,ready,9
2026-10-08 22:42:14.501,410.59,20261008_223523,prim,question,14,613,manual,lie,72.8,,1,,,,0,37.13,0.237,0.235,25,question,9
2026-10-08 22:42:14.702,410.79,20261008_223523,prim,question,14,613,manual,lie,72.8,,1,,,,0,37.14,0.22,0.219,22,question,8
2026-10-08 22:42:14.909,411.0,20261008_223523,prim,question,14,613,manual,lie,72.8,,1,,,,0,37.14,0.199,0.205,20,question,8
2026-10-08 22:42:15.114,411.21,20261008_223523,prim,question,14,613,manual,lie,72.8,,1,,,,0,37.14,0.181,0.187,18,question,8
2026-10-08 22:42:15.309,411.4,20261008_223523,prim,question,14,613,manual,lie,72.8,,1,,,,0,37.14,0.167,0.17,16,question,8
2026-10-08 22:42:15.518,411.61,20261008_223523,prim,question,14,613,manual,lie,72.8,,1,,,,0,37.15,0.158,0.155,15,question,9
2026-10-08 22:42:15.722,411.82,20261008_223523,prim,question,14,613,manual,lie,72.8,,1,,,,0,37.15,0.144,0.141,14,question,9
2026-10-08 22:42:15.929,412.02,20261008_223523,prim,question,14,613,manual,lie,72.8,,1,,,,0,37.15,0.131,0.129,13,question,9
2026-10-08 22:42:16.146,412.24,20261008_223523,prim,question,14,613,manual,lie,72.8,,1,,,,0,37.15,0.119,0.118,12,question,9
2026-10-08 22:42:16.343,412.44,20261008_223523,prim,question,14,613,manual,lie,72.8,,1,,,,0,37.15,0.108,0.108,12,question,9
2026-10-08 22:42:16.549,412.64,20261008_223523,prim,question,14,613,manual,lie,72.8,,1,,,,0,37.15,0.098,0.099,11,question,9
2026-10-08 22:42:16.766,412.86,20261008_223523,prim,question,14,613,manual,lie,72.8,,1,,,,0,37.16,0.09,0.09,11,question,9
2026-10-08 22:42:16.964,413.06,20261008_223523,prim,question,14,613,manual,lie,72.8,,1,,,,0,37.16,0.082,0.082,10,question,9
2026-10-08 22:42:17.171,413.26,20261008_223523,prim,question,14,613,manual,lie,72.8,,1,,,,0,37.16,0.075,0.074,10,question,9
2026-10-08 22:42:17.381,413.47,20261008_223523,prim,question,14,613,manual,lie,72.8,,1,,,,0,37.16,0.069,0.068,10,question,9
2026-10-08 22:42:17.583,413.68,20261008_223523,prim,question,14,613,manual,lie,,,1,,,,0,37.16,0.063,0.062,11,question,9
2026-10-08 22:42:17.795,413.89,20261008_223523,prim,question,14,613,manual,lie,,,1,,,,0,37.14,0.058,0.056,12,question,9
2026-10-08 22:42:18.007,414.1,20261008_223523,prim,question,14,613,manual,lie,,,1,,,,0,37.14,0.052,0.051,13,question,9
2026-10-08 22:42:18.204,414.3,20261008_223523,prim,question,14,613,manual,lie,,,1,,,,0,37.15,0.049,0.046,14,question,9
2026-10-08 22:42:18.409,414.5,20261008_223523,prim,question,14,613,manual,lie,,,1,,,,0,37.15,0.046,0.042,14,question,9
2026-10-08 22:42:18.620,414.71,20261008_223523,prim,question,14,613,manual,lie,,,1,,,,0,37.14,0.043,0.039,15,question,9
2026-10-08 22:42:18.818,414.91,20261008_223523,prim,question,14,613,manual,lie,83.2,,1,,,,0,37.15,0.04,0.036,14,question,9
2026-10-08 22:42:19.025,415.12,20261008_223523,prim,question,14,613,manual,lie,83.2,,1,,,,0,37.14,0.037,0.034,14,question,9
2026-10-08 22:42:19.228,415.32,20261008_223523,prim,question,14,613,manual,lie,83.2,,1,,,,0,37.14,0.036,0.034,13,question,9
2026-10-08 22:42:19.434,415.53,20261008_223523,prim,question,14,613,manual,lie,83.2,,1,,,,0,37.14,0.037,0.035,13,question,9
2026-10-08 22:42:19.641,415.73,20261008_223523,prim,question,14,613,manual,lie,83.2,,1,,,,0,37.14,0.043,0.037,12,question,9
2026-10-08 22:42:19.849,415.94,20261008_223523,prim,question,14,613,manual,lie,83.2,,1,,,,0,37.14,0.043,0.041,12,question,9
2026-10-08 22:42:20.053,416.15,20261008_223523,prim,question,14,613,manual,lie,83.2,,1,,,,0,37.15,0.05,0.045,12,question,9
2026-10-08 22:42:20.260,416.35,20261008_223523,prim,question,14,613,manual,lie,83.2,,1,,,,0,37.15,0.045,0.041,12,question,9
2026-10-08 22:42:20.469,416.56,20261008_223523,prim,question,14,613,manual,lie,83.2,,1,,,,0,37.15,0.041,0.038,12,question,9
2026-10-08 22:42:20.679,416.77,20261008_223523,prim,question,14,613,manual,lie,,,1,,,,0,37.15,0.038,0.035,12,question,9
2026-10-08 22:42:20.880,416.97,20261008_223523,prim,question,14,613,manual,lie,,,1,,,,0,37.14,0.037,0.037,13,question,9
2026-10-08 22:42:21.092,417.18,20261008_223523,prim,question,14,613,manual,lie,,,1,,,,0,37.14,0.035,0.036,14,question,9
2026-10-08 22:42:21.297,417.39,20261008_223523,prim,question,14,613,manual,lie,75.4,,1,,,,0,37.14,0.036,0.032,12,question,9
2026-10-08 22:42:21.518,417.61,20261008_223523,prim,question,14,613,manual,lie,75.4,,1,,,,0,37.14,0.034,0.03,12,question,9
2026-10-08 22:42:21.718,417.81,20261008_223523,prim,question,14,613,manual,lie,96.9,,1,,,,0,37.14,0.034,0.032,12,question,9
2026-10-08 22:42:21.913,418.01,20261008_223523,prim,question,14,613,manual,lie,96.9,,1,,,,0,37.12,0.041,0.035,13,question,9
2026-10-08 22:42:22.123,418.22,20261008_223523,prim,question,14,613,manual,lie,96.9,,1,,,,0,37.12,0.045,0.033,13,question,9
2026-10-08 22:42:22.331,418.42,20261008_223523,prim,question,14,613,manual,lie,98.5,,1,,,,0,37.13,0.043,0.037,14,question,9
2026-10-08 22:42:22.536,418.63,20261008_223523,prim,question,14,613,manual,lie,98.5,,1,,,,0,37.13,0.047,0.038,14,question,9
2026-10-08 22:42:22.746,418.84,20261008_223523,prim,question,14,613,manual,lie,98.5,,1,,,,0,37.13,0.045,0.036,14,question,9
2026-10-08 22:42:22.949,419.04,20261008_223523,prim,question,14,613,manual,lie,96.9,179.8,1,,,,0,37.14,0.048,0.04,15,question,9
2026-10-08 22:42:23.156,419.25,20261008_223523,prim,question,14,613,manual,lie,96.9,179.8,1,,,,0,37.14,0.046,0.039,15,question,9
2026-10-08 22:42:23.361,419.45,20261008_223523,prim,question,14,613,manual,lie,96.9,179.8,1,,,,0,37.14,0.049,0.038,15,question,9
2026-10-08 22:42:23.572,419.66,20261008_223523,prim,question,14,613,manual,lie,96.9,160.9,1,,,,0,37.14,0.046,0.035,15,question,9
2026-10-08 22:42:23.772,419.87,20261008_223523,prim,question,14,613,manual,lie,96.9,160.9,1,,,,0,37.14,0.053,0.042,15,question,9
2026-10-08 22:42:23.979,420.07,20261008_223523,prim,question,14,613,manual,lie,96.9,160.9,1,,,,0,37.14,0.063,0.044,15,question,9
2026-10-08 22:42:24.197,420.29,20261008_223523,prim,question,14,613,manual,lie,96.9,160.9,1,,,,0,37.14,0.062,0.045,15,question,9
2026-10-08 22:42:24.402,420.5,20261008_223523,prim,question,14,613,manual,lie,94.5,146.9,1,,,,0,37.12,0.058,0.043,15,question,9
2026-10-08 22:42:24.602,420.7,20261008_223523,prim,question,14,613,manual,lie,94.5,146.9,1,,,,0,37.13,0.054,0.039,15,question,9
2026-10-08 22:42:24.808,420.9,20261008_223523,prim,question,14,613,manual,lie,94.5,146.9,1,,,,0,37.13,0.057,0.039,15,question,9
2026-10-08 22:42:25.028,421.12,20261008_223523,prim,question,14,613,manual,lie,94.5,137.6,1,,,,0,37.13,0.065,0.049,15,question,9
2026-10-08 22:42:25.221,421.31,20261008_223523,prim,question,14,613,manual,lie,94.5,137.6,1,,,,0,37.13,0.066,0.053,15,question,9
2026-10-08 22:42:25.451,421.54,20261008_223523,prim,question,14,613,manual,lie,94.5,137.6,1,,,,0,37.13,0.063,0.05,15,question,9
2026-10-08 22:42:25.642,421.73,20261008_223523,prim,question,14,613,manual,lie,94.5,128.8,1,,,,0,37.13,0.057,0.047,15,question,9
2026-10-08 22:42:25.843,421.94,20261008_223523,prim,question,14,613,manual,lie,94.5,128.8,1,,,,0,37.13,0.052,0.043,15,question,9
2026-10-08 22:42:26.038,422.13,20261008_223523,prim,question,14,613,manual,lie,94.5,128.8,1,,,,0,37.13,0.049,0.039,15,question,9
2026-10-08 22:42:26.251,422.34,20261008_223523,prim,recovery,14,613,manual,lie,94.5,123.0,1,,,,0,37.06,0.046,0.036,15,ready,9
2026-10-08 22:42:26.452,422.54,20261008_223523,prim,recovery,14,613,manual,lie,94.5,123.0,1,,,,0,37.08,0.046,0.033,15,ready,9
2026-10-08 22:42:26.668,422.76,20261008_223523,prim,recovery,14,613,manual,lie,102.4,120.4,1,,,,0,37.09,0.048,0.032,15,ready,9
2026-10-08 22:42:26.874,422.97,20261008_223523,prim,recovery,14,613,manual,lie,102.4,120.4,1,,,,0,37.1,0.047,0.03,16,ready,9
2026-10-08 22:42:27.072,423.16,20261008_223523,prim,recovery,14,613,manual,lie,102.4,120.4,1,,,,0,37.1,0.045,0.028,16,ready,9
2026-10-08 22:42:27.271,423.36,20261008_223523,prim,recovery,14,613,manual,lie,102.9,114.9,1,,,,0,37.1,0.043,0.028,16,ready,9
2026-10-08 22:42:27.483,423.58,20261008_223523,prim,recovery,14,613,manual,lie,102.9,114.9,1,,,,0,37.07,0.046,0.027,16,ready,9
2026-10-08 22:42:27.689,423.78,20261008_223523,prim,recovery,14,613,manual,lie,102.9,114.9,1,,,,0,37.02,0.048,0.028,17,ready,9
2026-10-08 22:42:27.899,423.99,20261008_223523,prim,recovery,14,613,manual,lie,102.9,114.9,1,,,,0,37.04,0.049,0.028,17,ready,9
2026-10-08 22:42:28.093,424.19,20261008_223523,prim,recovery,14,613,manual,lie,102.9,114.9,1,,,,0,37.05,0.048,0.026,17,ready,9
2026-10-08 22:42:28.308,424.4,20261008_223523,prim,recovery,14,613,manual,lie,102.9,114.9,1,,,,0,37.06,0.044,0.025,17,ready,9
2026-10-08 22:42:28.503,424.6,20261008_223523,prim,recovery,14,613,manual,lie,102.9,114.9,1,,,,0,37.07,0.045,0.028,17,ready,9
2026-10-08 22:42:28.709,424.8,20261008_223523,prim,recovery,14,613,manual,lie,102.9,114.9,1,,,,0,37.07,0.046,0.027,17,ready,9
2026-10-08 22:42:28.917,425.01,20261008_223523,prim,recovery,14,613,manual,lie,,,1,,,,0,37.08,0.043,0.025,17,ready,9
2026-10-08 22:42:29.127,425.22,20261008_223523,prim,recovery,14,613,manual,lie,,,1,,,,0,37.08,0.05,0.03,17,ready,9
2026-10-08 22:42:29.343,425.44,20261008_223523,prim,rest,,,,,,,1,,,,0,37.09,0.049,0.031,17,ready,9
2026-10-08 22:42:29.526,425.62,20261008_223523,prim,rest,,,,,,,1,,,,0,37.09,0.047,0.03,17,ready,9
2026-10-08 22:42:29.731,425.82,20261008_223523,prim,rest,,,,,98.0,,1,,,,0,37.1,0.044,0.029,17,ready,9
2026-10-08 22:42:29.938,426.03,20261008_223523,prim,rest,,,,,98.0,,1,,,,0,37.11,0.05,0.028,17,ready,9
2026-10-08 22:42:30.141,426.23,20261008_223523,prim,rest,,,,,98.0,,1,,,,0,37.11,0.052,0.029,16,ready,9
2026-10-08 22:42:30.346,426.44,20261008_223523,prim,rest,,,,,98.0,,1,,,,0,37.11,0.05,0.03,16,ready,9
2026-10-08 22:42:30.547,426.64,20261008_223523,prim,rest,,,,,98.0,,1,,,,0,37.12,0.057,0.035,16,ready,9
2026-10-08 22:42:30.753,426.85,20261008_223523,prim,rest,,,,,98.0,,1,,,,0,37.12,0.06,0.048,16,ready,9
2026-10-08 22:42:30.959,427.05,20261008_223523,prim,rest,,,,,68.2,,1,,,,0,37.09,0.063,0.054,15,ready,9
2026-10-08 22:42:31.168,427.26,20261008_223523,prim,rest,,,,,68.2,,1,,,,0,37.09,0.064,0.053,13,ready,9
2026-10-08 22:42:31.377,427.47,20261008_223523,prim,rest,,,,,68.2,,1,,,,0,37.1,0.069,0.052,12,ready,9
2026-10-08 22:42:31.582,427.67,20261008_223523,prim,rest,,,,,68.2,,1,,,,0,37.1,0.068,0.05,11,ready,9
2026-10-08 22:42:31.787,427.88,20261008_223523,prim,rest,,,,,68.2,,1,,,,0,37.07,0.063,0.046,11,ready,9
2026-10-08 22:42:31.995,428.09,20261008_223523,prim,rest,,,,,68.2,,1,,,,0,37.08,0.062,0.042,10,ready,9
2026-10-08 22:42:32.244,428.34,20261008_223523,prim,rest,,,,,68.2,,1,,,,0,37.08,0.059,0.039,10,ready,9
2026-10-08 22:42:32.405,428.5,20261008_223523,prim,rest,,,,,67.3,,1,,,,0,37.09,0.054,0.036,9,ready,9
2026-10-08 22:42:32.650,428.74,20261008_223523,prim,rest,,,,,67.3,,1,,,,0,37.1,0.052,0.033,9,ready,9
2026-10-08 22:42:32.812,428.91,20261008_223523,prim,rest,,,,,67.3,,1,,,,0,37.1,0.048,0.031,9,ready,9
2026-10-08 22:42:33.026,429.12,20261008_223523,prim,rest,,,,,67.3,,1,,,,0,37.11,0.046,0.029,8,ready,9
2026-10-08 22:42:33.223,429.32,20261008_223523,prim,rest,,,,,67.3,,1,,,,0,37.1,0.046,0.028,8,ready,9
2026-10-08 22:42:33.433,429.53,20261008_223523,prim,rest,,,,,67.3,,1,,,,0,37.11,0.048,0.027,8,ready,9
2026-10-08 22:42:33.654,429.75,20261008_223523,prim,rest,,,,,67.3,,1,,,,0,37.12,0.046,0.025,8,ready,9
2026-10-08 22:42:33.846,429.94,20261008_223523,prim,rest,,,,,67.3,,1,,,,0,37.12,0.044,0.024,8,ready,9
2026-10-08 22:42:34.048,430.14,20261008_223523,prim,rest,,,,,67.3,,1,,,,0,37.13,0.04,0.022,8,ready,9
2026-10-08 22:42:34.256,430.35,20261008_223523,prim,rest,,,,,67.3,,1,,,,0,37.13,0.039,0.021,7,ready,9
2026-10-08 22:42:34.462,430.56,20261008_223523,prim,rest,,,,,68.2,,1,,,,0,37.14,0.039,0.021,7,ready,9
2026-10-08 22:42:34.670,430.76,20261008_223523,prim,rest,,,,,68.2,,1,,,,0,37.14,0.041,0.022,7,ready,9
2026-10-08 22:42:34.900,430.99,20261008_223523,prim,rest,,,,,68.2,,1,,,,0,37.14,0.044,0.022,7,ready,9
2026-10-08 22:42:35.107,431.2,20261008_223523,prim,rest,,,,,68.2,,1,,,,0,37.15,0.043,0.025,7,ready,9
2026-10-08 22:42:35.287,431.38,20261008_223523,prim,rest,,,,,68.2,,1,,,,0,37.15,0.104,0.048,7,ready,9
2026-10-08 22:42:35.492,431.58,20261008_223523,prim,rest,,,,,68.2,,1,,,,0,37.15,0.105,0.056,7,ready,9
2026-10-08 22:42:35.706,431.8,20261008_223523,prim,rest,,,,,68.2,,1,,,,0,37.16,0.097,0.053,8,ready,9
2026-10-08 22:42:35.908,432.0,20261008_223523,prim,rest,,,,,68.2,,1,,,,0,37.16,0.089,0.048,8,ready,9
2026-10-08 22:42:36.113,432.21,20261008_223523,prim,rest,,,,,66.4,362.5,1,,,,0,37.17,0.081,0.045,7,ready,9
2026-10-08 22:42:36.325,432.42,20261008_223523,prim,rest,,,,,66.4,362.5,1,,,,0,37.17,0.075,0.041,7,ready,9
2026-10-08 22:42:36.527,432.62,20261008_223523,prim,rest,,,,,66.4,362.5,1,,,,0,37.16,0.065,0.037,7,ready,9
2026-10-08 22:42:36.732,432.82,20261008_223523,prim,rest,,,,,66.4,362.5,1,,,,0,37.16,0.06,0.034,7,ready,9
2026-10-08 22:42:36.941,433.03,20261008_223523,prim,rest,,,,,66.4,362.5,1,,,,0,37.16,0.055,0.031,7,ready,9
2026-10-08 22:42:37.137,433.23,20261008_223523,prim,rest,,,,,66.4,362.5,1,,,,0,37.17,0.051,0.029,7,ready,9
2026-10-08 22:42:37.341,433.43,20261008_223523,prim,rest,,,,,66.4,362.5,1,,,,0,37.17,0.048,0.027,7,ready,9
2026-10-08 22:42:37.564,433.66,20261008_223523,prim,rest,,,,,66.4,362.5,1,,,,0,37.17,0.044,0.025,7,ready,9
2026-10-08 22:42:37.751,433.84,20261008_223523,prim,rest,,,,,,,1,,,,0,37.17,0.04,0.023,9,ready,9
2026-10-08 22:42:37.958,434.05,20261008_223523,prim,rest,,,,,,,1,,,,0,37.17,0.039,0.023,10,ready,9
2026-10-08 22:42:38.164,434.26,20261008_223523,prim,rest,,,,,,,1,,,,0,37.17,0.07,0.044,12,ready,9
2026-10-08 22:42:38.366,434.46,20261008_223523,prim,rest,,,,,96.4,,1,,,,0,37.17,0.071,0.046,12,ready,9
2026-10-08 22:42:38.575,434.67,20261008_223523,prim,rest,,,,,96.4,,1,,,,0,37.17,0.071,0.045,13,ready,9
2026-10-08 22:42:38.777,434.87,20261008_223523,prim,rest,,,,,97.7,,1,,,,0,37.17,0.066,0.041,13,ready,9
2026-10-08 22:42:38.984,435.08,20261008_223523,prim,rest,,,,,97.7,,1,,,,0,37.17,0.07,0.041,14,ready,9
2026-10-08 22:42:39.187,435.28,20261008_223523,prim,rest,,,,,97.7,,1,,,,0,37.17,0.074,0.044,14,ready,9
2026-10-08 22:42:39.395,435.49,20261008_223523,prim,rest,,,,,106.0,,1,,,,0,37.17,0.09,0.069,15,ready,9
2026-10-08 22:42:39.597,435.69,20261008_223523,prim,rest,,,,,106.0,,1,,,,0,37.17,0.1,0.076,16,ready,9
2026-10-08 22:42:39.805,435.9,20261008_223523,prim,rest,,,,,108.4,134.2,1,,,,0,37.17,0.107,0.074,17,ready,9
2026-10-08 22:42:40.010,436.1,20261008_223523,prim,rest,,,,,108.4,134.2,1,,,,0,37.17,0.111,0.072,18,ready,9
2026-10-08 22:42:40.227,436.32,20261008_223523,prim,rest,,,,,108.4,134.2,1,,,,0,37.19,0.111,0.077,18,ready,9
2026-10-08 22:42:40.433,436.53,20261008_223523,prim,rest,,,,,108.4,134.2,1,,,,0,37.16,0.124,0.081,19,ready,9
2026-10-08 22:42:40.635,436.73,20261008_223523,prim,rest,,,,,108.4,126.6,1,,,,0,37.16,0.115,0.077,19,ready,9
2026-10-08 22:42:40.839,436.93,20261008_223523,prim,rest,,,,,108.4,126.6,1,,,,0,37.17,0.11,0.073,19,ready,9
2026-10-08 22:42:41.074,437.17,20261008_223523,prim,rest,,,,,108.4,126.6,1,,,,0,37.17,0.1,0.066,20,ready,9
2026-10-08 22:42:41.252,437.35,20261008_223523,prim,rest,,,,,108.4,117.3,1,,,,0,37.17,0.093,0.061,20,ready,9
2026-10-08 22:42:41.460,437.55,20261008_223523,prim,rest,,,,,108.4,117.3,1,,,,0,37.17,0.087,0.06,20,ready,9
2026-10-08 22:42:41.668,437.76,20261008_223523,prim,recovery,15,614,manual,truth,108.4,117.3,1,,,,0,37.17,0.084,0.059,20,ready,9
2026-10-08 22:42:41.870,437.96,20261008_223523,prim,question,15,614,manual,truth,108.4,117.3,1,,,,0,37.17,0.077,0.055,20,question,8
2026-10-08 22:42:42.081,438.17,20261008_223523,prim,question,15,614,manual,truth,108.4,117.3,1,,,,0,37.15,0.071,0.05,20,question,9
2026-10-08 22:42:42.281,438.37,20261008_223523,prim,question,15,614,manual,truth,108.4,117.3,1,,,,0,37.16,0.064,0.046,20,question,9
2026-10-08 22:42:42.499,438.59,20261008_223523,prim,question,15,614,manual,truth,108.4,117.3,1,,,,0,37.16,0.059,0.042,20,question,9
2026-10-08 22:42:42.702,438.8,20261008_223523,prim,question,15,614,manual,truth,108.4,117.3,1,,,,0,37.16,0.054,0.038,20,question,9
2026-10-08 22:42:42.900,438.99,20261008_223523,prim,question,15,614,manual,truth,,,1,,,,0,37.17,0.05,0.035,20,question,9
2026-10-08 22:42:43.109,439.2,20261008_223523,prim,question,15,614,manual,truth,,,1,,,,0,37.17,0.045,0.031,19,question,9
2026-10-08 22:42:43.323,439.42,20261008_223523,prim,question,15,614,manual,truth,,,1,,,,0,37.17,0.041,0.029,19,question,9
2026-10-08 22:42:43.528,439.62,20261008_223523,prim,question,15,614,manual,truth,82.5,,1,,,,0,37.17,0.035,0.024,16,question,9
2026-10-08 22:42:43.736,439.83,20261008_223523,prim,question,15,614,manual,truth,82.5,,1,,,,0,37.17,0.032,0.022,15,question,9
2026-10-08 22:42:43.936,440.03,20261008_223523,prim,question,15,614,manual,truth,99.9,,1,,,,0,37.17,0.035,0.021,15,question,9
2026-10-08 22:42:44.683,440.78,20261008_223523,prim,question,15,614,manual,truth,99.9,,1,,,,0,37.17,0.036,0.02,15,question,9
2026-10-08 22:42:44.684,440.78,20261008_223523,prim,question,15,614,manual,truth,99.9,,1,,,,0,37.17,0.042,0.02,16,question,9
2026-10-08 22:42:44.684,440.78,20261008_223523,prim,question,15,614,manual,truth,94.9,,1,,,,0,37.13,0.051,0.02,15,question,9
2026-10-08 22:42:44.757,440.85,20261008_223523,prim,question,15,614,manual,truth,94.9,,1,,,,0,37.14,0.055,0.028,15,question,9
2026-10-08 22:42:44.966,441.06,20261008_223523,prim,question,15,614,manual,truth,94.9,,1,,,,0,37.14,0.058,0.031,15,question,9
2026-10-08 22:42:45.168,441.26,20261008_223523,prim,question,15,614,manual,truth,90.3,138.8,1,,,,0,37.15,0.055,0.029,15,question,9
2026-10-08 22:42:45.374,441.47,20261008_223523,prim,question,15,614,manual,truth,90.3,138.8,1,,,,0,37.15,0.054,0.031,15,question,9
2026-10-08 22:42:45.578,441.67,20261008_223523,prim,question,15,614,manual,truth,90.3,138.8,1,,,,0,37.15,0.057,0.031,14,question,9
2026-10-08 22:42:45.784,441.88,20261008_223523,prim,question,15,614,manual,truth,90.3,138.8,1,,,,0,37.16,0.055,0.029,14,question,9
2026-10-08 22:42:45.988,442.08,20261008_223523,prim,question,15,614,manual,truth,90.3,134.0,1,,,,0,37.16,0.056,0.03,14,question,9
2026-10-08 22:42:46.192,442.28,20261008_223523,prim,question,15,614,manual,truth,90.3,134.0,1,,,,0,37.16,0.06,0.03,14,question,9
2026-10-08 22:42:46.398,442.49,20261008_223523,prim,question,15,614,manual,truth,90.3,134.0,1,,,,0,37.15,0.059,0.031,14,question,9
2026-10-08 22:42:46.611,442.7,20261008_223523,prim,question,15,614,manual,truth,90.3,134.0,1,,,,0,37.15,0.056,0.034,14,question,9
2026-10-08 22:42:46.809,442.9,20261008_223523,prim,question,15,614,manual,truth,90.3,134.0,1,,,,0,37.16,0.059,0.039,13,question,9
2026-10-08 22:42:47.021,443.11,20261008_223523,prim,question,15,614,manual,truth,90.3,134.0,1,,,,0,37.16,0.059,0.039,13,question,9
2026-10-08 22:42:47.226,443.32,20261008_223523,prim,question,15,614,manual,truth,90.3,134.0,1,,,,0,37.16,0.065,0.039,13,question,9
2026-10-08 22:42:47.423,443.52,20261008_223523,prim,question,15,614,manual,truth,90.3,134.0,1,,,,0,37.16,0.061,0.037,13,question,9
2026-10-08 22:42:47.648,443.74,20261008_223523,prim,question,15,614,manual,truth,90.3,134.0,1,,,,0,37.15,0.056,0.034,13,question,9
2026-10-08 22:42:47.837,443.93,20261008_223523,prim,question,15,614,manual,truth,90.3,134.0,1,,,,0,37.16,0.056,0.033,13,question,9
2026-10-08 22:42:48.035,444.13,20261008_223523,prim,question,15,614,manual,truth,90.3,134.0,1,,,,0,37.16,0.054,0.031,13,question,9
2026-10-08 22:42:48.250,444.34,20261008_223523,prim,question,15,614,manual,truth,90.3,134.0,1,,,,0,37.16,0.056,0.029,13,question,9
2026-10-08 22:42:48.448,444.54,20261008_223523,prim,question,15,614,manual,truth,90.3,134.0,1,,,,0,37.17,0.053,0.027,13,question,9
2026-10-08 22:42:48.649,444.74,20261008_223523,prim,question,15,614,manual,truth,90.3,134.0,1,,,,0,37.17,0.053,0.026,13,question,9
2026-10-08 22:42:48.857,444.95,20261008_223523,prim,question,15,614,manual,truth,,,1,,,,0,37.16,0.056,0.027,14,question,9
2026-10-08 22:42:49.066,445.16,20261008_223523,prim,question,15,614,manual,truth,,,1,,,,0,37.16,0.056,0.03,15,question,9
2026-10-08 22:42:49.276,445.37,20261008_223523,prim,question,15,614,manual,truth,99.4,,1,,,,0,37.17,0.056,0.035,15,question,9
2026-10-08 22:42:49.486,445.58,20261008_223523,prim,question,15,614,manual,truth,99.4,,1,,,,0,37.17,0.054,0.033,15,question,9
2026-10-08 22:42:49.705,445.8,20261008_223523,prim,question,15,614,manual,truth,99.4,,1,,,,0,37.17,0.051,0.03,15,question,9
2026-10-08 22:42:49.897,445.99,20261008_223523,prim,question,15,614,manual,truth,90.3,,1,,,,0,37.18,0.048,0.029,15,question,9
2026-10-08 22:42:50.105,446.2,20261008_223523,prim,question,15,614,manual,truth,90.3,,1,,,,0,37.18,0.046,0.027,15,question,9
2026-10-08 22:42:50.310,446.4,20261008_223523,prim,question,15,614,manual,truth,90.3,,1,,,,0,37.18,0.05,0.027,14,question,9
2026-10-08 22:42:50.516,446.61,20261008_223523,prim,question,15,614,manual,truth,91.6,,1,,,,0,37.18,0.052,0.032,14,question,9
2026-10-08 22:42:50.727,446.82,20261008_223523,prim,question,15,614,manual,truth,91.6,,1,,,,0,37.18,0.053,0.032,14,question,9
2026-10-08 22:42:50.934,447.03,20261008_223523,prim,question,15,614,manual,truth,91.6,,1,,,,0,37.19,0.056,0.03,14,question,9
2026-10-08 22:42:51.128,447.22,20261008_223523,prim,question,15,614,manual,truth,91.6,,1,,,,0,37.19,0.053,0.028,14,question,9
2026-10-08 22:42:51.331,447.42,20261008_223523,prim,question,15,614,manual,truth,90.3,313.6,1,,,,0,37.19,0.05,0.026,14,question,9
2026-10-08 22:42:51.533,447.63,20261008_223523,prim,question,15,614,manual,truth,90.3,313.6,1,,,,0,37.19,0.052,0.025,14,question,9
2026-10-08 22:42:51.729,447.82,20261008_223523,prim,question,15,614,manual,truth,90.3,313.6,1,,,,0,37.19,0.049,0.024,14,question,9
2026-10-08 22:42:51.939,448.03,20261008_223523,prim,question,15,614,manual,truth,90.3,313.6,1,,,,0,37.19,0.048,0.023,13,question,9
2026-10-08 22:42:52.141,448.23,20261008_223523,prim,question,15,614,manual,truth,90.3,313.6,1,,,,0,37.2,0.045,0.022,13,question,9
2026-10-08 22:42:52.343,448.44,20261008_223523,prim,question,15,614,manual,truth,90.3,313.6,1,,,,0,37.2,0.044,0.022,13,question,9
2026-10-08 22:42:52.549,448.64,20261008_223523,prim,question,15,614,manual,truth,92.9,313.6,1,,,,0,37.2,0.048,0.025,13,question,9
2026-10-08 22:42:52.753,448.85,20261008_223523,prim,question,15,614,manual,truth,92.9,313.6,1,,,,0,37.2,0.045,0.025,13,question,9
2026-10-08 22:42:52.961,449.05,20261008_223523,prim,question,15,614,manual,truth,92.9,313.6,1,,,,0,37.19,0.047,0.025,14,question,9
2026-10-08 22:42:53.167,449.26,20261008_223523,prim,question,15,614,manual,truth,92.9,313.6,1,,,,0,37.19,0.048,0.025,14,question,9
2026-10-08 22:42:53.374,449.47,20261008_223523,prim,question,15,614,manual,truth,92.8,281.7,1,,,,0,37.19,0.046,0.026,14,question,9
2026-10-08 22:42:53.584,449.68,20261008_223523,prim,recovery,15,614,manual,truth,92.8,281.7,1,,,,0,37.19,0.047,0.026,14,ready,9
2026-10-08 22:42:53.784,449.88,20261008_223523,prim,recovery,15,614,manual,truth,92.8,281.7,1,,,,0,37.19,0.046,0.025,14,ready,9
2026-10-08 22:42:53.981,450.07,20261008_223523,prim,recovery,15,614,manual,truth,92.8,257.5,1,,,,0,37.16,0.046,0.027,14,ready,9
2026-10-08 22:42:54.182,450.28,20261008_223523,prim,recovery,15,614,manual,truth,92.8,257.5,1,,,,0,37.16,0.046,0.027,14,ready,8
2026-10-08 22:42:54.382,450.48,20261008_223523,prim,recovery,15,614,manual,truth,92.8,257.5,1,,,,0,37.16,0.048,0.029,14,ready,8
2026-10-08 22:42:54.580,450.67,20261008_223523,prim,recovery,15,614,manual,truth,92.8,257.5,1,,,,0,37.17,0.045,0.029,14,ready,8
2026-10-08 22:42:54.781,450.87,20261008_223523,prim,recovery,15,614,manual,truth,88.0,245.5,1,,,,0,37.17,0.044,0.028,14,ready,8
2026-10-08 22:42:54.980,451.07,20261008_223523,prim,recovery,15,614,manual,truth,88.0,245.5,1,,,,0,37.18,0.043,0.026,13,ready,8
2026-10-08 22:42:55.180,451.27,20261008_223523,prim,recovery,15,614,manual,truth,88.0,245.5,1,,,,0,37.18,0.04,0.028,13,ready,8
2026-10-08 22:42:55.381,451.47,20261008_223523,prim,recovery,15,614,manual,truth,92.8,240.6,1,,,,0,37.19,0.04,0.026,13,ready,8
2026-10-08 22:42:55.586,451.68,20261008_223523,prim,recovery,15,614,manual,truth,92.8,240.6,1,,,,0,37.19,0.042,0.025,13,ready,8
2026-10-08 22:42:55.790,451.88,20261008_223523,prim,recovery,15,614,manual,truth,92.8,240.6,1,,,,0,37.19,0.043,0.027,13,ready,8
2026-10-08 22:42:56.001,452.09,20261008_223523,prim,recovery,15,614,manual,truth,92.8,240.6,1,,,,0,37.19,0.049,0.029,13,ready,8
2026-10-08 22:42:56.207,452.3,20261008_223523,prim,recovery,15,614,manual,truth,92.8,226.9,1,,,,0,37.2,0.054,0.033,14,ready,8
2026-10-08 22:42:56.413,452.51,20261008_223523,prim,recovery,15,614,manual,truth,92.8,226.9,1,,,,0,37.2,0.058,0.034,14,ready,8
2026-10-08 22:42:56.639,452.73,20261008_223523,prim,rest,,,,,93.5,217.2,1,,,,0,37.2,0.066,0.037,14,ready,8
2026-10-08 22:42:56.818,452.91,20261008_223523,prim,rest,,,,,93.5,217.2,1,,,,0,37.2,0.066,0.038,14,ready,8
2026-10-08 22:42:57.021,453.11,20261008_223523,prim,rest,,,,,93.5,217.2,1,,,,0,37.2,0.072,0.046,14,ready,8
2026-10-08 22:42:57.231,453.32,20261008_223523,prim,rest,,,,,93.5,217.2,1,,,,0,37.21,0.068,0.046,14,ready,8
2026-10-08 22:42:57.437,453.53,20261008_223523,prim,rest,,,,,93.5,217.2,1,,,,0,37.21,0.065,0.043,14,ready,8
2026-10-08 22:42:57.642,453.74,20261008_223523,prim,rest,,,,,94.7,144.2,1,,,,0,37.21,0.067,0.042,14,ready,8
2026-10-08 22:42:57.850,453.94,20261008_223523,prim,rest,,,,,94.7,144.2,1,,,,0,37.22,0.064,0.039,14,ready,8
2026-10-08 22:42:58.065,454.16,20261008_223523,prim,rest,,,,,94.7,144.2,1,,,,0,37.22,0.063,0.036,14,ready,8
2026-10-08 22:42:58.262,454.36,20261008_223523,prim,rest,,,,,94.7,144.2,1,,,,0,37.23,0.058,0.033,14,ready,8
2026-10-08 22:42:58.526,454.62,20261008_223523,prim,rest,,,,,94.7,144.2,1,,,,0,37.22,0.064,0.036,14,ready,8
2026-10-08 22:42:58.689,454.78,20261008_223523,prim,rest,,,,,100.7,100.1,1,,,,0,37.22,0.061,0.033,15,ready,8
2026-10-08 22:42:58.892,454.98,20261008_223523,prim,question,16,615,manual,truth,100.7,100.1,1,,,,0,37.22,0.063,0.035,15,question,8
2026-10-08 22:42:59.092,455.18,20261008_223523,prim,question,16,615,manual,truth,100.7,100.1,1,,,,0,37.22,0.063,0.035,16,question,8
2026-10-08 22:42:59.302,455.39,20261008_223523,prim,question,16,615,manual,truth,100.7,116.8,1,,,,0,37.22,0.062,0.04,16,question,8
2026-10-08 22:42:59.503,455.6,20261008_223523,prim,question,16,615,manual,truth,100.7,116.8,1,,,,0,37.23,0.067,0.044,16,question,8
2026-10-08 22:42:59.719,455.81,20261008_223523,prim,question,16,615,manual,truth,100.7,116.8,1,,,,0,37.23,0.062,0.041,16,question,8
2026-10-08 22:42:59.921,456.01,20261008_223523,prim,question,16,615,manual,truth,100.7,116.8,1,,,,0,37.23,0.06,0.038,16,question,8
2026-10-08 22:43:00.125,456.22,20261008_223523,prim,question,16,615,manual,truth,100.7,116.8,1,,,,0,37.23,0.059,0.037,16,question,9
2026-10-08 22:43:00.333,456.43,20261008_223523,prim,question,16,615,manual,truth,100.7,116.8,1,,,,0,37.23,0.058,0.034,17,question,9
2026-10-08 22:43:00.535,456.63,20261008_223523,prim,question,16,615,manual,truth,109.1,123.9,1,,,,0,37.23,0.056,0.032,17,question,9
2026-10-08 22:43:00.741,456.83,20261008_223523,prim,question,16,615,manual,truth,109.1,123.9,1,,,,0,37.23,0.052,0.029,18,question,9
2026-10-08 22:43:00.956,457.05,20261008_223523,prim,question,16,615,manual,truth,109.1,123.9,1,,,,0,37.23,0.044,0.025,19,question,9
2026-10-08 22:43:01.158,457.25,20261008_223523,prim,question,16,615,manual,truth,109.1,123.9,1,,,,0,37.23,0.045,0.026,19,question,9
2026-10-08 22:43:01.359,457.45,20261008_223523,prim,question,16,615,manual,truth,100.7,123.9,1,,,,0,37.23,0.045,0.025,19,question,9
2026-10-08 22:43:01.564,457.66,20261008_223523,prim,question,16,615,manual,truth,100.7,123.9,1,,,,0,37.23,0.047,0.023,18,question,9
2026-10-08 22:43:01.771,457.86,20261008_223523,prim,question,16,615,manual,truth,100.7,123.9,1,,,,0,37.23,0.047,0.022,18,question,9
2026-10-08 22:43:01.983,458.08,20261008_223523,prim,question,16,615,manual,truth,97.6,122.5,1,,,,0,37.23,0.057,0.025,18,question,9
2026-10-08 22:43:02.183,458.28,20261008_223523,prim,question,16,615,manual,truth,97.6,122.5,1,,,,0,37.23,0.059,0.025,17,question,9
2026-10-08 22:43:02.392,458.48,20261008_223523,prim,question,16,615,manual,truth,97.6,122.5,1,,,,0,37.23,0.071,0.026,17,question,9
2026-10-08 22:43:02.599,458.69,20261008_223523,prim,question,16,615,manual,truth,97.6,122.0,1,,,,0,37.19,0.088,0.047,17,question,8
2026-10-08 22:43:02.814,458.91,20261008_223523,prim,question,16,615,manual,truth,97.6,122.0,1,,,,0,37.2,0.093,0.061,17,question,8
2026-10-08 22:43:03.014,459.11,20261008_223523,prim,question,16,615,manual,truth,97.6,122.0,1,,,,0,37.2,0.087,0.057,17,question,8
2026-10-08 22:43:03.215,459.31,20261008_223523,prim,question,16,615,manual,truth,101.3,107.1,1,,,,0,37.21,0.085,0.055,17,question,8
2026-10-08 22:43:03.425,459.52,20261008_223523,prim,question,16,615,manual,truth,101.3,107.1,1,,,,0,37.21,0.081,0.051,17,question,8
2026-10-08 22:43:03.635,459.73,20261008_223523,prim,question,16,615,manual,truth,101.3,107.1,1,,,,0,37.21,0.075,0.048,17,question,8
2026-10-08 22:43:03.833,459.93,20261008_223523,prim,question,16,615,manual,truth,97.6,77.1,1,,,,0,37.22,0.077,0.05,17,question,9
2026-10-08 22:43:04.036,460.13,20261008_223523,prim,question,16,615,manual,truth,97.6,77.1,1,,,,0,37.22,0.075,0.054,17,question,9
2026-10-08 22:43:04.240,460.33,20261008_223523,prim,question,16,615,manual,truth,97.6,77.1,1,,,,0,37.22,0.081,0.061,16,question,9
2026-10-08 22:43:04.450,460.54,20261008_223523,prim,question,16,615,manual,truth,101.3,79.8,1,,,,0,37.23,0.087,0.063,17,question,9
2026-10-08 22:43:04.654,460.75,20261008_223523,prim,question,16,615,manual,truth,101.3,79.8,1,,,,0,37.23,0.082,0.06,17,question,9
2026-10-08 22:43:04.862,460.96,20261008_223523,prim,question,16,615,manual,truth,101.3,79.8,1,,,,0,37.23,0.076,0.055,17,question,9
2026-10-08 22:43:05.068,461.16,20261008_223523,prim,question,16,615,manual,truth,101.3,71.9,1,,,,0,37.23,0.076,0.052,17,question,9
2026-10-08 22:43:05.273,461.37,20261008_223523,prim,question,16,615,manual,truth,101.3,71.9,1,,,,0,37.23,0.072,0.049,17,question,9
2026-10-08 22:43:05.482,461.57,20261008_223523,prim,question,16,615,manual,truth,101.3,71.9,1,,,,0,37.24,0.073,0.046,17,question,9
2026-10-08 22:43:05.685,461.78,20261008_223523,prim,question,16,615,manual,truth,101.3,71.3,1,,,,0,37.24,0.072,0.043,17,question,9
2026-10-08 22:43:05.890,461.98,20261008_223523,prim,question,16,615,manual,truth,101.3,71.3,1,,,,0,37.24,0.07,0.041,17,question,9
2026-10-08 22:43:06.138,462.23,20261008_223523,prim,question,16,615,manual,truth,101.3,71.3,1,,,,0,37.24,0.066,0.038,17,question,9
2026-10-08 22:43:06.321,462.41,20261008_223523,prim,question,16,615,manual,truth,100.9,70.1,1,,,,0,37.24,0.063,0.035,17,question,9
2026-10-08 22:43:06.519,462.61,20261008_223523,prim,question,16,615,manual,truth,100.9,70.1,1,,,,0,37.24,0.061,0.033,17,question,9
2026-10-08 22:43:06.719,462.81,20261008_223523,prim,question,16,615,manual,truth,100.9,70.1,1,,,,0,37.24,0.061,0.033,17,question,9
2026-10-08 22:43:06.927,463.02,20261008_223523,prim,question,16,615,manual,truth,100.9,70.1,1,,,,0,37.21,0.058,0.032,17,question,9
2026-10-08 22:43:07.131,463.22,20261008_223523,prim,question,16,615,manual,truth,100.9,70.1,1,,,,0,37.21,0.058,0.034,17,question,9
2026-10-08 22:43:07.339,463.43,20261008_223523,prim,question,16,615,manual,truth,100.9,70.1,1,,,,0,37.22,0.063,0.036,17,question,9
2026-10-08 22:43:07.549,463.64,20261008_223523,prim,question,16,615,manual,truth,100.9,70.1,1,,,,0,37.22,0.063,0.036,17,question,9
2026-10-08 22:43:07.750,463.84,20261008_223523,prim,question,16,615,manual,truth,100.9,70.1,1,,,,0,37.23,0.062,0.035,17,question,9
2026-10-08 22:43:07.961,464.05,20261008_223523,prim,question,16,615,manual,truth,100.9,70.1,1,,,,0,37.23,0.059,0.033,17,question,9
2026-10-08 22:43:08.159,464.25,20261008_223523,prim,question,16,615,manual,truth,100.9,70.1,1,,,,0,37.23,0.063,0.034,17,question,9
2026-10-08 22:43:08.369,464.46,20261008_223523,prim,question,16,615,manual,truth,102.0,43.2,1,,,,0,37.23,0.062,0.035,17,question,9
2026-10-08 22:43:08.571,464.66,20261008_223523,prim,question,16,615,manual,truth,102.0,43.2,1,,,,0,37.23,0.058,0.032,17,question,9
2026-10-08 22:43:08.780,464.87,20261008_223523,prim,question,16,615,manual,truth,102.0,43.2,1,,,,0,37.24,0.055,0.03,17,question,9
2026-10-08 22:43:08.998,465.09,20261008_223523,prim,question,16,615,manual,truth,102.0,43.2,1,,,,0,37.24,0.053,0.028,17,question,9
2026-10-08 22:43:09.184,465.28,20261008_223523,prim,question,16,615,manual,truth,102.0,43.2,1,,,,0,37.24,0.05,0.027,17,question,9
2026-10-08 22:43:09.394,465.49,20261008_223523,prim,question,16,615,manual,truth,100.9,43.2,1,,,,0,37.24,0.051,0.027,17,question,9
2026-10-08 22:43:09.595,465.69,20261008_223523,prim,question,16,615,manual,truth,100.9,43.2,1,,,,0,37.24,0.055,0.03,17,question,9
2026-10-08 22:43:09.806,465.9,20261008_223523,prim,question,16,615,manual,truth,100.9,43.2,1,,,,0,37.24,0.07,0.039,17,question,9
2026-10-08 22:43:10.011,466.1,20261008_223523,prim,question,16,615,manual,truth,97.5,40.7,1,,,,0,37.24,0.065,0.038,17,question,9
2026-10-08 22:43:10.214,466.31,20261008_223523,prim,question,16,615,manual,truth,97.5,40.7,1,,,,0,37.24,0.06,0.035,17,question,9
2026-10-08 22:43:10.697,466.79,20261008_223523,prim,question,16,615,manual,truth,97.5,40.7,1,,,,0,37.24,0.064,0.041,16,question,9
2026-10-08 22:43:10.703,466.8,20261008_223523,prim,recovery,16,615,manual,truth,97.5,43.4,1,,,,0,37.25,0.065,0.04,16,ready,9
2026-10-08 22:43:10.844,466.94,20261008_223523,prim,recovery,16,615,manual,truth,97.5,43.4,1,,,,0,37.25,0.072,0.04,16,ready,9
2026-10-08 22:43:11.039,467.13,20261008_223523,prim,recovery,16,615,manual,truth,97.5,43.4,1,,,,0,37.25,0.07,0.04,16,ready,9
2026-10-08 22:43:11.242,467.33,20261008_223523,prim,recovery,16,615,manual,truth,97.5,43.4,1,,,,0,37.25,0.065,0.038,16,ready,9
2026-10-08 22:43:11.440,467.53,20261008_223523,prim,recovery,16,615,manual,truth,96.7,51.5,1,,,,0,37.25,0.06,0.034,16,ready,9
2026-10-08 22:43:11.645,467.74,20261008_223523,prim,recovery,16,615,manual,truth,96.7,51.5,1,,,,0,37.25,0.059,0.033,16,ready,9
2026-10-08 22:43:11.852,467.94,20261008_223523,prim,recovery,16,615,manual,truth,96.7,51.5,1,,,,0,37.25,0.055,0.033,16,ready,9
2026-10-08 22:43:12.060,468.15,20261008_223523,prim,recovery,16,615,manual,truth,96.7,75.0,1,,,,0,37.22,0.054,0.03,16,ready,9
2026-10-08 22:43:12.282,468.37,20261008_223523,prim,recovery,16,615,manual,truth,96.7,75.0,1,,,,0,37.22,0.054,0.031,16,ready,9
2026-10-08 22:43:12.475,468.57,20261008_223523,prim,recovery,16,615,manual,truth,96.7,75.0,1,,,,0,37.23,0.052,0.029,16,ready,9
2026-10-08 22:43:12.680,468.77,20261008_223523,prim,recovery,16,615,manual,truth,96.7,73.3,1,,,,0,37.23,0.05,0.027,15,ready,9
2026-10-08 22:43:12.898,468.99,20261008_223523,prim,recovery,16,615,manual,truth,96.7,73.3,1,,,,0,37.23,0.051,0.029,15,ready,9
2026-10-08 22:43:13.103,469.2,20261008_223523,prim,recovery,16,615,manual,truth,98.4,80.7,1,,,,0,37.23,0.052,0.029,16,ready,9
2026-10-08 22:43:13.300,469.39,20261008_223523,prim,rest,,,,,98.4,80.7,1,,,,0,37.24,0.049,0.027,16,ready,9
2026-10-08 22:43:13.513,469.61,20261008_223523,prim,rest,,,,,98.4,80.7,1,,,,0,37.24,0.051,0.03,16,ready,9
2026-10-08 22:43:13.716,469.81,20261008_223523,prim,rest,,,,,98.4,80.7,1,,,,0,37.24,0.051,0.029,16,ready,9
2026-10-08 22:43:13.927,470.02,20261008_223523,prim,rest,,,,,98.4,80.7,1,,,,0,37.24,0.05,0.028,16,ready,9
2026-10-08 22:43:14.127,470.22,20261008_223523,prim,rest,,,,,98.4,80.7,1,,,,0,37.24,0.052,0.028,16,ready,9
2026-10-08 22:43:14.334,470.43,20261008_223523,prim,rest,,,,,98.4,80.7,1,,,,0,37.24,0.047,0.026,16,ready,9
2026-10-08 22:43:14.540,470.63,20261008_223523,prim,rest,,,,,98.4,80.7,1,,,,0,37.24,0.048,0.031,16,ready,9
2026-10-08 22:43:14.753,470.85,20261008_223523,prim,rest,,,,,98.4,80.7,1,,,,0,37.25,0.052,0.032,16,ready,9
2026-10-08 22:43:14.955,471.05,20261008_223523,prim,rest,,,,,100.7,85.6,1,,,,0,37.25,0.056,0.036,16,ready,9
2026-10-08 22:43:15.157,471.25,20261008_223523,prim,rest,,,,,100.7,85.6,1,,,,0,37.25,0.057,0.036,16,ready,9
2026-10-08 22:43:15.365,471.46,20261008_223523,prim,rest,,,,,100.7,85.6,1,,,,0,37.25,0.056,0.041,16,ready,9
2026-10-08 22:43:15.571,471.66,20261008_223523,prim,rest,,,,,100.7,139.2,1,,,,0,37.26,0.06,0.045,17,ready,9
2026-10-08 22:43:15.777,471.87,20261008_223523,prim,rest,,,,,100.7,139.2,1,,,,0,37.26,0.061,0.045,17,ready,9
2026-10-08 22:43:15.985,472.08,20261008_223523,prim,rest,,,,,100.7,139.2,1,,,,0,37.26,0.058,0.042,17,ready,9
2026-10-08 22:43:16.189,472.28,20261008_223523,prim,rest,,,,,100.7,139.2,1,,,,0,37.27,0.056,0.041,17,ready,9
2026-10-08 22:43:16.394,472.49,20261008_223523,prim,rest,,,,,98.4,139.6,1,,,,0,37.25,0.077,0.061,17,ready,9
2026-10-08 22:43:16.602,472.69,20261008_223523,prim,rest,,,,,98.4,139.6,1,,,,0,37.25,0.075,0.059,17,ready,9
2026-10-08 22:43:16.807,472.9,20261008_223523,prim,rest,,,,,98.4,139.6,1,,,,0,37.25,0.074,0.058,16,ready,9
2026-10-08 22:43:17.013,473.11,20261008_223523,prim,rest,,,,,98.4,139.6,1,,,,0,37.25,0.074,0.057,16,ready,9
2026-10-08 22:43:17.229,473.32,20261008_223523,prim,rest,,,,,98.4,139.6,1,,,,0,37.26,0.075,0.053,16,ready,9
2026-10-08 22:43:17.424,473.52,20261008_223523,prim,rest,,,,,98.4,139.6,1,,,,0,37.26,0.074,0.05,16,ready,9
2026-10-08 22:43:17.634,473.73,20261008_223523,prim,rest,,,,,85.8,139.6,1,,,,0,37.26,0.072,0.049,16,ready,9
2026-10-08 22:43:17.828,473.92,20261008_223523,prim,rest,,,,,85.8,139.6,1,,,,0,37.26,0.069,0.051,15,ready,9
2026-10-08 22:43:18.028,474.12,20261008_223523,prim,rest,,,,,85.8,139.6,1,,,,0,37.26,0.068,0.05,14,ready,9
2026-10-08 22:43:18.234,474.33,20261008_223523,prim,rest,,,,,85.8,139.6,1,,,,0,37.26,0.067,0.049,14,ready,9
2026-10-08 22:43:18.441,474.53,20261008_223523,prim,rest,,,,,85.8,139.6,1,,,,0,37.26,0.063,0.044,13,ready,9
2026-10-08 22:43:18.645,474.74,20261008_223523,prim,rest,,,,,85.8,139.6,1,,,,0,37.26,0.058,0.04,13,ready,9
2026-10-08 22:43:18.850,474.94,20261008_223523,prim,rest,,,,,81.4,139.6,1,,,,0,37.26,0.055,0.036,13,ready,9
2026-10-08 22:43:19.055,475.15,20261008_223523,prim,rest,,,,,81.4,139.6,1,,,,0,37.26,0.051,0.033,12,ready,9
2026-10-08 22:43:19.258,475.35,20261008_223523,prim,rest,,,,,81.4,139.6,1,,,,0,37.26,0.05,0.031,12,ready,9
2026-10-08 22:43:19.463,475.56,20261008_223523,prim,rest,,,,,81.4,142.0,1,,,,0,37.27,0.049,0.03,12,ready,9
2026-10-08 22:43:19.671,475.76,20261008_223523,prim,rest,,,,,81.4,142.0,1,,,,0,37.27,0.047,0.034,11,ready,9
2026-10-08 22:43:19.875,475.97,20261008_223523,prim,rest,,,,,81.4,142.0,1,,,,0,37.27,0.049,0.036,11,ready,9
2026-10-08 22:43:20.090,476.18,20261008_223523,prim,rest,,,,,85.8,143.2,1,,,,0,37.27,0.049,0.037,11,ready,9
2026-10-08 22:43:20.300,476.39,20261008_223523,prim,rest,,,,,85.8,143.2,1,,,,0,37.28,0.049,0.037,11,ready,9
2026-10-08 22:43:20.495,476.59,20261008_223523,prim,rest,,,,,85.8,143.2,1,,,,0,37.24,0.05,0.036,11,ready,9
2026-10-08 22:43:20.705,476.8,20261008_223523,prim,rest,,,,,90.4,140.6,1,,,,0,37.26,0.05,0.036,12,ready,9
2026-10-08 22:43:20.914,477.01,20261008_223523,prim,rest,,,,,90.4,140.6,1,,,,0,37.26,0.051,0.037,12,ready,9
2026-10-08 22:43:21.121,477.21,20261008_223523,prim,rest,,,,,90.4,140.6,1,,,,0,37.26,0.049,0.04,12,ready,9
2026-10-08 22:43:21.365,477.46,20261008_223523,prim,rest,,,,,95.2,129.4,1,,,,0,37.27,0.056,0.04,13,ready,9
2026-10-08 22:43:21.523,477.62,20261008_223523,prim,rest,,,,,95.2,129.4,1,,,,0,37.27,0.053,0.039,13,ready,9
2026-10-08 22:43:21.735,477.83,20261008_223523,prim,rest,,,,,95.2,129.4,1,,,,0,37.27,0.051,0.036,13,ready,9
2026-10-08 22:43:21.936,478.03,20261008_223523,prim,rest,,,,,99.1,129.6,1,,,,0,37.27,0.047,0.034,14,ready,9
2026-10-08 22:43:22.151,478.24,20261008_223523,prim,rest,,,,,99.1,129.6,1,,,,0,37.27,0.049,0.033,14,ready,9
2026-10-08 22:43:22.373,478.47,20261008_223523,prim,rest,,,,,99.1,129.6,1,,,,0,37.27,0.048,0.031,15,ready,9
2026-10-08 22:43:22.562,478.65,20261008_223523,prim,rest,,,,,99.1,123.5,1,,,,0,37.27,0.049,0.03,15,ready,9
2026-10-08 22:43:22.777,478.87,20261008_223523,prim,rest,,,,,99.1,123.5,1,,,,0,37.27,0.045,0.028,15,ready,9
2026-10-08 22:43:22.973,479.07,20261008_223523,prim,rest,,,,,99.1,123.5,1,,,,0,37.27,0.042,0.026,15,ready,9
2026-10-08 22:43:23.175,479.27,20261008_223523,prim,rest,,,,,99.1,123.5,1,,,,0,37.28,0.041,0.023,16,ready,9
2026-10-08 22:43:23.381,479.47,20261008_223523,prim,rest,,,,,99.1,123.5,1,,,,0,37.28,0.04,0.022,16,ready,9
2026-10-08 22:43:25.486,481.58,20261008_223523,prim,rest,,,,,99.1,52.1,1,,,,0,37.31,0.035,0.028,16,ready,9
2026-10-08 22:43:25.681,481.77,20261008_223523,prim,rest,,,,,99.1,46.9,1,,,,0,37.31,0.034,0.03,16,ready,9
2026-10-08 22:43:25.890,481.98,20261008_223523,prim,rest,,,,,99.1,46.9,1,,,,0,37.28,0.047,0.037,16,ready,9
2026-10-08 22:43:26.099,482.19,20261008_223523,prim,rest,,,,,99.1,46.9,1,,,,0,37.28,0.052,0.05,16,ready,9
2026-10-08 22:43:26.309,482.4,20261008_223523,prim,rest,,,,,99.1,46.9,1,,,,0,37.28,0.059,0.055,16,ready,9
2026-10-08 22:43:26.526,482.62,20261008_223523,prim,rest,,,,,99.1,46.9,1,,,,0,37.28,0.065,0.054,16,ready,9
2026-10-08 22:43:26.718,482.81,20261008_223523,prim,rest,,,,,99.1,46.9,1,,,,0,37.29,0.061,0.05,16,ready,9
2026-10-08 22:43:26.922,483.02,20261008_223523,prim,rest,,,,,99.1,46.9,1,,,,0,37.29,0.059,0.049,16,ready,9
2026-10-08 22:43:27.127,483.22,20261008_223523,prim,rest,,,,,99.1,46.9,1,,,,0,37.29,0.154,0.085,16,ready,9
2026-10-08 22:43:27.336,483.43,20261008_223523,prim,rest,,,,,96.5,46.9,1,,,,0,37.29,0.16,0.123,16,ready,9
2026-10-08 22:43:27.543,483.64,20261008_223523,prim,rest,,,,,96.5,46.9,1,,,,0,37.3,0.167,0.134,16,ready,9
2026-10-08 22:43:27.748,483.84,20261008_223523,prim,rest,,,,,96.5,46.9,1,,,,0,37.3,0.168,0.127,16,ready,9
2026-10-08 22:43:27.957,484.05,20261008_223523,prim,rest,,,,,96.5,64.6,1,,,,0,37.31,0.162,0.129,16,ready,9
2026-10-08 22:43:28.165,484.26,20261008_223523,prim,rest,,,,,96.5,64.6,1,,,,0,37.31,0.161,0.131,16,ready,9
2026-10-08 22:43:28.371,484.46,20261008_223523,prim,rest,,,,,96.5,64.6,1,,,,0,37.31,0.151,0.126,16,ready,9
2026-10-08 22:43:28.572,484.66,20261008_223523,prim,rest,,,,,94.0,59.7,1,,,,0,37.3,0.164,0.129,16,ready,9
2026-10-08 22:43:28.778,484.87,20261008_223523,prim,rest,,,,,94.0,59.7,1,,,,0,37.3,0.159,0.122,16,ready,9
2026-10-08 22:43:28.982,485.08,20261008_223523,prim,rest,,,,,94.0,59.7,1,,,,0,37.3,0.153,0.117,16,ready,9
2026-10-08 22:43:29.188,485.28,20261008_223523,prim,rest,,,,,94.0,59.7,1,,,,0,37.31,0.145,0.116,16,ready,9
2026-10-08 22:43:29.402,485.49,20261008_223523,prim,rest,,,,,94.0,59.7,1,,,,0,37.32,0.126,0.098,16,ready,9
2026-10-08 22:43:29.605,485.7,20261008_223523,prim,question,17,616,manual,lie,94.0,59.7,1,,,,0,37.32,0.119,0.093,15,question,9
2026-10-08 22:43:29.812,485.91,20261008_223523,prim,question,17,616,manual,lie,94.0,59.7,1,,,,0,37.33,0.11,0.084,15,question,9
2026-10-08 22:43:30.023,486.12,20261008_223523,prim,question,17,616,manual,lie,94.0,59.7,1,,,,0,37.33,0.1,0.076,15,question,9
2026-10-08 22:43:30.216,486.31,20261008_223523,prim,question,17,616,manual,lie,94.0,59.7,1,,,,0,37.3,0.091,0.069,15,question,8
2026-10-08 22:43:30.430,486.52,20261008_223523,prim,question,17,616,manual,lie,94.0,59.7,1,,,,0,37.31,0.084,0.063,15,question,8
2026-10-08 22:43:30.639,486.73,20261008_223523,prim,question,17,616,manual,lie,93.5,61.7,1,,,,0,37.31,0.077,0.058,15,question,8
2026-10-08 22:43:30.838,486.93,20261008_223523,prim,question,17,616,manual,lie,93.5,61.7,1,,,,0,37.32,0.072,0.053,15,question,8
2026-10-08 22:43:31.038,487.13,20261008_223523,prim,question,17,616,manual,lie,93.5,61.7,1,,,,0,37.33,0.066,0.048,15,question,8
2026-10-08 22:43:31.246,487.34,20261008_223523,prim,question,17,616,manual,lie,94.0,76.0,1,,,,0,37.33,0.061,0.044,15,question,8
2026-10-08 22:43:31.452,487.54,20261008_223523,prim,question,17,616,manual,lie,94.0,76.0,1,,,,0,37.33,0.056,0.04,15,question,9
2026-10-08 22:43:33.512,489.61,20261008_223523,prim,question,17,616,manual,lie,93.5,80.7,1,,,,0,37.37,0.052,0.03,14,question,8
2026-10-08 22:43:33.705,489.8,20261008_223523,prim,question,17,616,manual,lie,87.2,85.6,1,,,,0,37.36,0.052,0.031,14,question,8
2026-10-08 22:43:33.915,490.01,20261008_223523,prim,question,17,616,manual,lie,87.2,85.6,1,,,,0,37.37,0.071,0.041,14,question,8
2026-10-08 22:43:34.118,490.21,20261008_223523,prim,question,17,616,manual,lie,87.2,85.6,1,,,,0,37.37,0.09,0.067,13,question,8
2026-10-08 22:43:34.328,490.42,20261008_223523,prim,question,17,616,manual,lie,87.2,85.6,1,,,,0,37.37,0.086,0.063,13,question,8
2026-10-08 22:43:34.537,490.63,20261008_223523,prim,question,17,616,manual,lie,80.7,80.2,1,,,,0,37.37,0.079,0.057,13,question,8
2026-10-08 22:43:34.740,490.83,20261008_223523,prim,question,17,616,manual,lie,80.7,80.2,1,,,,0,37.37,0.077,0.053,12,question,8
2026-10-08 22:43:34.947,491.04,20261008_223523,prim,question,17,616,manual,lie,80.7,80.2,1,,,,0,37.37,0.073,0.051,12,question,8
2026-10-08 22:43:35.157,491.25,20261008_223523,prim,question,17,616,manual,lie,80.7,104.7,1,,,,0,37.38,0.07,0.048,12,question,8
2026-10-08 22:43:35.361,491.45,20261008_223523,prim,question,17,616,manual,lie,80.7,104.7,1,,,,0,37.39,0.068,0.044,11,question,8
2026-10-08 22:43:35.569,491.66,20261008_223523,prim,question,17,616,manual,lie,80.7,104.7,1,,,,0,37.38,0.062,0.04,11,question,8
2026-10-08 22:43:35.789,491.88,20261008_223523,prim,question,17,616,manual,lie,80.7,105.5,1,,,,0,37.39,0.063,0.037,11,question,8
2026-10-08 22:43:35.984,492.08,20261008_223523,prim,question,17,616,manual,lie,80.7,105.5,1,,,,0,37.35,0.066,0.041,11,question,8
2026-10-08 22:43:36.188,492.28,20261008_223523,prim,question,17,616,manual,lie,80.7,105.5,1,,,,0,37.35,0.066,0.05,11,question,8
2026-10-08 22:43:36.416,492.51,20261008_223523,prim,question,17,616,manual,lie,96.1,99.7,1,,,,0,37.36,0.064,0.05,12,question,8
2026-10-08 22:43:36.616,492.71,20261008_223523,prim,question,17,616,manual,lie,96.1,99.7,1,,,,0,37.36,0.061,0.047,12,question,8
2026-10-08 22:43:36.810,492.9,20261008_223523,prim,question,17,616,manual,lie,96.1,99.7,1,,,,0,37.36,0.057,0.046,13,question,8
2026-10-08 22:43:37.020,493.11,20261008_223523,prim,question,17,616,manual,lie,99.1,90.3,1,,,,0,37.36,0.053,0.042,13,question,8
2026-10-08 22:43:37.219,493.31,20261008_223523,prim,question,17,616,manual,lie,99.1,90.3,1,,,,0,37.37,0.05,0.04,14,question,8
2026-10-08 22:43:37.428,493.52,20261008_223523,prim,question,17,616,manual,lie,99.1,96.9,1,,,,0,37.36,0.046,0.035,15,question,8
2026-10-08 22:43:37.645,493.74,20261008_223523,prim,question,17,616,manual,lie,99.1,96.9,1,,,,0,37.38,0.046,0.037,15,question,8
2026-10-08 22:43:37.838,493.93,20261008_223523,prim,question,17,616,manual,lie,99.1,96.9,1,,,,0,37.38,0.049,0.037,15,question,8
2026-10-08 22:43:38.050,494.14,20261008_223523,prim,question,17,616,manual,lie,99.1,96.2,1,,,,0,37.39,0.049,0.035,15,question,8
2026-10-08 22:43:38.249,494.34,20261008_223523,prim,question,17,616,manual,lie,99.1,96.2,1,,,,0,37.39,0.046,0.033,15,question,8
2026-10-08 22:43:38.459,494.55,20261008_223523,prim,question,17,616,manual,lie,99.1,96.2,1,,,,0,37.39,0.042,0.031,16,question,8
2026-10-08 22:43:38.665,494.76,20261008_223523,prim,question,17,616,manual,lie,99.6,105.9,1,,,,0,37.4,0.04,0.03,16,question,8
2026-10-08 22:43:38.869,494.96,20261008_223523,prim,question,17,616,manual,lie,99.6,105.9,1,,,,0,37.4,0.039,0.03,16,question,8
2026-10-08 22:43:39.076,495.17,20261008_223523,prim,question,17,616,manual,lie,106.8,96.8,1,,,,0,37.4,0.038,0.028,16,question,8
2026-10-08 22:43:39.284,495.38,20261008_223523,prim,question,17,616,manual,lie,106.8,96.8,1,,,,0,37.4,0.036,0.026,17,question,8
2026-10-08 22:43:39.488,495.58,20261008_223523,prim,question,17,616,manual,lie,106.8,96.8,1,,,,0,37.41,0.035,0.024,17,question,8
2026-10-08 22:43:39.698,495.79,20261008_223523,prim,question,17,616,manual,lie,106.8,96.8,1,,,,0,37.4,0.034,0.022,18,question,8
2026-10-08 22:43:39.904,496.0,20261008_223523,prim,question,17,616,manual,lie,137.5,96.8,1,,,,0,37.41,0.038,0.027,21,question,8
2026-10-08 22:43:40.116,496.21,20261008_223523,prim,question,17,616,manual,lie,137.5,96.8,1,,,,0,37.37,0.037,0.027,24,question,8
2026-10-08 22:43:40.313,496.41,20261008_223523,prim,question,17,616,manual,lie,137.5,96.8,1,,,,0,37.38,0.034,0.024,26,question,8
2026-10-08 22:43:40.524,496.62,20261008_223523,prim,question,17,616,manual,lie,137.5,96.8,1,,,,0,37.39,0.031,0.024,28,question,8
2026-10-08 22:43:40.728,496.82,20261008_223523,prim,question,17,616,manual,lie,137.5,96.8,1,,,,0,37.39,0.031,0.023,30,question,8
2026-10-08 22:43:40.930,497.02,20261008_223523,prim,question,17,616,manual,lie,137.5,96.8,1,,,,0,37.39,0.03,0.022,31,question,8
2026-10-08 22:43:41.155,497.25,20261008_223523,prim,question,17,616,manual,lie,137.5,96.8,1,,,,0,37.4,0.029,0.021,32,question,8
2026-10-08 22:43:41.337,497.43,20261008_223523,prim,question,17,616,manual,lie,137.5,96.8,1,,,,0,37.36,0.03,0.023,33,question,8
2026-10-08 22:43:43.540,499.63,20261008_223523,prim,recovery,17,616,manual,lie,73.5,,1,,,,0,37.41,0.036,0.02,16,ready,8
2026-10-08 22:43:43.744,499.84,20261008_223523,prim,recovery,17,616,manual,lie,73.0,,1,,,,0,37.42,0.035,0.019,14,ready,8
2026-10-08 22:43:43.955,500.05,20261008_223523,prim,recovery,17,616,manual,lie,73.0,,1,,,,0,37.42,0.033,0.018,13,ready,8
2026-10-08 22:43:44.150,500.24,20261008_223523,prim,recovery,17,616,manual,lie,73.0,,1,,,,0,37.43,0.032,0.017,12,ready,8
2026-10-08 22:43:44.358,500.45,20261008_223523,prim,recovery,17,616,manual,lie,73.0,,1,,,,0,37.44,0.031,0.016,12,ready,8
2026-10-08 22:43:44.560,500.65,20261008_223523,prim,recovery,17,616,manual,lie,73.0,,1,,,,0,37.44,0.03,0.017,11,ready,8
2026-10-08 22:43:44.771,500.86,20261008_223523,prim,rest,,,,,70.5,,1,,,,0,37.44,0.028,0.016,10,ready,8
2026-10-08 22:43:44.970,501.06,20261008_223523,prim,rest,,,,,70.5,,1,,,,0,37.41,0.027,0.015,10,ready,8
2026-10-08 22:43:45.176,501.27,20261008_223523,prim,rest,,,,,70.5,,1,,,,0,37.41,0.026,0.014,9,ready,8
2026-10-08 22:43:45.388,501.48,20261008_223523,prim,rest,,,,,73.0,155.2,1,,,,0,37.42,0.024,0.013,9,ready,8
2026-10-08 22:43:45.593,501.69,20261008_223523,prim,rest,,,,,73.0,155.2,1,,,,0,37.42,0.062,0.024,9,ready,8
2026-10-08 22:43:45.797,501.89,20261008_223523,prim,rest,,,,,73.0,155.2,1,,,,0,37.43,0.075,0.046,9,ready,8
2026-10-08 22:43:46.004,502.1,20261008_223523,prim,rest,,,,,74.1,138.9,1,,,,0,37.43,0.076,0.053,9,ready,8
2026-10-08 22:43:46.215,502.31,20261008_223523,prim,rest,,,,,74.1,138.9,1,,,,0,37.44,0.08,0.062,9,ready,8
2026-10-08 22:43:46.423,502.52,20261008_223523,prim,rest,,,,,74.1,138.9,1,,,,0,37.44,0.074,0.058,9,ready,8
2026-10-08 22:43:46.627,502.72,20261008_223523,prim,rest,,,,,74.1,138.9,1,,,,0,37.44,0.084,0.082,9,ready,8
2026-10-08 22:43:46.835,502.93,20261008_223523,prim,rest,,,,,74.1,138.9,1,,,,0,37.41,0.104,0.124,9,ready,8
2026-10-08 22:43:47.037,503.13,20261008_223523,prim,rest,,,,,68.2,164.4,1,,,,0,37.41,0.098,0.115,9,ready,8
2026-10-08 22:43:47.245,503.34,20261008_223523,prim,rest,,,,,68.2,164.4,1,,,,0,37.41,0.093,0.108,8,ready,8
2026-10-08 22:43:47.453,503.55,20261008_223523,prim,rest,,,,,68.2,164.4,1,,,,0,37.42,0.102,0.105,8,ready,8
2026-10-08 22:43:47.658,503.75,20261008_223523,prim,rest,,,,,68.2,164.4,1,,,,0,37.42,0.112,0.1,8,ready,8
2026-10-08 22:43:47.880,503.97,20261008_223523,prim,rest,,,,,68.2,164.4,1,,,,0,37.43,0.114,0.097,8,ready,8
2026-10-08 22:43:48.070,504.16,20261008_223523,prim,rest,,,,,68.2,164.4,1,,,,0,37.43,0.105,0.09,8,ready,8
2026-10-08 22:43:48.291,504.38,20261008_223523,prim,rest,,,,,94.4,164.4,1,,,,0,37.43,0.1,0.084,9,ready,8
2026-10-08 22:43:48.504,504.6,20261008_223523,prim,rest,,,,,94.4,164.4,1,,,,0,37.43,0.1,0.079,10,ready,8
2026-10-08 22:43:48.686,504.78,20261008_223523,prim,rest,,,,,94.4,164.4,1,,,,0,37.44,0.096,0.075,12,ready,8
2026-10-08 22:43:48.887,504.98,20261008_223523,prim,rest,,,,,94.4,164.4,1,,,,0,37.44,0.094,0.075,12,ready,8
2026-10-08 22:43:49.090,505.18,20261008_223523,prim,rest,,,,,94.4,164.4,1,,,,0,37.45,0.088,0.071,13,ready,8
2026-10-08 22:43:49.294,505.39,20261008_223523,prim,rest,,,,,94.4,164.4,1,,,,0,37.44,0.081,0.065,13,ready,8
2026-10-08 22:43:49.525,505.62,20261008_223523,prim,rest,,,,,94.4,164.4,1,,,,0,37.45,0.074,0.06,13,ready,8
2026-10-08 22:43:49.713,505.81,20261008_223523,prim,rest,,,,,94.4,164.4,1,,,,0,37.45,0.069,0.056,14,ready,8
2026-10-08 22:43:49.909,506.0,20261008_223523,prim,rest,,,,,94.4,164.4,1,,,,0,37.46,0.065,0.051,14,ready,8
2026-10-08 22:43:50.163,506.26,20261008_223523,prim,rest,,,,,94.4,164.4,1,,,,0,37.46,0.061,0.048,14,ready,8
2026-10-08 22:43:50.324,506.42,20261008_223523,prim,rest,,,,,95.2,155.5,1,,,,0,37.46,0.057,0.046,14,ready,8
2026-10-08 22:43:50.532,506.62,20261008_223523,prim,rest,,,,,95.2,155.5,1,,,,0,37.47,0.055,0.045,14,ready,8
2026-10-08 22:43:50.732,506.82,20261008_223523,prim,rest,,,,,95.2,155.5,1,,,,0,37.47,0.051,0.041,14,ready,8
2026-10-08 22:43:50.945,507.04,20261008_223523,prim,rest,,,,,95.2,146.3,1,,,,0,37.43,0.048,0.038,14,ready,8
2026-10-08 22:43:51.158,507.25,20261008_223523,prim,rest,,,,,95.2,146.3,1,,,,0,37.42,0.045,0.038,14,ready,8
2026-10-08 22:43:51.398,507.49,20261008_223523,prim,rest,,,,,95.2,146.3,1,,,,0,37.41,0.041,0.037,14,ready,8
2026-10-08 22:43:51.574,507.67,20261008_223523,prim,rest,,,,,95.2,146.3,1,,,,0,37.42,0.054,0.039,15,ready,8
2026-10-08 22:43:51.755,507.85,20261008_223523,prim,rest,,,,,95.2,146.3,1,,,,0,37.43,0.055,0.039,15,ready,8
2026-10-08 22:43:51.965,508.06,20261008_223523,prim,rest,,,,,95.2,146.3,1,,,,0,37.42,0.054,0.038,15,ready,8
2026-10-08 22:43:52.154,508.25,20261008_223523,prim,rest,,,,,95.2,146.3,1,,,,0,37.43,0.05,0.035,15,ready,8
2026-10-08 22:43:52.360,508.45,20261008_223523,prim,rest,,,,,95.2,146.3,1,,,,0,37.43,0.049,0.032,15,ready,8
2026-10-08 22:43:52.582,508.68,20261008_223523,prim,rest,,,,,95.2,146.3,1,,,,0,37.44,0.052,0.031,15,ready,8
2026-10-08 22:43:52.775,508.87,20261008_223523,prim,rest,,,,,96.0,162.1,1,,,,0,37.44,0.049,0.031,15,ready,8
2026-10-08 22:43:52.975,509.07,20261008_223523,prim,rest,,,,,96.0,162.1,1,,,,0,37.45,0.046,0.029,15,ready,8
2026-10-08 22:43:53.196,509.29,20261008_223523,prim,rest,,,,,96.0,162.1,1,,,,0,37.45,0.044,0.027,15,ready,8
2026-10-08 22:43:53.391,509.48,20261008_223523,prim,rest,,,,,97.6,160.2,1,,,,0,37.46,0.041,0.027,15,ready,8
2026-10-08 22:43:53.601,509.69,20261008_223523,prim,rest,,,,,97.6,160.2,1,,,,0,37.46,0.04,0.026,15,ready,8
2026-10-08 22:43:53.809,509.9,20261008_223523,prim,rest,,,,,97.6,160.2,1,,,,0,37.46,0.043,0.029,15,ready,8
2026-10-08 22:43:54.010,510.1,20261008_223523,prim,rest,,,,,97.6,159.9,1,,,,0,37.46,0.045,0.03,15,ready,8
2026-10-08 22:43:54.210,510.3,20261008_223523,prim,rest,,,,,97.6,159.9,1,,,,0,37.43,0.062,0.031,15,ready,8
2026-10-08 22:43:54.425,510.52,20261008_223523,prim,rest,,,,,97.6,159.9,1,,,,0,37.43,0.071,0.048,15,ready,8
2026-10-08 22:43:54.629,510.72,20261008_223523,prim,rest,,,,,97.6,159.9,1,,,,0,37.44,0.066,0.05,15,ready,8
2026-10-08 22:43:54.830,510.92,20261008_223523,prim,rest,,,,,98.3,128.7,1,,,,0,37.45,0.066,0.053,16,ready,8
2026-10-08 22:43:55.038,511.13,20261008_223523,prim,rest,,,,,98.3,128.7,1,,,,0,37.45,0.065,0.054,16,ready,8
2026-10-08 22:43:55.250,511.34,20261008_223523,prim,rest,,,,,98.3,128.7,1,,,,0,37.46,0.06,0.05,16,ready,8
2026-10-08 22:43:55.451,511.54,20261008_223523,prim,rest,,,,,98.3,134.1,1,,,,0,37.42,0.056,0.047,16,ready,8
2026-10-08 22:43:55.657,511.75,20261008_223523,prim,rest,,,,,98.3,134.1,1,,,,0,37.43,0.051,0.043,16,ready,8
2026-10-08 22:43:55.880,511.97,20261008_223523,prim,rest,,,,,98.3,134.1,1,,,,0,37.44,0.047,0.04,16,ready,8
2026-10-08 22:43:56.123,512.22,20261008_223523,prim,rest,,,,,98.3,134.1,1,,,,0,37.45,0.043,0.036,16,ready,8
2026-10-08 22:43:56.282,512.37,20261008_223523,prim,rest,,,,,97.7,92.8,1,,,,0,37.45,0.04,0.033,16,ready,8
2026-10-08 22:43:56.486,512.58,20261008_223523,prim,rest,,,,,97.7,92.8,1,,,,0,37.46,0.035,0.028,16,ready,8
2026-10-08 22:43:56.694,512.79,20261008_223523,prim,rest,,,,,97.7,92.8,1,,,,0,37.47,0.032,0.026,16,ready,8
2026-10-08 22:43:56.898,512.99,20261008_223523,prim,rest,,,,,102.4,92.8,1,,,,0,37.47,0.03,0.024,16,ready,8
2026-10-08 22:43:57.095,513.19,20261008_223523,prim,rest,,,,,102.4,92.8,1,,,,0,37.48,0.029,0.024,16,ready,8
2026-10-08 22:43:57.308,513.4,20261008_223523,prim,rest,,,,,102.4,92.8,1,,,,0,37.48,0.027,0.022,16,ready,8
2026-10-08 22:43:57.507,513.6,20261008_223523,prim,rest,,,,,102.4,94.2,1,,,,0,37.49,0.026,0.022,17,ready,8
2026-10-08 22:43:57.721,513.81,20261008_223523,prim,rest,,,,,102.4,94.2,1,,,,0,37.49,0.027,0.02,17,ready,8
2026-10-08 22:43:57.936,514.03,20261008_223523,prim,rest,,,,,102.4,94.2,1,,,,0,37.49,0.026,0.019,17,ready,8
2026-10-08 22:43:58.128,514.22,20261008_223523,prim,rest,,,,,102.4,94.2,1,,,,0,37.49,0.024,0.018,17,ready,8
2026-10-08 22:43:58.340,514.43,20261008_223523,prim,rest,,,,,102.4,94.2,1,,,,0,37.5,0.026,0.019,17,ready,8
2026-10-08 22:43:58.535,514.63,20261008_223523,prim,rest,,,,,102.4,94.2,1,,,,0,37.5,0.027,0.022,17,ready,8
2026-10-08 22:43:58.745,514.84,20261008_223523,prim,rest,,,,,102.4,94.2,1,,,,0,37.5,0.027,0.021,17,ready,8
2026-10-08 22:43:58.946,515.04,20261008_223523,prim,recovery,18,617,manual,lie,97.7,95.4,1,,,,0,37.5,0.029,0.02,17,ready,8
2026-10-08 22:43:59.151,515.24,20261008_223523,prim,question,18,617,manual,lie,97.7,95.4,1,,,,0,37.5,0.035,0.025,17,question,8
2026-10-08 22:43:59.356,515.45,20261008_223523,prim,question,18,617,manual,lie,97.7,95.4,1,,,,0,37.5,0.034,0.026,16,question,8
2026-10-08 22:43:59.578,515.67,20261008_223523,prim,question,18,617,manual,lie,98.2,94.2,1,,,,0,37.47,0.035,0.025,16,question,8
2026-10-08 22:43:59.770,515.86,20261008_223523,prim,question,18,617,manual,lie,98.2,94.2,1,,,,0,37.46,0.033,0.023,16,question,8
2026-10-08 22:43:59.979,516.07,20261008_223523,prim,question,18,617,manual,lie,98.2,94.2,1,,,,0,37.47,0.032,0.024,16,question,8
2026-10-08 22:44:00.187,516.28,20261008_223523,prim,question,18,617,manual,lie,98.2,94.2,1,,,,0,37.48,0.031,0.024,16,question,8
2026-10-08 22:44:00.389,516.48,20261008_223523,prim,question,18,617,manual,lie,102.4,94.2,1,,,,0,37.48,0.029,0.023,16,question,8
2026-10-08 22:44:00.598,516.69,20261008_223523,prim,question,18,617,manual,lie,102.4,94.2,1,,,,0,37.48,0.03,0.023,16,question,8
2026-10-08 22:44:00.814,516.91,20261008_223523,prim,question,18,617,manual,lie,102.4,94.2,1,,,,0,37.49,0.03,0.022,17,question,8
2026-10-08 22:44:01.006,517.1,20261008_223523,prim,question,18,617,manual,lie,102.4,94.2,1,,,,0,37.49,0.029,0.021,17,question,8
2026-10-08 22:44:01.229,517.32,20261008_223523,prim,question,18,617,manual,lie,102.4,94.2,1,,,,0,37.5,0.027,0.02,17,question,8
2026-10-08 22:44:01.420,517.51,20261008_223523,prim,question,18,617,manual,lie,98.2,61.8,1,,,,0,37.5,0.027,0.02,17,question,8
2026-10-08 22:44:01.631,517.72,20261008_223523,prim,question,18,617,manual,lie,98.2,61.8,1,,,,0,37.5,0.027,0.02,16,question,8
2026-10-08 22:44:01.834,517.93,20261008_223523,prim,question,18,617,manual,lie,98.2,61.8,1,,,,0,37.51,0.027,0.019,16,question,8
2026-10-08 22:44:02.041,518.13,20261008_223523,prim,question,18,617,manual,lie,98.2,76.5,1,,,,0,37.51,0.025,0.018,16,question,8
2026-10-08 22:44:02.254,518.35,20261008_223523,prim,question,18,617,manual,lie,98.2,76.5,1,,,,0,37.5,0.025,0.017,16,question,9
2026-10-08 22:44:02.454,518.55,20261008_223523,prim,question,18,617,manual,lie,98.2,76.5,1,,,,0,37.5,0.024,0.016,16,question,9
2026-10-08 22:44:02.659,518.75,20261008_223523,prim,question,18,617,manual,lie,98.2,107.1,1,,,,0,37.5,0.036,0.02,16,question,8
2026-10-08 22:44:02.867,518.96,20261008_223523,prim,question,18,617,manual,lie,98.2,107.1,1,,,,0,37.51,0.042,0.024,16,question,8
2026-10-08 22:44:03.076,519.17,20261008_223523,prim,question,18,617,manual,lie,119.1,139.2,1,,,,0,37.51,0.044,0.022,18,question,8
2026-10-08 22:44:03.284,519.38,20261008_223523,prim,question,18,617,manual,lie,119.1,139.2,1,,,,0,37.51,0.043,0.023,19,question,9
2026-10-08 22:44:03.484,519.58,20261008_223523,prim,question,18,617,manual,lie,119.1,134.0,1,,,,0,37.51,0.043,0.027,20,question,8
2026-10-08 22:44:03.692,519.79,20261008_223523,prim,question,18,617,manual,lie,138.1,134.2,1,,,,0,37.53,0.076,0.049,24,question,9
2026-10-08 22:44:03.889,519.98,20261008_223523,prim,question,18,617,manual,lie,138.1,134.2,1,,,,0,37.52,0.081,0.054,27,question,9
2026-10-08 22:44:04.203,520.3,20261008_223523,prim,question,18,617,manual,lie,141.6,127.0,1,,,,0,37.52,0.084,0.059,29,question,8
2026-10-08 22:44:04.300,520.39,20261008_223523,prim,question,18,617,manual,lie,141.6,127.0,1,,,,0,37.52,0.085,0.076,31,question,8
2026-10-08 22:44:04.504,520.6,20261008_223523,prim,question,18,617,manual,lie,141.6,125.3,1,,,,0,37.52,0.081,0.078,33,question,9
2026-10-08 22:44:04.719,520.81,20261008_223523,prim,question,18,617,manual,lie,141.6,125.3,1,,,,0,37.53,0.075,0.071,34,question,9
2026-10-08 22:44:04.911,521.0,20261008_223523,prim,question,18,617,manual,lie,141.6,125.3,1,,,,0,37.53,0.069,0.067,35,question,9
2026-10-08 22:44:05.116,521.21,20261008_223523,prim,question,18,617,manual,lie,141.6,118.1,1,,,,0,37.53,0.067,0.062,36,question,9
2026-10-08 22:44:05.320,521.41,20261008_223523,prim,question,18,617,manual,lie,141.6,118.1,1,,,,0,37.53,0.061,0.056,37,question,9
2026-10-08 22:44:05.516,521.61,20261008_223523,prim,question,18,617,manual,lie,139.6,118.7,1,,,,0,37.53,0.056,0.051,37,question,9
2026-10-08 22:44:05.737,521.83,20261008_223523,prim,question,18,617,manual,lie,139.6,118.7,1,,,,0,37.54,0.052,0.047,37,question,9
2026-10-08 22:44:05.928,522.02,20261008_223523,prim,question,18,617,manual,lie,139.6,118.7,1,,,,0,37.54,0.049,0.044,37,question,9
2026-10-08 22:44:06.140,522.23,20261008_223523,prim,question,18,617,manual,lie,139.6,118.7,1,,,,0,37.54,0.054,0.047,37,question,9
2026-10-08 22:44:06.357,522.45,20261008_223523,prim,question,18,617,manual,lie,139.6,118.7,1,,,,0,37.54,0.06,0.051,38,question,9
2026-10-08 22:44:06.536,522.63,20261008_223523,prim,question,18,617,manual,lie,139.6,118.7,1,,,,0,37.54,0.056,0.047,38,question,9
2026-10-08 22:44:06.738,522.83,20261008_223523,prim,question,18,617,manual,lie,139.6,118.7,1,,,,0,37.54,0.052,0.044,38,question,9
2026-10-08 22:44:06.943,523.04,20261008_223523,prim,question,18,617,manual,lie,139.6,118.7,1,,,,0,37.54,0.05,0.043,38,question,8
2026-10-08 22:44:07.147,523.24,20261008_223523,prim,question,18,617,manual,lie,139.6,118.7,1,,,,0,37.53,0.059,0.048,38,question,8
2026-10-08 22:44:07.357,523.45,20261008_223523,prim,question,18,617,manual,lie,139.6,118.7,1,,,,0,37.54,0.054,0.044,38,question,9
2026-10-08 22:44:07.560,523.65,20261008_223523,prim,question,18,617,manual,lie,139.6,118.7,1,,,,0,37.54,0.054,0.041,38,question,9
2026-10-08 22:44:07.770,523.86,20261008_223523,prim,question,18,617,manual,lie,139.6,118.7,1,,,,0,37.54,0.051,0.038,38,question,9
2026-10-08 22:44:07.975,524.07,20261008_223523,prim,question,18,617,manual,lie,139.6,118.7,1,,,,0,37.54,0.058,0.039,38,question,9
2026-10-08 22:44:08.184,524.28,20261008_223523,prim,question,18,617,manual,lie,139.6,118.7,1,,,,0,37.56,0.063,0.039,38,question,8
2026-10-08 22:44:08.393,524.49,20261008_223523,prim,question,18,617,manual,lie,139.6,118.7,1,,,,0,37.56,0.058,0.036,38,question,8
2026-10-08 22:44:08.602,524.69,20261008_223523,prim,question,18,617,manual,lie,139.6,118.7,1,,,,0,37.56,0.055,0.033,38,question,8
2026-10-08 22:44:08.803,524.9,20261008_223523,prim,question,18,617,manual,lie,139.6,118.7,1,,,,0,37.56,0.053,0.031,38,question,8
2026-10-08 22:44:09.011,525.1,20261008_223523,prim,question,18,617,manual,lie,139.6,118.7,1,,,,0,37.56,0.049,0.028,38,question,8
2026-10-08 22:44:09.215,525.31,20261008_223523,prim,question,18,617,manual,lie,139.6,118.7,1,,,,0,37.56,0.045,0.026,38,question,8
2026-10-08 22:44:09.420,525.51,20261008_223523,prim,question,18,617,manual,lie,139.6,118.7,1,,,,0,37.56,0.047,0.029,38,question,8
2026-10-08 22:44:09.627,525.72,20261008_223523,prim,question,18,617,manual,lie,139.6,118.7,1,,,,0,37.56,0.079,0.034,38,question,8
2026-10-08 22:44:09.926,526.02,20261008_223523,prim,question,18,617,manual,lie,139.6,118.7,1,,,,0,37.56,0.088,0.041,38,question,8
2026-10-08 22:44:10.042,526.14,20261008_223523,prim,question,18,617,manual,lie,139.6,118.7,1,,,,0,37.56,0.106,0.07,38,question,8
2026-10-08 22:44:10.244,526.34,20261008_223523,prim,question,18,617,manual,lie,,,1,,,,0,37.56,0.115,0.105,35,question,9
2026-10-08 22:44:10.450,526.54,20261008_223523,prim,question,18,617,manual,lie,,,1,,,,0,37.56,0.122,0.107,32,question,9
2026-10-08 22:44:10.656,526.75,20261008_223523,prim,question,18,617,manual,lie,,,1,,,,0,37.56,0.113,0.1,30,question,9
2026-10-08 22:44:10.882,526.98,20261008_223523,prim,question,18,617,manual,lie,,,1,,,,0,37.56,0.116,0.093,28,question,9
2026-10-08 22:44:11.060,527.15,20261008_223523,prim,recovery,18,617,manual,lie,,,1,,,,0,37.56,0.112,0.088,27,ready,8
2026-10-08 22:44:11.269,527.36,20261008_223523,prim,recovery,18,617,manual,lie,,,1,,,,0,37.56,0.124,0.092,26,ready,8
2026-10-08 22:44:11.472,527.56,20261008_223523,prim,recovery,18,617,manual,lie,60.2,,1,,,,0,37.56,0.123,0.089,22,ready,8
2026-10-08 22:44:11.676,527.77,20261008_223523,prim,recovery,18,617,manual,lie,60.2,,1,,,,0,37.56,0.113,0.081,19,ready,8
2026-10-08 22:44:11.884,527.98,20261008_223523,prim,recovery,18,617,manual,lie,73.8,,1,,,,0,37.56,0.104,0.075,17,ready,8
2026-10-08 22:44:12.090,528.18,20261008_223523,prim,recovery,18,617,manual,lie,73.8,,1,,,,0,37.56,0.1,0.07,16,ready,8
2026-10-08 22:44:12.294,528.39,20261008_223523,prim,recovery,18,617,manual,lie,73.8,,1,,,,0,37.56,0.092,0.066,15,ready,8
2026-10-08 22:44:12.506,528.6,20261008_223523,prim,recovery,18,617,manual,lie,83.0,,1,,,,0,37.56,0.088,0.062,14,ready,8
2026-10-08 22:44:12.722,528.82,20261008_223523,prim,recovery,18,617,manual,lie,83.0,,1,,,,0,37.56,0.081,0.057,13,ready,8
2026-10-08 22:44:12.921,529.01,20261008_223523,prim,recovery,18,617,manual,lie,83.0,,1,,,,0,37.56,0.073,0.052,13,ready,8
2026-10-08 22:44:13.118,529.21,20261008_223523,prim,recovery,18,617,manual,lie,94.7,418.2,1,,,,0,37.56,0.067,0.047,13,ready,8
2026-10-08 22:44:13.322,529.42,20261008_223523,prim,recovery,18,617,manual,lie,94.7,418.2,1,,,,0,37.56,0.063,0.043,14,ready,8
2026-10-08 22:44:13.520,529.61,20261008_223523,prim,recovery,18,617,manual,lie,94.7,418.2,1,,,,0,37.56,0.057,0.04,14,ready,8
2026-10-08 22:44:13.734,529.83,20261008_223523,prim,rest,,,,,100.0,374.1,1,,,,0,37.53,0.052,0.036,14,ready,9
2026-10-08 22:44:13.919,530.01,20261008_223523,prim,rest,,,,,100.0,374.1,1,,,,0,37.55,0.048,0.033,15,ready,9
2026-10-08 22:44:14.120,530.21,20261008_223523,prim,rest,,,,,100.0,374.1,1,,,,0,37.54,0.043,0.03,15,ready,8
2026-10-08 22:44:14.318,530.41,20261008_223523,prim,rest,,,,,100.0,374.1,1,,,,0,37.55,0.04,0.028,15,ready,8
2026-10-08 22:44:14.519,530.61,20261008_223523,prim,rest,,,,,100.0,374.1,1,,,,0,37.55,0.039,0.03,15,ready,8
2026-10-08 22:44:14.725,530.82,20261008_223523,prim,rest,,,,,100.0,374.1,1,,,,0,37.55,0.052,0.038,16,ready,8
2026-10-08 22:44:14.931,531.02,20261008_223523,prim,rest,,,,,100.0,374.1,1,,,,0,37.56,0.055,0.039,16,ready,8
2026-10-08 22:44:15.139,531.23,20261008_223523,prim,rest,,,,,100.0,374.1,1,,,,0,37.56,0.053,0.036,16,ready,8
2026-10-08 22:44:15.342,531.43,20261008_223523,prim,rest,,,,,100.0,374.1,1,,,,0,37.56,0.053,0.034,16,ready,8
2026-10-08 22:44:15.546,531.64,20261008_223523,prim,rest,,,,,100.0,374.1,1,,,,0,37.56,0.052,0.031,16,ready,8
2026-10-08 22:44:15.754,531.85,20261008_223523,prim,rest,,,,,100.0,374.1,1,,,,0,37.56,0.056,0.031,16,ready,8
2026-10-08 22:44:15.949,532.04,20261008_223523,prim,rest,,,,,100.0,374.1,1,,,,0,37.56,0.064,0.035,16,ready,8
2026-10-08 22:44:16.160,532.25,20261008_223523,prim,rest,,,,,100.0,343.9,1,,,,0,37.56,0.065,0.036,16,ready,8
2026-10-08 22:44:16.366,532.46,20261008_223523,prim,rest,,,,,100.0,343.9,1,,,,0,37.56,0.066,0.037,16,ready,8
2026-10-08 22:44:16.586,532.68,20261008_223523,prim,rest,,,,,100.0,343.9,1,,,,0,37.56,0.062,0.034,17,ready,8
2026-10-08 22:44:16.774,532.87,20261008_223523,prim,rest,,,,,100.0,318.5,1,,,,0,37.57,0.057,0.033,17,ready,8
2026-10-08 22:44:16.985,533.08,20261008_223523,prim,rest,,,,,100.0,318.5,1,,,,0,37.57,0.054,0.031,17,ready,8
2026-10-08 22:44:17.184,533.28,20261008_223523,prim,rest,,,,,100.7,301.6,1,,,,0,37.57,0.05,0.028,17,ready,8
2026-10-08 22:44:17.388,533.48,20261008_223523,prim,rest,,,,,100.7,301.6,1,,,,0,37.57,0.046,0.027,17,ready,8
2026-10-08 22:44:17.593,533.69,20261008_223523,prim,rest,,,,,100.7,301.6,1,,,,0,37.57,0.043,0.026,17,ready,8
2026-10-08 22:44:17.796,533.89,20261008_223523,prim,rest,,,,,100.7,301.6,1,,,,0,37.57,0.04,0.026,17,ready,8
2026-10-08 22:44:18.008,534.1,20261008_223523,prim,rest,,,,,100.7,301.6,1,,,,0,37.57,0.038,0.024,17,ready,8
2026-10-08 22:44:18.210,534.3,20261008_223523,prim,rest,,,,,100.7,301.6,1,,,,0,37.53,0.038,0.026,17,ready,8
2026-10-08 22:44:18.418,534.51,20261008_223523,prim,rest,,,,,100.7,301.6,1,,,,0,37.54,0.036,0.028,17,ready,8
2026-10-08 22:44:18.629,534.72,20261008_223523,prim,rest,,,,,97.9,301.6,1,,,,0,37.54,0.034,0.027,16,ready,8
2026-10-08 22:44:18.831,534.92,20261008_223523,prim,rest,,,,,97.9,301.6,1,,,,0,37.54,0.032,0.024,16,ready,8
2026-10-08 22:44:19.038,535.13,20261008_223523,prim,rest,,,,,97.9,301.6,1,,,,0,37.54,0.031,0.023,16,ready,8
2026-10-08 22:44:19.247,535.34,20261008_223523,prim,rest,,,,,100.7,285.6,1,,,,0,37.55,0.043,0.028,16,ready,8
2026-10-08 22:44:19.455,535.55,20261008_223523,prim,rest,,,,,100.7,285.6,1,,,,0,37.55,0.049,0.035,16,ready,8
2026-10-08 22:44:19.664,535.76,20261008_223523,prim,rest,,,,,100.7,285.6,1,,,,0,37.55,0.06,0.046,16,ready,8
2026-10-08 22:44:19.865,535.96,20261008_223523,prim,rest,,,,,101.7,258.0,1,,,,0,37.56,0.06,0.044,17,ready,8
2026-10-08 22:44:20.069,536.16,20261008_223523,prim,rest,,,,,101.7,258.0,1,,,,0,37.56,0.055,0.04,17,ready,8
2026-10-08 22:44:20.275,536.37,20261008_223523,prim,rest,,,,,103.4,95.4,1,,,,0,37.56,0.051,0.038,17,ready,8
2026-10-08 22:44:20.482,536.57,20261008_223523,prim,rest,,,,,103.4,95.4,1,,,,0,37.56,0.052,0.04,17,ready,8
2026-10-08 22:44:20.682,536.77,20261008_223523,prim,rest,,,,,103.4,76.7,1,,,,0,37.56,0.052,0.037,17,ready,8
2026-10-08 22:44:20.882,536.97,20261008_223523,prim,rest,,,,,103.4,76.7,1,,,,0,37.57,0.051,0.035,17,ready,8
2026-10-08 22:44:21.082,537.17,20261008_223523,prim,rest,,,,,103.4,76.7,1,,,,0,37.57,0.049,0.035,17,ready,8
2026-10-08 22:44:21.291,537.38,20261008_223523,prim,rest,,,,,103.4,76.7,1,,,,0,37.57,0.046,0.034,18,ready,8
2026-10-08 22:44:21.502,537.59,20261008_223523,prim,rest,,,,,103.4,76.7,1,,,,0,37.57,0.088,0.064,18,ready,8
2026-10-08 22:44:21.703,537.8,20261008_223523,prim,rest,,,,,103.4,76.7,1,,,,0,37.58,0.136,0.102,18,ready,8
2026-10-08 22:44:21.909,538.0,20261008_223523,prim,rest,,,,,103.4,76.7,1,,,,0,37.58,0.144,0.101,18,ready,8
2026-10-08 22:44:22.121,538.21,20261008_223523,prim,rest,,,,,,,1,,,,0,37.58,0.144,0.102,19,ready,8
2026-10-08 22:44:22.320,538.41,20261008_223523,prim,rest,,,,,,,1,,,,0,37.54,0.132,0.098,19,ready,8
2026-10-08 22:44:22.519,538.61,20261008_223523,prim,rest,,,,,,,1,,,,0,37.54,0.136,0.097,20,ready,8
2026-10-08 22:44:22.726,538.82,20261008_223523,prim,rest,,,,,122.4,,1,,,,0,37.55,0.135,0.109,21,ready,8
2026-10-08 22:44:22.930,539.02,20261008_223523,prim,rest,,,,,122.4,,1,,,,0,37.55,0.127,0.105,23,ready,8
2026-10-08 22:44:23.134,539.23,20261008_223523,prim,rest,,,,,122.4,,1,,,,0,37.56,0.116,0.096,24,ready,8
2026-10-08 22:44:23.339,539.43,20261008_223523,prim,rest,,,,,100.0,,1,,,,0,37.56,0.105,0.088,22,ready,8
2026-10-08 22:44:23.554,539.65,20261008_223523,prim,rest,,,,,100.0,,1,,,,0,37.57,0.097,0.082,21,ready,8
2026-10-08 22:44:23.759,539.85,20261008_223523,prim,rest,,,,,100.0,,1,,,,0,37.57,0.099,0.084,21,ready,8
2026-10-08 22:44:23.948,540.04,20261008_223523,prim,rest,,,,,98.7,,1,,,,0,37.57,0.092,0.078,20,ready,8
2026-10-08 22:44:24.154,540.25,20261008_223523,prim,rest,,,,,98.7,,1,,,,0,37.58,0.086,0.072,19,ready,8
2026-10-08 22:44:24.365,540.46,20261008_223523,prim,rest,,,,,98.7,,1,,,,0,37.58,0.084,0.065,19,ready,8
2026-10-08 22:44:24.564,540.66,20261008_223523,prim,rest,,,,,98.7,,1,,,,0,37.58,0.081,0.06,18,ready,8
2026-10-08 22:44:24.782,540.87,20261008_223523,prim,rest,,,,,98.7,,1,,,,0,37.59,0.082,0.057,18,ready,8
2026-10-08 22:44:24.973,541.07,20261008_223523,prim,rest,,,,,100.0,,1,,,,0,37.59,0.083,0.055,18,ready,8
2026-10-08 22:44:25.179,541.27,20261008_223523,prim,rest,,,,,100.0,,1,,,,0,37.59,0.084,0.065,18,ready,8
2026-10-08 22:44:25.387,541.48,20261008_223523,prim,rest,,,,,100.0,,1,,,,0,37.59,0.1,0.073,17,ready,8
2026-10-08 22:44:25.595,541.69,20261008_223523,prim,rest,,,,,100.0,,1,,,,0,37.59,0.094,0.077,17,ready,8
2026-10-08 22:44:25.794,541.89,20261008_223523,prim,rest,,,,,97.4,132.9,1,,,,0,37.59,0.086,0.071,17,ready,8
2026-10-08 22:44:26.002,542.1,20261008_223523,prim,rest,,,,,97.4,132.9,1,,,,0,37.59,0.08,0.065,17,ready,8
2026-10-08 22:44:26.219,542.31,20261008_223523,prim,rest,,,,,97.4,132.9,1,,,,0,37.59,0.073,0.059,17,ready,8
2026-10-08 22:44:26.422,542.52,20261008_223523,prim,rest,,,,,94.9,119.8,1,,,,0,37.59,0.067,0.054,16,ready,8
2026-10-08 22:44:26.629,542.72,20261008_223523,prim,rest,,,,,94.9,119.8,1,,,,0,37.59,0.073,0.054,16,ready,8
2026-10-08 22:44:26.936,543.03,20261008_223523,prim,rest,,,,,94.9,119.8,1,,,,0,37.58,0.073,0.05,16,ready,8
2026-10-08 22:44:27.035,543.13,20261008_223523,prim,rest,,,,,94.9,132.8,1,,,,0,37.59,0.067,0.048,16,ready,8
2026-10-08 22:44:27.255,543.35,20261008_223523,prim,rest,,,,,94.9,132.8,1,,,,0,37.59,0.063,0.046,15,ready,8
2026-10-08 22:44:27.454,543.55,20261008_223523,prim,rest,,,,,94.9,132.8,1,,,,0,37.59,0.068,0.05,15,ready,8
2026-10-08 22:44:27.656,543.75,20261008_223523,prim,rest,,,,,91.1,135.5,1,,,,0,37.59,0.078,0.054,15,ready,8
2026-10-08 22:44:27.861,543.95,20261008_223523,prim,rest,,,,,91.1,135.5,1,,,,0,37.57,0.074,0.052,15,ready,8
2026-10-08 22:44:28.070,544.16,20261008_223523,prim,rest,,,,,91.1,135.5,1,,,,0,37.57,0.081,0.053,15,ready,8
2026-10-08 22:44:28.274,544.37,20261008_223523,prim,rest,,,,,91.1,135.5,1,,,,0,37.57,0.076,0.049,14,ready,8
2026-10-08 22:44:28.479,544.57,20261008_223523,prim,rest,,,,,91.1,135.5,1,,,,0,37.58,0.071,0.045,14,ready,8
2026-10-08 22:44:28.684,544.78,20261008_223523,prim,rest,,,,,91.1,135.5,1,,,,0,37.58,0.071,0.044,14,ready,8
2026-10-08 22:44:28.891,544.98,20261008_223523,prim,rest,,,,,91.1,135.5,1,,,,0,37.59,0.084,0.054,14,ready,8
2026-10-08 22:44:29.096,545.19,20261008_223523,prim,rest,,,,,91.1,135.5,1,,,,0,37.59,0.082,0.054,14,ready,8
2026-10-08 22:44:29.306,545.4,20261008_223523,prim,rest,,,,,91.1,135.5,1,,,,0,37.59,0.077,0.054,14,ready,8
2026-10-08 22:44:29.505,545.6,20261008_223523,prim,rest,,,,,91.1,135.5,1,,,,0,37.6,0.071,0.05,14,ready,8
2026-10-08 22:44:29.715,545.81,20261008_223523,prim,rest,,,,,91.1,135.5,1,,,,0,37.6,0.064,0.045,14,ready,8
2026-10-08 22:44:29.921,546.01,20261008_223523,prim,rest,,,,,91.1,135.5,1,,,,0,37.6,0.058,0.042,14,ready,8
2026-10-08 22:44:30.129,546.22,20261008_223523,prim,rest,,,,,91.1,135.5,1,,,,0,37.6,0.055,0.04,14,ready,8
2026-10-08 22:44:30.335,546.43,20261008_223523,prim,rest,,,,,,,1,,,,0,37.6,0.052,0.037,14,ready,8
2026-10-08 22:44:30.540,546.63,20261008_223523,prim,rest,,,,,,,1,,,,0,37.6,0.061,0.042,15,ready,9
2026-10-08 22:44:30.752,546.84,20261008_223523,prim,rest,,,,,95.1,,1,,,,0,37.6,0.067,0.045,15,ready,9
2026-10-08 22:44:30.954,547.05,20261008_223523,prim,rest,,,,,95.1,,1,,,,0,37.58,0.068,0.042,15,ready,9
2026-10-08 22:44:31.163,547.26,20261008_223523,prim,rest,,,,,95.1,,1,,,,0,37.59,0.068,0.042,15,ready,9
2026-10-08 22:44:31.370,547.46,20261008_223523,prim,rest,,,,,103.5,,1,,,,0,37.59,0.063,0.039,15,ready,9
2026-10-08 22:44:31.635,547.73,20261008_223523,prim,rest,,,,,103.5,,1,,,,0,37.59,0.058,0.036,16,ready,9
2026-10-08 22:44:31.779,547.87,20261008_223523,prim,rest,,,,,120.6,,1,,,,0,37.59,0.055,0.034,18,ready,9
2026-10-08 22:44:31.989,548.08,20261008_223523,prim,rest,,,,,120.6,,1,,,,0,37.59,0.056,0.034,19,ready,9
2026-10-08 22:44:32.193,548.29,20261008_223523,prim,rest,,,,,120.6,,1,,,,0,37.59,0.054,0.033,21,ready,9
2026-10-08 22:44:32.404,548.5,20261008_223523,prim,rest,,,,,120.6,,1,,,,0,37.6,0.052,0.032,22,ready,9
2026-10-08 22:44:32.604,548.7,20261008_223523,prim,rest,,,,,120.6,,1,,,,0,37.57,0.049,0.029,23,ready,9
2026-10-08 22:44:32.811,548.9,20261008_223523,prim,rest,,,,,120.6,,1,,,,0,37.58,0.05,0.032,23,ready,9
2026-10-08 22:44:33.018,549.11,20261008_223523,prim,rest,,,,,120.6,,1,,,,0,37.58,0.069,0.054,24,ready,9
2026-10-08 22:44:33.240,549.33,20261008_223523,prim,rest,,,,,120.6,,1,,,,0,37.58,0.067,0.056,24,ready,9
2026-10-08 22:44:33.443,549.54,20261008_223523,prim,rest,,,,,103.5,,1,,,,0,37.58,0.062,0.052,23,ready,9
2026-10-08 22:44:33.639,549.73,20261008_223523,prim,rest,,,,,103.5,,1,,,,0,37.58,0.057,0.048,22,ready,9
2026-10-08 22:44:33.847,549.94,20261008_223523,prim,rest,,,,,103.5,,1,,,,0,37.59,0.053,0.044,21,ready,9
2026-10-08 22:44:34.055,550.15,20261008_223523,prim,rest,,,,,103.5,292.2,1,,,,0,37.59,0.049,0.04,21,ready,9
2026-10-08 22:44:34.260,550.35,20261008_223523,prim,rest,,,,,103.5,292.2,1,,,,0,37.59,0.052,0.037,20,ready,9
2026-10-08 22:44:34.463,550.56,20261008_223523,prim,rest,,,,,103.5,292.2,1,,,,0,37.59,0.048,0.035,20,ready,9
2026-10-08 22:44:34.672,550.77,20261008_223523,prim,rest,,,,,103.5,292.2,1,,,,0,37.6,0.045,0.033,20,ready,9
2026-10-08 22:44:34.881,550.97,20261008_223523,prim,rest,,,,,103.5,292.2,1,,,,0,37.6,0.042,0.033,19,ready,9
2026-10-08 22:44:35.084,551.18,20261008_223523,prim,rest,,,,,101.8,292.2,1,,,,0,37.6,0.047,0.032,19,ready,9
2026-10-08 22:44:35.303,551.4,20261008_223523,prim,rest,,,,,101.8,292.2,1,,,,0,37.61,0.047,0.041,19,ready,9
2026-10-08 22:44:35.505,551.6,20261008_223523,prim,rest,,,,,101.8,292.2,1,,,,0,37.61,0.048,0.043,18,ready,9
2026-10-08 22:44:35.709,551.8,20261008_223523,prim,rest,,,,,100.7,261.8,1,,,,0,37.61,0.049,0.044,18,ready,9
2026-10-08 22:44:35.911,552.0,20261008_223523,prim,rest,,,,,100.7,261.8,1,,,,0,37.61,0.046,0.04,18,ready,9
2026-10-08 22:44:36.118,552.21,20261008_223523,prim,rest,,,,,100.7,247.9,1,,,,0,37.6,0.042,0.036,17,ready,9
2026-10-08 22:44:36.325,552.42,20261008_223523,prim,rest,,,,,100.7,247.9,1,,,,0,37.6,0.04,0.034,17,ready,9
2026-10-08 22:44:36.528,552.62,20261008_223523,prim,rest,,,,,100.7,234.5,1,,,,0,37.6,0.037,0.031,17,ready,8
2026-10-08 22:44:36.734,552.83,20261008_223523,prim,rest,,,,,100.7,234.5,1,,,,0,37.6,0.035,0.029,17,ready,9
2026-10-08 22:44:36.940,553.03,20261008_223523,prim,rest,,,,,100.7,234.5,1,,,,0,37.6,0.034,0.027,17,ready,8
2026-10-08 22:44:37.150,553.24,20261008_223523,prim,rest,,,,,100.7,234.5,1,,,,0,37.6,0.032,0.025,17,ready,8
2026-10-08 22:44:37.362,553.45,20261008_223523,prim,rest,,,,,100.7,234.5,1,,,,0,37.61,0.029,0.023,17,ready,8
2026-10-08 22:44:37.564,553.66,20261008_223523,prim,rest,,,,,100.7,234.5,1,,,,0,37.61,0.028,0.021,17,ready,8
2026-10-08 22:44:37.758,553.85,20261008_223523,prim,rest,,,,,100.7,234.5,1,,,,0,37.61,0.026,0.019,17,ready,8
2026-10-08 22:44:37.960,554.05,20261008_223523,prim,rest,,,,,100.7,234.5,1,,,,0,37.59,0.025,0.018,17,ready,8
2026-10-08 22:44:38.168,554.26,20261008_223523,prim,rest,,,,,100.7,234.5,1,,,,0,37.59,0.023,0.017,17,ready,8
2026-10-08 22:44:38.373,554.47,20261008_223523,prim,rest,,,,,100.7,234.5,1,,,,0,37.59,0.022,0.015,17,ready,8
2026-10-08 22:44:38.576,554.67,20261008_223523,prim,rest,,,,,100.7,234.5,1,,,,0,37.6,0.022,0.015,17,ready,8
2026-10-08 22:44:38.779,554.87,20261008_223523,prim,rest,,,,,100.7,234.5,1,,,,0,37.6,0.025,0.014,17,ready,8
2026-10-08 22:44:39.111,555.2,20261008_223523,prim,rest,,,,,100.7,234.5,1,,,,0,37.6,0.025,0.015,17,ready,8
2026-10-08 22:44:39.191,555.28,20261008_223523,prim,rest,,,,,100.7,234.5,1,,,,0,37.6,0.027,0.018,17,ready,8
2026-10-08 22:44:39.400,555.49,20261008_223523,prim,rest,,,,,100.7,234.5,1,,,,0,37.61,0.03,0.019,17,ready,8
2026-10-08 22:44:39.615,555.71,20261008_223523,prim,rest,,,,,100.7,234.5,1,,,,0,37.61,0.032,0.02,17,ready,8
2026-10-08 22:44:39.810,555.9,20261008_223523,prim,rest,,,,,105.1,128.4,1,,,,0,37.62,0.033,0.019,17,ready,9
2026-10-08 22:44:40.021,556.11,20261008_223523,prim,rest,,,,,105.1,128.4,1,,,,0,37.62,0.032,0.018,17,ready,9
2026-10-08 22:44:40.222,556.32,20261008_223523,prim,rest,,,,,105.1,113.9,1,,,,0,37.62,0.031,0.017,17,ready,9
2026-10-08 22:44:40.426,556.52,20261008_223523,prim,rest,,,,,105.1,113.9,1,,,,0,37.62,0.03,0.016,18,ready,9
2026-10-08 22:44:40.635,556.73,20261008_223523,prim,rest,,,,,105.1,113.9,1,,,,0,37.62,0.029,0.015,18,ready,9
2026-10-08 22:44:40.836,556.93,20261008_223523,prim,rest,,,,,105.1,113.9,1,,,,0,37.62,0.028,0.013,18,ready,9
2026-10-08 22:44:41.041,557.13,20261008_223523,prim,rest,,,,,105.1,103.2,1,,,,0,37.62,0.028,0.013,18,ready,9
2026-10-08 22:44:41.248,557.34,20261008_223523,prim,rest,,,,,105.1,103.2,1,,,,0,37.62,0.026,0.013,18,ready,9
2026-10-08 22:44:41.452,557.55,20261008_223523,prim,rest,,,,,105.1,103.2,1,,,,0,37.62,0.026,0.012,18,ready,9
2026-10-08 22:44:41.659,557.75,20261008_223523,prim,rest,,,,,105.1,117.1,1,,,,0,37.62,0.025,0.011,18,ready,9
2026-10-08 22:44:41.878,557.97,20261008_223523,prim,rest,,,,,105.1,117.1,1,,,,0,37.62,0.024,0.012,18,ready,9
2026-10-08 22:44:42.077,558.17,20261008_223523,prim,rest,,,,,105.1,117.1,1,,,,0,37.62,0.025,0.018,18,ready,9
2026-10-08 22:44:42.285,558.38,20261008_223523,prim,rest,,,,,105.1,117.0,1,,,,0,37.62,0.025,0.021,18,ready,9
2026-10-08 22:44:42.491,558.58,20261008_223523,prim,rest,,,,,105.1,117.0,1,,,,0,37.62,0.025,0.021,18,ready,8
2026-10-08 22:44:42.707,558.8,20261008_223523,prim,rest,,,,,131.9,120.9,1,,,,0,37.62,0.024,0.02,21,ready,8
2026-10-08 22:44:42.908,559.0,20261008_223523,prim,rest,,,,,131.9,120.9,1,,,,0,37.62,0.022,0.018,23,ready,8
2026-10-08 22:44:43.110,559.2,20261008_223523,prim,rest,,,,,131.9,122.4,1,,,,0,37.62,0.02,0.016,25,ready,9
2026-10-08 22:44:43.321,559.41,20261008_223523,prim,rest,,,,,131.9,108.4,1,,,,0,37.62,0.026,0.016,27,ready,9
2026-10-08 22:44:43.528,559.62,20261008_223523,prim,rest,,,,,131.9,108.4,1,,,,0,37.62,0.028,0.022,28,ready,8
2026-10-08 22:44:43.733,559.83,20261008_223523,prim,rest,,,,,131.9,108.4,1,,,,0,37.58,0.029,0.022,29,ready,8
2026-10-08 22:44:43.940,560.03,20261008_223523,prim,rest,,,,,131.9,118.3,1,,,,0,37.58,0.028,0.021,30,ready,8
2026-10-08 22:44:44.144,560.24,20261008_223523,prim,rest,,,,,131.9,118.3,1,,,,0,37.59,0.028,0.02,30,ready,8
2026-10-08 22:44:44.349,560.44,20261008_223523,prim,rest,,,,,150.9,133.3,1,,,,0,37.59,0.027,0.022,33,ready,8
2026-10-08 22:44:44.553,560.65,20261008_223523,prim,rest,,,,,150.9,133.3,1,,,,0,37.6,0.029,0.023,35,ready,8
2026-10-08 22:44:44.761,560.85,20261008_223523,prim,rest,,,,,150.9,133.3,1,,,,0,37.6,0.033,0.026,37,ready,8
2026-10-08 22:44:44.963,561.06,20261008_223523,prim,rest,,,,,150.9,133.3,1,,,,0,37.6,0.032,0.025,39,ready,8
2026-10-08 22:44:45.168,561.26,20261008_223523,prim,rest,,,,,150.9,133.3,1,,,,0,37.6,0.034,0.026,40,ready,8
2026-10-08 22:44:45.375,561.47,20261008_223523,prim,rest,,,,,150.9,133.3,1,,,,0,37.61,0.033,0.024,41,ready,8
2026-10-08 22:44:45.582,561.67,20261008_223523,prim,rest,,,,,150.9,133.3,1,,,,0,37.61,0.039,0.027,42,ready,8
2026-10-08 22:44:45.786,561.88,20261008_223523,prim,rest,,,,,150.9,133.3,1,,,,0,37.61,0.039,0.034,43,ready,8
2026-10-08 22:44:45.996,562.09,20261008_223523,prim,rest,,,,,150.9,133.3,1,,,,0,37.61,0.042,0.035,43,ready,8
2026-10-08 22:44:46.277,562.37,20261008_223523,prim,rest,,,,,150.9,133.3,1,,,,0,37.61,0.043,0.04,44,ready,8
2026-10-08 22:44:46.400,562.49,20261008_223523,prim,rest,,,,,,,1,,,,0,37.61,0.043,0.04,39,ready,8
2026-10-08 22:44:46.607,562.7,20261008_223523,prim,rest,,,,,,,1,,,,0,37.61,0.054,0.041,35,ready,8
2026-10-08 22:44:46.810,562.9,20261008_223523,prim,rest,,,,,,,1,,,,0,37.61,0.124,0.158,32,ready,8
2026-10-08 22:44:47.331,563.42,20261008_223523,prim,rest,,,,,103.2,,1,,,,0,37.61,0.13,0.201,28,ready,8
2026-10-08 22:44:47.441,563.53,20261008_223523,prim,rest,,,,,103.2,,1,,,,0,37.62,0.139,0.242,26,ready,8
2026-10-08 22:44:47.641,563.73,20261008_223523,prim,rest,,,,,103.2,,1,,,,0,37.62,0.137,0.234,25,ready,8
2026-10-08 22:44:47.857,563.95,20261008_223523,prim,rest,,,,,101.2,,1,,,,0,37.62,0.148,0.218,24,ready,8
2026-10-08 22:44:48.067,564.16,20261008_223523,prim,rest,,,,,101.2,,1,,,,0,37.6,0.158,0.284,23,ready,8
2026-10-08 22:44:48.266,564.36,20261008_223523,prim,rest,,,,,103.2,,1,,,,0,37.6,0.165,0.317,22,ready,8
2026-10-08 22:44:48.478,564.57,20261008_223523,prim,rest,,,,,103.2,,1,,,,0,37.61,0.156,0.299,21,ready,8
2026-10-08 22:44:48.702,564.79,20261008_223523,prim,rest,,,,,103.2,,1,,,,0,37.61,0.193,0.29,21,ready,8
2026-10-08 22:44:48.888,564.98,20261008_223523,prim,rest,,,,,103.6,154.3,1,,,,0,37.61,0.181,0.265,21,ready,8
2026-10-08 22:44:49.099,565.19,20261008_223523,prim,rest,,,,,103.6,154.3,1,,,,0,37.62,0.166,0.272,21,ready,8
2026-10-08 22:44:49.323,565.42,20261008_223523,prim,rest,,,,,103.6,154.3,1,,,,0,37.63,0.162,0.337,20,ready,9
2026-10-08 22:44:49.517,565.61,20261008_223523,prim,rest,,,,,105.2,139.1,1,,,,0,37.63,0.188,0.358,20,ready,9
2026-10-08 22:44:49.711,565.8,20261008_223523,prim,rest,,,,,105.2,139.1,1,,,,0,37.65,0.262,0.54,20,ready,9
2026-10-08 22:44:49.963,566.06,20261008_223523,prim,rest,,,,,103.6,130.2,1,,,,0,37.66,0.604,0.615,21,ready,9
2026-10-08 22:44:50.124,566.22,20261008_223523,prim,rest,,,,,103.6,130.2,1,,,,0,37.68,0.57,0.629,22,ready,9
2026-10-08 22:44:50.374,566.47,20261008_223523,prim,rest,,,,,109.1,122.6,1,,,,0,37.68,0.519,0.581,23,ready,9
2026-10-08 22:44:50.537,566.63,20261008_223523,prim,rest,,,,,109.1,122.6,1,,,,0,37.69,0.47,0.539,23,ready,9
2026-10-08 22:44:50.738,566.83,20261008_223523,prim,rest,,,,,109.1,122.6,1,,,,0,37.7,0.425,0.491,24,ready,9
2026-10-08 22:44:50.943,567.04,20261008_223523,prim,rest,,,,,109.1,122.6,1,,,,0,37.71,0.385,0.444,24,ready,9
2026-10-08 22:44:51.194,567.29,20261008_223523,prim,rest,,,,,109.1,122.6,1,,,,0,37.72,0.349,0.402,24,ready,9
2026-10-08 22:44:51.355,567.45,20261008_223523,prim,rest,,,,,109.1,122.6,1,,,,0,37.73,0.316,0.365,24,ready,9
2026-10-08 22:44:51.559,567.65,20261008_223523,prim,rest,,,,,109.1,122.6,1,,,,0,37.74,0.286,0.331,24,ready,9
2026-10-08 22:44:51.764,567.86,20261008_223523,prim,rest,,,,,109.1,122.6,1,,,,0,37.75,0.26,0.301,24,ready,9
2026-10-08 22:44:51.969,568.06,20261008_223523,prim,rest,,,,,109.1,122.6,1,,,,0,37.76,0.235,0.273,24,ready,9
2026-10-08 22:44:52.174,568.27,20261008_223523,prim,rest,,,,,109.1,122.6,1,,,,0,37.77,0.213,0.248,23,ready,9
2026-10-08 22:44:52.370,568.46,20261008_223523,prim,rest,,,,,109.1,122.6,1,,,,0,37.78,0.193,0.225,23,ready,9
2026-10-08 22:44:52.578,568.67,20261008_223523,prim,rest,,,,,103.6,122.6,1,,,,0,37.79,0.175,0.204,23,ready,9
2026-10-08 22:44:52.785,568.88,20261008_223523,prim,rest,,,,,103.6,122.6,1,,,,0,37.79,0.159,0.185,22,ready,9
2026-10-08 22:44:52.989,569.08,20261008_223523,prim,rest,,,,,103.6,122.6,1,,,,0,37.8,0.145,0.167,21,ready,9
2026-10-08 22:44:53.195,569.29,20261008_223523,prim,rest,,,,,103.6,122.6,1,,,,0,37.81,0.131,0.151,21,ready,9
2026-10-08 22:44:53.404,569.5,20261008_223523,prim,rest,,,,,103.6,122.6,1,,,,0,37.81,0.119,0.137,21,ready,9
2026-10-08 22:44:53.610,569.7,20261008_223523,prim,rest,,,,,103.6,122.6,1,,,,0,37.82,0.109,0.124,20,ready,9
2026-10-08 22:44:53.810,569.9,20261008_223523,prim,rest,,,,,103.6,122.6,1,,,,0,37.82,0.099,0.113,20,ready,9
2026-10-08 22:44:54.022,570.11,20261008_223523,prim,rest,,,,,103.6,122.6,1,,,,0,37.83,0.09,0.102,20,ready,9
2026-10-08 22:44:54.224,570.32,20261008_223523,prim,rest,,,,,103.6,122.6,1,,,,0,37.83,0.082,0.093,19,ready,9
2026-10-08 22:44:54.423,570.52,20261008_223523,prim,rest,,,,,103.6,122.6,1,,,,0,37.84,0.084,0.092,19,ready,9
2026-10-08 22:44:54.622,570.71,20261008_223523,prim,rest,,,,,103.6,122.6,1,,,,0,37.84,0.091,0.09,19,ready,9
2026-10-08 22:44:54.821,570.91,20261008_223523,prim,rest,,,,,103.6,122.6,1,,,,0,37.84,0.084,0.082,19,ready,9
2026-10-08 22:44:55.022,571.11,20261008_223523,prim,rest,,,,,103.6,122.6,1,,,,0,37.84,0.079,0.075,19,ready,9
2026-10-08 22:44:55.222,571.31,20261008_223523,prim,rest,,,,,103.6,122.6,1,,,,0,37.85,0.074,0.068,19,ready,9
2026-10-08 22:44:55.421,571.51,20261008_223523,prim,rest,,,,,103.6,122.6,1,,,,0,37.84,0.07,0.062,19,ready,9
2026-10-08 22:44:55.625,571.72,20261008_223523,prim,rest,,,,,103.6,122.6,1,,,,0,37.85,0.064,0.056,19,ready,9
2026-10-08 22:44:55.825,571.92,20261008_223523,prim,rest,,,,,103.6,122.6,1,,,,0,37.85,0.058,0.052,18,ready,9
2026-10-08 22:44:56.019,572.11,20261008_223523,prim,rest,,,,,103.6,122.6,1,,,,0,37.85,0.054,0.048,18,ready,9
2026-10-08 22:44:56.237,572.33,20261008_223523,prim,rest,,,,,103.6,122.6,1,,,,0,37.85,0.049,0.044,18,ready,9
2026-10-08 22:44:56.435,572.53,20261008_223523,prim,rest,,,,,103.6,122.6,1,,,,0,37.85,0.045,0.04,18,ready,9
2026-10-08 22:44:57.044,573.14,20261008_223523,prim,rest,,,,,103.6,122.6,1,,,,0,37.83,0.041,0.036,18,ready,9
2026-10-08 22:44:57.046,573.14,20261008_223523,prim,rest,,,,,103.6,122.6,1,,,,0,37.83,0.037,0.033,18,ready,8
2026-10-08 22:44:57.119,573.21,20261008_223523,prim,rest,,,,,103.6,122.6,1,,,,0,37.82,0.034,0.03,18,ready,8
2026-10-08 22:44:57.252,573.34,20261008_223523,prim,rest,,,,,103.6,122.6,1,,,,0,37.82,0.031,0.028,18,ready,8
2026-10-08 22:44:57.458,573.55,20261008_223523,prim,rest,,,,,103.6,122.6,1,,,,0,37.82,0.036,0.029,18,ready,8
2026-10-08 22:44:57.664,573.76,20261008_223523,prim,rest,,,,,103.6,122.6,1,,,,0,37.83,0.037,0.028,18,ready,8
2026-10-08 22:44:57.874,573.97,20261008_223523,prim,rest,,,,,103.6,122.6,1,,,,0,37.83,0.034,0.025,18,ready,8
2026-10-08 22:44:58.079,574.17,20261008_223523,prim,rest,,,,,103.6,122.6,1,,,,0,37.83,0.031,0.023,18,ready,8
2026-10-08 22:44:58.283,574.38,20261008_223523,prim,rest,,,,,103.6,122.6,1,,,,0,37.83,0.03,0.021,18,ready,8
2026-10-08 22:44:58.492,574.58,20261008_223523,prim,rest,,,,,103.6,122.6,1,,,,0,37.83,0.028,0.02,18,ready,8
2026-10-08 22:44:58.700,574.79,20261008_223523,prim,rest,,,,,103.6,122.6,1,,,,0,37.84,0.027,0.018,18,ready,8
2026-10-08 22:44:58.907,575.0,20261008_223523,prim,rest,,,,,103.6,122.6,1,,,,0,37.84,0.025,0.016,18,ready,8
2026-10-08 22:44:59.110,575.2,20261008_223523,prim,rest,,,,,103.6,122.6,1,,,,0,37.84,0.024,0.015,18,ready,8
2026-10-08 22:44:59.318,575.41,20261008_223523,prim,rest,,,,,103.6,122.6,1,,,,0,37.84,0.022,0.013,18,ready,9
2026-10-08 22:44:59.524,575.62,20261008_223523,prim,rest,,,,,103.6,122.6,1,,,,0,37.84,0.021,0.012,18,ready,9
2026-10-08 22:44:59.728,575.82,20261008_223523,prim,rest,,,,,98.4,122.6,1,,,,0,37.84,0.02,0.011,17,ready,9
2026-10-08 22:44:59.935,576.03,20261008_223523,prim,rest,,,,,98.4,122.6,1,,,,0,37.84,0.02,0.011,17,ready,9
2026-10-08 22:45:00.139,576.23,20261008_223523,prim,rest,,,,,98.4,122.6,1,,,,0,37.84,0.018,0.01,17,ready,9
2026-10-08 22:45:00.351,576.44,20261008_223523,prim,rest,,,,,98.4,122.6,1,,,,0,37.85,0.017,0.01,17,ready,9
2026-10-08 22:45:00.551,576.64,20261008_223523,prim,rest,,,,,98.4,122.6,1,,,,0,37.84,0.019,0.012,16,ready,9
2026-10-08 22:45:00.763,576.86,20261008_223523,prim,rest,,,,,98.4,122.6,1,,,,0,37.8,0.019,0.011,16,ready,9
2026-10-08 22:45:00.969,577.06,20261008_223523,prim,rest,,,,,98.4,122.6,1,,,,0,37.81,0.019,0.01,16,ready,9
2026-10-08 22:45:01.169,577.26,20261008_223523,prim,rest,,,,,98.4,122.6,1,,,,0,37.81,0.018,0.01,16,ready,9
2026-10-08 22:45:01.374,577.47,20261008_223523,prim,rest,,,,,98.4,122.6,1,,,,0,37.81,0.018,0.01,16,ready,9
2026-10-08 22:45:01.579,577.67,20261008_223523,prim,rest,,,,,98.4,122.6,1,,,,0,37.81,0.019,0.01,16,ready,9
2026-10-08 22:45:01.802,577.89,20261008_223523,prim,rest,,,,,98.4,122.6,1,,,,0,37.82,0.017,0.009,16,ready,9
2026-10-08 22:45:01.997,578.09,20261008_223523,prim,rest,,,,,98.4,122.6,1,,,,0,37.82,0.017,0.009,16,ready,9
2026-10-08 22:45:02.205,578.3,20261008_223523,prim,rest,,,,,91.3,122.6,1,,,,0,37.82,0.017,0.008,15,ready,9
2026-10-08 22:45:02.402,578.49,20261008_223523,prim,rest,,,,,91.3,122.6,1,,,,0,37.82,0.022,0.013,15,ready,9
2026-10-08 22:45:02.610,578.7,20261008_223523,prim,rest,,,,,91.3,122.6,1,,,,0,37.82,0.03,0.025,15,ready,8
2026-10-08 22:45:02.815,578.91,20261008_223523,prim,rest,,,,,91.3,119.0,1,,,,0,37.81,0.028,0.027,14,ready,9
2026-10-08 22:45:03.018,579.11,20261008_223523,prim,rest,,,,,91.3,119.0,1,,,,0,37.81,0.03,0.027,14,ready,9
2026-10-08 22:45:03.229,579.32,20261008_223523,prim,rest,,,,,91.3,119.0,1,,,,0,37.81,0.031,0.026,14,ready,9
2026-10-08 22:45:03.431,579.52,20261008_223523,prim,rest,,,,,91.3,119.0,1,,,,0,37.81,0.032,0.024,14,ready,9
2026-10-08 22:45:03.637,579.73,20261008_223523,prim,rest,,,,,91.3,119.0,1,,,,0,37.82,0.03,0.023,14,ready,9
2026-10-08 22:45:03.844,579.94,20261008_223523,prim,rest,,,,,91.3,119.0,1,,,,0,37.81,0.028,0.021,14,ready,9
2026-10-08 22:45:04.050,580.14,20261008_223523,prim,rest,,,,,86.9,126.9,1,,,,0,37.81,0.028,0.022,13,ready,9
2026-10-08 22:45:04.263,580.36,20261008_223523,prim,rest,,,,,86.9,126.9,1,,,,0,37.81,0.025,0.021,13,ready,9
2026-10-08 22:45:04.473,580.57,20261008_223523,prim,rest,,,,,86.9,126.9,1,,,,0,37.81,0.025,0.019,13,ready,9
2026-10-08 22:45:04.671,580.76,20261008_223523,prim,rest,,,,,86.9,127.0,1,,,,0,37.81,0.028,0.022,13,ready,9
2026-10-08 22:45:04.877,580.97,20261008_223523,prim,rest,,,,,86.9,127.0,1,,,,0,37.82,0.028,0.021,12,ready,9
2026-10-08 22:45:05.085,581.18,20261008_223523,prim,rest,,,,,86.9,127.0,1,,,,0,37.79,0.027,0.02,12,ready,9
2026-10-08 22:45:05.297,581.39,20261008_223523,prim,rest,,,,,93.7,87.6,1,,,,0,37.78,0.039,0.024,13,ready,9
2026-10-08 22:45:05.500,581.59,20261008_223523,prim,rest,,,,,93.7,87.6,1,,,,0,37.79,0.055,0.034,13,ready,9
2026-10-08 22:45:05.703,581.8,20261008_223523,prim,rest,,,,,93.7,87.6,1,,,,0,37.79,0.06,0.034,13,ready,9
2026-10-08 22:45:05.911,582.0,20261008_223523,prim,rest,,,,,96.8,73.9,1,,,,0,37.8,0.058,0.033,14,ready,9
2026-10-08 22:45:06.118,582.21,20261008_223523,prim,rest,,,,,96.8,73.9,1,,,,0,37.8,0.065,0.033,14,ready,9
2026-10-08 22:45:06.323,582.42,20261008_223523,prim,rest,,,,,96.8,88.0,1,,,,0,37.81,0.077,0.035,14,ready,8
2026-10-08 22:45:06.531,582.62,20261008_223523,prim,rest,,,,,96.8,88.0,1,,,,0,37.81,0.079,0.033,15,ready,8
2026-10-08 22:45:06.735,582.83,20261008_223523,prim,rest,,,,,96.8,88.0,1,,,,0,37.8,0.082,0.035,15,ready,8
2026-10-08 22:45:06.938,583.03,20261008_223523,prim,rest,,,,,96.8,88.0,1,,,,0,37.81,0.1,0.048,15,ready,8
2026-10-08 22:45:07.147,583.24,20261008_223523,prim,rest,,,,,96.8,88.0,1,,,,0,37.81,0.1,0.044,15,ready,8
2026-10-08 22:45:07.350,583.44,20261008_223523,prim,rest,,,,,96.8,90.6,1,,,,0,37.8,0.105,0.046,15,ready,8
2026-10-08 22:45:07.558,583.65,20261008_223523,prim,rest,,,,,96.8,90.6,1,,,,0,37.8,0.101,0.046,15,ready,8
2026-10-08 22:45:07.767,583.86,20261008_223523,prim,rest,,,,,96.8,90.6,1,,,,0,37.81,0.1,0.055,15,ready,8
2026-10-08 22:45:07.974,584.07,20261008_223523,prim,rest,,,,,101.7,95.0,1,,,,0,37.81,0.095,0.055,16,ready,8
2026-10-08 22:45:08.173,584.27,20261008_223523,prim,rest,,,,,101.7,95.0,1,,,,0,37.81,0.086,0.05,16,ready,8
2026-10-08 22:45:08.384,584.48,20261008_223523,prim,rest,,,,,101.7,95.0,1,,,,0,37.81,0.079,0.045,16,ready,8
2026-10-08 22:45:08.598,584.69,20261008_223523,prim,rest,,,,,101.7,95.0,1,,,,0,37.8,0.073,0.042,17,ready,8
2026-10-08 22:45:08.798,584.89,20261008_223523,prim,rest,,,,,105.4,95.0,1,,,,0,37.8,0.068,0.04,17,ready,8
2026-10-08 22:45:09.001,585.09,20261008_223523,prim,rest,,,,,105.4,95.0,1,,,,0,37.8,0.064,0.039,17,ready,8
2026-10-08 22:45:09.206,585.3,20261008_223523,prim,rest,,,,,105.4,95.0,1,,,,0,37.8,0.059,0.038,18,ready,8
2026-10-08 22:45:09.410,585.5,20261008_223523,prim,rest,,,,,105.4,95.0,1,,,,0,37.76,0.056,0.036,18,ready,8
2026-10-08 22:45:09.623,585.72,20261008_223523,prim,rest,,,,,105.4,89.7,1,,,,0,37.77,0.055,0.035,18,ready,8
2026-10-08 22:45:09.828,585.92,20261008_223523,prim,rest,,,,,105.4,89.7,1,,,,0,37.76,0.051,0.033,18,ready,8
2026-10-08 22:45:10.034,586.13,20261008_223523,prim,rest,,,,,105.4,89.7,1,,,,0,37.76,0.048,0.03,18,ready,8
2026-10-08 22:45:10.239,586.33,20261008_223523,prim,rest,,,,,98.6,84.0,1,,,,0,37.76,0.047,0.028,18,ready,8
2026-10-08 22:45:10.448,586.54,20261008_223523,prim,rest,,,,,98.6,84.0,1,,,,0,37.76,0.057,0.027,18,ready,8
2026-10-08 22:45:10.654,586.75,20261008_223523,prim,rest,,,,,98.6,84.0,1,,,,0,37.76,0.054,0.025,17,ready,8
2026-10-08 22:45:10.859,586.95,20261008_223523,prim,rest,,,,,98.6,78.4,1,,,,0,37.76,0.065,0.028,17,ready,8
2026-10-08 22:45:11.067,587.16,20261008_223523,prim,rest,,,,,98.6,78.4,1,,,,0,37.76,0.066,0.028,17,ready,8
2026-10-08 22:45:11.306,587.4,20261008_223523,prim,rest,,,,,98.6,96.6,1,,,,0,37.76,0.07,0.034,17,ready,8
2026-10-08 22:45:11.482,587.57,20261008_223523,prim,rest,,,,,98.6,96.6,1,,,,0,37.76,0.068,0.037,17,ready,8
2026-10-08 22:45:11.690,587.78,20261008_223523,prim,rest,,,,,98.6,96.6,1,,,,0,37.76,0.066,0.036,17,ready,8
2026-10-08 22:45:11.894,587.99,20261008_223523,prim,rest,,,,,98.6,96.6,1,,,,0,37.76,0.064,0.034,16,ready,8
2026-10-08 22:45:12.100,588.19,20261008_223523,prim,rest,,,,,98.6,96.6,1,,,,0,37.76,0.059,0.032,16,ready,8
2026-10-08 22:45:12.300,588.39,20261008_223523,prim,rest,,,,,98.6,96.6,1,,,,0,37.76,0.054,0.03,16,ready,8
2026-10-08 22:45:12.518,588.61,20261008_223523,prim,rest,,,,,98.6,96.6,1,,,,0,37.75,0.049,0.027,16,ready,8
2026-10-08 22:45:12.718,588.81,20261008_223523,prim,rest,,,,,98.6,96.6,1,,,,0,37.74,0.043,0.024,16,ready,8
2026-10-08 22:45:12.926,589.02,20261008_223523,prim,rest,,,,,98.6,96.6,1,,,,0,37.74,0.04,0.022,16,ready,8
2026-10-08 22:45:13.132,589.22,20261008_223523,prim,rest,,,,,,,1,,,,0,37.74,0.038,0.023,16,ready,8
2026-10-08 22:45:13.334,589.43,20261008_223523,prim,rest,,,,,,,1,,,,0,37.73,0.045,0.024,16,ready,8
2026-10-08 22:45:13.725,589.82,20261008_223523,prim,rest,,,,,,,1,,,,0,37.75,0.044,0.026,16,ready,8
2026-10-08 22:45:13.744,589.84,20261008_223523,prim,rest,,,,,,,1,,,,0,37.75,0.048,0.026,17,ready,8
2026-10-08 22:45:13.952,590.04,20261008_223523,prim,rest,,,,,96.2,,1,,,,0,37.75,0.053,0.027,16,ready,8
2026-10-08 22:45:14.149,590.24,20261008_223523,prim,rest,,,,,96.2,,1,,,,0,37.74,0.05,0.025,16,ready,8
2026-10-08 22:45:14.361,590.45,20261008_223523,prim,rest,,,,,154.6,,1,,,,0,37.73,0.046,0.024,22,ready,8
2026-10-08 22:45:14.564,590.66,20261008_223523,prim,rest,,,,,154.6,,1,,,,0,37.73,0.048,0.025,27,ready,8
2026-10-08 22:45:14.764,590.86,20261008_223523,prim,rest,,,,,154.6,,1,,,,0,37.73,0.044,0.023,31,ready,8
2026-10-08 22:45:14.968,591.06,20261008_223523,prim,rest,,,,,154.6,,1,,,,0,37.72,0.04,0.021,34,ready,8
2026-10-08 22:45:15.175,591.27,20261008_223523,prim,rest,,,,,154.6,,1,,,,0,37.73,0.039,0.019,37,ready,8
2026-10-08 22:45:15.385,591.48,20261008_223523,prim,rest,,,,,154.6,,1,,,,0,37.73,0.037,0.021,39,ready,8
2026-10-08 22:45:15.586,591.68,20261008_223523,prim,rest,,,,,154.6,,1,,,,0,37.73,0.039,0.023,40,ready,8
2026-10-08 22:45:15.798,591.89,20261008_223523,prim,rest,,,,,154.6,,1,,,,0,37.73,0.037,0.021,42,ready,8
2026-10-08 22:45:15.994,592.09,20261008_223523,prim,rest,,,,,154.6,,1,,,,0,37.72,0.034,0.019,43,ready,8
2026-10-08 22:45:16.202,592.3,20261008_223523,prim,rest,,,,,154.6,,1,,,,0,37.73,0.032,0.018,44,ready,8
2026-10-08 22:45:16.406,592.5,20261008_223523,prim,rest,,,,,154.6,,1,,,,0,37.72,0.034,0.017,45,ready,8
2026-10-08 22:45:16.611,592.7,20261008_223523,prim,rest,,,,,,,1,,,,0,37.72,0.04,0.018,40,ready,8
2026-10-08 22:45:16.819,592.91,20261008_223523,prim,rest,,,,,99.6,,1,,,,0,37.71,0.05,0.022,35,ready,8
2026-10-08 22:45:17.027,593.12,20261008_223523,prim,rest,,,,,99.6,,1,,,,0,37.71,0.048,0.021,32,ready,8
2026-10-08 22:45:17.230,593.32,20261008_223523,prim,rest,,,,,99.6,,1,,,,0,37.7,0.046,0.02,29,ready,8
2026-10-08 22:45:17.440,593.53,20261008_223523,prim,rest,,,,,99.6,,1,,,,0,37.7,0.047,0.021,27,ready,8
2026-10-08 22:45:17.716,593.81,20261008_223523,prim,rest,,,,,91.5,,1,,,,0,37.71,0.045,0.02,24,ready,8
2026-10-08 22:45:17.902,593.99,20261008_223523,prim,rest,,,,,91.5,,1,,,,0,37.71,0.042,0.019,22,ready,8
2026-10-08 22:45:18.063,594.16,20261008_223523,prim,rest,,,,,100.9,,1,,,,0,37.71,0.04,0.02,21,ready,8
2026-10-08 22:45:18.266,594.36,20261008_223523,prim,rest,,,,,100.9,,1,,,,0,37.71,0.044,0.029,21,ready,8
2026-10-08 22:45:18.474,594.57,20261008_223523,prim,rest,,,,,100.9,,1,,,,0,37.71,0.042,0.033,20,ready,8
2026-10-08 22:45:18.679,594.77,20261008_223523,prim,rest,,,,,100.9,,1,,,,0,37.71,0.044,0.033,19,ready,8
2026-10-08 22:45:18.884,594.98,20261008_223523,prim,rest,,,,,100.9,,1,,,,0,37.72,0.041,0.032,19,ready,8
2026-10-08 22:45:19.089,595.18,20261008_223523,prim,rest,,,,,100.9,,1,,,,0,37.72,0.039,0.032,19,ready,8
2026-10-08 22:45:19.295,595.39,20261008_223523,prim,rest,,,,,100.9,,1,,,,0,37.72,0.052,0.043,18,ready,8
2026-10-08 22:45:19.499,595.59,20261008_223523,prim,rest,,,,,100.9,,1,,,,0,37.71,0.051,0.043,18,ready,8
2026-10-08 22:45:19.708,595.8,20261008_223523,prim,rest,,,,,100.9,,1,,,,0,37.71,0.047,0.04,18,ready,8
2026-10-08 22:45:19.920,596.01,20261008_223523,prim,rest,,,,,93.1,,1,,,,0,37.71,0.039,0.033,17,ready,8
2026-10-08 22:45:20.124,596.22,20261008_223523,prim,rest,,,,,93.1,,1,,,,0,37.71,0.037,0.03,16,ready,8
2026-10-08 22:45:20.360,596.45,20261008_223523,prim,rest,,,,,93.1,,1,,,,0,37.71,0.034,0.028,16,ready,8
2026-10-08 22:45:20.537,596.63,20261008_223523,prim,rest,,,,,104.1,291.6,1,,,,0,37.71,0.039,0.027,16,ready,8
2026-10-08 22:45:20.748,596.84,20261008_223523,prim,rest,,,,,104.1,291.6,1,,,,0,37.71,0.051,0.029,17,ready,9
2026-10-08 22:45:20.975,597.07,20261008_223523,prim,rest,,,,,104.1,291.6,1,,,,0,37.7,0.053,0.028,17,ready,9
2026-10-08 22:45:21.144,597.24,20261008_223523,prim,rest,,,,,94.7,262.1,1,,,,0,37.71,0.049,0.026,17,ready,9
2026-10-08 22:45:21.348,597.44,20261008_223523,prim,rest,,,,,94.7,262.1,1,,,,0,37.71,0.046,0.024,16,ready,8
2026-10-08 22:45:21.555,597.65,20261008_223523,prim,rest,,,,,94.7,262.1,1,,,,0,37.7,0.043,0.022,16,ready,8
2026-10-08 22:45:21.761,597.85,20261008_223523,prim,rest,,,,,94.7,262.1,1,,,,0,37.7,0.061,0.025,16,ready,8
2026-10-08 22:45:21.965,598.06,20261008_223523,prim,rest,,,,,94.7,262.1,1,,,,0,37.7,0.062,0.026,15,ready,8
2026-10-08 22:45:22.171,598.26,20261008_223523,prim,rest,,,,,94.7,262.1,1,,,,0,37.66,0.059,0.026,15,ready,8
2026-10-08 22:45:22.386,598.48,20261008_223523,prim,rest,,,,,94.7,262.1,1,,,,0,37.66,0.054,0.023,15,ready,8
2026-10-08 22:45:22.584,598.68,20261008_223523,prim,rest,,,,,104.1,262.1,1,,,,0,37.66,0.05,0.022,16,ready,8
2026-10-08 22:45:22.834,598.93,20261008_223523,prim,rest,,,,,104.1,262.1,1,,,,0,37.66,0.047,0.024,16,ready,8
2026-10-08 22:45:22.994,599.09,20261008_223523,prim,rest,,,,,104.1,262.1,1,,,,0,37.66,0.048,0.026,17,ready,8
2026-10-08 22:45:23.205,599.3,20261008_223523,prim,rest,,,,,104.1,262.1,1,,,,0,37.67,0.047,0.024,17,ready,8
2026-10-08 22:45:23.408,599.5,20261008_223523,prim,rest,,,,,104.1,262.1,1,,,,0,37.67,0.045,0.024,17,ready,8
2026-10-08 22:45:23.919,600.01,20261008_223523,prim,rest,,,,,98.8,262.1,1,,,,0,37.67,0.045,0.022,17,ready,8
2026-10-08 22:45:23.920,600.01,20261008_223523,prim,rest,,,,,98.8,262.1,1,,,,0,37.67,0.041,0.02,17,ready,8
2026-10-08 22:45:24.018,600.11,20261008_223523,prim,rest,,,,,98.8,262.1,1,,,,0,37.67,0.038,0.019,17,ready,8
2026-10-08 22:45:24.221,600.31,20261008_223523,prim,rest,,,,,99.4,239.3,1,,,,0,37.67,0.036,0.02,17,ready,8
2026-10-08 22:45:24.430,600.52,20261008_223523,prim,rest,,,,,99.4,239.3,1,,,,0,37.67,0.038,0.022,16,ready,8
2026-10-08 22:45:24.639,600.73,20261008_223523,prim,rest,,,,,99.4,239.3,1,,,,0,37.67,0.038,0.025,16,ready,8
2026-10-08 22:45:24.845,600.94,20261008_223523,prim,rest,,,,,99.4,225.3,1,,,,0,37.68,0.04,0.025,16,ready,9
2026-10-08 22:45:25.059,601.15,20261008_223523,prim,rest,,,,,99.4,225.3,1,,,,0,37.68,0.038,0.023,16,ready,8
2026-10-08 22:45:25.300,601.39,20261008_223523,prim,rest,,,,,111.4,211.0,1,,,,0,37.68,0.035,0.022,17,ready,8
2026-10-08 22:45:25.462,601.56,20261008_223523,prim,rest,,,,,111.4,211.0,1,,,,0,37.68,0.033,0.02,18,ready,9
2026-10-08 22:45:25.677,601.77,20261008_223523,prim,rest,,,,,111.4,211.0,1,,,,0,37.68,0.03,0.019,19,ready,9
2026-10-08 22:45:25.878,601.97,20261008_223523,prim,rest,,,,,115.2,127.0,1,,,,0,37.67,0.028,0.017,19,ready,9
2026-10-08 22:45:26.084,602.18,20261008_223523,prim,rest,,,,,115.2,127.0,1,,,,0,37.67,0.027,0.016,20,ready,9
2026-10-08 22:45:26.290,602.38,20261008_223523,prim,rest,,,,,115.2,127.0,1,,,,0,37.68,0.027,0.015,21,ready,9
2026-10-08 22:45:26.494,602.59,20261008_223523,prim,rest,,,,,115.2,127.0,1,,,,0,37.64,0.025,0.014,21,ready,8
2026-10-08 22:45:26.704,602.8,20261008_223523,prim,rest,,,,,115.2,77.4,1,,,,0,37.65,0.023,0.015,21,ready,8
2026-10-08 22:45:26.900,602.99,20261008_223523,prim,rest,,,,,115.2,77.4,1,,,,0,37.65,0.023,0.014,22,ready,8
2026-10-08 22:45:27.106,603.2,20261008_223523,prim,rest,,,,,115.2,77.4,1,,,,0,37.65,0.022,0.013,22,ready,8
2026-10-08 22:45:27.312,603.4,20261008_223523,prim,rest,,,,,115.2,62.7,1,,,,0,37.65,0.022,0.013,22,ready,8
2026-10-08 22:45:27.518,603.61,20261008_223523,prim,rest,,,,,115.2,62.7,1,,,,0,37.66,0.021,0.012,22,ready,8
2026-10-08 22:45:27.750,603.84,20261008_223523,prim,rest,,,,,115.2,62.7,1,,,,0,37.66,0.019,0.011,23,ready,8
2026-10-08 22:45:27.937,604.03,20261008_223523,prim,rest,,,,,98.7,59.1,1,,,,0,37.66,0.018,0.01,21,ready,8
2026-10-08 22:45:28.132,604.23,20261008_223523,prim,rest,,,,,98.7,59.1,1,,,,0,37.66,0.017,0.009,20,ready,8
2026-10-08 22:45:28.338,604.43,20261008_223523,prim,rest,,,,,98.7,54.4,1,,,,0,37.66,0.016,0.009,19,ready,8
2026-10-08 22:45:28.557,604.65,20261008_223523,prim,rest,,,,,98.7,54.4,1,,,,0,37.66,0.015,0.008,19,ready,8
2026-10-08 22:45:28.750,604.84,20261008_223523,prim,rest,,,,,98.7,54.4,1,,,,0,37.65,0.014,0.007,18,ready,8
2026-10-08 22:45:28.955,605.05,20261008_223523,prim,rest,,,,,98.7,54.4,1,,,,0,37.65,0.018,0.011,18,ready,8
2026-10-08 22:45:29.161,605.25,20261008_223523,prim,rest,,,,,98.6,52.0,1,,,,0,37.65,0.023,0.017,17,ready,8
2026-10-08 22:45:29.369,605.46,20261008_223523,prim,rest,,,,,98.6,52.0,1,,,,0,37.65,0.021,0.016,17,ready,8
2026-10-08 22:45:29.580,605.67,20261008_223523,prim,rest,,,,,98.6,52.0,1,,,,0,37.65,0.02,0.015,17,ready,8
2026-10-08 22:45:29.780,605.87,20261008_223523,prim,rest,,,,,97.1,49.1,1,,,,0,37.65,0.019,0.014,17,ready,8
2026-10-08 22:45:29.984,606.08,20261008_223523,prim,rest,,,,,97.1,49.1,1,,,,0,37.65,0.018,0.013,16,ready,8
2026-10-08 22:45:30.191,606.28,20261008_223523,prim,rest,,,,,97.1,49.1,1,,,,0,37.65,0.016,0.012,16,ready,8
2026-10-08 22:45:30.399,606.49,20261008_223523,prim,rest,,,,,97.1,49.1,1,,,,0,37.65,0.016,0.011,16,ready,8
2026-10-08 22:45:30.603,606.7,20261008_223523,prim,rest,,,,,97.1,49.1,1,,,,0,37.66,0.019,0.012,16,ready,8
2026-10-08 22:45:30.826,606.92,20261008_223523,prim,rest,,,,,97.1,49.1,1,,,,0,37.65,0.018,0.011,16,ready,8
2026-10-08 22:45:31.020,607.11,20261008_223523,prim,rest,,,,,97.1,49.1,1,,,,0,37.65,0.018,0.01,16,ready,8
2026-10-08 22:45:31.245,607.34,20261008_223523,prim,rest,,,,,98.6,49.1,1,,,,0,37.65,0.019,0.01,16,ready,8
2026-10-08 22:45:31.444,607.54,20261008_223523,prim,rest,,,,,98.6,49.1,1,,,,0,37.64,0.019,0.01,16,ready,8
2026-10-08 22:45:31.641,607.73,20261008_223523,prim,rest,,,,,98.6,49.1,1,,,,0,37.64,0.018,0.01,16,ready,8
2026-10-08 22:45:31.846,607.94,20261008_223523,prim,rest,,,,,98.6,49.1,1,,,,0,37.64,0.018,0.009,16,ready,8
2026-10-08 22:45:32.050,608.14,20261008_223523,prim,rest,,,,,98.6,49.1,1,,,,0,37.65,0.02,0.01,16,ready,8
2026-10-08 22:45:32.249,608.34,20261008_223523,prim,rest,,,,,97.1,52.0,1,,,,0,37.65,0.026,0.01,16,ready,8
2026-10-08 22:45:32.464,608.56,20261008_223523,prim,rest,,,,,97.1,52.0,1,,,,0,37.65,0.028,0.013,15,ready,8
2026-10-08 22:45:32.664,608.76,20261008_223523,prim,rest,,,,,97.1,52.0,1,,,,0,37.64,0.026,0.012,15,ready,8
2026-10-08 22:45:32.870,608.96,20261008_223523,prim,rest,,,,,97.1,52.0,1,,,,0,37.64,0.024,0.011,15,ready,8
2026-10-08 22:45:33.088,609.18,20261008_223523,prim,rest,,,,,97.1,52.0,1,,,,0,37.64,0.023,0.01,15,ready,8
2026-10-08 22:45:33.289,609.38,20261008_223523,prim,rest,,,,,97.1,52.0,1,,,,0,37.64,0.021,0.01,15,ready,8
2026-10-08 22:45:33.497,609.59,20261008_223523,prim,rest,,,,,97.1,52.0,1,,,,0,37.64,0.02,0.009,15,ready,8
2026-10-08 22:45:33.792,609.88,20261008_223523,prim,rest,,,,,97.1,52.0,1,,,,0,37.64,0.02,0.009,15,ready,8
2026-10-08 22:45:33.919,610.01,20261008_223523,prim,rest,,,,,96.0,37.4,1,,,,0,37.64,0.02,0.009,15,ready,8
2026-10-08 22:45:35.998,612.09,20261008_223523,prim,question,19,618,manual,truth,136.3,58.4,1,,,,0,37.62,0.049,0.022,23,question,8
2026-10-08 22:45:36.183,612.28,20261008_223523,prim,question,19,618,manual,truth,136.3,58.4,1,,,,0,37.6,0.048,0.022,26,question,8
2026-10-08 22:45:36.401,612.49,20261008_223523,prim,question,19,618,manual,truth,136.3,58.4,1,,,,0,37.6,0.044,0.022,28,question,8
2026-10-08 22:45:36.589,612.68,20261008_223523,prim,question,19,618,manual,truth,136.3,59.7,1,,,,0,37.61,0.044,0.026,29,question,8
2026-10-08 22:45:36.795,612.89,20261008_223523,prim,question,19,618,manual,truth,136.4,84.2,1,,,,0,37.62,0.044,0.027,30,question,8
2026-10-08 22:45:37.003,613.1,20261008_223523,prim,question,19,618,manual,truth,136.4,84.2,1,,,,0,37.62,0.041,0.025,31,question,8
2026-10-08 22:45:37.208,613.3,20261008_223523,prim,question,19,618,manual,truth,136.4,84.2,1,,,,0,37.62,0.038,0.023,32,question,8
2026-10-08 22:45:37.416,613.51,20261008_223523,prim,question,19,618,manual,truth,136.4,84.2,1,,,,0,37.62,0.035,0.021,33,question,8
2026-10-08 22:45:37.614,613.71,20261008_223523,prim,question,19,618,manual,truth,136.4,84.2,1,,,,0,37.62,0.033,0.019,33,question,8
2026-10-08 22:45:37.818,613.91,20261008_223523,prim,question,19,618,manual,truth,136.4,84.2,1,,,,0,37.62,0.03,0.018,34,question,8
2026-10-08 22:45:38.023,614.12,20261008_223523,prim,question,19,618,manual,truth,136.4,84.2,1,,,,0,37.62,0.028,0.017,34,question,8
2026-10-08 22:45:38.228,614.32,20261008_223523,prim,question,19,618,manual,truth,136.4,84.2,1,,,,0,37.63,0.027,0.016,34,question,8
2026-10-08 22:45:38.434,614.53,20261008_223523,prim,question,19,618,manual,truth,136.4,84.2,1,,,,0,37.63,0.028,0.015,35,question,8
2026-10-08 22:45:38.640,614.73,20261008_223523,prim,question,19,618,manual,truth,136.4,90.0,1,,,,0,37.63,0.044,0.018,35,question,8
2026-10-08 22:45:38.846,614.94,20261008_223523,prim,question,19,618,manual,truth,136.4,90.0,1,,,,0,37.63,0.044,0.021,35,question,8
2026-10-08 22:45:39.056,615.15,20261008_223523,prim,question,19,618,manual,truth,136.4,90.0,1,,,,0,37.63,0.045,0.023,35,question,8
2026-10-08 22:45:39.263,615.36,20261008_223523,prim,question,19,618,manual,truth,136.4,90.0,1,,,,0,37.63,0.044,0.022,35,question,8
2026-10-08 22:45:39.463,615.56,20261008_223523,prim,question,19,618,manual,truth,136.4,90.0,1,,,,0,37.63,0.04,0.022,35,question,8
2026-10-08 22:45:39.672,615.76,20261008_223523,prim,question,19,618,manual,truth,136.4,90.0,1,,,,0,37.63,0.037,0.02,35,question,8
2026-10-08 22:45:39.876,615.97,20261008_223523,prim,question,19,618,manual,truth,136.4,90.0,1,,,,0,37.63,0.041,0.021,36,question,8
2026-10-08 22:45:40.088,616.18,20261008_223523,prim,question,19,618,manual,truth,136.4,90.0,1,,,,0,37.63,0.042,0.025,36,question,8
2026-10-08 22:45:40.287,616.38,20261008_223523,prim,question,19,618,manual,truth,136.4,90.0,1,,,,0,37.63,0.045,0.027,36,question,8
2026-10-08 22:45:40.496,616.59,20261008_223523,prim,question,19,618,manual,truth,124.8,84.3,1,,,,0,37.63,0.041,0.025,34,question,8
2026-10-08 22:45:40.707,616.8,20261008_223523,prim,question,19,618,manual,truth,124.8,84.3,1,,,,0,37.63,0.038,0.023,33,question,8
2026-10-08 22:45:40.915,617.01,20261008_223523,prim,question,19,618,manual,truth,155.0,94.8,1,,,,0,37.6,0.036,0.021,36,question,8
2026-10-08 22:45:41.124,617.22,20261008_223523,prim,question,19,618,manual,truth,155.0,90.8,1,,,,0,37.56,0.034,0.021,38,question,8
2026-10-08 22:45:41.331,617.42,20261008_223523,prim,question,19,618,manual,truth,155.0,90.8,1,,,,0,37.57,0.035,0.02,40,question,8
2026-10-08 22:45:41.535,617.63,20261008_223523,prim,question,19,618,manual,truth,155.0,90.8,1,,,,0,37.57,0.04,0.024,42,question,8
2026-10-08 22:45:41.739,617.83,20261008_223523,prim,question,19,618,manual,truth,120.6,110.5,1,,,,0,37.58,0.044,0.023,39,question,8
2026-10-08 22:45:41.952,618.04,20261008_223523,prim,question,19,618,manual,truth,120.6,110.5,1,,,,0,37.58,0.045,0.022,37,question,8
2026-10-08 22:45:42.198,618.29,20261008_223523,prim,question,19,618,manual,truth,154.0,112.1,1,,,,0,37.56,0.046,0.024,39,question,8
2026-10-08 22:45:42.357,618.45,20261008_223523,prim,question,19,618,manual,truth,154.0,112.1,1,,,,0,37.56,0.052,0.025,40,question,8
2026-10-08 22:45:42.563,618.66,20261008_223523,prim,question,19,618,manual,truth,154.0,112.1,1,,,,0,37.57,0.049,0.027,42,question,8
2026-10-08 22:45:42.759,618.85,20261008_223523,prim,question,19,618,manual,truth,154.0,112.1,1,,,,0,37.57,0.048,0.026,43,question,8
2026-10-08 22:45:42.961,619.05,20261008_223523,prim,question,19,618,manual,truth,154.0,112.1,1,,,,0,37.58,0.055,0.032,44,question,8
2026-10-08 22:45:43.167,619.26,20261008_223523,prim,question,19,618,manual,truth,154.0,112.1,1,,,,0,37.58,0.052,0.032,45,question,8
2026-10-08 22:45:43.358,619.45,20261008_223523,prim,question,19,618,manual,truth,155.0,118.3,1,,,,0,37.59,0.049,0.03,45,question,8
2026-10-08 22:45:43.564,619.66,20261008_223523,prim,question,19,618,manual,truth,155.0,118.3,1,,,,0,37.59,0.05,0.028,46,question,8
2026-10-08 22:45:44.174,620.27,20261008_223523,prim,question,19,618,manual,truth,155.0,118.3,1,,,,0,37.6,0.049,0.027,47,question,8
2026-10-08 22:45:44.175,620.27,20261008_223523,prim,question,19,618,manual,truth,155.0,118.3,1,,,,0,37.6,0.046,0.025,47,question,8
2026-10-08 22:45:44.175,620.27,20261008_223523,prim,question,19,618,manual,truth,155.0,118.3,1,,,,0,37.6,0.043,0.023,48,question,8
2026-10-08 22:45:44.375,620.47,20261008_223523,prim,question,19,618,manual,truth,155.0,118.3,1,,,,0,37.6,0.042,0.023,48,question,8
2026-10-08 22:45:44.579,620.67,20261008_223523,prim,question,19,618,manual,truth,155.0,118.3,1,,,,0,37.6,0.055,0.027,48,question,8
2026-10-08 22:45:44.783,620.88,20261008_223523,prim,question,19,618,manual,truth,155.0,118.3,1,,,,0,37.61,0.055,0.027,48,question,8
2026-10-08 22:45:44.990,621.08,20261008_223523,prim,question,19,618,manual,truth,172.5,126.5,1,,,,0,37.63,0.056,0.027,51,question,8
2026-10-08 22:45:45.201,621.29,20261008_223523,prim,question,19,618,manual,truth,172.5,126.5,1,,,,0,37.59,0.057,0.033,53,question,8
2026-10-08 22:45:45.407,621.5,20261008_223523,prim,question,19,618,manual,truth,172.5,126.5,1,,,,0,37.59,0.071,0.049,54,question,8
2026-10-08 22:45:45.606,621.7,20261008_223523,prim,question,19,618,manual,truth,172.5,126.5,1,,,,0,37.6,0.066,0.047,56,question,8
2026-10-08 22:45:45.812,621.9,20261008_223523,prim,question,19,618,manual,truth,172.5,126.5,1,,,,0,37.6,0.064,0.045,57,question,8
2026-10-08 22:45:48.045,624.14,20261008_223523,prim,recovery,19,618,manual,truth,172.5,126.3,1,,,,0,37.61,0.048,0.029,60,ready,8
2026-10-08 22:45:48.238,624.33,20261008_223523,prim,recovery,19,618,manual,truth,172.5,126.3,1,,,,0,37.61,0.065,0.03,60,ready,8
2026-10-08 22:45:48.438,624.53,20261008_223523,prim,recovery,19,618,manual,truth,172.5,126.3,1,,,,0,37.61,0.062,0.029,60,ready,8
2026-10-08 22:45:48.646,624.74,20261008_223523,prim,recovery,19,618,manual,truth,,,1,,,,0,37.61,0.062,0.034,53,ready,8
2026-10-08 22:45:48.846,624.94,20261008_223523,prim,recovery,19,618,manual,truth,,,1,,,,0,37.61,0.067,0.035,46,ready,8
2026-10-08 22:45:49.058,625.15,20261008_223523,prim,recovery,19,618,manual,truth,,,1,,,,0,37.62,0.061,0.032,41,ready,8
2026-10-08 22:45:49.255,625.35,20261008_223523,prim,recovery,19,618,manual,truth,99.2,,1,,,,0,37.62,0.056,0.029,37,ready,8
2026-10-08 22:45:49.457,625.55,20261008_223523,prim,recovery,19,618,manual,truth,99.2,,1,,,,0,37.62,0.061,0.038,33,ready,8
2026-10-08 22:45:49.663,625.76,20261008_223523,prim,recovery,19,618,manual,truth,103.6,,1,,,,0,37.62,0.07,0.067,30,ready,8
2026-10-08 22:45:49.868,625.96,20261008_223523,prim,recovery,19,618,manual,truth,103.6,,1,,,,0,37.62,0.076,0.068,28,ready,8
2026-10-08 22:45:50.094,626.19,20261008_223523,prim,rest,,,,,103.6,,1,,,,0,37.62,0.073,0.064,26,ready,8
2026-10-08 22:45:50.279,626.37,20261008_223523,prim,rest,,,,,103.6,,1,,,,0,37.62,0.07,0.06,25,ready,8
2026-10-08 22:45:50.484,626.58,20261008_223523,prim,rest,,,,,103.6,,1,,,,0,37.62,0.066,0.056,24,ready,8
2026-10-08 22:45:50.692,626.78,20261008_223523,prim,rest,,,,,103.6,,1,,,,0,37.63,0.06,0.05,23,ready,8
2026-10-08 22:45:50.903,627.0,20261008_223523,prim,rest,,,,,103.6,,1,,,,0,37.59,0.054,0.046,22,ready,8
2026-10-08 22:45:51.104,627.2,20261008_223523,prim,rest,,,,,102.0,,1,,,,0,37.6,0.05,0.042,21,ready,8
2026-10-08 22:45:51.310,627.4,20261008_223523,prim,rest,,,,,102.0,,1,,,,0,37.6,0.045,0.038,20,ready,8
2026-10-08 22:45:51.524,627.62,20261008_223523,prim,rest,,,,,102.0,,1,,,,0,37.6,0.041,0.034,20,ready,8
2026-10-08 22:45:51.723,627.82,20261008_223523,prim,rest,,,,,100.5,,1,,,,0,37.6,0.039,0.032,19,ready,8
2026-10-08 22:45:51.932,628.02,20261008_223523,prim,rest,,,,,100.5,,1,,,,0,37.61,0.037,0.03,19,ready,8
2026-10-08 22:45:52.140,628.23,20261008_223523,prim,rest,,,,,100.5,,1,,,,0,37.61,0.038,0.029,18,ready,8
2026-10-08 22:45:52.357,628.45,20261008_223523,prim,rest,,,,,100.5,48.8,1,,,,0,37.61,0.039,0.028,18,ready,8
2026-10-08 22:45:52.559,628.65,20261008_223523,prim,rest,,,,,100.5,48.8,1,,,,0,37.61,0.036,0.027,18,ready,8
2026-10-08 22:45:52.763,628.86,20261008_223523,prim,rest,,,,,100.5,48.8,1,,,,0,37.61,0.035,0.026,18,ready,8
2026-10-08 22:45:52.971,629.06,20261008_223523,prim,rest,,,,,100.5,48.8,1,,,,0,37.62,0.041,0.026,17,ready,8
2026-10-08 22:45:53.177,629.27,20261008_223523,prim,rest,,,,,100.5,48.8,1,,,,0,37.62,0.049,0.029,17,ready,8
2026-10-08 22:45:53.384,629.48,20261008_223523,prim,rest,,,,,100.5,48.8,1,,,,0,37.62,0.047,0.027,17,ready,8
2026-10-08 22:45:53.590,629.68,20261008_223523,prim,rest,,,,,100.5,48.8,1,,,,0,37.62,0.04,0.024,17,ready,8
2026-10-08 22:45:53.806,629.9,20261008_223523,prim,rest,,,,,100.5,48.8,1,,,,0,37.62,0.037,0.022,17,ready,8
2026-10-08 22:45:54.004,630.1,20261008_223523,prim,rest,,,,,99.5,48.8,1,,,,0,37.62,0.036,0.02,17,ready,8
2026-10-08 22:45:54.209,630.3,20261008_223523,prim,rest,,,,,99.5,48.8,1,,,,0,37.62,0.036,0.021,17,ready,8
2026-10-08 22:45:54.415,630.51,20261008_223523,prim,rest,,,,,99.5,48.8,1,,,,0,37.62,0.035,0.02,17,ready,8
2026-10-08 22:45:54.620,630.71,20261008_223523,prim,rest,,,,,99.5,47.8,1,,,,0,37.62,0.034,0.02,17,ready,8
2026-10-08 22:45:54.831,630.92,20261008_223523,prim,rest,,,,,99.5,47.8,1,,,,0,37.63,0.033,0.019,16,ready,8
2026-10-08 22:45:55.037,631.13,20261008_223523,prim,rest,,,,,99.5,47.8,1,,,,0,37.59,0.031,0.018,16,ready,8
2026-10-08 22:45:55.241,631.33,20261008_223523,prim,rest,,,,,99.5,47.8,1,,,,0,37.61,0.028,0.017,16,ready,8
2026-10-08 22:45:55.450,631.54,20261008_223523,prim,rest,,,,,96.9,53.9,1,,,,0,37.61,0.028,0.016,16,ready,8
2026-10-08 22:45:55.669,631.76,20261008_223523,prim,rest,,,,,96.9,53.9,1,,,,0,37.61,0.029,0.015,16,ready,8
2026-10-08 22:45:55.862,631.95,20261008_223523,prim,rest,,,,,96.9,53.9,1,,,,0,37.61,0.031,0.014,16,ready,8
2026-10-08 22:45:58.073,634.17,20261008_223523,prim,rest,,,,,96.8,149.4,1,,,,0,37.62,0.037,0.034,15,ready,8
2026-10-08 22:45:58.269,634.36,20261008_223523,prim,rest,,,,,96.8,149.4,1,,,,0,37.62,0.059,0.049,15,ready,8
2026-10-08 22:45:58.474,634.57,20261008_223523,prim,rest,,,,,96.8,162.9,1,,,,0,37.62,0.067,0.047,15,ready,8
2026-10-08 22:45:59.012,635.1,20261008_223523,prim,rest,,,,,96.8,162.9,1,,,,0,37.62,0.077,0.052,15,ready,8
2026-10-08 22:45:59.012,635.1,20261008_223523,prim,rest,,,,,96.8,162.9,1,,,,0,37.62,0.083,0.054,15,ready,8
2026-10-08 22:45:59.550,635.64,20261008_223523,prim,rest,,,,,103.4,169.8,1,,,,0,37.62,0.096,0.06,16,ready,9
2026-10-08 22:45:59.552,635.64,20261008_223523,prim,rest,,,,,103.4,169.8,1,,,,0,37.64,0.129,0.061,16,ready,9
2026-10-08 22:45:59.553,635.65,20261008_223523,prim,rest,,,,,103.4,177.8,1,,,,0,37.6,0.188,0.088,17,ready,8
2026-10-08 22:45:59.717,635.81,20261008_223523,prim,rest,,,,,103.4,177.8,1,,,,0,37.61,0.217,0.103,18,ready,8
2026-10-08 22:45:59.916,636.01,20261008_223523,prim,rest,,,,,103.4,177.8,1,,,,0,37.61,0.202,0.096,18,ready,8
2026-10-08 22:46:00.113,636.21,20261008_223523,prim,rest,,,,,103.4,177.8,1,,,,0,37.61,0.183,0.087,18,ready,8
2026-10-08 22:46:00.320,636.41,20261008_223523,prim,rest,,,,,103.4,177.8,1,,,,0,37.61,0.166,0.08,18,ready,8
2026-10-08 22:46:00.533,636.63,20261008_223523,prim,rest,,,,,103.4,177.8,1,,,,0,37.61,0.15,0.072,19,ready,8
2026-10-08 22:46:00.734,636.83,20261008_223523,prim,rest,,,,,103.4,177.8,1,,,,0,37.61,0.136,0.066,19,ready,8
2026-10-08 22:46:00.940,637.03,20261008_223523,prim,rest,,,,,103.4,177.8,1,,,,0,37.62,0.123,0.059,19,ready,8
2026-10-08 22:46:01.149,637.24,20261008_223523,prim,rest,,,,,103.4,177.8,1,,,,0,37.62,0.111,0.054,19,ready,9
2026-10-08 22:46:01.357,637.45,20261008_223523,prim,rest,,,,,103.4,177.8,1,,,,0,37.62,0.101,0.049,19,ready,9
2026-10-08 22:46:01.558,637.65,20261008_223523,prim,rest,,,,,103.4,169.4,1,,,,0,37.62,0.092,0.045,19,ready,9
2026-10-08 22:46:01.761,637.85,20261008_223523,prim,rest,,,,,103.4,169.4,1,,,,0,37.62,0.085,0.042,19,ready,9
2026-10-08 22:46:01.973,638.07,20261008_223523,prim,rest,,,,,103.4,169.4,1,0.062,0.061,0.0,1,37.58,0.081,0.039,18,ready,9
2026-10-08 22:46:02.181,638.27,20261008_223523,prim,rest,,,,,103.4,169.4,1,,,,0,37.59,0.083,0.042,18,ready,9
2026-10-08 22:46:02.390,638.48,20261008_223523,prim,rest,,,,,103.4,169.4,1,,,,0,37.59,0.079,0.038,18,ready,9
2026-10-08 22:46:02.589,638.68,20261008_223523,prim,rest,,,,,103.4,169.4,1,,,,0,37.59,0.074,0.036,18,ready,9
2026-10-08 22:46:02.802,638.89,20261008_223523,prim,rest,,,,,103.4,169.4,1,,,,0,37.6,0.072,0.035,18,ready,9
2026-10-08 22:46:02.992,639.08,20261008_223523,prim,rest,,,,,103.4,169.4,1,,,,0,37.6,0.071,0.032,18,ready,9
2026-10-08 22:46:03.192,639.29,20261008_223523,prim,rest,,,,,103.4,169.4,1,,,,0,37.6,0.093,0.05,18,ready,9
2026-10-08 22:46:03.391,639.48,20261008_223523,prim,rest,,,,,103.4,169.4,1,,,,0,37.61,0.129,0.059,18,ready,9
2026-10-08 22:46:03.590,639.68,20261008_223523,prim,rest,,,,,103.4,169.4,1,,,,0,37.61,0.152,0.065,19,ready,9
2026-10-08 22:46:03.795,639.89,20261008_223523,prim,rest,,,,,104.2,176.7,1,,,,0,37.61,0.154,0.067,19,ready,9
2026-10-08 22:46:03.996,640.09,20261008_223523,prim,rest,,,,,104.2,176.4,1,,,,0,37.61,0.141,0.062,19,ready,9
2026-10-08 22:46:04.205,640.3,20261008_223523,prim,rest,,,,,104.2,176.4,1,,,,0,37.61,0.128,0.056,19,ready,9
2026-10-08 22:46:04.411,640.5,20261008_223523,prim,rest,,,,,143.6,168.8,1,,,,0,37.61,0.118,0.054,23,ready,9
2026-10-08 22:46:04.618,640.71,20261008_223523,prim,rest,,,,,143.6,168.8,1,,,,0,37.61,0.109,0.051,27,ready,9
2026-10-08 22:46:04.820,640.91,20261008_223523,prim,rest,,,,,143.6,168.8,1,,,,0,37.62,0.099,0.047,29,ready,9
2026-10-08 22:46:05.030,641.12,20261008_223523,prim,rest,,,,,143.6,168.8,1,,,,0,37.62,0.092,0.043,32,ready,9
2026-10-08 22:46:05.231,641.32,20261008_223523,prim,rest,,,,,143.6,168.8,1,,,,0,37.62,0.086,0.04,33,ready,9
2026-10-08 22:46:05.440,641.53,20261008_223523,prim,rest,,,,,143.6,168.8,1,,,,0,37.62,0.082,0.038,35,ready,9
2026-10-08 22:46:05.640,641.73,20261008_223523,prim,rest,,,,,143.6,168.8,1,,,,0,37.62,0.086,0.053,36,ready,9
2026-10-08 22:46:05.848,641.94,20261008_223523,prim,rest,,,,,143.6,168.8,1,,,,0,37.62,0.101,0.06,37,ready,9
2026-10-08 22:46:06.052,642.14,20261008_223523,prim,rest,,,,,143.6,168.8,1,,,,0,37.62,0.101,0.058,38,ready,9
2026-10-08 22:46:06.257,642.35,20261008_223523,prim,rest,,,,,143.6,168.8,1,,,,0,37.62,0.096,0.054,39,ready,9
2026-10-08 22:46:06.461,642.55,20261008_223523,prim,rest,,,,,,,1,,,,0,37.62,0.095,0.051,35,ready,9
2026-10-08 22:46:06.664,642.76,20261008_223523,prim,rest,,,,,,,1,,,,0,37.62,0.09,0.047,32,ready,9
2026-10-08 22:46:06.870,642.96,20261008_223523,prim,rest,,,,,94.9,,1,,,,0,37.62,0.082,0.044,29,ready,9
2026-10-08 22:46:07.075,643.17,20261008_223523,prim,rest,,,,,94.9,,1,,,,0,37.62,0.076,0.042,26,ready,9
2026-10-08 22:46:07.282,643.37,20261008_223523,prim,rest,,,,,94.9,,1,,,,0,37.62,0.077,0.042,24,ready,9
2026-10-08 22:46:07.491,643.58,20261008_223523,prim,rest,,,,,103.4,,1,,,,0,37.62,0.075,0.042,23,ready,9
2026-10-08 22:46:07.699,643.79,20261008_223523,prim,rest,,,,,103.4,,1,,,,0,37.62,0.071,0.039,22,ready,9
2026-10-08 22:46:07.904,644.0,20261008_223523,prim,rest,,,,,103.4,,1,,,,0,37.61,0.067,0.036,22,ready,9
2026-10-08 22:46:08.116,644.21,20261008_223523,prim,rest,,,,,94.9,,1,,,,0,37.61,0.063,0.034,20,ready,9
2026-10-08 22:46:08.331,644.42,20261008_223523,prim,rest,,,,,94.9,,1,,,,0,37.61,0.059,0.032,19,ready,9
2026-10-08 22:46:08.529,644.62,20261008_223523,prim,rest,,,,,94.9,,1,,,,0,37.61,0.054,0.03,18,ready,9
2026-10-08 22:46:08.734,644.83,20261008_223523,prim,rest,,,,,103.4,217.0,1,,,,0,37.61,0.051,0.027,18,ready,9
2026-10-08 22:46:08.941,645.03,20261008_223523,prim,rest,,,,,103.4,217.0,1,,,,0,37.61,0.047,0.028,18,ready,9
2026-10-08 22:46:09.146,645.24,20261008_223523,prim,rest,,,,,103.4,217.0,1,,,,0,37.61,0.047,0.027,18,ready,9
2026-10-08 22:46:09.431,645.52,20261008_223523,prim,rest,,,,,103.4,217.0,1,,,,0,37.61,0.061,0.035,18,ready,9
2026-10-08 22:46:09.559,645.65,20261008_223523,prim,rest,,,,,103.4,217.0,1,,,,0,37.61,0.058,0.033,18,ready,9
2026-10-08 22:46:09.835,645.93,20261008_223523,prim,rest,,,,,103.4,217.0,1,,,,0,37.61,0.053,0.031,18,ready,9
2026-10-08 22:46:09.971,646.06,20261008_223523,prim,rest,,,,,103.4,217.0,1,,,,0,37.62,0.049,0.028,18,ready,9
2026-10-08 22:46:10.176,646.27,20261008_223523,prim,rest,,,,,103.4,217.0,1,,,,0,37.62,0.045,0.026,18,ready,9
2026-10-08 22:46:10.381,646.47,20261008_223523,prim,rest,,,,,103.4,217.0,1,,,,0,37.62,0.041,0.024,18,ready,9
2026-10-08 22:46:10.589,646.68,20261008_223523,prim,rest,,,,,103.4,217.0,1,,,,0,37.62,0.039,0.022,18,ready,9
2026-10-08 22:46:10.789,646.88,20261008_223523,prim,rest,,,,,103.4,217.0,1,,,,0,37.62,0.036,0.02,18,ready,9
2026-10-08 22:46:10.991,647.08,20261008_223523,prim,rest,,,,,103.4,217.0,1,,,,0,37.62,0.033,0.018,18,ready,9
2026-10-08 22:46:11.193,647.29,20261008_223523,prim,rest,,,,,103.4,217.0,1,,,,0,37.62,0.032,0.017,18,ready,9
2026-10-08 22:46:11.389,647.48,20261008_223523,prim,rest,,,,,97.6,194.1,1,,,,0,37.62,0.03,0.016,17,ready,9
2026-10-08 22:46:11.590,647.68,20261008_223523,prim,rest,,,,,97.6,194.1,1,,,,0,37.62,0.026,0.015,17,ready,9
2026-10-08 22:46:11.795,647.89,20261008_223523,prim,rest,,,,,97.6,177.3,1,,,,0,37.62,0.024,0.014,16,ready,9
2026-10-08 22:46:12.002,648.09,20261008_223523,prim,rest,,,,,97.6,177.3,1,,,,0,37.64,0.022,0.013,16,ready,9
2026-10-08 22:46:14.158,650.25,20261008_223523,prim,rest,,,,,,,1,,,,0,37.6,0.021,0.013,16,ready,9
2026-10-08 22:46:14.357,650.45,20261008_223523,prim,rest,,,,,98.7,,1,,,,0,37.6,0.022,0.012,16,ready,9
2026-10-08 22:46:14.559,650.65,20261008_223523,prim,rest,,,,,98.7,,1,,,,0,37.6,0.021,0.012,16,ready,9
2026-10-08 22:46:14.786,650.88,20261008_223523,prim,rest,,,,,98.7,,1,,,,0,37.61,0.019,0.011,16,ready,9
2026-10-08 22:46:14.983,651.08,20261008_223523,prim,rest,,,,,96.9,,1,,,,0,37.61,0.018,0.011,16,ready,9
2026-10-08 22:46:15.179,651.27,20261008_223523,prim,rest,,,,,96.9,,1,,,,0,37.61,0.017,0.01,16,ready,9
2026-10-08 22:46:15.391,651.48,20261008_223523,prim,rest,,,,,96.9,,1,,,,0,37.61,0.016,0.011,15,ready,9
2026-10-08 22:46:15.595,651.69,20261008_223523,prim,rest,,,,,98.5,,1,,,,0,37.61,0.016,0.009,15,ready,9
2026-10-08 22:46:15.801,651.89,20261008_223523,prim,rest,,,,,98.5,,1,,,,0,37.61,0.017,0.009,16,ready,9
2026-10-08 22:46:16.009,652.1,20261008_223523,prim,rest,,,,,98.5,,1,,,,0,37.61,0.016,0.009,16,ready,9
2026-10-08 22:46:16.215,652.31,20261008_223523,prim,rest,,,,,100.2,,1,,,,0,37.61,0.015,0.008,16,ready,9
2026-10-08 22:46:16.420,652.51,20261008_223523,prim,rest,,,,,100.2,,1,,,,0,37.57,0.017,0.008,16,ready,9
2026-10-08 22:46:16.628,652.72,20261008_223523,prim,rest,,,,,100.2,,1,,,,0,37.58,0.039,0.019,16,ready,8
2026-10-08 22:46:16.834,652.93,20261008_223523,prim,rest,,,,,100.2,,1,,,,0,37.58,0.048,0.04,16,ready,8
2026-10-08 22:46:17.044,653.14,20261008_223523,prim,rest,,,,,100.2,,1,,,,0,37.59,0.047,0.042,16,ready,8
2026-10-08 22:46:17.244,653.34,20261008_223523,prim,rest,,,,,99.4,,1,,,,0,37.59,0.047,0.042,16,ready,8
2026-10-08 22:46:17.453,653.55,20261008_223523,prim,rest,,,,,99.4,,1,,,,0,37.59,0.046,0.041,16,ready,8
2026-10-08 22:46:17.659,653.75,20261008_223523,prim,rest,,,,,99.4,,1,,,,0,37.6,0.043,0.037,16,ready,8
2026-10-08 22:46:17.865,653.96,20261008_223523,prim,rest,,,,,99.4,245.6,1,,,,0,37.6,0.042,0.035,16,ready,8
2026-10-08 22:46:18.069,654.16,20261008_223523,prim,rest,,,,,99.4,245.6,1,,,,0,37.6,0.045,0.041,16,ready,8
2026-10-08 22:46:18.276,654.37,20261008_223523,prim,rest,,,,,99.4,245.6,1,,,,0,37.61,0.06,0.057,16,ready,9
2026-10-08 22:46:18.481,654.57,20261008_223523,prim,rest,,,,,100.2,220.2,1,,,,0,37.57,0.067,0.061,16,ready,8
2026-10-08 22:46:18.693,654.79,20261008_223523,prim,rest,,,,,100.2,220.2,1,,,,0,37.57,0.079,0.077,16,ready,9
2026-10-08 22:46:18.898,654.99,20261008_223523,prim,rest,,,,,100.2,220.2,1,,,,0,37.58,0.093,0.081,17,ready,9
2026-10-08 22:46:19.103,655.2,20261008_223523,prim,rest,,,,,100.2,220.2,1,,,,0,37.58,0.09,0.085,17,ready,8
2026-10-08 22:46:19.322,655.41,20261008_223523,prim,rest,,,,,100.2,220.2,1,,,,0,37.59,0.094,0.082,17,ready,9
2026-10-08 22:46:19.519,655.61,20261008_223523,prim,rest,,,,,99.4,220.2,1,,,,0,37.59,0.099,0.084,17,ready,9
2026-10-08 22:46:19.724,655.82,20261008_223523,prim,rest,,,,,99.4,220.2,1,,,,0,37.59,0.104,0.099,17,ready,9
2026-10-08 22:46:19.930,656.02,20261008_223523,prim,rest,,,,,99.4,220.2,1,,,,0,37.6,0.118,0.104,17,ready,9
2026-10-08 22:46:20.139,656.23,20261008_223523,prim,rest,,,,,99.4,220.2,1,,,,0,37.6,0.12,0.1,17,ready,9
2026-10-08 22:46:20.339,656.43,20261008_223523,prim,rest,,,,,99.4,201.0,1,,,,0,37.6,0.114,0.094,17,ready,9
2026-10-08 22:46:20.544,656.64,20261008_223523,prim,rest,,,,,99.4,201.0,1,,,,0,37.6,0.107,0.102,17,ready,9
2026-10-08 22:46:20.752,656.85,20261008_223523,prim,rest,,,,,99.4,201.0,1,,,,0,37.56,0.16,0.126,17,ready,9
2026-10-08 22:46:20.961,657.05,20261008_223523,prim,rest,,,,,99.4,196.5,1,,,,0,37.57,0.158,0.14,17,ready,8
2026-10-08 22:46:21.170,657.26,20261008_223523,prim,rest,,,,,99.4,196.5,1,,,,0,37.57,0.175,0.138,17,ready,8
2026-10-08 22:46:21.374,657.47,20261008_223523,prim,rest,,,,,105.2,183.8,1,,,,0,37.58,0.176,0.145,18,ready,8
2026-10-08 22:46:21.574,657.67,20261008_223523,prim,rest,,,,,105.2,183.8,1,,,,0,37.58,0.166,0.133,18,ready,8
2026-10-08 22:46:21.783,657.88,20261008_223523,prim,rest,,,,,105.2,183.8,1,,,,0,37.59,0.152,0.121,18,ready,8
2026-10-08 22:46:21.992,658.09,20261008_223523,prim,rest,,,,,101.7,98.2,1,,,,0,37.59,0.137,0.103,18,ready,8
2026-10-08 22:46:22.190,658.28,20261008_223523,prim,rest,,,,,101.7,98.2,1,,,,0,37.59,0.128,0.094,18,ready,8
2026-10-08 22:46:22.398,658.49,20261008_223523,prim,rest,,,,,101.7,98.2,1,,,,0,37.6,0.12,0.087,18,ready,8
2026-10-08 22:46:22.640,658.73,20261008_223523,prim,rest,,,,,101.7,98.2,1,,,,0,37.6,0.11,0.079,18,ready,8
2026-10-08 22:46:22.816,658.91,20261008_223523,prim,rest,,,,,101.7,98.2,1,,,,0,37.6,0.102,0.074,18,ready,8
2026-10-08 22:46:23.023,659.12,20261008_223523,prim,rest,,,,,101.7,98.2,1,,,,0,37.6,0.093,0.067,18,ready,8
2026-10-08 22:46:23.224,659.32,20261008_223523,prim,rest,,,,,101.7,98.2,1,,,,0,37.61,0.085,0.061,18,ready,8
2026-10-08 22:46:23.455,659.55,20261008_223523,prim,rest,,,,,101.7,98.2,1,,,,0,37.61,0.078,0.055,18,ready,8
2026-10-08 22:46:23.643,659.74,20261008_223523,prim,rest,,,,,101.7,98.2,1,,,,0,37.61,0.073,0.051,18,ready,8
2026-10-08 22:46:23.838,659.93,20261008_223523,prim,rest,,,,,101.7,98.2,1,,,,0,37.61,0.067,0.046,18,ready,8
2026-10-08 22:46:24.045,660.14,20261008_223523,prim,rest,,,,,101.7,68.4,1,,,,0,37.61,0.063,0.042,18,ready,8
2026-10-08 22:46:24.255,660.35,20261008_223523,prim,rest,,,,,101.7,68.4,1,,,,0,37.61,0.06,0.04,18,ready,8
2026-10-08 22:46:24.479,660.57,20261008_223523,prim,rest,,,,,101.7,68.4,1,,,,0,37.61,0.056,0.036,18,ready,9
2026-10-08 22:46:24.665,660.76,20261008_223523,prim,rest,,,,,112.6,75.2,1,,,,0,37.61,0.05,0.033,18,ready,9
2026-10-08 22:46:24.862,660.95,20261008_223523,prim,rest,,,,,112.6,75.2,1,,,,0,37.63,0.047,0.03,19,ready,9
2026-10-08 22:46:25.070,661.16,20261008_223523,prim,rest,,,,,112.6,77.8,1,,,,0,37.63,0.045,0.028,20,ready,8
2026-10-08 22:46:25.273,661.37,20261008_223523,prim,rest,,,,,112.6,77.8,1,,,,0,37.63,0.042,0.026,20,ready,8
2026-10-08 22:46:25.480,661.57,20261008_223523,prim,rest,,,,,112.6,74.4,1,,,,0,37.63,0.039,0.024,20,ready,8
2026-10-08 22:46:25.691,661.78,20261008_223523,prim,rest,,,,,112.6,74.4,1,,,,0,37.63,0.038,0.022,21,ready,8
2026-10-08 22:46:25.891,661.98,20261008_223523,prim,rest,,,,,112.6,74.4,1,,,,0,37.64,0.035,0.02,21,ready,8
2026-10-08 22:46:26.090,662.18,20261008_223523,prim,rest,,,,,112.6,74.4,1,,,,0,37.64,0.032,0.018,21,ready,8
2026-10-08 22:46:26.296,662.39,20261008_223523,prim,rest,,,,,112.6,74.4,1,,,,0,37.64,0.029,0.017,21,ready,8
2026-10-08 22:46:26.501,662.59,20261008_223523,prim,rest,,,,,112.6,78.9,1,,,,0,37.6,0.027,0.016,21,ready,8
2026-10-08 22:46:26.712,662.8,20261008_223523,prim,rest,,,,,112.6,78.9,1,,,,0,37.6,0.025,0.015,21,ready,8
2026-10-08 22:46:26.917,663.01,20261008_223523,prim,rest,,,,,112.6,78.9,1,,,,0,37.61,0.023,0.014,21,ready,8
2026-10-08 22:46:27.124,663.22,20261008_223523,prim,rest,,,,,112.6,78.1,1,,,,0,37.61,0.023,0.013,22,ready,8
2026-10-08 22:46:27.335,663.43,20261008_223523,prim,rest,,,,,112.6,78.1,1,,,,0,37.61,0.022,0.012,22,ready,8
2026-10-08 22:46:27.532,663.62,20261008_223523,prim,rest,,,,,112.6,78.1,1,,,,0,37.61,0.021,0.011,22,ready,8
2026-10-08 22:46:27.735,663.83,20261008_223523,prim,rest,,,,,103.4,74.4,1,,,,0,37.62,0.019,0.01,21,ready,8
2026-10-08 22:46:27.942,664.03,20261008_223523,prim,rest,,,,,103.4,74.4,1,,,,0,37.62,0.02,0.011,20,ready,8
2026-10-08 22:46:28.152,664.24,20261008_223523,prim,rest,,,,,103.4,74.4,1,,,,0,37.62,0.019,0.011,20,ready,9
2026-10-08 22:46:28.362,664.45,20261008_223523,prim,rest,,,,,99.2,75.1,1,,,,0,37.62,0.018,0.01,19,ready,9
2026-10-08 22:46:28.562,664.65,20261008_223523,prim,rest,,,,,99.2,75.1,1,,,,0,37.62,0.018,0.009,19,ready,8
2026-10-08 22:46:28.770,664.86,20261008_223523,prim,rest,,,,,99.2,75.1,1,,,,0,37.62,0.019,0.009,18,ready,8
2026-10-08 22:46:28.982,665.07,20261008_223523,prim,rest,,,,,99.2,75.1,1,,,,0,37.62,0.018,0.009,18,ready,8
2026-10-08 22:46:29.191,665.28,20261008_223523,prim,rest,,,,,99.2,75.1,1,,,,0,37.58,0.024,0.017,17,ready,8
2026-10-08 22:46:29.391,665.48,20261008_223523,prim,rest,,,,,99.2,75.1,1,,,,0,37.58,0.03,0.018,17,ready,8
2026-10-08 22:46:29.597,665.69,20261008_223523,prim,rest,,,,,99.2,75.1,1,,,,0,37.59,0.03,0.02,17,ready,8
2026-10-08 22:46:29.815,665.91,20261008_223523,prim,rest,,,,,99.2,75.1,1,,,,0,37.59,0.037,0.021,17,ready,8
2026-10-08 22:46:30.006,666.1,20261008_223523,prim,rest,,,,,99.2,75.1,1,,,,0,37.59,0.086,0.054,17,ready,8
2026-10-08 22:46:30.206,666.3,20261008_223523,prim,rest,,,,,,,1,,,,0,37.6,0.083,0.073,17,ready,8
2026-10-08 22:46:30.410,666.5,20261008_223523,prim,rest,,,,,,,1,,,,0,37.6,0.078,0.07,17,ready,9
2026-10-08 22:46:30.615,666.71,20261008_223523,prim,rest,,,,,,,1,,,,0,37.6,0.075,0.069,17,ready,9
2026-10-08 22:46:30.824,666.92,20261008_223523,prim,rest,,,,,66.1,,1,,,,0,37.6,0.071,0.065,16,ready,9
2026-10-08 22:46:31.024,667.12,20261008_223523,prim,rest,,,,,66.1,,1,,,,0,37.6,0.064,0.059,14,ready,9
2026-10-08 22:46:31.234,667.33,20261008_223523,prim,rest,,,,,99.2,,1,,,,0,37.6,0.06,0.056,14,ready,9
2026-10-08 22:46:31.434,667.53,20261008_223523,prim,rest,,,,,99.2,,1,,,,0,37.61,0.056,0.052,15,ready,9
2026-10-08 22:46:31.641,667.73,20261008_223523,prim,rest,,,,,99.2,,1,,,,0,37.61,0.054,0.048,15,ready,9
2026-10-08 22:46:31.852,667.94,20261008_223523,prim,rest,,,,,101.2,,1,,,,0,37.61,0.053,0.044,15,ready,9
2026-10-08 22:46:32.060,668.15,20261008_223523,prim,rest,,,,,101.2,,1,,,,0,37.61,0.049,0.041,16,ready,9
2026-10-08 22:46:32.261,668.35,20261008_223523,prim,rest,,,,,101.2,,1,,,,0,37.61,0.046,0.037,16,ready,9
2026-10-08 22:46:32.459,668.55,20261008_223523,prim,rest,,,,,99.2,334.1,1,,,,0,37.61,0.045,0.037,16,ready,9
2026-10-08 22:46:32.668,668.76,20261008_223523,prim,rest,,,,,99.2,334.1,1,,,,0,37.62,0.048,0.042,16,ready,9
2026-10-08 22:46:32.873,668.97,20261008_223523,prim,rest,,,,,99.2,334.1,1,,,,0,37.62,0.046,0.039,16,ready,8
2026-10-08 22:46:33.077,669.17,20261008_223523,prim,rest,,,,,99.2,334.1,1,,,,0,37.62,0.043,0.037,16,ready,9
2026-10-08 22:46:33.282,669.37,20261008_223523,prim,rest,,,,,103.2,334.1,1,,,,0,37.62,0.041,0.034,16,ready,9
2026-10-08 22:46:33.484,669.58,20261008_223523,prim,rest,,,,,103.2,334.1,1,,,,0,37.62,0.045,0.034,17,ready,9
2026-10-08 22:46:33.689,669.78,20261008_223523,prim,rest,,,,,103.2,334.1,1,,,,0,37.6,0.046,0.032,17,ready,9
2026-10-08 22:46:33.901,669.99,20261008_223523,prim,rest,,,,,103.2,334.1,1,,,,0,37.6,0.045,0.029,17,ready,9
2026-10-08 22:46:34.112,670.2,20261008_223523,prim,rest,,,,,103.2,334.1,1,,,,0,37.6,0.05,0.036,17,ready,9
2026-10-08 22:46:34.309,670.4,20261008_223523,prim,rest,,,,,108.2,334.1,1,,,,0,37.61,0.054,0.036,18,ready,9
2026-10-08 22:46:34.522,670.61,20261008_223523,prim,rest,,,,,108.2,334.1,1,,,,0,37.61,0.062,0.035,18,ready,9
2026-10-08 22:46:34.725,670.82,20261008_223523,prim,rest,,,,,108.2,334.1,1,,,,0,37.61,0.088,0.042,19,ready,9
2026-10-08 22:46:34.931,671.02,20261008_223523,prim,rest,,,,,103.2,302.1,1,,,,0,37.61,0.088,0.042,19,ready,9
2026-10-08 22:46:35.144,671.24,20261008_223523,prim,rest,,,,,103.2,302.1,1,,,,0,37.61,0.083,0.039,18,ready,9
2026-10-08 22:46:35.343,671.44,20261008_223523,prim,rest,,,,,103.2,302.1,1,,,,0,37.62,0.076,0.038,18,ready,9
2026-10-08 22:46:35.552,671.64,20261008_223523,prim,rest,,,,,98.7,276.3,1,,,,0,37.62,0.069,0.036,18,ready,9
2026-10-08 22:46:35.765,671.86,20261008_223523,prim,rest,,,,,98.7,276.3,1,,,,0,37.62,0.064,0.033,18,ready,9
2026-10-08 22:46:35.964,672.06,20261008_223523,prim,rest,,,,,98.7,276.3,1,,,,0,37.62,0.058,0.031,17,ready,9
2026-10-08 22:46:36.172,672.26,20261008_223523,prim,rest,,,,,105.4,256.3,1,,,,0,37.62,0.055,0.028,18,ready,9
2026-10-08 22:46:38.243,674.34,20261008_223523,prim,rest,,,,,104.5,239.7,1,,,,0,37.64,0.03,0.016,18,ready,9
2026-10-08 22:46:38.436,674.53,20261008_223523,prim,rest,,,,,104.5,115.5,1,,,,0,37.6,0.03,0.016,18,ready,9
2026-10-08 22:46:38.648,674.74,20261008_223523,prim,rest,,,,,104.5,115.5,1,,,,0,37.61,0.029,0.015,18,ready,9
2026-10-08 22:46:38.857,674.95,20261008_223523,prim,rest,,,,,104.5,115.5,1,,,,0,37.61,0.027,0.014,18,ready,9
2026-10-08 22:46:39.060,675.15,20261008_223523,prim,rest,,,,,104.5,90.2,1,,,,0,37.61,0.026,0.013,18,ready,8
2026-10-08 22:46:39.264,675.36,20261008_223523,prim,rest,,,,,104.5,90.2,1,,,,0,37.61,0.048,0.019,18,ready,8
2026-10-08 22:46:39.469,675.56,20261008_223523,prim,rest,,,,,104.5,90.2,1,,,,0,37.61,0.055,0.023,18,ready,8
2026-10-08 22:46:39.679,675.77,20261008_223523,prim,rest,,,,,103.4,56.3,1,,,,0,37.62,0.054,0.022,18,ready,9
2026-10-08 22:46:39.879,675.97,20261008_223523,prim,rest,,,,,103.4,56.3,1,,,,0,37.62,0.05,0.021,18,ready,9
2026-10-08 22:46:40.148,676.24,20261008_223523,prim,rest,,,,,103.4,56.3,1,,,,0,37.62,0.049,0.022,18,ready,8
2026-10-08 22:46:40.299,676.39,20261008_223523,prim,rest,,,,,103.4,56.3,1,,,,0,37.62,0.045,0.02,18,ready,9
2026-10-08 22:46:40.504,676.6,20261008_223523,prim,rest,,,,,103.4,59.9,1,,,,0,37.62,0.041,0.02,18,ready,9
2026-10-08 22:46:40.767,676.86,20261008_223523,prim,rest,,,,,103.4,59.9,1,,,,0,37.62,0.041,0.019,18,ready,9
2026-10-08 22:46:40.918,677.01,20261008_223523,prim,rest,,,,,103.4,59.9,1,,,,0,37.62,0.04,0.018,18,ready,9
2026-10-08 22:46:41.129,677.22,20261008_223523,prim,rest,,,,,103.4,59.9,1,,,,0,37.62,0.037,0.017,18,ready,9
2026-10-08 22:46:41.329,677.42,20261008_223523,prim,rest,,,,,103.4,59.9,1,,,,0,37.63,0.038,0.018,18,ready,9
2026-10-08 22:46:41.537,677.63,20261008_223523,prim,rest,,,,,100.6,59.9,1,,,,0,37.63,0.036,0.018,18,ready,9
2026-10-08 22:46:41.735,677.83,20261008_223523,prim,rest,,,,,100.6,59.9,1,,,,0,37.63,0.033,0.017,17,ready,9
2026-10-08 22:46:41.943,678.04,20261008_223523,prim,rest,,,,,100.6,59.9,1,,,,0,37.63,0.031,0.016,17,ready,9
2026-10-08 22:46:42.149,678.24,20261008_223523,prim,rest,,,,,100.6,59.9,1,,,,0,37.63,0.03,0.018,17,ready,9
2026-10-08 22:46:42.370,678.46,20261008_223523,prim,rest,,,,,100.6,59.9,1,,,,0,37.63,0.029,0.018,17,ready,9
2026-10-08 22:46:42.583,678.68,20261008_223523,prim,rest,,,,,100.6,59.9,1,,,,0,37.63,0.029,0.018,17,ready,9
2026-10-08 22:46:42.763,678.86,20261008_223523,prim,rest,,,,,100.6,59.9,1,,,,0,37.65,0.026,0.025,17,ready,9
2026-10-08 22:46:42.968,679.06,20261008_223523,prim,rest,,,,,100.6,59.9,1,,,,0,37.65,0.026,0.023,17,ready,9
2026-10-08 22:46:43.180,679.27,20261008_223523,prim,rest,,,,,100.6,59.9,1,,,,0,37.65,0.024,0.022,17,ready,9
2026-10-08 22:46:43.390,679.48,20261008_223523,prim,rest,,,,,101.0,59.9,1,,,,0,37.64,0.023,0.02,17,ready,9
2026-10-08 22:46:43.587,679.68,20261008_223523,prim,rest,,,,,101.0,59.9,1,,,,0,37.64,0.022,0.018,17,ready,9
2026-10-08 22:46:43.798,679.89,20261008_223523,prim,rest,,,,,101.0,59.9,1,,,,0,37.64,0.023,0.018,17,ready,9
2026-10-08 22:46:44.004,680.1,20261008_223523,prim,rest,,,,,101.0,59.9,1,,,,0,37.65,0.025,0.017,17,ready,9
2026-10-08 22:46:44.205,680.3,20261008_223523,prim,rest,,,,,101.0,48.6,1,,,,0,37.64,0.026,0.016,17,ready,9
2026-10-08 22:46:44.420,680.51,20261008_223523,prim,question,20,619,manual,truth,101.0,48.6,1,,,,0,37.64,0.027,0.016,17,question,9
2026-10-08 22:46:44.616,680.71,20261008_223523,prim,question,20,619,manual,truth,101.0,48.6,1,,,,0,37.64,0.026,0.016,17,question,9
2026-10-08 22:46:44.827,680.92,20261008_223523,prim,question,20,619,manual,truth,101.0,48.6,1,,,,0,37.64,0.024,0.017,17,question,9
2026-10-08 22:46:45.061,681.15,20261008_223523,prim,question,20,619,manual,truth,101.0,50.1,1,,,,0,37.64,0.022,0.016,17,question,9
2026-10-08 22:46:45.243,681.34,20261008_223523,prim,question,20,619,manual,truth,101.0,50.1,1,,,,0,37.64,0.022,0.015,17,question,9
2026-10-08 22:46:45.446,681.54,20261008_223523,prim,question,20,619,manual,truth,101.0,50.1,1,,,,0,37.64,0.022,0.013,17,question,9
2026-10-08 22:46:45.649,681.74,20261008_223523,prim,question,20,619,manual,truth,101.0,50.1,1,,,,0,37.64,0.023,0.013,17,question,9
2026-10-08 22:46:45.853,681.95,20261008_223523,prim,question,20,619,manual,truth,99.6,45.6,1,,,,0,37.64,0.022,0.012,17,question,9
2026-10-08 22:46:46.059,682.15,20261008_223523,prim,question,20,619,manual,truth,99.6,45.6,1,,,,0,37.64,0.024,0.012,16,question,9
2026-10-08 22:46:46.265,682.36,20261008_223523,prim,question,20,619,manual,truth,99.6,45.6,1,,,,0,37.64,0.022,0.011,16,question,9
2026-10-08 22:46:46.475,682.57,20261008_223523,prim,question,20,619,manual,truth,99.6,45.6,1,,,,0,37.64,0.021,0.01,16,question,9
2026-10-08 22:46:46.693,682.79,20261008_223523,prim,question,20,619,manual,truth,101.0,,1,,,,0,37.63,0.02,0.012,16,question,9
2026-10-08 22:46:46.890,682.98,20261008_223523,prim,question,20,619,manual,truth,101.0,,1,,,,0,37.58,0.02,0.011,16,question,9
2026-10-08 22:46:47.099,683.19,20261008_223523,prim,question,20,619,manual,truth,101.0,,1,,,,0,37.59,0.021,0.017,16,question,9
2026-10-08 22:46:47.303,683.4,20261008_223523,prim,question,20,619,manual,truth,101.0,,1,,,,0,37.55,0.031,0.02,17,question,9
2026-10-08 22:46:47.508,683.6,20261008_223523,prim,question,20,619,manual,truth,101.0,,1,,,,0,37.56,0.045,0.025,17,question,9
2026-10-08 22:46:47.714,683.81,20261008_223523,prim,question,20,619,manual,truth,99.6,,1,,,,0,37.57,0.049,0.027,17,question,9
2026-10-08 22:46:47.918,684.01,20261008_223523,prim,question,20,619,manual,truth,99.6,,1,,,,0,37.57,0.045,0.025,16,question,9
2026-10-08 22:46:48.125,684.22,20261008_223523,prim,question,20,619,manual,truth,99.6,,1,,,,0,37.58,0.042,0.023,16,question,9
2026-10-08 22:46:48.335,684.43,20261008_223523,prim,question,20,619,manual,truth,99.6,47.2,1,,,,0,37.59,0.04,0.022,16,question,9
2026-10-08 22:46:48.536,684.63,20261008_223523,prim,question,20,619,manual,truth,99.6,47.2,1,,,,0,37.59,0.037,0.021,16,question,9
2026-10-08 22:46:48.737,684.83,20261008_223523,prim,question,20,619,manual,truth,99.6,47.2,1,,,,0,37.59,0.034,0.02,16,question,9
2026-10-08 22:46:48.946,685.04,20261008_223523,prim,question,20,619,manual,truth,99.6,47.2,1,,,,0,37.6,0.037,0.02,16,question,9
2026-10-08 22:46:49.154,685.25,20261008_223523,prim,question,20,619,manual,truth,99.6,47.2,1,,,,0,37.6,0.036,0.021,16,question,9
2026-10-08 22:46:49.359,685.45,20261008_223523,prim,question,20,619,manual,truth,99.6,47.2,1,,,,0,37.61,0.035,0.02,16,question,9
2026-10-08 22:46:49.608,685.7,20261008_223523,prim,question,20,619,manual,truth,99.6,47.2,1,,,,0,37.61,0.033,0.019,16,question,9
2026-10-08 22:46:49.769,685.86,20261008_223523,prim,question,20,619,manual,truth,99.6,47.2,1,,,,0,37.61,0.033,0.021,16,question,9
2026-10-08 22:46:49.978,686.07,20261008_223523,prim,question,20,619,manual,truth,99.6,47.2,1,,,,0,37.61,0.036,0.022,16,question,9
2026-10-08 22:46:50.180,686.27,20261008_223523,prim,question,20,619,manual,truth,98.4,,1,,,,0,37.62,0.036,0.021,16,question,9
2026-10-08 22:46:50.388,686.48,20261008_223523,prim,question,20,619,manual,truth,98.4,,1,,,,0,37.62,0.038,0.024,16,question,9
2026-10-08 22:46:50.598,686.69,20261008_223523,prim,question,20,619,manual,truth,98.4,,1,,,,0,37.62,0.037,0.025,16,question,9
2026-10-08 22:46:50.803,686.9,20261008_223523,prim,question,20,619,manual,truth,100.1,,1,,,,0,37.62,0.038,0.024,16,question,9
2026-10-08 22:46:51.005,687.1,20261008_223523,prim,question,20,619,manual,truth,100.1,,1,,,,0,37.63,0.041,0.025,16,question,9
2026-10-08 22:46:51.205,687.3,20261008_223523,prim,question,20,619,manual,truth,100.1,,1,,,,0,37.64,0.041,0.026,16,question,9
2026-10-08 22:46:51.416,687.51,20261008_223523,prim,question,20,619,manual,truth,99.0,25.6,1,,,,0,37.61,0.041,0.024,16,question,9
2026-10-08 22:46:51.620,687.71,20261008_223523,prim,question,20,619,manual,truth,99.0,25.6,1,,,,0,37.61,0.038,0.022,16,question,9
2026-10-08 22:46:51.816,687.91,20261008_223523,prim,question,20,619,manual,truth,100.1,44.8,1,,,,0,37.61,0.058,0.03,16,question,9
2026-10-08 22:46:52.021,688.11,20261008_223523,prim,question,20,619,manual,truth,100.1,44.8,1,,,,0,37.62,0.058,0.032,16,question,9
2026-10-08 22:46:52.292,688.39,20261008_223523,prim,question,20,619,manual,truth,100.1,44.8,1,,,,0,37.62,0.064,0.031,16,question,9
2026-10-08 22:46:52.427,688.52,20261008_223523,prim,question,20,619,manual,truth,100.1,44.8,1,,,,0,37.63,0.063,0.03,16,question,9
2026-10-08 22:46:52.629,688.72,20261008_223523,prim,question,20,619,manual,truth,100.1,44.8,1,,,,0,37.63,0.059,0.027,17,question,9
2026-10-08 22:46:52.836,688.93,20261008_223523,prim,question,20,619,manual,truth,100.1,44.8,1,,,,0,37.63,0.055,0.025,17,question,9
2026-10-08 22:46:53.045,689.14,20261008_223523,prim,question,20,619,manual,truth,100.1,44.8,1,,,,0,37.63,0.05,0.024,17,question,9
2026-10-08 22:46:53.254,689.35,20261008_223523,prim,question,20,619,manual,truth,100.3,45.3,1,,,,0,37.63,0.046,0.022,17,question,9
2026-10-08 22:46:53.466,689.56,20261008_223523,prim,question,20,619,manual,truth,100.3,45.3,1,,,,0,37.63,0.043,0.021,17,question,9
2026-10-08 22:46:53.662,689.76,20261008_223523,prim,question,20,619,manual,truth,100.3,45.3,1,,,,0,37.63,0.039,0.02,17,question,9
2026-10-08 22:46:53.866,689.96,20261008_223523,prim,question,20,619,manual,truth,100.3,45.3,1,,,,0,37.64,0.038,0.019,17,question,9
2026-10-08 22:46:54.086,690.18,20261008_223523,prim,question,20,619,manual,truth,100.3,45.3,1,,,,0,37.64,0.038,0.019,17,question,9
2026-10-08 22:46:54.281,690.37,20261008_223523,prim,question,20,619,manual,truth,100.3,45.3,1,,,,0,37.64,0.037,0.018,17,question,9
2026-10-08 22:46:54.488,690.58,20261008_223523,prim,question,20,619,manual,truth,100.3,45.3,1,,,,0,37.64,0.034,0.017,17,question,9
2026-10-08 22:46:54.695,690.79,20261008_223523,prim,question,20,619,manual,truth,100.3,45.3,1,,,,0,37.64,0.032,0.017,17,question,9
2026-10-08 22:46:54.903,691.0,20261008_223523,prim,question,20,619,manual,truth,100.3,45.5,1,,,,0,37.64,0.03,0.015,17,question,9
2026-10-08 22:46:55.109,691.2,20261008_223523,prim,question,20,619,manual,truth,100.3,45.5,1,,,,0,37.64,0.028,0.015,16,question,9
2026-10-08 22:46:55.316,691.41,20261008_223523,prim,question,20,619,manual,truth,100.3,45.5,1,,,,0,37.64,0.027,0.017,16,question,9
2026-10-08 22:46:55.528,691.62,20261008_223523,prim,question,20,619,manual,truth,100.3,48.4,1,,,,0,37.64,0.027,0.021,16,question,9
2026-10-08 22:46:55.731,691.82,20261008_223523,prim,question,20,619,manual,truth,100.3,48.4,1,,,,0,37.64,0.028,0.021,16,question,9
2026-10-08 22:46:55.942,692.04,20261008_223523,prim,question,20,619,manual,truth,100.3,48.4,1,,,,0,37.64,0.029,0.03,16,question,9
2026-10-08 22:46:56.135,692.23,20261008_223523,prim,question,20,619,manual,truth,97.3,62.3,1,,,,0,37.63,0.031,0.029,16,question,9
2026-10-08 22:46:58.335,694.43,20261008_223523,prim,recovery,20,619,manual,truth,95.6,63.1,1,,,,0,37.63,0.035,0.024,15,ready,9
2026-10-08 22:46:58.535,694.63,20261008_223523,prim,recovery,20,619,manual,truth,95.6,78.5,1,,,,0,37.64,0.035,0.023,15,ready,9
2026-10-08 22:46:58.742,694.83,20261008_223523,prim,recovery,20,619,manual,truth,95.6,78.5,1,,,,0,37.64,0.032,0.021,15,ready,9
2026-10-08 22:46:58.952,695.04,20261008_223523,prim,recovery,20,619,manual,truth,95.6,78.5,1,,,,0,37.65,0.031,0.02,15,ready,9
2026-10-08 22:46:59.172,695.27,20261008_223523,prim,recovery,20,619,manual,truth,95.6,78.5,1,,,,0,37.64,0.031,0.019,15,ready,9
2026-10-08 22:46:59.359,695.45,20261008_223523,prim,recovery,20,619,manual,truth,95.6,78.5,1,,,,0,37.64,0.029,0.018,15,ready,9
2026-10-08 22:46:59.566,695.66,20261008_223523,prim,recovery,20,619,manual,truth,95.6,78.5,1,,,,0,37.64,0.029,0.017,15,ready,9
2026-10-08 22:46:59.771,695.86,20261008_223523,prim,recovery,20,619,manual,truth,95.6,78.5,1,,,,0,37.64,0.029,0.016,15,ready,9
2026-10-08 22:46:59.982,696.07,20261008_223523,prim,rest,,,,,99.8,77.5,1,,,,0,37.64,0.033,0.019,15,ready,9
2026-10-08 22:47:00.189,696.28,20261008_223523,prim,rest,,,,,99.8,77.5,1,,,,0,37.64,0.036,0.022,15,ready,9
2026-10-08 22:47:00.397,696.49,20261008_223523,prim,rest,,,,,99.8,77.5,1,,,,0,37.64,0.034,0.022,15,ready,9
2026-10-08 22:47:00.597,696.69,20261008_223523,prim,rest,,,,,99.8,73.3,1,,,,0,37.64,0.037,0.022,16,ready,9
2026-10-08 22:47:00.801,696.89,20261008_223523,prim,rest,,,,,99.8,73.3,1,,,,0,37.65,0.039,0.021,16,ready,9
2026-10-08 22:47:01.007,697.1,20261008_223523,prim,rest,,,,,99.8,73.3,1,,,,0,37.65,0.036,0.019,16,ready,9
2026-10-08 22:47:01.214,697.31,20261008_223523,prim,rest,,,,,99.8,71.7,1,,,,0,37.62,0.034,0.019,16,ready,9
2026-10-08 22:47:01.418,697.51,20261008_223523,prim,rest,,,,,99.8,71.7,1,,,,0,37.63,0.032,0.02,16,ready,9
2026-10-08 22:47:01.627,697.72,20261008_223523,prim,rest,,,,,99.8,71.7,1,,,,0,37.63,0.035,0.02,16,ready,9
2026-10-08 22:47:01.847,697.94,20261008_223523,prim,rest,,,,,100.0,68.1,1,,,,0,37.63,0.065,0.027,16,ready,9
2026-10-08 22:47:02.049,698.14,20261008_223523,prim,rest,,,,,100.0,68.1,1,,,,0,37.65,0.062,0.026,16,ready,9
2026-10-08 22:47:02.251,698.34,20261008_223523,prim,rest,,,,,100.0,68.1,1,,,,0,37.65,0.059,0.024,16,ready,9
2026-10-08 22:47:02.450,698.54,20261008_223523,prim,rest,,,,,100.0,68.0,1,,,,0,37.64,0.054,0.023,16,ready,9
2026-10-08 22:47:02.679,698.77,20261008_223523,prim,rest,,,,,100.0,68.0,1,,,,0,37.64,0.05,0.022,16,ready,9
2026-10-08 22:47:02.846,698.94,20261008_223523,prim,rest,,,,,100.0,68.0,1,,,,0,37.64,0.045,0.02,16,ready,9
2026-10-08 22:47:03.053,699.15,20261008_223523,prim,rest,,,,,99.1,65.2,1,,,,0,37.64,0.062,0.027,16,ready,9
2026-10-08 22:47:03.259,699.35,20261008_223523,prim,rest,,,,,99.1,65.2,1,,,,0,37.64,0.059,0.03,16,ready,9
2026-10-08 22:47:03.467,699.56,20261008_223523,prim,rest,,,,,100.7,53.3,1,,,,0,37.64,0.054,0.028,16,ready,9
2026-10-08 22:47:03.674,699.77,20261008_223523,prim,rest,,,,,100.7,53.3,1,,,,0,37.64,0.056,0.03,17,ready,9
2026-10-08 22:47:03.878,699.97,20261008_223523,prim,rest,,,,,100.7,53.3,1,,,,0,37.64,0.062,0.036,17,ready,9
2026-10-08 22:47:04.089,700.18,20261008_223523,prim,rest,,,,,100.7,52.6,1,,,,0,37.64,0.059,0.035,17,ready,9
2026-10-08 22:47:04.297,700.39,20261008_223523,prim,rest,,,,,100.7,52.6,1,,,,0,37.64,0.056,0.033,17,ready,9
2026-10-08 22:47:08.368,704.46,20261008_223523,prim,rest,,,,,100.4,54.8,1,,,,0,37.61,0.037,0.026,17,ready,9
2026-10-08 22:47:08.570,704.66,20261008_223523,prim,rest,,,,,100.4,54.8,1,,,,0,37.61,0.057,0.044,17,ready,9
2026-10-08 22:47:08.770,704.86,20261008_223523,prim,rest,,,,,100.4,54.8,1,,,,0,37.61,0.055,0.041,17,ready,9
2026-10-08 22:47:08.983,705.08,20261008_223523,prim,rest,,,,,100.4,54.8,1,,,,0,37.61,0.052,0.038,17,ready,9
2026-10-08 22:47:09.184,705.28,20261008_223523,prim,rest,,,,,100.4,54.8,1,,,,0,37.61,0.05,0.038,17,ready,9
2026-10-08 22:47:09.390,705.48,20261008_223523,prim,rest,,,,,100.4,54.8,1,,,,0,37.61,0.063,0.048,17,ready,9
2026-10-08 22:47:09.599,705.69,20261008_223523,prim,rest,,,,,100.4,54.8,1,,,,0,37.61,0.063,0.048,17,ready,9
2026-10-08 22:47:09.813,705.91,20261008_223523,prim,rest,,,,,100.4,54.8,1,,,,0,37.61,0.06,0.044,17,ready,9
2026-10-08 22:47:10.013,706.11,20261008_223523,prim,rest,,,,,100.4,54.8,1,,,,0,37.61,0.056,0.042,17,ready,9
2026-10-08 22:47:10.219,706.31,20261008_223523,prim,rest,,,,,100.4,54.8,1,,,,0,37.61,0.051,0.04,17,ready,9
2026-10-08 22:47:10.437,706.53,20261008_223523,prim,rest,,,,,100.4,54.8,1,,,,0,37.6,0.05,0.039,17,ready,9
2026-10-08 22:47:10.631,706.72,20261008_223523,prim,rest,,,,,100.4,54.8,1,,,,0,37.6,0.055,0.038,17,ready,9
2026-10-08 22:47:10.863,706.96,20261008_223523,prim,rest,,,,,100.4,54.8,1,,,,0,37.6,0.054,0.036,17,ready,9
2026-10-08 22:47:11.052,707.14,20261008_223523,prim,rest,,,,,100.4,54.8,1,,,,0,37.6,0.051,0.033,17,ready,9
2026-10-08 22:47:11.253,707.35,20261008_223523,prim,rest,,,,,100.4,54.8,1,,,,0,37.6,0.046,0.031,17,ready,9
2026-10-08 22:47:11.480,707.57,20261008_223523,prim,rest,,,,,100.4,54.8,1,,,,0,37.6,0.043,0.028,17,ready,9
2026-10-08 22:47:11.670,707.76,20261008_223523,prim,rest,,,,,100.4,54.8,1,,,,0,37.6,0.04,0.029,17,ready,9
2026-10-08 22:47:11.881,707.97,20261008_223523,prim,rest,,,,,98.4,57.8,1,,,,0,37.6,0.037,0.027,17,ready,9
2026-10-08 22:47:12.086,708.18,20261008_223523,prim,rest,,,,,98.4,57.8,1,,,,0,37.6,0.034,0.024,16,ready,9
2026-10-08 22:47:12.282,708.37,20261008_223523,prim,rest,,,,,98.4,57.8,1,,,,0,37.6,0.032,0.023,16,ready,9
2026-10-08 22:47:12.485,708.58,20261008_223523,prim,rest,,,,,98.4,57.8,1,,,,0,37.56,0.05,0.039,16,ready,9
2026-10-08 22:47:12.692,708.79,20261008_223523,prim,rest,,,,,98.4,57.8,1,,,,0,37.56,0.099,0.067,16,ready,9
2026-10-08 22:47:12.901,708.99,20261008_223523,prim,rest,,,,,98.4,57.8,1,,,,0,37.56,0.089,0.057,16,ready,9
2026-10-08 22:47:13.117,709.21,20261008_223523,prim,rest,,,,,98.4,57.8,1,,,,0,37.57,0.082,0.053,16,ready,9
2026-10-08 22:47:13.322,709.41,20261008_223523,prim,rest,,,,,98.9,61.6,1,,,,0,37.57,0.077,0.049,16,ready,9
2026-10-08 22:47:13.525,709.62,20261008_223523,prim,rest,,,,,98.9,61.6,1,,,,0,37.57,0.071,0.045,16,ready,9
2026-10-08 22:47:13.731,709.82,20261008_223523,prim,rest,,,,,98.9,61.6,1,,,,0,37.58,0.064,0.041,16,ready,9
2026-10-08 22:47:13.941,710.03,20261008_223523,prim,rest,,,,,98.9,61.6,1,,,,0,37.58,0.059,0.037,16,ready,9
2026-10-08 22:47:14.146,710.24,20261008_223523,prim,rest,,,,,98.9,61.6,1,,,,0,37.58,0.054,0.034,16,ready,9
2026-10-08 22:47:14.350,710.44,20261008_223523,prim,rest,,,,,98.9,61.6,1,,,,0,37.58,0.05,0.032,16,ready,9
2026-10-08 22:47:14.553,710.65,20261008_223523,prim,rest,,,,,98.9,61.6,1,,,,0,37.58,0.046,0.029,16,ready,9
2026-10-08 22:47:14.761,710.85,20261008_223523,prim,rest,,,,,98.9,61.6,1,,,,0,37.58,0.042,0.027,16,ready,9
2026-10-08 22:47:14.963,711.06,20261008_223523,prim,rest,,,,,98.4,66.3,1,,,,0,37.59,0.041,0.027,16,ready,9
2026-10-08 22:47:15.168,711.26,20261008_223523,prim,rest,,,,,98.4,66.3,1,,,,0,37.58,0.039,0.026,16,ready,9
2026-10-08 22:47:15.374,711.47,20261008_223523,prim,rest,,,,,98.4,66.3,1,,,,0,37.58,0.037,0.025,16,ready,9
2026-10-08 22:47:15.581,711.67,20261008_223523,prim,rest,,,,,98.9,69.6,1,,,,0,37.58,0.036,0.025,16,ready,9
2026-10-08 22:47:15.789,711.88,20261008_223523,prim,rest,,,,,98.9,69.6,1,,,,0,37.58,0.035,0.024,16,ready,9
2026-10-08 22:47:15.997,712.09,20261008_223523,prim,rest,,,,,98.9,92.5,1,,,,0,37.58,0.032,0.022,16,ready,9
2026-10-08 22:47:16.190,712.28,20261008_223523,prim,rest,,,,,98.9,92.5,1,,,,0,37.57,0.029,0.02,16,ready,9
2026-10-08 22:47:16.389,712.48,20261008_223523,prim,rest,,,,,98.9,92.5,1,,,,0,37.58,0.029,0.02,16,ready,9
2026-10-08 22:47:16.610,712.7,20261008_223523,prim,rest,,,,,98.9,92.5,1,,,,0,37.57,0.031,0.021,16,ready,9
2026-10-08 22:47:16.804,712.9,20261008_223523,prim,rest,,,,,98.9,92.5,1,,,,0,37.57,0.031,0.02,16,ready,9
2026-10-08 22:47:17.009,713.1,20261008_223523,prim,rest,,,,,98.9,92.5,1,,,,0,37.57,0.029,0.019,16,ready,9
2026-10-08 22:47:17.205,713.3,20261008_223523,prim,rest,,,,,98.9,92.5,1,,,,0,37.57,0.026,0.018,16,ready,9
2026-10-08 22:47:17.400,713.49,20261008_223523,prim,rest,,,,,100.0,100.9,1,,,,0,37.57,0.024,0.017,16,ready,9
2026-10-08 22:47:17.613,713.71,20261008_223523,prim,rest,,,,,100.0,100.9,1,,,,0,37.57,0.025,0.017,16,ready,9
2026-10-08 22:47:17.800,713.89,20261008_223523,prim,rest,,,,,100.0,100.9,1,,,,0,37.57,0.029,0.017,16,ready,9
2026-10-08 22:47:18.014,714.11,20261008_223523,prim,rest,,,,,100.0,103.5,1,,,,0,37.57,0.029,0.017,16,ready,9
2026-10-08 22:47:18.237,714.33,20261008_223523,prim,rest,,,,,100.0,103.5,1,,,,0,37.57,0.026,0.016,16,ready,9
2026-10-08 22:47:18.415,714.51,20261008_223523,prim,rest,,,,,100.0,103.5,1,,,,0,37.57,0.026,0.015,16,ready,9
2026-10-08 22:47:18.620,714.71,20261008_223523,prim,rest,,,,,108.5,111.9,1,,,,0,37.56,0.026,0.014,17,ready,9
2026-10-08 22:47:18.825,714.92,20261008_223523,prim,rest,,,,,108.5,111.9,1,,,,0,37.56,0.024,0.013,17,ready,9
2026-10-08 22:47:19.032,715.12,20261008_223523,prim,rest,,,,,108.5,111.9,1,,,,0,37.56,0.022,0.012,18,ready,9
2026-10-08 22:47:19.263,715.36,20261008_223523,prim,rest,,,,,121.2,100.3,1,,,,0,37.57,0.02,0.011,19,ready,9
2026-10-08 22:47:19.449,715.54,20261008_223523,prim,rest,,,,,121.2,100.3,1,,,,0,37.57,0.02,0.011,21,ready,9
2026-10-08 22:47:19.650,715.74,20261008_223523,prim,rest,,,,,121.2,100.3,1,,,,0,37.57,0.018,0.01,22,ready,9
2026-10-08 22:47:19.858,715.95,20261008_223523,prim,rest,,,,,108.5,127.4,1,,,,0,37.56,0.017,0.01,21,ready,9
2026-10-08 22:47:20.064,716.16,20261008_223523,prim,rest,,,,,108.5,127.4,1,,,,0,37.56,0.017,0.01,21,ready,9
2026-10-08 22:47:20.284,716.38,20261008_223523,prim,rest,,,,,108.5,127.4,1,,,,0,37.56,0.016,0.01,21,ready,9
2026-10-08 22:47:20.480,716.57,20261008_223523,prim,rest,,,,,101.6,117.1,1,,,,0,37.56,0.017,0.01,20,ready,9
2026-10-08 22:47:20.684,716.78,20261008_223523,prim,rest,,,,,101.6,117.1,1,,,,0,37.56,0.017,0.009,19,ready,9
2026-10-08 22:47:20.890,716.98,20261008_223523,prim,rest,,,,,101.6,117.1,1,,,,0,37.53,0.019,0.01,19,ready,9
2026-10-08 22:47:21.098,717.19,20261008_223523,prim,rest,,,,,102.3,109.3,1,,,,0,37.54,0.018,0.009,18,ready,9
2026-10-08 22:47:21.303,717.4,20261008_223523,prim,rest,,,,,102.3,109.3,1,,,,0,37.54,0.024,0.01,18,ready,9
2026-10-08 22:47:21.508,717.6,20261008_223523,prim,rest,,,,,102.3,110.3,1,,,,0,37.54,0.024,0.01,18,ready,9
2026-10-08 22:47:21.719,717.81,20261008_223523,prim,rest,,,,,102.3,110.3,1,,,,0,37.55,0.029,0.015,18,ready,9
2026-10-08 22:47:21.918,718.01,20261008_223523,prim,question,21,620,manual,lie,102.3,105.6,1,,,,0,37.55,0.035,0.045,18,question,9
2026-10-08 22:47:22.128,718.22,20261008_223523,prim,question,21,620,manual,lie,102.3,105.6,1,,,,0,37.51,0.062,0.046,18,question,9
2026-10-08 22:47:22.331,718.42,20261008_223523,prim,question,21,620,manual,lie,102.3,105.6,1,,,,0,37.51,0.061,0.045,18,question,9
2026-10-08 22:47:22.520,718.61,20261008_223523,prim,question,21,620,manual,lie,102.3,105.6,1,,,,0,37.52,0.083,0.059,18,question,9
2026-10-08 22:47:22.733,718.83,20261008_223523,prim,question,21,620,manual,lie,102.3,105.6,1,,,,0,37.52,0.091,0.066,18,question,9
2026-10-08 22:47:22.937,719.03,20261008_223523,prim,question,21,620,manual,lie,102.3,105.6,1,,,,0,37.53,0.09,0.068,18,question,9
2026-10-08 22:47:23.141,719.23,20261008_223523,prim,question,21,620,manual,lie,127.8,110.5,1,,,,0,37.53,0.087,0.071,20,question,9
2026-10-08 22:47:23.348,719.44,20261008_223523,prim,question,21,620,manual,lie,127.8,110.5,1,,,,0,37.53,0.082,0.065,22,question,9
2026-10-08 22:47:23.551,719.64,20261008_223523,prim,question,21,620,manual,lie,131.5,100.6,1,,,,0,37.53,0.077,0.061,24,question,9
2026-10-08 22:47:23.760,719.85,20261008_223523,prim,question,21,620,manual,lie,131.5,100.6,1,,,,0,37.53,0.076,0.057,26,question,9
2026-10-08 22:47:23.960,720.05,20261008_223523,prim,question,21,620,manual,lie,131.5,100.6,1,,,,0,37.53,0.074,0.053,27,question,9
2026-10-08 22:47:24.193,720.29,20261008_223523,prim,question,21,620,manual,lie,131.5,100.6,1,,,,0,37.53,0.068,0.049,28,question,9
2026-10-08 22:47:24.376,720.47,20261008_223523,prim,question,21,620,manual,lie,131.5,100.6,1,,,,0,37.54,0.063,0.045,29,question,9
2026-10-08 22:47:24.581,720.67,20261008_223523,prim,question,21,620,manual,lie,131.5,100.6,1,,,,0,37.54,0.057,0.041,30,question,9
2026-10-08 22:47:24.785,720.88,20261008_223523,prim,question,21,620,manual,lie,131.5,100.6,1,,,,0,37.54,0.053,0.038,30,question,9
2026-10-08 22:47:24.990,721.08,20261008_223523,prim,question,21,620,manual,lie,131.5,100.6,1,,,,0,37.54,0.051,0.035,31,question,9
2026-10-08 22:47:25.199,721.29,20261008_223523,prim,question,21,620,manual,lie,,,1,,,,0,37.5,0.048,0.033,28,question,9
2026-10-08 22:47:25.410,721.5,20261008_223523,prim,question,21,620,manual,lie,,,1,,,,0,37.5,0.044,0.03,26,question,9
2026-10-08 22:47:25.612,721.7,20261008_223523,prim,question,21,620,manual,lie,141.8,,1,,,,0,37.5,0.04,0.028,29,question,9
2026-10-08 22:47:25.820,721.91,20261008_223523,prim,question,21,620,manual,lie,141.8,,1,,,,0,37.51,0.037,0.026,31,question,9
2026-10-08 22:47:26.025,722.12,20261008_223523,prim,question,21,620,manual,lie,149.6,,1,,,,0,37.51,0.034,0.023,33,question,9
2026-10-08 22:47:26.229,722.32,20261008_223523,prim,question,21,620,manual,lie,149.6,,1,,,,0,37.52,0.031,0.022,35,question,9
2026-10-08 22:47:26.445,722.54,20261008_223523,prim,question,21,620,manual,lie,149.6,,1,,,,0,37.52,0.029,0.021,37,question,9
2026-10-08 22:47:26.657,722.75,20261008_223523,prim,question,21,620,manual,lie,149.6,,1,,,,0,37.52,0.027,0.02,38,question,9
2026-10-08 22:47:26.850,722.94,20261008_223523,prim,question,21,620,manual,lie,149.6,,1,,,,0,37.49,0.027,0.019,40,question,9
2026-10-08 22:47:27.061,723.15,20261008_223523,prim,question,21,620,manual,lie,149.6,,1,,,,0,37.5,0.025,0.018,40,question,9
2026-10-08 22:47:27.263,723.36,20261008_223523,prim,question,21,620,manual,lie,159.1,,1,,,,0,37.5,0.026,0.017,42,question,9
2026-10-08 22:47:27.470,723.56,20261008_223523,prim,question,21,620,manual,lie,159.1,,1,,,,0,37.5,0.028,0.02,44,question,9
2026-10-08 22:47:27.684,723.78,20261008_223523,prim,question,21,620,manual,lie,156.7,,1,,,,0,37.51,0.035,0.027,45,question,9
2026-10-08 22:47:27.886,723.98,20261008_223523,prim,question,21,620,manual,lie,156.7,,1,,,,0,37.51,0.039,0.035,46,question,9
2026-10-08 22:47:28.091,724.18,20261008_223523,prim,question,21,620,manual,lie,156.7,,1,,,,0,37.51,0.036,0.045,47,question,9
2026-10-08 22:47:28.299,724.39,20261008_223523,prim,question,21,620,manual,lie,156.7,,1,,,,0,37.52,0.058,0.055,48,question,9
2026-10-08 22:47:28.503,724.6,20261008_223523,prim,question,21,620,manual,lie,156.7,,1,,,,0,37.52,0.067,0.061,48,question,9
2026-10-08 22:47:28.707,724.8,20261008_223523,prim,question,21,620,manual,lie,156.7,,1,,,,0,37.52,0.067,0.059,49,question,9
2026-10-08 22:47:28.913,725.01,20261008_223523,prim,question,21,620,manual,lie,168.8,124.8,1,,,,0,37.52,0.069,0.057,51,question,9
2026-10-08 22:47:29.132,725.22,20261008_223523,prim,question,21,620,manual,lie,168.8,124.8,1,,,,0,37.52,0.063,0.052,52,question,9
2026-10-08 22:47:29.327,725.42,20261008_223523,prim,question,21,620,manual,lie,168.8,124.8,1,,,,0,37.51,0.059,0.048,53,question,9
2026-10-08 22:47:29.530,725.62,20261008_223523,prim,question,21,620,manual,lie,168.8,124.8,1,,,,0,37.48,0.059,0.056,54,question,9
2026-10-08 22:47:29.739,725.83,20261008_223523,prim,question,21,620,manual,lie,168.8,124.8,1,,,,0,37.48,0.06,0.059,55,question,9
2026-10-08 22:47:30.162,726.25,20261008_223523,prim,question,21,620,manual,lie,169.8,124.8,1,,,,0,37.48,0.056,0.055,56,question,9
2026-10-08 22:47:30.169,726.26,20261008_223523,prim,question,21,620,manual,lie,169.8,124.8,1,,,,0,37.49,0.055,0.053,57,question,9
2026-10-08 22:47:30.366,726.46,20261008_223523,prim,question,21,620,manual,lie,169.8,124.8,1,,,,0,37.49,0.063,0.06,57,question,9
2026-10-08 22:47:30.566,726.66,20261008_223523,prim,question,21,620,manual,lie,169.8,124.8,1,,,,0,37.5,0.074,0.064,58,question,9
2026-10-08 22:47:30.769,726.86,20261008_223523,prim,question,21,620,manual,lie,169.8,124.8,1,,,,0,37.5,0.082,0.063,58,question,9
2026-10-08 22:47:30.975,727.07,20261008_223523,prim,question,21,620,manual,lie,169.8,124.8,1,,,,0,37.5,0.093,0.065,58,question,9
2026-10-08 22:47:31.185,727.28,20261008_223523,prim,question,21,620,manual,lie,169.8,124.8,1,,,,0,37.51,0.088,0.064,59,question,9
2026-10-08 22:47:31.388,727.48,20261008_223523,prim,question,21,620,manual,lie,169.8,124.8,1,,,,0,37.51,0.083,0.063,59,question,9
2026-10-08 22:47:31.592,727.68,20261008_223523,prim,question,21,620,manual,lie,178.8,124.8,1,,,,0,37.51,0.086,0.061,60,question,9
2026-10-08 22:47:31.804,727.9,20261008_223523,prim,question,21,620,manual,lie,178.8,124.8,1,,,,0,37.51,0.089,0.058,61,question,9
2026-10-08 22:47:32.001,728.09,20261008_223523,prim,question,21,620,manual,lie,178.8,124.8,1,,,,0,37.5,0.092,0.057,62,question,9
2026-10-08 22:47:32.208,728.3,20261008_223523,prim,question,21,620,manual,lie,178.8,124.8,1,,,,0,37.5,0.088,0.053,63,question,9
2026-10-08 22:47:32.413,728.51,20261008_223523,prim,question,21,620,manual,lie,178.8,124.8,1,,,,0,37.51,0.08,0.049,63,question,9
2026-10-08 22:47:32.634,728.73,20261008_223523,prim,question,21,620,manual,lie,178.8,124.8,1,,,,0,37.51,0.074,0.045,64,question,9
2026-10-08 22:47:32.827,728.92,20261008_223523,prim,question,21,620,manual,lie,178.8,124.8,1,,,,0,37.51,0.068,0.041,64,question,9
2026-10-08 22:47:33.036,729.13,20261008_223523,prim,question,21,620,manual,lie,178.8,124.8,1,,,,0,37.51,0.062,0.037,65,question,9
2026-10-08 22:47:33.283,729.38,20261008_223523,prim,question,21,620,manual,lie,178.8,124.8,1,,,,0,37.51,0.056,0.034,65,question,9
2026-10-08 22:47:33.447,729.54,20261008_223523,prim,question,21,620,manual,lie,,,1,,,,0,37.51,0.051,0.031,56,question,9
2026-10-08 22:47:33.657,729.75,20261008_223523,prim,question,21,620,manual,lie,,,1,,,,0,37.46,0.048,0.029,49,question,9
2026-10-08 22:47:33.864,729.96,20261008_223523,prim,recovery,21,620,manual,lie,120.3,,1,,,,0,37.47,0.064,0.043,45,ready,9
2026-10-08 22:47:34.090,730.18,20261008_223523,prim,recovery,21,620,manual,lie,120.3,,1,,,,0,37.47,0.105,0.067,42,ready,9
2026-10-08 22:47:34.271,730.36,20261008_223523,prim,recovery,21,620,manual,lie,123.3,,1,,,,0,37.47,0.114,0.063,39,ready,9
2026-10-08 22:47:34.466,730.56,20261008_223523,prim,recovery,21,620,manual,lie,123.3,,1,,,,0,37.48,0.111,0.066,37,ready,9
2026-10-08 22:47:34.680,730.77,20261008_223523,prim,recovery,21,620,manual,lie,134.8,,1,,,,0,37.48,0.112,0.066,37,ready,9
2026-10-08 22:47:34.881,730.97,20261008_223523,prim,recovery,21,620,manual,lie,134.8,,1,,,,0,37.48,0.107,0.061,37,ready,9
2026-10-08 22:47:35.084,731.18,20261008_223523,prim,recovery,21,620,manual,lie,134.8,,1,,,,0,37.48,0.104,0.062,37,ready,9
2026-10-08 22:47:35.291,731.38,20261008_223523,prim,recovery,21,620,manual,lie,134.8,,1,,,,0,37.49,0.142,0.073,37,ready,9
2026-10-08 22:47:35.508,731.6,20261008_223523,prim,recovery,21,620,manual,lie,134.8,,1,,,,0,37.49,0.163,0.088,37,ready,9
2026-10-08 22:47:35.711,731.8,20261008_223523,prim,recovery,21,620,manual,lie,134.8,,1,,,,0,37.49,0.152,0.081,37,ready,9
2026-10-08 22:47:35.910,732.0,20261008_223523,prim,recovery,21,620,manual,lie,134.8,,1,,,,0,37.49,0.138,0.074,37,ready,8
2026-10-08 22:47:36.123,732.22,20261008_223523,prim,recovery,21,620,manual,lie,134.8,,1,,,,0,37.49,0.129,0.069,37,ready,8
2026-10-08 22:47:36.322,732.41,20261008_223523,prim,recovery,21,620,manual,lie,134.8,,1,,,,0,37.49,0.127,0.072,37,ready,8
2026-10-08 22:47:36.528,732.62,20261008_223523,prim,recovery,21,620,manual,lie,134.8,,1,,,,0,37.49,0.117,0.066,36,ready,8
2026-10-08 22:47:36.731,732.82,20261008_223523,prim,recovery,21,620,manual,lie,148.6,,1,,,,0,37.49,0.107,0.061,38,ready,9
2026-10-08 22:47:36.977,733.07,20261008_223523,prim,recovery,21,620,manual,lie,148.6,,1,,,,0,37.49,0.098,0.056,39,ready,9
2026-10-08 22:47:37.148,733.24,20261008_223523,prim,recovery,21,620,manual,lie,148.6,130.5,1,,,,0,37.5,0.081,0.047,41,ready,9
2026-10-08 22:47:37.356,733.45,20261008_223523,prim,recovery,21,620,manual,lie,148.6,130.5,1,,,,0,37.49,0.082,0.044,42,ready,9
2026-10-08 22:47:37.567,733.66,20261008_223523,prim,recovery,21,620,manual,lie,148.6,130.5,1,,,,0,37.49,0.077,0.04,42,ready,9
2026-10-08 22:47:37.762,733.85,20261008_223523,prim,recovery,21,620,manual,lie,148.6,130.5,1,,,,0,37.49,0.079,0.038,43,ready,9
2026-10-08 22:47:37.974,734.07,20261008_223523,prim,recovery,21,620,manual,lie,148.6,130.5,1,,,,0,37.49,0.079,0.04,43,ready,9
2026-10-08 22:47:38.177,734.27,20261008_223523,prim,recovery,21,620,manual,lie,148.6,130.5,1,,,,0,37.48,0.076,0.043,44,ready,9
2026-10-08 22:47:38.413,734.51,20261008_223523,prim,recovery,21,620,manual,lie,148.6,130.5,1,,,,0,37.48,0.071,0.041,44,ready,9
2026-10-08 22:47:38.598,734.69,20261008_223523,prim,recovery,21,620,manual,lie,148.6,130.5,1,,,,0,37.48,0.065,0.038,44,ready,9
2026-10-08 22:47:38.799,734.89,20261008_223523,prim,recovery,21,620,manual,lie,148.6,130.5,1,,,,0,37.48,0.06,0.035,44,ready,9
2026-10-08 22:47:39.003,735.1,20261008_223523,prim,rest,,,,,,,1,,,,0,37.48,0.057,0.034,39,ready,9
2026-10-08 22:47:39.206,735.3,20261008_223523,prim,rest,,,,,,,1,,,,0,37.48,0.054,0.04,35,ready,9
2026-10-08 22:47:39.409,735.5,20261008_223523,prim,rest,,,,,,,1,,,,0,37.48,0.054,0.041,32,ready,9
2026-10-08 22:47:39.612,735.7,20261008_223523,prim,rest,,,,,99.0,,1,,,,0,37.47,0.052,0.045,29,ready,9
2026-10-08 22:47:39.819,735.91,20261008_223523,prim,rest,,,,,99.0,,1,,,,0,37.48,0.048,0.07,27,ready,9
2026-10-08 22:47:40.038,736.13,20261008_223523,prim,rest,,,,,99.0,,1,,,,0,37.43,0.045,0.07,25,ready,9
2026-10-08 22:47:40.230,736.32,20261008_223523,prim,rest,,,,,99.0,,1,,,,0,37.44,0.047,0.068,23,ready,9
2026-10-08 22:47:40.435,736.53,20261008_223523,prim,rest,,,,,88.4,,1,,,,0,37.43,0.047,0.065,21,ready,9
2026-10-08 22:47:40.639,736.73,20261008_223523,prim,rest,,,,,88.4,,1,,,,0,37.44,0.049,0.066,20,ready,9
2026-10-08 22:47:40.845,736.94,20261008_223523,prim,rest,,,,,88.4,,1,,,,0,37.44,0.047,0.064,18,ready,9
2026-10-08 22:47:41.063,737.16,20261008_223523,prim,rest,,,,,88.4,,1,,,,0,37.44,0.049,0.069,17,ready,9
2026-10-08 22:47:41.256,737.35,20261008_223523,prim,rest,,,,,88.4,,1,,,,0,37.44,0.047,0.064,16,ready,9
2026-10-08 22:47:41.464,737.56,20261008_223523,prim,rest,,,,,88.4,,1,,,,0,37.44,0.051,0.06,16,ready,9
2026-10-08 22:47:41.677,737.77,20261008_223523,prim,rest,,,,,88.4,,1,,,,0,37.44,0.053,0.059,15,ready,9
2026-10-08 22:47:41.922,738.01,20261008_223523,prim,rest,,,,,88.4,,1,,,,0,37.45,0.05,0.056,15,ready,9
2026-10-08 22:47:42.099,738.19,20261008_223523,prim,rest,,,,,89.4,,1,,,,0,37.45,0.047,0.052,14,ready,9
2026-10-08 22:47:42.291,738.38,20261008_223523,prim,rest,,,,,89.4,,1,,,,0,37.46,0.044,0.047,14,ready,9
2026-10-08 22:47:42.497,738.59,20261008_223523,prim,rest,,,,,89.4,,1,,,,0,37.46,0.04,0.043,14,ready,9
2026-10-08 22:47:42.708,738.8,20261008_223523,prim,rest,,,,,90.4,,1,,,,0,37.46,0.037,0.039,14,ready,9
2026-10-08 22:47:42.917,739.01,20261008_223523,prim,rest,,,,,90.4,,1,,,,0,37.46,0.038,0.037,13,ready,9
2026-10-08 22:47:43.115,739.21,20261008_223523,prim,recovery,22,621,manual,lie,90.4,,1,,,,0,37.46,0.058,0.048,13,ready,9
2026-10-08 22:47:43.323,739.42,20261008_223523,prim,question,22,621,manual,lie,95.2,217.2,1,,,,0,37.46,0.057,0.055,14,question,9
2026-10-08 22:47:43.520,739.61,20261008_223523,prim,question,22,621,manual,lie,95.2,217.2,1,,,,0,37.46,0.053,0.051,14,question,9
2026-10-08 22:47:43.726,739.82,20261008_223523,prim,question,22,621,manual,lie,95.2,217.2,1,,,,0,37.46,0.054,0.05,14,question,9
2026-10-08 22:47:43.937,740.03,20261008_223523,prim,question,22,621,manual,lie,95.2,197.9,1,,,,0,37.45,0.05,0.046,14,question,9
2026-10-08 22:47:44.160,740.25,20261008_223523,prim,question,22,621,manual,lie,95.2,197.9,1,,,,0,37.46,0.054,0.046,14,question,9
2026-10-08 22:47:44.352,740.44,20261008_223523,prim,question,22,621,manual,lie,95.2,197.9,1,,,,0,37.45,0.075,0.059,15,question,9
2026-10-08 22:47:44.556,740.65,20261008_223523,prim,question,22,621,manual,lie,95.2,190.8,1,,,,0,37.46,0.102,0.061,15,question,9
2026-10-08 22:47:44.773,740.87,20261008_223523,prim,question,22,621,manual,lie,95.2,190.8,1,,,,0,37.46,0.105,0.071,15,question,9
2026-10-08 22:47:44.966,741.06,20261008_223523,prim,question,22,621,manual,lie,98.9,184.2,1,,,,0,37.46,0.121,0.099,15,question,9
2026-10-08 22:47:45.170,741.26,20261008_223523,prim,question,22,621,manual,lie,98.9,184.2,1,,,,0,37.46,0.16,0.113,16,question,9
2026-10-08 22:47:45.467,741.56,20261008_223523,prim,question,22,621,manual,lie,98.9,184.2,1,,,,0,37.46,0.171,0.107,16,question,9
2026-10-08 22:47:45.591,741.68,20261008_223523,prim,question,22,621,manual,lie,98.9,184.2,1,,,,0,37.46,0.169,0.103,16,question,9
2026-10-08 22:47:45.793,741.89,20261008_223523,prim,question,22,621,manual,lie,98.9,184.2,1,,,,0,37.46,0.155,0.095,16,question,9
2026-10-08 22:47:45.995,742.09,20261008_223523,prim,question,22,621,manual,lie,98.9,184.2,1,,,,0,37.46,0.141,0.088,16,question,9
2026-10-08 22:47:46.208,742.3,20261008_223523,prim,question,22,621,manual,lie,98.9,184.2,1,,,,0,37.46,0.128,0.08,17,question,9
2026-10-08 22:47:46.411,742.5,20261008_223523,prim,question,22,621,manual,lie,98.9,184.2,1,,,,0,37.46,0.116,0.072,17,question,9
2026-10-08 22:47:46.623,742.72,20261008_223523,prim,question,22,621,manual,lie,98.9,184.2,1,,,,0,37.45,0.106,0.065,17,question,9
2026-10-08 22:47:46.820,742.91,20261008_223523,prim,question,22,621,manual,lie,98.9,184.2,1,,,,0,37.46,0.096,0.059,17,question,9
2026-10-08 22:47:47.039,743.13,20261008_223523,prim,question,22,621,manual,lie,96.9,184.2,1,,,,0,37.45,0.089,0.06,16,question,9
2026-10-08 22:47:47.246,743.34,20261008_223523,prim,question,22,621,manual,lie,96.9,184.2,1,,,,0,37.44,0.088,0.06,16,question,9
2026-10-08 22:47:47.458,743.55,20261008_223523,prim,question,22,621,manual,lie,107.8,178.9,1,,,,0,37.43,0.12,0.077,17,question,9
2026-10-08 22:47:47.644,743.74,20261008_223523,prim,question,22,621,manual,lie,107.8,178.9,1,,,,0,37.44,0.118,0.075,18,question,9
2026-10-08 22:47:47.857,743.95,20261008_223523,prim,question,22,621,manual,lie,107.8,178.9,1,,,,0,37.44,0.115,0.075,18,question,9
2026-10-08 22:47:48.066,744.16,20261008_223523,prim,question,22,621,manual,lie,107.8,178.9,1,,,,0,37.43,0.107,0.069,19,question,9
2026-10-08 22:47:48.267,744.36,20261008_223523,prim,question,22,621,manual,lie,107.8,178.9,1,,,,0,37.44,0.099,0.064,19,question,9
2026-10-08 22:47:48.473,744.57,20261008_223523,prim,question,22,621,manual,lie,107.8,178.9,1,,,,0,37.42,0.09,0.058,19,question,9
2026-10-08 22:47:48.678,744.77,20261008_223523,prim,question,22,621,manual,lie,107.8,178.9,1,,,,0,37.42,0.083,0.052,19,question,9
2026-10-08 22:47:48.885,744.98,20261008_223523,prim,question,22,621,manual,lie,98.0,178.9,1,,,,0,37.43,0.078,0.049,19,question,9
2026-10-08 22:47:49.092,745.18,20261008_223523,prim,question,22,621,manual,lie,98.0,178.9,1,,,,0,37.43,0.073,0.046,18,question,9
2026-10-08 22:47:49.295,745.39,20261008_223523,prim,question,22,621,manual,lie,98.0,178.9,1,,,,0,37.44,0.069,0.043,18,question,9
2026-10-08 22:47:49.497,745.59,20261008_223523,prim,question,22,621,manual,lie,98.0,171.4,1,,,,0,37.45,0.063,0.04,18,question,9
2026-10-08 22:47:49.700,745.79,20261008_223523,prim,question,22,621,manual,lie,98.0,171.4,1,,,,0,37.45,0.061,0.037,17,question,9
2026-10-08 22:47:49.914,746.01,20261008_223523,prim,question,22,621,manual,lie,98.0,171.4,1,,,,0,37.45,0.056,0.035,17,question,9
2026-10-08 22:47:50.116,746.21,20261008_223523,prim,question,22,621,manual,lie,96.9,94.5,1,,,,0,37.45,0.052,0.031,17,question,9
2026-10-08 22:47:50.318,746.41,20261008_223523,prim,question,22,621,manual,lie,96.9,94.5,1,,,,0,37.44,0.054,0.033,16,question,9
2026-10-08 22:47:50.529,746.62,20261008_223523,prim,question,22,621,manual,lie,96.9,94.5,1,,,,0,37.44,0.052,0.039,16,question,9
2026-10-08 22:47:50.730,746.82,20261008_223523,prim,question,22,621,manual,lie,96.9,94.5,1,,,,0,37.44,0.05,0.037,16,question,9
2026-10-08 22:47:50.947,747.04,20261008_223523,prim,question,22,621,manual,lie,96.9,94.5,1,,,,0,37.45,0.046,0.034,16,question,9
2026-10-08 22:47:51.156,747.25,20261008_223523,prim,question,22,621,manual,lie,96.9,94.5,1,,,,0,37.45,0.042,0.031,16,question,9
2026-10-08 22:47:51.348,747.44,20261008_223523,prim,question,22,621,manual,lie,96.9,94.5,1,,,,0,37.45,0.039,0.029,16,question,9
2026-10-08 22:47:51.547,747.64,20261008_223523,prim,question,22,621,manual,lie,96.9,94.5,1,,,,0,37.45,0.044,0.031,16,question,9
2026-10-08 22:47:51.738,747.83,20261008_223523,prim,question,22,621,manual,lie,96.9,94.5,1,,,,0,37.45,0.062,0.039,16,question,9
2026-10-08 22:47:51.951,748.04,20261008_223523,prim,question,22,621,manual,lie,96.9,94.5,1,,,,0,37.45,0.068,0.046,16,question,9
2026-10-08 22:47:52.158,748.25,20261008_223523,prim,question,22,621,manual,lie,96.9,94.5,1,,,,0,37.45,0.063,0.042,16,question,9
2026-10-08 22:47:52.364,748.46,20261008_223523,prim,question,22,621,manual,lie,96.9,94.5,1,,,,0,37.45,0.057,0.039,16,question,9
2026-10-08 22:47:54.544,750.64,20261008_223523,prim,question,22,621,manual,lie,96.9,106.1,1,,,,0,37.43,0.047,0.028,15,question,9
2026-10-08 22:47:54.746,750.84,20261008_223523,prim,question,22,621,manual,lie,96.9,106.1,1,,,,0,37.43,0.053,0.033,15,question,9
2026-10-08 22:47:54.953,751.05,20261008_223523,prim,question,22,621,manual,lie,96.9,106.1,1,,,,0,37.43,0.057,0.034,15,question,8
2026-10-08 22:47:55.158,751.25,20261008_223523,prim,recovery,22,621,manual,lie,96.9,106.1,1,,,,0,37.43,0.055,0.04,15,ready,8
2026-10-08 22:47:55.361,751.45,20261008_223523,prim,recovery,22,621,manual,lie,96.9,106.1,1,,,,0,37.41,0.055,0.04,15,ready,8
2026-10-08 22:47:55.570,751.66,20261008_223523,prim,recovery,22,621,manual,lie,96.9,106.1,1,,,,0,37.42,0.054,0.037,15,ready,8
2026-10-08 22:47:55.772,751.86,20261008_223523,prim,recovery,22,621,manual,lie,96.9,106.1,1,,,,0,37.42,0.049,0.034,15,ready,8
2026-10-08 22:47:56.021,752.11,20261008_223523,prim,recovery,22,621,manual,lie,96.9,109.9,1,,,,0,37.43,0.046,0.031,15,ready,8
2026-10-08 22:47:56.188,752.28,20261008_223523,prim,recovery,22,621,manual,lie,96.9,109.9,1,,,,0,37.43,0.042,0.028,15,ready,8
2026-10-08 22:47:56.398,752.49,20261008_223523,prim,recovery,22,621,manual,lie,96.9,109.9,1,,,,0,37.43,0.039,0.025,15,ready,8
2026-10-08 22:47:56.599,752.69,20261008_223523,prim,recovery,22,621,manual,lie,96.8,87.0,1,,,,0,37.43,0.036,0.023,15,ready,8
2026-10-08 22:47:56.807,752.9,20261008_223523,prim,recovery,22,621,manual,lie,96.8,87.0,1,,,,0,37.43,0.03,0.019,15,ready,8
2026-10-08 22:47:57.012,753.11,20261008_223523,prim,recovery,22,621,manual,lie,96.8,87.0,1,,,,0,37.43,0.031,0.019,15,ready,8
2026-10-08 22:47:57.216,753.31,20261008_223523,prim,recovery,22,621,manual,lie,93.9,71.6,1,,,,0,37.44,0.029,0.018,15,ready,8
2026-10-08 22:47:57.423,753.52,20261008_223523,prim,recovery,22,621,manual,lie,93.9,71.6,1,,,,0,37.44,0.026,0.017,15,ready,8
2026-10-08 22:47:57.628,753.72,20261008_223523,prim,rest,,,,,93.9,71.6,1,,,,0,37.44,0.025,0.017,15,ready,8
2026-10-08 22:47:57.831,753.92,20261008_223523,prim,rest,,,,,93.9,67.4,1,,,,0,37.45,0.025,0.016,15,ready,8
2026-10-08 22:47:58.040,754.13,20261008_223523,prim,rest,,,,,93.9,67.4,1,,,,0,37.45,0.023,0.015,14,ready,8
2026-10-08 22:47:58.243,754.34,20261008_223523,prim,rest,,,,,93.9,67.4,1,,,,0,37.45,0.039,0.018,14,ready,8
2026-10-08 22:47:58.449,754.54,20261008_223523,prim,rest,,,,,93.9,67.4,1,,,,0,37.45,0.056,0.032,14,ready,9
2026-10-08 22:47:58.656,754.75,20261008_223523,prim,rest,,,,,93.9,67.4,1,,,,0,37.46,0.06,0.032,14,ready,9
2026-10-08 22:47:58.863,754.96,20261008_223523,prim,rest,,,,,93.9,67.4,1,,,,0,37.46,0.062,0.032,14,ready,8
2026-10-08 22:47:59.068,755.16,20261008_223523,prim,rest,,,,,,,1,,,,0,37.46,0.069,0.034,15,ready,8
2026-10-08 22:47:59.276,755.37,20261008_223523,prim,rest,,,,,,,1,,,,0,37.46,0.066,0.04,16,ready,8
2026-10-08 22:47:59.479,755.57,20261008_223523,prim,rest,,,,,,,1,,,,0,37.45,0.061,0.037,16,ready,8
2026-10-08 22:47:59.679,755.77,20261008_223523,prim,rest,,,,,121.6,,1,,,,0,37.42,0.056,0.037,18,ready,8
2026-10-08 22:47:59.888,755.98,20261008_223523,prim,rest,,,,,148.3,,1,,,,0,37.42,0.055,0.036,23,ready,8
2026-10-08 22:48:00.090,756.18,20261008_223523,prim,rest,,,,,148.3,,1,,,,0,37.42,0.058,0.042,27,ready,8
2026-10-08 22:48:00.292,756.38,20261008_223523,prim,rest,,,,,155.7,,1,,,,0,37.43,0.058,0.04,31,ready,8
2026-10-08 22:48:00.499,756.59,20261008_223523,prim,rest,,,,,155.7,,1,,,,0,37.43,0.059,0.05,34,ready,8
2026-10-08 22:48:00.741,756.83,20261008_223523,prim,rest,,,,,155.7,,1,,,,0,37.43,0.056,0.047,37,ready,8
2026-10-08 22:48:01.041,757.13,20261008_223523,prim,rest,,,,,155.7,,1,,,,0,37.44,0.056,0.047,39,ready,8
2026-10-08 22:48:01.119,757.21,20261008_223523,prim,rest,,,,,155.7,,1,,,,0,37.45,0.055,0.043,41,ready,8
2026-10-08 22:48:01.328,757.42,20261008_223523,prim,rest,,,,,163.8,,1,,,,0,37.45,0.051,0.04,44,ready,8
2026-10-08 22:48:01.535,757.63,20261008_223523,prim,rest,,,,,163.8,,1,,,,0,37.46,0.047,0.038,46,ready,8
2026-10-08 22:48:01.739,757.83,20261008_223523,prim,rest,,,,,163.8,,1,,,,0,37.46,0.045,0.035,47,ready,8
2026-10-08 22:48:01.963,758.06,20261008_223523,prim,rest,,,,,163.8,,1,,,,0,37.47,0.043,0.032,49,ready,8
2026-10-08 22:48:02.158,758.25,20261008_223523,prim,rest,,,,,163.8,,1,,,,0,37.47,0.039,0.031,50,ready,8
2026-10-08 22:48:02.358,758.45,20261008_223523,prim,rest,,,,,172.9,,1,,,,0,37.48,0.036,0.028,52,ready,8
2026-10-08 22:48:02.557,758.65,20261008_223523,prim,rest,,,,,172.9,,1,,,,0,37.48,0.033,0.026,54,ready,8
2026-10-08 22:48:02.779,758.87,20261008_223523,prim,rest,,,,,172.9,172.4,1,,,,0,37.49,0.031,0.024,55,ready,8
2026-10-08 22:48:02.973,759.07,20261008_223523,prim,rest,,,,,172.9,172.4,1,,,,0,37.49,0.031,0.023,56,ready,8
2026-10-08 22:48:03.185,759.28,20261008_223523,prim,rest,,,,,172.9,172.4,1,,,,0,37.49,0.03,0.021,57,ready,8
2026-10-08 22:48:03.395,759.49,20261008_223523,prim,rest,,,,,172.9,172.4,1,,,,0,37.49,0.029,0.02,58,ready,8
2026-10-08 22:48:03.593,759.69,20261008_223523,prim,rest,,,,,172.9,172.4,1,,,,0,37.49,0.035,0.022,58,ready,8
2026-10-08 22:48:03.798,759.89,20261008_223523,prim,rest,,,,,172.9,172.4,1,,,,0,37.49,0.038,0.022,59,ready,8
2026-10-08 22:48:04.008,760.1,20261008_223523,prim,rest,,,,,172.9,172.4,1,,,,0,37.45,0.035,0.02,60,ready,8
2026-10-08 22:48:04.219,760.31,20261008_223523,prim,rest,,,,,172.9,172.4,1,,,,0,37.46,0.035,0.02,60,ready,8
2026-10-08 22:48:04.424,760.52,20261008_223523,prim,rest,,,,,172.9,172.4,1,,,,0,37.46,0.032,0.018,60,ready,8
2026-10-08 22:48:04.628,760.72,20261008_223523,prim,rest,,,,,172.9,172.4,1,,,,0,37.46,0.029,0.018,60,ready,8
2026-10-08 22:48:04.879,760.97,20261008_223523,prim,rest,,,,,,,1,,,,0,37.46,0.029,0.017,52,ready,8
2026-10-08 22:48:05.086,761.18,20261008_223523,prim,rest,,,,,,,1,,,,0,37.46,0.027,0.016,46,ready,8
2026-10-08 22:48:05.301,761.39,20261008_223523,prim,rest,,,,,95.9,,1,,,,0,37.47,0.025,0.015,40,ready,8
2026-10-08 22:48:05.506,761.6,20261008_223523,prim,rest,,,,,95.9,,1,,,,0,37.46,0.024,0.014,36,ready,8
2026-10-08 22:48:05.699,761.79,20261008_223523,prim,rest,,,,,118.0,,1,,,,0,37.47,0.024,0.015,34,ready,9
2026-10-08 22:48:05.905,762.0,20261008_223523,prim,rest,,,,,118.0,,1,,,,0,37.47,0.025,0.015,32,ready,9
2026-10-08 22:48:06.110,762.2,20261008_223523,prim,rest,,,,,118.0,,1,,,,0,37.47,0.027,0.014,31,ready,9
2026-10-08 22:48:06.316,762.41,20261008_223523,prim,rest,,,,,118.0,,1,,,,0,37.48,0.026,0.013,30,ready,9
2026-10-08 22:48:06.516,762.61,20261008_223523,prim,rest,,,,,128.2,,1,,,,0,37.48,0.025,0.012,30,ready,9
2026-10-08 22:48:06.722,762.81,20261008_223523,prim,rest,,,,,128.2,,1,,,,0,37.49,0.023,0.012,30,ready,9
2026-10-08 22:48:06.928,763.02,20261008_223523,prim,rest,,,,,128.2,,1,,,,0,37.49,0.022,0.011,30,ready,9
2026-10-08 22:48:07.134,763.23,20261008_223523,prim,rest,,,,,118.0,,1,,,,0,37.49,0.022,0.011,29,ready,9
2026-10-08 22:48:07.302,763.39,20261008_223523,prim,rest,,,,,118.0,,1,,,,0,37.5,0.023,0.011,28,ready,9
2026-10-08 22:48:07.502,763.59,20261008_223523,prim,rest,,,,,118.0,,1,,,,0,37.48,0.021,0.012,27,ready,9
2026-10-08 22:48:07.697,763.79,20261008_223523,prim,rest,,,,,118.0,215.9,1,,,,0,37.46,0.021,0.012,27,ready,9
2026-10-08 22:48:07.901,763.99,20261008_223523,prim,rest,,,,,118.0,215.9,1,,,,0,37.47,0.02,0.011,27,ready,9
2026-10-08 22:48:08.108,764.2,20261008_223523,prim,rest,,,,,118.0,206.1,1,,,,0,37.46,0.019,0.011,26,ready,9
2026-10-08 22:48:08.318,764.41,20261008_223523,prim,rest,,,,,118.0,206.1,1,,,,0,37.46,0.018,0.01,26,ready,9
2026-10-08 22:48:08.523,764.62,20261008_223523,prim,rest,,,,,118.0,206.1,1,,,,0,37.47,0.017,0.01,26,ready,9
2026-10-08 22:48:08.728,764.82,20261008_223523,prim,rest,,,,,118.0,206.1,1,,,,0,37.47,0.017,0.009,25,ready,9
2026-10-08 22:48:08.938,765.03,20261008_223523,prim,rest,,,,,118.0,206.1,1,,,,0,37.47,0.021,0.011,25,ready,9
2026-10-08 22:48:09.142,765.24,20261008_223523,prim,rest,,,,,118.0,206.1,1,,,,0,37.48,0.022,0.011,25,ready,9
2026-10-08 22:48:09.354,765.45,20261008_223523,prim,rest,,,,,118.0,206.1,1,,,,0,37.48,0.022,0.01,25,ready,9
2026-10-08 22:48:09.558,765.65,20261008_223523,prim,rest,,,,,109.1,206.1,1,,,,0,37.49,0.023,0.011,24,ready,9
2026-10-08 22:48:09.763,765.86,20261008_223523,prim,rest,,,,,109.1,206.1,1,,,,0,37.49,0.028,0.013,23,ready,9
2026-10-08 22:48:09.968,766.06,20261008_223523,prim,rest,,,,,109.1,206.1,1,,,,0,37.5,0.029,0.013,23,ready,9
2026-10-08 22:48:10.178,766.27,20261008_223523,prim,rest,,,,,100.9,188.6,1,,,,0,37.5,0.028,0.013,22,ready,9
2026-10-08 22:48:10.384,766.48,20261008_223523,prim,rest,,,,,100.9,188.6,1,,,,0,37.5,0.026,0.012,21,ready,9
2026-10-08 22:48:10.586,766.68,20261008_223523,prim,rest,,,,,100.9,188.6,1,,,,0,37.51,0.026,0.012,20,ready,9
2026-10-08 22:48:10.793,766.89,20261008_223523,prim,rest,,,,,100.9,188.6,1,,,,0,37.51,0.026,0.013,19,ready,9
2026-10-08 22:48:10.999,767.09,20261008_223523,prim,rest,,,,,100.9,188.6,1,,,,0,37.51,0.025,0.012,19,ready,9
2026-10-08 22:48:11.206,767.3,20261008_223523,prim,rest,,,,,96.1,188.6,1,,,,0,37.51,0.027,0.013,18,ready,9
2026-10-08 22:48:11.414,767.51,20261008_223523,prim,rest,,,,,96.1,188.6,1,,,,0,37.51,0.026,0.012,17,ready,9
2026-10-08 22:48:11.620,767.71,20261008_223523,prim,rest,,,,,96.1,188.6,1,,,,0,37.51,0.025,0.011,17,ready,9
2026-10-08 22:48:11.822,767.91,20261008_223523,prim,rest,,,,,96.1,188.6,1,,,,0,37.51,0.025,0.012,16,ready,9
2026-10-08 22:48:12.030,768.12,20261008_223523,prim,rest,,,,,96.1,175.9,1,,,,0,37.52,0.024,0.013,16,ready,9
2026-10-08 22:48:12.237,768.33,20261008_223523,prim,rest,,,,,96.1,175.9,1,,,,0,37.51,0.024,0.012,16,ready,9
2026-10-08 22:48:12.456,768.55,20261008_223523,prim,rest,,,,,96.1,175.9,1,,,,0,37.51,0.023,0.012,16,ready,9
2026-10-08 22:48:12.651,768.74,20261008_223523,prim,rest,,,,,96.1,169.3,1,,,,0,37.51,0.022,0.012,16,ready,9
2026-10-08 22:48:12.863,768.96,20261008_223523,prim,rest,,,,,96.1,169.3,1,,,,0,37.51,0.021,0.011,15,ready,9
2026-10-08 22:48:13.062,769.15,20261008_223523,prim,rest,,,,,96.1,169.3,1,,,,0,37.51,0.019,0.01,15,ready,9
2026-10-08 22:48:13.267,769.36,20261008_223523,prim,rest,,,,,94.5,94.7,1,,,,0,37.51,0.024,0.011,15,ready,9
2026-10-08 22:48:13.488,769.58,20261008_223523,prim,rest,,,,,94.5,94.7,1,,,,0,37.51,0.039,0.02,15,ready,9
2026-10-08 22:48:13.677,769.77,20261008_223523,prim,rest,,,,,94.5,94.7,1,,,,0,37.51,0.038,0.019,15,ready,9
2026-10-08 22:48:13.887,769.98,20261008_223523,prim,rest,,,,,94.5,90.5,1,,,,0,37.51,0.036,0.018,15,ready,9
2026-10-08 22:48:14.087,770.18,20261008_223523,prim,rest,,,,,94.5,90.5,1,,,,0,37.51,0.033,0.016,15,ready,9
2026-10-08 22:48:14.292,770.38,20261008_223523,prim,rest,,,,,94.5,90.5,1,,,,0,37.51,0.031,0.016,15,ready,9
2026-10-08 22:48:14.498,770.59,20261008_223523,prim,rest,,,,,94.5,90.5,1,,,,0,37.52,0.028,0.014,15,ready,9
2026-10-08 22:48:14.708,770.8,20261008_223523,prim,rest,,,,,94.5,90.5,1,,,,0,37.52,0.027,0.013,15,ready,9
2026-10-08 22:48:14.967,771.06,20261008_223523,prim,rest,,,,,94.5,90.5,1,,,,0,37.52,0.026,0.013,14,ready,9
2026-10-08 22:48:15.115,771.21,20261008_223523,prim,rest,,,,,94.5,90.5,1,,,,0,37.52,0.025,0.012,14,ready,9
2026-10-08 22:48:15.319,771.41,20261008_223523,prim,rest,,,,,94.5,90.5,1,,,,0,37.52,0.023,0.011,14,ready,9
2026-10-08 22:48:15.537,771.63,20261008_223523,prim,rest,,,,,94.5,90.5,1,,,,0,37.52,0.022,0.01,14,ready,9
2026-10-08 22:48:15.733,771.83,20261008_223523,prim,rest,,,,,94.5,92.2,1,,,,0,37.53,0.023,0.011,14,ready,9
2026-10-08 22:48:15.937,772.03,20261008_223523,prim,rest,,,,,94.5,92.2,1,,,,0,37.53,0.024,0.012,14,ready,9
2026-10-08 22:48:16.143,772.24,20261008_223523,prim,rest,,,,,94.5,92.2,1,,,,0,37.53,0.025,0.012,14,ready,9
2026-10-08 22:48:16.348,772.44,20261008_223523,prim,rest,,,,,94.5,94.4,1,,,,0,37.53,0.024,0.013,14,ready,9
2026-10-08 22:48:16.557,772.65,20261008_223523,prim,rest,,,,,94.5,94.4,1,,,,0,37.53,0.024,0.013,14,ready,9
2026-10-08 22:48:16.762,772.85,20261008_223523,prim,rest,,,,,94.5,94.4,1,,,,0,37.51,0.031,0.021,14,ready,9
2026-10-08 22:48:16.970,773.06,20261008_223523,prim,rest,,,,,97.8,75.2,1,,,,0,37.51,0.061,0.028,15,ready,9
2026-10-08 22:48:17.177,773.27,20261008_223523,prim,rest,,,,,97.8,75.2,1,,,,0,37.51,0.11,0.05,15,ready,9
2026-10-08 22:48:17.381,773.47,20261008_223523,prim,rest,,,,,97.8,75.2,1,,,,0,37.52,0.125,0.075,15,ready,9
2026-10-08 22:48:17.591,773.68,20261008_223523,prim,rest,,,,,97.8,75.2,1,,,,0,37.52,0.116,0.07,15,ready,9
2026-10-08 22:48:17.834,773.93,20261008_223523,prim,rest,,,,,97.8,75.2,1,,,,0,37.52,0.107,0.064,16,ready,9
2026-10-08 22:48:18.007,774.1,20261008_223523,prim,rest,,,,,100.5,75.2,1,,,,0,37.52,0.097,0.058,16,ready,9
2026-10-08 22:48:18.212,774.3,20261008_223523,prim,rest,,,,,100.5,75.2,1,,,,0,37.52,0.088,0.053,16,ready,9
2026-10-08 22:48:18.440,774.53,20261008_223523,prim,rest,,,,,100.5,75.2,1,,,,0,37.52,0.082,0.049,16,ready,9
2026-10-08 22:48:18.607,774.7,20261008_223523,prim,rest,,,,,100.5,75.2,1,,,,0,37.52,0.075,0.045,16,ready,9
2026-10-08 22:48:18.809,774.9,20261008_223523,prim,rest,,,,,100.5,75.2,1,,,,0,37.53,0.068,0.041,16,ready,9
2026-10-08 22:48:19.007,775.1,20261008_223523,prim,rest,,,,,100.5,79.7,1,,,,0,37.53,0.063,0.038,17,ready,9
2026-10-08 22:48:19.213,775.31,20261008_223523,prim,rest,,,,,100.5,79.7,1,,,,0,37.53,0.058,0.036,17,ready,9
2026-10-08 22:48:19.416,775.51,20261008_223523,prim,rest,,,,,100.5,79.7,1,,,,0,37.53,0.057,0.034,17,ready,9
2026-10-08 22:48:19.622,775.71,20261008_223523,prim,rest,,,,,100.5,79.7,1,,,,0,37.53,0.057,0.033,17,ready,9
2026-10-08 22:48:19.827,775.92,20261008_223523,prim,rest,,,,,100.5,79.7,1,,,,0,37.54,0.053,0.035,17,ready,9
2026-10-08 22:48:20.043,776.14,20261008_223523,prim,rest,,,,,100.5,79.7,1,,,,0,37.54,0.062,0.052,17,ready,9
2026-10-08 22:48:20.238,776.33,20261008_223523,prim,rest,,,,,100.5,79.7,1,,,,0,37.54,0.097,0.13,17,ready,9
2026-10-08 22:48:20.443,776.54,20261008_223523,prim,rest,,,,,100.5,79.7,1,,,,0,37.54,0.112,0.127,17,ready,9
2026-10-08 22:48:20.648,776.74,20261008_223523,prim,rest,,,,,100.5,79.7,1,,,,0,37.54,0.186,0.276,17,ready,9
2026-10-08 22:48:20.852,776.95,20261008_223523,prim,rest,,,,,100.5,79.7,1,,,,0,37.52,0.209,0.313,17,ready,9
2026-10-08 22:48:21.066,777.16,20261008_223523,prim,rest,,,,,101.5,79.7,1,,,,0,37.52,0.338,0.377,18,ready,9
2026-10-08 22:48:21.276,777.37,20261008_223523,prim,rest,,,,,101.5,79.7,1,,,,0,37.52,0.351,0.406,18,ready,9
2026-10-08 22:48:21.492,777.58,20261008_223523,prim,rest,,,,,101.5,79.7,1,,,,0,37.53,0.332,0.399,19,ready,9
2026-10-08 22:48:22.034,778.13,20261008_223523,prim,rest,,,,,101.5,79.7,1,,,,0,37.53,0.301,0.374,19,ready,9
2026-10-08 22:48:22.035,778.13,20261008_223523,prim,rest,,,,,100.5,108.0,1,,,,0,37.53,0.28,0.354,19,ready,9
2026-10-08 22:48:22.087,778.18,20261008_223523,prim,rest,,,,,100.5,108.0,1,,,,0,37.53,0.259,0.335,19,ready,9
2026-10-08 22:48:22.315,778.41,20261008_223523,prim,rest,,,,,108.8,158.0,1,,,,0,37.54,0.262,0.308,20,ready,9
2026-10-08 22:48:22.499,778.59,20261008_223523,prim,rest,,,,,108.8,158.0,1,,,,0,37.53,0.262,0.286,20,ready,9
2026-10-08 22:48:22.707,778.8,20261008_223523,prim,rest,,,,,108.8,158.0,1,,,,0,37.53,0.315,0.382,21,ready,9
2026-10-08 22:48:22.915,779.01,20261008_223523,prim,rest,,,,,108.8,158.0,1,,,,0,37.53,0.313,0.368,21,ready,9
2026-10-08 22:48:23.119,779.21,20261008_223523,prim,rest,,,,,108.8,158.0,1,,,,0,37.53,0.3,0.37,22,ready,9
2026-10-08 22:48:23.333,779.43,20261008_223523,prim,rest,,,,,108.8,158.0,1,,,,0,37.53,0.299,0.336,22,ready,9
2026-10-08 22:48:23.544,779.64,20261008_223523,prim,rest,,,,,108.8,158.0,1,,,,0,37.54,0.278,0.335,22,ready,9
2026-10-08 22:48:23.743,779.84,20261008_223523,prim,rest,,,,,108.8,158.0,1,0.062,0.062,0.0,1,37.54,0.267,0.324,22,ready,9
2026-10-08 22:48:23.952,780.05,20261008_223523,prim,rest,,,,,108.8,169.9,1,0.062,0.062,0.001,1,37.54,0.476,0.575,23,ready,9
2026-10-08 22:48:24.183,780.28,20261008_223523,prim,rest,,,,,108.8,169.9,1,0.063,0.062,0.001,1,37.54,0.44,0.529,24,ready,9
2026-10-08 22:48:24.365,780.46,20261008_223523,prim,rest,,,,,128.8,171.7,1,0.063,0.062,0.002,1,37.54,0.4,0.48,26,ready,9
2026-10-08 22:48:24.567,780.66,20261008_223523,prim,rest,,,,,128.8,171.7,1,0.064,0.062,0.002,1,37.55,0.364,0.439,28,ready,9
2026-10-08 22:48:24.794,780.89,20261008_223523,prim,rest,,,,,128.8,171.7,1,0.064,0.062,0.003,1,37.55,0.332,0.399,29,ready,9
2026-10-08 22:48:24.988,781.08,20261008_223523,prim,rest,,,,,128.8,171.7,1,0.064,0.062,0.003,1,37.55,0.303,0.364,30,ready,9
2026-10-08 22:48:25.189,781.28,20261008_223523,prim,rest,,,,,128.8,171.7,1,,,,0,37.53,0.274,0.331,31,ready,9
2026-10-08 22:48:25.397,781.49,20261008_223523,prim,rest,,,,,128.8,171.7,1,0.064,0.064,0.0,1,37.53,0.251,0.303,32,ready,8
2026-10-08 22:48:25.614,781.71,20261008_223523,prim,rest,,,,,128.8,171.7,1,0.064,0.064,-0.0,1,37.55,0.209,0.25,33,ready,8
2026-10-08 22:48:25.823,781.92,20261008_223523,prim,rest,,,,,128.8,171.7,1,0.064,0.064,-0.0,1,37.55,0.191,0.228,33,ready,8
2026-10-08 22:48:26.019,782.11,20261008_223523,prim,rest,,,,,128.8,171.7,1,0.064,0.064,0.0,1,37.55,0.173,0.207,33,ready,9
2026-10-08 22:48:26.222,782.31,20261008_223523,prim,rest,,,,,128.8,171.7,1,0.064,0.064,-0.0,1,37.55,0.157,0.188,33,ready,9
2026-10-08 22:48:26.434,782.53,20261008_223523,prim,rest,,,,,128.8,171.7,1,0.064,0.064,-0.0,1,37.55,0.143,0.171,33,ready,8
2026-10-08 22:48:26.638,782.73,20261008_223523,prim,rest,,,,,128.8,171.7,1,0.064,0.064,-0.001,1,37.55,0.13,0.155,33,ready,9
2026-10-08 22:48:28.674,784.77,20261008_223523,prim,rest,,,,,,,1,0.063,0.064,-0.001,1,37.56,0.053,0.061,21,ready,9
2026-10-08 22:48:28.867,784.96,20261008_223523,prim,rest,,,,,,,1,,,,0,37.57,0.048,0.055,21,ready,9
2026-10-08 22:48:29.078,785.17,20261008_223523,prim,rest,,,,,,,1,,,,0,37.57,0.044,0.05,20,ready,9
2026-10-08 22:48:29.311,785.4,20261008_223523,prim,rest,,,,,,,1,0.062,0.062,-0.0,1,37.57,0.04,0.045,19,ready,9
2026-10-08 22:48:29.488,785.58,20261008_223523,prim,rest,,,,,128.8,171.7,1,,,,0,37.56,0.036,0.041,21,ready,9
2026-10-08 22:48:29.699,785.79,20261008_223523,prim,rest,,,,,128.8,171.7,1,0.062,0.062,0.0,1,37.54,0.033,0.037,23,ready,9
2026-10-08 22:48:29.905,786.0,20261008_223523,prim,rest,,,,,128.8,171.7,1,,,,0,37.55,0.03,0.034,25,ready,9
2026-10-08 22:48:30.109,786.2,20261008_223523,prim,rest,,,,,128.8,171.7,1,,,,0,37.56,0.028,0.031,26,ready,8
2026-10-08 22:48:30.328,786.42,20261008_223523,prim,rest,,,,,128.8,171.7,1,0.061,0.061,0.0,1,37.56,0.026,0.029,27,ready,8
2026-10-08 22:48:30.522,786.61,20261008_223523,prim,rest,,,,,128.8,171.7,1,,,,0,37.56,0.024,0.027,27,ready,8
2026-10-08 22:48:30.728,786.82,20261008_223523,prim,rest,,,,,128.8,178.6,1,,,,0,37.56,0.023,0.025,28,ready,9
2026-10-08 22:48:30.937,787.03,20261008_223523,prim,rest,,,,,128.8,178.6,1,,,,0,37.56,0.024,0.027,28,ready,9
2026-10-08 22:48:31.149,787.24,20261008_223523,prim,rest,,,,,128.8,178.6,1,,,,0,37.56,0.024,0.025,29,ready,9
2026-10-08 22:48:31.348,787.44,20261008_223523,prim,rest,,,,,123.3,174.2,1,,,,0,37.56,0.023,0.023,29,ready,9
2026-10-08 22:48:31.556,787.65,20261008_223523,prim,rest,,,,,123.3,174.2,1,,,,0,37.56,0.023,0.023,28,ready,9
2026-10-08 22:48:31.762,787.85,20261008_223523,prim,rest,,,,,123.3,174.2,1,,,,0,37.56,0.021,0.022,28,ready,9
2026-10-08 22:48:31.969,788.06,20261008_223523,prim,rest,,,,,123.3,174.2,1,,,,0,37.56,0.021,0.021,28,ready,9
2026-10-08 22:48:32.170,788.26,20261008_223523,prim,rest,,,,,123.3,174.2,1,,,,0,37.57,0.02,0.02,28,ready,9
2026-10-08 22:48:32.376,788.47,20261008_223523,prim,rest,,,,,123.3,174.2,1,,,,0,37.56,0.024,0.02,28,ready,9
2026-10-08 22:48:32.582,788.68,20261008_223523,prim,rest,,,,,123.3,174.2,1,,,,0,37.56,0.029,0.034,28,ready,9
2026-10-08 22:48:32.791,788.88,20261008_223523,prim,rest,,,,,123.3,174.2,1,,,,0,37.56,0.029,0.032,28,ready,9
2026-10-08 22:48:32.997,789.09,20261008_223523,prim,rest,,,,,123.3,174.2,1,,,,0,37.56,0.028,0.029,28,ready,9
2026-10-08 22:48:33.201,789.29,20261008_223523,prim,rest,,,,,123.3,174.2,1,,,,0,37.56,0.027,0.029,28,ready,9
2026-10-08 22:48:33.418,789.51,20261008_223523,prim,rest,,,,,111.5,194.8,1,,,,0,37.56,0.026,0.026,27,ready,9
2026-10-08 22:48:33.624,789.72,20261008_223523,prim,rest,,,,,111.5,194.8,1,,,,0,37.57,0.029,0.03,26,ready,9
2026-10-08 22:48:33.816,789.91,20261008_223523,prim,rest,,,,,111.5,194.8,1,,,,0,37.57,0.035,0.034,25,ready,9
2026-10-08 22:48:34.017,790.11,20261008_223523,prim,rest,,,,,104.2,174.2,1,,,,0,37.53,0.037,0.032,24,ready,9
2026-10-08 22:48:34.213,790.31,20261008_223523,prim,rest,,,,,104.2,174.2,1,,,,0,37.56,0.037,0.029,23,ready,9
2026-10-08 22:48:34.419,790.51,20261008_223523,prim,rest,,,,,104.2,174.2,1,,,,0,37.52,0.052,0.041,21,ready,9
2026-10-08 22:48:34.627,790.72,20261008_223523,prim,rest,,,,,104.2,174.2,1,,,,0,37.52,0.051,0.039,21,ready,9
2026-10-08 22:48:34.824,790.92,20261008_223523,prim,rest,,,,,104.2,174.2,1,,,,0,37.53,0.047,0.038,20,ready,9
2026-10-08 22:48:35.022,791.11,20261008_223523,prim,rest,,,,,104.2,174.2,1,,,,0,37.53,0.044,0.035,20,ready,9
2026-10-08 22:48:35.221,791.31,20261008_223523,prim,rest,,,,,104.2,174.2,1,,,,0,37.54,0.042,0.033,20,ready,9
2026-10-08 22:48:35.418,791.51,20261008_223523,prim,rest,,,,,104.2,174.2,1,,,,0,37.54,0.041,0.032,19,ready,9
2026-10-08 22:48:35.635,791.73,20261008_223523,prim,rest,,,,,104.2,174.2,1,,,,0,37.55,0.039,0.034,19,ready,9
2026-10-08 22:48:35.837,791.93,20261008_223523,prim,rest,,,,,104.2,174.2,1,,,,0,37.56,0.038,0.036,19,ready,9
2026-10-08 22:48:36.046,792.14,20261008_223523,prim,rest,,,,,104.2,174.2,1,,,,0,37.56,0.042,0.036,19,ready,9
2026-10-08 22:48:36.243,792.34,20261008_223523,prim,rest,,,,,111.5,174.2,1,,,,0,37.56,0.041,0.042,19,ready,9
2026-10-08 22:48:36.449,792.54,20261008_223523,prim,rest,,,,,111.5,174.2,1,,,,0,37.56,0.067,0.071,20,ready,9
2026-10-08 22:48:36.680,792.77,20261008_223523,prim,rest,,,,,111.5,174.2,1,,,,0,37.56,0.073,0.095,20,ready,9
2026-10-08 22:48:36.863,792.96,20261008_223523,prim,rest,,,,,111.5,174.2,1,,,,0,37.56,0.075,0.124,20,ready,9
2026-10-08 22:48:37.068,793.16,20261008_223523,prim,rest,,,,,111.5,174.2,1,,,,0,37.57,0.076,0.119,21,ready,9
2026-10-08 22:48:37.278,793.37,20261008_223523,prim,rest,,,,,111.5,174.2,1,,,,0,37.57,0.078,0.124,21,ready,9
2026-10-08 22:48:37.485,793.58,20261008_223523,prim,rest,,,,,128.6,166.7,1,,,,0,37.57,0.09,0.171,23,ready,9
2026-10-08 22:48:37.689,793.78,20261008_223523,prim,rest,,,,,128.6,166.7,1,,,,0,37.57,0.095,0.199,24,ready,9
2026-10-08 22:48:37.903,794.0,20261008_223523,prim,rest,,,,,128.6,166.7,1,,,,0,37.57,0.098,0.196,26,ready,9
2026-10-08 22:48:38.107,794.2,20261008_223523,prim,rest,,,,,128.6,166.7,1,,,,0,37.57,0.13,0.223,27,ready,9
2026-10-08 22:48:38.311,794.4,20261008_223523,prim,rest,,,,,128.6,166.7,1,,,,0,37.58,0.163,0.238,28,ready,9
2026-10-08 22:48:38.533,794.63,20261008_223523,prim,rest,,,,,128.6,166.7,1,,,,0,37.56,0.177,0.222,29,ready,9
2026-10-08 22:48:38.727,794.82,20261008_223523,prim,rest,,,,,128.6,166.7,1,,,,0,37.56,0.219,0.246,30,ready,8
2026-10-08 22:48:38.920,795.01,20261008_223523,prim,rest,,,,,128.6,166.7,1,,,,0,37.57,0.212,0.249,31,ready,9
2026-10-08 22:48:39.127,795.22,20261008_223523,prim,rest,,,,,128.6,166.7,1,,,,0,37.57,0.196,0.242,31,ready,9
2026-10-08 22:48:39.332,795.42,20261008_223523,prim,rest,,,,,128.6,166.7,1,,,,0,37.58,0.181,0.225,31,ready,9
2026-10-08 22:48:39.536,795.63,20261008_223523,prim,recovery,23,622,manual,lie,128.6,166.7,1,,,,0,37.58,0.166,0.209,32,ready,9
2026-10-08 22:48:39.744,795.84,20261008_223523,prim,question,23,622,manual,lie,128.6,166.7,1,,,,0,37.58,0.15,0.192,32,question,9
2026-10-08 22:48:39.950,796.04,20261008_223523,prim,question,23,622,manual,lie,128.6,166.7,1,,,,0,37.58,0.137,0.174,32,question,9
2026-10-08 22:48:40.154,796.25,20261008_223523,prim,question,23,622,manual,lie,128.6,166.7,1,,,,0,37.59,0.124,0.158,32,question,9
2026-10-08 22:48:40.372,796.47,20261008_223523,prim,question,23,622,manual,lie,,,1,,,,0,37.59,0.113,0.146,30,question,9
2026-10-08 22:48:40.567,796.66,20261008_223523,prim,question,23,622,manual,lie,,,1,,,,0,37.59,0.108,0.14,28,question,9
2026-10-08 22:48:40.772,796.87,20261008_223523,prim,question,23,622,manual,lie,,,1,,,,0,37.59,0.1,0.145,26,question,9
2026-10-08 22:48:40.978,797.07,20261008_223523,prim,question,23,622,manual,lie,93.8,,1,,,,0,37.59,0.097,0.145,24,question,9
2026-10-08 22:48:41.186,797.28,20261008_223523,prim,question,23,622,manual,lie,93.8,,1,,,,0,37.6,0.092,0.135,23,question,9
2026-10-08 22:48:41.394,797.49,20261008_223523,prim,question,23,622,manual,lie,98.2,,1,,,,0,37.6,0.086,0.131,21,question,9
2026-10-08 22:48:41.608,797.7,20261008_223523,prim,question,23,622,manual,lie,98.2,,1,,,,0,37.6,0.082,0.13,20,question,9
2026-10-08 22:48:41.806,797.9,20261008_223523,prim,question,23,622,manual,lie,98.2,,1,,,,0,37.6,0.082,0.123,20,question,8
2026-10-08 22:48:42.016,798.11,20261008_223523,prim,question,23,622,manual,lie,98.2,,1,,,,0,37.6,0.072,0.115,18,question,9
2026-10-08 22:48:42.225,798.32,20261008_223523,prim,question,23,622,manual,lie,98.2,,1,,,,0,37.6,0.069,0.106,18,question,9
2026-10-08 22:48:42.431,798.52,20261008_223523,prim,question,23,622,manual,lie,98.2,,1,,,,0,37.6,0.068,0.096,18,question,9
2026-10-08 22:48:42.642,798.73,20261008_223523,prim,question,23,622,manual,lie,98.2,,1,,,,0,37.56,0.062,0.088,17,question,8
2026-10-08 22:48:42.837,798.93,20261008_223523,prim,question,23,622,manual,lie,98.2,,1,,,,0,37.57,0.058,0.081,17,question,8
2026-10-08 22:48:43.049,799.14,20261008_223523,prim,question,23,622,manual,lie,107.8,,1,,,,0,37.57,0.055,0.073,18,question,8
2026-10-08 22:48:43.248,799.34,20261008_223523,prim,question,23,622,manual,lie,107.8,,1,,,,0,37.58,0.05,0.068,18,question,8
2026-10-08 22:48:43.449,799.54,20261008_223523,prim,question,23,622,manual,lie,107.8,,1,,,,0,37.58,0.049,0.062,18,question,8
2026-10-08 22:48:43.649,799.74,20261008_223523,prim,question,23,622,manual,lie,107.8,,1,,,,0,37.58,0.102,0.21,19,question,8
2026-10-08 22:48:43.848,799.94,20261008_223523,prim,question,23,622,manual,lie,107.8,,1,,,,0,37.59,0.488,0.727,20,question,8
2026-10-08 22:48:44.056,800.15,20261008_223523,prim,question,23,622,manual,lie,107.8,,1,,,,0,37.59,0.504,1.317,21,question,8
2026-10-08 22:48:44.354,800.45,20261008_223523,prim,question,23,622,manual,lie,107.8,,1,,,,0,37.59,0.893,1.421,23,question,8
2026-10-08 22:48:44.467,800.56,20261008_223523,prim,question,23,622,manual,lie,107.8,,1,,,,0,37.59,0.868,1.295,25,question,8
2026-10-08 22:48:44.676,800.77,20261008_223523,prim,question,23,622,manual,lie,107.8,,1,,,,0,37.59,0.788,1.192,26,question,8
2026-10-08 22:48:44.883,800.98,20261008_223523,prim,question,23,622,manual,lie,107.8,,1,,,,0,37.59,0.713,1.086,26,question,8
2026-10-08 22:48:45.087,801.18,20261008_223523,prim,question,23,622,manual,lie,107.8,,1,,,,0,37.59,0.65,0.989,26,question,8
2026-10-08 22:48:45.301,801.39,20261008_223523,prim,question,23,622,manual,lie,98.2,,1,,,,0,37.6,0.592,0.896,26,question,8
2026-10-08 22:48:45.501,801.59,20261008_223523,prim,question,23,622,manual,lie,98.2,,1,,,,0,37.6,0.538,0.813,25,question,9
2026-10-08 22:48:45.707,801.8,20261008_223523,prim,question,23,622,manual,lie,98.2,,1,,,,0,37.6,0.489,0.736,24,question,9
2026-10-08 22:48:45.916,802.01,20261008_223523,prim,question,23,622,manual,lie,97.4,,1,,,,0,37.6,0.444,0.667,23,question,9
2026-10-08 22:48:46.126,802.22,20261008_223523,prim,question,23,622,manual,lie,97.4,,1,,,,0,37.6,0.428,0.61,23,question,9
2026-10-08 22:48:46.330,802.42,20261008_223523,prim,question,23,622,manual,lie,97.4,,1,,,,0,37.6,0.4,0.558,22,question,9
2026-10-08 22:48:46.536,802.63,20261008_223523,prim,question,23,622,manual,lie,97.4,,1,,,,0,37.6,0.363,0.505,21,question,9
2026-10-08 22:48:48.741,804.83,20261008_223523,prim,question,23,622,manual,lie,97.4,,1,,,,0,37.58,0.13,0.17,17,question,9
2026-10-08 22:48:48.941,805.03,20261008_223523,prim,question,23,622,manual,lie,97.4,,1,,,,0,37.58,0.118,0.154,17,question,8
2026-10-08 22:48:49.144,805.24,20261008_223523,prim,question,23,622,manual,lie,97.4,,1,,,,0,37.58,0.107,0.139,17,question,8
2026-10-08 22:48:49.355,805.45,20261008_223523,prim,question,23,622,manual,lie,97.4,,1,,,,0,37.58,0.098,0.126,17,question,8
2026-10-08 22:48:49.563,805.66,20261008_223523,prim,question,23,622,manual,lie,97.4,,1,,,,0,37.59,0.089,0.114,17,question,8
2026-10-08 22:48:49.774,805.87,20261008_223523,prim,question,23,622,manual,lie,97.4,,1,,,,0,37.59,0.082,0.103,16,question,9
2026-10-08 22:48:49.980,806.07,20261008_223523,prim,question,23,622,manual,lie,97.4,,1,,,,0,37.59,0.075,0.094,16,question,9
2026-10-08 22:48:50.190,806.28,20261008_223523,prim,question,23,622,manual,lie,97.4,,1,,,,0,37.59,0.07,0.085,16,question,9
2026-10-08 22:48:50.396,806.49,20261008_223523,prim,question,23,622,manual,lie,97.4,,1,,,,0,37.59,0.064,0.077,16,question,9
2026-10-08 22:48:50.598,806.69,20261008_223523,prim,question,23,622,manual,lie,97.4,,1,,,,0,37.59,0.059,0.07,16,question,9
2026-10-08 22:48:50.803,806.9,20261008_223523,prim,question,23,622,manual,lie,97.4,,1,,,,0,37.59,0.054,0.063,16,question,9
2026-10-08 22:48:51.016,807.11,20261008_223523,prim,question,23,622,manual,lie,97.4,,1,,,,0,37.6,0.061,0.061,16,question,9
2026-10-08 22:48:51.207,807.3,20261008_223523,prim,question,23,622,manual,lie,97.4,,1,,,,0,37.6,0.064,0.063,16,question,9
2026-10-08 22:48:51.414,807.51,20261008_223523,prim,question,23,622,manual,lie,97.4,,1,,,,0,37.6,0.059,0.057,16,question,9
2026-10-08 22:48:51.634,807.73,20261008_223523,prim,recovery,23,622,manual,lie,97.4,,1,,,,0,37.6,0.055,0.052,16,ready,9
2026-10-08 22:48:51.837,807.93,20261008_223523,prim,recovery,23,622,manual,lie,97.4,,1,,,,0,37.6,0.05,0.047,16,ready,9
2026-10-08 22:48:52.049,808.14,20261008_223523,prim,recovery,23,622,manual,lie,97.4,,1,,,,0,37.6,0.05,0.045,16,ready,9
2026-10-08 22:48:52.252,808.35,20261008_223523,prim,recovery,23,622,manual,lie,97.4,,1,,,,0,37.6,0.048,0.042,16,ready,9
2026-10-08 22:48:52.459,808.55,20261008_223523,prim,recovery,23,622,manual,lie,97.4,,1,,,,0,37.6,0.044,0.039,16,ready,9
2026-10-08 22:48:52.667,808.76,20261008_223523,prim,recovery,23,622,manual,lie,97.4,,1,,,,0,37.61,0.04,0.035,16,ready,9
2026-10-08 22:48:52.872,808.97,20261008_223523,prim,recovery,23,622,manual,lie,97.4,,1,,,,0,37.61,0.038,0.032,16,ready,9
2026-10-08 22:48:53.081,809.17,20261008_223523,prim,recovery,23,622,manual,lie,97.4,,1,,,,0,37.61,0.044,0.029,16,ready,9
2026-10-08 22:48:53.297,809.39,20261008_223523,prim,recovery,23,622,manual,lie,97.4,,1,,,,0,37.61,0.041,0.026,15,ready,9
2026-10-08 22:48:53.501,809.59,20261008_223523,prim,rest,,,,,97.4,,1,,,,0,37.61,0.051,0.028,16,ready,9
2026-10-08 22:48:53.702,809.79,20261008_223523,prim,rest,,,,,97.4,,1,,,,0,37.61,0.065,0.027,16,ready,9
2026-10-08 22:48:53.909,810.0,20261008_223523,prim,rest,,,,,97.4,,1,,,,0,37.61,0.059,0.025,16,ready,9
2026-10-08 22:48:54.113,810.21,20261008_223523,prim,rest,,,,,97.4,,1,,,,0,37.57,0.054,0.023,16,ready,9
2026-10-08 22:48:54.322,810.42,20261008_223523,prim,rest,,,,,94.6,,1,,,,0,37.57,0.05,0.021,15,ready,9
2026-10-08 22:48:54.529,810.62,20261008_223523,prim,rest,,,,,94.6,,1,,,,0,37.58,0.047,0.021,15,ready,9
2026-10-08 22:48:54.734,810.83,20261008_223523,prim,rest,,,,,94.6,,1,,,,0,37.58,0.043,0.02,15,ready,9
2026-10-08 22:48:54.948,811.04,20261008_223523,prim,rest,,,,,94.6,176.8,1,,,,0,37.58,0.04,0.018,15,ready,9
2026-10-08 22:48:55.148,811.24,20261008_223523,prim,rest,,,,,94.6,176.8,1,,,,0,37.59,0.037,0.017,15,ready,9
2026-10-08 22:48:55.353,811.45,20261008_223523,prim,rest,,,,,94.6,176.8,1,,,,0,37.59,0.038,0.019,15,ready,9
2026-10-08 22:48:55.569,811.66,20261008_223523,prim,rest,,,,,94.6,158.6,1,,,,0,37.59,0.037,0.019,15,ready,9
2026-10-08 22:48:55.768,811.86,20261008_223523,prim,rest,,,,,94.6,158.6,1,,,,0,37.59,0.034,0.018,15,ready,9
2026-10-08 22:48:55.977,812.07,20261008_223523,prim,rest,,,,,94.6,158.6,1,,,,0,37.59,0.032,0.017,15,ready,9
2026-10-08 22:48:56.183,812.28,20261008_223523,prim,rest,,,,,94.6,158.6,1,,,,0,37.6,0.032,0.017,15,ready,9
2026-10-08 22:48:56.391,812.48,20261008_223523,prim,question,24,623,manual,truth,94.6,158.6,1,,,,0,37.6,0.034,0.019,15,question,9
2026-10-08 22:48:56.592,812.68,20261008_223523,prim,question,24,623,manual,truth,97.8,158.6,1,,,,0,37.6,0.032,0.017,15,question,9
2026-10-08 22:48:58.787,814.88,20261008_223523,prim,question,24,623,manual,truth,108.9,97.2,1,,,,0,37.57,0.062,0.028,18,question,9
2026-10-08 22:48:58.981,815.07,20261008_223523,prim,question,24,623,manual,truth,122.3,89.7,1,,,,0,37.57,0.056,0.025,20,question,9
2026-10-08 22:48:59.208,815.3,20261008_223523,prim,question,24,623,manual,truth,122.3,89.7,1,,,,0,37.58,0.051,0.023,21,question,9
2026-10-08 22:48:59.406,815.5,20261008_223523,prim,question,24,623,manual,truth,122.3,89.7,1,,,,0,37.58,0.047,0.021,22,question,9
2026-10-08 22:48:59.606,815.7,20261008_223523,prim,question,24,623,manual,truth,122.3,89.7,1,,,,0,37.58,0.043,0.02,23,question,9
2026-10-08 22:48:59.810,815.9,20261008_223523,prim,question,24,623,manual,truth,120.2,89.7,1,,,,0,37.58,0.04,0.019,24,question,9
2026-10-08 22:49:00.020,816.11,20261008_223523,prim,question,24,623,manual,truth,120.2,89.7,1,,,,0,37.58,0.039,0.019,24,question,9
2026-10-08 22:49:00.231,816.32,20261008_223523,prim,question,24,623,manual,truth,120.2,89.7,1,,,,0,37.58,0.037,0.022,24,question,9
2026-10-08 22:49:00.436,816.53,20261008_223523,prim,question,24,623,manual,truth,120.2,89.7,1,,,,0,37.59,0.054,0.031,25,question,9
2026-10-08 22:49:00.642,816.73,20261008_223523,prim,question,24,623,manual,truth,120.2,89.7,1,,,,0,37.59,0.064,0.039,25,question,9
2026-10-08 22:49:00.847,816.94,20261008_223523,prim,question,24,623,manual,truth,120.2,89.7,1,,,,0,37.59,0.059,0.036,25,question,9
2026-10-08 22:49:01.150,817.24,20261008_223523,prim,question,24,623,manual,truth,120.2,89.7,1,,,,0,37.59,0.057,0.036,25,question,9
2026-10-08 22:49:01.261,817.35,20261008_223523,prim,question,24,623,manual,truth,120.2,89.7,1,,,,0,37.59,0.054,0.04,26,question,9
2026-10-08 22:49:01.468,817.56,20261008_223523,prim,question,24,623,manual,truth,,,1,,,,0,37.6,0.054,0.04,24,question,9
2026-10-08 22:49:01.676,817.77,20261008_223523,prim,question,24,623,manual,truth,,,1,,,,0,37.6,0.05,0.037,23,question,9
2026-10-08 22:49:01.881,817.97,20261008_223523,prim,question,24,623,manual,truth,,,1,,,,0,37.6,0.047,0.036,22,question,9
2026-10-08 22:49:02.087,818.18,20261008_223523,prim,question,24,623,manual,truth,,,1,,,,0,37.6,0.047,0.035,21,question,9
2026-10-08 22:49:02.300,818.39,20261008_223523,prim,question,24,623,manual,truth,85.5,,1,,,,0,37.6,0.06,0.037,19,question,9
2026-10-08 22:49:02.507,818.6,20261008_223523,prim,question,24,623,manual,truth,85.5,,1,,,,0,37.6,0.058,0.035,17,question,9
2026-10-08 22:49:02.706,818.8,20261008_223523,prim,question,24,623,manual,truth,85.5,,1,,,,0,37.6,0.054,0.032,16,question,9
2026-10-08 22:49:02.923,819.02,20261008_223523,prim,question,24,623,manual,truth,85.5,,1,,,,0,37.6,0.054,0.032,15,question,9
2026-10-08 22:49:03.120,819.21,20261008_223523,prim,question,24,623,manual,truth,72.5,,1,,,,0,37.57,0.051,0.029,14,question,9
2026-10-08 22:49:03.322,819.41,20261008_223523,prim,question,24,623,manual,truth,72.5,,1,,,,0,37.57,0.047,0.027,13,question,9
2026-10-08 22:49:03.531,819.62,20261008_223523,prim,question,24,623,manual,truth,72.5,,1,,,,0,37.58,0.043,0.024,12,question,9
2026-10-08 22:49:03.737,819.83,20261008_223523,prim,question,24,623,manual,truth,84.4,,1,,,,0,37.58,0.039,0.022,12,question,9
2026-10-08 22:49:03.939,820.03,20261008_223523,prim,question,24,623,manual,truth,84.4,,1,,,,0,37.58,0.037,0.021,12,question,9
2026-10-08 22:49:04.146,820.24,20261008_223523,prim,question,24,623,manual,truth,84.4,,1,,,,0,37.59,0.034,0.019,12,question,9
2026-10-08 22:49:04.350,820.44,20261008_223523,prim,question,24,623,manual,truth,84.4,,1,,,,0,37.59,0.031,0.019,12,question,9
2026-10-08 22:49:04.558,820.65,20261008_223523,prim,question,24,623,manual,truth,84.4,,1,,,,0,37.59,0.031,0.018,12,question,9
2026-10-08 22:49:04.770,820.86,20261008_223523,prim,question,24,623,manual,truth,84.4,,1,,,,0,37.6,0.03,0.016,11,question,9
2026-10-08 22:49:04.972,821.07,20261008_223523,prim,question,24,623,manual,truth,84.4,,1,,,,0,37.6,0.028,0.015,11,question,9
2026-10-08 22:49:05.180,821.27,20261008_223523,prim,question,24,623,manual,truth,84.4,,1,,,,0,37.6,0.026,0.014,11,question,9
2026-10-08 22:49:05.388,821.48,20261008_223523,prim,question,24,623,manual,truth,84.4,,1,,,,0,37.6,0.025,0.013,11,question,9
2026-10-08 22:49:05.595,821.69,20261008_223523,prim,question,24,623,manual,truth,84.4,,1,,,,0,37.6,0.025,0.012,11,question,9
2026-10-08 22:49:05.800,821.89,20261008_223523,prim,question,24,623,manual,truth,84.4,,1,,,,0,37.61,0.024,0.012,11,question,9
2026-10-08 22:49:06.006,822.1,20261008_223523,prim,question,24,623,manual,truth,84.4,,1,,,,0,37.6,0.023,0.011,11,question,9
2026-10-08 22:49:06.211,822.3,20261008_223523,prim,question,24,623,manual,truth,101.0,,1,,,,0,37.61,0.024,0.013,12,question,9
2026-10-08 22:49:06.423,822.52,20261008_223523,prim,question,24,623,manual,truth,101.0,,1,,,,0,37.61,0.025,0.014,13,question,9
2026-10-08 22:49:06.624,822.72,20261008_223523,prim,question,24,623,manual,truth,101.0,,1,,,,0,37.61,0.026,0.016,14,question,9
2026-10-08 22:49:06.832,822.92,20261008_223523,prim,question,24,623,manual,truth,101.0,,1,,,,0,37.61,0.028,0.016,14,question,9
2026-10-08 22:49:07.038,823.13,20261008_223523,prim,question,24,623,manual,truth,101.0,,1,,,,0,37.61,0.029,0.016,15,question,9
2026-10-08 22:49:07.248,823.34,20261008_223523,prim,question,24,623,manual,truth,101.0,,1,,,,0,37.61,0.027,0.015,15,question,9
2026-10-08 22:49:07.453,823.55,20261008_223523,prim,question,24,623,manual,truth,101.0,,1,,,,0,37.59,0.026,0.014,15,question,9
2026-10-08 22:49:07.663,823.76,20261008_223523,prim,question,24,623,manual,truth,101.0,,1,,,,0,37.59,0.026,0.015,16,question,9
2026-10-08 22:49:07.870,823.96,20261008_223523,prim,question,24,623,manual,truth,101.0,,1,,,,0,37.6,0.025,0.014,16,question,9
2026-10-08 22:49:08.085,824.18,20261008_223523,prim,question,24,623,manual,truth,101.0,,1,,,,0,37.6,0.027,0.014,16,question,9
2026-10-08 22:49:08.288,824.38,20261008_223523,prim,recovery,24,623,manual,truth,101.0,,1,,,,0,37.6,0.027,0.014,16,ready,9
2026-10-08 22:49:08.490,824.58,20261008_223523,prim,recovery,24,623,manual,truth,116.5,416.0,1,,,,0,37.6,0.051,0.018,18,ready,9
2026-10-08 22:49:08.709,824.8,20261008_223523,prim,recovery,24,623,manual,truth,116.5,416.0,1,,,,0,37.57,0.05,0.021,19,ready,9
2026-10-08 22:49:08.908,825.0,20261008_223523,prim,recovery,24,623,manual,truth,116.5,416.0,1,,,,0,37.58,0.051,0.02,20,ready,9
2026-10-08 22:49:09.111,825.2,20261008_223523,prim,recovery,24,623,manual,truth,116.5,416.0,1,,,,0,37.58,0.051,0.019,21,ready,9
2026-10-08 22:49:09.317,825.41,20261008_223523,prim,recovery,24,623,manual,truth,116.5,416.0,1,,,,0,37.58,0.05,0.019,21,ready,9
2026-10-08 22:49:09.523,825.62,20261008_223523,prim,recovery,24,623,manual,truth,116.5,416.0,1,,,,0,37.59,0.047,0.021,22,ready,9
2026-10-08 22:49:09.728,825.82,20261008_223523,prim,recovery,24,623,manual,truth,116.5,416.0,1,,,,0,37.59,0.057,0.03,23,ready,9
2026-10-08 22:49:09.934,826.03,20261008_223523,prim,rest,,,,,116.5,416.0,1,,,,0,37.6,0.054,0.031,23,ready,9
2026-10-08 22:49:10.150,826.24,20261008_223523,prim,rest,,,,,116.5,416.0,1,,,,0,37.6,0.053,0.031,23,ready,9
2026-10-08 22:49:10.368,826.46,20261008_223523,prim,rest,,,,,116.5,416.0,1,,,,0,37.6,0.053,0.03,23,ready,9
2026-10-08 22:49:10.570,826.66,20261008_223523,prim,rest,,,,,116.5,416.0,1,,,,0,37.6,0.05,0.029,23,ready,9
2026-10-08 22:49:10.766,826.86,20261008_223523,prim,rest,,,,,116.5,416.0,1,,,,0,37.6,0.053,0.029,24,ready,9
2026-10-08 22:49:10.966,827.06,20261008_223523,prim,rest,,,,,116.5,416.0,1,,,,0,37.6,0.057,0.03,24,ready,9
2026-10-08 22:49:11.164,827.26,20261008_223523,prim,rest,,,,,116.5,416.0,1,,,,0,37.6,0.058,0.031,24,ready,9
2026-10-08 22:49:11.371,827.46,20261008_223523,prim,rest,,,,,116.5,416.0,1,,,,0,37.6,0.056,0.029,24,ready,9
2026-10-08 22:49:11.574,827.67,20261008_223523,prim,rest,,,,,116.5,416.0,1,,,,0,37.6,0.054,0.027,24,ready,9
2026-10-08 22:49:11.783,827.88,20261008_223523,prim,rest,,,,,116.5,416.0,1,,,,0,37.6,0.05,0.026,24,ready,9
2026-10-08 22:49:11.988,828.08,20261008_223523,prim,rest,,,,,116.5,416.0,1,,,,0,37.6,0.048,0.028,24,ready,9
2026-10-08 22:49:12.197,828.29,20261008_223523,prim,rest,,,,,116.5,416.0,1,,,,0,37.6,0.045,0.029,24,ready,9
2026-10-08 22:49:12.434,828.53,20261008_223523,prim,rest,,,,,116.5,416.0,1,,,,0,37.6,0.044,0.031,24,ready,9
2026-10-08 22:49:12.609,828.7,20261008_223523,prim,rest,,,,,116.5,416.0,1,,,,0,37.61,0.044,0.028,24,ready,9
2026-10-08 22:49:12.823,828.92,20261008_223523,prim,rest,,,,,116.5,416.0,1,,,,0,37.59,0.042,0.029,24,ready,9
2026-10-08 22:49:13.029,829.12,20261008_223523,prim,rest,,,,,116.5,416.0,1,,,,0,37.58,0.042,0.028,24,ready,9
2026-10-08 22:49:13.230,829.32,20261008_223523,prim,rest,,,,,116.5,416.0,1,,,,0,37.59,0.062,0.036,24,ready,9
2026-10-08 22:49:13.433,829.53,20261008_223523,prim,rest,,,,,116.5,416.0,1,,,,0,37.59,0.07,0.043,24,ready,9
2026-10-08 22:49:13.646,829.74,20261008_223523,prim,rest,,,,,116.5,416.0,1,,,,0,37.59,0.072,0.04,24,ready,9
2026-10-08 22:49:13.848,829.94,20261008_223523,prim,rest,,,,,116.5,416.0,1,,,,0,37.59,0.067,0.037,24,ready,9
2026-10-08 22:49:14.054,830.15,20261008_223523,prim,rest,,,,,116.5,416.0,1,,,,0,37.59,0.066,0.036,24,ready,9
2026-10-08 22:49:14.262,830.36,20261008_223523,prim,rest,,,,,116.5,416.0,1,,,,0,37.59,0.065,0.036,24,ready,9
2026-10-08 22:49:14.462,830.55,20261008_223523,prim,rest,,,,,116.5,416.0,1,,,,0,37.59,0.063,0.035,24,ready,9
2026-10-08 22:49:14.672,830.76,20261008_223523,prim,rest,,,,,,,1,,,,0,37.59,0.065,0.037,23,ready,9
2026-10-08 22:49:14.877,830.97,20261008_223523,prim,rest,,,,,,,1,,,,0,37.59,0.06,0.037,22,ready,9
2026-10-08 22:49:15.087,831.18,20261008_223523,prim,recovery,25,624,manual,truth,,,1,,,,0,37.6,0.057,0.035,21,ready,9
2026-10-08 22:49:15.290,831.38,20261008_223523,prim,question,25,624,manual,truth,71.0,,1,,,,0,37.6,0.053,0.032,19,question,9
2026-10-08 22:49:15.492,831.58,20261008_223523,prim,question,25,624,manual,truth,71.0,,1,,,,0,37.6,0.056,0.03,17,question,9
2026-10-08 22:49:15.700,831.79,20261008_223523,prim,question,25,624,manual,truth,71.0,,1,,,,0,37.6,0.053,0.029,15,question,9
2026-10-08 22:49:15.905,832.0,20261008_223523,prim,question,25,624,manual,truth,71.0,,1,,,,0,37.6,0.051,0.03,14,question,9
2026-10-08 22:49:16.119,832.21,20261008_223523,prim,question,25,624,manual,truth,71.0,,1,,,,0,37.6,0.048,0.029,13,question,9
2026-10-08 22:49:16.324,832.42,20261008_223523,prim,question,25,624,manual,truth,71.0,,1,,,,0,37.6,0.044,0.027,12,question,9
2026-10-08 22:49:16.523,832.62,20261008_223523,prim,question,25,624,manual,truth,71.0,,1,,,,0,37.6,0.045,0.03,11,question,9
2026-10-08 22:49:16.722,832.81,20261008_223523,prim,question,25,624,manual,truth,71.0,,1,,,,0,37.6,0.045,0.028,11,question,9
2026-10-08 22:49:16.938,833.03,20261008_223523,prim,question,25,624,manual,truth,71.0,,1,,,,0,37.61,0.043,0.026,10,question,9
2026-10-08 22:49:17.124,833.22,20261008_223523,prim,question,25,624,manual,truth,71.0,,1,,,,0,37.57,0.039,0.022,9,question,9
2026-10-08 22:49:17.327,833.42,20261008_223523,prim,question,25,624,manual,truth,71.0,,1,,,,0,37.58,0.037,0.024,9,question,9
2026-10-08 22:49:17.606,833.7,20261008_223523,prim,question,25,624,manual,truth,71.0,,1,,,,0,37.58,0.034,0.025,9,question,9
2026-10-08 22:49:17.744,833.84,20261008_223523,prim,question,25,624,manual,truth,71.0,,1,,,,0,37.58,0.032,0.024,9,question,9
2026-10-08 22:49:17.947,834.04,20261008_223523,prim,question,25,624,manual,truth,71.0,,1,,,,0,37.59,0.031,0.023,9,question,9
2026-10-08 22:49:18.154,834.25,20261008_223523,prim,question,25,624,manual,truth,71.0,,1,,,,0,37.59,0.029,0.021,8,question,9
2026-10-08 22:49:18.362,834.46,20261008_223523,prim,question,25,624,manual,truth,71.0,,1,,,,0,37.59,0.027,0.019,8,question,9
2026-10-08 22:49:18.563,834.66,20261008_223523,prim,question,25,624,manual,truth,94.8,,1,,,,0,37.59,0.025,0.018,9,question,9
2026-10-08 22:49:18.768,834.86,20261008_223523,prim,question,25,624,manual,truth,94.8,,1,,,,0,37.59,0.023,0.017,10,question,9
2026-10-08 22:49:18.977,835.07,20261008_223523,prim,question,25,624,manual,truth,94.8,,1,,,,0,37.59,0.022,0.015,11,question,9
2026-10-08 22:49:19.188,835.28,20261008_223523,prim,question,25,624,manual,truth,94.8,,1,,,,0,37.59,0.021,0.014,12,question,9
2026-10-08 22:49:19.382,835.47,20261008_223523,prim,question,25,624,manual,truth,96.1,,1,,,,0,37.59,0.023,0.013,12,question,9
2026-10-08 22:49:19.583,835.68,20261008_223523,prim,question,25,624,manual,truth,96.1,,1,,,,0,37.59,0.022,0.013,13,question,9
2026-10-08 22:49:19.790,835.88,20261008_223523,prim,question,25,624,manual,truth,96.1,,1,,,,0,37.59,0.038,0.021,13,question,9
2026-10-08 22:49:19.998,836.09,20261008_223523,prim,question,25,624,manual,truth,96.1,,1,,,,0,37.59,0.052,0.038,13,question,9
2026-10-08 22:49:20.211,836.3,20261008_223523,prim,question,25,624,manual,truth,96.1,,1,,,,0,37.59,0.051,0.035,14,question,9
2026-10-08 22:49:20.412,836.5,20261008_223523,prim,question,25,624,manual,truth,96.1,,1,,,,0,37.59,0.047,0.033,14,question,9
2026-10-08 22:49:20.613,836.71,20261008_223523,prim,question,25,624,manual,truth,96.1,,1,,,,0,37.59,0.046,0.037,14,question,9
2026-10-08 22:49:20.832,836.92,20261008_223523,prim,question,25,624,manual,truth,96.1,,1,,,,0,37.59,0.065,0.038,14,question,9
2026-10-08 22:49:21.357,837.45,20261008_223523,prim,question,25,624,manual,truth,96.1,,1,,,,0,37.59,0.109,0.068,15,question,9
2026-10-08 22:49:21.358,837.45,20261008_223523,prim,question,25,624,manual,truth,96.1,,1,,,,0,37.59,0.105,0.065,15,question,9
2026-10-08 22:49:21.442,837.53,20261008_223523,prim,question,25,624,manual,truth,96.1,,1,,,,0,37.6,0.096,0.06,15,question,9
2026-10-08 22:49:21.647,837.74,20261008_223523,prim,question,25,624,manual,truth,96.1,,1,,,,0,37.6,0.087,0.056,15,question,8
2026-10-08 22:49:21.863,837.96,20261008_223523,prim,question,25,624,manual,truth,96.1,,1,,,,0,37.6,0.079,0.051,15,question,8
2026-10-08 22:49:22.072,838.16,20261008_223523,prim,question,25,624,manual,truth,96.1,,1,,,,0,37.6,0.074,0.047,15,question,8
2026-10-08 22:49:22.266,838.36,20261008_223523,prim,question,25,624,manual,truth,96.1,,1,,,,0,37.59,0.067,0.043,15,question,8
2026-10-08 22:49:22.475,838.57,20261008_223523,prim,question,25,624,manual,truth,96.1,,1,,,,0,37.59,0.063,0.04,15,question,9
2026-10-08 22:49:22.673,838.77,20261008_223523,prim,question,25,624,manual,truth,96.1,,1,,,,0,37.59,0.061,0.039,15,question,9
2026-10-08 22:49:22.887,838.98,20261008_223523,prim,question,25,624,manual,truth,96.1,,1,,,,0,37.58,0.056,0.036,15,question,9
2026-10-08 22:49:23.085,839.18,20261008_223523,prim,question,25,624,manual,truth,96.1,,1,,,,0,37.58,0.056,0.037,15,question,9
2026-10-08 22:49:23.293,839.39,20261008_223523,prim,question,25,624,manual,truth,96.1,,1,,,,0,37.59,0.053,0.034,15,question,9
2026-10-08 22:49:23.510,839.6,20261008_223523,prim,question,25,624,manual,truth,96.1,,1,,,,0,37.58,0.049,0.031,15,question,9
2026-10-08 22:49:23.705,839.8,20261008_223523,prim,question,25,624,manual,truth,96.1,,1,,,,0,37.58,0.048,0.029,15,question,9
2026-10-08 22:49:23.926,840.02,20261008_223523,prim,question,25,624,manual,truth,96.1,,1,,,,0,37.59,0.044,0.027,15,question,9
2026-10-08 22:49:24.125,840.22,20261008_223523,prim,question,25,624,manual,truth,96.1,,1,,,,0,37.58,0.049,0.028,15,question,9
2026-10-08 22:49:24.334,840.43,20261008_223523,prim,question,25,624,manual,truth,96.1,,1,,,,0,37.58,0.046,0.026,15,question,9
2026-10-08 22:49:24.596,840.69,20261008_223523,prim,question,25,624,manual,truth,96.1,,1,,,,0,37.58,0.042,0.024,15,question,9
2026-10-08 22:49:24.744,840.84,20261008_223523,prim,question,25,624,manual,truth,96.1,,1,,,,0,37.58,0.039,0.022,15,question,9
2026-10-08 22:49:24.943,841.04,20261008_223523,prim,question,25,624,manual,truth,96.1,,1,,,,0,37.58,0.039,0.022,15,question,9
2026-10-08 22:49:25.315,841.41,20261008_223523,prim,question,25,624,manual,truth,96.1,,1,,,,0,37.58,0.039,0.024,15,question,9
2026-10-08 22:49:25.353,841.45,20261008_223523,prim,question,25,624,manual,truth,96.1,,1,,,,0,37.58,0.037,0.022,15,question,9
2026-10-08 22:49:25.563,841.66,20261008_223523,prim,question,25,624,manual,truth,96.1,,1,,,,0,37.6,0.04,0.025,15,question,9
2026-10-08 22:49:25.765,841.86,20261008_223523,prim,question,25,624,manual,truth,96.1,,1,,,,0,37.59,0.038,0.024,15,question,9
2026-10-08 22:49:25.963,842.06,20261008_223523,prim,question,25,624,manual,truth,96.1,,1,,,,0,37.59,0.035,0.023,15,question,9
2026-10-08 22:49:26.170,842.26,20261008_223523,prim,question,25,624,manual,truth,,,1,,,,0,37.59,0.032,0.021,15,question,9
2026-10-08 22:49:26.363,842.46,20261008_223523,prim,question,25,624,manual,truth,,,1,,,,0,37.59,0.03,0.02,15,question,9
2026-10-08 22:49:26.564,842.66,20261008_223523,prim,question,25,624,manual,truth,75.1,,1,,,,0,37.58,0.027,0.018,14,question,9
2026-10-08 22:49:26.763,842.86,20261008_223523,prim,question,25,624,manual,truth,75.1,,1,,,,0,37.59,0.027,0.017,13,question,9
2026-10-08 22:49:26.968,843.06,20261008_223523,prim,recovery,25,624,manual,truth,75.1,,1,,,,0,37.59,0.025,0.016,12,ready,9
2026-10-08 22:49:27.177,843.27,20261008_223523,prim,recovery,25,624,manual,truth,75.1,,1,,,,0,37.58,0.026,0.017,12,ready,9
2026-10-08 22:49:27.389,843.48,20261008_223523,prim,recovery,25,624,manual,truth,75.1,,1,,,,0,37.58,0.038,0.025,11,ready,9
2026-10-08 22:49:27.589,843.68,20261008_223523,prim,recovery,25,624,manual,truth,75.1,,1,,,,0,37.58,0.036,0.025,11,ready,9
2026-10-08 22:49:27.793,843.89,20261008_223523,prim,recovery,25,624,manual,truth,51.6,,1,,,,0,37.58,0.039,0.024,10,ready,9
2026-10-08 22:49:28.004,844.1,20261008_223523,prim,recovery,25,624,manual,truth,51.6,,1,,,,0,37.58,0.043,0.024,9,ready,9
2026-10-08 22:49:28.210,844.3,20261008_223523,prim,recovery,25,624,manual,truth,51.6,,1,,,,0,37.58,0.047,0.024,8,ready,9
2026-10-08 22:49:28.423,844.52,20261008_223523,prim,rest,,,,,51.6,,1,,,,0,37.58,0.051,0.032,7,ready,9
2026-10-08 22:49:28.622,844.72,20261008_223523,prim,rest,,,,,51.6,,1,,,,0,37.58,0.054,0.033,7,ready,9
2026-10-08 22:49:28.838,844.93,20261008_223523,prim,rest,,,,,51.6,,1,,,,0,37.58,0.052,0.031,7,ready,9
2026-10-08 22:49:29.034,845.13,20261008_223523,prim,rest,,,,,51.6,,1,,,,0,37.58,0.051,0.03,6,ready,9
2026-10-08 22:49:29.240,845.33,20261008_223523,prim,rest,,,,,51.6,,1,,,,0,37.58,0.054,0.03,6,ready,9
2026-10-08 22:49:29.447,845.54,20261008_223523,prim,rest,,,,,58.8,,1,,,,0,37.58,0.055,0.029,6,ready,9
2026-10-08 22:49:29.661,845.75,20261008_223523,prim,rest,,,,,58.8,,1,,,,0,37.58,0.058,0.031,6,ready,9
2026-10-08 22:49:29.860,845.95,20261008_223523,prim,rest,,,,,58.8,,1,,,,0,37.58,0.055,0.03,6,ready,9
2026-10-08 22:49:30.065,846.16,20261008_223523,prim,rest,,,,,58.8,,1,,,,0,37.58,0.056,0.03,6,ready,9
2026-10-08 22:49:30.274,846.37,20261008_223523,prim,rest,,,,,66.1,,1,,,,0,37.58,0.053,0.031,6,ready,9
2026-10-08 22:49:30.535,846.63,20261008_223523,prim,rest,,,,,66.1,,1,,,,0,37.58,0.052,0.032,6,ready,9
2026-10-08 22:49:30.673,846.77,20261008_223523,prim,rest,,,,,66.1,,1,,,,0,37.58,0.051,0.029,6,ready,9
2026-10-08 22:49:30.881,846.97,20261008_223523,prim,rest,,,,,66.1,,1,,,,0,37.58,0.065,0.035,6,ready,9
2026-10-08 22:49:31.088,847.18,20261008_223523,prim,rest,,,,,68.5,597.0,1,,,,0,37.57,0.071,0.04,7,ready,9
2026-10-08 22:49:31.664,847.76,20261008_223523,prim,rest,,,,,68.5,597.0,1,,,,0,37.57,0.08,0.044,7,ready,9
2026-10-08 22:49:31.666,847.76,20261008_223523,prim,rest,,,,,68.5,597.0,1,,,,0,37.57,0.086,0.043,7,ready,9
2026-10-08 22:49:31.729,847.82,20261008_223523,prim,rest,,,,,68.5,597.0,1,,,,0,37.57,0.084,0.048,7,ready,9
2026-10-08 22:49:31.926,848.02,20261008_223523,prim,rest,,,,,68.5,597.0,1,,,,0,37.58,0.086,0.049,7,ready,9
2026-10-08 22:49:32.117,848.21,20261008_223523,prim,rest,,,,,68.5,597.0,1,,,,0,37.58,0.079,0.047,7,ready,9
2026-10-08 22:49:32.327,848.42,20261008_223523,prim,rest,,,,,68.5,597.0,1,,,,0,37.58,0.077,0.048,7,ready,9
2026-10-08 22:49:32.527,848.62,20261008_223523,prim,rest,,,,,68.5,597.0,1,,,,0,37.55,0.071,0.045,7,ready,9
2026-10-08 22:49:32.735,848.83,20261008_223523,prim,rest,,,,,68.5,597.0,1,,,,0,37.55,0.068,0.042,7,ready,9
2026-10-08 22:49:32.957,849.05,20261008_223523,prim,rest,,,,,68.5,597.0,1,,,,0,37.56,0.066,0.04,7,ready,9
2026-10-08 22:49:33.160,849.25,20261008_223523,prim,rest,,,,,68.5,597.0,1,,,,0,37.56,0.076,0.047,7,ready,9
2026-10-08 22:49:33.404,849.5,20261008_223523,prim,rest,,,,,68.5,597.0,1,,,,0,37.56,0.104,0.055,7,ready,9
2026-10-08 22:49:33.569,849.66,20261008_223523,prim,rest,,,,,68.5,597.0,1,,,,0,37.54,0.141,0.074,8,ready,8
2026-10-08 22:49:33.770,849.86,20261008_223523,prim,rest,,,,,68.5,597.0,1,,,,0,37.55,0.156,0.071,8,ready,9
2026-10-08 22:49:33.968,850.06,20261008_223523,prim,rest,,,,,68.5,597.0,1,,,,0,37.55,0.145,0.071,8,ready,9
2026-10-08 22:49:34.178,850.27,20261008_223523,prim,rest,,,,,68.5,597.0,1,,,,0,37.55,0.134,0.067,8,ready,9
2026-10-08 22:49:34.383,850.48,20261008_223523,prim,rest,,,,,66.1,597.0,1,,,,0,37.55,0.116,0.059,8,ready,9
2026-10-08 22:49:34.596,850.69,20261008_223523,prim,rest,,,,,66.1,597.0,1,,,,0,37.56,0.106,0.055,8,ready,9
2026-10-08 22:49:34.792,850.88,20261008_223523,prim,rest,,,,,66.1,597.0,1,,,,0,37.56,0.102,0.054,7,ready,9
2026-10-08 22:49:34.997,851.09,20261008_223523,prim,rest,,,,,66.1,597.0,1,,,,0,37.56,0.097,0.053,7,ready,9
2026-10-08 22:49:35.204,851.3,20261008_223523,prim,rest,,,,,66.1,597.0,1,,,,0,37.56,0.088,0.049,7,ready,9
2026-10-08 22:49:35.424,851.52,20261008_223523,prim,rest,,,,,66.1,597.0,1,,,,0,37.56,0.082,0.047,7,ready,9
2026-10-08 22:49:35.612,851.71,20261008_223523,prim,rest,,,,,66.1,597.0,1,,,,0,37.56,0.077,0.046,7,ready,9
2026-10-08 22:49:35.821,851.91,20261008_223523,prim,rest,,,,,66.1,597.0,1,,,,0,37.56,0.075,0.043,7,ready,9
2026-10-08 22:49:36.037,852.13,20261008_223523,prim,rest,,,,,66.1,597.0,1,,,,0,37.57,0.071,0.041,7,ready,9
2026-10-08 22:49:36.240,852.33,20261008_223523,prim,rest,,,,,66.3,597.0,1,,,,0,37.57,0.067,0.039,7,ready,9
2026-10-08 22:49:36.441,852.53,20261008_223523,prim,rest,,,,,66.3,597.0,1,,,,0,37.57,0.064,0.036,7,ready,9
2026-10-08 22:49:36.648,852.74,20261008_223523,prim,rest,,,,,66.3,597.0,1,,,,0,37.57,0.061,0.037,7,ready,9
2026-10-08 22:49:36.854,852.95,20261008_223523,prim,rest,,,,,66.3,597.0,1,,,,0,37.53,0.058,0.035,7,ready,8
2026-10-08 22:49:37.060,853.15,20261008_223523,prim,rest,,,,,66.3,597.0,1,,,,0,37.54,0.061,0.037,7,ready,8
2026-10-08 22:49:37.264,853.36,20261008_223523,prim,rest,,,,,66.3,597.0,1,,,,0,37.54,0.061,0.037,7,ready,8
2026-10-08 22:49:37.467,853.56,20261008_223523,prim,rest,,,,,66.3,597.0,1,,,,0,37.54,0.061,0.035,7,ready,8
2026-10-08 22:49:37.666,853.76,20261008_223523,prim,rest,,,,,66.3,597.0,1,,,,0,37.54,0.064,0.035,7,ready,8
2026-10-08 22:49:37.925,854.02,20261008_223523,prim,rest,,,,,66.3,597.0,1,,,,0,37.55,0.059,0.032,7,ready,8
2026-10-08 22:49:38.094,854.19,20261008_223523,prim,rest,,,,,66.3,597.0,1,,,,0,37.55,0.057,0.03,7,ready,8
2026-10-08 22:49:38.288,854.38,20261008_223523,prim,rest,,,,,66.3,597.0,1,,,,0,37.56,0.055,0.032,7,ready,8
2026-10-08 22:49:38.489,854.58,20261008_223523,prim,rest,,,,,66.3,597.0,1,,,,0,37.56,0.061,0.035,7,ready,8
2026-10-08 22:49:38.694,854.79,20261008_223523,prim,rest,,,,,66.3,597.0,1,,,,0,37.56,0.065,0.033,7,ready,8
2026-10-08 22:49:38.901,854.99,20261008_223523,prim,rest,,,,,66.3,597.0,1,,,,0,37.56,0.063,0.034,7,ready,8
2026-10-08 22:49:39.107,855.2,20261008_223523,prim,rest,,,,,66.3,597.0,1,,,,0,37.56,0.076,0.041,7,ready,8
2026-10-08 22:49:39.309,855.4,20261008_223523,prim,rest,,,,,66.3,597.0,1,,,,0,37.56,0.074,0.043,7,ready,8
2026-10-08 22:49:39.513,855.61,20261008_223523,prim,rest,,,,,66.3,597.0,1,,,,0,37.56,0.074,0.048,7,ready,8
2026-10-08 22:49:39.720,855.81,20261008_223523,prim,rest,,,,,66.3,597.0,1,,,,0,37.56,0.07,0.046,7,ready,8
2026-10-08 22:49:39.928,856.02,20261008_223523,prim,rest,,,,,66.3,597.0,1,,,,0,37.56,0.068,0.044,7,ready,8
2026-10-08 22:49:40.165,856.26,20261008_223523,prim,rest,,,,,66.3,597.0,1,,,,0,37.56,0.075,0.046,7,ready,8
2026-10-08 22:49:40.348,856.44,20261008_223523,prim,rest,,,,,66.3,597.0,1,,,,0,37.56,0.069,0.044,7,ready,8
2026-10-08 22:49:40.549,856.64,20261008_223523,prim,rest,,,,,66.3,597.0,1,,,,0,37.56,0.065,0.043,7,ready,8
2026-10-08 22:49:40.758,856.85,20261008_223523,prim,rest,,,,,70.7,597.0,1,,,,0,37.56,0.072,0.047,7,ready,8
2026-10-08 22:49:40.964,857.06,20261008_223523,prim,rest,,,,,70.7,597.0,1,,,,0,37.56,0.07,0.054,7,ready,8
2026-10-08 22:49:41.170,857.26,20261008_223523,prim,rest,,,,,70.7,597.0,1,,,,0,37.55,0.066,0.056,8,ready,9
2026-10-08 22:49:41.377,857.47,20261008_223523,prim,rest,,,,,70.7,597.0,1,,,,0,37.55,0.076,0.058,8,ready,9
2026-10-08 22:49:41.588,857.68,20261008_223523,prim,rest,,,,,66.3,539.1,1,,,,0,37.55,0.082,0.053,8,ready,9
2026-10-08 22:49:41.785,857.88,20261008_223523,prim,rest,,,,,66.3,539.1,1,,,,0,37.55,0.101,0.062,8,ready,9
2026-10-08 22:49:42.001,858.09,20261008_223523,prim,rest,,,,,66.3,539.1,1,,,,0,37.56,0.111,0.067,7,ready,9
2026-10-08 22:49:42.197,858.29,20261008_223523,prim,rest,,,,,66.3,539.1,1,,,,0,37.56,0.115,0.065,7,ready,9
2026-10-08 22:49:42.413,858.51,20261008_223523,prim,rest,,,,,66.3,539.1,1,,,,0,37.56,0.105,0.061,7,ready,9
2026-10-08 22:49:42.622,858.71,20261008_223523,prim,rest,,,,,66.3,539.1,1,,,,0,37.56,0.096,0.056,7,ready,9
2026-10-08 22:49:42.815,858.91,20261008_223523,prim,rest,,,,,66.3,539.1,1,,,,0,37.57,0.087,0.05,7,ready,9
2026-10-08 22:49:43.020,859.11,20261008_223523,prim,rest,,,,,66.3,539.1,1,,,,0,37.57,0.086,0.047,7,ready,9
2026-10-08 22:49:43.226,859.32,20261008_223523,prim,rest,,,,,66.3,539.1,1,,,,0,37.57,0.081,0.043,7,ready,9
2026-10-08 22:49:43.431,859.52,20261008_223523,prim,rest,,,,,66.3,539.1,1,,,,0,37.57,0.075,0.041,7,ready,9
2026-10-08 22:49:43.642,859.73,20261008_223523,prim,rest,,,,,66.3,539.1,1,,,,0,37.57,0.069,0.038,7,ready,9
2026-10-08 22:49:43.843,859.94,20261008_223523,prim,rest,,,,,66.3,539.1,1,,,,0,37.57,0.069,0.036,7,ready,9
2026-10-08 22:49:44.060,860.15,20261008_223523,prim,rest,,,,,70.7,539.1,1,,,,0,37.57,0.066,0.034,7,ready,9
2026-10-08 22:49:44.256,860.35,20261008_223523,prim,rest,,,,,70.7,539.1,1,,,,0,37.57,0.065,0.033,7,ready,9
2026-10-08 22:49:44.457,860.55,20261008_223523,prim,rest,,,,,70.7,539.1,1,,,,0,37.57,0.064,0.031,8,ready,9
2026-10-08 22:49:44.666,860.76,20261008_223523,prim,rest,,,,,70.7,539.1,1,,,,0,37.57,0.058,0.029,8,ready,9
2026-10-08 22:49:44.871,860.96,20261008_223523,prim,rest,,,,,70.7,539.1,1,,,,0,37.58,0.054,0.026,8,ready,9
2026-10-08 22:49:45.076,861.17,20261008_223523,prim,rest,,,,,70.7,539.1,1,,,,0,37.57,0.052,0.025,8,ready,9
2026-10-08 22:49:45.284,861.38,20261008_223523,prim,rest,,,,,70.7,539.1,1,,,,0,37.57,0.05,0.023,8,ready,9
2026-10-08 22:49:45.491,861.58,20261008_223523,prim,rest,,,,,70.7,539.1,1,,,,0,37.57,0.048,0.022,8,ready,9
2026-10-08 22:49:45.695,861.79,20261008_223523,prim,rest,,,,,70.7,539.1,1,,,,0,37.57,0.049,0.021,8,ready,9
2026-10-08 22:49:45.908,862.0,20261008_223523,prim,rest,,,,,88.5,421.2,1,,,,0,37.57,0.063,0.024,9,ready,9
2026-10-08 22:49:46.112,862.2,20261008_223523,prim,rest,,,,,88.5,421.2,1,,,,0,37.58,0.063,0.028,9,ready,9
2026-10-08 22:49:46.326,862.42,20261008_223523,prim,rest,,,,,88.5,421.2,1,,,,0,37.58,0.059,0.026,10,ready,9
2026-10-08 22:49:46.853,862.95,20261008_223523,prim,rest,,,,,88.5,421.2,1,,,,0,37.58,0.06,0.029,10,ready,9
2026-10-08 22:49:46.853,862.95,20261008_223523,prim,rest,,,,,88.5,421.2,1,,,,0,37.58,0.061,0.029,11,ready,9
2026-10-08 22:49:46.933,863.03,20261008_223523,prim,rest,,,,,88.5,421.2,1,,,,0,37.58,0.057,0.028,11,ready,9
2026-10-08 22:49:47.145,863.24,20261008_223523,prim,rest,,,,,88.5,421.2,1,,,,0,37.58,0.054,0.026,11,ready,9
2026-10-08 22:49:47.347,863.44,20261008_223523,prim,rest,,,,,88.5,421.2,1,,,,0,37.58,0.049,0.024,12,ready,9
2026-10-08 22:49:47.555,863.65,20261008_223523,prim,rest,,,,,88.5,421.2,1,,,,0,37.58,0.072,0.036,12,ready,8
2026-10-08 22:49:47.762,863.86,20261008_223523,prim,rest,,,,,88.5,421.2,1,,,,0,37.58,0.082,0.045,12,ready,9
2026-10-08 22:49:47.967,864.06,20261008_223523,prim,rest,,,,,88.5,421.2,1,,,,0,37.58,0.076,0.044,12,ready,9
2026-10-08 22:49:48.174,864.27,20261008_223523,prim,rest,,,,,88.5,421.2,1,,,,0,37.57,0.07,0.042,12,ready,9
2026-10-08 22:49:48.382,864.47,20261008_223523,prim,rest,,,,,88.5,421.2,1,,,,0,37.58,0.064,0.037,12,ready,9
2026-10-08 22:49:48.589,864.68,20261008_223523,prim,rest,,,,,88.5,421.2,1,,,,0,37.58,0.059,0.035,12,ready,9
2026-10-08 22:49:48.793,864.89,20261008_223523,prim,rest,,,,,,,1,,,,0,37.58,0.056,0.033,13,ready,9
2026-10-08 22:49:48.997,865.09,20261008_223523,prim,rest,,,,,,,1,,,,0,37.58,0.051,0.03,14,ready,9
2026-10-08 22:49:49.208,865.3,20261008_223523,prim,rest,,,,,73.4,,1,,,,0,37.58,0.05,0.028,13,ready,9
2026-10-08 22:49:49.433,865.53,20261008_223523,prim,rest,,,,,73.4,,1,,,,0,37.58,0.05,0.027,12,ready,9
2026-10-08 22:49:49.618,865.71,20261008_223523,prim,rest,,,,,152.7,,1,,,,0,37.54,0.048,0.026,19,ready,8
2026-10-08 22:49:49.826,865.92,20261008_223523,prim,rest,,,,,152.7,,1,,,,0,37.55,0.054,0.027,24,ready,8
2026-10-08 22:49:50.040,866.13,20261008_223523,prim,rest,,,,,152.7,,1,,,,0,37.55,0.053,0.026,28,ready,8
2026-10-08 22:49:50.238,866.33,20261008_223523,prim,rest,,,,,152.7,,1,,,,0,37.55,0.049,0.024,32,ready,8
2026-10-08 22:49:50.453,866.55,20261008_223523,prim,rest,,,,,152.7,,1,,,,0,37.56,0.048,0.022,34,ready,8
2026-10-08 22:49:50.647,866.74,20261008_223523,prim,rest,,,,,152.7,,1,,,,0,37.56,0.047,0.022,37,ready,8
2026-10-08 22:49:50.853,866.95,20261008_223523,prim,rest,,,,,156.0,,1,,,,0,37.56,0.046,0.023,39,ready,9
2026-10-08 22:49:51.069,867.16,20261008_223523,prim,rest,,,,,159.6,,1,,,,0,37.56,0.047,0.021,41,ready,9
2026-10-08 22:49:51.267,867.36,20261008_223523,prim,rest,,,,,159.6,,1,,,,0,37.56,0.051,0.024,43,ready,9
2026-10-08 22:49:51.529,867.62,20261008_223523,prim,rest,,,,,159.6,,1,,,,0,37.56,0.06,0.025,45,ready,9
2026-10-08 22:49:51.674,867.77,20261008_223523,prim,rest,,,,,159.6,428.6,1,,,,0,37.57,0.075,0.038,46,ready,9
2026-10-08 22:49:51.882,867.98,20261008_223523,prim,rest,,,,,159.6,428.6,1,,,,0,37.56,0.083,0.042,48,ready,8
2026-10-08 22:49:52.090,868.18,20261008_223523,prim,rest,,,,,159.6,384.2,1,,,,0,37.57,0.087,0.041,49,ready,9
2026-10-08 22:49:52.299,868.39,20261008_223523,prim,rest,,,,,159.6,384.2,1,,,,0,37.57,0.087,0.042,49,ready,8
2026-10-08 22:49:52.503,868.6,20261008_223523,prim,rest,,,,,159.6,384.2,1,,,,0,37.57,0.095,0.044,50,ready,9
2026-10-08 22:49:52.707,868.8,20261008_223523,prim,rest,,,,,159.6,384.2,1,,,,0,37.57,0.094,0.044,51,ready,9
2026-10-08 22:49:52.923,869.02,20261008_223523,prim,rest,,,,,159.6,384.2,1,,,,0,37.57,0.09,0.041,51,ready,9
2026-10-08 22:49:53.117,869.21,20261008_223523,prim,rest,,,,,140.3,384.2,1,,,,0,37.57,0.084,0.04,49,ready,8
2026-10-08 22:49:53.340,869.43,20261008_223523,prim,rest,,,,,140.3,384.2,1,,,,0,37.57,0.193,0.105,47,ready,8
2026-10-08 22:49:53.547,869.64,20261008_223523,prim,rest,,,,,140.3,384.2,1,,,,0,37.57,0.232,0.156,46,ready,8
2026-10-08 22:49:53.747,869.84,20261008_223523,prim,rest,,,,,140.3,384.2,1,,,,0,37.56,0.224,0.153,46,ready,8
2026-10-08 22:49:53.947,870.04,20261008_223523,prim,rest,,,,,140.3,384.2,1,,,,0,37.56,0.213,0.145,45,ready,9
2026-10-08 22:49:54.154,870.25,20261008_223523,prim,rest,,,,,140.3,384.2,1,,,,0,37.56,0.204,0.132,44,ready,8
2026-10-08 22:49:54.375,870.47,20261008_223523,prim,rest,,,,,140.3,384.2,1,,,,0,37.56,0.234,0.133,44,ready,8
2026-10-08 22:49:54.568,870.66,20261008_223523,prim,rest,,,,,140.3,384.2,1,,,,0,37.57,0.253,0.131,44,ready,8
2026-10-08 22:49:54.771,870.86,20261008_223523,prim,rest,,,,,140.3,384.2,1,,,,0,37.57,0.239,0.127,43,ready,8
2026-10-08 22:49:54.982,871.07,20261008_223523,prim,rest,,,,,140.3,384.2,1,,,,0,37.57,0.231,0.118,43,ready,8
2026-10-08 22:49:55.183,871.28,20261008_223523,prim,rest,,,,,125.0,384.2,1,,,,0,37.57,0.226,0.11,41,ready,8
2026-10-08 22:49:55.412,871.5,20261008_223523,prim,rest,,,,,125.0,384.2,1,,,,0,37.57,0.193,0.102,38,ready,8
2026-10-08 22:49:55.588,871.68,20261008_223523,prim,rest,,,,,125.0,384.2,1,,,,0,37.57,0.175,0.093,36,ready,8
2026-10-08 22:49:55.795,871.89,20261008_223523,prim,rest,,,,,125.0,384.2,1,,,,0,37.57,0.159,0.085,35,ready,8
2026-10-08 22:49:55.997,872.09,20261008_223523,prim,rest,,,,,125.0,384.2,1,,,,0,37.57,0.144,0.077,34,ready,8
2026-10-08 22:49:56.205,872.3,20261008_223523,prim,rest,,,,,125.0,384.2,1,,,,0,37.57,0.131,0.07,34,ready,8
2026-10-08 22:49:56.408,872.5,20261008_223523,prim,rest,,,,,125.0,384.2,1,,,,0,37.57,0.119,0.063,33,ready,8
2026-10-08 22:49:56.611,872.7,20261008_223523,prim,rest,,,,,125.0,384.2,1,,,,0,37.57,0.108,0.057,32,ready,8
2026-10-08 22:49:56.818,872.91,20261008_223523,prim,rest,,,,,125.0,384.2,1,,,,0,37.57,0.099,0.052,32,ready,8
2026-10-08 22:49:57.024,873.12,20261008_223523,prim,rest,,,,,125.0,384.2,1,,,,0,37.57,0.091,0.048,31,ready,9
2026-10-08 22:49:57.241,873.33,20261008_223523,prim,rest,,,,,125.0,384.2,1,,,,0,37.57,0.084,0.045,31,ready,9
2026-10-08 22:49:57.439,873.53,20261008_223523,prim,rest,,,,,125.0,384.2,1,,,,0,37.57,0.077,0.041,31,ready,9
2026-10-08 22:49:57.638,873.73,20261008_223523,prim,rest,,,,,125.0,384.2,1,,,,0,37.57,0.071,0.037,30,ready,9
2026-10-08 22:49:57.843,873.94,20261008_223523,prim,rest,,,,,125.0,384.2,1,,,,0,37.57,0.066,0.035,30,ready,9
2026-10-08 22:49:58.056,874.15,20261008_223523,prim,rest,,,,,,,1,,,,0,37.54,0.062,0.032,28,ready,8
2026-10-08 22:49:58.258,874.35,20261008_223523,prim,rest,,,,,,,1,,,,0,37.55,0.057,0.03,26,ready,8
2026-10-08 22:49:58.469,874.56,20261008_223523,prim,rest,,,,,,,1,,,,0,37.55,0.054,0.029,24,ready,8
2026-10-08 22:49:58.676,874.77,20261008_223523,prim,rest,,,,,,,1,,,,0,37.55,0.087,0.044,23,ready,8
2026-10-08 22:49:58.874,874.97,20261008_223523,prim,rest,,,,,54.2,,1,,,,0,37.56,0.099,0.068,20,ready,8
2026-10-08 22:49:59.082,875.17,20261008_223523,prim,rest,,,,,54.2,,1,,,,0,37.56,0.111,0.075,17,ready,8
2026-10-08 22:49:59.305,875.4,20261008_223523,prim,rest,,,,,75.1,,1,,,,0,37.56,0.102,0.069,16,ready,8
2026-10-08 22:49:59.495,875.59,20261008_223523,prim,rest,,,,,75.1,,1,,,,0,37.56,0.094,0.063,15,ready,8
2026-10-08 22:49:59.704,875.8,20261008_223523,prim,rest,,,,,75.1,,1,,,,0,37.56,0.086,0.058,14,ready,8
2026-10-08 22:49:59.913,876.01,20261008_223523,prim,rest,,,,,75.1,,1,,,,0,37.56,0.082,0.054,13,ready,8
2026-10-08 22:50:00.120,876.21,20261008_223523,prim,rest,,,,,80.2,,1,,,,0,37.56,0.076,0.05,12,ready,8
2026-10-08 22:50:00.332,876.43,20261008_223523,prim,rest,,,,,80.2,,1,,,,0,37.56,0.069,0.045,12,ready,9
2026-10-08 22:50:00.532,876.62,20261008_223523,prim,rest,,,,,80.2,,1,,,,0,37.57,0.063,0.041,12,ready,8
2026-10-08 22:50:00.736,876.83,20261008_223523,prim,rest,,,,,80.2,,1,,,,0,37.57,0.06,0.038,11,ready,8
2026-10-08 22:50:00.948,877.04,20261008_223523,prim,rest,,,,,75.1,396.4,1,,,,0,37.57,0.057,0.035,11,ready,8
2026-10-08 22:50:01.159,877.25,20261008_223523,prim,rest,,,,,75.1,396.4,1,,,,0,37.57,0.06,0.034,11,ready,8
2026-10-08 22:50:01.366,877.46,20261008_223523,prim,rest,,,,,75.1,396.4,1,,,,0,37.57,0.063,0.035,10,ready,8
2026-10-08 22:50:01.570,877.66,20261008_223523,prim,rest,,,,,85.9,376.5,1,,,,0,37.57,0.058,0.034,11,ready,8
2026-10-08 22:50:01.777,877.87,20261008_223523,prim,rest,,,,,85.9,376.5,1,,,,0,37.57,0.053,0.031,11,ready,8
2026-10-08 22:50:01.983,878.08,20261008_223523,prim,rest,,,,,85.9,376.5,1,,,,0,37.57,0.048,0.029,11,ready,8
2026-10-08 22:50:02.187,878.28,20261008_223523,prim,rest,,,,,85.9,357.0,1,,,,0,37.58,0.049,0.036,11,ready,8
2026-10-08 22:50:02.392,878.48,20261008_223523,prim,rest,,,,,85.9,357.0,1,,,,0,37.57,0.051,0.037,11,ready,8
2026-10-08 22:50:02.611,878.7,20261008_223523,prim,rest,,,,,85.9,357.0,1,,,,0,37.57,0.055,0.039,11,ready,8
2026-10-08 22:50:02.804,878.9,20261008_223523,prim,rest,,,,,85.9,357.0,1,,,,0,37.57,0.067,0.059,11,ready,8
2026-10-08 22:50:03.021,879.11,20261008_223523,prim,rest,,,,,85.9,357.0,1,,,,0,37.57,0.067,0.067,12,ready,8
2026-10-08 22:50:03.215,879.31,20261008_223523,prim,rest,,,,,85.9,357.0,1,,,,0,37.57,0.063,0.066,12,ready,9
2026-10-08 22:50:03.418,879.51,20261008_223523,prim,rest,,,,,85.9,357.0,1,,,,0,37.56,0.078,0.066,12,ready,8
2026-10-08 22:50:03.626,879.72,20261008_223523,prim,rest,,,,,85.9,357.0,1,,,,0,37.56,0.092,0.072,12,ready,8
2026-10-08 22:50:03.830,879.92,20261008_223523,prim,rest,,,,,85.9,357.0,1,,,,0,37.57,0.086,0.071,12,ready,9
2026-10-08 22:50:04.033,880.13,20261008_223523,prim,rest,,,,,92.7,331.1,1,,,,0,37.57,0.08,0.065,12,ready,9
2026-10-08 22:50:04.247,880.34,20261008_223523,prim,rest,,,,,92.7,331.1,1,,,,0,37.57,0.078,0.061,13,ready,8
2026-10-08 22:50:04.444,880.54,20261008_223523,prim,rest,,,,,92.7,331.1,1,,,,0,37.57,0.073,0.056,13,ready,8
2026-10-08 22:50:04.648,880.74,20261008_223523,prim,rest,,,,,92.7,311.1,1,,,,0,37.57,0.07,0.052,13,ready,9
2026-10-08 22:50:04.852,880.94,20261008_223523,prim,rest,,,,,92.7,311.1,1,,,,0,37.56,0.068,0.054,13,ready,9
2026-10-08 22:50:05.058,881.15,20261008_223523,prim,rest,,,,,92.7,311.1,1,,,,0,37.56,0.082,0.056,13,ready,9
2026-10-08 22:50:05.264,881.36,20261008_223523,prim,rest,,,,,92.7,311.1,1,,,,0,37.56,0.133,0.074,14,ready,9
2026-10-08 22:50:05.473,881.57,20261008_223523,prim,rest,,,,,92.7,293.6,1,,,,0,37.56,0.17,0.087,14,ready,9
2026-10-08 22:50:05.683,881.78,20261008_223523,prim,rest,,,,,92.7,293.6,1,,,,0,37.56,0.224,0.12,14,ready,9
2026-10-08 22:50:05.889,881.98,20261008_223523,prim,rest,,,,,93.9,283.0,1,,,,0,37.56,0.238,0.121,14,ready,9
2026-10-08 22:50:06.093,882.19,20261008_223523,prim,rest,,,,,93.9,283.0,1,,,,0,37.57,0.226,0.112,15,ready,9
2026-10-08 22:50:06.304,882.4,20261008_223523,prim,rest,,,,,93.9,283.0,1,,,,0,37.56,0.214,0.104,15,ready,9
2026-10-08 22:50:06.509,882.6,20261008_223523,prim,rest,,,,,93.9,283.0,1,,,,0,37.56,0.207,0.103,15,ready,9
2026-10-08 22:50:06.715,882.81,20261008_223523,prim,rest,,,,,93.9,283.0,1,,,,0,37.56,0.214,0.101,15,ready,9
2026-10-08 22:50:06.937,883.03,20261008_223523,prim,rest,,,,,96.0,216.4,1,,,,0,37.56,0.223,0.102,16,ready,9
2026-10-08 22:50:07.133,883.23,20261008_223523,prim,rest,,,,,96.0,216.4,1,,,,0,37.56,0.237,0.104,16,ready,9
2026-10-08 22:50:07.338,883.43,20261008_223523,prim,rest,,,,,96.0,216.4,1,0.063,0.063,-0.0,1,37.56,0.273,0.115,16,ready,9
2026-10-08 22:50:07.550,883.64,20261008_223523,prim,rest,,,,,96.0,216.4,1,0.063,0.063,0.0,1,37.56,0.293,0.139,16,ready,9
2026-10-08 22:50:07.744,883.84,20261008_223523,prim,rest,,,,,96.0,216.4,1,0.063,0.063,-0.0,1,37.56,0.291,0.134,17,ready,9
2026-10-08 22:50:07.956,884.05,20261008_223523,prim,rest,,,,,96.0,216.4,1,0.063,0.063,-0.0,1,37.56,0.315,0.144,17,ready,9
2026-10-08 22:50:08.157,884.25,20261008_223523,prim,rest,,,,,,,1,0.063,0.063,0.0,1,37.56,0.328,0.146,20,ready,9
2026-10-08 22:50:08.367,884.46,20261008_223523,prim,rest,,,,,,,1,0.064,0.063,0.001,1,37.56,0.318,0.14,22,ready,9
2026-10-08 22:50:08.575,884.67,20261008_223523,prim,rest,,,,,,,1,0.064,0.063,0.001,1,37.56,0.318,0.14,24,ready,9
2026-10-08 22:50:08.774,884.87,20261008_223523,prim,rest,,,,,135.8,,1,0.064,0.063,0.001,1,37.57,0.305,0.139,27,ready,9
2026-10-08 22:50:08.991,885.08,20261008_223523,prim,rest,,,,,135.8,,1,0.064,0.063,0.001,1,37.57,0.262,0.12,31,ready,9
2026-10-08 22:50:09.194,885.29,20261008_223523,prim,rest,,,,,121.2,,1,0.064,0.063,0.001,1,37.56,0.285,0.131,31,ready,9
2026-10-08 22:50:09.397,885.49,20261008_223523,prim,rest,,,,,121.2,,1,0.064,0.063,0.001,1,37.57,0.338,0.145,31,ready,9
2026-10-08 22:50:09.612,885.7,20261008_223523,prim,rest,,,,,121.2,,1,0.064,0.063,0.001,1,37.57,0.314,0.138,31,ready,9
2026-10-08 22:50:09.822,885.91,20261008_223523,prim,rest,,,,,107.6,,1,0.065,0.063,0.002,1,37.57,0.288,0.15,29,ready,9
2026-10-08 22:50:10.014,886.11,20261008_223523,prim,rest,,,,,107.6,,1,0.065,0.063,0.002,1,37.57,0.3,0.191,28,ready,9
2026-10-08 22:50:10.228,886.32,20261008_223523,prim,rest,,,,,107.6,,1,0.065,0.063,0.002,1,37.57,0.285,0.203,27,ready,9
2026-10-08 22:50:10.429,886.52,20261008_223523,prim,rest,,,,,107.6,,1,0.065,0.063,0.002,1,37.57,0.274,0.187,26,ready,8
2026-10-08 22:50:10.663,886.76,20261008_223523,prim,rest,,,,,107.6,,1,0.065,0.063,0.002,1,37.57,0.262,0.175,26,ready,8
2026-10-08 22:50:10.833,886.93,20261008_223523,prim,rest,,,,,107.6,,1,0.066,0.063,0.003,1,37.54,0.246,0.167,25,ready,9
2026-10-08 22:50:11.044,887.14,20261008_223523,prim,rest,,,,,107.6,,1,0.066,0.066,0.0,1,37.54,0.247,0.17,24,ready,9
2026-10-08 22:50:11.254,887.35,20261008_223523,prim,rest,,,,,107.6,,1,0.066,0.066,-0.0,1,37.54,0.235,0.16,24,ready,9
2026-10-08 22:50:11.454,887.55,20261008_223523,prim,rest,,,,,107.6,,1,0.066,0.066,-0.0,1,37.54,0.261,0.221,24,ready,9
2026-10-08 22:50:11.658,887.75,20261008_223523,prim,rest,,,,,107.9,,1,0.066,0.066,-0.0,1,37.54,0.247,0.221,23,ready,9
2026-10-08 22:50:11.869,887.96,20261008_223523,prim,rest,,,,,107.9,,1,0.066,0.066,-0.0,1,37.54,0.236,0.208,23,ready,9
2026-10-08 22:50:12.069,888.16,20261008_223523,prim,rest,,,,,107.9,,1,0.066,0.066,-0.0,1,37.54,0.233,0.191,23,ready,9
2026-10-08 22:50:12.313,888.41,20261008_223523,prim,rest,,,,,107.9,,1,0.066,0.066,0.0,1,37.54,0.228,0.182,23,ready,9
2026-10-08 22:50:12.498,888.59,20261008_223523,prim,rest,,,,,107.9,,1,0.066,0.066,0.0,1,37.55,0.218,0.198,23,ready,9
2026-10-08 22:50:12.694,888.79,20261008_223523,prim,rest,,,,,107.9,,1,0.066,0.066,0.0,1,37.56,0.201,0.179,23,ready,8
2026-10-08 22:50:12.905,889.0,20261008_223523,prim,rest,,,,,107.9,,1,0.066,0.066,0.0,1,37.56,0.207,0.168,22,ready,8
2026-10-08 22:50:13.120,889.21,20261008_223523,prim,rest,,,,,107.9,,1,0.066,0.066,0.0,1,37.56,0.193,0.155,22,ready,8
2026-10-08 22:50:13.326,889.42,20261008_223523,prim,rest,,,,,107.9,,1,0.067,0.066,0.0,1,37.56,0.179,0.144,22,ready,8
2026-10-08 22:50:13.526,889.62,20261008_223523,prim,rest,,,,,107.9,,1,0.067,0.066,0.001,1,37.56,0.186,0.146,22,ready,8
2026-10-08 22:50:13.729,889.82,20261008_223523,prim,rest,,,,,,,1,,,,0,37.55,0.184,0.138,22,ready,8
2026-10-08 22:50:13.935,890.03,20261008_223523,prim,rest,,,,,,,1,0.066,0.066,0.0,1,37.55,0.17,0.126,22,ready,8
2026-10-08 22:50:14.145,890.24,20261008_223523,prim,rest,,,,,,,1,0.066,0.066,0.0,1,37.55,0.157,0.115,22,ready,8
2026-10-08 22:50:14.348,890.44,20261008_223523,prim,rest,,,,,126.2,,1,0.067,0.066,0.001,1,37.55,0.143,0.104,24,ready,8
2026-10-08 22:50:14.571,890.66,20261008_223523,prim,rest,,,,,126.2,,1,0.067,0.066,0.001,1,37.55,0.131,0.104,25,ready,8
2026-10-08 22:50:14.759,890.85,20261008_223523,prim,rest,,,,,106.6,,1,0.067,0.066,0.001,1,37.55,0.119,0.097,24,ready,8
2026-10-08 22:50:14.971,891.06,20261008_223523,prim,rest,,,,,106.6,,1,0.067,0.066,0.001,1,37.55,0.112,0.092,24,ready,8
2026-10-08 22:50:15.178,891.27,20261008_223523,prim,rest,,,,,106.6,,1,0.067,0.066,0.001,1,37.55,0.108,0.085,23,ready,8
2026-10-08 22:50:15.385,891.48,20261008_223523,prim,rest,,,,,105.4,,1,0.068,0.068,0.0,1,37.48,0.102,0.088,22,ready,8
2026-10-08 22:50:15.600,891.69,20261008_223523,prim,rest,,,,,105.4,,1,0.068,0.068,0.0,1,37.49,0.103,0.086,21,ready,8
2026-10-08 22:50:15.799,891.89,20261008_223523,prim,rest,,,,,105.4,,1,0.068,0.068,0.0,1,37.5,0.099,0.078,21,ready,8
2026-10-08 22:50:15.998,892.09,20261008_223523,prim,rest,,,,,104.2,121.4,1,0.068,0.068,-0.0,1,37.5,0.098,0.072,21,ready,8
2026-10-08 22:50:16.221,892.31,20261008_223523,prim,rest,,,,,104.2,121.4,1,0.068,0.068,-0.0,1,37.5,0.095,0.068,20,ready,8
2026-10-08 22:50:16.403,892.5,20261008_223523,prim,rest,,,,,104.2,121.4,1,0.068,0.068,0.0,1,37.5,0.095,0.064,20,ready,8
2026-10-08 22:50:16.607,892.7,20261008_223523,prim,rest,,,,,98.1,110.6,1,0.068,0.068,-0.0,1,37.51,0.088,0.06,19,ready,8
2026-10-08 22:50:16.815,892.91,20261008_223523,prim,rest,,,,,98.1,110.6,1,0.068,0.068,-0.0,1,37.51,0.085,0.057,19,ready,8
2026-10-08 22:50:17.018,893.11,20261008_223523,prim,rest,,,,,98.1,110.6,1,0.068,0.068,0.0,1,37.51,0.084,0.053,18,ready,8
2026-10-08 22:50:17.224,893.32,20261008_223523,prim,rest,,,,,98.1,110.6,1,0.068,0.068,0.0,1,37.51,0.086,0.058,18,ready,8
2026-10-08 22:50:17.428,893.52,20261008_223523,prim,rest,,,,,98.1,110.6,1,0.068,0.068,-0.0,1,37.52,0.083,0.056,18,ready,8
2026-10-08 22:50:17.647,893.74,20261008_223523,prim,rest,,,,,98.1,110.6,1,0.068,0.068,-0.0,1,37.52,0.078,0.051,17,ready,8
2026-10-08 22:50:17.838,893.93,20261008_223523,prim,rest,,,,,98.1,110.6,1,0.068,0.068,-0.0,1,37.52,0.072,0.046,17,ready,8
2026-10-08 22:50:18.037,894.13,20261008_223523,prim,rest,,,,,98.1,110.6,1,0.067,0.068,-0.001,1,37.52,0.068,0.043,17,ready,8
2026-10-08 22:50:18.259,894.35,20261008_223523,prim,rest,,,,,98.1,110.6,1,0.067,0.068,-0.001,1,37.52,0.062,0.039,17,ready,8
2026-10-08 22:50:18.462,894.55,20261008_223523,prim,rest,,,,,98.1,110.6,1,0.067,0.068,-0.001,1,37.52,0.057,0.035,17,ready,8
2026-10-08 22:50:18.644,894.74,20261008_223523,prim,rest,,,,,98.1,110.6,1,0.067,0.068,-0.001,1,37.5,0.057,0.034,16,ready,8
2026-10-08 22:50:18.858,894.95,20261008_223523,prim,rest,,,,,98.1,110.6,1,0.067,0.068,-0.001,1,37.5,0.052,0.031,16,ready,8
2026-10-08 22:50:19.053,895.15,20261008_223523,prim,rest,,,,,98.1,110.6,1,0.067,0.068,-0.001,1,37.5,0.049,0.029,16,ready,8
2026-10-08 22:50:19.260,895.35,20261008_223523,prim,rest,,,,,98.1,110.6,1,0.066,0.068,-0.002,1,37.51,0.051,0.031,16,ready,8
2026-10-08 22:50:19.484,895.58,20261008_223523,prim,rest,,,,,98.1,110.6,1,,,,0,37.5,0.061,0.031,16,ready,8
2026-10-08 22:50:19.674,895.77,20261008_223523,prim,rest,,,,,98.1,110.6,1,0.064,0.064,-0.0,1,37.5,0.061,0.04,16,ready,8
2026-10-08 22:50:19.882,895.97,20261008_223523,prim,rest,,,,,98.1,110.6,1,0.064,0.064,-0.0,1,37.51,0.057,0.038,16,ready,8
2026-10-08 22:50:20.081,896.17,20261008_223523,prim,rest,,,,,98.1,110.6,1,0.064,0.064,-0.0,1,37.51,0.071,0.037,16,ready,8
2026-10-08 22:50:20.286,896.38,20261008_223523,prim,rest,,,,,98.1,110.6,1,0.064,0.064,-0.001,1,37.52,0.07,0.038,16,ready,8
2026-10-08 22:50:20.507,896.6,20261008_223523,prim,rest,,,,,98.1,110.6,1,0.064,0.064,-0.001,1,37.52,0.071,0.038,16,ready,8
2026-10-08 22:50:20.701,896.79,20261008_223523,prim,rest,,,,,91.1,110.6,1,0.063,0.064,-0.001,1,37.52,0.068,0.036,16,ready,8
2026-10-08 22:50:20.922,897.01,20261008_223523,prim,rest,,,,,91.1,110.6,1,0.063,0.064,-0.001,1,37.52,0.063,0.034,15,ready,8
2026-10-08 22:50:21.119,897.21,20261008_223523,prim,rest,,,,,91.1,110.6,1,0.063,0.064,-0.001,1,37.53,0.062,0.036,15,ready,8
2026-10-08 22:50:21.320,897.41,20261008_223523,prim,rest,,,,,91.1,110.6,1,0.063,0.064,-0.001,1,37.53,0.065,0.033,15,ready,8
2026-10-08 22:50:21.524,897.62,20261008_223523,prim,rest,,,,,91.1,110.6,1,0.063,0.064,-0.001,1,37.53,0.072,0.039,14,ready,8
2026-10-08 22:50:21.736,897.83,20261008_223523,prim,rest,,,,,91.1,110.6,1,0.063,0.064,-0.001,1,37.53,0.068,0.042,14,ready,9
2026-10-08 22:50:21.940,898.03,20261008_223523,prim,rest,,,,,91.1,110.6,1,0.063,0.064,-0.001,1,37.53,0.067,0.044,14,ready,9
2026-10-08 22:50:22.152,898.24,20261008_223523,prim,recovery,26,625,manual,truth,91.1,110.6,1,0.063,0.064,-0.002,1,37.53,0.076,0.045,14,ready,9
2026-10-08 22:50:22.363,898.46,20261008_223523,prim,question,26,625,manual,truth,91.1,110.6,1,0.062,0.064,-0.002,1,37.53,0.088,0.051,14,question,9
2026-10-08 22:50:22.568,898.66,20261008_223523,prim,question,26,625,manual,truth,91.1,110.6,1,,,,0,37.53,0.098,0.052,14,question,9
2026-10-08 22:50:22.766,898.86,20261008_223523,prim,question,26,625,manual,truth,91.1,110.6,1,0.062,0.062,0.0,1,37.53,0.103,0.051,14,question,9
2026-10-08 22:50:22.976,899.07,20261008_223523,prim,question,26,625,manual,truth,91.1,110.6,1,0.062,0.062,0.0,1,37.53,0.108,0.057,14,question,9
2026-10-08 22:50:23.181,899.27,20261008_223523,prim,question,26,625,manual,truth,91.1,110.6,1,,,,0,37.53,0.099,0.054,14,question,9
2026-10-08 22:50:23.386,899.48,20261008_223523,prim,question,26,625,manual,truth,91.1,110.6,1,,,,0,37.53,0.111,0.063,14,question,9
2026-10-08 22:50:23.600,899.69,20261008_223523,prim,question,26,625,manual,truth,91.1,110.6,1,0.062,0.062,0.0,1,37.48,0.124,0.1,14,question,9
2026-10-08 22:50:23.804,899.9,20261008_223523,prim,question,26,625,manual,truth,91.1,110.6,1,,,,0,37.49,0.147,0.111,14,question,8
2026-10-08 22:50:24.012,900.1,20261008_223523,prim,question,26,625,manual,truth,91.1,110.6,1,0.062,0.061,0.0,1,37.49,0.146,0.105,14,question,8
2026-10-08 22:50:24.216,900.31,20261008_223523,prim,question,26,625,manual,truth,91.1,110.6,1,,,,0,37.5,0.134,0.095,14,question,8
2026-10-08 22:50:24.436,900.53,20261008_223523,prim,question,26,625,manual,truth,91.1,110.6,1,0.062,0.062,0.001,1,37.5,0.122,0.086,14,question,8
2026-10-08 22:50:24.635,900.73,20261008_223523,prim,question,26,625,manual,truth,91.1,110.6,1,0.062,0.062,0.001,1,37.5,0.111,0.079,14,question,8
2026-10-08 22:50:24.842,900.93,20261008_223523,prim,question,26,625,manual,truth,91.1,110.6,1,0.061,0.061,0.0,1,37.51,0.101,0.072,14,question,8
2026-10-08 22:50:25.045,901.14,20261008_223523,prim,question,26,625,manual,truth,91.1,110.6,1,0.062,0.061,0.0,1,37.51,0.092,0.066,14,question,8
2026-10-08 22:50:25.237,901.33,20261008_223523,prim,question,26,625,manual,truth,91.1,110.6,1,0.062,0.061,0.0,1,37.51,0.086,0.06,14,question,8
2026-10-08 22:50:25.442,901.53,20261008_223523,prim,question,26,625,manual,truth,91.1,110.6,1,,,,0,37.51,0.083,0.056,14,question,8
2026-10-08 22:50:25.648,901.74,20261008_223523,prim,question,26,625,manual,truth,91.1,110.6,1,0.061,0.061,0.0,1,37.51,0.097,0.052,14,question,8
2026-10-08 22:50:25.852,901.95,20261008_223523,prim,question,26,625,manual,truth,91.1,110.6,1,0.062,0.062,0.0,1,37.52,0.091,0.049,14,question,8
2026-10-08 22:50:26.062,902.15,20261008_223523,prim,question,26,625,manual,truth,91.1,110.6,1,,,,0,37.52,0.134,0.075,14,question,8
2026-10-08 22:50:26.259,902.35,20261008_223523,prim,question,26,625,manual,truth,91.1,110.6,1,,,,0,37.52,0.202,0.179,14,question,8
2026-10-08 22:50:26.478,902.57,20261008_223523,prim,question,26,625,manual,truth,91.1,110.6,1,,,,0,37.52,0.222,0.244,14,question,8
2026-10-08 22:50:26.661,902.75,20261008_223523,prim,question,26,625,manual,truth,91.1,110.6,1,,,,0,37.52,0.243,0.257,14,question,8
2026-10-08 22:50:26.862,902.96,20261008_223523,prim,question,26,625,manual,truth,91.1,110.6,1,,,,0,37.52,0.235,0.239,14,question,8
2026-10-08 22:50:27.067,903.16,20261008_223523,prim,question,26,625,manual,truth,90.8,101.0,1,,,,0,37.53,0.213,0.217,14,question,8
2026-10-08 22:50:27.275,903.37,20261008_223523,prim,question,26,625,manual,truth,90.8,101.0,1,,,,0,37.53,0.193,0.197,14,question,8
2026-10-08 22:50:27.482,903.57,20261008_223523,prim,question,26,625,manual,truth,90.8,101.0,1,,,,0,37.53,0.177,0.178,14,question,8
2026-10-08 22:50:27.700,903.79,20261008_223523,prim,question,26,625,manual,truth,90.8,101.0,1,,,,0,37.53,0.161,0.162,14,question,8
2026-10-08 22:50:27.892,903.99,20261008_223523,prim,question,26,625,manual,truth,90.8,101.0,1,0.063,0.063,0.0,1,37.5,0.146,0.147,14,question,8
2026-10-08 22:50:28.093,904.19,20261008_223523,prim,question,26,625,manual,truth,90.8,101.0,1,0.061,0.061,0.0,1,37.47,0.134,0.133,14,question,8
2026-10-08 22:50:28.296,904.39,20261008_223523,prim,question,26,625,manual,truth,90.8,101.0,1,0.062,0.061,0.0,1,37.48,0.122,0.122,14,question,8
2026-10-08 22:50:28.503,904.6,20261008_223523,prim,question,26,625,manual,truth,90.8,101.0,1,0.062,0.061,0.0,1,37.48,0.112,0.112,14,question,8
2026-10-08 22:50:28.716,904.81,20261008_223523,prim,question,26,625,manual,truth,90.8,101.0,1,0.062,0.062,0.0,1,37.49,0.108,0.103,14,question,8
2026-10-08 22:50:28.934,905.03,20261008_223523,prim,question,26,625,manual,truth,90.8,101.0,1,0.062,0.062,-0.0,1,37.49,0.105,0.098,14,question,8
2026-10-08 22:50:29.122,905.21,20261008_223523,prim,question,26,625,manual,truth,90.8,101.0,1,,,,0,37.5,0.11,0.092,14,question,8
2026-10-08 22:50:29.328,905.42,20261008_223523,prim,question,26,625,manual,truth,90.8,101.0,1,0.062,0.062,0.0,1,37.5,0.103,0.085,14,question,8
2026-10-08 22:50:29.542,905.63,20261008_223523,prim,question,26,625,manual,truth,90.8,101.0,1,0.062,0.062,0.0,1,37.51,0.097,0.078,14,question,8
2026-10-08 22:50:29.737,905.83,20261008_223523,prim,question,26,625,manual,truth,89.1,101.0,1,,,,0,37.47,0.089,0.071,14,question,8
2026-10-08 22:50:29.942,906.03,20261008_223523,prim,question,26,625,manual,truth,89.1,101.0,1,,,,0,37.48,0.083,0.065,14,question,8
2026-10-08 22:50:30.154,906.25,20261008_223523,prim,question,26,625,manual,truth,89.1,101.0,1,,,,0,37.48,0.082,0.063,13,question,8
2026-10-08 22:50:30.354,906.45,20261008_223523,prim,question,26,625,manual,truth,89.1,104.2,1,0.061,0.061,0.0,1,37.48,0.085,0.064,13,question,8
2026-10-08 22:50:30.566,906.66,20261008_223523,prim,question,26,625,manual,truth,89.1,104.2,1,,,,0,37.49,0.084,0.061,13,question,8
2026-10-08 22:50:30.768,906.86,20261008_223523,prim,question,26,625,manual,truth,89.1,104.2,1,,,,0,37.49,0.078,0.059,13,question,8
2026-10-08 22:50:30.971,907.06,20261008_223523,prim,question,26,625,manual,truth,89.1,104.2,1,,,,0,37.5,0.075,0.055,13,question,8
2026-10-08 22:50:31.187,907.28,20261008_223523,prim,question,26,625,manual,truth,89.1,104.2,1,,,,0,37.5,0.075,0.053,13,question,8
2026-10-08 22:50:31.385,907.48,20261008_223523,prim,question,26,625,manual,truth,89.1,104.2,1,,,,0,37.5,0.076,0.049,13,question,8
2026-10-08 22:50:31.604,907.7,20261008_223523,prim,question,26,625,manual,truth,89.1,104.2,1,,,,0,37.5,0.08,0.05,13,question,8
2026-10-08 22:50:31.873,907.97,20261008_223523,prim,question,26,625,manual,truth,89.1,104.2,1,,,,0,37.5,0.075,0.046,13,question,8
2026-10-08 22:50:31.985,908.08,20261008_223523,prim,question,26,625,manual,truth,89.1,104.2,1,0.062,0.062,0.0,1,37.5,0.075,0.047,13,question,8
2026-10-08 22:50:32.185,908.28,20261008_223523,prim,question,26,625,manual,truth,89.1,104.2,1,,,,0,37.51,0.075,0.044,13,question,9
2026-10-08 22:50:32.382,908.48,20261008_223523,prim,question,26,625,manual,truth,89.1,104.2,1,,,,0,37.49,0.07,0.041,13,question,9
2026-10-08 22:50:32.590,908.68,20261008_223523,prim,question,26,625,manual,truth,89.1,104.2,1,0.062,0.062,0.0,1,37.49,0.079,0.04,13,question,8
2026-10-08 22:50:32.796,908.89,20261008_223523,prim,question,26,625,manual,truth,89.1,76.9,1,,,,0,37.5,0.081,0.044,13,question,8
2026-10-08 22:50:32.994,909.09,20261008_223523,prim,question,26,625,manual,truth,89.1,76.9,1,,,,0,37.5,0.078,0.043,13,question,8
2026-10-08 22:50:33.195,909.29,20261008_223523,prim,question,26,625,manual,truth,89.1,76.9,1,,,,0,37.51,0.073,0.039,13,question,8
2026-10-08 22:50:33.406,909.5,20261008_223523,prim,question,26,625,manual,truth,89.1,76.9,1,0.061,0.061,0.0,1,37.51,0.069,0.041,13,question,8
2026-10-08 22:50:33.617,909.71,20261008_223523,prim,question,26,625,manual,truth,89.1,85.8,1,,,,0,37.51,0.072,0.046,13,question,9
2026-10-08 22:50:33.819,909.91,20261008_223523,prim,question,26,625,manual,truth,89.1,85.8,1,,,,0,37.51,0.07,0.043,13,question,9
2026-10-08 22:50:34.025,910.12,20261008_223523,prim,recovery,26,625,manual,truth,89.1,85.8,1,,,,0,37.51,0.07,0.041,13,ready,9
2026-10-08 22:50:34.218,910.31,20261008_223523,prim,recovery,26,625,manual,truth,97.4,109.3,1,,,,0,37.5,0.074,0.038,13,ready,9
2026-10-08 22:50:34.429,910.52,20261008_223523,prim,recovery,26,625,manual,truth,97.4,109.3,1,,,,0,37.5,0.076,0.038,14,ready,9
2026-10-08 22:50:34.641,910.73,20261008_223523,prim,recovery,26,625,manual,truth,97.4,109.3,1,,,,0,37.51,0.075,0.037,14,ready,9
2026-10-08 22:50:34.842,910.93,20261008_223523,prim,recovery,26,625,manual,truth,99.2,112.9,1,,,,0,37.51,0.073,0.042,15,ready,9
2026-10-08 22:50:35.048,911.14,20261008_223523,prim,recovery,26,625,manual,truth,99.2,112.9,1,,,,0,37.51,0.078,0.046,15,ready,8
2026-10-08 22:50:35.302,911.39,20261008_223523,prim,recovery,26,625,manual,truth,99.2,112.9,1,,,,0,37.52,0.083,0.047,15,ready,8
2026-10-08 22:50:35.465,911.56,20261008_223523,prim,recovery,26,625,manual,truth,99.2,112.9,1,,,,0,37.51,0.081,0.045,15,ready,8
2026-10-08 22:50:35.671,911.76,20261008_223523,prim,recovery,26,625,manual,truth,99.2,112.9,1,,,,0,37.51,0.077,0.045,16,ready,8
2026-10-08 22:50:35.867,911.96,20261008_223523,prim,recovery,26,625,manual,truth,99.2,121.9,1,,,,0,37.51,0.074,0.043,16,ready,8
2026-10-08 22:50:36.076,912.17,20261008_223523,prim,recovery,26,625,manual,truth,99.2,121.9,1,,,,0,37.51,0.071,0.041,16,ready,9
2026-10-08 22:50:36.296,912.39,20261008_223523,prim,rest,,,,,102.3,118.6,1,0.061,0.061,0.0,1,37.51,0.078,0.041,16,ready,9
2026-10-08 22:50:36.495,912.59,20261008_223523,prim,rest,,,,,102.3,118.6,1,,,,0,37.51,0.077,0.038,17,ready,9
2026-10-08 22:50:36.686,912.78,20261008_223523,prim,rest,,,,,102.3,118.6,1,,,,0,37.51,0.079,0.038,17,ready,9
2026-10-08 22:50:36.892,912.98,20261008_223523,prim,rest,,,,,102.3,136.9,1,,,,0,37.51,0.098,0.063,17,ready,9
2026-10-08 22:50:37.106,913.2,20261008_223523,prim,rest,,,,,102.3,136.9,1,,,,0,37.5,0.097,0.058,17,ready,9
2026-10-08 22:50:37.309,913.4,20261008_223523,prim,rest,,,,,102.3,136.9,1,,,,0,37.5,0.09,0.055,17,ready,9
2026-10-08 22:50:37.514,913.61,20261008_223523,prim,rest,,,,,102.3,136.9,1,,,,0,37.52,0.1,0.066,17,ready,9
2026-10-08 22:50:37.709,913.8,20261008_223523,prim,rest,,,,,99.2,128.1,1,,,,0,37.47,0.121,0.074,17,ready,9
2026-10-08 22:50:37.933,914.03,20261008_223523,prim,rest,,,,,99.2,128.1,1,,,,0,37.47,0.119,0.071,17,ready,9
2026-10-08 22:50:38.123,914.22,20261008_223523,prim,rest,,,,,99.2,128.1,1,,,,0,37.48,0.115,0.069,17,ready,9
2026-10-08 22:50:38.322,914.41,20261008_223523,prim,rest,,,,,99.2,128.1,1,,,,0,37.48,0.107,0.063,17,ready,9
2026-10-08 22:50:38.533,914.63,20261008_223523,prim,rest,,,,,99.2,128.1,1,,,,0,37.48,0.097,0.057,17,ready,9
2026-10-08 22:50:38.748,914.84,20261008_223523,prim,rest,,,,,99.2,128.1,1,,,,0,37.49,0.088,0.052,17,ready,9
2026-10-08 22:50:38.943,915.04,20261008_223523,prim,rest,,,,,99.2,128.1,1,,,,0,37.49,0.08,0.047,17,ready,9
2026-10-08 22:50:39.158,915.25,20261008_223523,prim,rest,,,,,99.2,128.1,1,,,,0,37.49,0.073,0.043,17,ready,9
2026-10-08 22:50:39.357,915.45,20261008_223523,prim,rest,,,,,99.2,128.1,1,,,,0,37.5,0.067,0.04,17,ready,9
2026-10-08 22:50:39.569,915.66,20261008_223523,prim,rest,,,,,99.2,128.1,1,,,,0,37.5,0.062,0.037,17,ready,9
2026-10-08 22:50:39.772,915.87,20261008_223523,prim,rest,,,,,93.2,137.0,1,,,,0,37.5,0.065,0.034,16,ready,9
2026-10-08 22:50:39.981,916.07,20261008_223523,prim,rest,,,,,93.2,137.0,1,,,,0,37.5,0.062,0.032,16,ready,9
2026-10-08 22:50:40.193,916.29,20261008_223523,prim,rest,,,,,93.2,137.0,1,,,,0,37.51,0.062,0.03,16,ready,9
2026-10-08 22:50:40.393,916.49,20261008_223523,prim,rest,,,,,93.2,137.0,1,,,,0,37.51,0.065,0.028,15,ready,9
2026-10-08 22:50:40.596,916.69,20261008_223523,prim,rest,,,,,92.9,128.1,1,,,,0,37.51,0.062,0.026,15,ready,9
2026-10-08 22:50:40.808,916.9,20261008_223523,prim,rest,,,,,92.9,128.1,1,,,,0,37.52,0.055,0.03,15,ready,9
2026-10-08 22:50:41.011,917.1,20261008_223523,prim,rest,,,,,88.5,121.2,1,,,,0,37.52,0.051,0.027,14,ready,9
2026-10-08 22:50:41.220,917.31,20261008_223523,prim,rest,,,,,88.5,121.2,1,,,,0,37.52,0.049,0.027,14,ready,9
2026-10-08 22:50:41.417,917.51,20261008_223523,prim,rest,,,,,88.5,121.2,1,,,,0,37.52,0.045,0.026,14,ready,9
2026-10-08 22:50:41.624,917.72,20261008_223523,prim,rest,,,,,88.5,121.2,1,,,,0,37.52,0.042,0.024,13,ready,9
2026-10-08 22:50:41.829,917.92,20261008_223523,prim,rest,,,,,88.5,121.2,1,,,,0,37.48,0.048,0.024,13,ready,8
2026-10-08 22:50:42.054,918.15,20261008_223523,prim,rest,,,,,88.5,121.2,1,,,,0,37.48,0.053,0.024,13,ready,9
2026-10-08 22:50:42.557,918.65,20261008_223523,prim,rest,,,,,88.5,121.2,1,,,,0,37.48,0.052,0.022,13,ready,9
2026-10-08 22:50:42.558,918.65,20261008_223523,prim,rest,,,,,88.5,121.2,1,,,,0,37.49,0.051,0.021,13,ready,9
2026-10-08 22:50:42.653,918.75,20261008_223523,prim,rest,,,,,88.5,121.2,1,,,,0,37.5,0.051,0.021,13,ready,9
2026-10-08 22:50:42.861,918.95,20261008_223523,prim,rest,,,,,88.5,121.2,1,,,,0,37.5,0.049,0.021,13,ready,9
2026-10-08 22:50:43.067,919.16,20261008_223523,prim,rest,,,,,88.5,121.2,1,,,,0,37.5,0.047,0.02,13,ready,9
2026-10-08 22:50:43.273,919.37,20261008_223523,prim,rest,,,,,88.5,121.2,1,,,,0,37.5,0.044,0.018,13,ready,9
2026-10-08 22:50:43.478,919.57,20261008_223523,prim,rest,,,,,88.5,121.2,1,,,,0,37.5,0.044,0.018,13,ready,9
2026-10-08 22:50:43.681,919.77,20261008_223523,prim,rest,,,,,88.5,121.2,1,,,,0,37.5,0.046,0.02,13,ready,9
2026-10-08 22:50:43.886,919.98,20261008_223523,prim,rest,,,,,88.5,121.2,1,,,,0,37.51,0.047,0.023,13,ready,9
2026-10-08 22:50:44.092,920.18,20261008_223523,prim,rest,,,,,88.5,121.2,1,,,,0,37.51,0.048,0.023,13,ready,9
2026-10-08 22:50:44.297,920.39,20261008_223523,prim,rest,,,,,88.5,121.2,1,,,,0,37.52,0.048,0.023,13,ready,8
2026-10-08 22:50:44.507,920.6,20261008_223523,prim,rest,,,,,88.5,121.2,1,,,,0,37.52,0.046,0.022,13,ready,8
2026-10-08 22:50:44.724,920.82,20261008_223523,prim,rest,,,,,88.5,121.2,1,,,,0,37.52,0.045,0.021,13,ready,8
2026-10-08 22:50:44.919,921.01,20261008_223523,prim,rest,,,,,88.5,121.2,1,,,,0,37.52,0.046,0.02,12,ready,8
2026-10-08 22:50:45.138,921.23,20261008_223523,prim,rest,,,,,88.5,121.2,1,,,,0,37.53,0.045,0.019,12,ready,8
2026-10-08 22:50:45.337,921.43,20261008_223523,prim,rest,,,,,88.5,121.2,1,,,,0,37.53,0.046,0.021,12,ready,8
2026-10-08 22:50:45.560,921.65,20261008_223523,prim,rest,,,,,,,1,,,,0,37.53,0.052,0.025,13,ready,8
2026-10-08 22:50:45.759,921.85,20261008_223523,prim,rest,,,,,,,1,,,,0,37.53,0.052,0.024,14,ready,8
2026-10-08 22:50:45.957,922.05,20261008_223523,prim,rest,,,,,,,1,,,,0,37.53,0.05,0.024,15,ready,8
2026-10-08 22:50:46.170,922.26,20261008_223523,prim,rest,,,,,,,1,,,,0,37.52,0.046,0.023,15,ready,8
2026-10-08 22:50:46.367,922.46,20261008_223523,prim,rest,,,,,49.7,,1,,,,0,37.52,0.046,0.022,13,ready,8
2026-10-08 22:50:46.578,922.67,20261008_223523,prim,rest,,,,,49.7,,1,,,,0,37.52,0.045,0.021,12,ready,8
2026-10-08 22:50:46.781,922.87,20261008_223523,prim,rest,,,,,49.7,,1,,,,0,37.52,0.045,0.021,10,ready,8
2026-10-08 22:50:47.006,923.1,20261008_223523,prim,rest,,,,,72.8,,1,,,,0,37.53,0.044,0.021,10,ready,8
2026-10-08 22:50:47.203,923.3,20261008_223523,prim,rest,,,,,72.8,,1,,,,0,37.53,0.041,0.019,10,ready,8
2026-10-08 22:50:47.412,923.5,20261008_223523,prim,rest,,,,,81.3,,1,,,,0,37.51,0.035,0.016,10,ready,8
2026-10-08 22:50:47.615,923.71,20261008_223523,prim,rest,,,,,81.3,,1,,,,0,37.52,0.033,0.016,10,ready,8
2026-10-08 22:50:47.817,923.91,20261008_223523,prim,rest,,,,,81.3,,1,,,,0,37.52,0.035,0.017,10,ready,8
2026-10-08 22:50:48.030,924.12,20261008_223523,prim,rest,,,,,92.0,393.5,1,,,,0,37.52,0.037,0.016,10,ready,8
2026-10-08 22:50:48.235,924.33,20261008_223523,prim,rest,,,,,92.0,393.5,1,,,,0,37.52,0.039,0.018,11,ready,8
2026-10-08 22:50:48.442,924.53,20261008_223523,prim,rest,,,,,92.0,393.5,1,,,,0,37.52,0.043,0.019,11,ready,8
2026-10-08 22:50:48.646,924.74,20261008_223523,prim,rest,,,,,97.6,352.1,1,,,,0,37.52,0.04,0.018,12,ready,8
2026-10-08 22:50:48.850,924.94,20261008_223523,prim,rest,,,,,97.6,352.1,1,,,,0,37.53,0.044,0.018,13,ready,8
2026-10-08 22:50:49.067,925.16,20261008_223523,prim,rest,,,,,97.6,352.1,1,,,,0,37.53,0.049,0.019,13,ready,8
2026-10-08 22:50:51.293,927.39,20261008_223523,prim,rest,,,,,101.8,290.7,1,0.073,0.065,0.009,1,37.53,0.244,0.425,19,ready,9
2026-10-08 22:50:51.483,927.58,20261008_223523,prim,rest,,,,,101.8,290.7,1,0.072,0.065,0.007,1,37.46,0.226,0.385,19,ready,9
2026-10-08 22:50:51.699,927.79,20261008_223523,prim,rest,,,,,101.8,290.7,1,0.073,0.065,0.008,1,37.47,0.217,0.352,19,ready,9
2026-10-08 22:50:51.901,927.99,20261008_223523,prim,rest,,,,,101.8,290.7,1,0.072,0.065,0.007,1,37.48,0.204,0.321,19,ready,9
2026-10-08 22:50:52.099,928.19,20261008_223523,prim,rest,,,,,101.8,290.7,1,0.07,0.065,0.005,1,37.49,0.187,0.291,19,ready,9
2026-10-08 22:50:52.303,928.4,20261008_223523,prim,rest,,,,,101.8,290.7,1,0.069,0.065,0.004,1,37.5,0.17,0.263,19,ready,9
2026-10-08 22:50:52.510,928.6,20261008_223523,prim,rest,,,,,101.8,290.7,1,0.069,0.065,0.003,1,37.5,0.154,0.238,19,ready,9
2026-10-08 22:50:52.722,928.81,20261008_223523,prim,rest,,,,,101.8,290.7,1,0.068,0.065,0.003,1,37.5,0.141,0.217,19,ready,9
2026-10-08 22:50:52.925,929.02,20261008_223523,prim,rest,,,,,101.8,290.7,1,0.068,0.065,0.002,1,37.51,0.129,0.197,19,ready,9
2026-10-08 22:50:53.131,929.22,20261008_223523,prim,rest,,,,,101.8,290.7,1,0.067,0.065,0.002,1,37.51,0.119,0.179,19,ready,9
2026-10-08 22:50:53.341,929.43,20261008_223523,prim,rest,,,,,101.8,290.7,1,0.067,0.065,0.001,1,37.51,0.109,0.162,18,ready,9
2026-10-08 22:50:53.565,929.66,20261008_223523,prim,rest,,,,,100.0,290.7,1,0.066,0.065,0.0,1,37.52,0.101,0.147,18,ready,9
2026-10-08 22:50:53.773,929.87,20261008_223523,prim,rest,,,,,100.0,290.7,1,0.065,0.065,-0.0,1,37.52,0.093,0.133,18,ready,9
2026-10-08 22:50:53.963,930.06,20261008_223523,prim,rest,,,,,100.0,290.7,1,0.065,0.065,-0.001,1,37.52,0.085,0.121,18,ready,9
2026-10-08 22:50:54.160,930.25,20261008_223523,prim,rest,,,,,100.0,290.7,1,,,,0,37.47,0.078,0.11,18,ready,8
2026-10-08 22:50:54.374,930.47,20261008_223523,prim,rest,,,,,100.0,290.7,1,0.064,0.064,-0.0,1,37.48,0.071,0.1,17,ready,8
2026-10-08 22:50:54.575,930.67,20261008_223523,prim,rest,,,,,100.0,290.7,1,0.064,0.064,-0.0,1,37.49,0.066,0.091,17,ready,8
2026-10-08 22:50:54.803,930.9,20261008_223523,prim,rest,,,,,100.0,290.7,1,0.064,0.064,-0.0,1,37.49,0.061,0.083,17,ready,8
2026-10-08 22:50:54.996,931.09,20261008_223523,prim,rest,,,,,100.0,290.7,1,0.063,0.064,-0.001,1,37.5,0.055,0.075,17,ready,8
2026-10-08 22:50:55.199,931.29,20261008_223523,prim,rest,,,,,100.0,290.7,1,0.063,0.064,-0.001,1,37.5,0.051,0.068,17,ready,8
2026-10-08 22:50:55.404,931.5,20261008_223523,prim,rest,,,,,100.0,290.7,1,0.063,0.064,-0.001,1,37.51,0.047,0.061,17,ready,8
2026-10-08 22:50:55.612,931.7,20261008_223523,prim,rest,,,,,100.0,290.7,1,0.063,0.064,-0.001,1,37.52,0.044,0.056,17,ready,8
2026-10-08 22:50:55.825,931.92,20261008_223523,prim,rest,,,,,100.0,290.7,1,,,,0,37.47,0.041,0.051,17,ready,8
2026-10-08 22:50:56.030,932.12,20261008_223523,prim,rest,,,,,100.0,290.7,1,,,,0,37.47,0.039,0.046,17,ready,8
2026-10-08 22:50:56.231,932.32,20261008_223523,prim,rest,,,,,100.0,290.7,1,0.062,0.062,0.0,1,37.48,0.038,0.042,17,ready,8
2026-10-08 22:50:56.430,932.52,20261008_223523,prim,rest,,,,,91.8,275.3,1,,,,0,37.49,0.035,0.039,16,ready,8
2026-10-08 22:50:56.638,932.73,20261008_223523,prim,rest,,,,,91.8,275.3,1,0.062,0.062,0.0,1,37.49,0.034,0.035,16,ready,8
2026-10-08 22:50:56.829,932.92,20261008_223523,prim,rest,,,,,91.8,275.3,1,,,,0,37.5,0.033,0.032,15,ready,8
2026-10-08 22:50:57.044,933.14,20261008_223523,prim,rest,,,,,91.8,275.3,1,,,,0,37.51,0.032,0.029,15,ready,8
2026-10-08 22:50:57.243,933.34,20261008_223523,prim,rest,,,,,90.0,103.1,1,,,,0,37.51,0.03,0.027,14,ready,8
2026-10-08 22:50:57.435,933.53,20261008_223523,prim,rest,,,,,90.0,103.1,1,,,,0,37.52,0.027,0.022,14,ready,8
2026-10-08 22:50:57.641,933.73,20261008_223523,prim,rest,,,,,83.7,86.3,1,,,,0,37.53,0.025,0.021,13,ready,8
2026-10-08 22:50:57.846,933.94,20261008_223523,prim,rest,,,,,83.7,86.3,1,,,,0,37.53,0.024,0.02,13,ready,8
2026-10-08 22:50:58.086,934.18,20261008_223523,prim,rest,,,,,83.7,86.3,1,,,,0,37.53,0.022,0.018,13,ready,8
2026-10-08 22:50:58.250,934.34,20261008_223523,prim,rest,,,,,83.7,86.3,1,,,,0,37.53,0.021,0.018,12,ready,8
2026-10-08 22:50:58.458,934.55,20261008_223523,prim,rest,,,,,80.7,88.7,1,,,,0,37.53,0.026,0.017,12,ready,8
2026-10-08 22:50:58.659,934.75,20261008_223523,prim,rest,,,,,80.7,88.7,1,,,,0,37.53,0.029,0.019,12,ready,8
2026-10-08 22:50:58.867,934.96,20261008_223523,prim,rest,,,,,80.7,88.7,1,,,,0,37.54,0.031,0.018,11,ready,8
2026-10-08 22:50:59.077,935.17,20261008_223523,prim,rest,,,,,80.7,88.7,1,,,,0,37.54,0.032,0.017,11,ready,8
2026-10-08 22:50:59.278,935.37,20261008_223523,prim,rest,,,,,80.7,88.7,1,,,,0,37.54,0.034,0.017,11,ready,8
2026-10-08 22:50:59.480,935.57,20261008_223523,prim,rest,,,,,80.4,98.2,1,,,,0,37.54,0.05,0.029,11,ready,8
2026-10-08 22:50:59.709,935.8,20261008_223523,prim,rest,,,,,80.4,98.2,1,,,,0,37.55,0.073,0.03,11,ready,8
2026-10-08 22:50:59.902,936.0,20261008_223523,prim,rest,,,,,80.4,98.2,1,,,,0,37.51,0.074,0.035,11,ready,9
2026-10-08 22:51:00.129,936.22,20261008_223523,prim,rest,,,,,80.4,161.5,1,,,,0,37.51,0.074,0.034,11,ready,8
2026-10-08 22:51:00.301,936.39,20261008_223523,prim,rest,,,,,80.4,161.5,1,,,,0,37.52,0.073,0.041,11,ready,8
2026-10-08 22:51:00.504,936.6,20261008_223523,prim,rest,,,,,80.4,161.5,1,0.062,0.062,0.0,1,37.52,0.07,0.042,10,ready,8
2026-10-08 22:51:00.697,936.79,20261008_223523,prim,rest,,,,,81.5,168.4,1,,,,0,37.53,0.068,0.04,10,ready,8
2026-10-08 22:51:00.909,937.0,20261008_223523,prim,rest,,,,,81.5,168.4,1,,,,0,37.53,0.065,0.038,10,ready,8
2026-10-08 22:51:01.114,937.21,20261008_223523,prim,rest,,,,,81.5,168.4,1,,,,0,37.53,0.065,0.041,11,ready,8
2026-10-08 22:51:01.316,937.41,20261008_223523,prim,rest,,,,,81.5,168.4,1,,,,0,37.54,0.161,0.05,11,ready,8
2026-10-08 22:51:01.520,937.61,20261008_223523,prim,rest,,,,,81.5,168.4,1,,,,0,37.54,0.154,0.057,11,ready,8
2026-10-08 22:51:01.724,937.82,20261008_223523,prim,rest,,,,,81.5,168.4,1,,,,0,37.54,0.149,0.069,11,ready,8
2026-10-08 22:51:01.937,938.03,20261008_223523,prim,rest,,,,,81.5,178.3,1,,,,0,37.54,0.145,0.075,11,ready,8
2026-10-08 22:51:02.145,938.24,20261008_223523,prim,rest,,,,,81.5,178.3,1,,,,0,37.53,0.132,0.068,11,ready,8
2026-10-08 22:51:02.346,938.44,20261008_223523,prim,rest,,,,,81.5,178.3,1,,,,0,37.53,0.12,0.063,11,ready,8
2026-10-08 22:51:02.592,938.68,20261008_223523,prim,rest,,,,,81.5,178.3,1,,,,0,37.53,0.109,0.058,11,ready,8
2026-10-08 22:51:02.763,938.86,20261008_223523,prim,rest,,,,,81.5,178.3,1,,,,0,37.53,0.107,0.055,11,ready,8
2026-10-08 22:51:02.965,939.06,20261008_223523,prim,rest,,,,,81.5,178.3,1,,,,0,37.54,0.138,0.067,11,ready,8
2026-10-08 22:51:03.175,939.27,20261008_223523,prim,rest,,,,,81.5,178.3,1,,,,0,37.54,0.134,0.073,11,ready,8
2026-10-08 22:51:05.328,941.42,20261008_223523,prim,rest,,,,,96.8,169.1,1,,,,0,37.53,0.099,0.118,14,ready,8
2026-10-08 22:51:05.538,941.63,20261008_223523,prim,rest,,,,,96.8,169.1,1,,,,0,37.52,0.096,0.109,14,ready,8
2026-10-08 22:51:05.728,941.82,20261008_223523,prim,rest,,,,,96.8,169.1,1,,,,0,37.52,0.094,0.1,14,ready,8
2026-10-08 22:51:05.937,942.03,20261008_223523,prim,rest,,,,,96.8,169.1,1,,,,0,37.52,0.092,0.096,15,ready,8
2026-10-08 22:51:06.158,942.25,20261008_223523,prim,rest,,,,,96.8,169.1,1,,,,0,37.52,0.098,0.091,15,ready,8
2026-10-08 22:51:06.359,942.45,20261008_223523,prim,rest,,,,,96.8,169.1,1,,,,0,37.53,0.103,0.085,15,ready,8
2026-10-08 22:51:06.559,942.65,20261008_223523,prim,rest,,,,,96.8,169.1,1,,,,0,37.53,0.098,0.085,15,ready,8
2026-10-08 22:51:06.759,942.85,20261008_223523,prim,rest,,,,,96.8,169.1,1,,,,0,37.53,0.099,0.08,15,ready,8
2026-10-08 22:51:06.997,943.09,20261008_223523,prim,rest,,,,,96.8,169.1,1,,,,0,37.53,0.098,0.075,15,ready,8
2026-10-08 22:51:07.178,943.27,20261008_223523,prim,rest,,,,,96.8,169.1,1,,,,0,37.54,0.098,0.075,15,ready,8
2026-10-08 22:51:07.375,943.47,20261008_223523,prim,rest,,,,,96.8,169.1,1,,,,0,37.54,0.092,0.069,15,ready,8
2026-10-08 22:51:07.583,943.68,20261008_223523,prim,rest,,,,,96.8,169.1,1,0.062,0.062,0.0,1,37.54,0.087,0.063,16,ready,8
2026-10-08 22:51:07.792,943.88,20261008_223523,prim,rest,,,,,96.8,169.1,1,0.062,0.062,0.0,1,37.54,0.083,0.059,16,ready,8
2026-10-08 22:51:07.992,944.08,20261008_223523,prim,rest,,,,,96.8,169.1,1,0.062,0.062,0.0,1,37.55,0.092,0.066,16,ready,8
2026-10-08 22:51:08.202,944.29,20261008_223523,prim,rest,,,,,96.8,169.1,1,0.062,0.062,0.001,1,37.55,0.104,0.067,16,ready,8
2026-10-08 22:51:08.406,944.5,20261008_223523,prim,rest,,,,,96.8,169.1,1,0.063,0.062,0.001,1,37.55,0.099,0.076,16,ready,8
2026-10-08 22:51:08.613,944.71,20261008_223523,prim,rest,,,,,96.8,169.1,1,0.063,0.062,0.001,1,37.55,0.108,0.085,16,ready,8
2026-10-08 22:51:08.823,944.92,20261008_223523,prim,rest,,,,,96.8,169.1,1,0.063,0.062,0.001,1,37.55,0.106,0.08,16,ready,8
2026-10-08 22:51:09.028,945.12,20261008_223523,prim,rest,,,,,96.8,169.1,1,0.063,0.062,0.002,1,37.55,0.097,0.077,16,ready,8
2026-10-08 22:51:09.232,945.32,20261008_223523,prim,rest,,,,,96.8,169.1,1,0.063,0.062,0.002,1,37.55,0.093,0.07,16,ready,8
2026-10-08 22:51:09.440,945.53,20261008_223523,prim,rest,,,,,96.8,169.1,1,0.064,0.062,0.002,1,37.56,0.086,0.067,16,ready,8
2026-10-08 22:51:09.647,945.74,20261008_223523,prim,rest,,,,,96.8,169.1,1,0.064,0.062,0.002,1,37.51,0.08,0.061,16,ready,8
2026-10-08 22:51:09.837,945.93,20261008_223523,prim,rest,,,,,96.8,169.1,1,0.064,0.062,0.002,1,37.52,0.08,0.059,16,ready,8
2026-10-08 22:51:10.043,946.14,20261008_223523,prim,rest,,,,,96.8,169.1,1,0.064,0.062,0.002,1,37.52,0.08,0.058,16,ready,8
2026-10-08 22:51:10.258,946.35,20261008_223523,prim,rest,,,,,96.8,169.1,1,0.064,0.062,0.002,1,37.53,0.078,0.054,16,ready,8
2026-10-08 22:51:10.459,946.55,20261008_223523,prim,rest,,,,,96.8,169.1,1,0.064,0.062,0.002,1,37.53,0.072,0.055,16,ready,8
2026-10-08 22:51:10.670,946.76,20261008_223523,prim,rest,,,,,96.8,169.1,1,0.064,0.062,0.003,1,37.53,0.066,0.05,16,ready,8
2026-10-08 22:51:10.876,946.97,20261008_223523,prim,rest,,,,,96.8,169.1,1,0.065,0.062,0.003,1,37.54,0.06,0.046,16,ready,8
2026-10-08 22:51:11.076,947.17,20261008_223523,prim,rest,,,,,96.8,169.1,1,0.065,0.062,0.003,1,37.54,0.056,0.043,16,ready,8
2026-10-08 22:51:11.283,947.38,20261008_223523,prim,rest,,,,,96.8,169.1,1,0.065,0.062,0.003,1,37.54,0.055,0.039,15,ready,8
2026-10-08 22:51:11.491,947.58,20261008_223523,prim,rest,,,,,96.8,169.1,1,0.065,0.062,0.003,1,37.54,0.053,0.041,15,ready,8
2026-10-08 22:51:11.699,947.79,20261008_223523,prim,rest,,,,,96.8,169.1,1,0.065,0.062,0.003,1,37.54,0.052,0.042,15,ready,8
2026-10-08 22:51:11.906,948.0,20261008_223523,prim,rest,,,,,96.8,169.1,1,0.064,0.062,0.002,1,37.54,0.048,0.039,15,ready,8
2026-10-08 22:51:12.114,948.21,20261008_223523,prim,rest,,,,,96.8,169.1,1,0.064,0.062,0.002,1,37.55,0.045,0.035,15,ready,8
2026-10-08 22:51:12.318,948.41,20261008_223523,prim,rest,,,,,96.8,169.1,1,0.064,0.062,0.001,1,37.55,0.053,0.041,15,ready,8
2026-10-08 22:51:12.523,948.62,20261008_223523,prim,rest,,,,,96.8,169.1,1,0.063,0.062,0.001,1,37.55,0.049,0.044,15,ready,8
2026-10-08 22:51:12.725,948.82,20261008_223523,prim,rest,,,,,96.8,169.1,1,,,,0,37.54,0.046,0.043,15,ready,8
2026-10-08 22:51:12.933,949.03,20261008_223523,prim,rest,,,,,96.8,169.1,1,,,,0,37.55,0.043,0.039,15,ready,8
2026-10-08 22:51:13.143,949.24,20261008_223523,prim,rest,,,,,84.1,169.1,1,,,,0,37.55,0.04,0.035,15,ready,8
2026-10-08 22:51:13.349,949.44,20261008_223523,prim,rest,,,,,84.1,169.1,1,0.063,0.063,0.0,1,37.55,0.037,0.033,14,ready,8
2026-10-08 22:51:13.551,949.64,20261008_223523,prim,rest,,,,,84.1,169.1,1,,,,0,37.54,0.045,0.034,13,ready,8
2026-10-08 22:51:13.753,949.85,20261008_223523,prim,rest,,,,,84.1,167.0,1,,,,0,37.5,0.049,0.037,13,ready,8
2026-10-08 22:51:13.960,950.05,20261008_223523,prim,rest,,,,,84.1,167.0,1,0.062,0.062,0.0,1,37.5,0.049,0.039,13,ready,8
2026-10-08 22:51:14.180,950.27,20261008_223523,prim,rest,,,,,84.1,167.0,1,,,,0,37.51,0.054,0.039,12,ready,8
2026-10-08 22:51:14.373,950.47,20261008_223523,prim,rest,,,,,84.1,167.0,1,,,,0,37.51,0.055,0.04,12,ready,8
2026-10-08 22:51:14.577,950.67,20261008_223523,prim,rest,,,,,84.1,167.0,1,,,,0,37.52,0.056,0.037,12,ready,8
2026-10-08 22:51:14.787,950.88,20261008_223523,prim,rest,,,,,84.1,167.0,1,,,,0,37.52,0.065,0.038,12,ready,8
2026-10-08 22:51:14.988,951.08,20261008_223523,prim,rest,,,,,84.1,167.0,1,,,,0,37.53,0.096,0.06,12,ready,8
2026-10-08 22:51:15.194,951.29,20261008_223523,prim,rest,,,,,84.1,167.0,1,,,,0,37.53,0.103,0.06,12,ready,8
2026-10-08 22:51:15.390,951.48,20261008_223523,prim,rest,,,,,84.1,167.0,1,,,,0,37.53,0.103,0.056,12,ready,8
2026-10-08 22:51:15.590,951.68,20261008_223523,prim,rest,,,,,84.1,178.5,1,,,,0,37.54,0.099,0.053,12,ready,8
2026-10-08 22:51:15.786,951.88,20261008_223523,prim,rest,,,,,84.1,178.5,1,,,,0,37.54,0.104,0.051,12,ready,8
2026-10-08 22:51:15.999,952.09,20261008_223523,prim,rest,,,,,84.1,178.5,1,,,,0,37.55,0.097,0.053,12,ready,8
2026-10-08 22:51:16.199,952.29,20261008_223523,prim,rest,,,,,84.1,178.5,1,,,,0,37.55,0.091,0.051,12,ready,8
2026-10-08 22:51:16.404,952.5,20261008_223523,prim,rest,,,,,89.3,183.3,1,,,,0,37.55,0.085,0.049,12,ready,8
2026-10-08 22:51:16.623,952.72,20261008_223523,prim,rest,,,,,89.3,183.3,1,,,,0,37.55,0.081,0.054,12,ready,8
2026-10-08 22:51:16.820,952.91,20261008_223523,prim,rest,,,,,89.3,188.2,1,,,,0,37.55,0.083,0.058,12,ready,8
2026-10-08 22:51:17.017,953.11,20261008_223523,prim,rest,,,,,89.3,188.2,1,,,,0,37.55,0.077,0.063,12,ready,8
2026-10-08 22:51:17.227,953.32,20261008_223523,prim,rest,,,,,89.3,188.2,1,,,,0,37.55,0.073,0.059,12,ready,8
2026-10-08 22:51:17.434,953.53,20261008_223523,prim,rest,,,,,89.3,188.2,1,,,,0,37.55,0.067,0.054,13,ready,8
2026-10-08 22:51:17.643,953.74,20261008_223523,prim,rest,,,,,92.0,187.6,1,,,,0,37.55,0.065,0.051,13,ready,8
2026-10-08 22:51:17.846,953.94,20261008_223523,prim,rest,,,,,92.0,187.6,1,,,,0,37.55,0.061,0.046,13,ready,8
2026-10-08 22:51:18.053,954.15,20261008_223523,prim,rest,,,,,92.0,187.6,1,,,,0,37.53,0.051,0.038,13,ready,8
2026-10-08 22:51:18.264,954.36,20261008_223523,prim,rest,,,,,92.0,187.6,1,,,,0,37.54,0.048,0.035,13,ready,8
2026-10-08 22:51:18.468,954.56,20261008_223523,prim,rest,,,,,92.0,187.6,1,,,,0,37.54,0.044,0.032,13,ready,8
2026-10-08 22:51:18.674,954.77,20261008_223523,prim,rest,,,,,92.0,187.6,1,,,,0,37.54,0.041,0.029,13,ready,8
2026-10-08 22:51:18.883,954.98,20261008_223523,prim,rest,,,,,92.0,187.6,1,,,,0,37.54,0.038,0.026,13,ready,8
2026-10-08 22:51:19.187,955.28,20261008_223523,prim,rest,,,,,92.0,187.6,1,,,,0,37.54,0.035,0.025,13,ready,8
2026-10-08 22:51:19.296,955.39,20261008_223523,prim,rest,,,,,92.0,187.6,1,,,,0,37.55,0.035,0.023,13,ready,8
2026-10-08 22:51:21.406,957.5,20261008_223523,prim,rest,,,,,140.2,,1,,,,0,37.56,0.058,0.038,34,ready,9
2026-10-08 22:51:21.600,957.69,20261008_223523,prim,rest,,,,,140.2,,1,,,,0,37.56,0.059,0.039,34,ready,9
2026-10-08 22:51:21.807,957.9,20261008_223523,prim,rest,,,,,140.2,,1,,,,0,37.57,0.055,0.037,35,ready,9
2026-10-08 22:51:22.011,958.1,20261008_223523,prim,rest,,,,,140.2,,1,,,,0,37.57,0.05,0.033,36,ready,9
2026-10-08 22:51:22.226,958.32,20261008_223523,prim,rest,,,,,140.2,,1,,,,0,37.57,0.046,0.03,36,ready,9
2026-10-08 22:51:22.439,958.53,20261008_223523,prim,rest,,,,,140.2,,1,,,,0,37.57,0.043,0.027,37,ready,9
2026-10-08 22:51:22.643,958.74,20261008_223523,prim,rest,,,,,140.2,,1,,,,0,37.57,0.04,0.025,37,ready,9
2026-10-08 22:51:22.841,958.93,20261008_223523,prim,rest,,,,,140.2,,1,,,,0,37.57,0.038,0.025,37,ready,9
2026-10-08 22:51:23.044,959.14,20261008_223523,prim,rest,,,,,140.2,,1,,,,0,37.57,0.041,0.033,37,ready,9
2026-10-08 22:51:23.255,959.35,20261008_223523,prim,rest,,,,,132.8,,1,,,,0,37.57,0.041,0.033,37,ready,9
2026-10-08 22:51:23.455,959.55,20261008_223523,prim,rest,,,,,132.8,,1,,,,0,37.53,0.04,0.031,36,ready,9
2026-10-08 22:51:23.672,959.76,20261008_223523,prim,rest,,,,,132.8,,1,,,,0,37.54,0.039,0.032,36,ready,8
2026-10-08 22:51:23.872,959.96,20261008_223523,prim,rest,,,,,132.8,,1,,,,0,37.54,0.037,0.03,35,ready,8
2026-10-08 22:51:24.079,960.17,20261008_223523,prim,rest,,,,,132.8,,1,,,,0,37.55,0.058,0.038,35,ready,9
2026-10-08 22:51:24.292,960.38,20261008_223523,prim,rest,,,,,132.8,,1,,,,0,37.55,0.065,0.042,35,ready,9
2026-10-08 22:51:24.491,960.58,20261008_223523,prim,rest,,,,,132.8,,1,,,,0,37.55,0.061,0.041,34,ready,9
2026-10-08 22:51:24.709,960.8,20261008_223523,prim,rest,,,,,132.8,,1,,,,0,37.55,0.056,0.039,34,ready,9
2026-10-08 22:51:24.910,961.0,20261008_223523,prim,rest,,,,,132.8,,1,,,,0,37.56,0.051,0.036,34,ready,9
2026-10-08 22:51:25.108,961.2,20261008_223523,prim,rest,,,,,132.8,,1,,,,0,37.56,0.047,0.032,34,ready,9
2026-10-08 22:51:25.305,961.4,20261008_223523,prim,rest,,,,,132.8,,1,,,,0,37.56,0.044,0.03,34,ready,9
2026-10-08 22:51:25.513,961.61,20261008_223523,prim,rest,,,,,132.8,,1,,,,0,37.56,0.041,0.027,34,ready,9
2026-10-08 22:51:25.722,961.82,20261008_223523,prim,rest,,,,,132.8,,1,,,,0,37.56,0.042,0.029,34,ready,9
2026-10-08 22:51:25.938,962.03,20261008_223523,prim,rest,,,,,132.8,,1,,,,0,37.56,0.041,0.038,34,ready,9
2026-10-08 22:51:26.139,962.23,20261008_223523,prim,rest,,,,,132.8,,1,,,,0,37.51,0.051,0.038,34,ready,9
2026-10-08 22:51:26.346,962.44,20261008_223523,prim,rest,,,,,132.8,,1,,,,0,37.52,0.052,0.045,34,ready,9
2026-10-08 22:51:26.563,962.66,20261008_223523,prim,rest,,,,,132.8,,1,,,,0,37.5,0.06,0.046,34,ready,8
2026-10-08 22:51:26.750,962.84,20261008_223523,prim,rest,,,,,132.8,,1,,,,0,37.5,0.066,0.046,34,ready,8
2026-10-08 22:51:26.957,963.05,20261008_223523,prim,rest,,,,,132.8,,1,,,,0,37.51,0.062,0.043,34,ready,8
2026-10-08 22:51:27.168,963.26,20261008_223523,prim,rest,,,,,140.2,,1,,,,0,37.52,0.058,0.04,35,ready,8
2026-10-08 22:51:27.368,963.46,20261008_223523,prim,rest,,,,,140.2,,1,,,,0,37.52,0.054,0.039,35,ready,8
2026-10-08 22:51:27.579,963.67,20261008_223523,prim,rest,,,,,140.2,,1,,,,0,37.52,0.05,0.038,36,ready,8
2026-10-08 22:51:27.795,963.89,20261008_223523,prim,rest,,,,,140.2,,1,,,,0,37.47,0.046,0.037,36,ready,8
2026-10-08 22:51:27.997,964.09,20261008_223523,prim,rest,,,,,140.2,,1,,,,0,37.48,0.042,0.034,37,ready,8
2026-10-08 22:51:28.191,964.28,20261008_223523,prim,rest,,,,,140.2,,1,,,,0,37.49,0.04,0.031,37,ready,8
2026-10-08 22:51:28.404,964.5,20261008_223523,prim,rest,,,,,140.2,,1,,,,0,37.5,0.039,0.032,37,ready,8
2026-10-08 22:51:28.606,964.7,20261008_223523,prim,rest,,,,,140.2,,1,,,,0,37.51,0.037,0.036,37,ready,8
2026-10-08 22:51:28.820,964.91,20261008_223523,prim,rest,,,,,140.2,,1,,,,0,37.51,0.035,0.032,38,ready,8
2026-10-08 22:51:29.033,965.13,20261008_223523,prim,rest,,,,,140.2,,1,,,,0,37.52,0.039,0.03,38,ready,8
2026-10-08 22:51:29.222,965.31,20261008_223523,prim,rest,,,,,140.2,,1,,,,0,37.52,0.038,0.029,38,ready,8
2026-10-08 22:51:29.429,965.52,20261008_223523,prim,rest,,,,,140.2,,1,,,,0,37.53,0.038,0.027,38,ready,8
2026-10-08 22:51:29.631,965.72,20261008_223523,prim,rest,,,,,140.2,,1,,,,0,37.53,0.038,0.027,38,ready,8
2026-10-08 22:51:29.841,965.93,20261008_223523,prim,rest,,,,,140.2,,1,,,,0,37.53,0.035,0.024,38,ready,8
2026-10-08 22:51:30.044,966.14,20261008_223523,prim,rest,,,,,140.2,,1,,,,0,37.54,0.038,0.023,38,ready,8
2026-10-08 22:51:30.251,966.34,20261008_223523,prim,rest,,,,,140.2,,1,,,,0,37.54,0.039,0.021,38,ready,8
2026-10-08 22:51:30.459,966.55,20261008_223523,prim,rest,,,,,,,1,,,,0,37.54,0.036,0.02,34,ready,8
2026-10-08 22:51:30.664,966.76,20261008_223523,prim,rest,,,,,,,1,,,,0,37.54,0.043,0.02,31,ready,8
2026-10-08 22:51:30.871,966.96,20261008_223523,prim,rest,,,,,,,1,,,,0,37.54,0.044,0.021,29,ready,8
2026-10-08 22:51:31.080,967.17,20261008_223523,prim,rest,,,,,,,1,,,,0,37.54,0.071,0.031,25,ready,8
2026-10-08 22:51:31.306,967.4,20261008_223523,prim,rest,,,,,,,1,,,,0,37.55,0.241,0.241,25,ready,8
2026-10-08 22:51:31.490,967.58,20261008_223523,prim,rest,,,,,56.0,,1,,,,0,37.55,0.343,0.425,22,ready,8
2026-10-08 22:51:31.699,967.79,20261008_223523,prim,rest,,,,,56.0,,1,0.065,0.065,0.0,1,37.55,0.423,0.651,19,ready,8
2026-10-08 22:51:31.900,967.99,20261008_223523,prim,rest,,,,,56.0,,1,0.066,0.065,0.001,1,37.56,0.424,0.723,17,ready,8
2026-10-08 22:51:32.109,968.2,20261008_223523,prim,rest,,,,,56.0,,1,0.069,0.065,0.004,1,37.56,0.391,0.676,15,ready,8
2026-10-08 22:51:32.316,968.41,20261008_223523,prim,rest,,,,,69.8,,1,0.083,0.065,0.018,1,37.56,0.412,0.64,14,ready,8
2026-10-08 22:51:32.520,968.61,20261008_223523,prim,rest,,,,,69.8,,1,0.089,0.066,0.023,1,37.56,0.425,0.62,13,ready,8
2026-10-08 22:51:32.731,968.82,20261008_223523,prim,rest,,,,,69.8,,1,0.09,0.066,0.024,1,37.56,0.404,0.748,13,ready,8
2026-10-08 22:51:32.934,969.03,20261008_223523,prim,rest,,,,,69.8,,1,0.088,0.066,0.022,1,37.56,0.513,0.8,12,ready,8
2026-10-08 22:51:33.141,969.23,20261008_223523,prim,rest,,,,,69.8,,1,0.087,0.066,0.021,1,37.56,0.61,0.757,12,ready,8
2026-10-08 22:51:33.356,969.45,20261008_223523,prim,rest,,,,,69.8,,1,0.082,0.067,0.015,1,37.56,0.622,0.755,12,ready,8
2026-10-08 22:51:33.555,969.65,20261008_223523,prim,rest,,,,,69.8,,1,0.078,0.067,0.011,1,37.56,0.568,0.686,12,ready,8
2026-10-08 22:51:33.760,969.85,20261008_223523,prim,rest,,,,,69.8,,1,0.075,0.067,0.008,1,37.56,0.516,0.627,12,ready,8
2026-10-08 22:51:33.960,970.05,20261008_223523,prim,rest,,,,,69.8,,1,0.073,0.067,0.006,1,37.56,0.472,0.568,11,ready,9
2026-10-08 22:51:34.166,970.26,20261008_223523,prim,rest,,,,,69.8,,1,0.071,0.067,0.004,1,37.56,0.431,0.517,11,ready,8
2026-10-08 22:51:34.372,970.46,20261008_223523,prim,rest,,,,,69.8,,1,0.07,0.067,0.003,1,37.56,0.394,0.475,11,ready,9
2026-10-08 22:51:34.583,970.68,20261008_223523,prim,rest,,,,,69.8,,1,0.069,0.067,0.002,1,37.56,0.369,0.437,11,ready,9
2026-10-08 22:51:34.783,970.88,20261008_223523,prim,rest,,,,,69.8,,1,0.068,0.067,0.001,1,37.56,0.344,0.413,10,ready,9
2026-10-08 22:51:34.998,971.09,20261008_223523,prim,rest,,,,,69.8,,1,0.068,0.067,0.0,1,37.56,0.314,0.375,10,ready,9
2026-10-08 22:51:35.200,971.29,20261008_223523,prim,rest,,,,,69.8,,1,0.067,0.067,-0.0,1,37.56,0.286,0.34,10,ready,9
2026-10-08 22:51:35.449,971.54,20261008_223523,prim,rest,,,,,69.8,,1,0.066,0.067,-0.001,1,37.56,0.266,0.31,10,ready,9
2026-10-08 22:51:35.608,971.7,20261008_223523,prim,recovery,27,626,manual,truth,69.8,,1,0.066,0.067,-0.001,1,37.56,0.241,0.281,10,ready,9
2026-10-08 22:51:35.816,971.91,20261008_223523,prim,question,27,626,manual,truth,69.8,,1,0.066,0.067,-0.001,1,37.56,0.22,0.256,9,question,9
2026-10-08 22:51:36.027,972.12,20261008_223523,prim,question,27,626,manual,truth,69.8,,1,,,,0,37.55,0.217,0.24,9,question,9
2026-10-08 22:51:36.233,972.33,20261008_223523,prim,question,27,626,manual,truth,69.8,,1,0.066,0.065,0.001,1,37.5,0.212,0.238,9,question,8
2026-10-08 22:51:36.500,972.59,20261008_223523,prim,question,27,626,manual,truth,69.8,,1,0.065,0.065,0.0,1,37.5,0.215,0.222,9,question,8
2026-10-08 22:51:36.656,972.75,20261008_223523,prim,question,27,626,manual,truth,69.8,,1,0.065,0.065,-0.0,1,37.51,0.207,0.204,9,question,8
2026-10-08 22:51:36.851,972.94,20261008_223523,prim,question,27,626,manual,truth,69.8,,1,0.065,0.065,-0.0,1,37.51,0.195,0.189,9,question,8
2026-10-08 22:51:37.217,973.31,20261008_223523,prim,question,27,626,manual,truth,69.8,,1,0.065,0.065,-0.001,1,37.51,0.184,0.18,9,question,8
2026-10-08 22:51:37.294,973.39,20261008_223523,prim,question,27,626,manual,truth,69.8,,1,0.065,0.065,-0.001,1,37.52,0.169,0.166,9,question,8
2026-10-08 22:51:37.474,973.57,20261008_223523,prim,question,27,626,manual,truth,69.8,,1,0.064,0.065,-0.001,1,37.51,0.158,0.152,9,question,8
2026-10-08 22:51:37.685,973.78,20261008_223523,prim,question,27,626,manual,truth,69.8,,1,0.064,0.065,-0.001,1,37.5,0.147,0.152,9,question,8
2026-10-08 22:51:37.889,973.98,20261008_223523,prim,question,27,626,manual,truth,69.8,,1,0.064,0.065,-0.001,1,37.51,0.163,0.15,8,question,8
2026-10-08 22:51:38.099,974.19,20261008_223523,prim,question,27,626,manual,truth,69.8,,1,0.064,0.065,-0.002,1,37.51,0.191,0.148,8,question,8
2026-10-08 22:51:38.289,974.38,20261008_223523,prim,question,27,626,manual,truth,69.8,,1,0.063,0.065,-0.002,1,37.51,0.188,0.142,8,question,8
2026-10-08 22:51:38.512,974.6,20261008_223523,prim,question,27,626,manual,truth,69.8,,1,0.063,0.065,-0.002,1,37.52,0.182,0.134,8,question,8
2026-10-08 22:51:38.699,974.79,20261008_223523,prim,question,27,626,manual,truth,69.8,,1,0.063,0.065,-0.002,1,37.52,0.171,0.122,8,question,8
2026-10-08 22:51:38.909,975.0,20261008_223523,prim,question,27,626,manual,truth,69.8,,1,0.063,0.065,-0.002,1,37.53,0.187,0.112,8,question,8
2026-10-08 22:51:39.112,975.2,20261008_223523,prim,question,27,626,manual,truth,69.8,,1,0.063,0.065,-0.002,1,37.53,0.175,0.118,8,question,8
2026-10-08 22:51:39.319,975.41,20261008_223523,prim,question,27,626,manual,truth,,,1,0.063,0.065,-0.002,1,37.53,0.17,0.119,11,question,8
2026-10-08 22:51:39.519,975.61,20261008_223523,prim,question,27,626,manual,truth,,,1,0.063,0.065,-0.002,1,37.53,0.158,0.114,13,question,8
2026-10-08 22:51:39.724,975.82,20261008_223523,prim,question,27,626,manual,truth,,,1,0.063,0.065,-0.002,1,37.53,0.157,0.156,15,question,8
2026-10-08 22:51:39.934,976.03,20261008_223523,prim,question,27,626,manual,truth,,,1,0.063,0.065,-0.002,1,37.54,0.209,0.26,17,question,8
2026-10-08 22:51:40.140,976.23,20261008_223523,prim,question,27,626,manual,truth,,,1,0.063,0.065,-0.002,1,37.54,0.234,0.387,18,question,8
2026-10-08 22:51:40.339,976.43,20261008_223523,prim,question,27,626,manual,truth,,,1,0.062,0.065,-0.003,1,37.55,0.223,0.353,20,question,8
2026-10-08 22:51:40.548,976.64,20261008_223523,prim,question,27,626,manual,truth,,,1,0.063,0.063,0.0,1,37.52,0.205,0.34,21,question,8
2026-10-08 22:51:40.749,976.84,20261008_223523,prim,question,27,626,manual,truth,,,1,0.064,0.063,0.0,1,37.52,0.187,0.343,21,question,8
2026-10-08 22:51:40.955,977.05,20261008_223523,prim,question,27,626,manual,truth,,,1,0.064,0.063,0.0,1,37.53,0.178,0.319,22,question,8
2026-10-08 22:51:41.169,977.26,20261008_223523,prim,question,27,626,manual,truth,,,1,0.064,0.063,0.0,1,37.53,0.163,0.294,22,question,8
2026-10-08 22:51:41.363,977.46,20261008_223523,prim,question,27,626,manual,truth,,,1,0.064,0.063,0.0,1,37.53,0.149,0.269,22,question,8
2026-10-08 22:51:41.605,977.7,20261008_223523,prim,question,27,626,manual,truth,,,1,0.063,0.063,-0.0,1,37.53,0.141,0.249,22,question,8
2026-10-08 22:51:41.765,977.86,20261008_223523,prim,question,27,626,manual,truth,,,1,0.063,0.063,-0.001,1,37.54,0.133,0.232,22,question,9
2026-10-08 22:51:41.975,978.07,20261008_223523,prim,question,27,626,manual,truth,,,1,0.063,0.063,-0.001,1,37.54,0.127,0.258,21,question,9
2026-10-08 22:51:42.182,978.27,20261008_223523,prim,question,27,626,manual,truth,,,1,0.063,0.063,-0.0,1,37.54,0.133,0.258,21,question,9
2026-10-08 22:51:42.385,978.48,20261008_223523,prim,question,27,626,manual,truth,,,1,0.063,0.063,-0.0,1,37.55,0.131,0.244,21,question,9
2026-10-08 22:51:42.590,978.68,20261008_223523,prim,question,27,626,manual,truth,98.0,,1,0.063,0.063,-0.0,1,37.55,0.121,0.226,20,question,9
2026-10-08 22:51:42.798,978.89,20261008_223523,prim,question,27,626,manual,truth,98.0,,1,0.063,0.063,-0.0,1,37.55,0.118,0.223,20,question,9
2026-10-08 22:51:43.005,979.1,20261008_223523,prim,question,27,626,manual,truth,98.0,,1,0.063,0.063,-0.001,1,37.56,0.113,0.214,19,question,9
2026-10-08 22:51:43.210,979.3,20261008_223523,prim,question,27,626,manual,truth,99.5,,1,0.063,0.063,-0.001,1,37.56,0.103,0.194,19,question,9
2026-10-08 22:51:43.415,979.51,20261008_223523,prim,question,27,626,manual,truth,99.5,,1,0.063,0.063,-0.001,1,37.56,0.094,0.177,18,question,9
2026-10-08 22:51:43.633,979.73,20261008_223523,prim,question,27,626,manual,truth,101.7,,1,0.063,0.063,-0.001,1,37.56,0.09,0.162,18,question,9
2026-10-08 22:51:43.860,979.95,20261008_223523,prim,question,27,626,manual,truth,101.7,,1,0.063,0.063,0.0,1,37.56,0.084,0.151,18,question,9
2026-10-08 22:51:44.043,980.14,20261008_223523,prim,question,27,626,manual,truth,101.7,,1,0.062,0.063,-0.0,1,37.56,0.078,0.143,18,question,8
2026-10-08 22:51:44.243,980.34,20261008_223523,prim,question,27,626,manual,truth,101.7,,1,,,,0,37.56,0.073,0.134,18,question,9
2026-10-08 22:51:44.450,980.54,20261008_223523,prim,question,27,626,manual,truth,101.7,,1,,,,0,37.57,0.068,0.156,18,question,8
2026-10-08 22:51:44.657,980.75,20261008_223523,prim,question,27,626,manual,truth,101.7,,1,0.062,0.062,0.0,1,37.58,0.077,0.172,18,question,8
2026-10-08 22:51:44.866,980.96,20261008_223523,prim,question,27,626,manual,truth,101.7,,1,,,,0,37.56,0.079,0.183,18,question,9
2026-10-08 22:51:45.074,981.17,20261008_223523,prim,question,27,626,manual,truth,101.7,,1,0.063,0.063,0.0,1,37.56,0.087,0.171,18,question,9
2026-10-08 22:51:45.270,981.36,20261008_223523,prim,question,27,626,manual,truth,101.7,,1,0.062,0.062,0.0,1,37.57,0.112,0.188,18,question,9
2026-10-08 22:51:45.481,981.57,20261008_223523,prim,question,27,626,manual,truth,103.9,,1,0.062,0.062,0.0,1,37.57,0.118,0.177,18,question,8
2026-10-08 22:51:45.684,981.78,20261008_223523,prim,question,27,626,manual,truth,103.9,,1,0.062,0.062,0.0,1,37.57,0.119,0.183,18,question,8
2026-10-08 22:51:45.891,981.98,20261008_223523,prim,question,27,626,manual,truth,103.9,,1,0.062,0.062,0.0,1,37.57,0.121,0.168,18,question,8
2026-10-08 22:51:46.101,982.19,20261008_223523,prim,question,27,626,manual,truth,103.9,,1,0.062,0.062,0.0,1,37.58,0.114,0.16,18,question,8
2026-10-08 22:51:46.305,982.4,20261008_223523,prim,question,27,626,manual,truth,103.9,,1,0.062,0.062,0.0,1,37.57,0.105,0.152,19,question,8
2026-10-08 22:51:46.510,982.6,20261008_223523,prim,question,27,626,manual,truth,103.9,,1,0.063,0.062,0.001,1,37.57,0.096,0.142,19,question,8
2026-10-08 22:51:46.719,982.81,20261008_223523,prim,question,27,626,manual,truth,103.9,,1,0.064,0.062,0.003,1,37.58,0.127,0.166,19,question,8
2026-10-08 22:51:46.921,983.01,20261008_223523,prim,question,27,626,manual,truth,,,1,0.065,0.062,0.004,1,37.58,0.162,0.228,19,question,8
2026-10-08 22:51:47.119,983.21,20261008_223523,prim,question,27,626,manual,truth,,,1,0.066,0.062,0.005,1,37.58,0.159,0.227,20,question,8
2026-10-08 22:51:47.319,983.41,20261008_223523,prim,question,27,626,manual,truth,,,1,0.068,0.062,0.006,1,37.58,0.153,0.213,20,question,8
2026-10-08 22:51:49.501,985.59,20261008_223523,prim,recovery,27,626,manual,truth,111.1,,1,0.068,0.063,0.006,1,37.58,0.139,0.264,25,ready,8
2026-10-08 22:51:49.701,985.79,20261008_223523,prim,recovery,27,626,manual,truth,111.1,,1,0.068,0.063,0.005,1,37.58,0.128,0.249,24,ready,9
2026-10-08 22:51:49.913,986.01,20261008_223523,prim,recovery,27,626,manual,truth,111.1,,1,0.067,0.063,0.004,1,37.57,0.124,0.234,24,ready,9
2026-10-08 22:51:50.111,986.2,20261008_223523,prim,recovery,27,626,manual,truth,111.1,,1,0.067,0.063,0.004,1,37.57,0.133,0.223,24,ready,9
2026-10-08 22:51:50.313,986.41,20261008_223523,prim,recovery,27,626,manual,truth,111.1,,1,0.066,0.063,0.003,1,37.57,0.125,0.211,23,ready,9
2026-10-08 22:51:50.521,986.61,20261008_223523,prim,recovery,27,626,manual,truth,111.1,,1,0.066,0.063,0.003,1,37.57,0.122,0.214,23,ready,9
2026-10-08 22:51:50.758,986.85,20261008_223523,prim,rest,,,,,111.1,,1,0.065,0.063,0.003,1,37.57,0.119,0.207,23,ready,9
2026-10-08 22:51:50.933,987.03,20261008_223523,prim,rest,,,,,,,1,0.065,0.063,0.002,1,37.57,0.113,0.187,22,ready,9
2026-10-08 22:51:51.135,987.23,20261008_223523,prim,rest,,,,,,,1,,,,0,37.57,0.116,0.207,22,ready,9
2026-10-08 22:51:51.342,987.43,20261008_223523,prim,rest,,,,,85.2,,1,0.063,0.064,-0.0,1,37.57,0.116,0.2,20,ready,8
2026-10-08 22:51:51.545,987.64,20261008_223523,prim,rest,,,,,85.2,,1,0.063,0.064,-0.0,1,37.56,0.112,0.19,19,ready,9
2026-10-08 22:51:51.742,987.84,20261008_223523,prim,rest,,,,,116.7,,1,0.064,0.064,-0.0,1,37.56,0.105,0.173,20,ready,9
2026-10-08 22:51:51.951,988.04,20261008_223523,prim,rest,,,,,116.7,,1,0.063,0.064,-0.0,1,37.56,0.101,0.159,21,ready,9
2026-10-08 22:51:52.159,988.25,20261008_223523,prim,rest,,,,,116.7,,1,,,,0,37.56,0.095,0.15,22,ready,9
2026-10-08 22:51:52.361,988.45,20261008_223523,prim,rest,,,,,116.7,,1,0.063,0.063,-0.0,1,37.56,0.089,0.136,22,ready,9
2026-10-08 22:51:52.563,988.66,20261008_223523,prim,rest,,,,,116.7,,1,0.064,0.063,0.001,1,37.53,0.085,0.127,23,ready,9
2026-10-08 22:51:52.782,988.88,20261008_223523,prim,rest,,,,,116.7,,1,0.066,0.063,0.004,1,37.53,0.081,0.117,23,ready,9
2026-10-08 22:51:52.982,989.07,20261008_223523,prim,rest,,,,,116.7,,1,0.068,0.063,0.005,1,37.53,0.077,0.107,23,ready,9
2026-10-08 22:51:53.188,989.28,20261008_223523,prim,rest,,,,,116.7,,1,0.069,0.063,0.006,1,37.53,0.079,0.106,24,ready,9
2026-10-08 22:51:53.393,989.49,20261008_223523,prim,rest,,,,,116.7,,1,0.069,0.063,0.006,1,37.53,0.078,0.101,24,ready,9
2026-10-08 22:51:53.597,989.69,20261008_223523,prim,rest,,,,,116.7,,1,0.069,0.063,0.006,1,37.53,0.074,0.093,24,ready,9
2026-10-08 22:51:53.810,989.9,20261008_223523,prim,rest,,,,,116.7,,1,,,,0,37.53,0.069,0.086,24,ready,9
2026-10-08 22:51:54.013,990.11,20261008_223523,prim,rest,,,,,116.7,,1,,,,0,37.53,0.064,0.078,24,ready,9
2026-10-08 22:51:54.226,990.32,20261008_223523,prim,rest,,,,,116.7,,1,,,,0,37.54,0.062,0.075,24,ready,9
2026-10-08 22:51:54.432,990.53,20261008_223523,prim,rest,,,,,116.7,,1,,,,0,37.52,0.06,0.073,24,ready,9
2026-10-08 22:51:54.635,990.73,20261008_223523,prim,rest,,,,,116.7,,1,,,,0,37.53,0.056,0.067,24,ready,9
2026-10-08 22:51:54.844,990.94,20261008_223523,prim,rest,,,,,116.7,,1,,,,0,37.53,0.053,0.061,24,ready,9
2026-10-08 22:51:55.051,991.14,20261008_223523,prim,rest,,,,,116.7,,1,,,,0,37.53,0.051,0.056,24,ready,9
2026-10-08 22:51:55.256,991.35,20261008_223523,prim,rest,,,,,116.7,,1,,,,0,37.53,0.048,0.051,24,ready,9
2026-10-08 22:51:55.505,991.6,20261008_223523,prim,rest,,,,,116.7,,1,,,,0,37.54,0.048,0.047,24,ready,9
2026-10-08 22:51:55.672,991.76,20261008_223523,prim,rest,,,,,116.7,,1,,,,0,37.51,0.044,0.043,24,ready,9
2026-10-08 22:51:55.871,991.96,20261008_223523,prim,rest,,,,,116.7,,1,,,,0,37.51,0.043,0.04,24,ready,9
2026-10-08 22:51:56.076,992.17,20261008_223523,prim,rest,,,,,116.7,,1,,,,0,37.52,0.041,0.037,24,ready,9
2026-10-08 22:51:56.283,992.38,20261008_223523,prim,rest,,,,,116.7,,1,,,,0,37.52,0.047,0.036,24,ready,9
2026-10-08 22:51:56.488,992.58,20261008_223523,prim,rest,,,,,116.7,,1,,,,0,37.52,0.046,0.034,24,ready,9
2026-10-08 22:51:56.691,992.78,20261008_223523,prim,rest,,,,,116.7,,1,,,,0,37.53,0.065,0.055,24,ready,9
2026-10-08 22:51:56.905,993.0,20261008_223523,prim,rest,,,,,111.6,,1,,,,0,37.52,0.131,0.155,24,ready,9
2026-10-08 22:51:57.104,993.2,20261008_223523,prim,recovery,28,627,manual,lie,111.6,,1,,,,0,37.53,0.166,0.283,24,ready,9
2026-10-08 22:51:57.315,993.41,20261008_223523,prim,question,28,627,manual,lie,111.6,,1,,,,0,37.53,0.16,0.28,24,question,9
2026-10-08 22:51:57.510,993.6,20261008_223523,prim,question,28,627,manual,lie,111.6,,1,,,,0,37.53,0.161,0.27,24,question,9
2026-10-08 22:51:57.720,993.81,20261008_223523,prim,question,28,627,manual,lie,106.8,,1,,,,0,37.54,0.154,0.266,23,question,9
2026-10-08 22:51:57.946,994.04,20261008_223523,prim,question,28,627,manual,lie,106.8,,1,,,,0,37.54,0.147,0.262,23,question,9
2026-10-08 22:51:58.279,994.37,20261008_223523,prim,question,28,627,manual,lie,106.8,,1,,,,0,37.55,0.13,0.216,22,question,9
2026-10-08 22:51:58.347,994.44,20261008_223523,prim,question,28,627,manual,lie,106.8,,1,,,,0,37.55,0.139,0.2,22,question,9
2026-10-08 22:51:58.578,994.67,20261008_223523,prim,question,28,627,manual,lie,106.8,,1,,,,0,37.55,0.127,0.182,21,question,9
2026-10-08 22:51:58.774,994.87,20261008_223523,prim,question,28,627,manual,lie,106.8,,1,,,,0,37.55,0.118,0.166,21,question,9
2026-10-08 22:51:58.989,995.08,20261008_223523,prim,question,28,627,manual,lie,106.8,,1,,,,0,37.55,0.11,0.153,21,question,9
2026-10-08 22:51:59.234,995.33,20261008_223523,prim,question,28,627,manual,lie,106.8,,1,,,,0,37.55,0.101,0.139,21,question,9
2026-10-08 22:51:59.420,995.51,20261008_223523,prim,question,28,627,manual,lie,106.8,,1,,,,0,37.55,0.095,0.14,21,question,9
2026-10-08 22:52:03.547,999.64,20261008_223523,prim,question,28,627,manual,lie,160.9,,1,,,,0,37.53,0.27,0.229,52,question,8
2026-10-08 22:52:03.753,999.85,20261008_223523,prim,question,28,627,manual,lie,160.9,,1,,,,0,37.53,0.245,0.207,53,question,8
2026-10-08 22:52:03.960,1000.05,20261008_223523,prim,question,28,627,manual,lie,160.9,,1,,,,0,37.53,0.222,0.188,53,question,8
2026-10-08 22:52:04.157,1000.25,20261008_223523,prim,question,28,627,manual,lie,160.9,,1,,,,0,37.53,0.202,0.17,54,question,8
2026-10-08 22:52:04.353,1000.45,20261008_223523,prim,question,28,627,manual,lie,160.9,,1,,,,0,37.54,0.183,0.154,54,question,8
2026-10-08 22:52:04.566,1000.66,20261008_223523,prim,question,28,627,manual,lie,160.9,,1,,,,0,37.54,0.171,0.141,54,question,8
2026-10-08 22:52:04.768,1000.86,20261008_223523,prim,question,28,627,manual,lie,160.9,,1,,,,0,37.54,0.156,0.128,55,question,8
2026-10-08 22:52:04.973,1001.07,20261008_223523,prim,question,28,627,manual,lie,160.9,,1,,,,0,37.54,0.142,0.117,55,question,8
2026-10-08 22:52:05.179,1001.27,20261008_223523,prim,question,28,627,manual,lie,160.9,,1,,,,0,37.54,0.13,0.108,55,question,8
2026-10-08 22:52:05.388,1001.48,20261008_223523,prim,question,28,627,manual,lie,160.9,,1,,,,0,37.54,0.122,0.102,55,question,8
2026-10-08 22:52:05.594,1001.69,20261008_223523,prim,question,28,627,manual,lie,157.8,,1,,,,0,37.54,0.136,0.114,54,question,8
2026-10-08 22:52:05.802,1001.89,20261008_223523,prim,question,28,627,manual,lie,157.8,,1,,,,0,37.54,0.136,0.144,54,question,8
2026-10-08 22:52:06.006,1002.1,20261008_223523,prim,question,28,627,manual,lie,154.7,,1,,,,0,37.54,0.154,0.149,53,question,8
2026-10-08 22:52:06.215,1002.31,20261008_223523,prim,question,28,627,manual,lie,154.7,,1,,,,0,37.54,0.148,0.137,53,question,8
2026-10-08 22:52:06.424,1002.52,20261008_223523,prim,question,28,627,manual,lie,154.7,,1,,,,0,37.54,0.129,0.115,52,question,8
2026-10-08 22:52:06.627,1002.72,20261008_223523,prim,question,28,627,manual,lie,154.7,,1,,,,0,37.54,0.119,0.104,52,question,8
2026-10-08 22:52:06.833,1002.93,20261008_223523,prim,question,28,627,manual,lie,154.7,,1,,,,0,37.54,0.109,0.096,51,question,8
2026-10-08 22:52:07.044,1003.14,20261008_223523,prim,question,28,627,manual,lie,154.7,,1,,,,0,37.55,0.102,0.088,51,question,8
2026-10-08 22:52:07.251,1003.34,20261008_223523,prim,question,28,627,manual,lie,154.7,,1,,,,0,37.55,0.104,0.083,51,question,8
2026-10-08 22:52:07.454,1003.55,20261008_223523,prim,question,28,627,manual,lie,154.7,,1,,,,0,37.55,0.1,0.09,51,question,8
2026-10-08 22:52:07.664,1003.76,20261008_223523,prim,question,28,627,manual,lie,154.7,,1,,,,0,37.55,0.094,0.088,50,question,8
2026-10-08 22:52:07.866,1003.96,20261008_223523,prim,question,28,627,manual,lie,154.7,,1,,,,0,37.5,0.088,0.081,50,question,8
2026-10-08 22:52:08.068,1004.16,20261008_223523,prim,question,28,627,manual,lie,154.7,,1,,,,0,37.5,0.081,0.074,50,question,8
2026-10-08 22:52:08.265,1004.36,20261008_223523,prim,question,28,627,manual,lie,154.7,,1,,,,0,37.51,0.077,0.069,50,question,8
2026-10-08 22:52:08.467,1004.56,20261008_223523,prim,question,28,627,manual,lie,154.7,,1,,,,0,37.51,0.073,0.064,50,question,8
2026-10-08 22:52:08.681,1004.77,20261008_223523,prim,question,28,627,manual,lie,154.7,,1,,,,0,37.52,0.073,0.061,50,question,8
2026-10-08 22:52:08.879,1004.97,20261008_223523,prim,question,28,627,manual,lie,154.7,,1,,,,0,37.53,0.088,0.061,50,question,8
2026-10-08 22:52:09.113,1005.21,20261008_223523,prim,recovery,28,627,manual,lie,154.7,,1,,,,0,37.53,0.113,0.097,50,ready,8
2026-10-08 22:52:09.281,1005.37,20261008_223523,prim,recovery,28,627,manual,lie,154.7,,1,,,,0,37.53,0.11,0.1,50,ready,8
2026-10-08 22:52:09.485,1005.58,20261008_223523,prim,recovery,28,627,manual,lie,154.7,,1,,,,0,37.53,0.116,0.105,50,ready,8
2026-10-08 22:52:09.694,1005.79,20261008_223523,prim,recovery,28,627,manual,lie,154.7,,1,,,,0,37.54,0.12,0.114,50,ready,8
2026-10-08 22:52:09.900,1005.99,20261008_223523,prim,recovery,28,627,manual,lie,154.7,,1,,,,0,37.54,0.119,0.108,50,ready,8
2026-10-08 22:52:10.110,1006.2,20261008_223523,prim,recovery,28,627,manual,lie,154.7,,1,,,,0,37.54,0.111,0.099,50,ready,8
2026-10-08 22:52:10.312,1006.41,20261008_223523,prim,recovery,28,627,manual,lie,154.7,,1,,,,0,37.55,0.103,0.09,50,ready,8
2026-10-08 22:52:10.521,1006.61,20261008_223523,prim,recovery,28,627,manual,lie,154.7,,1,,,,0,37.52,0.093,0.081,50,ready,8
2026-10-08 22:52:10.721,1006.81,20261008_223523,prim,recovery,28,627,manual,lie,154.7,,1,,,,0,37.52,0.085,0.074,50,ready,8
2026-10-08 22:52:10.929,1007.02,20261008_223523,prim,recovery,28,627,manual,lie,154.7,,1,,,,0,37.53,0.081,0.069,50,ready,8
2026-10-08 22:52:11.132,1007.23,20261008_223523,prim,recovery,28,627,manual,lie,154.7,,1,,,,0,37.53,0.075,0.066,50,ready,8
2026-10-08 22:52:11.338,1007.43,20261008_223523,prim,recovery,28,627,manual,lie,,,1,,,,0,37.53,0.069,0.061,44,ready,8
2026-10-08 22:52:11.547,1007.64,20261008_223523,prim,recovery,28,627,manual,lie,,,1,,,,0,37.54,0.065,0.058,39,ready,8
2026-10-08 22:52:11.747,1007.84,20261008_223523,prim,rest,,,,,,,1,,,,0,37.54,0.074,0.058,35,ready,8
2026-10-08 22:52:11.957,1008.05,20261008_223523,prim,rest,,,,,142.3,,1,,,,0,37.55,0.072,0.077,36,ready,8
2026-10-08 22:52:12.165,1008.26,20261008_223523,prim,rest,,,,,142.3,,1,,,,0,37.55,0.07,0.071,37,ready,8
2026-10-08 22:52:12.369,1008.46,20261008_223523,prim,rest,,,,,142.3,,1,,,,0,37.55,0.074,0.068,38,ready,8
2026-10-08 22:52:12.578,1008.67,20261008_223523,prim,rest,,,,,142.3,,1,,,,0,37.55,0.075,0.073,38,ready,8
2026-10-08 22:52:12.824,1008.92,20261008_223523,prim,rest,,,,,142.3,,1,,,,0,37.55,0.131,0.08,39,ready,8
2026-10-08 22:52:12.991,1009.08,20261008_223523,prim,rest,,,,,142.3,,1,,,,0,37.55,0.148,0.105,39,ready,9
2026-10-08 22:52:13.205,1009.3,20261008_223523,prim,rest,,,,,142.3,,1,,,,0,37.5,0.139,0.109,40,ready,9
2026-10-08 22:52:13.406,1009.5,20261008_223523,prim,rest,,,,,142.3,,1,,,,0,37.51,0.13,0.113,40,ready,8
2026-10-08 22:52:13.610,1009.7,20261008_223523,prim,rest,,,,,142.3,,1,,,,0,37.51,0.125,0.124,40,ready,8
2026-10-08 22:52:13.842,1009.93,20261008_223523,prim,rest,,,,,142.3,,1,,,,0,37.51,0.124,0.15,40,ready,8
2026-10-08 22:52:14.024,1010.12,20261008_223523,prim,rest,,,,,142.3,,1,,,,0,37.52,0.116,0.145,41,ready,8
2026-10-08 22:52:14.239,1010.33,20261008_223523,prim,recovery,29,628,manual,lie,,,1,,,,0,37.53,0.107,0.132,37,ready,8
2026-10-08 22:52:14.437,1010.53,20261008_223523,prim,question,29,628,manual,lie,,,1,,,,0,37.53,0.1,0.12,34,question,9
2026-10-08 22:52:14.655,1010.75,20261008_223523,prim,question,29,628,manual,lie,120.3,,1,,,,0,37.54,0.099,0.152,31,question,9
2026-10-08 22:52:14.874,1010.97,20261008_223523,prim,question,29,628,manual,lie,120.3,,1,,,,0,37.54,0.092,0.164,31,question,9
2026-10-08 22:52:15.056,1011.15,20261008_223523,prim,question,29,628,manual,lie,120.3,,1,,,,0,37.54,0.084,0.151,30,question,9
2026-10-08 22:52:15.259,1011.35,20261008_223523,prim,question,29,628,manual,lie,120.3,,1,,,,0,37.54,0.078,0.137,29,question,8
2026-10-08 22:52:15.469,1011.56,20261008_223523,prim,question,29,628,manual,lie,120.3,,1,,,,0,37.54,0.072,0.129,29,question,9
2026-10-08 22:52:15.671,1011.76,20261008_223523,prim,question,29,628,manual,lie,99.0,,1,,,,0,37.55,0.067,0.119,27,question,9
2026-10-08 22:52:15.874,1011.97,20261008_223523,prim,question,29,628,manual,lie,99.0,,1,,,,0,37.55,0.063,0.112,25,question,9
2026-10-08 22:52:16.114,1012.21,20261008_223523,prim,question,29,628,manual,lie,99.0,,1,,,,0,37.55,0.059,0.107,23,question,9
2026-10-08 22:52:16.284,1012.38,20261008_223523,prim,question,29,628,manual,lie,97.2,,1,,,,0,37.55,0.066,0.107,22,question,9
2026-10-08 22:52:16.489,1012.58,20261008_223523,prim,question,29,628,manual,lie,97.2,,1,,,,0,37.56,0.075,0.102,21,question,9
2026-10-08 22:52:16.694,1012.79,20261008_223523,prim,question,29,628,manual,lie,97.2,,1,,,,0,37.56,0.07,0.093,20,question,9
2026-10-08 22:52:16.905,1013.0,20261008_223523,prim,question,29,628,manual,lie,97.1,481.9,1,,,,0,37.56,0.069,0.088,19,question,9
2026-10-08 22:52:17.110,1013.2,20261008_223523,prim,question,29,628,manual,lie,97.1,481.9,1,,,,0,37.56,0.119,0.101,18,question,9
2026-10-08 22:52:17.309,1013.4,20261008_223523,prim,question,29,628,manual,lie,97.1,481.9,1,,,,0,37.57,0.131,0.193,18,question,9
2026-10-08 22:52:17.530,1013.62,20261008_223523,prim,question,29,628,manual,lie,97.1,481.9,1,,,,0,37.55,0.138,0.192,18,question,8
2026-10-08 22:52:17.716,1013.81,20261008_223523,prim,question,29,628,manual,lie,97.1,481.9,1,,,,0,37.55,0.138,0.175,17,question,8
2026-10-08 22:52:17.928,1014.02,20261008_223523,prim,question,29,628,manual,lie,97.1,481.9,1,,,,0,37.55,0.131,0.161,17,question,9
2026-10-08 22:52:18.154,1014.25,20261008_223523,prim,question,29,628,manual,lie,97.1,481.9,1,,,,0,37.55,0.121,0.149,17,question,9
2026-10-08 22:52:18.369,1014.46,20261008_223523,prim,question,29,628,manual,lie,97.1,481.9,1,,,,0,37.55,0.114,0.149,17,question,9
2026-10-08 22:52:18.552,1014.64,20261008_223523,prim,question,29,628,manual,lie,97.1,481.9,1,,,,0,37.55,0.12,0.165,17,question,9
2026-10-08 22:52:18.753,1014.85,20261008_223523,prim,question,29,628,manual,lie,97.1,481.9,1,,,,0,37.55,0.153,0.162,17,question,9
2026-10-08 22:52:18.960,1015.05,20261008_223523,prim,question,29,628,manual,lie,97.1,481.9,1,,,,0,37.55,0.161,0.169,17,question,9
2026-10-08 22:52:19.195,1015.29,20261008_223523,prim,question,29,628,manual,lie,97.1,481.9,1,,,,0,37.55,0.167,0.159,17,question,9
2026-10-08 22:52:19.375,1015.47,20261008_223523,prim,question,29,628,manual,lie,97.1,481.9,1,,,,0,37.56,0.173,0.164,17,question,9
2026-10-08 22:52:19.611,1015.7,20261008_223523,prim,question,29,628,manual,lie,97.1,481.9,1,,,,0,37.56,0.203,0.214,17,question,9
2026-10-08 22:52:19.793,1015.89,20261008_223523,prim,question,29,628,manual,lie,97.1,481.9,1,,,,0,37.56,0.207,0.239,17,question,9
2026-10-08 22:52:19.987,1016.08,20261008_223523,prim,question,29,628,manual,lie,95.4,481.9,1,,,,0,37.56,0.2,0.219,17,question,9
2026-10-08 22:52:20.200,1016.29,20261008_223523,prim,question,29,628,manual,lie,95.4,481.9,1,,,,0,37.56,0.189,0.301,17,question,9
2026-10-08 22:52:20.401,1016.49,20261008_223523,prim,question,29,628,manual,lie,95.4,481.9,1,,,,0,37.56,0.181,0.295,16,question,9
2026-10-08 22:52:20.605,1016.7,20261008_223523,prim,question,29,628,manual,lie,95.4,481.9,1,,,,0,37.56,0.179,0.28,16,question,9
2026-10-08 22:52:20.823,1016.92,20261008_223523,prim,question,29,628,manual,lie,95.4,481.9,1,,,,0,37.57,0.179,0.28,16,question,9
2026-10-08 22:52:21.029,1017.12,20261008_223523,prim,question,29,628,manual,lie,95.4,481.9,1,,,,0,37.56,0.174,0.254,16,question,9
2026-10-08 22:52:21.227,1017.32,20261008_223523,prim,question,29,628,manual,lie,95.4,481.9,1,,,,0,37.56,0.16,0.243,16,question,9
2026-10-08 22:52:21.438,1017.53,20261008_223523,prim,question,29,628,manual,lie,95.4,481.9,1,,,,0,37.57,0.15,0.233,16,question,9
2026-10-08 22:52:21.644,1017.74,20261008_223523,prim,question,29,628,manual,lie,95.4,481.9,1,,,,0,37.56,0.148,0.234,16,question,9
2026-10-08 22:52:21.851,1017.94,20261008_223523,prim,question,29,628,manual,lie,79.0,481.9,1,,,,0,37.52,0.155,0.227,15,question,9
2026-10-08 22:52:22.045,1018.14,20261008_223523,prim,question,29,628,manual,lie,79.0,481.9,1,,,,0,37.53,0.155,0.22,14,question,9
2026-10-08 22:52:22.244,1018.34,20261008_223523,prim,question,29,628,manual,lie,79.0,481.9,1,,,,0,37.54,0.152,0.202,14,question,9
2026-10-08 22:52:22.453,1018.55,20261008_223523,prim,question,29,628,manual,lie,79.0,481.9,1,,,,0,37.54,0.181,0.223,13,question,9
2026-10-08 22:52:22.645,1018.74,20261008_223523,prim,question,29,628,manual,lie,79.0,481.9,1,,,,0,37.54,0.187,0.211,13,question,9
2026-10-08 22:52:22.844,1018.94,20261008_223523,prim,question,29,628,manual,lie,79.0,481.9,1,,,,0,37.54,0.186,0.251,12,question,9
2026-10-08 22:52:23.052,1019.14,20261008_223523,prim,question,29,628,manual,lie,79.0,481.9,1,,,,0,37.55,0.196,0.245,12,question,9
2026-10-08 22:52:23.249,1019.34,20261008_223523,prim,question,29,628,manual,lie,79.0,481.9,1,,,,0,37.55,0.181,0.222,12,question,9
2026-10-08 22:52:23.460,1019.55,20261008_223523,prim,question,29,628,manual,lie,95.4,481.9,1,,,,0,37.55,0.183,0.246,12,question,9
2026-10-08 22:52:23.659,1019.75,20261008_223523,prim,question,29,628,manual,lie,95.4,481.9,1,,,,0,37.55,0.217,0.288,13,question,9
2026-10-08 22:52:23.871,1019.96,20261008_223523,prim,question,29,628,manual,lie,95.4,481.9,1,,,,0,37.55,0.209,0.283,14,question,9
2026-10-08 22:52:24.073,1020.17,20261008_223523,prim,question,29,628,manual,lie,95.4,481.9,1,,,,0,37.55,0.193,0.269,14,question,9
2026-10-08 22:52:24.278,1020.37,20261008_223523,prim,question,29,628,manual,lie,95.4,481.9,1,,,,0,37.56,0.183,0.257,15,question,9
2026-10-08 22:52:24.487,1020.58,20261008_223523,prim,question,29,628,manual,lie,95.4,481.9,1,,,,0,37.56,0.182,0.256,15,question,9
2026-10-08 22:52:24.689,1020.78,20261008_223523,prim,question,29,628,manual,lie,95.4,481.9,1,,,,0,37.56,0.171,0.251,15,question,9
2026-10-08 22:52:24.894,1020.99,20261008_223523,prim,question,29,628,manual,lie,95.4,481.9,1,,,,0,37.56,0.16,0.24,15,question,9
2026-10-08 22:52:25.101,1021.19,20261008_223523,prim,question,29,628,manual,lie,95.4,481.9,1,,,,0,37.57,0.147,0.236,15,question,9
2026-10-08 22:52:25.304,1021.4,20261008_223523,prim,question,29,628,manual,lie,95.4,481.9,1,,,,0,37.57,0.148,0.255,15,question,9
2026-10-08 22:52:25.510,1021.6,20261008_223523,prim,question,29,628,manual,lie,95.4,481.9,1,,,,0,37.57,0.138,0.249,15,question,9
2026-10-08 22:52:25.728,1021.82,20261008_223523,prim,question,29,628,manual,lie,95.4,481.9,1,,,,0,37.57,0.141,0.26,15,question,9
2026-10-08 22:52:25.916,1022.01,20261008_223523,prim,question,29,628,manual,lie,95.4,481.9,1,,,,0,37.53,0.15,0.243,16,question,9
2026-10-08 22:52:26.139,1022.23,20261008_223523,prim,recovery,29,628,manual,lie,95.4,481.9,1,,,,0,37.54,0.141,0.229,16,ready,8
2026-10-08 22:52:26.345,1022.44,20261008_223523,prim,recovery,29,628,manual,lie,95.4,481.9,1,,,,0,37.51,0.13,0.214,16,ready,8
2026-10-08 22:52:26.551,1022.64,20261008_223523,prim,recovery,29,628,manual,lie,97.1,481.9,1,,,,0,37.52,0.125,0.21,16,ready,8
2026-10-08 22:52:26.765,1022.86,20261008_223523,prim,recovery,29,628,manual,lie,97.1,481.9,1,,,,0,37.52,0.116,0.206,16,ready,8
2026-10-08 22:52:26.959,1023.05,20261008_223523,prim,recovery,29,628,manual,lie,97.1,481.9,1,,,,0,37.52,0.14,0.222,16,ready,9
2026-10-08 22:52:27.175,1023.27,20261008_223523,prim,recovery,29,628,manual,lie,97.1,481.9,1,,,,0,37.52,0.135,0.255,16,ready,9
2026-10-08 22:52:27.382,1023.47,20261008_223523,prim,recovery,29,628,manual,lie,97.1,481.9,1,,,,0,37.51,0.135,0.254,16,ready,9
2026-10-08 22:52:27.583,1023.68,20261008_223523,prim,recovery,29,628,manual,lie,97.1,481.9,1,,,,0,37.51,0.135,0.26,16,ready,9
2026-10-08 22:52:27.787,1023.88,20261008_223523,prim,recovery,29,628,manual,lie,97.1,481.9,1,,,,0,37.52,0.126,0.261,16,ready,9
2026-10-08 22:52:28.000,1024.09,20261008_223523,prim,recovery,29,628,manual,lie,97.1,481.9,1,,,,0,37.52,0.127,0.262,16,ready,9
2026-10-08 22:52:28.213,1024.31,20261008_223523,prim,rest,,,,,97.1,481.9,1,,,,0,37.53,0.131,0.279,16,ready,9
2026-10-08 22:52:28.407,1024.5,20261008_223523,prim,rest,,,,,97.1,481.9,1,0.062,0.062,0.0,1,37.53,0.125,0.257,16,ready,9
2026-10-08 22:52:28.617,1024.71,20261008_223523,prim,rest,,,,,97.1,481.9,1,,,,0,37.53,0.116,0.264,16,ready,9
2026-10-08 22:52:28.914,1025.01,20261008_223523,prim,rest,,,,,97.1,481.9,1,,,,0,37.54,0.201,0.287,16,ready,9
2026-10-08 22:52:29.030,1025.12,20261008_223523,prim,rest,,,,,,,1,,,,0,37.54,0.277,0.536,19,ready,9
2026-10-08 22:52:29.236,1025.33,20261008_223523,prim,rest,,,,,88.0,,1,,,,0,37.54,0.27,0.509,18,ready,9
2026-10-08 22:52:29.441,1025.53,20261008_223523,prim,rest,,,,,88.0,,1,,,,0,37.54,0.246,0.481,17,ready,9
2026-10-08 22:52:29.648,1025.74,20261008_223523,prim,rest,,,,,88.0,,1,,,,0,37.54,0.225,0.454,16,ready,9
2026-10-08 22:52:29.859,1025.95,20261008_223523,prim,rest,,,,,101.1,,1,,,,0,37.55,0.232,0.427,17,ready,9
2026-10-08 22:52:30.063,1026.16,20261008_223523,prim,rest,,,,,101.1,,1,,,,0,37.55,0.247,0.427,17,ready,9
2026-10-08 22:52:30.268,1026.36,20261008_223523,prim,rest,,,,,101.1,,1,,,,0,37.55,0.229,0.388,18,ready,9
2026-10-08 22:52:30.481,1026.57,20261008_223523,prim,rest,,,,,101.1,,1,,,,0,37.56,0.233,0.382,18,ready,9
2026-10-08 22:52:30.687,1026.78,20261008_223523,prim,rest,,,,,101.1,,1,,,,0,37.56,0.237,0.387,18,ready,9
2026-10-08 22:52:30.897,1026.99,20261008_223523,prim,rest,,,,,101.1,,1,,,,0,37.56,0.229,0.369,18,ready,9
2026-10-08 22:52:31.099,1027.19,20261008_223523,prim,question,30,629,manual,lie,101.1,,1,,,,0,37.56,0.22,0.338,18,question,9
2026-10-08 22:52:31.314,1027.41,20261008_223523,prim,question,30,629,manual,lie,116.0,,1,,,,0,37.56,0.214,0.307,20,question,9
2026-10-08 22:52:31.662,1027.76,20261008_223523,prim,question,30,629,manual,lie,116.0,,1,,,,0,37.51,0.206,0.279,21,question,9
2026-10-08 22:52:33.679,1029.77,20261008_223523,prim,question,30,629,manual,lie,101.1,403.9,1,,,,0,37.49,0.16,0.123,20,question,8
2026-10-08 22:52:33.875,1029.97,20261008_223523,prim,question,30,629,manual,lie,101.1,403.9,1,,,,0,37.49,0.168,0.122,20,question,8
2026-10-08 22:52:34.081,1030.17,20261008_223523,prim,question,30,629,manual,lie,101.1,403.9,1,,,,0,37.5,0.201,0.13,19,question,8
2026-10-08 22:52:34.285,1030.38,20261008_223523,prim,question,30,629,manual,lie,101.1,403.9,1,,,,0,37.51,0.202,0.131,19,question,8
2026-10-08 22:52:34.496,1030.59,20261008_223523,prim,question,30,629,manual,lie,101.1,403.9,1,,,,0,37.51,0.202,0.127,19,question,8
2026-10-08 22:52:34.699,1030.79,20261008_223523,prim,question,30,629,manual,lie,101.1,403.9,1,,,,0,37.52,0.207,0.157,19,question,8
2026-10-08 22:52:34.909,1031.0,20261008_223523,prim,question,30,629,manual,lie,101.1,403.9,1,,,,0,37.53,0.201,0.182,19,question,8
2026-10-08 22:52:35.118,1031.21,20261008_223523,prim,question,30,629,manual,lie,101.1,403.9,1,,,,0,37.53,0.196,0.191,19,question,8
2026-10-08 22:52:35.319,1031.41,20261008_223523,prim,question,30,629,manual,lie,101.1,403.9,1,,,,0,37.54,0.187,0.201,19,question,8
2026-10-08 22:52:35.520,1031.61,20261008_223523,prim,question,30,629,manual,lie,101.1,403.9,1,,,,0,37.54,0.179,0.185,19,question,8
2026-10-08 22:52:37.695,1033.79,20261008_223523,prim,question,30,629,manual,lie,97.3,,1,,,,0,37.56,0.126,0.164,18,question,8
2026-10-08 22:52:37.904,1034.0,20261008_223523,prim,question,30,629,manual,lie,97.3,,1,,,,0,37.56,0.115,0.149,17,question,8
2026-10-08 22:52:38.098,1034.19,20261008_223523,prim,question,30,629,manual,lie,97.3,,1,,,,0,37.56,0.105,0.135,17,question,8
2026-10-08 22:52:38.297,1034.39,20261008_223523,prim,question,30,629,manual,lie,97.3,,1,,,,0,37.56,0.095,0.122,17,question,8
2026-10-08 22:52:38.520,1034.61,20261008_223523,prim,question,30,629,manual,lie,97.3,,1,,,,0,37.56,0.091,0.111,17,question,8
2026-10-08 22:52:38.713,1034.81,20261008_223523,prim,question,30,629,manual,lie,97.3,,1,,,,0,37.57,0.101,0.113,17,question,8
2026-10-08 22:52:38.915,1035.01,20261008_223523,prim,question,30,629,manual,lie,97.3,,1,,,,0,37.57,0.103,0.106,17,question,8
2026-10-08 22:52:39.117,1035.21,20261008_223523,prim,question,30,629,manual,lie,97.3,,1,,,,0,37.57,0.111,0.107,16,question,8
2026-10-08 22:52:39.327,1035.42,20261008_223523,prim,question,30,629,manual,lie,97.3,,1,,,,0,37.57,0.1,0.101,16,question,8
2026-10-08 22:52:39.537,1035.63,20261008_223523,prim,question,30,629,manual,lie,97.3,,1,,,,0,37.58,0.091,0.093,16,question,8
2026-10-08 22:52:39.739,1035.83,20261008_223523,prim,question,30,629,manual,lie,,,1,,,,0,37.58,0.085,0.085,17,question,8
2026-10-08 22:52:39.947,1036.04,20261008_223523,prim,question,30,629,manual,lie,,,1,,,,0,37.58,0.079,0.08,17,question,8
2026-10-08 22:52:40.156,1036.25,20261008_223523,prim,question,30,629,manual,lie,,,1,,,,0,37.58,0.076,0.076,17,question,8
2026-10-08 22:52:40.364,1036.46,20261008_223523,prim,question,30,629,manual,lie,,,1,,,,0,37.58,0.133,0.098,18,question,8
2026-10-08 22:52:40.578,1036.67,20261008_223523,prim,question,30,629,manual,lie,,,1,,,,0,37.58,0.182,0.181,19,question,8
2026-10-08 22:52:40.770,1036.86,20261008_223523,prim,question,30,629,manual,lie,,,1,,,,0,37.58,0.184,0.223,20,question,8
2026-10-08 22:52:40.976,1037.07,20261008_223523,prim,question,30,629,manual,lie,,,1,,,,0,37.58,0.194,0.304,21,question,8
2026-10-08 22:52:41.180,1037.27,20261008_223523,prim,question,30,629,manual,lie,126.0,,1,,,,0,37.58,0.197,0.37,23,question,8
2026-10-08 22:52:41.386,1037.48,20261008_223523,prim,question,30,629,manual,lie,126.0,,1,,,,0,37.59,0.182,0.356,24,question,8
2026-10-08 22:52:41.591,1037.68,20261008_223523,prim,question,30,629,manual,lie,126.0,,1,,,,0,37.6,0.173,0.366,26,question,9
2026-10-08 22:52:41.804,1037.9,20261008_223523,prim,question,30,629,manual,lie,126.0,,1,,,,0,37.6,0.169,0.333,27,question,8
2026-10-08 22:52:42.005,1038.1,20261008_223523,prim,question,30,629,manual,lie,126.0,,1,,,,0,37.59,0.176,0.31,27,question,8
2026-10-08 22:52:42.215,1038.31,20261008_223523,prim,question,30,629,manual,lie,126.0,,1,,,,0,37.56,0.178,0.321,28,question,8
2026-10-08 22:52:42.411,1038.5,20261008_223523,prim,question,30,629,manual,lie,126.0,,1,,,,0,37.56,0.167,0.299,29,question,8
2026-10-08 22:52:42.618,1038.71,20261008_223523,prim,question,30,629,manual,lie,126.0,,1,,,,0,37.56,0.172,0.274,29,question,8
2026-10-08 22:52:42.826,1038.92,20261008_223523,prim,question,30,629,manual,lie,126.0,,1,,,,0,37.57,0.166,0.261,30,question,8
2026-10-08 22:52:43.034,1039.13,20261008_223523,prim,recovery,30,629,manual,lie,,,1,,,,0,37.57,0.161,0.262,28,ready,8
2026-10-08 22:52:43.236,1039.33,20261008_223523,prim,recovery,30,629,manual,lie,,,1,,,,0,37.56,0.167,0.282,27,ready,8
2026-10-08 22:52:43.443,1039.54,20261008_223523,prim,recovery,30,629,manual,lie,,,1,,,,0,37.56,0.183,0.289,27,ready,8
2026-10-08 22:52:43.649,1039.74,20261008_223523,prim,recovery,30,629,manual,lie,,,1,,,,0,37.58,0.174,0.274,26,ready,8
2026-10-08 22:52:45.734,1041.83,20261008_223523,prim,rest,,,,,92.1,,1,,,,0,37.58,0.132,0.168,15,ready,8
2026-10-08 22:52:45.929,1042.02,20261008_223523,prim,rest,,,,,92.1,,1,,,,0,37.58,0.126,0.157,15,ready,8
2026-10-08 22:52:46.135,1042.23,20261008_223523,prim,rest,,,,,92.1,,1,,,,0,37.58,0.142,0.169,15,ready,8
2026-10-08 22:52:46.345,1042.44,20261008_223523,prim,rest,,,,,92.1,,1,,,,0,37.58,0.159,0.185,15,ready,8
2026-10-08 22:52:46.549,1042.64,20261008_223523,prim,rest,,,,,86.0,,1,,,,0,37.58,0.184,0.238,14,ready,8
2026-10-08 22:52:46.758,1042.85,20261008_223523,prim,rest,,,,,86.0,,1,,,,0,37.58,0.17,0.227,14,ready,8
2026-10-08 22:52:46.968,1043.06,20261008_223523,prim,rest,,,,,86.0,,1,,,,0,37.58,0.156,0.21,14,ready,8
2026-10-08 22:52:47.173,1043.27,20261008_223523,prim,rest,,,,,86.2,154.3,1,,,,0,37.58,0.154,0.209,14,ready,8
2026-10-08 22:52:47.380,1043.47,20261008_223523,prim,rest,,,,,86.2,154.3,1,,,,0,37.58,0.228,0.258,14,ready,8
2026-10-08 22:52:47.593,1043.69,20261008_223523,prim,rest,,,,,86.2,154.3,1,,,,0,37.58,0.211,0.237,13,ready,8
2026-10-08 22:52:47.795,1043.89,20261008_223523,prim,rest,,,,,86.2,154.3,1,,,,0,37.58,0.201,0.225,13,ready,8
2026-10-08 22:52:48.002,1044.09,20261008_223523,prim,rest,,,,,86.2,154.3,1,,,,0,37.58,0.189,0.205,13,ready,8
2026-10-08 22:52:48.209,1044.3,20261008_223523,prim,rest,,,,,86.2,154.3,1,,,,0,37.58,0.206,0.208,13,ready,8
2026-10-08 22:52:48.413,1044.51,20261008_223523,prim,rest,,,,,86.2,154.3,1,,,,0,37.58,0.205,0.207,13,ready,9
2026-10-08 22:52:48.619,1044.71,20261008_223523,prim,rest,,,,,86.2,154.3,1,,,,0,37.59,0.197,0.219,13,ready,8
2026-10-08 22:52:48.826,1044.92,20261008_223523,prim,rest,,,,,86.2,154.3,1,,,,0,37.59,0.211,0.204,13,ready,9
2026-10-08 22:52:49.042,1045.13,20261008_223523,prim,rest,,,,,,,1,,,,0,37.6,0.199,0.236,15,ready,9
2026-10-08 22:52:49.241,1045.33,20261008_223523,prim,rest,,,,,,,1,,,,0,37.56,0.186,0.244,17,ready,8
2026-10-08 22:52:49.470,1045.56,20261008_223523,prim,rest,,,,,144.4,,1,,,,0,37.57,0.206,0.324,22,ready,8
2026-10-08 22:52:49.650,1045.74,20261008_223523,prim,rest,,,,,144.4,,1,,,,0,37.57,0.206,0.359,26,ready,8
2026-10-08 22:52:49.859,1045.95,20261008_223523,prim,rest,,,,,144.4,,1,,,,0,37.57,0.199,0.354,29,ready,8
2026-10-08 22:52:50.065,1046.16,20261008_223523,prim,rest,,,,,134.2,,1,,,,0,37.57,0.189,0.328,31,ready,8
2026-10-08 22:52:50.294,1046.39,20261008_223523,prim,rest,,,,,134.2,,1,,,,0,37.58,0.205,0.335,32,ready,8
2026-10-08 22:52:50.494,1046.59,20261008_223523,prim,rest,,,,,134.2,,1,,,,0,37.58,0.192,0.318,33,ready,8
2026-10-08 22:52:50.695,1046.79,20261008_223523,prim,rest,,,,,134.2,,1,,,,0,37.58,0.179,0.33,33,ready,8
2026-10-08 22:52:50.893,1046.99,20261008_223523,prim,rest,,,,,134.2,,1,,,,0,37.58,0.177,0.376,34,ready,8
2026-10-08 22:52:51.104,1047.2,20261008_223523,prim,rest,,,,,134.2,,1,,,,0,37.56,0.193,0.407,35,ready,8
2026-10-08 22:52:51.309,1047.4,20261008_223523,prim,rest,,,,,134.2,,1,,,,0,37.56,0.221,0.487,35,ready,8
2026-10-08 22:52:51.519,1047.61,20261008_223523,prim,rest,,,,,134.2,,1,,,,0,37.57,0.217,0.524,36,ready,8
2026-10-08 22:52:51.722,1047.81,20261008_223523,prim,rest,,,,,134.2,,1,,,,0,37.57,0.227,0.491,36,ready,8
2026-10-08 22:52:51.928,1048.02,20261008_223523,prim,rest,,,,,134.2,,1,,,,0,37.57,0.22,0.522,36,ready,8
2026-10-08 22:52:52.137,1048.23,20261008_223523,prim,rest,,,,,134.2,,1,,,,0,37.58,0.209,0.507,36,ready,8
2026-10-08 22:52:52.343,1048.44,20261008_223523,prim,rest,,,,,,,1,,,,0,37.58,0.197,0.508,34,ready,8
2026-10-08 22:52:52.550,1048.64,20261008_223523,prim,rest,,,,,,,1,,,,0,37.58,0.202,0.515,32,ready,8
2026-10-08 22:52:52.762,1048.86,20261008_223523,prim,rest,,,,,,,1,,,,0,37.58,0.213,0.512,31,ready,8
2026-10-08 22:52:52.965,1049.06,20261008_223523,prim,rest,,,,,90.1,,1,,,,0,37.58,0.212,0.513,28,ready,8
2026-10-08 22:52:53.171,1049.26,20261008_223523,prim,rest,,,,,90.1,,1,,,,0,37.58,0.206,0.473,26,ready,8
2026-10-08 22:52:53.380,1049.47,20261008_223523,prim,rest,,,,,90.1,,1,,,,0,37.59,0.231,0.435,24,ready,8
2026-10-08 22:52:53.597,1049.69,20261008_223523,prim,rest,,,,,92.9,,1,,,,0,37.57,0.271,0.415,21,ready,8
2026-10-08 22:52:53.795,1049.89,20261008_223523,prim,rest,,,,,92.9,,1,,,,0,37.57,0.256,0.391,20,ready,8
2026-10-08 22:52:54.000,1050.09,20261008_223523,prim,rest,,,,,92.9,,1,,,,0,37.57,0.24,0.365,19,ready,8
2026-10-08 22:52:54.204,1050.3,20261008_223523,prim,rest,,,,,92.9,,1,,,,0,37.58,0.225,0.371,19,ready,8
2026-10-08 22:52:54.416,1050.51,20261008_223523,prim,rest,,,,,92.9,,1,,,,0,37.58,0.207,0.354,18,ready,8
2026-10-08 22:52:54.621,1050.71,20261008_223523,prim,rest,,,,,92.9,,1,,,,0,37.58,0.191,0.332,18,ready,8
2026-10-08 22:52:54.822,1050.92,20261008_223523,prim,rest,,,,,92.9,,1,,,,0,37.58,0.196,0.31,17,ready,8
2026-10-08 22:52:55.029,1051.12,20261008_223523,prim,rest,,,,,92.9,,1,,,,0,37.59,0.187,0.334,17,ready,8
2026-10-08 22:52:55.241,1051.33,20261008_223523,prim,rest,,,,,92.9,,1,,,,0,37.59,0.208,0.361,17,ready,8
2026-10-08 22:52:55.444,1051.54,20261008_223523,prim,rest,,,,,92.9,,1,,,,0,37.59,0.192,0.338,16,ready,8
2026-10-08 22:52:55.649,1051.74,20261008_223523,prim,rest,,,,,92.9,,1,,,,0,37.59,0.176,0.319,16,ready,8
2026-10-08 22:52:55.859,1051.95,20261008_223523,prim,rest,,,,,92.9,,1,,,,0,37.6,0.169,0.303,16,ready,8
2026-10-08 22:52:56.058,1052.15,20261008_223523,prim,question,31,630,manual,aborted,92.9,,1,,,,0,37.6,0.162,0.277,16,question,8
2026-10-08 22:52:56.257,1052.35,20261008_223523,prim,question,31,630,manual,aborted,92.9,,1,,,,0,37.6,0.151,0.253,16,question,8
2026-10-08 22:52:56.463,1052.56,20261008_223523,prim,question,31,630,manual,aborted,92.9,,1,,,,0,37.6,0.139,0.235,15,question,8
2026-10-08 22:52:56.670,1052.76,20261008_223523,prim,question,31,630,manual,aborted,92.9,,1,,,,0,37.6,0.126,0.214,15,question,8
2026-10-08 22:52:56.874,1052.97,20261008_223523,prim,question,31,630,manual,aborted,92.9,,1,,,,0,37.6,0.115,0.194,15,question,8
2026-10-08 22:52:57.080,1053.17,20261008_223523,prim,question,31,630,manual,aborted,92.9,,1,,,,0,37.6,0.106,0.177,15,question,9
2026-10-08 22:52:57.288,1053.38,20261008_223523,prim,question,31,630,manual,aborted,92.9,,1,,,,0,37.6,0.098,0.161,15,question,8
2026-10-08 22:52:57.500,1053.59,20261008_223523,prim,question,31,630,manual,aborted,92.9,,1,,,,0,37.6,0.09,0.146,15,question,8
2026-10-08 22:52:57.710,1053.8,20261008_223523,prim,question,31,630,manual,aborted,92.9,,1,,,,0,37.55,0.086,0.137,15,question,9
2026-10-08 22:52:57.910,1054.0,20261008_223523,prim,question,31,630,manual,aborted,92.9,,1,,,,0,37.56,0.083,0.127,15,question,8
2026-10-08 22:52:58.121,1054.21,20261008_223523,prim,question,31,630,manual,aborted,,,1,,,,0,37.56,0.076,0.116,15,question,8
2026-10-08 22:52:58.323,1054.42,20261008_223523,prim,question,31,630,manual,aborted,,,1,,,,0,37.57,0.071,0.107,16,question,8
2026-10-08 22:52:58.532,1054.62,20261008_223523,prim,question,31,630,manual,aborted,,,1,,,,0,37.57,0.087,0.109,16,question,8
2026-10-08 22:52:58.741,1054.83,20261008_223523,prim,question,31,630,manual,aborted,,,1,,,,0,37.58,0.085,0.101,17,question,8
2026-10-08 22:52:58.938,1055.03,20261008_223523,prim,question,31,630,manual,aborted,,,1,,,,0,37.58,0.078,0.092,17,question,8
2026-10-08 22:52:59.143,1055.24,20261008_223523,prim,question,31,630,manual,aborted,,,1,,,,0,37.57,0.073,0.084,17,question,8
2026-10-08 22:52:59.431,1055.52,20261008_223523,prim,question,31,630,manual,aborted,,,1,,,,0,37.57,0.066,0.076,17,question,8
2026-10-08 22:52:59.553,1055.65,20261008_223523,prim,question,31,630,manual,aborted,,,1,,,,0,37.58,0.062,0.069,17,question,8
2026-10-08 22:52:59.774,1055.87,20261008_223523,prim,question,31,630,manual,aborted,,,1,,,,0,37.58,0.059,0.063,17,question,8
2026-10-08 22:52:59.963,1056.06,20261008_223523,prim,question,31,630,manual,aborted,,,1,,,,0,37.58,0.066,0.06,18,question,8
2026-10-08 22:53:00.170,1056.26,20261008_223523,prim,question,31,630,manual,aborted,,,1,,,,0,37.6,0.078,0.058,18,question,8
2026-10-08 22:53:00.380,1056.47,20261008_223523,prim,question,31,630,manual,aborted,,,1,,,,0,37.6,0.086,0.063,18,question,8
2026-10-08 22:53:00.589,1056.68,20261008_223523,prim,question,31,630,manual,aborted,98.5,,1,,,,0,37.6,0.106,0.065,18,question,8
2026-10-08 22:53:00.782,1056.87,20261008_223523,prim,question,31,630,manual,aborted,98.5,,1,,,,0,37.6,0.108,0.095,17,question,8
2026-10-08 22:53:01.070,1057.16,20261008_223523,prim,question,31,630,manual,aborted,94.7,,1,,,,0,37.61,0.118,0.115,17,question,9
2026-10-08 22:53:01.196,1057.29,20261008_223523,prim,question,31,630,manual,aborted,94.7,,1,,,,0,37.61,0.11,0.107,17,question,9
2026-10-08 22:53:01.404,1057.5,20261008_223523,prim,question,31,630,manual,aborted,94.7,,1,,,,0,37.61,0.111,0.101,16,question,9
2026-10-08 22:53:01.606,1057.7,20261008_223523,prim,question,31,630,manual,aborted,104.2,125.3,1,,,,0,37.61,0.109,0.096,17,question,9
2026-10-08 22:53:01.817,1057.91,20261008_223523,prim,question,31,630,manual,aborted,104.2,125.3,1,,,,0,37.62,0.107,0.091,17,question,9
2026-10-08 22:53:02.005,1058.1,20261008_223523,prim,question,31,630,manual,aborted,104.2,125.3,1,,,,0,37.59,0.098,0.082,17,question,8
2026-10-08 22:53:02.214,1058.31,20261008_223523,prim,question,31,630,manual,aborted,104.2,125.3,1,,,,0,37.59,0.101,0.092,18,question,8
2026-10-08 22:53:02.411,1058.5,20261008_223523,prim,question,31,630,manual,aborted,104.2,125.3,1,,,,0,37.6,0.122,0.103,18,question,8
2026-10-08 22:53:02.613,1058.71,20261008_223523,prim,question,31,630,manual,aborted,104.2,125.3,1,,,,0,37.6,0.119,0.106,18,question,8
2026-10-08 22:53:02.820,1058.91,20261008_223523,prim,question,31,630,manual,aborted,104.2,125.3,1,,,,0,37.6,0.112,0.098,18,question,8
2026-10-08 22:53:03.024,1059.12,20261008_223523,prim,question,31,630,manual,aborted,104.2,125.3,1,,,,0,37.6,0.117,0.1,18,question,8
2026-10-08 22:53:03.226,1059.32,20261008_223523,prim,question,31,630,manual,aborted,104.2,125.3,1,,,,0,37.6,0.216,0.238,19,question,8
2026-10-08 22:53:03.431,1059.52,20261008_223523,prim,question,31,630,manual,aborted,104.2,125.3,1,,,,0,37.6,0.259,0.384,19,question,8
2026-10-08 22:53:03.638,1059.73,20261008_223523,prim,question,31,630,manual,aborted,104.2,125.3,1,,,,0,37.6,0.25,0.385,19,question,8
2026-10-08 22:53:05.858,1061.95,20261008_223523,prim,rest,,,,,104.7,125.3,1,,,,0,37.62,0.3,0.393,22,ready,9
2026-10-08 22:53:06.060,1062.15,20261008_223523,prim,rest,,,,,104.7,125.3,1,,,,0,37.62,0.284,0.389,22,ready,9
2026-10-08 22:53:06.270,1062.36,20261008_223523,prim,rest,,,,,104.7,125.3,1,,,,0,37.63,0.293,0.538,22,ready,9
2026-10-08 22:53:06.519,1062.61,20261008_223523,prim,rest,,,,,104.7,125.3,1,,,,0,37.63,0.27,0.503,21,ready,9
2026-10-08 22:53:06.679,1062.77,20261008_223523,prim,rest,,,,,104.7,125.3,1,,,,0,37.63,0.256,0.465,21,ready,9
2026-10-08 22:53:06.883,1062.98,20261008_223523,prim,rest,,,,,104.7,125.3,1,,,,0,37.63,0.267,0.443,21,ready,9
2026-10-08 22:53:07.089,1063.18,20261008_223523,prim,rest,,,,,104.7,125.3,1,,,,0,37.63,0.263,0.441,21,ready,9
2026-10-08 22:53:07.295,1063.39,20261008_223523,prim,rest,,,,,104.7,125.3,1,,,,0,37.63,0.295,0.405,21,ready,9
2026-10-08 22:53:07.501,1063.59,20261008_223523,prim,rest,,,,,104.7,125.3,1,,,,0,37.57,0.287,0.374,21,ready,9
2026-10-08 22:53:07.702,1063.79,20261008_223523,prim,rest,,,,,104.7,125.3,1,,,,0,37.57,0.266,0.343,21,ready,9
2026-10-08 22:53:07.964,1064.06,20261008_223523,prim,rest,,,,,104.7,125.3,1,,,,0,37.58,0.244,0.312,21,ready,9
2026-10-08 22:53:08.099,1064.19,20261008_223523,prim,rest,,,,,,,1,,,,0,37.59,0.241,0.3,22,ready,9
2026-10-08 22:53:08.308,1064.4,20261008_223523,prim,rest,,,,,,,1,,,,0,37.6,0.221,0.287,23,ready,9
2026-10-08 22:53:08.518,1064.61,20261008_223523,prim,rest,,,,,,,1,,,,0,37.6,0.202,0.262,23,ready,9
2026-10-08 22:53:08.719,1064.81,20261008_223523,prim,rest,,,,,,,1,,,,0,37.6,0.183,0.237,23,ready,9
2026-10-08 22:53:08.937,1065.03,20261008_223523,prim,rest,,,,,,,1,,,,0,37.61,0.166,0.215,23,ready,9
2026-10-08 22:53:09.134,1065.23,20261008_223523,prim,rest,,,,,,,1,,,,0,37.61,0.15,0.194,23,ready,9
2026-10-08 22:53:09.335,1065.43,20261008_223523,prim,rest,,,,,,,1,,,,0,37.61,0.137,0.177,23,ready,9
2026-10-08 22:53:09.538,1065.63,20261008_223523,prim,rest,,,,,,,1,,,,0,37.61,0.124,0.162,22,ready,9
2026-10-08 22:53:09.741,1065.83,20261008_223523,prim,rest,,,,,,,1,,,,0,37.61,0.113,0.148,22,ready,9
2026-10-08 22:53:09.952,1066.04,20261008_223523,prim,rest,,,,,,,1,,,,0,37.59,0.103,0.136,21,ready,9
2026-10-08 22:53:10.152,1066.24,20261008_223523,prim,rest,,,,,,,1,,,,0,37.6,0.096,0.124,21,ready,9
2026-10-08 22:53:10.380,1066.47,20261008_223523,prim,rest,,,,,,,1,,,,0,37.6,0.088,0.113,21,ready,9
2026-10-08 22:53:10.567,1066.66,20261008_223523,prim,rest,,,,,,,1,,,,0,37.6,0.08,0.104,20,ready,9
2026-10-08 22:53:10.772,1066.87,20261008_223523,prim,rest,,,,,,,1,,,,0,37.6,0.076,0.097,20,ready,9
2026-10-08 22:53:10.979,1067.07,20261008_223523,prim,rest,,,,,,,1,,,,0,37.6,0.072,0.09,20,ready,9
2026-10-08 22:53:11.188,1067.28,20261008_223523,prim,rest,,,,,,,1,,,,0,37.61,0.066,0.083,19,ready,9
2026-10-08 22:53:11.394,1067.49,20261008_223523,prim,rest,,,,,,,1,,,,0,37.61,0.061,0.075,19,ready,9
2026-10-08 22:53:11.599,1067.69,20261008_223523,prim,rest,,,,,,,1,,,,0,37.61,0.056,0.068,19,ready,9
2026-10-08 22:53:11.808,1067.9,20261008_223523,prim,rest,,,,,,,1,,,,0,37.6,0.074,0.073,19,ready,9
2026-10-08 22:53:12.020,1068.11,20261008_223523,prim,rest,,,,,56.7,,1,,,,0,37.61,0.068,0.078,14,ready,9
2026-10-08 22:53:12.222,1068.31,20261008_223523,prim,rest,,,,,56.7,,1,,,,0,37.61,0.064,0.073,13,ready,9
2026-10-08 22:53:12.432,1068.53,20261008_223523,prim,rest,,,,,56.7,,1,,,,0,37.61,0.058,0.067,11,ready,9
2026-10-08 22:53:12.641,1068.73,20261008_223523,prim,rest,,,,,56.7,,1,,,,0,37.61,0.053,0.062,10,ready,9
2026-10-08 22:53:12.843,1068.94,20261008_223523,prim,rest,,,,,56.7,,1,,,,0,37.62,0.048,0.058,9,ready,9
2026-10-08 22:53:13.049,1069.14,20261008_223523,prim,rest,,,,,56.7,,1,,,,0,37.62,0.045,0.053,9,ready,9
2026-10-08 22:53:13.259,1069.35,20261008_223523,prim,rest,,,,,56.7,,1,,,,0,37.62,0.041,0.048,8,ready,9
2026-10-08 22:53:13.462,1069.56,20261008_223523,prim,rest,,,,,56.7,,1,,,,0,37.62,0.04,0.044,8,ready,9
2026-10-08 22:53:13.670,1069.76,20261008_223523,prim,rest,,,,,56.7,,1,,,,0,37.62,0.041,0.045,7,ready,9
2026-10-08 22:53:13.877,1069.97,20261008_223523,prim,rest,,,,,56.7,,1,,,,0,37.62,0.045,0.048,7,ready,9
2026-10-08 22:53:14.082,1070.17,20261008_223523,prim,rest,,,,,56.7,,1,,,,0,37.62,0.042,0.045,7,ready,9
2026-10-08 22:53:14.299,1070.39,20261008_223523,prim,rest,,,,,56.7,,1,,,,0,37.62,0.04,0.044,6,ready,9
2026-10-08 22:53:14.497,1070.59,20261008_223523,prim,rest,,,,,56.7,,1,,,,0,37.62,0.037,0.04,6,ready,9
2026-10-08 22:53:14.706,1070.8,20261008_223523,prim,rest,,,,,56.7,,1,,,,0,37.62,0.036,0.037,6,ready,9
2026-10-08 22:53:14.920,1071.01,20261008_223523,prim,rest,,,,,72.1,,1,,,,0,37.62,0.033,0.034,6,ready,9
2026-10-08 22:53:15.116,1071.21,20261008_223523,prim,rest,,,,,72.1,,1,,,,0,37.63,0.03,0.031,7,ready,9
2026-10-08 22:53:15.322,1071.42,20261008_223523,prim,rest,,,,,72.1,,1,,,,0,37.63,0.031,0.035,7,ready,9
2026-10-08 22:53:15.528,1071.62,20261008_223523,prim,rest,,,,,72.1,,1,,,,0,37.63,0.031,0.038,7,ready,9
2026-10-08 22:53:15.736,1071.83,20261008_223523,prim,rest,,,,,72.1,,1,,,,0,37.63,0.033,0.038,7,ready,9
2026-10-08 22:53:15.941,1072.03,20261008_223523,prim,rest,,,,,72.1,,1,,,,0,37.65,0.033,0.043,7,ready,9
2026-10-08 22:53:16.149,1072.24,20261008_223523,prim,rest,,,,,72.1,,1,,,,0,37.62,0.058,0.055,8,ready,9
2026-10-08 22:53:16.351,1072.44,20261008_223523,prim,rest,,,,,72.1,,1,,,,0,37.62,0.075,0.078,8,ready,9
2026-10-08 22:53:16.760,1072.85,20261008_223523,prim,rest,,,,,72.1,,1,,,,0,37.62,0.088,0.121,8,ready,9
2026-10-08 22:53:16.773,1072.87,20261008_223523,prim,rest,,,,,72.1,,1,,,,0,37.62,0.111,0.138,8,ready,9
2026-10-08 22:53:16.974,1073.07,20261008_223523,prim,rest,,,,,72.1,,1,,,,0,37.62,0.114,0.139,8,ready,9
2026-10-08 22:53:17.178,1073.27,20261008_223523,prim,rest,,,,,72.1,,1,,,,0,37.62,0.104,0.136,8,ready,9
2026-10-08 22:53:17.390,1073.48,20261008_223523,prim,rest,,,,,72.1,,1,,,,0,37.62,0.104,0.137,8,ready,9
2026-10-08 22:53:17.657,1073.75,20261008_223523,prim,rest,,,,,72.1,,1,,,,0,37.63,0.131,0.141,8,ready,9
2026-10-08 22:53:17.792,1073.88,20261008_223523,prim,rest,,,,,72.1,,1,,,,0,37.63,0.154,0.15,8,ready,9
2026-10-08 22:53:18.002,1074.09,20261008_223523,prim,rest,,,,,72.1,,1,,,,0,37.63,0.143,0.145,8,ready,9
2026-10-08 22:53:18.211,1074.3,20261008_223523,prim,rest,,,,,72.1,,1,,,,0,37.63,0.137,0.142,8,ready,9
2026-10-08 22:53:18.417,1074.51,20261008_223523,prim,rest,,,,,72.1,,1,,,,0,37.64,0.117,0.13,9,ready,9
2026-10-08 22:53:18.638,1074.73,20261008_223523,prim,rest,,,,,72.1,,1,,,,0,37.64,0.11,0.132,9,ready,9
2026-10-08 22:53:18.830,1074.92,20261008_223523,prim,rest,,,,,72.1,,1,,,,0,37.63,0.105,0.157,9,ready,9
2026-10-08 22:53:19.037,1075.13,20261008_223523,prim,rest,,,,,72.1,,1,,,,0,37.64,0.103,0.154,9,ready,9
2026-10-08 22:53:19.244,1075.34,20261008_223523,prim,rest,,,,,72.1,,1,,,,0,37.64,0.096,0.146,8,ready,9
2026-10-08 22:53:19.447,1075.54,20261008_223523,prim,rest,,,,,72.1,,1,,,,0,37.64,0.089,0.136,8,ready,9
2026-10-08 22:53:19.658,1075.75,20261008_223523,prim,rest,,,,,72.1,,1,,,,0,37.64,0.089,0.127,8,ready,9
2026-10-08 22:53:19.863,1075.96,20261008_223523,prim,rest,,,,,72.1,,1,,,,0,37.64,0.091,0.119,8,ready,9
2026-10-08 22:53:20.077,1076.17,20261008_223523,prim,rest,,,,,72.1,,1,,,,0,37.63,0.089,0.113,8,ready,9
2026-10-08 22:53:20.282,1076.37,20261008_223523,prim,rest,,,,,72.1,,1,,,,0,37.64,0.085,0.106,8,ready,9
2026-10-08 22:53:20.486,1076.58,20261008_223523,prim,rest,,,,,72.1,,1,,,,0,37.64,0.081,0.097,8,ready,9
2026-10-08 22:53:20.692,1076.78,20261008_223523,prim,rest,,,,,72.1,,1,,,,0,37.64,0.078,0.097,8,ready,9
2026-10-08 22:53:20.902,1076.99,20261008_223523,prim,rest,,,,,72.1,,1,,,,0,37.64,0.075,0.096,8,ready,9
2026-10-08 22:53:21.105,1077.2,20261008_223523,prim,rest,,,,,72.1,,1,,,,0,37.64,0.072,0.098,8,ready,9
2026-10-08 22:53:21.308,1077.4,20261008_223523,prim,rest,,,,,72.1,,1,,,,0,37.64,0.066,0.091,8,ready,9
2026-10-08 22:53:21.516,1077.61,20261008_223523,prim,rest,,,,,72.1,,1,,,,0,37.65,0.062,0.088,8,ready,9
2026-10-08 22:53:21.725,1077.82,20261008_223523,prim,rest,,,,,72.1,,1,,,,0,37.65,0.06,0.1,8,ready,9
2026-10-08 22:53:21.938,1078.03,20261008_223523,prim,rest,,,,,72.1,,1,,,,0,37.65,0.058,0.106,8,ready,9
2026-10-08 22:53:22.139,1078.23,20261008_223523,prim,rest,,,,,72.1,,1,,,,0,37.65,0.054,0.096,8,ready,9
2026-10-08 22:53:22.344,1078.44,20261008_223523,prim,rest,,,,,72.1,,1,,,,0,37.65,0.053,0.087,8,ready,9
2026-10-08 22:53:22.549,1078.64,20261008_223523,prim,rest,,,,,72.1,,1,,,,0,37.65,0.057,0.117,8,ready,9
2026-10-08 22:53:22.770,1078.86,20261008_223523,prim,rest,,,,,72.1,,1,,,,0,37.65,0.054,0.115,8,ready,9
2026-10-08 22:53:22.959,1079.05,20261008_223523,prim,recovery,32,631,manual,lie,,,1,,,,0,37.65,0.054,0.117,10,ready,9
2026-10-08 22:53:23.163,1079.26,20261008_223523,prim,question,32,631,manual,lie,,,1,,,,0,37.65,0.051,0.108,11,question,9
2026-10-08 22:53:23.374,1079.47,20261008_223523,prim,question,32,631,manual,lie,,,1,,,,0,37.66,0.05,0.112,12,question,9
2026-10-08 22:53:23.571,1079.66,20261008_223523,prim,question,32,631,manual,lie,,,1,,,,0,37.66,0.051,0.125,13,question,9
2026-10-08 22:53:23.785,1079.88,20261008_223523,prim,question,32,631,manual,lie,,,1,,,,0,37.66,0.056,0.147,14,question,9
2026-10-08 22:53:23.999,1080.09,20261008_223523,prim,question,32,631,manual,lie,81.8,,1,,,,0,37.66,0.072,0.155,13,question,9
2026-10-08 22:53:24.198,1080.29,20261008_223523,prim,question,32,631,manual,lie,123.8,,1,,,,0,37.66,0.088,0.159,16,question,9
2026-10-08 22:53:24.400,1080.49,20261008_223523,prim,question,32,631,manual,lie,123.8,,1,,,,0,37.66,0.105,0.184,18,question,9
2026-10-08 22:53:24.623,1080.72,20261008_223523,prim,question,32,631,manual,lie,123.8,,1,,,,0,37.63,0.107,0.304,20,question,9
2026-10-08 22:53:24.816,1080.91,20261008_223523,prim,question,32,631,manual,lie,123.8,,1,,,,0,37.63,0.099,0.286,22,question,9
2026-10-08 22:53:25.019,1081.11,20261008_223523,prim,question,32,631,manual,lie,123.8,,1,,,,0,37.64,0.098,0.265,24,question,9
2026-10-08 22:53:25.234,1081.33,20261008_223523,prim,question,32,631,manual,lie,123.8,,1,,,,0,37.64,0.097,0.255,25,question,9
2026-10-08 22:53:25.439,1081.53,20261008_223523,prim,question,32,631,manual,lie,123.8,,1,,,,0,37.64,0.092,0.242,26,question,9
2026-10-08 22:53:25.647,1081.74,20261008_223523,prim,question,32,631,manual,lie,123.8,,1,,,,0,37.64,0.093,0.293,26,question,9
2026-10-08 22:53:25.852,1081.94,20261008_223523,prim,question,32,631,manual,lie,123.8,,1,,,,0,37.64,0.088,0.276,27,question,9
2026-10-08 22:53:26.159,1082.25,20261008_223523,prim,question,32,631,manual,lie,123.8,,1,,,,0,37.65,0.089,0.268,27,question,9
2026-10-08 22:53:26.266,1082.36,20261008_223523,prim,question,32,631,manual,lie,123.8,,1,,,,0,37.65,0.085,0.25,27,question,9
2026-10-08 22:53:26.471,1082.56,20261008_223523,prim,question,32,631,manual,lie,123.8,,1,,,,0,37.65,0.082,0.244,28,question,9
2026-10-08 22:53:26.680,1082.77,20261008_223523,prim,question,32,631,manual,lie,123.8,,1,,,,0,37.65,0.078,0.223,28,question,9
2026-10-08 22:53:26.887,1082.98,20261008_223523,prim,question,32,631,manual,lie,123.8,,1,,,,0,37.65,0.071,0.204,28,question,9
2026-10-08 22:53:27.096,1083.19,20261008_223523,prim,question,32,631,manual,lie,123.8,,1,,,,0,37.65,0.067,0.186,28,question,9
2026-10-08 22:53:27.385,1083.48,20261008_223523,prim,question,32,631,manual,lie,123.8,,1,,,,0,37.65,0.064,0.182,28,question,9
2026-10-08 22:53:27.502,1083.59,20261008_223523,prim,question,32,631,manual,lie,123.8,,1,,,,0,37.65,0.064,0.172,28,question,9
2026-10-08 22:53:27.713,1083.81,20261008_223523,prim,question,32,631,manual,lie,123.8,,1,,,,0,37.65,0.072,0.158,28,question,9
2026-10-08 22:53:27.908,1084.0,20261008_223523,prim,question,32,631,manual,lie,123.8,,1,,,,0,37.66,0.074,0.147,28,question,9
2026-10-08 22:53:28.115,1084.21,20261008_223523,prim,question,32,631,manual,lie,123.8,,1,,,,0,37.66,0.086,0.158,28,question,9
2026-10-08 22:53:28.318,1084.41,20261008_223523,prim,question,32,631,manual,lie,123.8,,1,,,,0,37.67,0.112,0.335,28,question,9
2026-10-08 22:53:28.526,1084.62,20261008_223523,prim,question,32,631,manual,lie,123.8,,1,,,,0,37.67,0.109,0.343,29,question,9
2026-10-08 22:53:28.732,1084.82,20261008_223523,prim,question,32,631,manual,lie,123.8,,1,,,,0,37.68,0.124,0.375,29,question,9
2026-10-08 22:53:28.942,1085.04,20261008_223523,prim,question,32,631,manual,lie,123.8,,1,,,,0,37.65,0.14,0.395,29,question,9
2026-10-08 22:53:29.153,1085.25,20261008_223523,prim,question,32,631,manual,lie,123.8,,1,,,,0,37.65,0.136,0.378,29,question,9
2026-10-08 22:53:29.357,1085.45,20261008_223523,prim,question,32,631,manual,lie,123.8,,1,,,,0,37.65,0.134,0.47,29,question,9
2026-10-08 22:53:29.561,1085.65,20261008_223523,prim,question,32,631,manual,lie,123.8,,1,,,,0,37.65,0.161,0.482,29,question,9
2026-10-08 22:53:29.767,1085.86,20261008_223523,prim,question,32,631,manual,lie,123.8,,1,,,,0,37.66,0.156,0.447,29,question,9
2026-10-08 22:53:29.967,1086.06,20261008_223523,prim,question,32,631,manual,lie,123.8,,1,,,,0,37.66,0.151,0.445,29,question,9
2026-10-08 22:53:30.172,1086.26,20261008_223523,prim,question,32,631,manual,lie,123.8,,1,,,,0,37.67,0.164,0.432,29,question,9
2026-10-08 22:53:30.378,1086.47,20261008_223523,prim,question,32,631,manual,lie,123.8,,1,,,,0,37.67,0.165,0.474,30,question,9
2026-10-08 22:53:30.582,1086.67,20261008_223523,prim,question,32,631,manual,lie,111.1,,1,,,,0,37.66,0.159,0.577,28,question,9
2026-10-08 22:53:30.787,1086.88,20261008_223523,prim,question,32,631,manual,lie,111.1,,1,,,,0,37.67,0.195,0.599,27,question,9
2026-10-08 22:53:30.993,1087.09,20261008_223523,prim,question,32,631,manual,lie,111.1,,1,,,,0,37.66,0.257,0.658,27,question,9
2026-10-08 22:53:31.385,1087.48,20261008_223523,prim,question,32,631,manual,lie,111.1,,1,,,,0,37.66,0.284,0.642,26,question,9
2026-10-08 22:53:31.409,1087.5,20261008_223523,prim,question,32,631,manual,lie,111.1,,1,,,,0,37.66,0.268,0.6,26,question,9
2026-10-08 22:53:31.617,1087.71,20261008_223523,prim,question,32,631,manual,lie,111.1,,1,,,,0,37.65,0.238,0.689,25,question,9
2026-10-08 22:53:31.829,1087.92,20261008_223523,prim,question,32,631,manual,lie,111.1,,1,,,,0,37.66,0.242,0.654,25,question,9
2026-10-08 22:53:32.027,1088.12,20261008_223523,prim,question,32,631,manual,lie,111.1,,1,,,,0,37.66,0.221,0.635,25,question,9
2026-10-08 22:53:32.232,1088.32,20261008_223523,prim,question,32,631,manual,lie,111.1,,1,,,,0,37.66,0.203,0.621,25,question,9
2026-10-08 22:53:32.439,1088.53,20261008_223523,prim,question,32,631,manual,lie,111.1,,1,,,,0,37.66,0.19,0.563,24,question,9
2026-10-08 22:53:32.642,1088.74,20261008_223523,prim,question,32,631,manual,lie,111.1,,1,,,,0,37.61,0.178,0.513,24,question,9
2026-10-08 22:53:32.848,1088.94,20261008_223523,prim,question,32,631,manual,lie,111.1,,1,,,,0,37.62,0.204,0.47,24,question,9
2026-10-08 22:53:33.051,1089.14,20261008_223523,prim,question,32,631,manual,lie,111.1,,1,,,,0,37.64,0.269,0.454,24,question,9
2026-10-08 22:53:33.257,1089.35,20261008_223523,prim,question,32,631,manual,lie,111.1,,1,,,,0,37.64,0.258,0.43,24,question,9
2026-10-08 22:53:33.465,1089.56,20261008_223523,prim,question,32,631,manual,lie,111.1,,1,,,,0,37.64,0.242,0.4,24,question,9
2026-10-08 22:53:33.732,1089.82,20261008_223523,prim,question,32,631,manual,lie,111.1,,1,,,,0,37.65,0.22,0.369,24,question,9
2026-10-08 22:53:33.873,1089.97,20261008_223523,prim,question,32,631,manual,lie,111.1,,1,,,,0,37.65,0.202,0.334,24,question,9
2026-10-08 22:53:35.934,1092.03,20261008_223523,prim,recovery,32,631,manual,lie,,,1,,,,0,37.62,0.118,0.148,22,ready,8
2026-10-08 22:53:36.139,1092.23,20261008_223523,prim,recovery,32,631,manual,lie,,,1,,,,0,37.62,0.113,0.142,22,ready,8
2026-10-08 22:53:36.342,1092.43,20261008_223523,prim,recovery,32,631,manual,lie,,,1,,,,0,37.63,0.105,0.129,22,ready,9
2026-10-08 22:53:36.553,1092.65,20261008_223523,prim,recovery,32,631,manual,lie,,,1,,,,0,37.64,0.1,0.12,21,ready,9
2026-10-08 22:53:36.755,1092.85,20261008_223523,prim,recovery,32,631,manual,lie,,,1,,,,0,37.63,0.11,0.116,21,ready,9
2026-10-08 22:53:36.962,1093.06,20261008_223523,prim,recovery,32,631,manual,lie,,,1,,,,0,37.63,0.104,0.108,21,ready,9
2026-10-08 22:53:37.167,1093.26,20261008_223523,prim,recovery,32,631,manual,lie,,,1,,,,0,37.63,0.096,0.1,20,ready,9
2026-10-08 22:53:37.372,1093.46,20261008_223523,prim,recovery,32,631,manual,lie,,,1,,,,0,37.63,0.09,0.093,20,ready,9
2026-10-08 22:53:37.581,1093.67,20261008_223523,prim,rest,,,,,,,1,,,,0,37.64,0.083,0.085,20,ready,9
2026-10-08 22:53:37.783,1093.88,20261008_223523,prim,rest,,,,,,,1,,,,0,37.64,0.077,0.078,20,ready,9
2026-10-08 22:53:37.989,1094.08,20261008_223523,prim,rest,,,,,,,1,,,,0,37.64,0.073,0.074,19,ready,9
2026-10-08 22:53:38.238,1094.33,20261008_223523,prim,rest,,,,,,,1,,,,0,37.64,0.073,0.068,19,ready,9
2026-10-08 22:53:38.407,1094.5,20261008_223523,prim,rest,,,,,,,1,,,,0,37.64,0.071,0.065,19,ready,9
2026-10-08 22:53:38.607,1094.7,20261008_223523,prim,rest,,,,,,,1,,,,0,37.65,0.079,0.065,19,ready,9
2026-10-08 22:53:38.813,1094.91,20261008_223523,prim,rest,,,,,,,1,,,,0,37.64,0.074,0.062,19,ready,9
2026-10-08 22:53:39.028,1095.12,20261008_223523,prim,rest,,,,,,,1,,,,0,37.65,0.069,0.056,19,ready,9
2026-10-08 22:53:39.232,1095.32,20261008_223523,prim,rest,,,,,,,1,,,,0,37.65,0.064,0.051,18,ready,9
2026-10-08 22:53:39.423,1095.52,20261008_223523,prim,rest,,,,,,,1,,,,0,37.65,0.061,0.047,18,ready,9
2026-10-08 22:53:39.637,1095.73,20261008_223523,prim,rest,,,,,,,1,,,,0,37.65,0.058,0.045,18,ready,9
2026-10-08 22:53:39.860,1095.95,20261008_223523,prim,rest,,,,,,,1,,,,0,37.65,0.06,0.045,18,ready,9
2026-10-08 22:53:40.047,1096.14,20261008_223523,prim,rest,,,,,,,1,,,,0,37.65,0.065,0.051,18,ready,9
2026-10-08 22:53:40.253,1096.35,20261008_223523,prim,rest,,,,,,,1,,,,0,37.65,0.083,0.053,18,ready,9
2026-10-08 22:53:40.470,1096.56,20261008_223523,prim,rest,,,,,,,1,,,,0,37.65,0.1,0.054,18,ready,9
2026-10-08 22:53:40.665,1096.76,20261008_223523,prim,rest,,,,,,,1,,,,0,37.65,0.098,0.055,19,ready,9
2026-10-08 22:53:40.877,1096.97,20261008_223523,prim,rest,,,,,,,1,,,,0,37.65,0.097,0.053,19,ready,9
2026-10-08 22:53:41.084,1097.18,20261008_223523,prim,rest,,,,,,,1,,,,0,37.61,0.098,0.053,19,ready,9
2026-10-08 22:53:41.295,1097.39,20261008_223523,prim,rest,,,,,,,1,,,,0,37.61,0.172,0.114,20,ready,9
2026-10-08 22:53:41.494,1097.59,20261008_223523,prim,rest,,,,,55.5,,1,,,,0,37.63,0.186,0.131,17,ready,9
2026-10-08 22:53:41.718,1097.81,20261008_223523,prim,rest,,,,,55.5,,1,,,,0,37.64,0.156,0.114,13,ready,9
2026-10-08 22:53:41.906,1098.0,20261008_223523,prim,rest,,,,,64.4,,1,,,,0,37.64,0.143,0.104,12,ready,9
2026-10-08 22:53:42.110,1098.2,20261008_223523,prim,rest,,,,,64.4,,1,,,,0,37.64,0.133,0.1,11,ready,9
2026-10-08 22:53:42.315,1098.41,20261008_223523,prim,rest,,,,,64.4,,1,,,,0,37.64,0.123,0.1,10,ready,9
2026-10-08 22:53:42.537,1098.63,20261008_223523,prim,rest,,,,,64.4,,1,,,,0,37.64,0.127,0.101,10,ready,9
2026-10-08 22:53:42.726,1098.82,20261008_223523,prim,rest,,,,,64.4,,1,,,,0,37.65,0.122,0.092,9,ready,9
2026-10-08 22:53:42.933,1099.03,20261008_223523,prim,rest,,,,,64.4,,1,,,,0,37.65,0.114,0.091,9,ready,9
2026-10-08 22:53:43.132,1099.23,20261008_223523,prim,rest,,,,,64.4,,1,,,,0,37.65,0.121,0.09,9,ready,9
2026-10-08 22:53:43.340,1099.43,20261008_223523,prim,rest,,,,,64.4,,1,,,,0,37.65,0.127,0.089,8,ready,9
2026-10-08 22:53:43.546,1099.64,20261008_223523,prim,rest,,,,,64.4,,1,,,,0,37.65,0.119,0.095,8,ready,9
2026-10-08 22:53:43.753,1099.85,20261008_223523,prim,rest,,,,,59.2,,1,,,,0,37.65,0.118,0.105,8,ready,9
2026-10-08 22:53:43.955,1100.05,20261008_223523,prim,rest,,,,,59.2,,1,,,,0,37.65,0.115,0.106,7,ready,9
2026-10-08 22:53:44.163,1100.26,20261008_223523,prim,rest,,,,,59.2,,1,,,,0,37.65,0.105,0.096,7,ready,9
2026-10-08 22:53:44.372,1100.46,20261008_223523,prim,rest,,,,,64.4,,1,,,,0,37.65,0.096,0.089,7,ready,9
2026-10-08 22:53:44.576,1100.67,20261008_223523,prim,rest,,,,,64.4,,1,,,,0,37.65,0.09,0.083,7,ready,9
2026-10-08 22:53:44.786,1100.88,20261008_223523,prim,rest,,,,,64.4,,1,,,,0,37.65,0.084,0.076,7,ready,9
2026-10-08 22:53:45.003,1101.1,20261008_223523,prim,rest,,,,,64.4,,1,,,,0,37.65,0.118,0.102,7,ready,9
2026-10-08 22:53:45.200,1101.29,20261008_223523,prim,rest,,,,,64.4,,1,,,,0,37.64,0.161,0.132,7,ready,9
2026-10-08 22:53:45.421,1101.51,20261008_223523,prim,rest,,,,,64.4,,1,,,,0,37.6,0.175,0.207,7,ready,9
2026-10-08 22:53:45.614,1101.71,20261008_223523,prim,rest,,,,,64.4,,1,,,,0,37.61,0.213,0.304,7,ready,9
2026-10-08 22:53:45.829,1101.92,20261008_223523,prim,rest,,,,,64.4,,1,,,,0,37.61,0.22,0.427,7,ready,9
2026-10-08 22:53:46.026,1102.12,20261008_223523,prim,rest,,,,,64.4,,1,,,,0,37.61,0.203,0.533,7,ready,9
2026-10-08 22:53:46.531,1102.62,20261008_223523,prim,rest,,,,,64.4,,1,0.061,0.061,0.0,1,37.63,0.175,0.557,7,ready,9
2026-10-08 22:53:46.647,1102.74,20261008_223523,prim,rest,,,,,64.4,,1,,,,0,37.63,0.166,0.586,7,ready,9
2026-10-08 22:53:46.857,1102.95,20261008_223523,prim,rest,,,,,54.8,305.4,1,,,,0,37.64,0.16,0.549,7,ready,9
2026-10-08 22:53:47.059,1103.15,20261008_223523,prim,rest,,,,,54.8,305.4,1,,,,0,37.64,0.161,0.5,7,ready,9
2026-10-08 22:53:47.267,1103.36,20261008_223523,prim,rest,,,,,54.8,305.4,1,,,,0,37.64,0.167,0.458,7,ready,9
2026-10-08 22:53:47.481,1103.57,20261008_223523,prim,rest,,,,,54.8,305.4,1,,,,0,37.64,0.156,0.419,6,ready,9
2026-10-08 22:53:47.683,1103.78,20261008_223523,prim,rest,,,,,54.8,305.4,1,,,,0,37.65,0.149,0.387,6,ready,9
2026-10-08 22:53:47.906,1104.0,20261008_223523,prim,rest,,,,,54.8,305.4,1,,,,0,37.65,0.141,0.357,6,ready,9
2026-10-08 22:53:48.091,1104.18,20261008_223523,prim,rest,,,,,51.7,273.6,1,,,,0,37.66,0.13,0.328,6,ready,9
2026-10-08 22:53:48.300,1104.39,20261008_223523,prim,rest,,,,,51.7,273.6,1,,,,0,37.66,0.142,0.299,6,ready,9
2026-10-08 22:53:48.502,1104.6,20261008_223523,prim,rest,,,,,51.7,273.6,1,,,,0,37.66,0.135,0.255,5,ready,9
2026-10-08 22:53:48.716,1104.81,20261008_223523,prim,rest,,,,,51.7,273.6,1,,,,0,37.67,0.124,0.242,5,ready,9
2026-10-08 22:53:48.918,1105.01,20261008_223523,prim,rest,,,,,51.7,273.6,1,,,,0,37.68,0.114,0.229,5,ready,9
2026-10-08 22:53:49.320,1105.41,20261008_223523,prim,rest,,,,,51.7,273.6,1,,,,0,37.7,0.105,0.213,5,ready,9
2026-10-08 22:53:49.331,1105.42,20261008_223523,prim,rest,,,,,51.7,273.6,1,,,,0,37.72,0.102,0.195,5,ready,9
2026-10-08 22:53:49.542,1105.63,20261008_223523,prim,rest,,,,,51.7,273.6,1,,,,0,37.68,0.093,0.177,5,ready,9
2026-10-08 22:53:49.743,1105.84,20261008_223523,prim,rest,,,,,51.7,273.6,1,,,,0,37.7,0.088,0.162,5,ready,9
2026-10-08 22:53:49.947,1106.04,20261008_223523,prim,rest,,,,,51.2,273.6,1,,,,0,37.71,1.43,0.299,6,ready,9
2026-10-08 22:53:50.151,1106.24,20261008_223523,prim,rest,,,,,51.2,273.6,1,,,,0,37.72,2.429,1.752,9,ready,9
2026-10-08 22:53:50.356,1106.45,20261008_223523,prim,rest,,,,,51.2,273.6,1,,,,0,37.73,2.23,1.829,11,ready,9
2026-10-08 22:53:50.566,1106.66,20261008_223523,prim,rest,,,,,51.2,273.6,1,,,,0,37.74,2.02,1.741,12,ready,9
2026-10-08 22:53:50.768,1106.86,20261008_223523,prim,rest,,,,,,,0,,,,0,37.76,1.841,1.619,28,ready,9
2026-10-08 22:53:50.971,1107.06,20261008_223523,prim,rest,,,,,,,0,,,,0,37.77,1.825,1.511,40,ready,9
2026-10-08 22:53:51.178,1107.27,20261008_223523,prim,rest,,,,,,,0,,,,0,37.79,1.938,1.474,51,ready,9
2026-10-08 22:53:51.382,1107.47,20261008_223523,prim,rest,,,,,,,0,,,,0,37.79,1.757,1.336,59,ready,9
2026-10-08 22:53:51.587,1107.68,20261008_223523,prim,rest,,,,,,,0,,,,0,37.79,1.595,1.22,66,ready,9
2026-10-08 22:53:51.793,1107.89,20261008_223523,prim,rest,,,,,,,0,,,,0,37.79,1.643,1.19,71,ready,9
2026-10-08 22:53:52.004,1108.1,20261008_223523,prim,rest,,,,,,,0,,,,0,37.78,1.505,1.082,76,ready,9
2026-10-08 22:53:52.206,1108.3,20261008_223523,prim,rest,,,,,,,0,,,,0,37.78,1.37,0.981,78,ready,9
2026-10-08 22:53:52.470,1108.56,20261008_223523,prim,rest,,,,,,,0,,,,0,37.77,1.255,0.918,80,ready,9
2026-10-08 22:53:52.677,1108.77,20261008_223523,prim,rest,,,,,,,0,,,,0,37.76,1.144,0.844,81,ready,9
2026-10-08 22:53:52.822,1108.92,20261008_223523,prim,rest,,,,,,,0,,,,0,37.76,1.039,0.764,81,ready,9
2026-10-08 22:53:53.032,1109.12,20261008_223523,prim,rest,,,,,,,0,,,,0,37.75,0.945,0.693,80,ready,9
2026-10-08 22:53:53.233,1109.33,20261008_223523,prim,rest,,,,,,,0,,,,0,37.74,0.869,0.631,78,ready,9
2026-10-08 22:53:53.443,1109.54,20261008_223523,prim,rest,,,,,,,0,,,,0,37.73,0.794,0.582,76,ready,9
2026-10-08 22:53:53.646,1109.74,20261008_223523,prim,rest,,,,,,,0,,,,0,37.73,0.724,0.537,73,ready,9
2026-10-08 22:53:53.853,1109.95,20261008_223523,prim,rest,,,,,,,0,,,,0,37.7,0.714,0.519,71,ready,9
2026-10-08 22:53:54.063,1110.16,20261008_223523,prim,rest,,,,,,,0,,,,0,37.69,0.683,0.502,69,ready,9
2026-10-08 22:53:54.272,1110.36,20261008_223523,prim,rest,,,,,,,0,,,,0,37.69,0.632,0.46,66,ready,9
2026-10-08 22:53:54.480,1110.57,20261008_223523,prim,rest,,,,,,,0,,,,0,37.68,0.67,0.436,64,ready,9
2026-10-08 22:53:54.683,1110.78,20261008_223523,prim,rest,,,,,,,0,,,,0,37.68,0.667,0.443,63,ready,9
2026-10-08 22:53:54.895,1110.99,20261008_223523,prim,rest,,,,,,,0,,,,0,37.68,0.705,0.455,63,ready,9
2026-10-08 22:53:55.114,1111.21,20261008_223523,prim,rest,,,,,,,0,,,,0,37.68,0.729,0.547,62,ready,9
2026-10-08 22:53:55.308,1111.4,20261008_223523,prim,rest,,,,,,,0,,,,0,37.68,0.616,0.505,60,ready,9
2026-10-08 22:53:55.514,1111.61,20261008_223523,prim,rest,,,,,,,0,,,,0,37.67,0.562,0.471,58,ready,9
2026-10-08 22:53:55.718,1111.81,20261008_223523,prim,rest,,,,,,,0,,,,0,37.67,0.514,0.429,56,ready,9
2026-10-08 22:53:55.922,1112.01,20261008_223523,prim,rest,,,,,,,0,,,,0,37.67,0.473,0.389,53,ready,9
2026-10-08 22:53:56.158,1112.25,20261008_223523,prim,rest,,,,,,,0,,,,0,37.67,0.489,0.381,52,ready,9
2026-10-08 22:53:56.332,1112.42,20261008_223523,prim,rest,,,,,,,0,,,,0,37.66,0.462,0.356,50,ready,9
2026-10-08 22:53:56.536,1112.63,20261008_223523,prim,rest,,,,,,,0,,,,0,37.66,0.497,0.345,49,ready,9
2026-10-08 22:53:56.744,1112.84,20261008_223523,prim,rest,,,,,,,0,,,,0,37.66,0.546,0.32,49,ready,9
2026-10-08 22:53:56.947,1113.04,20261008_223523,prim,rest,,,,,,,0,,,,0,37.67,0.587,0.297,49,ready,9
2026-10-08 22:53:57.151,1113.24,20261008_223523,prim,rest,,,,,,,0,,,,0,37.67,0.558,0.276,49,ready,9
2026-10-08 22:53:57.356,1113.45,20261008_223523,prim,rest,,,,,,,0,,,,0,37.67,0.52,0.262,48,ready,9
2026-10-08 22:53:57.565,1113.66,20261008_223523,prim,rest,,,,,,,0,,,,0,37.67,0.484,0.238,48,ready,9
2026-10-08 22:53:57.769,1113.86,20261008_223523,prim,rest,,,,,,,0,,,,0,37.67,0.448,0.218,46,ready,9
2026-10-08 22:53:57.972,1114.06,20261008_223523,prim,rest,,,,,,,0,,,,0,37.62,0.412,0.214,45,ready,9
2026-10-08 22:53:58.202,1114.3,20261008_223523,prim,rest,,,,,,,0,,,,0,37.63,0.416,0.263,44,ready,8
2026-10-08 22:53:58.386,1114.48,20261008_223523,prim,rest,,,,,,,1,,,,0,37.64,0.429,0.351,43,ready,8
2026-10-08 22:53:58.593,1114.69,20261008_223523,prim,rest,,,,,,,1,,,,0,37.65,0.456,0.333,43,ready,9
2026-10-08 22:53:58.831,1114.92,20261008_223523,prim,rest,,,,,,,1,,,,0,37.66,0.435,0.304,42,ready,9
2026-10-08 22:53:59.011,1115.1,20261008_223523,prim,rest,,,,,,,1,,,,0,37.67,0.411,0.324,41,ready,9
2026-10-08 22:53:59.213,1115.31,20261008_223523,prim,rest,,,,,,,1,,,,0,37.68,0.441,0.338,41,ready,9
2026-10-08 22:53:59.432,1115.52,20261008_223523,prim,rest,,,,,,,1,,,,0,37.69,0.484,0.327,41,ready,9
2026-10-08 22:53:59.632,1115.73,20261008_223523,prim,rest,,,,,,,0,,,,0,37.7,0.759,0.325,46,ready,9
2026-10-08 22:53:59.843,1115.94,20261008_223523,prim,rest,,,,,,,0,,,,0,37.7,1.167,0.404,53,ready,9
2026-10-08 22:54:00.042,1116.14,20261008_223523,prim,rest,,,,,,,0,,,,0,37.71,1.082,0.409,58,ready,9
2026-10-08 22:54:00.255,1116.35,20261008_223523,prim,rest,,,,,,,0,,,,0,37.71,1.004,0.386,62,ready,9
2026-10-08 22:54:00.457,1116.55,20261008_223523,prim,rest,,,,,,,0,,,,0,37.71,0.929,0.386,64,ready,9
2026-10-08 22:54:00.662,1116.76,20261008_223523,prim,rest,,,,,,,1,,,,0,37.71,0.849,0.371,65,ready,9
2026-10-08 22:54:00.871,1116.96,20261008_223523,prim,rest,,,,,,,1,,,,0,37.71,0.801,0.353,65,ready,9
2026-10-08 22:54:01.078,1117.17,20261008_223523,prim,rest,,,,,,,1,,,,0,37.71,0.747,0.34,65,ready,9
2026-10-08 22:54:01.285,1117.38,20261008_223523,prim,rest,,,,,,,0,,,,0,37.72,0.706,0.336,64,ready,9
2026-10-08 22:54:01.499,1117.59,20261008_223523,prim,rest,,,,,,,0,,,,0,37.73,0.658,0.351,63,ready,9
2026-10-08 22:54:01.704,1117.8,20261008_223523,prim,rest,,,,,,,1,,,,0,37.72,0.608,0.328,61,ready,9
2026-10-08 22:54:01.903,1118.0,20261008_223523,prim,rest,,,,,,,1,,,,0,37.72,0.6,0.326,59,ready,9
2026-10-08 22:54:02.110,1118.2,20261008_223523,prim,rest,,,,,,,1,,,,0,37.64,0.57,0.312,57,ready,8
2026-10-08 22:54:02.314,1118.41,20261008_223523,prim,rest,,,,,,,1,,,,0,37.67,0.529,0.306,56,ready,8
2026-10-08 22:54:02.512,1118.6,20261008_223523,prim,rest,,,,,,,1,,,,0,37.66,0.539,0.318,54,ready,8
2026-10-08 22:54:02.717,1118.81,20261008_223523,prim,rest,,,,,,,1,,,,0,37.69,0.675,0.661,54,ready,8
2026-10-08 22:54:02.914,1119.01,20261008_223523,prim,rest,,,,,,,0,,,,0,37.65,0.664,0.683,55,ready,8
2026-10-08 22:54:03.122,1119.21,20261008_223523,prim,rest,,,,,,,0,,,,0,37.66,0.609,0.652,54,ready,8
2026-10-08 22:54:03.327,1119.42,20261008_223523,prim,rest,,,,,,,0,,,,0,37.66,0.559,0.598,53,ready,8
2026-10-08 22:54:03.536,1119.63,20261008_223523,prim,rest,,,,,,,0,,,,0,37.66,0.525,0.542,52,ready,8
2026-10-08 22:54:03.738,1119.83,20261008_223523,prim,rest,,,,,,,0,,,,0,37.66,0.48,0.493,50,ready,8
2026-10-08 22:54:03.944,1120.04,20261008_223523,prim,rest,,,,,,,0,,,,0,37.65,0.442,0.448,49,ready,8
2026-10-08 22:54:04.148,1120.24,20261008_223523,prim,rest,,,,,,,0,,,,0,37.65,0.424,0.416,47,ready,8
2026-10-08 22:54:04.357,1120.45,20261008_223523,prim,rest,,,,,,,0,,,,0,37.65,0.387,0.395,45,ready,8
2026-10-08 22:54:04.761,1120.85,20261008_223523,prim,rest,,,,,,,0,,,,0,37.64,0.355,0.369,43,ready,8
2026-10-08 22:54:04.762,1120.85,20261008_223523,prim,rest,,,,,,,0,,,,0,37.64,0.324,0.342,41,ready,8
2026-10-08 22:54:04.965,1121.06,20261008_223523,prim,rest,,,,,,,0,,,,0,37.64,0.299,0.332,39,ready,8
2026-10-08 22:54:05.167,1121.26,20261008_223523,prim,rest,,,,,,,0,,,,0,37.63,0.281,0.33,37,ready,8
2026-10-08 22:54:05.371,1121.46,20261008_223523,prim,rest,,,,,,,0,,,,0,37.63,0.321,0.351,36,ready,8
2026-10-08 22:54:05.579,1121.67,20261008_223523,prim,rest,,,,,,,0,,,,0,37.63,0.388,0.476,36,ready,9
2026-10-08 22:54:05.781,1121.87,20261008_223523,prim,rest,,,,,,,0,,,,0,37.63,0.367,0.516,36,ready,9
2026-10-08 22:54:05.991,1122.08,20261008_223523,prim,rest,,,,,,,0,,,,0,37.62,0.356,0.468,36,ready,9
2026-10-08 22:54:06.194,1122.29,20261008_223523,prim,rest,,,,,,,0,,,,0,37.62,0.386,0.438,36,ready,9
2026-10-08 22:54:06.401,1122.49,20261008_223523,prim,rest,,,,,,,0,,,,0,37.62,0.376,0.459,36,ready,9
2026-10-08 22:54:06.631,1122.72,20261008_223523,prim,rest,,,,,,,0,,,,0,37.59,0.426,0.465,36,ready,9
2026-10-08 22:54:06.818,1122.91,20261008_223523,prim,rest,,,,,,,0,0.116,0.094,0.022,1,37.59,0.603,0.437,39,ready,8
2026-10-08 22:54:07.021,1123.11,20261008_223523,prim,rest,,,,,,,0,,,,0,37.59,0.906,0.466,45,ready,8
2026-10-08 22:54:07.230,1123.32,20261008_223523,prim,rest,,,,,,,0,,,,0,37.58,1.122,0.46,52,ready,8
2026-10-08 22:54:07.433,1123.53,20261008_223523,prim,rest,,,,,,,1,,,,0,37.58,1.203,0.474,59,ready,8
2026-10-08 22:54:07.641,1123.73,20261008_223523,prim,rest,,,,,,,1,,,,0,37.58,1.091,0.454,63,ready,8
2026-10-08 22:54:07.850,1123.94,20261008_223523,prim,rest,,,,,,,1,,,,0,37.58,1.0,0.414,66,ready,8
2026-10-08 22:54:08.062,1124.15,20261008_223523,prim,rest,,,,,,,1,,,,0,37.58,0.923,0.379,67,ready,8
2026-10-08 22:54:08.264,1124.36,20261008_223523,prim,rest,,,,,,,1,,,,0,37.58,0.942,0.367,69,ready,8
2026-10-08 22:54:08.472,1124.56,20261008_223523,prim,rest,,,,,,,1,,,,0,37.58,0.899,0.374,69,ready,8
2026-10-08 22:54:08.686,1124.78,20261008_223523,prim,rest,,,,,,,1,,,,0,37.58,0.822,0.352,69,ready,8
2026-10-08 22:54:08.888,1124.98,20261008_223523,prim,rest,,,,,,,1,,,,0,37.59,0.761,0.326,68,ready,8
2026-10-08 22:54:09.092,1125.19,20261008_223523,prim,rest,,,,,,,1,,,,0,37.59,0.754,0.449,67,ready,8
2026-10-08 22:54:09.301,1125.39,20261008_223523,prim,rest,,,,,,,1,,,,0,37.59,0.736,0.431,66,ready,8
2026-10-08 22:54:09.510,1125.6,20261008_223523,prim,rest,,,,,,,1,,,,0,37.6,0.62,0.372,63,ready,9
2026-10-08 22:54:09.982,1126.07,20261008_223523,prim,rest,,,,,,,1,,,,0,37.61,0.6,0.358,61,ready,9
2026-10-08 22:54:09.983,1126.08,20261008_223523,prim,rest,,,,,,,1,,,,0,37.61,0.574,0.337,59,ready,9
2026-10-08 22:54:10.121,1126.21,20261008_223523,prim,rest,,,,,,,1,,,,0,37.61,0.571,0.32,57,ready,9
2026-10-08 22:54:10.326,1126.42,20261008_223523,prim,rest,,,,,,,1,,,,0,37.62,0.537,0.295,55,ready,9
2026-10-08 22:54:10.532,1126.62,20261008_223523,prim,rest,,,,,,,1,,,,0,37.62,0.519,0.28,54,ready,9
2026-10-08 22:54:10.732,1126.83,20261008_223523,prim,rest,,,,,,,1,,,,0,37.59,0.475,0.256,52,ready,9
2026-10-08 22:54:10.942,1127.03,20261008_223523,prim,rest,,,,,,,1,,,,0,37.6,0.434,0.234,49,ready,8
2026-10-08 22:54:11.150,1127.24,20261008_223523,prim,rest,,,,,,,1,,,,0,37.61,0.399,0.218,47,ready,8
2026-10-08 22:54:11.356,1127.45,20261008_223523,prim,rest,,,,,,,1,,,,0,37.61,0.369,0.199,45,ready,8
2026-10-08 22:54:11.564,1127.66,20261008_223523,prim,rest,,,,,,,1,,,,0,37.61,0.334,0.181,43,ready,8
2026-10-08 22:54:11.770,1127.86,20261008_223523,prim,rest,,,,,,,1,,,,0,37.61,0.305,0.164,41,ready,8
2026-10-08 22:54:11.975,1128.07,20261008_223523,prim,rest,,,,,,,1,,,,0,37.62,0.28,0.15,39,ready,8
2026-10-08 22:54:12.220,1128.31,20261008_223523,prim,rest,,,,,,,1,,,,0,37.62,0.255,0.138,37,ready,8
2026-10-08 22:54:12.428,1128.52,20261008_223523,prim,rest,,,,,,,1,,,,0,37.61,0.234,0.138,35,ready,8
2026-10-08 22:54:12.619,1128.71,20261008_223523,prim,rest,,,,,,,1,,,,0,37.61,0.218,0.133,33,ready,8
2026-10-08 22:54:12.856,1128.95,20261008_223523,prim,rest,,,,,,,1,,,,0,37.59,0.215,0.127,32,ready,8
2026-10-08 22:54:13.051,1129.14,20261008_223523,prim,rest,,,,,,,1,,,,0,37.59,0.204,0.144,30,ready,8
2026-10-08 22:54:13.241,1129.33,20261008_223523,prim,rest,,,,,,,1,,,,0,37.59,0.196,0.144,29,ready,9
2026-10-08 22:54:13.438,1129.53,20261008_223523,prim,rest,,,,,,,1,,,,0,37.59,0.185,0.15,28,ready,9
2026-10-08 22:54:13.651,1129.74,20261008_223523,prim,rest,,,,,,,1,,,,0,37.59,0.171,0.138,27,ready,8
2026-10-08 22:54:13.856,1129.95,20261008_223523,prim,rest,,,,,,,1,,,,0,37.6,0.173,0.132,27,ready,8
2026-10-08 22:54:14.062,1130.15,20261008_223523,prim,rest,,,,,,,1,,,,0,37.6,0.169,0.126,26,ready,9
2026-10-08 22:54:14.264,1130.36,20261008_223523,prim,rest,,,,,,,1,,,,0,37.6,0.179,0.123,25,ready,9
2026-10-08 22:54:14.471,1130.56,20261008_223523,prim,rest,,,,,,,1,,,,0,37.61,0.192,0.149,25,ready,9
2026-10-08 22:54:14.641,1130.73,20261008_223523,prim,rest,,,,,,,1,,,,0,37.61,0.205,0.145,25,ready,9
2026-10-08 22:54:14.897,1130.99,20261008_223523,prim,rest,,,,,,,1,,,,0,37.61,0.22,0.138,25,ready,9
2026-10-08 22:54:15.066,1131.16,20261008_223523,prim,rest,,,,,,,1,,,,0,37.62,0.205,0.142,25,ready,9
2026-10-08 22:54:15.274,1131.37,20261008_223523,prim,rest,,,,,,,1,,,,0,37.62,0.276,0.179,26,ready,9
2026-10-08 22:54:15.473,1131.57,20261008_223523,prim,rest,,,,,101.6,,1,,,,0,37.63,0.278,0.173,25,ready,9
2026-10-08 22:54:15.700,1131.79,20261008_223523,prim,rest,,,,,101.6,,1,,,,0,37.64,0.265,0.158,24,ready,9
2026-10-08 22:54:15.882,1131.98,20261008_223523,prim,rest,,,,,101.6,,1,,,,0,37.65,0.267,0.158,23,ready,9
2026-10-08 22:54:16.083,1132.18,20261008_223523,prim,rest,,,,,101.6,,1,,,,0,37.65,0.282,0.174,22,ready,9
2026-10-08 22:54:16.286,1132.38,20261008_223523,prim,rest,,,,,101.6,,1,,,,0,37.65,0.317,0.16,22,ready,9
2026-10-08 22:54:16.493,1132.59,20261008_223523,prim,rest,,,,,101.6,,1,,,,0,37.65,0.348,0.148,22,ready,9
2026-10-08 22:54:16.709,1132.8,20261008_223523,prim,rest,,,,,101.6,,1,,,,0,37.66,0.33,0.155,22,ready,8
2026-10-08 22:54:16.903,1133.0,20261008_223523,prim,rest,,,,,101.6,,1,,,,0,37.68,0.332,0.206,21,ready,9
2026-10-08 22:54:17.109,1133.2,20261008_223523,prim,rest,,,,,101.6,,1,,,,0,37.69,0.336,0.201,21,ready,9
2026-10-08 22:54:17.309,1133.4,20261008_223523,prim,rest,,,,,101.6,,1,,,,0,37.69,0.316,0.183,21,ready,9
2026-10-08 22:54:17.506,1133.6,20261008_223523,prim,rest,,,,,101.6,,1,,,,0,37.7,0.315,0.185,21,ready,9
2026-10-08 22:54:17.711,1133.8,20261008_223523,prim,rest,,,,,101.6,,1,,,,0,37.71,0.294,0.176,21,ready,9
2026-10-08 22:54:17.905,1134.0,20261008_223523,prim,rest,,,,,101.6,,1,,,,0,37.72,0.271,0.16,20,ready,9
2026-10-08 22:54:18.129,1134.22,20261008_223523,prim,rest,,,,,101.6,,1,,,,0,37.73,0.283,0.174,20,ready,9
2026-10-08 22:54:18.313,1134.41,20261008_223523,prim,rest,,,,,101.6,,1,,,,0,37.74,0.281,0.229,20,ready,9
2026-10-08 22:54:18.685,1134.78,20261008_223523,prim,rest,,,,,86.7,,1,,,,0,37.75,0.359,0.222,19,ready,9
2026-10-08 22:54:18.728,1134.82,20261008_223523,prim,rest,,,,,86.7,,1,,,,0,37.76,0.354,0.205,18,ready,9
2026-10-08 22:54:18.935,1135.03,20261008_223523,prim,rest,,,,,86.7,,1,,,,0,37.77,0.332,0.19,18,ready,9
2026-10-08 22:54:19.199,1135.29,20261008_223523,prim,rest,,,,,86.7,,1,,,,0,37.78,0.302,0.173,17,ready,9
2026-10-08 22:54:19.346,1135.44,20261008_223523,prim,rest,,,,,86.7,,1,,,,0,37.75,0.288,0.169,16,ready,9
2026-10-08 22:54:19.556,1135.65,20261008_223523,prim,rest,,,,,86.7,,1,,,,0,37.76,0.267,0.156,16,ready,9
2026-10-08 22:54:19.758,1135.85,20261008_223523,prim,rest,,,,,86.7,,1,,,,0,37.76,0.254,0.145,16,ready,9
2026-10-08 22:54:19.961,1136.05,20261008_223523,prim,rest,,,,,86.7,,1,,,,0,37.78,0.253,0.132,15,ready,9
2026-10-08 22:54:20.165,1136.26,20261008_223523,prim,rest,,,,,86.7,,1,,,,0,37.78,0.259,0.123,15,ready,9
2026-10-08 22:54:20.368,1136.46,20261008_223523,prim,rest,,,,,86.7,,1,,,,0,37.79,0.241,0.117,15,ready,9
2026-10-08 22:54:20.572,1136.66,20261008_223523,prim,rest,,,,,86.7,,1,,,,0,37.8,0.22,0.107,14,ready,9
2026-10-08 22:54:20.776,1136.87,20261008_223523,prim,rest,,,,,86.7,,1,,,,0,37.81,0.201,0.097,14,ready,9
2026-10-08 22:54:20.985,1137.08,20261008_223523,prim,rest,,,,,86.7,,1,,,,0,37.81,0.186,0.09,14,ready,9
2026-10-08 22:54:21.188,1137.28,20261008_223523,prim,rest,,,,,86.7,,1,,,,0,37.82,0.178,0.083,14,ready,9
2026-10-08 22:54:21.399,1137.49,20261008_223523,prim,rest,,,,,86.7,,1,,,,0,37.82,0.164,0.076,14,ready,9
2026-10-08 22:54:21.604,1137.7,20261008_223523,prim,rest,,,,,,,1,,,,0,37.83,0.162,0.077,15,ready,9
2026-10-08 22:54:21.809,1137.9,20261008_223523,prim,rest,,,,,,,1,,,,0,37.83,0.149,0.071,16,ready,9
2026-10-08 22:54:22.019,1138.11,20261008_223523,prim,rest,,,,,,,1,,,,0,37.84,0.136,0.065,17,ready,9
2026-10-08 22:54:22.232,1138.32,20261008_223523,prim,rest,,,,,,,1,,,,0,37.84,0.128,0.061,18,ready,9
2026-10-08 22:54:22.440,1138.53,20261008_223523,prim,rest,,,,,,,1,,,,0,37.84,0.119,0.058,18,ready,9
2026-10-08 22:54:22.647,1138.74,20261008_223523,prim,rest,,,,,,,1,,,,0,37.85,0.109,0.055,19,ready,9
2026-10-08 22:54:22.851,1138.94,20261008_223523,prim,rest,,,,,,,1,,,,0,37.85,0.1,0.051,19,ready,9
2026-10-08 22:54:23.073,1139.17,20261008_223523,prim,rest,,,,,,,1,,,,0,37.86,0.096,0.05,19,ready,9
2026-10-08 22:54:23.261,1139.35,20261008_223523,prim,rest,,,,,,,1,,,,0,37.86,0.09,0.049,19,ready,9
2026-10-08 22:54:23.470,1139.56,20261008_223523,prim,rest,,,,,,,1,,,,0,37.86,0.092,0.052,19,ready,9
2026-10-08 22:54:23.679,1139.77,20261008_223523,prim,rest,,,,,,,1,,,,0,37.82,0.085,0.049,19,ready,9
2026-10-08 22:54:23.874,1139.97,20261008_223523,prim,rest,,,,,,,1,,,,0,37.83,0.081,0.051,19,ready,8
2026-10-08 22:54:24.080,1140.17,20261008_223523,prim,rest,,,,,,,1,,,,0,37.83,0.078,0.048,19,ready,8
2026-10-08 22:54:24.286,1140.38,20261008_223523,prim,rest,,,,,,,1,,,,0,37.84,0.076,0.048,19,ready,8
2026-10-08 22:54:24.493,1140.59,20261008_223523,prim,rest,,,,,,,1,,,,0,37.85,0.074,0.047,19,ready,9
2026-10-08 22:54:24.702,1140.79,20261008_223523,prim,rest,,,,,91.7,,1,,,,0,37.85,0.081,0.055,17,ready,9
2026-10-08 22:54:24.905,1141.0,20261008_223523,prim,rest,,,,,97.4,,1,,,,0,37.86,0.08,0.053,17,ready,9
2026-10-08 22:54:25.111,1141.2,20261008_223523,prim,rest,,,,,97.4,,1,,,,0,37.86,0.082,0.055,17,ready,9
2026-10-08 22:54:25.316,1141.41,20261008_223523,prim,rest,,,,,97.4,,1,,,,0,37.87,0.09,0.051,16,ready,9
2026-10-08 22:54:25.526,1141.62,20261008_223523,prim,rest,,,,,97.4,,1,,,,0,37.87,0.119,0.11,16,ready,9
2026-10-08 22:54:25.726,1141.82,20261008_223523,prim,rest,,,,,97.4,,1,,,,0,37.87,0.249,0.348,17,ready,9
2026-10-08 22:54:25.935,1142.03,20261008_223523,prim,rest,,,,,97.4,,1,,,,0,37.88,0.448,0.785,17,ready,9
2026-10-08 22:54:26.133,1142.23,20261008_223523,prim,rest,,,,,97.4,,1,,,,0,37.88,0.444,0.857,18,ready,9
2026-10-08 22:54:26.331,1142.42,20261008_223523,prim,rest,,,,,97.4,,1,,,,0,37.87,0.445,0.851,18,ready,9
2026-10-08 22:54:26.537,1142.63,20261008_223523,prim,rest,,,,,97.4,,1,,,,0,37.87,0.419,0.777,18,ready,9
2026-10-08 22:54:26.750,1142.84,20261008_223523,prim,rest,,,,,105.1,,1,,,,0,37.87,0.385,0.704,19,ready,9
2026-10-08 22:54:26.960,1143.05,20261008_223523,prim,rest,,,,,105.1,,1,,,,0,37.87,0.379,0.638,20,ready,9
2026-10-08 22:54:27.153,1143.25,20261008_223523,prim,rest,,,,,105.1,,1,,,,0,37.87,0.366,0.578,20,ready,9
2026-10-08 22:54:27.357,1143.45,20261008_223523,prim,rest,,,,,105.1,,1,,,,0,37.87,0.357,0.524,21,ready,9
2026-10-08 22:54:27.573,1143.67,20261008_223523,prim,rest,,,,,105.1,,1,,,,0,37.87,0.341,0.475,21,ready,9
2026-10-08 22:54:27.765,1143.86,20261008_223523,prim,rest,,,,,105.1,,1,,,,0,37.88,0.317,0.431,21,ready,9
2026-10-08 22:54:27.978,1144.07,20261008_223523,prim,rest,,,,,105.1,,1,,,,0,37.85,0.3,0.392,21,ready,9
2026-10-08 22:54:28.178,1144.27,20261008_223523,prim,rest,,,,,105.1,,1,,,,0,37.85,0.279,0.355,21,ready,9
2026-10-08 22:54:28.383,1144.48,20261008_223523,prim,rest,,,,,105.1,,1,,,,0,37.85,0.264,0.322,21,ready,9
2026-10-08 22:54:28.586,1144.68,20261008_223523,prim,rest,,,,,105.1,,1,,,,0,37.85,0.255,0.297,21,ready,9
2026-10-08 22:54:28.797,1144.89,20261008_223523,prim,rest,,,,,105.1,,1,,,,0,37.85,0.244,0.274,21,ready,9
2026-10-08 22:54:29.033,1145.13,20261008_223523,prim,rest,,,,,105.1,,1,,,,0,37.86,0.228,0.253,21,ready,9
2026-10-08 22:54:29.211,1145.3,20261008_223523,prim,rest,,,,,105.1,,1,,,,0,37.86,0.214,0.23,21,ready,9
2026-10-08 22:54:29.414,1145.51,20261008_223523,prim,rest,,,,,108.3,124.2,1,,,,0,37.86,0.205,0.209,21,ready,9
2026-10-08 22:54:29.695,1145.79,20261008_223523,prim,rest,,,,,108.3,124.2,1,,,,0,37.86,0.205,0.194,21,ready,9
2026-10-08 22:54:29.831,1145.92,20261008_223523,prim,rest,,,,,108.3,124.2,1,,,,0,37.85,0.19,0.179,21,ready,9
2026-10-08 22:54:30.033,1146.13,20261008_223523,prim,rest,,,,,108.3,124.2,1,,,,0,37.86,0.191,0.176,22,ready,9
2026-10-08 22:54:30.242,1146.34,20261008_223523,prim,rest,,,,,108.3,124.2,1,,,,0,37.86,0.185,0.166,22,ready,9
2026-10-08 22:54:30.460,1146.55,20261008_223523,prim,rest,,,,,108.3,124.2,1,,,,0,37.86,0.183,0.163,22,ready,9
2026-10-08 22:54:30.660,1146.75,20261008_223523,prim,rest,,,,,108.3,124.2,1,,,,0,37.87,0.24,0.179,22,ready,9
2026-10-08 22:54:30.877,1146.97,20261008_223523,prim,rest,,,,,108.3,124.2,1,,,,0,37.87,0.229,0.181,22,ready,9
2026-10-08 22:54:31.076,1147.17,20261008_223523,prim,rest,,,,,108.3,124.2,1,,,,0,37.87,0.21,0.164,22,ready,9
2026-10-08 22:54:31.281,1147.37,20261008_223523,prim,rest,,,,,108.3,124.2,1,,,,0,37.88,0.21,0.151,22,ready,9
2026-10-08 22:54:31.488,1147.58,20261008_223523,prim,rest,,,,,105.1,124.2,1,,,,0,37.88,0.25,0.187,22,ready,9
2026-10-08 22:54:31.695,1147.79,20261008_223523,prim,rest,,,,,105.1,124.2,1,,,,0,37.88,0.288,0.203,22,ready,9
2026-10-08 22:54:31.902,1147.99,20261008_223523,prim,rest,,,,,97.5,118.0,1,,,,0,37.87,0.35,0.318,21,ready,9
2026-10-08 22:54:32.112,1148.2,20261008_223523,prim,rest,,,,,97.5,118.0,1,,,,0,37.87,0.351,0.307,21,ready,9
2026-10-08 22:54:32.316,1148.41,20261008_223523,prim,rest,,,,,97.5,122.6,1,,,,0,37.86,0.34,0.295,20,ready,9
2026-10-08 22:54:32.521,1148.61,20261008_223523,prim,rest,,,,,97.5,122.6,1,,,,0,37.86,0.321,0.276,20,ready,9
2026-10-08 22:54:32.728,1148.82,20261008_223523,prim,rest,,,,,97.5,122.6,1,,,,0,37.86,0.311,0.271,20,ready,8
2026-10-08 22:54:32.930,1149.02,20261008_223523,prim,rest,,,,,108.3,90.6,1,,,,0,37.86,0.311,0.258,20,ready,8
2026-10-08 22:54:33.139,1149.23,20261008_223523,prim,rest,,,,,108.3,90.6,1,,,,0,37.86,0.31,0.24,21,ready,8
2026-10-08 22:54:33.346,1149.44,20261008_223523,prim,rest,,,,,108.3,90.6,1,,,,0,37.86,0.346,0.23,21,ready,8
2026-10-08 22:54:33.553,1149.65,20261008_223523,prim,rest,,,,,,,0,,,,0,37.81,0.351,0.216,24,ready,8
2026-10-08 22:54:33.759,1149.85,20261008_223523,prim,rest,,,,,,,0,,,,0,37.81,0.351,0.21,26,ready,8
2026-10-08 22:54:33.966,1150.06,20261008_223523,prim,rest,,,,,,,1,,,,0,37.81,0.327,0.199,27,ready,8
2026-10-08 22:54:34.168,1150.26,20261008_223523,prim,rest,,,,,,,1,,,,0,37.82,0.3,0.181,27,ready,9
2026-10-08 22:54:34.372,1150.46,20261008_223523,prim,rest,,,,,,,1,,,,0,37.82,0.276,0.168,28,ready,9
2026-10-08 22:54:34.572,1150.66,20261008_223523,prim,rest,,,,,,,1,,,,0,37.81,0.253,0.156,28,ready,9
2026-10-08 22:54:34.777,1150.87,20261008_223523,prim,rest,,,,,,,1,,,,0,37.79,0.233,0.144,27,ready,9
2026-10-08 22:54:34.981,1151.07,20261008_223523,prim,rest,,,,,,,1,,,,0,37.78,0.225,0.182,27,ready,9
2026-10-08 22:54:35.190,1151.28,20261008_223523,prim,rest,,,,,,,1,,,,0,37.76,0.255,0.251,27,ready,9
2026-10-08 22:54:35.400,1151.49,20261008_223523,prim,rest,,,,,,,1,,,,0,37.74,0.268,0.284,28,ready,9
2026-10-08 22:54:35.606,1151.7,20261008_223523,prim,rest,,,,,,,1,,,,0,37.72,0.253,0.269,28,ready,9
2026-10-08 22:54:35.810,1151.9,20261008_223523,prim,rest,,,,,,,1,,,,0,37.71,0.247,0.251,27,ready,9
2026-10-08 22:54:36.096,1152.19,20261008_223523,prim,rest,,,,,,,1,,,,0,37.7,0.24,0.272,27,ready,9
2026-10-08 22:54:36.226,1152.32,20261008_223523,prim,rest,,,,,,,1,,,,0,37.69,0.283,0.341,28,ready,9
2026-10-08 22:54:36.429,1152.52,20261008_223523,prim,rest,,,,,,,1,,,,0,37.64,0.273,0.32,28,ready,9
2026-10-08 22:54:36.638,1152.73,20261008_223523,prim,rest,,,,,,,1,,,,0,37.64,0.259,0.308,28,ready,9
2026-10-08 22:54:36.840,1152.93,20261008_223523,prim,rest,,,,,,,1,,,,0,37.64,0.261,0.303,28,ready,9
2026-10-08 22:54:37.054,1153.15,20261008_223523,prim,rest,,,,,,,1,,,,0,37.64,0.313,0.327,29,ready,9
2026-10-08 22:54:37.254,1153.35,20261008_223523,prim,rest,,,,,,,1,,,,0,37.64,0.364,0.401,30,ready,9
2026-10-08 22:54:37.460,1153.55,20261008_223523,prim,rest,,,,,,,1,,,,0,37.64,0.43,0.42,31,ready,9
2026-10-08 22:54:37.669,1153.76,20261008_223523,prim,rest,,,,,,,1,,,,0,37.64,0.427,0.4,33,ready,9
2026-10-08 22:54:37.872,1153.96,20261008_223523,prim,rest,,,,,,,1,,,,0,37.63,0.413,0.382,34,ready,9
2026-10-08 22:54:38.082,1154.17,20261008_223523,prim,rest,,,,,,,1,,,,0,37.63,0.503,0.357,36,ready,9
2026-10-08 22:54:38.284,1154.38,20261008_223523,prim,rest,,,,,,,1,,,,0,37.63,0.461,0.346,37,ready,9
2026-10-08 22:54:38.551,1154.64,20261008_223523,prim,rest,,,,,,,1,,,,0,37.64,0.423,0.331,37,ready,9
2026-10-08 22:54:38.700,1154.79,20261008_223523,prim,rest,,,,,,,1,,,,0,37.64,0.356,0.285,37,ready,9
2026-10-08 22:54:38.906,1155.0,20261008_223523,prim,rest,,,,,,,1,,,,0,37.64,0.332,0.258,36,ready,9
2026-10-08 22:54:39.165,1155.26,20261008_223523,prim,rest,,,,,,,1,,,,0,37.64,0.318,0.238,35,ready,9
2026-10-08 22:54:39.315,1155.41,20261008_223523,prim,rest,,,,,,,1,,,,0,37.64,0.391,0.243,35,ready,9
2026-10-08 22:54:39.522,1155.61,20261008_223523,prim,rest,,,,,,,1,,,,0,37.65,0.37,0.23,35,ready,9
2026-10-08 22:54:39.728,1155.82,20261008_223523,prim,rest,,,,,,,1,,,,0,37.65,0.347,0.212,35,ready,9
2026-10-08 22:54:39.930,1156.02,20261008_223523,prim,rest,,,,,,,1,,,,0,37.66,0.35,0.227,35,ready,9
2026-10-08 22:54:40.180,1156.27,20261008_223523,prim,rest,,,,,,,1,,,,0,37.67,0.367,0.231,35,ready,9
