time_iso,t_sec,run_id,subject,phase,question_no,watch_qid,mode,label,hr_bpm,hrv_ms,ppg_contact,gsr_us,gsr_tonic_us,gsr_phasic_us,gsr_contact,skin_temp_c,tremor_ms2,motion_ms2,stress_index,engine_state,battery_mv
2026-10-08 20:40:19.877,21.9,20261008_203957,เทส,rest,,,,,97.1,315.7,1,0.233,0.238,-0.005,1,35.43,0.021,0.031,,idle,9
2026-10-08 20:40:20.075,22.1,20261008_203957,เทส,rest,,,,,97.1,315.7,1,0.232,0.238,-0.006,1,35.43,0.021,0.028,,idle,9
2026-10-08 20:40:20.281,22.31,20261008_203957,เทส,rest,,,,,97.1,88.4,1,0.233,0.238,-0.005,1,35.44,0.019,0.026,,idle,9
2026-10-08 20:40:20.488,22.51,20261008_203957,เทส,rest,,,,,97.1,88.4,1,0.233,0.238,-0.005,1,35.44,0.018,0.024,,idle,9
2026-10-08 20:40:20.696,22.72,20261008_203957,เทส,rest,,,,,97.1,88.4,1,0.233,0.238,-0.005,1,35.44,0.018,0.023,,idle,9
2026-10-08 20:40:20.900,22.93,20261008_203957,เทส,rest,,,,,97.1,88.4,1,0.233,0.238,-0.005,1,35.45,0.016,0.021,,idle,9
2026-10-08 20:40:21.107,23.13,20261008_203957,เทส,rest,,,,,97.1,88.4,1,0.233,0.238,-0.005,1,35.45,0.015,0.019,,idle,9
2026-10-08 20:40:21.309,23.34,20261008_203957,เทส,rest,,,,,97.1,88.4,1,0.235,0.238,-0.003,1,35.45,0.015,0.017,,idle,9
2026-10-08 20:40:21.517,23.54,20261008_203957,เทส,rest,,,,,97.1,88.4,1,0.235,0.238,-0.003,1,35.45,0.016,0.016,,idle,9
2026-10-08 20:40:21.720,23.75,20261008_203957,เทส,rest,,,,,97.1,88.4,1,0.235,0.238,-0.003,1,35.46,0.015,0.014,,idle,9
2026-10-08 20:40:21.942,23.97,20261008_203957,เทส,rest,,,,,97.1,88.4,1,0.235,0.238,-0.002,1,35.46,0.015,0.013,,idle,9
2026-10-08 20:40:22.137,24.16,20261008_203957,เทส,rest,,,,,97.1,43.0,1,0.235,0.238,-0.003,1,35.46,0.014,0.013,,idle,9
2026-10-08 20:40:22.339,24.37,20261008_203957,เทส,rest,,,,,97.1,43.0,1,0.235,0.238,-0.002,1,35.46,0.013,0.012,,idle,9
2026-10-08 20:40:22.537,24.56,20261008_203957,เทส,rest,,,,,97.1,43.0,1,0.235,0.238,-0.002,1,35.47,0.012,0.011,,idle,9
2026-10-08 20:40:22.746,24.77,20261008_203957,เทส,rest,,,,,97.5,40.7,1,0.234,0.238,-0.003,1,35.49,0.012,0.01,,idle,9
2026-10-08 20:40:22.956,24.98,20261008_203957,เทส,rest,,,,,97.5,40.7,1,0.235,0.238,-0.003,1,35.49,0.011,0.009,,idle,8
2026-10-08 20:40:23.156,25.18,20261008_203957,เทส,rest,,,,,97.5,40.7,1,0.234,0.237,-0.003,1,35.48,0.011,0.009,,idle,8
2026-10-08 20:40:23.359,25.38,20261008_203957,เทส,rest,,,,,97.5,38.6,1,0.234,0.237,-0.004,1,35.48,0.01,0.008,,idle,8
2026-10-08 20:40:23.566,25.59,20261008_203957,เทส,rest,,,,,97.5,38.6,1,0.235,0.237,-0.003,1,35.49,0.01,0.008,,idle,8
2026-10-08 20:40:23.780,25.81,20261008_203957,เทส,rest,,,,,97.5,38.6,1,0.237,0.237,-0.001,1,35.49,0.01,0.007,,idle,8
2026-10-08 20:40:23.979,26.0,20261008_203957,เทส,rest,,,,,97.5,39.0,1,0.236,0.237,-0.001,1,35.49,0.012,0.007,,idle,8
2026-10-08 20:40:24.178,26.2,20261008_203957,เทส,rest,,,,,97.5,39.0,1,0.236,0.237,-0.002,1,35.5,0.011,0.007,,idle,8
2026-10-08 20:40:24.395,26.42,20261008_203957,เทส,rest,,,,,97.5,39.0,1,0.237,0.237,-0.001,1,35.5,0.011,0.006,,idle,8
2026-10-08 20:40:24.591,26.62,20261008_203957,เทส,rest,,,,,97.5,39.0,1,0.239,0.237,0.001,1,35.5,0.011,0.006,,idle,9
2026-10-08 20:40:24.798,26.82,20261008_203957,เทส,baseline,,,,,97.5,39.0,1,0.237,0.237,-0.0,1,35.5,0.011,0.006,,baseline,9
2026-10-08 20:40:24.998,27.02,20261008_203957,เทส,baseline,,,,,97.5,39.0,1,0.237,0.237,-0.0,1,35.51,0.011,0.006,,baseline,9
2026-10-08 20:40:25.208,27.23,20261008_203957,เทส,baseline,,,,,97.5,39.0,1,0.236,0.237,-0.001,1,35.51,0.011,0.006,,baseline,9
2026-10-08 20:40:25.407,27.43,20261008_203957,เทส,baseline,,,,,97.5,39.0,1,0.235,0.237,-0.002,1,35.52,0.012,0.006,,baseline,9
2026-10-08 20:40:25.617,27.64,20261008_203957,เทส,baseline,,,,,97.5,39.0,1,0.235,0.237,-0.002,1,35.51,0.014,0.008,,baseline,9
2026-10-08 20:40:25.823,27.85,20261008_203957,เทส,baseline,,,,,97.5,39.0,1,0.235,0.237,-0.002,1,35.52,0.029,0.016,,baseline,9
2026-10-08 20:40:26.037,28.06,20261008_203957,เทส,baseline,,,,,97.5,39.0,1,0.233,0.237,-0.004,1,35.52,0.028,0.026,,baseline,9
2026-10-08 20:40:26.236,28.26,20261008_203957,เทส,baseline,,,,,97.5,39.0,1,0.235,0.237,-0.002,1,35.52,0.029,0.025,,baseline,9
2026-10-08 20:40:26.436,28.46,20261008_203957,เทส,baseline,,,,,97.5,39.0,1,0.237,0.237,-0.0,1,35.53,0.028,0.023,,baseline,9
2026-10-08 20:40:26.642,28.67,20261008_203957,เทส,baseline,,,,,97.5,39.0,1,0.237,0.237,-0.0,1,35.54,0.028,0.022,,baseline,9
2026-10-08 20:40:26.850,28.88,20261008_203957,เทส,baseline,,,,,,,1,0.237,0.237,0.0,1,35.56,0.026,0.02,,baseline,9
2026-10-08 20:40:27.051,29.08,20261008_203957,เทส,baseline,,,,,,,1,0.235,0.237,-0.002,1,35.55,0.025,0.019,,baseline,9
2026-10-08 20:40:27.257,29.28,20261008_203957,เทส,baseline,,,,,,,1,0.235,0.237,-0.002,1,35.55,0.023,0.018,,baseline,9
2026-10-08 20:40:27.467,29.49,20261008_203957,เทส,baseline,,,,,,,1,0.235,0.237,-0.002,1,35.56,0.024,0.018,,baseline,9
2026-10-08 20:40:27.672,29.7,20261008_203957,เทส,baseline,,,,,,,1,0.236,0.237,-0.001,1,35.56,0.025,0.019,,baseline,9
2026-10-08 20:40:27.880,29.91,20261008_203957,เทส,baseline,,,,,,,1,0.237,0.237,-0.0,1,35.57,0.029,0.019,,baseline,9
2026-10-08 20:40:28.086,30.11,20261008_203957,เทส,baseline,,,,,55.8,,1,0.236,0.237,-0.001,1,35.58,0.029,0.023,,baseline,9
2026-10-08 20:40:28.291,30.32,20261008_203957,เทส,baseline,,,,,55.8,,1,0.237,0.237,0.0,1,35.59,0.027,0.021,,baseline,9
2026-10-08 20:40:28.496,30.52,20261008_203957,เทส,baseline,,,,,55.8,,1,0.238,0.237,0.001,1,35.6,0.025,0.02,,baseline,9
2026-10-08 20:40:28.701,30.73,20261008_203957,เทส,baseline,,,,,55.8,,1,0.238,0.237,0.001,1,35.6,0.025,0.019,,baseline,9
2026-10-08 20:40:28.910,30.94,20261008_203957,เทส,baseline,,,,,63.9,,1,0.236,0.237,-0.001,1,35.61,0.024,0.018,,baseline,9
2026-10-08 20:40:29.110,31.14,20261008_203957,เทส,baseline,,,,,63.9,,1,0.236,0.237,-0.001,1,35.61,0.022,0.017,,baseline,9
2026-10-08 20:40:29.317,31.34,20261008_203957,เทส,baseline,,,,,63.9,,1,0.234,0.237,-0.003,1,35.62,0.021,0.016,,baseline,9
2026-10-08 20:40:29.526,31.55,20261008_203957,เทส,baseline,,,,,63.9,,1,0.235,0.237,-0.002,1,35.63,0.019,0.016,,baseline,9
2026-10-08 20:40:29.737,31.76,20261008_203957,เทส,baseline,,,,,63.9,,1,0.236,0.237,-0.001,1,35.63,0.017,0.014,,baseline,9
2026-10-08 20:40:29.940,31.97,20261008_203957,เทส,baseline,,,,,63.9,,1,0.236,0.237,-0.001,1,35.64,0.016,0.013,,baseline,9
2026-10-08 20:40:30.146,32.17,20261008_203957,เทส,baseline,,,,,63.9,,1,0.235,0.237,-0.002,1,35.64,0.015,0.013,,baseline,9
2026-10-08 20:40:30.347,32.37,20261008_203957,เทส,baseline,,,,,63.9,,1,0.234,0.237,-0.003,1,35.65,0.014,0.012,,baseline,9
2026-10-08 20:40:30.547,32.57,20261008_203957,เทส,baseline,,,,,63.9,,1,0.236,0.237,-0.0,1,35.65,0.013,0.011,,baseline,9
2026-10-08 20:40:30.747,32.77,20261008_203957,เทส,baseline,,,,,,,1,0.235,0.237,-0.002,1,35.66,0.013,0.012,,baseline,9
2026-10-08 20:40:30.952,32.98,20261008_203957,เทส,baseline,,,,,,,1,0.235,0.237,-0.002,1,35.66,0.013,0.011,,baseline,9
2026-10-08 20:40:31.157,33.18,20261008_203957,เทส,baseline,,,,,,,1,0.234,0.237,-0.002,1,35.66,0.013,0.012,,baseline,9
2026-10-08 20:40:31.367,33.39,20261008_203957,เทส,baseline,,,,,101.4,,1,0.232,0.237,-0.005,1,35.63,0.012,0.011,,baseline,8
2026-10-08 20:40:31.567,33.59,20261008_203957,เทส,baseline,,,,,101.4,,1,0.234,0.237,-0.003,1,35.64,0.013,0.01,,baseline,8
2026-10-08 20:40:31.772,33.8,20261008_203957,เทส,baseline,,,,,101.4,,1,0.234,0.237,-0.002,1,35.65,0.012,0.01,,baseline,8
2026-10-08 20:40:31.978,34.0,20261008_203957,เทส,baseline,,,,,96.7,,1,0.234,0.237,-0.002,1,35.66,0.011,0.009,,baseline,8
2026-10-08 20:40:32.191,34.22,20261008_203957,เทส,baseline,,,,,96.7,,1,0.236,0.237,-0.001,1,35.67,0.011,0.008,,baseline,8
2026-10-08 20:40:32.387,34.41,20261008_203957,เทส,baseline,,,,,96.7,,1,0.238,0.237,0.002,1,35.67,0.01,0.007,,baseline,8
2026-10-08 20:40:32.605,34.63,20261008_203957,เทส,baseline,,,,,98.1,,1,0.238,0.237,0.002,1,35.68,0.009,0.007,,baseline,8
2026-10-08 20:40:32.803,34.83,20261008_203957,เทส,baseline,,,,,98.1,,1,0.238,0.237,0.002,1,35.69,0.01,0.007,,baseline,8
2026-10-08 20:40:33.007,35.03,20261008_203957,เทส,baseline,,,,,98.1,,1,0.239,0.237,0.002,1,35.69,0.01,0.008,,baseline,8
2026-10-08 20:40:33.223,35.25,20261008_203957,เทส,baseline,,,,,96.7,57.4,1,0.24,0.237,0.003,1,35.7,0.019,0.012,,baseline,8
2026-10-08 20:40:33.423,35.45,20261008_203957,เทส,baseline,,,,,96.7,57.4,1,0.238,0.237,0.001,1,35.71,0.019,0.011,,baseline,8
2026-10-08 20:40:33.635,35.66,20261008_203957,เทส,baseline,,,,,96.7,57.4,1,0.239,0.237,0.002,1,35.71,0.017,0.01,,baseline,8
2026-10-08 20:40:33.836,35.86,20261008_203957,เทส,baseline,,,,,99.5,55.2,1,0.238,0.237,0.001,1,35.72,0.017,0.011,,baseline,8
2026-10-08 20:40:34.036,36.06,20261008_203957,เทส,baseline,,,,,99.5,55.2,1,0.235,0.237,-0.002,1,35.73,0.016,0.01,,baseline,8
2026-10-08 20:40:34.241,36.27,20261008_203957,เทส,baseline,,,,,94.1,52.9,1,0.238,0.237,0.002,1,35.73,0.015,0.01,,baseline,8
2026-10-08 20:40:34.462,36.49,20261008_203957,เทส,baseline,,,,,94.1,52.9,1,0.238,0.237,0.001,1,35.74,0.014,0.01,,baseline,8
2026-10-08 20:40:34.647,36.67,20261008_203957,เทส,baseline,,,,,94.1,52.9,1,0.237,0.237,0.0,1,35.74,0.015,0.01,,baseline,8
2026-10-08 20:40:34.858,36.88,20261008_203957,เทส,baseline,,,,,98.0,49.9,1,0.238,0.237,0.001,1,35.75,0.014,0.01,,baseline,8
2026-10-08 20:40:35.065,37.09,20261008_203957,เทส,baseline,,,,,98.0,49.9,1,0.239,0.237,0.002,1,35.75,0.013,0.009,,baseline,8
2026-10-08 20:40:35.274,37.3,20261008_203957,เทส,baseline,,,,,98.0,49.9,1,0.237,0.237,0.001,1,35.76,0.012,0.009,,baseline,8
2026-10-08 20:40:35.478,37.5,20261008_203957,เทส,baseline,,,,,95.6,46.9,1,0.239,0.237,0.002,1,35.72,0.012,0.008,,baseline,8
2026-10-08 20:40:35.679,37.71,20261008_203957,เทส,baseline,,,,,95.6,46.9,1,0.238,0.237,0.001,1,35.73,0.013,0.008,,baseline,8
2026-10-08 20:40:35.885,37.91,20261008_203957,เทส,baseline,,,,,95.6,46.9,1,0.238,0.237,0.001,1,35.74,0.012,0.008,,baseline,8
2026-10-08 20:40:36.082,38.11,20261008_203957,เทส,baseline,,,,,98.0,64.6,1,0.238,0.237,0.002,1,35.75,0.012,0.007,,baseline,8
2026-10-08 20:40:36.293,38.32,20261008_203957,เทส,baseline,,,,,98.0,64.6,1,0.238,0.237,0.001,1,35.75,0.011,0.006,,baseline,8
2026-10-08 20:40:36.492,38.52,20261008_203957,เทส,baseline,,,,,98.0,64.6,1,0.238,0.237,0.001,1,35.76,0.011,0.006,,baseline,8
2026-10-08 20:40:36.686,38.71,20261008_203957,เทส,baseline,,,,,98.0,64.6,1,0.24,0.237,0.003,1,35.77,0.01,0.006,,baseline,8
2026-10-08 20:40:36.892,38.92,20261008_203957,เทส,baseline,,,,,95.6,106.6,1,0.24,0.237,0.003,1,35.77,0.011,0.005,,baseline,8
2026-10-08 20:40:37.098,39.12,20261008_203957,เทส,baseline,,,,,95.6,106.6,1,0.238,0.237,0.001,1,35.78,0.011,0.005,,baseline,8
2026-10-08 20:40:37.303,39.33,20261008_203957,เทส,baseline,,,,,95.6,106.6,1,0.24,0.237,0.003,1,35.78,0.011,0.005,,baseline,8
2026-10-08 20:40:37.503,39.53,20261008_203957,เทส,baseline,,,,,95.6,106.6,1,0.238,0.237,0.001,1,35.79,0.01,0.005,,baseline,8
2026-10-08 20:40:37.706,39.73,20261008_203957,เทส,baseline,,,,,98.0,106.6,1,0.239,0.237,0.002,1,35.8,0.01,0.004,,baseline,8
2026-10-08 20:40:37.906,39.93,20261008_203957,เทส,baseline,,,,,98.0,106.6,1,0.241,0.237,0.003,1,35.8,0.01,0.005,,baseline,8
2026-10-08 20:40:38.111,40.14,20261008_203957,เทส,baseline,,,,,98.0,106.6,1,0.242,0.237,0.005,1,35.8,0.01,0.004,,baseline,8
2026-10-08 20:40:38.317,40.34,20261008_203957,เทส,baseline,,,,,98.0,106.6,1,0.242,0.237,0.004,1,35.81,0.01,0.005,,baseline,8
2026-10-08 20:40:38.517,40.54,20261008_203957,เทส,baseline,,,,,98.0,106.6,1,0.242,0.237,0.005,1,35.81,0.01,0.005,,baseline,8
2026-10-08 20:40:38.720,40.75,20261008_203957,เทส,baseline,,,,,95.6,110.8,1,0.24,0.237,0.002,1,35.82,0.009,0.004,,baseline,8
2026-10-08 20:40:38.927,40.95,20261008_203957,เทส,baseline,,,,,95.6,110.8,1,0.24,0.237,0.003,1,35.82,0.009,0.004,,baseline,8
2026-10-08 20:40:39.136,41.16,20261008_203957,เทส,baseline,,,,,95.6,110.8,1,0.24,0.237,0.002,1,35.83,0.009,0.004,,baseline,8
2026-10-08 20:40:39.344,41.37,20261008_203957,เทส,baseline,,,,,97.2,107.5,1,0.241,0.237,0.003,1,35.83,0.009,0.006,,baseline,8
2026-10-08 20:40:39.546,41.57,20261008_203957,เทส,baseline,,,,,97.2,107.5,1,0.241,0.238,0.004,1,35.83,0.01,0.006,,baseline,8
2026-10-08 20:40:39.755,41.78,20261008_203957,เทส,baseline,,,,,97.2,107.5,1,0.241,0.238,0.003,1,35.85,0.011,0.007,,baseline,9
2026-10-08 20:40:39.961,41.99,20261008_203957,เทส,baseline,,,,,97.2,107.5,1,0.237,0.238,-0.0,1,35.86,0.011,0.007,,baseline,8
2026-10-08 20:40:40.169,42.19,20261008_203957,เทส,baseline,,,,,94.8,107.5,1,0.238,0.238,-0.0,1,35.86,0.018,0.012,,baseline,9
2026-10-08 20:40:40.376,42.4,20261008_203957,เทส,baseline,,,,,94.8,107.5,1,0.241,0.238,0.004,1,35.86,0.018,0.013,,baseline,9
2026-10-08 20:40:40.576,42.6,20261008_203957,เทส,baseline,,,,,94.8,107.5,1,0.242,0.238,0.004,1,35.87,0.021,0.013,,baseline,9
2026-10-08 20:40:40.785,42.81,20261008_203957,เทส,baseline,,,,,94.8,106.9,1,0.243,0.238,0.005,1,35.87,0.029,0.022,,baseline,9
2026-10-08 20:40:40.993,43.02,20261008_203957,เทส,baseline,,,,,94.8,106.9,1,0.241,0.238,0.004,1,35.88,0.031,0.027,,baseline,9
2026-10-08 20:40:41.198,43.22,20261008_203957,เทส,baseline,,,,,94.8,106.9,1,0.241,0.238,0.003,1,35.89,0.034,0.026,,baseline,8
2026-10-08 20:40:41.400,43.43,20261008_203957,เทส,baseline,,,,,94.8,107.6,1,0.242,0.238,0.005,1,35.89,0.042,0.027,,baseline,9
2026-10-08 20:40:41.607,43.63,20261008_203957,เทส,baseline,,,,,94.8,107.6,1,0.243,0.238,0.006,1,35.9,0.042,0.026,,baseline,9
2026-10-08 20:40:41.816,43.84,20261008_203957,เทส,baseline,,,,,94.8,107.6,1,0.243,0.238,0.005,1,35.9,0.039,0.025,,baseline,9
2026-10-08 20:40:42.026,44.05,20261008_203957,เทส,baseline,,,,,94.5,110.8,1,0.243,0.238,0.005,1,35.91,0.039,0.024,,baseline,9
2026-10-08 20:40:42.230,44.26,20261008_203957,เทส,baseline,,,,,94.5,110.8,1,0.243,0.238,0.005,1,35.92,0.035,0.022,,baseline,9
2026-10-08 20:40:42.437,44.46,20261008_203957,เทส,baseline,,,,,94.5,111.2,1,0.245,0.238,0.006,1,35.94,0.03,0.02,,baseline,9
2026-10-08 20:40:42.646,44.67,20261008_203957,เทส,baseline,,,,,94.5,111.2,1,0.244,0.238,0.006,1,35.95,0.031,0.019,,baseline,9
2026-10-08 20:40:42.854,44.88,20261008_203957,เทส,baseline,,,,,94.5,111.2,1,0.244,0.238,0.005,1,35.95,0.029,0.018,,baseline,9
2026-10-08 20:40:43.059,45.09,20261008_203957,เทส,baseline,,,,,95.7,111.1,1,0.242,0.238,0.004,1,35.96,0.027,0.017,,baseline,9
2026-10-08 20:40:43.266,45.29,20261008_203957,เทส,baseline,,,,,95.7,111.1,1,0.242,0.239,0.003,1,35.97,0.025,0.016,,baseline,9
2026-10-08 20:40:43.470,45.5,20261008_203957,เทส,baseline,,,,,95.7,111.1,1,0.242,0.239,0.004,1,35.97,0.024,0.016,,baseline,9
2026-10-08 20:40:43.680,45.71,20261008_203957,เทส,baseline,,,,,95.9,111.7,1,0.244,0.239,0.005,1,35.98,0.023,0.015,,baseline,9
2026-10-08 20:40:43.885,45.91,20261008_203957,เทส,baseline,,,,,95.9,111.7,1,0.243,0.239,0.004,1,35.99,0.022,0.014,,baseline,9
2026-10-08 20:40:44.094,46.12,20261008_203957,เทส,baseline,,,,,95.9,111.7,1,0.241,0.239,0.002,1,35.95,0.022,0.014,,baseline,9
2026-10-08 20:40:44.296,46.32,20261008_203957,เทส,baseline,,,,,95.9,111.7,1,0.241,0.239,0.002,1,35.96,0.021,0.013,,baseline,8
2026-10-08 20:40:44.498,46.52,20261008_203957,เทส,baseline,,,,,95.9,111.7,1,0.243,0.239,0.004,1,35.97,0.02,0.012,,baseline,8
2026-10-08 20:40:44.705,46.73,20261008_203957,เทส,baseline,,,,,95.9,111.7,1,0.244,0.239,0.005,1,35.98,0.019,0.011,,baseline,8
2026-10-08 20:40:44.910,46.94,20261008_203957,เทส,baseline,,,,,95.9,111.7,1,0.244,0.239,0.005,1,35.99,0.023,0.014,,baseline,8
2026-10-08 20:40:45.119,47.14,20261008_203957,เทส,baseline,,,,,95.7,67.3,1,0.245,0.239,0.006,1,36.0,0.046,0.033,,baseline,9
2026-10-08 20:40:45.318,47.34,20261008_203957,เทส,baseline,,,,,95.7,67.3,1,0.246,0.239,0.007,1,36.01,0.048,0.038,,baseline,8
2026-10-08 20:40:45.518,47.54,20261008_203957,เทส,baseline,,,,,95.7,67.3,1,0.245,0.239,0.006,1,36.02,0.045,0.035,,baseline,8
2026-10-08 20:40:45.726,47.75,20261008_203957,เทส,baseline,,,,,95.9,65.0,1,0.245,0.239,0.006,1,36.03,0.041,0.032,,baseline,8
2026-10-08 20:40:45.935,47.96,20261008_203957,เทส,baseline,,,,,95.9,65.0,1,0.245,0.239,0.006,1,36.04,0.039,0.03,,baseline,8
2026-10-08 20:40:46.144,48.17,20261008_203957,เทส,baseline,,,,,95.9,65.0,1,0.245,0.239,0.005,1,36.02,0.035,0.027,,baseline,8
2026-10-08 20:40:46.347,48.37,20261008_203957,เทส,baseline,,,,,95.7,62.7,1,0.245,0.239,0.005,1,36.03,0.032,0.025,,baseline,8
2026-10-08 20:40:46.550,48.58,20261008_203957,เทส,baseline,,,,,95.7,62.7,1,0.245,0.24,0.006,1,36.04,0.03,0.023,,baseline,8
2026-10-08 20:40:46.758,48.78,20261008_203957,เทส,baseline,,,,,95.7,62.7,1,0.246,0.24,0.006,1,36.05,0.028,0.021,,baseline,8
2026-10-08 20:40:46.967,48.99,20261008_203957,เทส,baseline,,,,,95.7,62.5,1,0.246,0.24,0.006,1,36.06,0.026,0.019,,baseline,8
2026-10-08 20:40:47.175,49.2,20261008_203957,เทส,baseline,,,,,95.7,62.5,1,0.246,0.24,0.006,1,36.04,0.024,0.018,,baseline,8
2026-10-08 20:40:47.380,49.41,20261008_203957,เทส,baseline,,,,,95.7,83.0,1,0.246,0.24,0.007,1,36.05,0.023,0.017,,baseline,9
2026-10-08 20:40:47.588,49.61,20261008_203957,เทส,baseline,,,,,95.7,83.0,1,0.246,0.24,0.006,1,36.06,0.022,0.015,,baseline,9
2026-10-08 20:40:47.791,49.82,20261008_203957,เทส,baseline,,,,,95.7,83.0,1,0.247,0.24,0.007,1,36.07,0.02,0.014,,baseline,9
2026-10-08 20:40:47.996,50.02,20261008_203957,เทส,baseline,,,,,95.7,83.0,1,0.247,0.24,0.006,1,36.08,0.019,0.014,,baseline,9
2026-10-08 20:40:48.197,50.22,20261008_203957,เทส,baseline,,,,,95.7,83.0,1,0.247,0.24,0.007,1,36.08,0.017,0.014,,baseline,9
2026-10-08 20:40:48.405,50.43,20261008_203957,เทส,baseline,,,,,95.7,83.0,1,0.247,0.24,0.006,1,36.07,0.016,0.012,,baseline,9
2026-10-08 20:40:48.610,50.64,20261008_203957,เทส,baseline,,,,,95.7,83.0,1,0.246,0.24,0.006,1,36.08,0.016,0.011,,baseline,8
2026-10-08 20:40:48.824,50.85,20261008_203957,เทส,baseline,,,,,101.5,87.1,1,0.246,0.24,0.006,1,36.09,0.015,0.011,,baseline,8
2026-10-08 20:40:49.020,51.05,20261008_203957,เทส,baseline,,,,,101.5,87.1,1,0.246,0.241,0.006,1,36.1,0.015,0.011,,baseline,8
2026-10-08 20:40:49.221,51.25,20261008_203957,เทส,baseline,,,,,101.5,87.1,1,0.246,0.241,0.005,1,36.1,0.015,0.011,,baseline,8
2026-10-08 20:40:49.430,51.46,20261008_203957,เทส,baseline,,,,,101.5,87.1,1,0.246,0.241,0.005,1,36.11,0.016,0.011,,baseline,8
2026-10-08 20:40:49.638,51.66,20261008_203957,เทส,baseline,,,,,95.7,88.1,1,0.246,0.241,0.006,1,36.12,0.014,0.01,,baseline,8
2026-10-08 20:40:49.849,51.87,20261008_203957,เทส,baseline,,,,,95.7,88.1,1,0.247,0.241,0.006,1,36.13,0.014,0.01,,baseline,8
2026-10-08 20:40:50.057,52.08,20261008_203957,เทส,baseline,,,,,100.9,85.8,1,0.246,0.241,0.005,1,36.13,0.013,0.009,,baseline,8
2026-10-08 20:40:50.257,52.28,20261008_203957,เทส,baseline,,,,,100.9,85.8,1,0.247,0.241,0.006,1,36.14,0.012,0.009,,baseline,8
2026-10-08 20:40:50.466,52.49,20261008_203957,เทส,baseline,,,,,100.9,85.8,1,0.246,0.241,0.005,1,36.13,0.013,0.008,,baseline,8
2026-10-08 20:40:50.667,52.69,20261008_203957,เทส,baseline,,,,,100.9,87.4,1,0.246,0.241,0.005,1,36.14,0.013,0.008,,baseline,8
2026-10-08 20:40:50.872,52.9,20261008_203957,เทส,baseline,,,,,100.9,87.4,1,0.246,0.241,0.005,1,36.14,0.013,0.007,,baseline,8
2026-10-08 20:40:51.078,53.1,20261008_203957,เทส,baseline,,,,,100.9,87.4,1,0.247,0.241,0.006,1,36.15,0.013,0.006,,baseline,8
2026-10-08 20:40:51.287,53.31,20261008_203957,เทส,baseline,,,,,100.9,87.4,1,0.247,0.241,0.005,1,36.15,0.012,0.007,,baseline,8
2026-10-08 20:40:51.497,53.52,20261008_203957,เทส,baseline,,,,,100.9,87.4,1,0.246,0.241,0.005,1,36.16,0.011,0.007,,baseline,8
2026-10-08 20:40:51.701,53.73,20261008_203957,เทส,baseline,,,,,100.9,87.4,1,0.247,0.242,0.005,1,36.16,0.011,0.006,,baseline,8
2026-10-08 20:40:51.907,53.93,20261008_203957,เทส,baseline,,,,,100.9,87.4,1,0.248,0.242,0.006,1,36.17,0.011,0.006,,baseline,8
2026-10-08 20:40:52.119,54.14,20261008_203957,เทส,baseline,,,,,100.9,87.4,1,0.248,0.242,0.007,1,36.17,0.011,0.006,,baseline,8
2026-10-08 20:40:52.321,54.35,20261008_203957,เทส,baseline,,,,,100.9,87.4,1,0.248,0.242,0.007,1,36.18,0.011,0.006,,baseline,8
2026-10-08 20:40:52.527,54.55,20261008_203957,เทส,baseline,,,,,96.3,92.7,1,0.247,0.242,0.005,1,36.19,0.01,0.006,,baseline,8
2026-10-08 20:40:52.728,54.75,20261008_203957,เทส,baseline,,,,,96.3,92.7,1,0.249,0.242,0.007,1,36.15,0.01,0.006,,baseline,8
2026-10-08 20:40:52.936,54.96,20261008_203957,เทส,baseline,,,,,96.3,92.7,1,0.248,0.242,0.006,1,36.16,0.009,0.005,,baseline,8
2026-10-08 20:40:53.146,55.17,20261008_203957,เทส,baseline,,,,,96.3,98.7,1,0.248,0.242,0.006,1,36.17,0.01,0.005,,baseline,8
2026-10-08 20:40:53.347,55.37,20261008_203957,เทส,baseline,,,,,96.3,98.7,1,0.248,0.242,0.006,1,36.17,0.01,0.005,,baseline,8
2026-10-08 20:40:53.550,55.58,20261008_203957,เทส,baseline,,,,,96.3,98.7,1,0.248,0.242,0.005,1,36.18,0.009,0.004,,baseline,8
2026-10-08 20:40:53.761,55.79,20261008_203957,เทส,baseline,,,,,96.3,98.7,1,0.247,0.242,0.005,1,36.19,0.009,0.004,,baseline,8
2026-10-08 20:40:53.968,55.99,20261008_203957,เทส,baseline,,,,,96.3,98.7,1,0.247,0.242,0.005,1,36.2,0.009,0.004,,baseline,8
2026-10-08 20:40:58.008,60.03,20261008_203957,เทส,rest,,,,,94.7,89.0,1,0.25,0.244,0.006,1,36.35,0.018,0.016,25,ready,8
2026-10-08 20:40:58.210,60.24,20261008_203957,เทส,rest,,,,,94.7,86.4,1,0.245,0.244,0.001,1,36.35,0.019,0.015,25,ready,8
2026-10-08 20:40:58.418,60.44,20261008_203957,เทส,rest,,,,,94.7,86.4,1,0.247,0.244,0.003,1,36.36,0.02,0.015,25,ready,8
2026-10-08 20:40:58.625,60.65,20261008_203957,เทส,rest,,,,,94.7,86.4,1,0.248,0.244,0.004,1,36.36,0.019,0.016,25,ready,8
2026-10-08 20:40:58.834,60.86,20261008_203957,เทส,rest,,,,,94.7,86.4,1,0.249,0.244,0.005,1,36.37,0.021,0.017,25,ready,8
2026-10-08 20:40:59.040,61.07,20261008_203957,เทส,rest,,,,,93.5,117.3,1,0.248,0.244,0.004,1,36.38,0.021,0.017,25,ready,8
2026-10-08 20:40:59.234,61.26,20261008_203957,เทส,rest,,,,,93.5,117.3,1,0.249,0.244,0.004,1,36.38,0.022,0.017,25,ready,8
2026-10-08 20:40:59.443,61.47,20261008_203957,เทส,rest,,,,,93.5,117.3,1,0.25,0.244,0.006,1,36.39,0.024,0.017,25,ready,9
2026-10-08 20:40:59.648,61.67,20261008_203957,เทส,rest,,,,,94.5,131.6,1,0.25,0.244,0.006,1,36.4,0.022,0.017,25,ready,9
2026-10-08 20:40:59.854,61.88,20261008_203957,เทส,rest,,,,,94.5,131.6,1,0.25,0.244,0.006,1,36.41,0.021,0.015,25,ready,9
2026-10-08 20:41:00.062,62.09,20261008_203957,เทส,rest,,,,,94.5,131.6,1,0.251,0.244,0.006,1,36.41,0.02,0.014,25,ready,9
2026-10-08 20:41:00.268,62.29,20261008_203957,เทส,rest,,,,,97.4,130.1,1,0.25,0.245,0.006,1,36.42,0.019,0.013,25,ready,9
2026-10-08 20:41:00.476,62.5,20261008_203957,เทส,rest,,,,,97.4,130.1,1,0.25,0.245,0.006,1,36.42,0.018,0.012,25,ready,9
2026-10-08 20:41:00.684,62.71,20261008_203957,เทส,rest,,,,,97.4,130.1,1,0.25,0.245,0.006,1,36.43,0.016,0.011,26,ready,9
2026-10-08 20:41:00.895,62.92,20261008_203957,เทส,rest,,,,,97.4,130.1,1,0.251,0.245,0.006,1,36.43,0.016,0.01,26,ready,9
2026-10-08 20:41:01.090,63.12,20261008_203957,เทส,rest,,,,,97.4,130.1,1,0.251,0.245,0.006,1,36.39,0.015,0.009,26,ready,9
2026-10-08 20:41:01.295,63.32,20261008_203957,เทส,rest,,,,,102.1,123.3,1,0.249,0.245,0.004,1,36.39,0.014,0.009,26,ready,9
2026-10-08 20:41:01.504,63.53,20261008_203957,เทส,rest,,,,,102.1,123.3,1,0.249,0.245,0.004,1,36.4,0.014,0.008,26,ready,9
2026-10-08 20:41:01.709,63.73,20261008_203957,เทส,rest,,,,,102.1,123.3,1,0.249,0.245,0.004,1,36.41,0.013,0.008,27,ready,9
2026-10-08 20:41:01.920,63.95,20261008_203957,เทส,rest,,,,,102.1,123.3,1,0.25,0.245,0.005,1,36.41,0.012,0.007,27,ready,9
2026-10-08 20:41:02.124,64.15,20261008_203957,เทส,rest,,,,,102.1,123.3,1,0.251,0.245,0.005,1,36.42,0.012,0.007,27,ready,9
2026-10-08 20:41:02.333,64.36,20261008_203957,เทส,rest,,,,,94.5,123.3,1,0.25,0.245,0.005,1,36.43,0.012,0.007,27,ready,9
2026-10-08 20:41:02.538,64.56,20261008_203957,เทส,rest,,,,,94.5,123.3,1,0.25,0.245,0.005,1,36.44,0.011,0.006,26,ready,9
2026-10-08 20:41:02.745,64.77,20261008_203957,เทส,rest,,,,,98.6,117.2,1,0.25,0.245,0.005,1,36.44,0.01,0.006,26,ready,9
2026-10-08 20:41:02.948,64.97,20261008_203957,เทส,rest,,,,,98.6,117.2,1,0.25,0.245,0.005,1,36.45,0.01,0.005,26,ready,9
2026-10-08 20:41:03.154,65.18,20261008_203957,เทส,rest,,,,,98.6,117.2,1,0.251,0.246,0.005,1,36.45,0.011,0.005,26,ready,9
2026-10-08 20:41:03.363,65.39,20261008_203957,เทส,rest,,,,,98.6,111.0,1,0.25,0.246,0.004,1,36.46,0.01,0.006,26,ready,9
2026-10-08 20:41:03.569,65.6,20261008_203957,เทส,rest,,,,,98.6,111.0,1,0.25,0.246,0.004,1,36.46,0.01,0.006,26,ready,9
2026-10-08 20:41:03.776,65.8,20261008_203957,เทส,rest,,,,,98.6,111.0,1,0.25,0.246,0.004,1,36.46,0.01,0.005,26,ready,9
2026-10-08 20:41:03.984,66.01,20261008_203957,เทส,rest,,,,,97.8,111.4,1,0.25,0.246,0.004,1,36.47,0.009,0.005,26,ready,9
2026-10-08 20:41:04.195,66.22,20261008_203957,เทส,rest,,,,,97.8,111.4,1,0.25,0.246,0.004,1,36.47,0.009,0.005,26,ready,9
2026-10-08 20:41:04.403,66.43,20261008_203957,เทส,rest,,,,,97.8,123.9,1,0.25,0.246,0.005,1,36.48,0.009,0.005,26,ready,9
2026-10-08 20:41:04.605,66.63,20261008_203957,เทส,rest,,,,,97.8,123.9,1,0.25,0.246,0.004,1,36.48,0.009,0.005,26,ready,9
2026-10-08 20:41:04.810,66.84,20261008_203957,เทส,rest,,,,,97.8,123.9,1,0.25,0.246,0.004,1,36.48,0.009,0.005,26,ready,9
2026-10-08 20:41:05.016,67.04,20261008_203957,เทส,rest,,,,,97.8,123.9,1,0.25,0.246,0.004,1,36.48,0.009,0.005,26,ready,9
2026-10-08 20:41:05.219,67.25,20261008_203957,เทส,rest,,,,,97.8,123.9,1,0.251,0.246,0.004,1,36.5,0.008,0.004,26,ready,9
2026-10-08 20:41:05.434,67.46,20261008_203957,เทส,rest,,,,,97.8,123.9,1,0.25,0.246,0.004,1,36.45,0.009,0.004,26,ready,8
2026-10-08 20:41:05.633,67.66,20261008_203957,เทส,rest,,,,,97.8,123.9,1,0.25,0.246,0.004,1,36.45,0.009,0.005,26,ready,8
2026-10-08 20:41:05.834,67.86,20261008_203957,เทส,rest,,,,,98.5,129.0,1,0.25,0.246,0.004,1,36.46,0.009,0.005,26,ready,8
2026-10-08 20:41:06.038,68.06,20261008_203957,เทส,rest,,,,,98.5,129.0,1,0.25,0.246,0.004,1,36.47,0.008,0.004,26,ready,8
2026-10-08 20:41:08.069,70.09,20261008_203957,เทส,rest,,,,,98.5,130.7,1,0.251,0.247,0.004,1,36.51,0.011,0.008,26,ready,8
2026-10-08 20:41:08.262,70.29,20261008_203957,เทส,rest,,,,,99.3,121.9,1,0.251,0.247,0.004,1,36.52,0.011,0.008,26,ready,8
2026-10-08 20:41:08.470,70.5,20261008_203957,เทส,rest,,,,,99.3,121.9,1,0.251,0.247,0.004,1,36.52,0.011,0.007,26,ready,8
2026-10-08 20:41:08.674,70.7,20261008_203957,เทส,rest,,,,,99.3,121.9,1,0.251,0.247,0.004,1,36.53,0.011,0.007,26,ready,8
2026-10-08 20:41:08.880,70.91,20261008_203957,เทส,rest,,,,,99.3,121.9,1,0.251,0.247,0.004,1,36.53,0.01,0.006,26,ready,8
2026-10-08 20:41:09.081,71.11,20261008_203957,เทส,rest,,,,,99.3,121.9,1,0.251,0.247,0.004,1,36.53,0.01,0.006,26,ready,9
2026-10-08 20:41:09.289,71.32,20261008_203957,เทส,rest,,,,,98.5,122.8,1,0.252,0.247,0.004,1,36.54,0.01,0.006,26,ready,9
2026-10-08 20:41:09.499,71.53,20261008_203957,เทส,rest,,,,,98.5,122.8,1,0.251,0.247,0.004,1,36.54,0.013,0.007,26,ready,9
2026-10-08 20:41:09.701,71.73,20261008_203957,เทส,rest,,,,,98.5,122.8,1,0.251,0.247,0.004,1,36.55,0.027,0.027,27,ready,9
2026-10-08 20:41:09.910,71.94,20261008_203957,เทส,rest,,,,,99.3,116.1,1,0.252,0.247,0.004,1,36.55,0.052,0.041,27,ready,8
2026-10-08 20:41:10.109,72.14,20261008_203957,เทส,rest,,,,,99.3,116.1,1,0.252,0.247,0.004,1,36.55,0.048,0.042,28,ready,9
2026-10-08 20:41:10.319,72.34,20261008_203957,เทส,rest,,,,,103.5,117.1,1,0.252,0.247,0.004,1,36.56,0.045,0.042,28,ready,9
2026-10-08 20:41:10.523,72.55,20261008_203957,เทส,rest,,,,,103.5,117.1,1,0.251,0.247,0.004,1,36.56,0.054,0.051,29,ready,9
2026-10-08 20:41:10.730,72.76,20261008_203957,เทส,rest,,,,,118.0,118.1,1,0.251,0.248,0.004,1,36.55,0.072,0.06,31,ready,9
2026-10-08 20:41:10.942,72.97,20261008_203957,เทส,rest,,,,,118.0,118.1,1,0.246,0.247,-0.001,1,36.54,0.093,0.062,33,ready,9
2026-10-08 20:41:11.146,73.17,20261008_203957,เทส,rest,,,,,118.0,118.1,1,0.248,0.247,0.001,1,36.55,0.096,0.056,35,ready,9
2026-10-08 20:41:11.353,73.38,20261008_203957,เทส,rest,,,,,118.0,118.1,1,0.25,0.248,0.002,1,36.56,0.092,0.053,36,ready,9
2026-10-08 20:41:11.559,73.58,20261008_203957,เทส,rest,,,,,118.0,118.1,1,0.251,0.248,0.003,1,36.57,0.078,0.047,38,ready,8
2026-10-08 20:41:11.765,73.79,20261008_203957,เทส,rest,,,,,118.0,118.1,1,0.251,0.248,0.003,1,36.57,0.075,0.043,39,ready,8
2026-10-08 20:41:11.969,73.99,20261008_203957,เทส,rest,,,,,118.0,118.1,1,0.251,0.248,0.003,1,36.58,0.076,0.039,39,ready,9
2026-10-08 20:41:12.173,74.2,20261008_203957,เทส,rest,,,,,118.0,118.1,1,0.251,0.248,0.003,1,36.58,0.08,0.037,40,ready,9
2026-10-08 20:41:12.379,74.4,20261008_203957,เทส,rest,,,,,118.0,118.1,1,0.251,0.248,0.003,1,36.59,0.074,0.034,40,ready,8
2026-10-08 20:41:12.583,74.61,20261008_203957,เทส,rest,,,,,118.0,118.1,1,0.251,0.248,0.004,1,36.59,0.07,0.032,40,ready,8
2026-10-08 20:41:12.797,74.82,20261008_203957,เทส,rest,,,,,118.0,118.1,1,0.252,0.248,0.004,1,36.59,0.068,0.03,40,ready,8
2026-10-08 20:41:13.000,75.03,20261008_203957,เทส,rest,,,,,118.0,118.1,1,0.251,0.248,0.003,1,36.6,0.062,0.029,40,ready,8
2026-10-08 20:41:13.205,75.23,20261008_203957,เทส,rest,,,,,,,1,0.251,0.248,0.003,1,36.6,0.058,0.028,38,ready,8
2026-10-08 20:41:13.411,75.44,20261008_203957,เทส,rest,,,,,,,1,0.252,0.248,0.004,1,36.6,0.053,0.028,37,ready,8
2026-10-08 20:41:13.618,75.64,20261008_203957,เทส,rest,,,,,,,1,0.251,0.248,0.003,1,36.61,0.049,0.028,35,ready,8
2026-10-08 20:41:13.823,75.85,20261008_203957,เทส,rest,,,,,139.5,,1,0.252,0.248,0.004,1,36.62,0.046,0.026,38,ready,8
2026-10-08 20:41:14.031,76.06,20261008_203957,เทส,rest,,,,,139.5,,1,0.252,0.248,0.004,1,36.62,0.047,0.03,41,ready,8
2026-10-08 20:41:16.084,78.11,20261008_203957,เทส,rest,,,,,161.1,,1,0.253,0.249,0.005,1,36.66,0.217,0.087,64,ready,8
2026-10-08 20:41:16.288,78.31,20261008_203957,เทส,rest,,,,,161.1,,1,0.253,0.249,0.005,1,36.67,0.211,0.079,66,ready,8
2026-10-08 20:41:16.492,78.52,20261008_203957,เทส,rest,,,,,161.1,,1,0.253,0.249,0.004,1,36.68,0.2,0.073,67,ready,8
2026-10-08 20:41:16.697,78.72,20261008_203957,เทส,rest,,,,,,,1,0.253,0.249,0.004,1,36.68,0.186,0.067,64,ready,8
2026-10-08 20:41:16.903,78.93,20261008_203957,เทส,rest,,,,,,,1,0.253,0.249,0.004,1,36.68,0.206,0.065,60,ready,8
2026-10-08 20:41:17.108,79.13,20261008_203957,เทส,rest,,,,,127.7,,1,0.253,0.249,0.004,1,36.69,0.198,0.062,60,ready,8
2026-10-08 20:41:17.318,79.34,20261008_203957,เทส,rest,,,,,127.7,,1,0.253,0.249,0.004,1,36.7,0.181,0.057,59,ready,8
2026-10-08 20:41:17.523,79.55,20261008_203957,เทส,rest,,,,,127.7,,1,0.252,0.249,0.003,1,36.7,0.164,0.052,59,ready,8
2026-10-08 20:41:17.728,79.75,20261008_203957,เทส,rest,,,,,127.7,,1,0.252,0.249,0.003,1,36.71,0.149,0.047,58,ready,8
2026-10-08 20:41:17.936,79.96,20261008_203957,เทส,rest,,,,,127.7,,1,0.252,0.249,0.003,1,36.71,0.135,0.043,57,ready,8
2026-10-08 20:41:18.143,80.17,20261008_203957,เทส,rest,,,,,127.7,,1,0.252,0.249,0.003,1,36.71,0.123,0.04,56,ready,8
2026-10-08 20:41:18.350,80.38,20261008_203957,เทส,rest,,,,,127.7,,1,0.253,0.249,0.004,1,36.72,0.112,0.036,55,ready,8
2026-10-08 20:41:18.557,80.58,20261008_203957,เทส,rest,,,,,127.7,,1,0.253,0.249,0.003,1,36.72,0.107,0.034,54,ready,8
2026-10-08 20:41:18.762,80.79,20261008_203957,เทส,rest,,,,,127.7,,1,0.253,0.249,0.004,1,36.73,0.134,0.047,54,ready,8
2026-10-08 20:41:18.969,81.0,20261008_203957,เทส,rest,,,,,127.7,,1,0.255,0.249,0.005,1,36.74,0.138,0.076,54,ready,8
2026-10-08 20:41:19.176,81.2,20261008_203957,เทส,rest,,,,,127.7,,1,0.255,0.249,0.005,1,36.74,0.157,0.084,54,ready,8
2026-10-08 20:41:19.376,81.4,20261008_203957,เทส,rest,,,,,127.7,,1,0.255,0.249,0.005,1,36.75,0.144,0.076,54,ready,8
2026-10-08 20:41:19.578,81.6,20261008_203957,เทส,rest,,,,,121.8,,1,0.254,0.249,0.005,1,36.75,0.142,0.069,54,ready,8
2026-10-08 20:41:19.777,81.8,20261008_203957,เทส,rest,,,,,121.8,,1,0.254,0.25,0.004,1,36.76,0.148,0.064,53,ready,8
2026-10-08 20:41:19.978,82.0,20261008_203957,เทส,rest,,,,,121.8,,1,0.254,0.25,0.005,1,36.76,0.138,0.061,53,ready,8
2026-10-08 20:41:20.177,82.2,20261008_203957,เทส,rest,,,,,114.0,,1,0.249,0.25,-0.0,1,36.72,0.134,0.058,51,ready,8
2026-10-08 20:41:20.376,82.4,20261008_203957,เทส,rest,,,,,114.0,,1,0.251,0.25,0.001,1,36.73,0.124,0.054,50,ready,8
2026-10-08 20:41:20.581,82.61,20261008_203957,เทส,rest,,,,,114.0,,1,0.252,0.25,0.002,1,36.74,0.114,0.05,49,ready,8
2026-10-08 20:41:20.777,82.8,20261008_203957,เทส,rest,,,,,107.1,,1,0.253,0.25,0.003,1,36.75,0.096,0.044,46,ready,8
2026-10-08 20:41:20.977,83.0,20261008_203957,เทส,rest,,,,,107.1,,1,0.253,0.25,0.004,1,36.76,0.091,0.043,44,ready,8
2026-10-08 20:41:21.183,83.21,20261008_203957,เทส,rest,,,,,107.1,,1,0.254,0.25,0.004,1,36.76,0.083,0.048,43,ready,8
2026-10-08 20:41:21.389,83.41,20261008_203957,เทส,rest,,,,,101.3,64.5,1,0.254,0.25,0.004,1,36.77,0.076,0.057,41,ready,8
2026-10-08 20:41:21.596,83.62,20261008_203957,เทส,rest,,,,,101.3,64.5,1,0.254,0.25,0.004,1,36.78,0.075,0.065,40,ready,8
2026-10-08 20:41:21.803,83.83,20261008_203957,เทส,rest,,,,,101.3,64.5,1,0.253,0.25,0.003,1,36.77,0.07,0.067,38,ready,8
2026-10-08 20:41:22.007,84.03,20261008_203957,เทส,rest,,,,,101.2,57.7,1,0.252,0.25,0.002,1,36.78,0.067,0.062,37,ready,8
2026-10-08 20:41:22.212,84.24,20261008_203957,เทส,rest,,,,,101.2,57.7,1,0.252,0.25,0.002,1,36.78,0.062,0.058,36,ready,8
2026-10-08 20:41:22.417,84.44,20261008_203957,เทส,rest,,,,,101.2,57.7,1,0.252,0.25,0.002,1,36.78,0.057,0.053,35,ready,8
2026-10-08 20:41:22.624,84.65,20261008_203957,เทส,rest,,,,,96.2,58.9,1,0.252,0.25,0.002,1,36.79,0.052,0.048,34,ready,8
2026-10-08 20:41:22.831,84.86,20261008_203957,เทส,rest,,,,,96.2,58.9,1,0.248,0.25,-0.002,1,36.76,0.049,0.043,33,ready,8
2026-10-08 20:41:23.040,85.07,20261008_203957,เทส,question,1,600,live,truth,96.2,58.9,1,0.25,0.25,0.0,1,36.77,0.046,0.04,32,question,8
2026-10-08 20:41:23.237,85.26,20261008_203957,เทส,question,1,600,live,truth,98.4,57.4,1,0.25,0.25,-0.0,1,36.77,0.043,0.036,31,question,8
2026-10-08 20:41:23.442,85.47,20261008_203957,เทส,question,1,600,live,truth,98.4,57.4,1,0.251,0.25,0.001,1,36.78,0.04,0.033,31,question,8
2026-10-08 20:41:23.647,85.67,20261008_203957,เทส,question,1,600,live,truth,98.4,57.4,1,0.252,0.25,0.002,1,36.79,0.037,0.03,30,question,8
2026-10-08 20:41:23.852,85.88,20261008_203957,เทส,question,1,600,live,truth,98.4,57.4,1,0.253,0.25,0.002,1,36.79,0.034,0.027,30,question,8
2026-10-08 20:41:24.061,86.09,20261008_203957,เทส,question,1,600,live,truth,98.4,57.4,1,0.253,0.25,0.003,1,36.8,0.032,0.025,29,question,8
2026-10-08 20:41:24.260,86.29,20261008_203957,เทส,question,1,600,live,truth,98.4,57.4,1,0.253,0.25,0.003,1,36.77,0.029,0.022,29,question,8
2026-10-08 20:41:24.470,86.5,20261008_203957,เทส,question,1,600,live,truth,98.4,57.4,1,0.253,0.25,0.002,1,36.78,0.027,0.02,29,question,8
2026-10-08 20:41:24.668,86.69,20261008_203957,เทส,question,1,600,live,truth,98.4,57.4,1,0.253,0.25,0.002,1,36.78,0.025,0.018,28,question,8
2026-10-08 20:41:24.871,86.9,20261008_203957,เทส,question,1,600,live,truth,98.4,57.4,1,0.253,0.25,0.002,1,36.79,0.023,0.017,28,question,8
2026-10-08 20:41:25.068,87.09,20261008_203957,เทส,question,1,600,live,truth,98.4,57.4,1,0.253,0.25,0.002,1,36.8,0.021,0.015,28,question,8
2026-10-08 20:41:25.268,87.29,20261008_203957,เทส,question,1,600,live,truth,98.4,57.4,1,0.252,0.25,0.002,1,36.8,0.02,0.014,28,question,8
2026-10-08 20:41:25.468,87.49,20261008_203957,เทส,question,1,600,live,truth,98.4,57.4,1,0.253,0.25,0.003,1,36.81,0.018,0.013,28,question,8
2026-10-08 20:41:25.668,87.69,20261008_203957,เทส,question,1,600,live,truth,98.2,53.7,1,0.252,0.25,0.002,1,36.81,0.017,0.012,27,question,8
2026-10-08 20:41:25.871,87.9,20261008_203957,เทส,question,1,600,live,truth,98.2,53.7,1,0.252,0.25,0.002,1,36.82,0.015,0.011,27,question,8
2026-10-08 20:41:26.080,88.11,20261008_203957,เทส,question,1,600,live,truth,98.2,53.7,1,0.253,0.25,0.002,1,36.82,0.016,0.01,27,question,8
2026-10-08 20:41:26.282,88.31,20261008_203957,เทส,question,1,600,live,truth,98.2,64.7,1,0.252,0.25,0.002,1,36.83,0.015,0.01,27,question,8
2026-10-08 20:41:26.486,88.51,20261008_203957,เทส,question,1,600,live,truth,98.2,64.7,1,0.253,0.251,0.002,1,36.83,0.015,0.009,27,question,8
2026-10-08 20:41:26.691,88.72,20261008_203957,เทส,question,1,600,live,truth,98.2,64.7,1,0.253,0.251,0.002,1,36.84,0.014,0.009,27,question,8
2026-10-08 20:41:26.900,88.93,20261008_203957,เทส,question,1,600,live,truth,98.2,64.7,1,0.253,0.251,0.002,1,36.84,0.013,0.008,27,question,8
2026-10-08 20:41:27.113,89.14,20261008_203957,เทส,question,1,600,live,truth,98.2,64.7,1,0.253,0.251,0.002,1,36.84,0.013,0.007,27,question,8
2026-10-08 20:41:27.314,89.34,20261008_203957,เทส,question,1,600,live,truth,98.2,64.7,1,0.253,0.251,0.002,1,36.85,0.018,0.011,27,question,8
2026-10-08 20:41:27.518,89.54,20261008_203957,เทส,question,1,600,live,truth,,,1,0.253,0.251,0.002,1,36.85,0.02,0.013,26,question,8
2026-10-08 20:41:27.725,89.75,20261008_203957,เทส,question,1,600,live,truth,,,1,0.253,0.251,0.002,1,36.85,0.018,0.012,26,question,8
2026-10-08 20:41:27.928,89.95,20261008_203957,เทส,question,1,600,live,truth,135.8,,1,0.253,0.251,0.003,1,36.86,0.017,0.011,30,question,8
2026-10-08 20:41:28.137,90.16,20261008_203957,เทส,question,1,600,live,truth,135.8,,1,0.254,0.251,0.003,1,36.86,0.015,0.01,33,question,8
2026-10-08 20:41:28.343,90.37,20261008_203957,เทส,question,1,600,live,truth,143.4,,1,0.253,0.251,0.003,1,36.86,0.015,0.01,36,question,8
2026-10-08 20:41:28.549,90.58,20261008_203957,เทส,question,1,600,live,truth,156.4,,1,0.253,0.251,0.002,1,36.82,0.015,0.009,40,question,8
2026-10-08 20:41:28.749,90.78,20261008_203957,เทส,question,1,600,live,truth,156.4,,1,0.251,0.251,0.0,1,36.83,0.015,0.009,43,question,8
2026-10-08 20:41:28.958,90.98,20261008_203957,เทส,question,1,600,live,truth,172.0,63.5,1,0.253,0.251,0.002,1,36.83,0.015,0.008,47,question,8
2026-10-08 20:41:29.159,91.19,20261008_203957,เทส,question,1,600,live,truth,172.0,63.5,1,0.253,0.251,0.002,1,36.84,0.014,0.008,50,question,8
2026-10-08 20:41:29.368,91.39,20261008_203957,เทส,question,1,600,live,truth,172.0,63.5,1,0.254,0.251,0.003,1,36.85,0.015,0.008,53,question,8
2026-10-08 20:41:29.582,91.61,20261008_203957,เทส,question,1,600,live,truth,172.0,63.5,1,0.254,0.251,0.003,1,36.86,0.014,0.007,57,question,8
2026-10-08 20:41:29.787,91.81,20261008_203957,เทส,question,1,600,live,truth,172.0,63.5,1,0.254,0.251,0.003,1,36.86,0.014,0.007,59,question,8
2026-10-08 20:41:29.991,92.02,20261008_203957,เทส,question,1,600,live,truth,172.0,63.5,1,0.254,0.251,0.003,1,36.87,0.014,0.006,60,question,8
2026-10-08 20:41:30.199,92.22,20261008_203957,เทส,question,1,600,live,truth,172.0,63.5,1,0.254,0.251,0.003,1,36.87,0.013,0.006,61,question,8
2026-10-08 20:41:30.399,92.42,20261008_203957,เทส,question,1,600,live,truth,172.0,63.5,1,0.253,0.251,0.002,1,36.87,0.012,0.005,62,question,8
2026-10-08 20:41:30.608,92.63,20261008_203957,เทส,question,1,600,live,truth,,,1,0.254,0.251,0.002,1,36.88,0.012,0.005,55,question,8
2026-10-08 20:41:30.812,92.84,20261008_203957,เทส,question,1,600,live,truth,,,1,0.254,0.251,0.002,1,36.88,0.012,0.005,50,question,8
2026-10-08 20:41:31.018,93.04,20261008_203957,เทส,question,1,600,live,truth,,,1,0.254,0.251,0.003,1,36.88,0.011,0.005,45,question,8
2026-10-08 20:41:31.223,93.25,20261008_203957,เทส,question,1,600,live,truth,95.5,,1,0.254,0.251,0.003,1,36.88,0.011,0.005,41,question,8
2026-10-08 20:41:31.435,93.46,20261008_203957,เทส,question,1,600,live,truth,95.5,,1,0.254,0.251,0.003,1,36.89,0.01,0.005,39,question,8
2026-10-08 20:41:31.638,93.66,20261008_203957,เทส,question,1,600,live,truth,95.5,,1,0.254,0.251,0.003,1,36.89,0.012,0.004,36,question,8
2026-10-08 20:41:31.847,93.87,20261008_203957,เทส,question,1,600,live,truth,96.8,,1,0.254,0.251,0.003,1,36.9,0.012,0.006,34,question,8
2026-10-08 20:41:32.053,94.08,20261008_203957,เทส,question,1,600,live,truth,96.8,,1,0.254,0.251,0.003,1,36.9,0.012,0.005,33,question,8
2026-10-08 20:41:32.262,94.29,20261008_203957,เทส,question,1,600,live,truth,96.8,,1,0.254,0.251,0.003,1,36.91,0.011,0.005,31,question,8
2026-10-08 20:41:32.463,94.49,20261008_203957,เทส,question,1,600,live,truth,96.8,,1,0.254,0.252,0.003,1,36.91,0.01,0.005,30,question,8
2026-10-08 20:41:32.669,94.69,20261008_203957,เทส,question,1,600,live,truth,95.5,,1,0.254,0.252,0.003,1,36.92,0.01,0.005,29,question,8
2026-10-08 20:41:32.868,94.89,20261008_203957,เทส,question,1,600,live,truth,95.5,,1,0.25,0.252,-0.002,1,36.92,0.011,0.006,28,question,8
2026-10-08 20:41:33.085,95.11,20261008_203957,เทส,question,1,600,live,truth,95.5,,1,0.252,0.252,0.0,1,36.92,0.011,0.006,28,question,8
2026-10-08 20:41:33.282,95.31,20261008_203957,เทส,question,1,600,live,truth,95.5,,1,0.252,0.252,0.001,1,36.93,0.012,0.006,27,question,8
2026-10-08 20:41:33.487,95.51,20261008_203957,เทส,question,1,600,live,truth,95.5,,1,0.253,0.252,0.001,1,36.94,0.011,0.006,27,question,8
2026-10-08 20:41:33.697,95.72,20261008_203957,เทส,question,1,600,live,truth,95.5,,1,0.253,0.252,0.002,1,36.94,0.011,0.005,26,question,8
2026-10-08 20:41:33.902,95.93,20261008_203957,เทส,question,1,600,live,truth,,,1,0.254,0.252,0.002,1,36.95,0.011,0.005,26,question,8
2026-10-08 20:41:34.110,96.14,20261008_203957,เทส,question,1,600,live,truth,,,1,0.254,0.252,0.002,1,36.96,0.011,0.005,26,question,8
2026-10-08 20:41:34.319,96.34,20261008_203957,เทส,question,1,600,live,truth,,,1,0.255,0.252,0.003,1,36.96,0.012,0.006,26,question,8
2026-10-08 20:41:34.527,96.55,20261008_203957,เทส,question,1,600,live,truth,122.9,,1,0.254,0.252,0.003,1,36.97,0.011,0.006,28,question,8
2026-10-08 20:41:34.727,96.75,20261008_203957,เทส,question,1,600,live,truth,141.8,,1,0.254,0.252,0.002,1,36.97,0.011,0.006,32,question,8
2026-10-08 20:41:34.938,96.96,20261008_203957,เทส,recovery,1,600,live,truth,141.8,,1,0.254,0.252,0.002,1,36.98,0.01,0.005,35,ready,8
2026-10-08 20:41:35.143,97.17,20261008_203957,เทส,recovery,1,600,live,truth,151.0,,1,0.254,0.252,0.002,1,36.99,0.01,0.005,38,ready,8
2026-10-08 20:41:35.347,97.37,20261008_203957,เทส,recovery,1,600,live,truth,151.0,,1,0.254,0.252,0.002,1,36.99,0.01,0.005,41,ready,8
2026-10-08 20:41:35.552,97.58,20261008_203957,เทส,recovery,1,600,live,truth,145.3,139.2,1,0.254,0.252,0.002,1,37.0,0.01,0.005,43,ready,8
2026-10-08 20:41:35.757,97.78,20261008_203957,เทส,recovery,1,600,live,truth,145.3,139.2,1,0.254,0.252,0.002,1,37.0,0.009,0.005,44,ready,8
2026-10-08 20:41:35.962,97.99,20261008_203957,เทส,recovery,1,600,live,truth,145.3,139.2,1,0.253,0.252,0.002,1,37.01,0.009,0.005,45,ready,8
2026-10-08 20:41:36.167,98.19,20261008_203957,เทส,recovery,1,600,live,truth,145.3,139.2,1,0.254,0.252,0.002,1,37.02,0.01,0.005,46,ready,8
2026-10-08 20:41:36.375,98.4,20261008_203957,เทส,recovery,1,600,live,truth,145.3,139.2,1,0.254,0.252,0.002,1,37.03,0.011,0.006,47,ready,8
2026-10-08 20:41:36.583,98.61,20261008_203957,เทส,recovery,1,600,live,truth,145.3,139.2,1,0.255,0.252,0.003,1,37.03,0.011,0.005,48,ready,8
2026-10-08 20:41:36.786,98.81,20261008_203957,เทส,recovery,1,600,live,truth,145.3,139.2,1,0.255,0.252,0.003,1,37.04,0.01,0.005,48,ready,8
2026-10-08 20:41:37.003,99.03,20261008_203957,เทส,recovery,1,600,live,truth,145.3,139.2,1,0.254,0.252,0.002,1,37.05,0.01,0.004,49,ready,8
2026-10-08 20:41:37.201,99.23,20261008_203957,เทส,recovery,1,600,live,truth,145.3,139.2,1,0.255,0.252,0.002,1,37.05,0.009,0.005,49,ready,8
2026-10-08 20:41:37.406,99.43,20261008_203957,เทส,recovery,1,600,live,truth,,,1,0.255,0.252,0.002,1,37.06,0.012,0.005,45,ready,8
2026-10-08 20:41:37.612,99.64,20261008_203957,เทส,recovery,1,600,live,truth,,,1,0.255,0.252,0.002,1,37.06,0.011,0.005,41,ready,8
2026-10-08 20:41:37.811,99.84,20261008_203957,เทส,recovery,1,600,live,truth,,,1,0.255,0.252,0.003,1,37.07,0.011,0.005,38,ready,8
2026-10-08 20:41:38.016,100.04,20261008_203957,เทส,recovery,1,600,live,truth,96.3,,1,0.254,0.252,0.002,1,37.03,0.01,0.004,36,ready,8
2026-10-08 20:41:38.222,100.25,20261008_203957,เทส,recovery,1,600,live,truth,96.3,,1,0.254,0.252,0.002,1,37.04,0.01,0.005,34,ready,8
2026-10-08 20:41:38.432,100.46,20261008_203957,เทส,recovery,1,600,live,truth,96.3,,1,0.254,0.252,0.002,1,37.05,0.011,0.005,33,ready,8
2026-10-08 20:41:38.637,100.66,20261008_203957,เทส,recovery,1,600,live,truth,96.0,,1,0.255,0.252,0.002,1,37.06,0.01,0.005,31,ready,8
2026-10-08 20:41:38.842,100.87,20261008_203957,เทส,recovery,1,600,live,truth,96.0,,1,0.255,0.252,0.002,1,37.07,0.01,0.005,30,ready,8
2026-10-08 20:41:39.047,101.07,20261008_203957,เทส,recovery,1,600,live,truth,96.0,,1,0.255,0.252,0.003,1,37.07,0.01,0.005,29,ready,8
2026-10-08 20:41:39.255,101.28,20261008_203957,เทส,recovery,1,600,live,truth,96.3,,1,0.255,0.252,0.002,1,37.08,0.009,0.005,29,ready,8
2026-10-08 20:41:39.462,101.49,20261008_203957,เทส,recovery,1,600,live,truth,96.3,,1,0.255,0.252,0.002,1,37.09,0.009,0.005,28,ready,8
2026-10-08 20:41:39.670,101.7,20261008_203957,เทส,recovery,1,600,live,truth,96.3,,1,0.256,0.253,0.003,1,37.1,0.011,0.005,28,ready,8
2026-10-08 20:41:39.875,101.9,20261008_203957,เทส,recovery,1,600,live,truth,96.5,13.8,1,0.255,0.253,0.003,1,37.1,0.01,0.005,27,ready,8
2026-10-08 20:41:40.078,102.1,20261008_203957,เทส,recovery,1,600,live,truth,96.5,13.8,1,0.255,0.253,0.003,1,37.11,0.01,0.005,27,ready,8
2026-10-08 20:41:40.283,102.31,20261008_203957,เทส,recovery,1,600,live,truth,96.5,13.8,1,0.255,0.253,0.002,1,37.11,0.009,0.004,27,ready,8
2026-10-08 20:41:40.487,102.51,20261008_203957,เทส,recovery,1,600,live,truth,96.5,12.3,1,0.255,0.253,0.002,1,37.12,0.009,0.005,26,ready,8
2026-10-08 20:41:40.695,102.72,20261008_203957,เทส,recovery,1,600,live,truth,96.5,12.3,1,0.255,0.253,0.002,1,37.13,0.009,0.004,26,ready,8
2026-10-08 20:41:40.901,102.93,20261008_203957,เทส,recovery,1,600,live,truth,96.5,12.3,1,0.255,0.253,0.002,1,37.13,0.009,0.004,26,ready,8
2026-10-08 20:41:41.106,103.13,20261008_203957,เทส,recovery,1,600,live,truth,96.5,11.9,1,0.255,0.253,0.002,1,37.14,0.009,0.004,26,ready,8
2026-10-08 20:41:41.312,103.34,20261008_203957,เทส,recovery,1,600,live,truth,96.5,11.9,1,0.255,0.253,0.002,1,37.14,0.009,0.004,26,ready,8
2026-10-08 20:41:41.525,103.55,20261008_203957,เทส,recovery,1,600,live,truth,96.5,11.9,1,0.255,0.253,0.002,1,37.15,0.009,0.004,26,ready,8
2026-10-08 20:41:41.727,103.75,20261008_203957,เทส,recovery,1,600,live,truth,96.5,11.9,1,0.255,0.253,0.002,1,37.15,0.009,0.004,26,ready,8
2026-10-08 20:41:41.935,103.96,20261008_203957,เทส,recovery,1,600,live,truth,96.5,16.6,1,0.256,0.253,0.003,1,37.15,0.009,0.004,26,ready,8
2026-10-08 20:41:42.144,104.17,20261008_203957,เทส,recovery,1,600,live,truth,96.5,16.6,1,0.256,0.253,0.003,1,37.16,0.01,0.006,26,ready,8
2026-10-08 20:41:42.349,104.37,20261008_203957,เทส,recovery,1,600,live,truth,96.5,16.6,1,0.256,0.253,0.003,1,37.18,0.01,0.005,26,ready,8
2026-10-08 20:41:42.553,104.58,20261008_203957,เทส,recovery,1,600,live,truth,96.5,18.4,1,0.253,0.253,0.0,1,37.14,0.011,0.006,26,ready,8
2026-10-08 20:41:42.761,104.79,20261008_203957,เทส,recovery,1,600,live,truth,96.5,18.4,1,0.254,0.253,0.001,1,37.14,0.011,0.006,26,ready,8
2026-10-08 20:41:42.969,105.0,20261008_203957,เทส,recovery,1,600,live,truth,96.5,18.4,1,0.255,0.253,0.002,1,37.15,0.01,0.005,26,ready,8
2026-10-08 20:41:43.174,105.2,20261008_203957,เทส,recovery,1,600,live,truth,96.5,17.7,1,0.255,0.253,0.002,1,37.15,0.011,0.005,26,ready,8
2026-10-08 20:41:43.387,105.41,20261008_203957,เทส,recovery,1,600,live,truth,96.5,17.7,1,0.255,0.253,0.002,1,37.16,0.011,0.005,26,ready,8
2026-10-08 20:41:43.586,105.61,20261008_203957,เทส,recovery,1,600,live,truth,96.5,17.7,1,0.256,0.253,0.003,1,37.16,0.011,0.005,26,ready,8
2026-10-08 20:41:43.795,105.82,20261008_203957,เทส,recovery,1,600,live,truth,95.8,16.8,1,0.257,0.253,0.003,1,37.16,0.011,0.005,26,ready,8
2026-10-08 20:41:43.997,106.02,20261008_203957,เทส,recovery,1,600,live,truth,95.8,16.8,1,0.257,0.253,0.004,1,37.17,0.011,0.004,26,ready,8
2026-10-08 20:41:44.205,106.23,20261008_203957,เทส,recovery,1,600,live,truth,95.8,16.8,1,0.257,0.253,0.003,1,37.17,0.01,0.004,26,ready,8
2026-10-08 20:41:44.403,106.43,20261008_203957,เทส,recovery,1,600,live,truth,95.8,16.3,1,0.256,0.253,0.003,1,37.18,0.011,0.005,26,ready,8
2026-10-08 20:41:44.604,106.63,20261008_203957,เทส,recovery,1,600,live,truth,95.8,16.3,1,0.256,0.253,0.002,1,37.18,0.01,0.004,26,ready,8
2026-10-08 20:41:44.802,106.83,20261008_203957,เทส,recovery,1,600,live,truth,95.8,16.3,1,0.256,0.253,0.003,1,37.18,0.01,0.005,26,ready,8
2026-10-08 20:41:45.007,107.03,20261008_203957,เทส,recovery,1,600,live,truth,96.0,16.5,1,0.256,0.253,0.003,1,37.19,0.01,0.005,26,ready,8
2026-10-08 20:41:45.209,107.23,20261008_203957,เทส,recovery,1,600,live,truth,96.0,16.5,1,0.256,0.253,0.003,1,37.19,0.01,0.005,26,ready,8
2026-10-08 20:41:45.412,107.44,20261008_203957,เทส,recovery,1,600,live,truth,96.0,16.5,1,0.256,0.253,0.003,1,37.19,0.009,0.005,26,ready,8
2026-10-08 20:41:45.616,107.64,20261008_203957,เทส,recovery,1,600,live,truth,96.0,16.5,1,0.257,0.254,0.003,1,37.19,0.009,0.004,26,ready,8
2026-10-08 20:41:45.822,107.85,20261008_203957,เทส,recovery,1,600,live,truth,96.0,17.2,1,0.257,0.254,0.003,1,37.2,0.008,0.004,26,ready,8
2026-10-08 20:41:46.027,108.05,20261008_203957,เทส,recovery,1,600,live,truth,96.0,17.2,1,0.256,0.254,0.002,1,37.2,0.008,0.004,25,ready,8
2026-10-08 20:41:46.232,108.26,20261008_203957,เทส,recovery,1,600,live,truth,96.0,17.2,1,0.256,0.254,0.002,1,37.2,0.009,0.004,25,ready,8
2026-10-08 20:41:46.441,108.47,20261008_203957,เทส,recovery,1,600,live,truth,96.0,17.2,1,0.256,0.254,0.002,1,37.2,0.009,0.003,25,ready,8
2026-10-08 20:41:46.646,108.67,20261008_203957,เทส,recovery,1,600,live,truth,96.0,17.2,1,0.251,0.254,-0.002,1,37.18,0.008,0.003,25,ready,8
2026-10-08 20:41:46.851,108.88,20261008_203957,เทส,recovery,1,600,live,truth,96.3,16.4,1,0.253,0.254,-0.0,1,37.18,0.008,0.003,25,ready,8
2026-10-08 20:41:47.058,109.08,20261008_203957,เทส,recovery,1,600,live,truth,96.3,16.4,1,0.254,0.254,0.001,1,37.18,0.008,0.003,25,ready,8
2026-10-08 20:41:47.263,109.29,20261008_203957,เทส,recovery,1,600,live,truth,96.3,16.4,1,0.255,0.254,0.001,1,37.19,0.01,0.003,25,ready,8
2026-10-08 20:41:47.463,109.49,20261008_203957,เทส,recovery,1,600,live,truth,96.3,18.2,1,0.256,0.254,0.002,1,37.19,0.01,0.003,25,ready,8
2026-10-08 20:41:47.664,109.69,20261008_203957,เทส,recovery,1,600,live,truth,96.3,18.2,1,0.256,0.254,0.003,1,37.2,0.009,0.004,25,ready,8
2026-10-08 20:41:47.866,109.89,20261008_203957,เทส,recovery,1,600,live,truth,96.3,18.2,1,0.256,0.254,0.003,1,37.2,0.01,0.004,25,ready,8
2026-10-08 20:41:48.066,110.09,20261008_203957,เทส,recovery,1,600,live,truth,96.3,27.0,1,0.256,0.254,0.003,1,37.2,0.01,0.005,25,ready,8
2026-10-08 20:41:48.275,110.3,20261008_203957,เทส,recovery,1,600,live,truth,96.3,27.0,1,0.256,0.254,0.002,1,37.2,0.009,0.005,25,ready,8
2026-10-08 20:41:48.486,110.51,20261008_203957,เทส,recovery,1,600,live,truth,96.3,27.0,1,0.256,0.254,0.002,1,37.21,0.01,0.005,25,ready,8
2026-10-08 20:41:48.692,110.72,20261008_203957,เทส,rest,,,,,96.3,32.6,1,0.256,0.254,0.002,1,37.21,0.01,0.005,25,ready,8
2026-10-08 20:41:48.896,110.92,20261008_203957,เทส,rest,,,,,96.3,32.6,1,0.256,0.254,0.002,1,37.21,0.01,0.006,25,ready,8
2026-10-08 20:41:49.100,111.13,20261008_203957,เทส,rest,,,,,96.3,32.6,1,0.255,0.254,0.001,1,37.21,0.01,0.005,25,ready,8
2026-10-08 20:41:49.309,111.33,20261008_203957,เทส,rest,,,,,96.3,33.2,1,0.255,0.254,0.001,1,37.22,0.009,0.005,25,ready,8
2026-10-08 20:41:49.512,111.54,20261008_203957,เทส,rest,,,,,96.3,33.2,1,0.256,0.254,0.002,1,37.22,0.009,0.004,25,ready,8
2026-10-08 20:41:49.720,111.75,20261008_203957,เทส,rest,,,,,96.3,33.2,1,0.256,0.254,0.002,1,37.22,0.01,0.004,25,ready,8
2026-10-08 20:41:49.931,111.96,20261008_203957,เทส,rest,,,,,98.5,50.4,1,0.256,0.254,0.002,1,37.22,0.01,0.004,26,ready,8
2026-10-08 20:41:50.139,112.16,20261008_203957,เทส,rest,,,,,98.5,50.4,1,0.256,0.254,0.002,1,37.22,0.01,0.004,26,ready,8
2026-10-08 20:41:50.341,112.37,20261008_203957,เทส,rest,,,,,98.5,50.4,1,0.256,0.254,0.002,1,37.23,0.009,0.004,26,ready,8
2026-10-08 20:41:50.547,112.57,20261008_203957,เทส,rest,,,,,98.5,50.4,1,0.256,0.254,0.002,1,37.23,0.009,0.004,26,ready,8
2026-10-08 20:41:50.752,112.78,20261008_203957,เทส,rest,,,,,98.5,50.4,1,0.256,0.254,0.002,1,37.23,0.01,0.004,26,ready,8
2026-10-08 20:41:50.961,112.99,20261008_203957,เทส,rest,,,,,98.5,53.4,1,0.255,0.254,0.001,1,37.2,0.01,0.004,26,ready,8
2026-10-08 20:41:51.166,113.19,20261008_203957,เทส,rest,,,,,98.5,53.4,1,0.254,0.254,-0.0,1,37.2,0.01,0.004,26,ready,8
2026-10-08 20:41:51.372,113.4,20261008_203957,เทส,rest,,,,,98.5,53.4,1,0.255,0.254,0.001,1,37.21,0.01,0.004,26,ready,8
2026-10-08 20:41:51.581,113.61,20261008_203957,เทส,rest,,,,,98.5,57.1,1,0.255,0.254,0.001,1,37.21,0.009,0.003,26,ready,8
2026-10-08 20:41:51.787,113.81,20261008_203957,เทส,rest,,,,,98.5,57.1,1,0.255,0.254,0.001,1,37.21,0.009,0.004,26,ready,8
2026-10-08 20:41:51.994,114.02,20261008_203957,เทส,rest,,,,,106.2,74.3,1,0.256,0.254,0.002,1,37.22,0.01,0.004,27,ready,8
2026-10-08 20:41:52.203,114.23,20261008_203957,เทส,rest,,,,,106.2,74.3,1,0.256,0.254,0.002,1,37.22,0.011,0.006,28,ready,8
2026-10-08 20:41:52.406,114.43,20261008_203957,เทส,rest,,,,,106.2,96.3,1,0.256,0.254,0.002,1,37.23,0.011,0.006,28,ready,8
2026-10-08 20:41:52.611,114.64,20261008_203957,เทส,rest,,,,,106.2,96.3,1,0.256,0.254,0.001,1,37.23,0.011,0.006,29,ready,8
2026-10-08 20:41:52.816,114.84,20261008_203957,เทส,rest,,,,,106.2,96.3,1,0.256,0.254,0.002,1,37.23,0.011,0.008,29,ready,8
2026-10-08 20:41:53.021,115.05,20261008_203957,เทส,rest,,,,,99.5,91.0,1,0.256,0.254,0.002,1,37.23,0.011,0.008,28,ready,8
2026-10-08 20:41:53.225,115.25,20261008_203957,เทส,rest,,,,,99.5,91.0,1,0.256,0.254,0.002,1,37.24,0.01,0.007,28,ready,8
2026-10-08 20:41:53.431,115.46,20261008_203957,เทส,rest,,,,,99.5,91.0,1,0.256,0.254,0.002,1,37.24,0.01,0.007,28,ready,8
2026-10-08 20:41:53.636,115.66,20261008_203957,เทส,rest,,,,,99.5,86.4,1,0.256,0.254,0.002,1,37.24,0.009,0.006,28,ready,8
2026-10-08 20:41:53.842,115.87,20261008_203957,เทส,rest,,,,,99.5,86.4,1,0.256,0.254,0.002,1,37.24,0.01,0.007,28,ready,8
2026-10-08 20:41:54.048,116.07,20261008_203957,เทส,rest,,,,,99.5,94.0,1,0.257,0.254,0.002,1,37.24,0.01,0.007,27,ready,8
2026-10-08 20:41:54.252,116.28,20261008_203957,เทส,rest,,,,,99.5,94.0,1,0.257,0.254,0.003,1,37.25,0.01,0.007,27,ready,8
2026-10-08 20:41:54.462,116.49,20261008_203957,เทส,rest,,,,,99.5,94.0,1,0.257,0.255,0.003,1,37.25,0.01,0.007,27,ready,8
2026-10-08 20:41:54.666,116.69,20261008_203957,เทส,rest,,,,,99.5,94.0,1,0.257,0.255,0.002,1,37.25,0.01,0.006,27,ready,8
2026-10-08 20:41:54.876,116.9,20261008_203957,เทส,rest,,,,,99.5,94.0,1,0.257,0.255,0.002,1,37.25,0.01,0.006,27,ready,8
2026-10-08 20:41:55.076,117.1,20261008_203957,เทส,rest,,,,,99.5,94.0,1,0.257,0.255,0.002,1,37.27,0.01,0.005,27,ready,8
2026-10-08 20:41:55.281,117.31,20261008_203957,เทส,rest,,,,,99.5,94.0,1,0.256,0.255,0.001,1,37.22,0.01,0.005,27,ready,8
2026-10-08 20:41:55.482,117.51,20261008_203957,เทส,rest,,,,,99.5,97.0,1,0.256,0.255,0.001,1,37.23,0.009,0.004,27,ready,8
2026-10-08 20:41:55.682,117.71,20261008_203957,เทส,rest,,,,,99.5,97.0,1,0.256,0.255,0.002,1,37.24,0.009,0.004,27,ready,8
2026-10-08 20:41:55.882,117.91,20261008_203957,เทส,rest,,,,,99.5,97.0,1,0.257,0.255,0.002,1,37.24,0.01,0.004,27,ready,8
2026-10-08 20:41:56.086,118.11,20261008_203957,เทส,rest,,,,,97.7,99.5,1,0.257,0.255,0.002,1,37.24,0.01,0.004,27,ready,8
2026-10-08 20:41:56.288,118.31,20261008_203957,เทส,rest,,,,,97.7,99.5,1,0.256,0.255,0.002,1,37.25,0.01,0.005,27,ready,8
2026-10-08 20:41:56.493,118.52,20261008_203957,เทส,rest,,,,,97.7,99.5,1,0.257,0.255,0.002,1,37.25,0.01,0.005,26,ready,8
2026-10-08 20:41:56.703,118.73,20261008_203957,เทส,rest,,,,,97.7,99.5,1,0.257,0.255,0.003,1,37.26,0.01,0.005,26,ready,8
2026-10-08 20:41:56.906,118.93,20261008_203957,เทส,rest,,,,,97.7,99.5,1,0.258,0.255,0.003,1,37.27,0.01,0.005,26,ready,8
2026-10-08 20:41:57.113,119.14,20261008_203957,เทส,rest,,,,,97.7,99.5,1,0.258,0.255,0.003,1,37.27,0.009,0.005,26,ready,8
2026-10-08 20:41:57.321,119.35,20261008_203957,เทส,rest,,,,,97.7,99.5,1,0.258,0.255,0.003,1,37.27,0.01,0.005,26,ready,8
2026-10-08 20:41:57.531,119.56,20261008_203957,เทส,rest,,,,,96.7,91.5,1,0.258,0.255,0.003,1,37.28,0.01,0.004,26,ready,8
2026-10-08 20:41:57.741,119.77,20261008_203957,เทส,rest,,,,,96.7,91.5,1,0.258,0.255,0.003,1,37.28,0.009,0.004,26,ready,8
2026-10-08 20:41:57.946,119.97,20261008_203957,เทส,rest,,,,,96.7,91.5,1,0.258,0.255,0.003,1,37.28,0.009,0.004,26,ready,8
2026-10-08 20:41:58.152,120.18,20261008_203957,เทส,rest,,,,,96.7,87.5,1,0.258,0.255,0.003,1,37.29,0.009,0.004,26,ready,8
2026-10-08 20:41:58.358,120.38,20261008_203957,เทส,rest,,,,,96.7,87.5,1,0.258,0.255,0.003,1,37.3,0.009,0.004,26,ready,8
2026-10-08 20:41:58.563,120.59,20261008_203957,เทส,rest,,,,,96.7,87.5,1,0.258,0.255,0.003,1,37.31,0.009,0.004,26,ready,8
2026-10-08 20:41:58.771,120.8,20261008_203957,เทส,rest,,,,,94.8,86.3,1,0.258,0.255,0.003,1,37.32,0.009,0.004,26,ready,8
2026-10-08 20:41:58.977,121.0,20261008_203957,เทส,rest,,,,,94.8,86.3,1,0.258,0.255,0.003,1,37.32,0.009,0.004,26,ready,8
2026-10-08 20:41:59.184,121.21,20261008_203957,เทส,rest,,,,,94.8,86.3,1,0.258,0.255,0.003,1,37.32,0.009,0.004,25,ready,8
2026-10-08 20:41:59.393,121.42,20261008_203957,เทส,rest,,,,,96.7,75.4,1,0.258,0.255,0.003,1,37.33,0.009,0.004,25,ready,8
2026-10-08 20:41:59.607,121.63,20261008_203957,เทส,rest,,,,,96.7,75.4,1,0.256,0.255,0.001,1,37.3,0.01,0.004,25,ready,8
2026-10-08 20:41:59.812,121.84,20261008_203957,เทส,rest,,,,,94.8,52.3,1,0.257,0.255,0.002,1,37.31,0.009,0.004,25,ready,8
2026-10-08 20:42:00.016,122.04,20261008_203957,เทส,rest,,,,,94.8,52.3,1,0.257,0.255,0.002,1,37.33,0.009,0.004,25,ready,8
2026-10-08 20:42:00.212,122.24,20261008_203957,เทส,rest,,,,,94.8,52.3,1,0.257,0.255,0.002,1,37.34,0.009,0.004,25,ready,8
2026-10-08 20:42:00.411,122.44,20261008_203957,เทส,rest,,,,,97.1,52.2,1,0.257,0.255,0.002,1,37.35,0.009,0.004,25,ready,8
2026-10-08 20:42:00.621,122.65,20261008_203957,เทส,rest,,,,,97.1,52.2,1,0.258,0.255,0.002,1,37.36,0.01,0.005,25,ready,8
2026-10-08 20:42:00.823,122.85,20261008_203957,เทส,rest,,,,,97.1,52.2,1,0.258,0.256,0.003,1,37.37,0.011,0.005,25,ready,8
2026-10-08 20:42:01.022,123.05,20261008_203957,เทส,rest,,,,,97.1,52.2,1,0.258,0.256,0.003,1,37.37,0.011,0.005,26,ready,8
2026-10-08 20:42:01.222,123.25,20261008_203957,เทส,rest,,,,,97.1,52.2,1,0.259,0.256,0.003,1,37.38,0.01,0.004,26,ready,8
2026-10-08 20:42:01.426,123.45,20261008_203957,เทส,rest,,,,,97.1,52.2,1,0.258,0.256,0.003,1,37.38,0.01,0.004,26,ready,8
2026-10-08 20:42:01.627,123.65,20261008_203957,เทส,rest,,,,,97.1,52.2,1,0.258,0.256,0.003,1,37.39,0.01,0.004,26,ready,8
2026-10-08 20:42:01.822,123.85,20261008_203957,เทส,rest,,,,,97.1,36.2,1,0.258,0.256,0.003,1,37.4,0.01,0.005,26,ready,8
2026-10-08 20:42:02.022,124.05,20261008_203957,เทส,rest,,,,,97.1,36.2,1,0.258,0.256,0.003,1,37.4,0.01,0.005,26,ready,8
2026-10-08 20:42:02.223,124.25,20261008_203957,เทส,rest,,,,,97.1,36.2,1,0.258,0.256,0.003,1,37.4,0.01,0.004,26,ready,8
2026-10-08 20:42:02.430,124.46,20261008_203957,เทส,rest,,,,,97.1,35.2,1,0.259,0.256,0.003,1,37.41,0.01,0.004,26,ready,8
2026-10-08 20:42:02.625,124.65,20261008_203957,เทส,rest,,,,,97.1,35.2,1,0.259,0.256,0.003,1,37.42,0.01,0.005,26,ready,9
2026-10-08 20:42:02.823,124.85,20261008_203957,เทส,rest,,,,,97.1,35.2,1,0.259,0.256,0.003,1,37.42,0.011,0.005,26,ready,9
2026-10-08 20:42:03.027,125.05,20261008_203957,เทส,rest,,,,,97.3,23.7,1,0.259,0.256,0.003,1,37.43,0.01,0.005,26,ready,9
2026-10-08 20:42:03.235,125.26,20261008_203957,เทส,rest,,,,,97.3,23.7,1,0.259,0.256,0.003,1,37.44,0.01,0.005,26,ready,9
2026-10-08 20:42:03.434,125.46,20261008_203957,เทส,rest,,,,,97.3,23.7,1,0.259,0.256,0.003,1,37.44,0.01,0.005,26,ready,9
2026-10-08 20:42:03.641,125.67,20261008_203957,เทส,rest,,,,,97.3,21.0,1,0.259,0.256,0.003,1,37.39,0.009,0.004,26,ready,9
2026-10-08 20:42:03.834,125.86,20261008_203957,เทส,rest,,,,,97.3,21.0,1,0.259,0.256,0.003,1,37.39,0.01,0.004,26,ready,8
2026-10-08 20:42:04.039,126.06,20261008_203957,เทส,rest,,,,,97.3,21.0,1,0.259,0.256,0.003,1,37.4,0.01,0.004,26,ready,8
2026-10-08 20:42:04.244,126.27,20261008_203957,เทส,rest,,,,,97.1,20.7,1,0.259,0.256,0.003,1,37.41,0.01,0.004,26,ready,8
2026-10-08 20:42:04.452,126.48,20261008_203957,เทส,rest,,,,,97.1,20.7,1,0.259,0.256,0.002,1,37.42,0.01,0.004,26,ready,8
2026-10-08 20:42:04.659,126.68,20261008_203957,เทส,rest,,,,,97.1,20.7,1,0.259,0.256,0.003,1,37.42,0.009,0.004,26,ready,8
2026-10-08 20:42:04.876,126.9,20261008_203957,เทส,rest,,,,,97.1,18.3,1,0.259,0.256,0.003,1,37.43,0.009,0.004,26,ready,8
2026-10-08 20:42:05.066,127.09,20261008_203957,เทส,rest,,,,,97.1,18.3,1,0.259,0.256,0.003,1,37.43,0.009,0.004,26,ready,9
2026-10-08 20:42:05.272,127.3,20261008_203957,เทส,rest,,,,,97.1,18.3,1,0.259,0.256,0.003,1,37.44,0.01,0.004,26,ready,8
2026-10-08 20:42:05.476,127.5,20261008_203957,เทส,rest,,,,,97.1,18.3,1,0.259,0.256,0.003,1,37.44,0.011,0.004,26,ready,8
2026-10-08 20:42:05.682,127.71,20261008_203957,เทส,rest,,,,,97.1,18.3,1,0.26,0.256,0.003,1,37.45,0.01,0.005,26,ready,8
2026-10-08 20:42:05.896,127.92,20261008_203957,เทส,rest,,,,,97.1,18.3,1,0.26,0.256,0.003,1,37.46,0.011,0.005,26,ready,8
2026-10-08 20:42:06.092,128.12,20261008_203957,เทส,rest,,,,,,,1,0.26,0.256,0.003,1,37.44,0.011,0.004,26,ready,8
2026-10-08 20:42:06.302,128.33,20261008_203957,เทส,rest,,,,,,,1,0.259,0.257,0.003,1,37.45,0.011,0.005,26,ready,8
2026-10-08 20:42:06.510,128.54,20261008_203957,เทส,rest,,,,,,,1,0.259,0.257,0.002,1,37.46,0.011,0.004,26,ready,8
2026-10-08 20:42:06.714,128.74,20261008_203957,เทส,rest,,,,,118.4,,1,0.259,0.257,0.002,1,37.46,0.011,0.005,27,ready,8
2026-10-08 20:42:06.922,128.95,20261008_203957,เทส,rest,,,,,118.4,,1,0.259,0.257,0.002,1,37.47,0.011,0.004,29,ready,8
2026-10-08 20:42:07.131,129.16,20261008_203957,เทส,rest,,,,,118.4,,1,0.259,0.257,0.002,1,37.48,0.01,0.004,30,ready,8
2026-10-08 20:42:07.335,129.36,20261008_203957,เทส,rest,,,,,118.4,,1,0.259,0.257,0.003,1,37.48,0.01,0.004,31,ready,8
2026-10-08 20:42:07.545,129.57,20261008_203957,เทส,rest,,,,,97.9,,1,0.26,0.257,0.003,1,37.49,0.01,0.004,30,ready,8
2026-10-08 20:42:07.743,129.77,20261008_203957,เทส,rest,,,,,97.9,,1,0.26,0.257,0.003,1,37.5,0.01,0.004,30,ready,8
2026-10-08 20:42:07.958,129.98,20261008_203957,เทส,rest,,,,,97.9,,1,0.26,0.257,0.003,1,37.52,0.009,0.004,29,ready,9
2026-10-08 20:42:08.160,130.19,20261008_203957,เทส,rest,,,,,97.9,,1,0.259,0.257,0.002,1,37.46,0.01,0.004,28,ready,8
2026-10-08 20:42:08.366,130.39,20261008_203957,เทส,rest,,,,,97.9,,1,0.259,0.257,0.002,1,37.47,0.01,0.004,28,ready,8
2026-10-08 20:42:08.573,130.6,20261008_203957,เทส,rest,,,,,97.9,,1,0.259,0.257,0.002,1,37.48,0.01,0.004,28,ready,8
2026-10-08 20:42:08.787,130.81,20261008_203957,เทส,rest,,,,,97.9,,1,0.259,0.257,0.002,1,37.48,0.01,0.003,27,ready,8
2026-10-08 20:42:08.985,131.01,20261008_203957,เทส,rest,,,,,97.9,,1,0.259,0.257,0.002,1,37.49,0.01,0.003,27,ready,8
2026-10-08 20:42:09.194,131.22,20261008_203957,เทส,rest,,,,,97.9,,1,0.259,0.257,0.002,1,37.49,0.009,0.004,27,ready,8
2026-10-08 20:42:09.400,131.43,20261008_203957,เทส,rest,,,,,98.7,,1,0.26,0.257,0.002,1,37.5,0.012,0.006,27,ready,8
2026-10-08 20:42:09.606,131.63,20261008_203957,เทส,rest,,,,,99.5,,1,0.26,0.257,0.003,1,37.51,0.011,0.005,27,ready,8
2026-10-08 20:42:09.812,131.84,20261008_203957,เทส,rest,,,,,99.5,,1,0.26,0.257,0.003,1,37.51,0.011,0.005,27,ready,8
2026-10-08 20:42:10.010,132.04,20261008_203957,เทส,rest,,,,,99.5,,1,0.26,0.257,0.003,1,37.52,0.011,0.005,27,ready,8
2026-10-08 20:42:10.215,132.24,20261008_203957,เทส,rest,,,,,99.5,,1,0.26,0.257,0.002,1,37.52,0.01,0.005,27,ready,8
2026-10-08 20:42:10.421,132.45,20261008_203957,เทส,rest,,,,,97.9,135.1,1,0.26,0.257,0.002,1,37.52,0.01,0.005,27,ready,8
2026-10-08 20:42:10.631,132.66,20261008_203957,เทส,rest,,,,,97.9,135.1,1,0.26,0.257,0.002,1,37.53,0.012,0.006,27,ready,8
2026-10-08 20:42:10.834,132.86,20261008_203957,เทส,rest,,,,,97.9,135.1,1,0.259,0.257,0.002,1,37.53,0.011,0.006,27,ready,8
2026-10-08 20:42:11.047,133.07,20261008_203957,เทส,rest,,,,,97.9,135.1,1,0.259,0.257,0.002,1,37.53,0.011,0.006,27,ready,8
2026-10-08 20:42:11.246,133.27,20261008_203957,เทส,rest,,,,,99.5,135.1,1,0.26,0.257,0.002,1,37.53,0.011,0.005,27,ready,8
2026-10-08 20:42:11.450,133.48,20261008_203957,เทส,rest,,,,,99.5,135.1,1,0.26,0.257,0.003,1,37.53,0.01,0.005,27,ready,8
2026-10-08 20:42:11.655,133.68,20261008_203957,เทส,rest,,,,,99.5,135.1,1,0.261,0.257,0.003,1,37.54,0.011,0.005,27,ready,8
2026-10-08 20:42:11.862,133.89,20261008_203957,เทส,rest,,,,,99.5,135.1,1,0.261,0.257,0.003,1,37.54,0.011,0.005,27,ready,8
2026-10-08 20:42:12.070,134.1,20261008_203957,เทส,rest,,,,,99.5,135.1,1,0.261,0.258,0.003,1,37.54,0.012,0.005,27,ready,8
2026-10-08 20:42:12.266,134.29,20261008_203957,เทส,rest,,,,,99.5,135.1,1,0.258,0.258,0.0,1,37.53,0.012,0.005,27,ready,8
2026-10-08 20:42:12.471,134.5,20261008_203957,เทส,rest,,,,,99.5,135.1,1,0.259,0.258,0.001,1,37.53,0.012,0.005,27,ready,8
2026-10-08 20:42:12.682,134.71,20261008_203957,เทส,rest,,,,,99.5,135.1,1,0.26,0.258,0.002,1,37.53,0.012,0.005,27,ready,8
2026-10-08 20:42:12.883,134.91,20261008_203957,เทส,rest,,,,,99.0,121.1,1,0.26,0.258,0.002,1,37.54,0.011,0.005,27,ready,8
2026-10-08 20:42:13.087,135.11,20261008_203957,เทส,rest,,,,,99.0,121.1,1,0.26,0.258,0.003,1,37.54,0.011,0.004,27,ready,8
2026-10-08 20:42:13.292,135.32,20261008_203957,เทส,rest,,,,,99.0,121.1,1,0.26,0.258,0.003,1,37.54,0.01,0.004,27,ready,8
2026-10-08 20:42:13.500,135.53,20261008_203957,เทส,rest,,,,,96.4,110.5,1,0.26,0.258,0.003,1,37.55,0.01,0.004,27,ready,8
2026-10-08 20:42:13.711,135.74,20261008_203957,เทส,rest,,,,,96.4,110.5,1,0.26,0.258,0.003,1,37.55,0.01,0.004,26,ready,8
2026-10-08 20:42:13.912,135.94,20261008_203957,เทส,rest,,,,,96.4,110.5,1,0.261,0.258,0.003,1,37.55,0.01,0.004,26,ready,8
2026-10-08 20:42:14.119,136.15,20261008_203957,เทส,rest,,,,,97.5,102.4,1,0.261,0.258,0.003,1,37.55,0.012,0.004,26,ready,8
2026-10-08 20:42:14.326,136.35,20261008_203957,เทส,rest,,,,,97.5,102.4,1,0.261,0.258,0.003,1,37.56,0.012,0.004,26,ready,8
2026-10-08 20:42:14.533,136.56,20261008_203957,เทส,rest,,,,,97.5,102.4,1,0.261,0.258,0.003,1,37.56,0.011,0.004,26,ready,8
2026-10-08 20:42:14.739,136.77,20261008_203957,เทส,rest,,,,,97.5,96.0,1,0.261,0.258,0.003,1,37.56,0.01,0.004,26,ready,8
2026-10-08 20:42:14.946,136.97,20261008_203957,เทส,rest,,,,,97.5,96.0,1,0.261,0.258,0.003,1,37.56,0.01,0.004,26,ready,8
2026-10-08 20:42:15.153,137.18,20261008_203957,เทส,rest,,,,,97.5,96.0,1,0.261,0.258,0.003,1,37.57,0.011,0.005,26,ready,8
2026-10-08 20:42:15.359,137.39,20261008_203957,เทส,rest,,,,,97.5,77.5,1,0.261,0.258,0.003,1,37.57,0.012,0.005,26,ready,8
2026-10-08 20:42:15.565,137.59,20261008_203957,เทส,rest,,,,,97.5,77.5,1,0.261,0.258,0.003,1,37.57,0.011,0.005,26,ready,8
2026-10-08 20:42:15.774,137.8,20261008_203957,เทส,rest,,,,,97.5,77.5,1,0.261,0.258,0.003,1,37.57,0.011,0.005,26,ready,8
2026-10-08 20:42:15.988,138.01,20261008_203957,เทส,rest,,,,,97.5,77.5,1,0.261,0.258,0.003,1,37.58,0.011,0.005,26,ready,8
2026-10-08 20:42:16.192,138.22,20261008_203957,เทส,rest,,,,,97.5,77.5,1,0.261,0.258,0.003,1,37.58,0.011,0.005,26,ready,8
2026-10-08 20:42:16.401,138.43,20261008_203957,เทส,rest,,,,,97.5,77.5,1,0.261,0.258,0.003,1,37.58,0.01,0.004,26,ready,8
2026-10-08 20:42:16.601,138.63,20261008_203957,เทส,rest,,,,,97.5,77.5,1,0.263,0.258,0.004,1,37.53,0.01,0.004,26,ready,8
2026-10-08 20:42:16.801,138.83,20261008_203957,เทส,rest,,,,,97.5,82.0,1,0.26,0.258,0.001,1,37.54,0.01,0.004,26,ready,8
2026-10-08 20:42:17.005,139.03,20261008_203957,เทส,rest,,,,,97.5,82.0,1,0.261,0.258,0.002,1,37.55,0.011,0.004,26,ready,8
2026-10-08 20:42:17.208,139.23,20261008_203957,เทส,rest,,,,,97.5,77.3,1,0.261,0.258,0.002,1,37.56,0.012,0.006,26,ready,8
2026-10-08 20:42:17.412,139.44,20261008_203957,เทส,rest,,,,,97.5,77.3,1,0.261,0.258,0.002,1,37.56,0.011,0.006,26,ready,8
2026-10-08 20:42:17.617,139.64,20261008_203957,เทส,rest,,,,,97.5,77.3,1,0.261,0.258,0.003,1,37.56,0.011,0.006,26,ready,8
2026-10-08 20:42:17.824,139.85,20261008_203957,เทส,rest,,,,,100.0,77.6,1,0.261,0.258,0.003,1,37.55,0.01,0.005,26,ready,8
2026-10-08 20:42:18.038,140.06,20261008_203957,เทส,rest,,,,,100.0,77.6,1,0.261,0.259,0.003,1,37.56,0.011,0.005,26,ready,8
2026-10-08 20:42:18.235,140.26,20261008_203957,เทส,rest,,,,,103.8,67.7,1,0.262,0.259,0.003,1,37.57,0.011,0.005,27,ready,8
2026-10-08 20:42:18.452,140.48,20261008_203957,เทส,rest,,,,,103.8,67.7,1,0.262,0.259,0.003,1,37.57,0.01,0.005,27,ready,8
2026-10-08 20:42:18.650,140.68,20261008_203957,เทส,rest,,,,,103.8,67.7,1,0.261,0.259,0.003,1,37.57,0.01,0.005,28,ready,8
2026-10-08 20:42:18.854,140.88,20261008_203957,เทส,rest,,,,,103.8,67.7,1,0.261,0.259,0.003,1,37.58,0.009,0.004,28,ready,8
2026-10-08 20:42:19.060,141.09,20261008_203957,เทส,rest,,,,,103.8,67.7,1,0.261,0.259,0.003,1,37.58,0.009,0.004,28,ready,8
2026-10-08 20:42:19.263,141.29,20261008_203957,เทส,rest,,,,,103.8,67.7,1,0.261,0.259,0.002,1,37.59,0.009,0.004,28,ready,9
2026-10-08 20:42:19.471,141.5,20261008_203957,เทส,rest,,,,,,,1,0.261,0.259,0.002,1,37.59,0.009,0.005,27,ready,8
2026-10-08 20:42:19.670,141.7,20261008_203957,เทส,rest,,,,,,,1,0.261,0.259,0.003,1,37.59,0.009,0.004,27,ready,8
2026-10-08 20:42:19.878,141.9,20261008_203957,เทส,rest,,,,,,,1,0.261,0.259,0.002,1,37.59,0.01,0.005,27,ready,8
2026-10-08 20:42:20.082,142.11,20261008_203957,เทส,rest,,,,,139.5,,1,0.261,0.259,0.002,1,37.6,0.01,0.005,30,ready,9
2026-10-08 20:42:20.282,142.31,20261008_203957,เทส,rest,,,,,153.8,,1,0.261,0.259,0.002,1,37.6,0.011,0.005,35,ready,8
2026-10-08 20:42:20.484,142.51,20261008_203957,เทส,rest,,,,,153.8,,1,0.261,0.259,0.002,1,37.6,0.012,0.006,39,ready,9
2026-10-08 20:42:20.682,142.71,20261008_203957,เทส,rest,,,,,153.8,,1,0.261,0.259,0.002,1,37.59,0.012,0.006,42,ready,9
2026-10-08 20:42:20.883,142.91,20261008_203957,เทส,rest,,,,,153.8,,1,0.258,0.259,-0.001,1,37.57,0.012,0.005,44,ready,9
2026-10-08 20:42:21.091,143.12,20261008_203957,เทส,rest,,,,,153.8,,1,0.26,0.259,0.001,1,37.58,0.013,0.005,46,ready,9
2026-10-08 20:42:21.291,143.32,20261008_203957,เทส,rest,,,,,153.8,,1,0.26,0.259,0.001,1,37.58,0.012,0.005,48,ready,9
2026-10-08 20:42:21.492,143.52,20261008_203957,เทส,rest,,,,,153.8,,1,0.261,0.259,0.002,1,37.59,0.012,0.004,49,ready,9
2026-10-08 20:42:21.703,143.73,20261008_203957,เทส,rest,,,,,153.8,,1,0.261,0.259,0.002,1,37.59,0.012,0.004,51,ready,9
2026-10-08 20:42:21.903,143.93,20261008_203957,เทส,rest,,,,,153.8,,1,0.262,0.259,0.003,1,37.6,0.015,0.006,52,ready,8
2026-10-08 20:42:22.103,144.13,20261008_203957,เทส,rest,,,,,153.8,,1,0.262,0.259,0.002,1,37.6,0.016,0.009,52,ready,8
2026-10-08 20:42:22.303,144.33,20261008_203957,เทส,rest,,,,,,,1,0.262,0.259,0.002,1,37.6,0.029,0.022,48,ready,8
2026-10-08 20:42:22.506,144.53,20261008_203957,เทส,rest,,,,,,,1,0.261,0.259,0.002,1,37.6,0.039,0.041,44,ready,8
2026-10-08 20:42:22.710,144.74,20261008_203957,เทส,rest,,,,,,,1,0.261,0.259,0.002,1,37.6,0.04,0.046,41,ready,8
2026-10-08 20:42:22.917,144.94,20261008_203957,เทส,rest,,,,,95.5,,1,0.262,0.259,0.002,1,37.61,0.039,0.047,39,ready,8
2026-10-08 20:42:23.122,145.15,20261008_203957,เทส,rest,,,,,95.5,,1,0.262,0.259,0.002,1,37.61,0.037,0.048,37,ready,9
2026-10-08 20:42:23.330,145.36,20261008_203957,เทส,rest,,,,,95.5,,1,0.262,0.259,0.003,1,37.61,0.04,0.047,35,ready,9
2026-10-08 20:42:23.535,145.56,20261008_203957,เทส,rest,,,,,98.2,,1,0.262,0.259,0.003,1,37.61,0.037,0.042,34,ready,9
2026-10-08 20:42:23.745,145.77,20261008_203957,เทส,rest,,,,,98.2,,1,0.264,0.259,0.005,1,37.57,0.034,0.04,33,ready,9
2026-10-08 20:42:23.955,145.98,20261008_203957,เทส,rest,,,,,98.2,,1,0.263,0.259,0.004,1,37.57,0.032,0.037,32,ready,9
2026-10-08 20:42:24.160,146.19,20261008_203957,เทส,rest,,,,,97.4,,1,0.263,0.259,0.003,1,37.58,0.032,0.035,31,ready,9
2026-10-08 20:42:26.361,148.39,20261008_203957,เทส,rest,,,,,96.7,69.0,1,0.262,0.26,0.003,1,37.6,0.023,0.021,27,ready,8
2026-10-08 20:42:26.570,148.6,20261008_203957,เทส,rest,,,,,96.7,69.0,1,0.262,0.26,0.003,1,37.6,0.021,0.019,27,ready,8
2026-10-08 20:42:26.770,148.8,20261008_203957,เทส,rest,,,,,96.7,69.0,1,0.262,0.26,0.002,1,37.61,0.02,0.017,27,ready,8
2026-10-08 20:42:26.972,149.0,20261008_203957,เทส,rest,,,,,96.7,69.0,1,0.262,0.26,0.002,1,37.61,0.019,0.016,27,ready,8
2026-10-08 20:42:27.182,149.21,20261008_203957,เทส,rest,,,,,96.7,69.0,1,0.262,0.26,0.002,1,37.62,0.017,0.014,27,ready,8
2026-10-08 20:42:27.385,149.41,20261008_203957,เทส,rest,,,,,96.7,69.0,1,0.262,0.26,0.002,1,37.62,0.017,0.013,27,ready,8
2026-10-08 20:42:27.593,149.62,20261008_203957,เทส,rest,,,,,96.7,69.0,1,0.263,0.26,0.003,1,37.63,0.016,0.012,26,ready,8
2026-10-08 20:42:27.802,149.83,20261008_203957,เทส,rest,,,,,96.7,69.0,1,0.263,0.26,0.003,1,37.63,0.015,0.011,26,ready,8
2026-10-08 20:42:28.012,150.04,20261008_203957,เทส,rest,,,,,96.7,69.0,1,0.263,0.26,0.003,1,37.64,0.014,0.01,26,ready,8
2026-10-08 20:42:28.221,150.25,20261008_203957,เทส,rest,,,,,96.7,69.0,1,0.263,0.26,0.003,1,37.64,0.013,0.009,26,ready,8
2026-10-08 20:42:28.424,150.45,20261008_203957,เทส,rest,,,,,96.7,69.0,1,0.263,0.26,0.002,1,37.65,0.012,0.009,26,ready,9
2026-10-08 20:42:28.633,150.66,20261008_203957,เทส,rest,,,,,96.7,67.9,1,0.263,0.26,0.003,1,37.66,0.012,0.007,26,ready,9
2026-10-08 20:42:28.836,150.86,20261008_203957,เทส,rest,,,,,96.7,67.9,1,0.263,0.26,0.003,1,37.66,0.011,0.007,26,ready,9
2026-10-08 20:42:29.039,151.06,20261008_203957,เทส,rest,,,,,96.7,67.9,1,0.263,0.26,0.003,1,37.66,0.011,0.006,26,ready,9
2026-10-08 20:42:29.248,151.27,20261008_203957,เทส,rest,,,,,99.7,66.4,1,0.263,0.26,0.003,1,37.67,0.01,0.006,26,ready,9
2026-10-08 20:42:29.443,151.47,20261008_203957,เทส,rest,,,,,99.7,66.4,1,0.263,0.26,0.003,1,37.67,0.013,0.006,26,ready,9
2026-10-08 20:42:29.642,151.67,20261008_203957,เทส,rest,,,,,99.7,66.4,1,0.263,0.26,0.002,1,37.67,0.013,0.006,26,ready,9
2026-10-08 20:42:29.845,151.87,20261008_203957,เทส,rest,,,,,99.7,63.1,1,0.263,0.26,0.002,1,37.67,0.012,0.006,27,ready,9
2026-10-08 20:42:30.042,152.07,20261008_203957,เทส,rest,,,,,99.7,63.1,1,0.263,0.26,0.002,1,37.68,0.012,0.006,27,ready,9
2026-10-08 20:42:30.255,152.28,20261008_203957,เทส,rest,,,,,99.7,63.1,1,0.263,0.26,0.002,1,37.69,0.012,0.005,27,ready,9
2026-10-08 20:42:30.457,152.48,20261008_203957,เทส,rest,,,,,99.5,62.6,1,0.263,0.261,0.003,1,37.71,0.011,0.005,27,ready,9
2026-10-08 20:42:30.665,152.69,20261008_203957,เทส,rest,,,,,99.5,62.6,1,0.263,0.261,0.003,1,37.66,0.011,0.005,27,ready,8
2026-10-08 20:42:30.871,152.9,20261008_203957,เทส,rest,,,,,99.5,83.9,1,0.263,0.261,0.003,1,37.66,0.011,0.005,27,ready,8
2026-10-08 20:42:31.073,153.1,20261008_203957,เทส,rest,,,,,99.5,83.9,1,0.263,0.261,0.003,1,37.67,0.011,0.005,27,ready,8
2026-10-08 20:42:31.281,153.31,20261008_203957,เทส,rest,,,,,99.5,83.9,1,0.263,0.261,0.003,1,37.68,0.011,0.004,27,ready,8
2026-10-08 20:42:31.486,153.51,20261008_203957,เทส,rest,,,,,99.5,83.9,1,0.263,0.261,0.003,1,37.68,0.011,0.005,27,ready,8
2026-10-08 20:42:31.694,153.72,20261008_203957,เทส,rest,,,,,99.5,83.9,1,0.263,0.261,0.003,1,37.68,0.011,0.004,27,ready,8
2026-10-08 20:42:31.904,153.93,20261008_203957,เทส,rest,,,,,99.5,83.9,1,0.263,0.261,0.002,1,37.69,0.012,0.005,27,ready,8
2026-10-08 20:42:32.107,154.13,20261008_203957,เทส,rest,,,,,99.5,83.9,1,0.263,0.261,0.002,1,37.7,0.011,0.005,27,ready,8
2026-10-08 20:42:32.312,154.34,20261008_203957,เทส,rest,,,,,99.5,88.8,1,0.263,0.261,0.002,1,37.7,0.012,0.005,27,ready,8
2026-10-08 20:42:32.521,154.55,20261008_203957,เทส,rest,,,,,99.5,88.8,1,0.263,0.261,0.002,1,37.71,0.012,0.005,27,ready,8
2026-10-08 20:42:32.731,154.76,20261008_203957,เทส,rest,,,,,99.5,88.8,1,0.26,0.261,-0.001,1,37.68,0.012,0.005,27,ready,8
2026-10-08 20:42:32.935,154.96,20261008_203957,เทส,rest,,,,,97.6,78.2,1,0.261,0.261,0.0,1,37.68,0.012,0.006,27,ready,8
2026-10-08 20:42:33.141,155.17,20261008_203957,เทส,rest,,,,,97.6,78.2,1,0.262,0.261,0.001,1,37.69,0.012,0.006,26,ready,8
2026-10-08 20:42:33.352,155.38,20261008_203957,เทส,rest,,,,,97.6,78.2,1,0.262,0.261,0.001,1,37.7,0.012,0.006,26,ready,8
2026-10-08 20:42:33.557,155.58,20261008_203957,เทส,rest,,,,,99.0,69.4,1,0.263,0.261,0.002,1,37.7,0.011,0.006,26,ready,8
2026-10-08 20:42:33.764,155.79,20261008_203957,เทส,rest,,,,,99.0,69.4,1,0.263,0.261,0.002,1,37.72,0.01,0.005,26,ready,8
2026-10-08 20:42:33.971,156.0,20261008_203957,เทส,rest,,,,,99.0,69.4,1,0.263,0.261,0.002,1,37.72,0.014,0.006,26,ready,8
2026-10-08 20:42:34.176,156.2,20261008_203957,เทส,rest,,,,,99.0,69.4,1,0.263,0.261,0.002,1,37.73,0.013,0.006,27,ready,8
2026-10-08 20:42:34.383,156.41,20261008_203957,เทส,rest,,,,,98.4,69.1,1,0.263,0.261,0.002,1,37.73,0.012,0.006,26,ready,8
2026-10-08 20:42:34.583,156.61,20261008_203957,เทส,rest,,,,,98.4,69.1,1,0.264,0.261,0.002,1,37.74,0.012,0.005,26,ready,8
2026-10-08 20:42:34.792,156.82,20261008_203957,เทส,rest,,,,,98.4,69.1,1,0.263,0.261,0.002,1,37.74,0.012,0.005,26,ready,8
2026-10-08 20:42:35.001,157.03,20261008_203957,เทส,rest,,,,,98.4,69.1,1,0.262,0.261,0.001,1,37.72,0.012,0.005,26,ready,8
2026-10-08 20:42:35.206,157.23,20261008_203957,เทส,rest,,,,,98.4,69.1,1,0.263,0.261,0.002,1,37.72,0.012,0.005,26,ready,8
2026-10-08 20:42:35.414,157.44,20261008_203957,เทส,rest,,,,,98.4,69.1,1,0.263,0.261,0.002,1,37.73,0.012,0.007,26,ready,8
2026-10-08 20:42:35.624,157.65,20261008_203957,เทส,rest,,,,,98.4,69.1,1,0.263,0.261,0.002,1,37.74,0.011,0.007,26,ready,8
2026-10-08 20:42:35.830,157.86,20261008_203957,เทส,rest,,,,,98.4,69.1,1,0.263,0.261,0.002,1,37.74,0.011,0.006,26,ready,8
2026-10-08 20:42:36.032,158.06,20261008_203957,เทส,rest,,,,,,,1,0.263,0.261,0.001,1,37.74,0.022,0.01,26,ready,8
2026-10-08 20:42:36.234,158.26,20261008_203957,เทส,rest,,,,,,,1,0.263,0.261,0.002,1,37.75,0.041,0.014,27,ready,8
2026-10-08 20:42:36.433,158.46,20261008_203957,เทส,rest,,,,,,,1,0.263,0.261,0.002,1,37.75,0.053,0.02,27,ready,8
2026-10-08 20:42:36.643,158.67,20261008_203957,เทส,rest,,,,,117.6,,1,0.264,0.261,0.003,1,37.73,0.058,0.028,29,ready,8
2026-10-08 20:42:36.842,158.87,20261008_203957,เทส,rest,,,,,117.6,,1,0.264,0.261,0.002,1,37.74,0.072,0.052,32,ready,8
2026-10-08 20:42:37.050,159.08,20261008_203957,เทส,rest,,,,,117.6,,1,0.263,0.261,0.002,1,37.75,0.075,0.058,33,ready,8
2026-10-08 20:42:37.255,159.28,20261008_203957,เทส,rest,,,,,108.2,,1,0.263,0.261,0.002,1,37.76,0.071,0.057,34,ready,8
2026-10-08 20:42:37.463,159.49,20261008_203957,เทส,rest,,,,,108.2,,1,0.263,0.261,0.001,1,37.77,0.068,0.053,34,ready,8
2026-10-08 20:42:37.672,159.7,20261008_203957,เทส,rest,,,,,108.2,,1,0.263,0.261,0.001,1,37.77,0.063,0.048,34,ready,8
2026-10-08 20:42:37.872,159.9,20261008_203957,เทส,rest,,,,,108.2,,1,0.263,0.261,0.001,1,37.78,0.058,0.044,34,ready,8
2026-10-08 20:42:38.071,160.1,20261008_203957,เทส,rest,,,,,108.2,,1,0.263,0.261,0.002,1,37.79,0.056,0.04,35,ready,8
2026-10-08 20:42:38.279,160.31,20261008_203957,เทส,rest,,,,,108.2,,1,0.263,0.262,0.002,1,37.79,0.052,0.037,34,ready,8
2026-10-08 20:42:38.482,160.51,20261008_203957,เทส,rest,,,,,108.2,,1,0.263,0.262,0.002,1,37.79,0.049,0.033,34,ready,8
2026-10-08 20:42:38.687,160.71,20261008_203957,เทส,rest,,,,,108.2,,1,0.263,0.262,0.002,1,37.79,0.046,0.032,34,ready,8
2026-10-08 20:42:38.892,160.92,20261008_203957,เทส,rest,,,,,108.2,,1,0.263,0.262,0.002,1,37.79,0.044,0.03,34,ready,8
2026-10-08 20:42:39.092,161.12,20261008_203957,เทส,rest,,,,,108.2,,1,0.267,0.262,0.005,1,37.73,0.043,0.03,34,ready,8
2026-10-08 20:42:39.295,161.32,20261008_203957,เทส,rest,,,,,,,1,0.265,0.262,0.003,1,37.74,0.048,0.032,33,ready,8
2026-10-08 20:42:39.505,161.53,20261008_203957,เทส,rest,,,,,,,1,0.265,0.262,0.003,1,37.75,0.053,0.032,33,ready,8
2026-10-08 20:42:39.711,161.74,20261008_203957,เทส,rest,,,,,,,1,0.264,0.262,0.002,1,37.76,0.048,0.03,32,ready,8
2026-10-08 20:42:39.916,161.94,20261008_203957,เทส,rest,,,,,,,1,0.264,0.262,0.003,1,37.77,0.045,0.028,31,ready,8
2026-10-08 20:42:40.122,162.15,20261008_203957,เทส,rest,,,,,79.0,,1,0.264,0.262,0.002,1,37.78,0.042,0.026,29,ready,8
2026-10-08 20:42:40.331,162.36,20261008_203957,เทส,rest,,,,,87.1,,1,0.264,0.262,0.002,1,37.79,0.04,0.024,28,ready,8
2026-10-08 20:42:40.540,162.57,20261008_203957,เทส,rest,,,,,87.1,,1,0.264,0.262,0.002,1,37.79,0.036,0.023,28,ready,8
2026-10-08 20:42:40.745,162.77,20261008_203957,เทส,rest,,,,,87.1,,1,0.264,0.262,0.002,1,37.8,0.033,0.021,27,ready,8
2026-10-08 20:42:40.955,162.98,20261008_203957,เทส,rest,,,,,92.1,,1,0.264,0.262,0.002,1,37.81,0.031,0.02,26,ready,8
2026-10-08 20:42:41.161,163.19,20261008_203957,เทส,rest,,,,,92.1,,1,0.265,0.262,0.003,1,37.81,0.029,0.022,26,ready,8
2026-10-08 20:42:41.365,163.39,20261008_203957,เทส,rest,,,,,92.1,,1,0.264,0.262,0.002,1,37.81,0.029,0.024,26,ready,8
2026-10-08 20:42:41.571,163.6,20261008_203957,เทส,rest,,,,,92.1,,1,0.264,0.262,0.002,1,37.82,0.033,0.037,26,ready,8
2026-10-08 20:42:41.781,163.81,20261008_203957,เทส,rest,,,,,96.0,219.5,1,0.264,0.262,0.002,1,37.82,0.034,0.045,26,ready,8
2026-10-08 20:42:41.982,164.01,20261008_203957,เทส,rest,,,,,96.0,219.5,1,0.265,0.262,0.002,1,37.83,0.032,0.042,26,ready,8
2026-10-08 20:42:42.182,164.21,20261008_203957,เทส,rest,,,,,96.0,219.5,1,0.265,0.262,0.002,1,37.83,0.029,0.038,26,ready,8
2026-10-08 20:42:42.387,164.41,20261008_203957,เทส,rest,,,,,96.0,219.5,1,0.264,0.262,0.002,1,37.83,0.028,0.035,26,ready,8
2026-10-08 20:42:44.460,166.49,20261008_203957,เทส,rest,,,,,97.6,219.5,1,0.264,0.262,0.002,1,37.84,0.014,0.013,26,ready,8
2026-10-08 20:42:44.654,166.68,20261008_203957,เทส,rest,,,,,97.6,219.5,1,0.264,0.262,0.002,1,37.84,0.013,0.012,26,ready,8
2026-10-08 20:42:44.854,166.88,20261008_203957,เทส,rest,,,,,97.6,219.5,1,0.265,0.262,0.002,1,37.85,0.013,0.011,26,ready,8
2026-10-08 20:42:45.063,167.09,20261008_203957,เทส,rest,,,,,97.6,219.5,1,0.265,0.263,0.003,1,37.85,0.012,0.01,26,ready,8
2026-10-08 20:42:45.268,167.29,20261008_203957,เทส,rest,,,,,97.6,219.5,1,0.266,0.263,0.003,1,37.85,0.012,0.009,26,ready,8
2026-10-08 20:42:45.474,167.5,20261008_203957,เทส,rest,,,,,97.6,219.5,1,0.266,0.263,0.003,1,37.86,0.011,0.009,26,ready,8
2026-10-08 20:42:45.689,167.71,20261008_203957,เทส,rest,,,,,97.6,219.5,1,0.265,0.263,0.002,1,37.86,0.011,0.008,26,ready,8
2026-10-08 20:42:45.889,167.92,20261008_203957,เทส,rest,,,,,97.6,219.5,1,0.265,0.263,0.002,1,37.86,0.012,0.008,26,ready,8
2026-10-08 20:42:46.097,168.12,20261008_203957,เทส,rest,,,,,97.6,199.0,1,0.264,0.263,0.002,1,37.86,0.011,0.007,26,ready,8
2026-10-08 20:42:46.309,168.34,20261008_203957,เทส,rest,,,,,97.6,199.0,1,0.265,0.263,0.002,1,37.87,0.011,0.008,26,ready,8
2026-10-08 20:42:46.515,168.54,20261008_203957,เทส,rest,,,,,97.6,199.0,1,0.265,0.263,0.003,1,37.87,0.011,0.008,26,ready,8
2026-10-08 20:42:46.718,168.74,20261008_203957,เทส,rest,,,,,96.0,182.3,1,0.264,0.263,0.002,1,37.87,0.011,0.007,26,ready,8
2026-10-08 20:42:46.924,168.95,20261008_203957,เทส,rest,,,,,96.0,182.3,1,0.266,0.263,0.003,1,37.87,0.011,0.007,26,ready,8
2026-10-08 20:42:47.129,169.15,20261008_203957,เทส,rest,,,,,96.0,182.3,1,0.266,0.263,0.003,1,37.87,0.018,0.007,26,ready,8
2026-10-08 20:42:47.336,169.36,20261008_203957,เทส,rest,,,,,96.0,182.3,1,0.266,0.263,0.003,1,37.88,0.023,0.01,26,ready,8
2026-10-08 20:42:47.545,169.57,20261008_203957,เทส,rest,,,,,96.0,182.3,1,0.266,0.263,0.003,1,37.88,0.032,0.03,26,ready,8
2026-10-08 20:42:47.759,169.79,20261008_203957,เทส,rest,,,,,98.6,182.3,1,0.266,0.263,0.003,1,37.88,0.081,0.05,27,ready,8
2026-10-08 20:42:47.963,169.99,20261008_203957,เทส,rest,,,,,98.6,182.3,1,0.266,0.263,0.003,1,37.88,0.081,0.054,28,ready,8
2026-10-08 20:42:48.167,170.19,20261008_203957,เทส,rest,,,,,101.6,170.4,1,0.266,0.263,0.003,1,37.89,0.076,0.057,29,ready,8
2026-10-08 20:42:48.381,170.41,20261008_203957,เทส,rest,,,,,101.6,170.4,1,0.266,0.263,0.003,1,37.89,0.07,0.056,30,ready,8
2026-10-08 20:42:50.461,172.49,20261008_203957,เทส,rest,,,,,98.6,161.9,1,0.268,0.263,0.004,1,37.88,0.063,0.039,31,ready,8
2026-10-08 20:42:50.657,172.68,20261008_203957,เทส,rest,,,,,98.6,161.9,1,0.267,0.263,0.004,1,37.89,0.097,0.043,31,ready,8
2026-10-08 20:42:50.864,172.89,20261008_203957,เทส,rest,,,,,98.6,161.9,1,0.266,0.263,0.003,1,37.88,0.1,0.05,32,ready,8
2026-10-08 20:42:51.067,173.09,20261008_203957,เทส,rest,,,,,98.6,161.9,1,0.265,0.264,0.002,1,37.84,0.117,0.052,32,ready,8
2026-10-08 20:42:51.270,173.3,20261008_203957,เทส,rest,,,,,105.7,112.3,1,0.266,0.264,0.002,1,37.84,0.109,0.048,33,ready,8
2026-10-08 20:42:51.478,173.5,20261008_203957,เทส,rest,,,,,105.7,112.3,1,0.266,0.264,0.002,1,37.85,0.11,0.045,34,ready,8
2026-10-08 20:42:51.684,173.71,20261008_203957,เทส,rest,,,,,105.7,112.3,1,0.267,0.264,0.004,1,37.86,0.104,0.043,35,ready,8
2026-10-08 20:42:51.890,173.92,20261008_203957,เทส,rest,,,,,105.7,112.3,1,0.267,0.264,0.003,1,37.86,0.094,0.041,35,ready,8
2026-10-08 20:42:52.099,174.13,20261008_203957,เทส,rest,,,,,105.7,112.3,1,0.267,0.264,0.004,1,37.87,0.087,0.038,36,ready,8
2026-10-08 20:42:52.309,174.33,20261008_203957,เทส,rest,,,,,105.7,112.3,1,0.269,0.264,0.005,1,37.88,0.072,0.032,36,ready,8
2026-10-08 20:42:52.513,174.54,20261008_203957,เทส,rest,,,,,105.7,112.3,1,0.269,0.264,0.005,1,37.88,0.065,0.029,36,ready,8
2026-10-08 20:42:52.720,174.75,20261008_203957,เทส,rest,,,,,99.5,46.9,1,0.269,0.264,0.005,1,37.89,0.06,0.027,35,ready,8
2026-10-08 20:42:52.930,174.96,20261008_203957,เทส,rest,,,,,99.5,46.9,1,0.268,0.264,0.004,1,37.89,0.056,0.025,34,ready,8
2026-10-08 20:42:53.132,175.16,20261008_203957,เทส,rest,,,,,99.5,46.9,1,0.268,0.264,0.004,1,37.9,0.052,0.024,33,ready,8
2026-10-08 20:42:53.331,175.36,20261008_203957,เทส,rest,,,,,99.3,46.7,1,0.267,0.264,0.003,1,37.9,0.048,0.023,33,ready,8
2026-10-08 20:42:53.530,175.56,20261008_203957,เทส,rest,,,,,99.3,46.7,1,0.268,0.264,0.003,1,37.9,0.046,0.022,32,ready,8
2026-10-08 20:42:53.730,175.76,20261008_203957,เทส,rest,,,,,99.3,46.7,1,0.268,0.264,0.004,1,37.91,0.046,0.02,32,ready,8
2026-10-08 20:42:53.933,175.96,20261008_203957,เทส,rest,,,,,99.3,46.7,1,0.269,0.264,0.005,1,37.91,0.044,0.02,31,ready,8
2026-10-08 20:42:54.140,176.17,20261008_203957,เทส,rest,,,,,99.3,46.7,1,0.27,0.264,0.005,1,37.91,0.068,0.024,32,ready,8
2026-10-08 20:42:54.349,176.37,20261008_203957,เทส,rest,,,,,99.5,46.7,1,0.269,0.264,0.005,1,37.91,0.068,0.026,32,ready,8
2026-10-08 20:42:54.554,176.58,20261008_203957,เทส,rest,,,,,99.5,46.7,1,0.268,0.264,0.004,1,37.91,0.074,0.027,32,ready,8
2026-10-08 20:42:54.760,176.79,20261008_203957,เทส,rest,,,,,99.5,46.7,1,0.269,0.265,0.004,1,37.91,0.182,0.058,34,ready,8
2026-10-08 20:42:54.969,176.99,20261008_203957,เทส,rest,,,,,101.1,45.1,1,0.269,0.265,0.004,1,37.92,0.176,0.062,35,ready,8
2026-10-08 20:42:55.174,177.2,20261008_203957,เทส,rest,,,,,101.1,45.1,1,0.268,0.265,0.003,1,37.93,0.174,0.059,37,ready,8
2026-10-08 20:42:55.380,177.41,20261008_203957,เทส,rest,,,,,101.1,45.1,1,0.266,0.265,0.002,1,37.9,0.16,0.053,37,ready,8
2026-10-08 20:42:55.585,177.61,20261008_203957,เทส,rest,,,,,99.9,34.0,1,0.268,0.265,0.003,1,37.9,0.147,0.049,38,ready,8
2026-10-08 20:42:55.790,177.82,20261008_203957,เทส,rest,,,,,99.9,34.0,1,0.27,0.265,0.005,1,37.91,0.135,0.044,38,ready,8
2026-10-08 20:42:55.999,178.02,20261008_203957,เทส,rest,,,,,99.9,34.0,1,0.271,0.265,0.006,1,37.91,0.123,0.041,38,ready,8
2026-10-08 20:42:56.208,178.23,20261008_203957,เทส,rest,,,,,99.9,34.0,1,0.274,0.265,0.009,1,37.92,0.113,0.037,38,ready,8
2026-10-08 20:42:56.411,178.44,20261008_203957,เทส,rest,,,,,99.9,34.0,1,0.273,0.265,0.008,1,37.92,0.114,0.048,38,ready,8
2026-10-08 20:42:56.613,178.64,20261008_203957,เทส,rest,,,,,99.9,34.0,1,0.271,0.265,0.006,1,37.92,0.121,0.053,38,ready,8
2026-10-08 20:42:56.819,178.84,20261008_203957,เทส,rest,,,,,101.1,52.5,1,0.271,0.265,0.005,1,37.93,0.138,0.053,38,ready,8
2026-10-08 20:42:57.027,179.05,20261008_203957,เทส,rest,,,,,101.1,52.5,1,0.271,0.265,0.006,1,37.93,0.127,0.05,38,ready,8
2026-10-08 20:42:57.231,179.26,20261008_203957,เทส,rest,,,,,101.1,52.5,1,0.27,0.265,0.005,1,37.93,0.115,0.046,38,ready,9
2026-10-08 20:42:57.443,179.47,20261008_203957,เทส,rest,,,,,101.1,52.5,1,0.27,0.265,0.004,1,37.94,0.105,0.042,38,ready,9
2026-10-08 20:42:57.645,179.67,20261008_203957,เทส,rest,,,,,101.1,52.5,1,0.271,0.265,0.006,1,37.94,0.095,0.039,37,ready,9
2026-10-08 20:42:57.851,179.88,20261008_203957,เทส,rest,,,,,99.9,50.7,1,0.27,0.266,0.005,1,37.94,0.086,0.035,37,ready,9
2026-10-08 20:42:58.059,180.08,20261008_203957,เทส,rest,,,,,99.9,50.7,1,0.27,0.266,0.005,1,37.94,0.079,0.034,36,ready,9
2026-10-08 20:42:58.264,180.29,20261008_203957,เทส,rest,,,,,99.9,50.7,1,0.272,0.266,0.007,1,37.94,0.073,0.037,36,ready,9
2026-10-08 20:42:58.469,180.5,20261008_203957,เทส,rest,,,,,99.9,48.8,1,0.271,0.266,0.005,1,37.95,0.067,0.034,35,ready,9
2026-10-08 20:42:58.688,180.71,20261008_203957,เทส,rest,,,,,99.9,48.8,1,0.271,0.266,0.005,1,37.95,0.061,0.033,34,ready,9
2026-10-08 20:42:58.880,180.91,20261008_203957,เทส,rest,,,,,99.9,48.8,1,0.27,0.266,0.004,1,37.95,0.056,0.03,34,ready,9
2026-10-08 20:42:59.080,181.11,20261008_203957,เทส,rest,,,,,98.3,48.6,1,0.27,0.266,0.004,1,37.95,0.051,0.028,33,ready,9
2026-10-08 20:42:59.279,181.31,20261008_203957,เทส,rest,,,,,98.3,48.6,1,0.272,0.266,0.006,1,37.95,0.046,0.025,33,ready,9
2026-10-08 20:42:59.488,181.51,20261008_203957,เทส,rest,,,,,98.3,48.6,1,0.271,0.266,0.005,1,37.95,0.042,0.023,32,ready,9
2026-10-08 20:42:59.693,181.72,20261008_203957,เทส,rest,,,,,98.3,48.6,1,0.27,0.266,0.004,1,37.9,0.039,0.021,31,ready,8
2026-10-08 20:42:59.901,181.93,20261008_203957,เทส,rest,,,,,98.3,48.6,1,0.27,0.266,0.004,1,37.9,0.035,0.02,31,ready,8
2026-10-08 20:43:00.108,182.13,20261008_203957,เทส,rest,,,,,98.3,48.6,1,0.271,0.266,0.004,1,37.92,0.036,0.02,30,ready,8
2026-10-08 20:43:00.315,182.34,20261008_203957,เทส,rest,,,,,98.3,48.6,1,0.27,0.266,0.003,1,37.92,0.045,0.033,30,ready,8
2026-10-08 20:43:00.520,182.55,20261008_203957,เทส,rest,,,,,98.3,48.6,1,0.27,0.266,0.004,1,37.93,0.05,0.048,30,ready,8
2026-10-08 20:43:00.730,182.76,20261008_203957,เทส,rest,,,,,98.3,48.6,1,0.27,0.266,0.003,1,37.93,0.054,0.059,30,ready,8
2026-10-08 20:43:00.941,182.97,20261008_203957,เทส,rest,,,,,98.3,48.6,1,0.271,0.267,0.005,1,37.94,0.052,0.06,30,ready,8
2026-10-08 20:43:01.145,183.17,20261008_203957,เทส,rest,,,,,98.3,48.6,1,0.271,0.267,0.005,1,37.94,0.059,0.059,30,ready,8
2026-10-08 20:43:01.350,183.38,20261008_203957,เทส,rest,,,,,98.3,48.6,1,0.272,0.267,0.006,1,37.94,0.091,0.069,31,ready,8
2026-10-08 20:43:01.556,183.58,20261008_203957,เทส,rest,,,,,98.3,48.6,1,0.272,0.267,0.005,1,37.94,0.11,0.071,32,ready,8
2026-10-08 20:43:01.759,183.78,20261008_203957,เทส,rest,,,,,98.3,48.6,1,0.272,0.267,0.005,1,37.94,0.101,0.066,32,ready,8
2026-10-08 20:43:01.969,184.0,20261008_203957,เทส,rest,,,,,98.3,48.6,1,0.273,0.267,0.006,1,37.95,0.091,0.06,33,ready,8
2026-10-08 20:43:02.175,184.2,20261008_203957,เทส,rest,,,,,98.3,48.6,1,0.273,0.267,0.006,1,37.95,0.084,0.055,33,ready,8
2026-10-08 20:43:02.380,184.41,20261008_203957,เทส,rest,,,,,98.3,48.6,1,0.273,0.267,0.006,1,37.95,0.077,0.05,33,ready,8
2026-10-08 20:43:02.585,184.61,20261008_203957,เทส,rest,,,,,98.3,48.6,1,0.273,0.267,0.006,1,37.96,0.075,0.047,33,ready,8
2026-10-08 20:43:02.790,184.82,20261008_203957,เทส,rest,,,,,,,1,0.274,0.267,0.006,1,37.96,0.078,0.045,33,ready,8
2026-10-08 20:43:02.994,185.02,20261008_203957,เทส,rest,,,,,,,1,0.277,0.267,0.009,1,37.96,0.105,0.054,34,ready,8
2026-10-08 20:43:03.201,185.23,20261008_203957,เทส,rest,,,,,121.0,,1,0.276,0.267,0.008,1,37.96,0.097,0.055,36,ready,8
2026-10-08 20:43:03.408,185.43,20261008_203957,เทส,rest,,,,,121.0,,1,0.274,0.268,0.006,1,37.96,0.088,0.054,38,ready,8
2026-10-08 20:43:03.618,185.64,20261008_203957,เทส,rest,,,,,121.0,,1,0.274,0.268,0.006,1,37.97,0.081,0.051,39,ready,8
2026-10-08 20:43:03.825,185.85,20261008_203957,เทส,rest,,,,,121.0,,1,0.27,0.268,0.003,1,37.98,0.077,0.051,40,ready,8
2026-10-08 20:43:04.031,186.06,20261008_203957,เทส,rest,,,,,121.0,,1,0.27,0.268,0.003,1,37.98,0.071,0.047,41,ready,8
2026-10-08 20:43:04.240,186.27,20261008_203957,เทส,rest,,,,,121.0,,1,0.272,0.268,0.005,1,37.98,0.066,0.045,41,ready,8
2026-10-08 20:43:04.440,186.47,20261008_203957,เทส,rest,,,,,121.0,,1,0.274,0.268,0.006,1,37.98,0.063,0.049,42,ready,8
2026-10-08 20:43:04.649,186.67,20261008_203957,เทส,rest,,,,,121.0,,1,0.273,0.268,0.005,1,37.99,0.059,0.05,42,ready,8
2026-10-08 20:43:04.857,186.88,20261008_203957,เทส,rest,,,,,121.0,,1,0.274,0.268,0.007,1,37.99,0.054,0.048,42,ready,8
2026-10-08 20:43:05.063,187.09,20261008_203957,เทส,rest,,,,,121.0,,1,0.274,0.268,0.006,1,37.99,0.05,0.044,42,ready,8
2026-10-08 20:43:05.268,187.29,20261008_203957,เทส,rest,,,,,121.0,,1,0.273,0.268,0.005,1,37.99,0.046,0.042,42,ready,8
2026-10-08 20:43:05.479,187.5,20261008_203957,เทส,rest,,,,,121.0,,1,0.274,0.268,0.006,1,37.99,0.043,0.039,42,ready,8
2026-10-08 20:43:05.684,187.71,20261008_203957,เทส,rest,,,,,121.0,,1,0.274,0.268,0.006,1,37.99,0.04,0.037,42,ready,8
2026-10-08 20:43:05.891,187.92,20261008_203957,เทส,rest,,,,,121.0,,1,0.272,0.268,0.003,1,37.99,0.037,0.034,42,ready,8
2026-10-08 20:43:06.111,188.14,20261008_203957,เทส,rest,,,,,121.0,,1,0.271,0.268,0.002,1,37.99,0.033,0.032,41,ready,8
2026-10-08 20:43:06.314,188.34,20261008_203957,เทส,rest,,,,,106.0,,1,0.273,0.268,0.004,1,37.98,0.029,0.026,39,ready,8
2026-10-08 20:43:06.521,188.55,20261008_203957,เทส,rest,,,,,106.0,,1,0.274,0.269,0.006,1,37.98,0.027,0.024,38,ready,8
2026-10-08 20:43:06.725,188.75,20261008_203957,เทส,rest,,,,,106.0,,1,0.274,0.269,0.006,1,37.98,0.024,0.022,37,ready,8
2026-10-08 20:43:06.931,188.96,20261008_203957,เทส,rest,,,,,103.4,,1,0.273,0.269,0.005,1,37.98,0.022,0.02,36,ready,8
2026-10-08 20:43:07.138,189.16,20261008_203957,เทส,rest,,,,,103.4,,1,0.274,0.269,0.005,1,37.98,0.021,0.018,35,ready,8
2026-10-08 20:43:07.348,189.37,20261008_203957,เทส,rest,,,,,103.4,,1,0.274,0.269,0.005,1,37.98,0.019,0.016,34,ready,8
2026-10-08 20:43:07.552,189.58,20261008_203957,เทส,rest,,,,,100.9,,1,0.274,0.269,0.005,1,37.99,0.019,0.015,33,ready,8
2026-10-08 20:43:07.760,189.79,20261008_203957,เทส,rest,,,,,100.9,,1,0.274,0.269,0.005,1,37.99,0.017,0.014,32,ready,8
2026-10-08 20:43:07.968,189.99,20261008_203957,เทส,rest,,,,,100.9,,1,0.273,0.269,0.004,1,37.99,0.016,0.012,32,ready,8
2026-10-08 20:43:08.174,190.2,20261008_203957,เทส,rest,,,,,98.9,72.7,1,0.27,0.269,0.001,1,37.97,0.015,0.011,31,ready,8
2026-10-08 20:43:08.380,190.41,20261008_203957,เทส,rest,,,,,98.9,72.7,1,0.27,0.269,0.001,1,37.97,0.014,0.01,30,ready,8
2026-10-08 20:43:08.589,190.61,20261008_203957,เทส,rest,,,,,98.9,72.7,1,0.274,0.269,0.005,1,37.98,0.014,0.009,30,ready,8
2026-10-08 20:43:08.789,190.81,20261008_203957,เทส,rest,,,,,98.9,65.8,1,0.274,0.269,0.005,1,37.98,0.014,0.009,29,ready,8
2026-10-08 20:43:08.992,191.02,20261008_203957,เทส,rest,,,,,98.9,65.8,1,0.274,0.269,0.005,1,37.98,0.013,0.008,29,ready,8
2026-10-08 20:43:09.195,191.22,20261008_203957,เทส,rest,,,,,98.9,65.8,1,0.276,0.269,0.007,1,37.99,0.012,0.008,29,ready,8
2026-10-08 20:43:09.410,191.44,20261008_203957,เทส,rest,,,,,98.9,65.8,1,0.276,0.269,0.006,1,37.99,0.011,0.007,29,ready,8
2026-10-08 20:43:09.608,191.63,20261008_203957,เทส,rest,,,,,98.9,65.8,1,0.274,0.269,0.005,1,37.99,0.012,0.007,28,ready,8
2026-10-08 20:43:09.808,191.83,20261008_203957,เทส,rest,,,,,98.9,65.8,1,0.274,0.27,0.004,1,37.98,0.012,0.006,28,ready,8
2026-10-08 20:43:10.010,192.04,20261008_203957,เทส,rest,,,,,98.9,65.8,1,0.274,0.27,0.005,1,37.98,0.012,0.006,28,ready,8
2026-10-08 20:43:10.208,192.23,20261008_203957,เทส,rest,,,,,98.9,65.8,1,0.275,0.27,0.005,1,37.99,0.012,0.006,28,ready,8
2026-10-08 20:43:10.408,192.43,20261008_203957,เทส,rest,,,,,100.9,65.8,1,0.274,0.27,0.005,1,37.99,0.011,0.006,28,ready,8
2026-10-08 20:43:10.607,192.63,20261008_203957,เทส,rest,,,,,100.9,65.8,1,0.275,0.27,0.005,1,37.99,0.01,0.006,28,ready,8
2026-10-08 20:43:10.811,192.84,20261008_203957,เทส,rest,,,,,100.9,65.8,1,0.276,0.27,0.006,1,37.99,0.011,0.007,28,ready,8
2026-10-08 20:43:11.012,193.04,20261008_203957,เทส,rest,,,,,100.9,65.8,1,0.276,0.27,0.006,1,37.99,0.013,0.014,28,ready,8
2026-10-08 20:43:11.211,193.24,20261008_203957,เทส,rest,,,,,100.9,65.8,1,0.276,0.27,0.006,1,38.0,0.023,0.022,28,ready,8
2026-10-08 20:43:11.409,193.43,20261008_203957,เทส,rest,,,,,98.9,65.8,1,0.275,0.27,0.005,1,38.0,0.039,0.04,29,ready,8
2026-10-08 20:43:11.610,193.64,20261008_203957,เทส,rest,,,,,98.9,65.8,1,0.275,0.27,0.005,1,38.0,0.037,0.044,29,ready,8
2026-10-08 20:43:11.807,193.83,20261008_203957,เทส,rest,,,,,101.6,87.0,1,0.275,0.27,0.005,1,38.0,0.037,0.048,29,ready,8
2026-10-08 20:43:12.013,194.04,20261008_203957,เทส,rest,,,,,101.6,87.0,1,0.277,0.27,0.007,1,38.0,0.034,0.047,30,ready,8
2026-10-08 20:43:12.221,194.25,20261008_203957,เทส,rest,,,,,101.6,87.0,1,0.276,0.27,0.005,1,38.01,0.041,0.048,30,ready,8
2026-10-08 20:43:12.421,194.45,20261008_203957,เทส,rest,,,,,101.6,87.0,1,0.274,0.27,0.004,1,37.95,0.038,0.044,30,ready,8
2026-10-08 20:43:12.629,194.66,20261008_203957,เทส,rest,,,,,101.6,128.9,1,0.275,0.27,0.005,1,37.96,0.035,0.041,30,ready,8
2026-10-08 20:43:12.841,194.87,20261008_203957,เทส,rest,,,,,101.6,128.9,1,0.278,0.271,0.007,1,37.97,0.038,0.04,30,ready,8
2026-10-08 20:43:13.044,195.07,20261008_203957,เทส,rest,,,,,101.6,128.9,1,0.277,0.271,0.006,1,37.97,0.087,0.052,31,ready,8
2026-10-08 20:43:13.250,195.28,20261008_203957,เทส,rest,,,,,97.2,128.9,1,0.279,0.271,0.008,1,37.98,0.083,0.05,32,ready,8
2026-10-08 20:43:13.454,195.48,20261008_203957,เทส,rest,,,,,97.2,128.9,1,0.281,0.271,0.01,1,37.99,0.076,0.045,32,ready,8
2026-10-08 20:43:13.659,195.69,20261008_203957,เทส,rest,,,,,97.2,128.9,1,0.28,0.271,0.009,1,37.99,0.069,0.041,32,ready,8
2026-10-08 20:43:13.871,195.9,20261008_203957,เทส,rest,,,,,97.2,128.9,1,0.279,0.271,0.008,1,38.0,0.065,0.039,32,ready,8
2026-10-08 20:43:14.074,196.1,20261008_203957,เทส,rest,,,,,97.2,128.9,1,0.279,0.271,0.008,1,38.0,0.061,0.038,32,ready,8
2026-10-08 20:43:14.281,196.31,20261008_203957,เทส,rest,,,,,97.2,128.9,1,0.281,0.271,0.01,1,38.0,0.056,0.036,32,ready,8
2026-10-08 20:43:14.497,196.52,20261008_203957,เทส,rest,,,,,97.2,128.9,1,0.28,0.271,0.009,1,38.01,0.052,0.032,32,ready,8
2026-10-08 20:43:14.697,196.72,20261008_203957,เทส,rest,,,,,97.2,128.9,1,0.279,0.272,0.008,1,38.01,0.047,0.03,31,ready,8
2026-10-08 20:43:14.908,196.93,20261008_203957,เทส,rest,,,,,97.2,127.1,1,0.28,0.272,0.008,1,38.02,0.044,0.029,31,ready,8
2026-10-08 20:43:15.108,197.13,20261008_203957,เทส,rest,,,,,97.2,127.1,1,0.279,0.272,0.008,1,38.02,0.047,0.027,31,ready,8
2026-10-08 20:43:15.312,197.34,20261008_203957,เทส,rest,,,,,97.2,127.1,1,0.279,0.272,0.007,1,38.03,0.054,0.027,31,ready,8
2026-10-08 20:43:15.509,197.54,20261008_203957,เทส,rest,,,,,97.2,127.1,1,0.28,0.272,0.008,1,38.03,0.05,0.026,31,ready,8
2026-10-08 20:43:15.713,197.74,20261008_203957,เทส,rest,,,,,97.2,144.4,1,0.281,0.272,0.009,1,38.04,0.043,0.024,31,ready,8
2026-10-08 20:43:15.919,197.94,20261008_203957,เทส,rest,,,,,97.2,144.4,1,0.281,0.272,0.008,1,38.04,0.04,0.024,31,ready,8
2026-10-08 20:43:16.119,198.14,20261008_203957,เทส,rest,,,,,97.2,149.9,1,0.28,0.272,0.007,1,38.05,0.037,0.022,30,ready,8
2026-10-08 20:43:16.324,198.35,20261008_203957,เทส,rest,,,,,97.2,149.9,1,0.279,0.273,0.006,1,38.05,0.033,0.02,30,ready,8
2026-10-08 20:43:16.524,198.55,20261008_203957,เทส,rest,,,,,97.2,149.9,1,0.275,0.273,0.002,1,38.03,0.031,0.018,30,ready,9
2026-10-08 20:43:16.777,198.8,20261008_203957,เทส,rest,,,,,99.8,149.8,1,0.275,0.273,0.002,1,38.03,0.03,0.017,30,ready,8
2026-10-08 20:43:16.968,198.99,20261008_203957,เทส,rest,,,,,99.8,149.8,1,0.277,0.273,0.004,1,38.03,0.028,0.016,30,ready,8
2026-10-08 20:43:17.155,199.18,20261008_203957,เทส,rest,,,,,99.8,149.8,1,0.278,0.273,0.005,1,38.04,0.026,0.014,29,ready,8
2026-10-08 20:43:17.447,199.47,20261008_203957,เทส,rest,,,,,99.8,150.0,1,0.279,0.273,0.006,1,38.04,0.023,0.013,29,ready,8
2026-10-08 20:43:17.647,199.67,20261008_203957,เทส,rest,,,,,99.8,150.0,1,0.28,0.273,0.007,1,38.03,0.021,0.012,29,ready,8
2026-10-08 20:43:17.864,199.89,20261008_203957,เทส,rest,,,,,99.8,150.0,1,0.281,0.273,0.007,1,38.03,0.02,0.011,29,ready,8
2026-10-08 20:43:18.058,200.08,20261008_203957,เทส,rest,,,,,98.4,149.8,1,0.281,0.273,0.008,1,38.04,0.019,0.011,29,ready,8
2026-10-08 20:43:18.265,200.29,20261008_203957,เทส,rest,,,,,98.4,149.8,1,0.281,0.273,0.008,1,38.05,0.018,0.011,29,ready,8
2026-10-08 20:43:18.490,200.52,20261008_203957,เทส,rest,,,,,98.4,149.8,1,0.28,0.273,0.007,1,38.05,0.017,0.01,29,ready,8
2026-10-08 20:43:18.670,200.7,20261008_203957,เทส,rest,,,,,99.5,141.2,1,0.279,0.273,0.006,1,38.06,0.015,0.009,29,ready,8
2026-10-08 20:43:18.876,200.9,20261008_203957,เทส,rest,,,,,99.5,141.2,1,0.278,0.273,0.005,1,38.07,0.015,0.008,29,ready,8
2026-10-08 20:43:18.975,201.0,20261008_203957,เทส,rest,,,,,99.5,141.2,1,0.281,0.274,0.008,1,38.07,0.015,0.008,29,ready,8
2026-10-08 20:43:19.285,201.31,20261008_203957,เทส,rest,,,,,99.5,134.2,1,0.281,0.274,0.008,1,38.07,0.014,0.007,29,ready,8
2026-10-08 20:43:19.490,201.52,20261008_203957,เทส,rest,,,,,99.5,134.2,1,0.282,0.274,0.008,1,38.08,0.013,0.006,29,ready,8
2026-10-08 20:43:19.697,201.72,20261008_203957,เทส,rest,,,,,99.5,134.2,1,0.28,0.274,0.007,1,38.08,0.012,0.006,29,ready,8
2026-10-08 20:43:19.807,201.83,20261008_203957,เทส,rest,,,,,98.4,126.2,1,0.281,0.274,0.007,1,38.08,0.011,0.007,29,ready,8
2026-10-08 20:43:20.014,202.04,20261008_203957,เทส,rest,,,,,98.4,126.2,1,0.282,0.274,0.008,1,38.09,0.011,0.007,28,ready,8
2026-10-08 20:43:20.229,202.25,20261008_203957,เทส,rest,,,,,98.4,126.2,1,0.281,0.274,0.007,1,38.09,0.014,0.009,28,ready,8
2026-10-08 20:43:20.424,202.45,20261008_203957,เทส,rest,,,,,98.8,94.5,1,0.28,0.274,0.006,1,38.09,0.02,0.018,28,ready,8
2026-10-08 20:43:20.631,202.66,20261008_203957,เทส,rest,,,,,98.8,94.5,1,0.283,0.274,0.008,1,38.09,0.023,0.022,29,ready,8
2026-10-08 20:43:20.841,202.87,20261008_203957,เทส,rest,,,,,98.8,94.5,1,0.283,0.274,0.009,1,38.03,0.022,0.02,29,ready,8
2026-10-08 20:43:21.043,203.07,20261008_203957,เทส,rest,,,,,98.8,94.5,1,0.281,0.275,0.007,1,38.04,0.024,0.02,29,ready,8
2026-10-08 20:43:21.249,203.28,20261008_203957,เทส,rest,,,,,98.8,94.5,1,0.281,0.275,0.007,1,38.05,0.022,0.018,29,ready,8
2026-10-08 20:43:21.458,203.48,20261008_203957,เทส,rest,,,,,98.8,94.5,1,0.281,0.275,0.006,1,38.06,0.021,0.017,29,ready,8
2026-10-08 20:43:21.662,203.69,20261008_203957,เทส,rest,,,,,98.8,94.5,1,0.28,0.275,0.006,1,38.07,0.019,0.015,29,ready,8
2026-10-08 20:43:21.869,203.89,20261008_203957,เทส,rest,,,,,98.8,94.5,1,0.279,0.275,0.004,1,38.07,0.018,0.014,29,ready,8
2026-10-08 20:43:22.073,204.1,20261008_203957,เทส,rest,,,,,99.1,89.9,1,0.28,0.275,0.005,1,38.08,0.019,0.013,29,ready,8
2026-10-08 20:43:22.280,204.31,20261008_203957,เทส,rest,,,,,99.1,89.9,1,0.282,0.275,0.007,1,38.09,0.021,0.012,29,ready,8
2026-10-08 20:43:22.493,204.52,20261008_203957,เทส,rest,,,,,99.1,89.9,1,0.283,0.275,0.008,1,38.1,0.019,0.011,29,ready,8
2026-10-08 20:43:22.695,204.72,20261008_203957,เทส,rest,,,,,98.8,85.4,1,0.281,0.275,0.006,1,38.1,0.018,0.01,29,ready,8
2026-10-08 20:43:22.902,204.93,20261008_203957,เทส,rest,,,,,98.8,85.4,1,0.281,0.275,0.006,1,38.11,0.018,0.01,29,ready,8
2026-10-08 20:43:23.109,205.14,20261008_203957,เทส,rest,,,,,98.8,44.5,1,0.28,0.275,0.005,1,38.11,0.02,0.01,29,ready,8
2026-10-08 20:43:23.321,205.35,20261008_203957,เทส,rest,,,,,98.8,44.5,1,0.281,0.276,0.005,1,38.12,0.019,0.01,29,ready,8
2026-10-08 20:43:23.528,205.55,20261008_203957,เทส,rest,,,,,98.8,44.5,1,0.281,0.276,0.006,1,38.13,0.02,0.01,29,ready,8
2026-10-08 20:43:23.728,205.75,20261008_203957,เทส,rest,,,,,98.8,44.5,1,0.282,0.276,0.007,1,38.13,0.02,0.01,29,ready,8
2026-10-08 20:43:23.937,205.96,20261008_203957,เทส,rest,,,,,98.8,44.5,1,0.284,0.276,0.008,1,38.14,0.024,0.01,29,ready,8
2026-10-08 20:43:24.139,206.16,20261008_203957,เทส,rest,,,,,98.8,25.0,1,0.284,0.276,0.008,1,38.14,0.024,0.009,29,ready,8
2026-10-08 20:43:24.337,206.36,20261008_203957,เทส,rest,,,,,98.8,25.0,1,0.284,0.276,0.008,1,38.15,0.022,0.009,29,ready,8
2026-10-08 20:43:24.542,206.57,20261008_203957,เทส,rest,,,,,98.8,25.0,1,0.283,0.276,0.007,1,38.15,0.02,0.008,29,ready,8
2026-10-08 20:43:24.750,206.78,20261008_203957,เทส,rest,,,,,98.6,25.0,1,0.282,0.276,0.006,1,38.15,0.019,0.008,29,ready,8
2026-10-08 20:43:24.961,206.99,20261008_203957,เทส,rest,,,,,98.6,25.0,1,0.282,0.276,0.005,1,38.16,0.018,0.008,29,ready,8
2026-10-08 20:43:25.167,207.19,20261008_203957,เทส,rest,,,,,98.6,25.0,1,0.282,0.276,0.006,1,38.1,0.019,0.008,29,ready,8
2026-10-08 20:43:25.374,207.4,20261008_203957,เทส,rest,,,,,98.6,24.3,1,0.277,0.276,0.001,1,38.1,0.018,0.007,29,ready,8
2026-10-08 20:43:25.578,207.6,20261008_203957,เทส,rest,,,,,98.6,24.3,1,0.281,0.276,0.004,1,38.11,0.018,0.007,28,ready,8
2026-10-08 20:43:25.787,207.81,20261008_203957,เทส,rest,,,,,98.6,24.3,1,0.283,0.276,0.007,1,38.12,0.019,0.008,28,ready,8
2026-10-08 20:43:25.988,208.01,20261008_203957,เทส,rest,,,,,98.6,25.1,1,0.282,0.277,0.006,1,38.12,0.022,0.017,29,ready,8
2026-10-08 20:43:26.193,208.22,20261008_203957,เทส,rest,,,,,98.6,25.1,1,0.283,0.277,0.006,1,38.13,0.034,0.033,29,ready,8
2026-10-08 20:43:26.402,208.43,20261008_203957,เทส,rest,,,,,98.6,25.1,1,0.283,0.277,0.006,1,38.14,0.031,0.035,29,ready,8
2026-10-08 20:43:26.608,208.63,20261008_203957,เทส,rest,,,,,98.6,26.4,1,0.283,0.277,0.007,1,38.14,0.037,0.037,29,ready,8
2026-10-08 20:43:26.817,208.84,20261008_203957,เทส,rest,,,,,98.6,26.4,1,0.283,0.277,0.006,1,38.15,0.04,0.036,29,ready,8
2026-10-08 20:43:27.024,209.05,20261008_203957,เทส,rest,,,,,98.6,26.4,1,0.285,0.277,0.008,1,38.15,0.038,0.037,30,ready,8
2026-10-08 20:43:27.228,209.25,20261008_203957,เทส,rest,,,,,98.6,26.5,1,0.285,0.277,0.008,1,38.16,0.036,0.036,30,ready,8
2026-10-08 20:43:27.437,209.46,20261008_203957,เทส,rest,,,,,98.6,26.5,1,0.286,0.277,0.008,1,38.16,0.034,0.033,30,ready,8
2026-10-08 20:43:27.641,209.67,20261008_203957,เทส,rest,,,,,98.6,26.5,1,0.285,0.277,0.007,1,38.17,0.031,0.03,30,ready,8
2026-10-08 20:43:27.854,209.88,20261008_203957,เทส,rest,,,,,99.1,23.0,1,0.285,0.277,0.008,1,38.17,0.028,0.027,30,ready,8
2026-10-08 20:43:28.057,210.08,20261008_203957,เทส,rest,,,,,99.1,23.0,1,0.284,0.277,0.006,1,38.17,0.026,0.025,30,ready,8
2026-10-08 20:43:28.265,210.29,20261008_203957,เทส,rest,,,,,99.1,23.0,1,0.283,0.278,0.006,1,38.17,0.026,0.023,30,ready,8
2026-10-08 20:43:28.472,210.5,20261008_203957,เทส,rest,,,,,99.5,21.6,1,0.283,0.278,0.006,1,38.17,0.024,0.021,30,ready,8
2026-10-08 20:43:28.676,210.7,20261008_203957,เทส,rest,,,,,99.5,21.6,1,0.282,0.278,0.004,1,38.18,0.022,0.019,30,ready,8
2026-10-08 20:43:28.882,210.91,20261008_203957,เทส,rest,,,,,99.5,21.6,1,0.282,0.278,0.004,1,38.18,0.02,0.018,29,ready,8
2026-10-08 20:43:29.088,211.11,20261008_203957,เทส,rest,,,,,99.9,23.1,1,0.282,0.278,0.004,1,38.19,0.019,0.017,29,ready,8
2026-10-08 20:43:29.293,211.32,20261008_203957,เทส,rest,,,,,99.9,23.1,1,0.282,0.278,0.004,1,38.19,0.018,0.015,29,ready,8
2026-10-08 20:43:29.495,211.52,20261008_203957,เทส,rest,,,,,99.9,23.1,1,0.285,0.278,0.007,1,38.13,0.017,0.014,29,ready,8
2026-10-08 20:43:29.699,211.73,20261008_203957,เทส,rest,,,,,102.5,28.0,1,0.284,0.278,0.006,1,38.14,0.016,0.013,29,ready,8
2026-10-08 20:43:29.918,211.94,20261008_203957,เทส,rest,,,,,102.5,28.0,1,0.286,0.278,0.008,1,38.15,0.014,0.011,30,ready,8
2026-10-08 20:43:30.119,212.14,20261008_203957,เทส,rest,,,,,102.5,28.0,1,0.286,0.278,0.007,1,38.16,0.015,0.012,30,ready,8
2026-10-08 20:43:30.327,212.35,20261008_203957,เทส,rest,,,,,102.5,28.0,1,0.285,0.278,0.006,1,38.16,0.017,0.012,30,ready,8
2026-10-08 20:43:30.533,212.56,20261008_203957,เทส,rest,,,,,105.4,28.5,1,0.284,0.279,0.005,1,38.17,0.018,0.012,30,ready,8
2026-10-08 20:43:30.738,212.76,20261008_203957,เทส,rest,,,,,105.4,28.5,1,0.285,0.279,0.006,1,38.17,0.017,0.011,31,ready,8
2026-10-08 20:43:30.947,212.97,20261008_203957,เทส,rest,,,,,105.4,28.5,1,0.285,0.279,0.006,1,38.18,0.016,0.01,31,ready,8
2026-10-08 20:43:31.152,213.18,20261008_203957,เทส,rest,,,,,116.1,28.2,1,0.285,0.279,0.006,1,38.18,0.015,0.01,32,ready,8
2026-10-08 20:43:31.358,213.38,20261008_203957,เทส,rest,,,,,116.1,28.2,1,0.285,0.279,0.006,1,38.19,0.014,0.01,33,ready,8
2026-10-08 20:43:31.567,213.59,20261008_203957,เทส,rest,,,,,116.1,28.2,1,0.285,0.279,0.006,1,38.19,0.013,0.009,34,ready,8
2026-10-08 20:43:31.772,213.8,20261008_203957,เทส,rest,,,,,116.1,28.2,1,0.286,0.279,0.007,1,38.19,0.014,0.009,34,ready,8
2026-10-08 20:43:31.978,214.0,20261008_203957,เทส,rest,,,,,116.1,29.7,1,0.287,0.279,0.008,1,38.2,0.014,0.008,35,ready,8
2026-10-08 20:43:32.188,214.21,20261008_203957,เทส,rest,,,,,116.1,29.7,1,0.288,0.279,0.008,1,38.2,0.013,0.008,35,ready,8
2026-10-08 20:43:32.389,214.41,20261008_203957,เทส,rest,,,,,116.1,29.7,1,0.288,0.279,0.009,1,38.2,0.012,0.008,36,ready,8
2026-10-08 20:43:32.594,214.62,20261008_203957,เทส,rest,,,,,116.1,29.7,1,0.286,0.279,0.006,1,38.2,0.012,0.007,36,ready,8
2026-10-08 20:43:32.807,214.83,20261008_203957,เทส,rest,,,,,116.1,29.7,1,0.285,0.28,0.006,1,38.21,0.013,0.007,36,ready,8
2026-10-08 20:43:33.007,215.03,20261008_203957,เทส,rest,,,,,116.1,29.7,1,0.287,0.28,0.007,1,38.21,0.013,0.007,36,ready,8
2026-10-08 20:43:33.212,215.24,20261008_203957,เทส,rest,,,,,101.2,29.3,1,0.287,0.28,0.007,1,38.21,0.013,0.006,35,ready,8
2026-10-08 20:43:33.418,215.44,20261008_203957,เทส,rest,,,,,101.2,29.3,1,0.286,0.28,0.006,1,38.22,0.013,0.006,34,ready,8
2026-10-08 20:43:33.632,215.66,20261008_203957,เทส,rest,,,,,101.2,29.3,1,0.282,0.28,0.002,1,38.17,0.012,0.006,33,ready,8
2026-10-08 20:43:33.835,215.86,20261008_203957,เทส,rest,,,,,101.2,29.3,1,0.28,0.28,0.001,1,38.13,0.012,0.006,32,ready,8
2026-10-08 20:43:34.042,216.07,20261008_203957,เทส,rest,,,,,98.7,29.8,1,0.281,0.28,0.001,1,38.14,0.012,0.006,31,ready,8
2026-10-08 20:43:34.244,216.27,20261008_203957,เทส,rest,,,,,98.7,29.8,1,0.283,0.28,0.003,1,38.15,0.012,0.007,31,ready,8
2026-10-08 20:43:34.450,216.48,20261008_203957,เทส,rest,,,,,98.7,29.8,1,0.284,0.28,0.004,1,38.16,0.012,0.007,30,ready,8
2026-10-08 20:43:34.658,216.68,20261008_203957,เทส,rest,,,,,98.7,29.9,1,0.284,0.28,0.004,1,38.17,0.012,0.007,30,ready,8
2026-10-08 20:43:34.863,216.89,20261008_203957,เทส,rest,,,,,98.7,29.9,1,0.285,0.28,0.005,1,38.17,0.012,0.007,29,ready,8
2026-10-08 20:43:35.071,217.1,20261008_203957,เทส,rest,,,,,98.7,29.9,1,0.285,0.28,0.005,1,38.18,0.012,0.006,29,ready,8
2026-10-08 20:43:35.268,217.29,20261008_203957,เทส,rest,,,,,100.1,26.9,1,0.287,0.28,0.007,1,38.18,0.012,0.007,29,ready,8
2026-10-08 20:43:35.475,217.5,20261008_203957,เทส,rest,,,,,100.1,26.9,1,0.286,0.28,0.006,1,38.19,0.012,0.007,29,ready,8
2026-10-08 20:43:35.678,217.7,20261008_203957,เทส,rest,,,,,100.1,26.9,1,0.287,0.28,0.006,1,38.19,0.011,0.007,29,ready,8
2026-10-08 20:43:35.883,217.91,20261008_203957,เทส,rest,,,,,100.1,29.5,1,0.287,0.28,0.006,1,38.2,0.011,0.006,29,ready,8
2026-10-08 20:43:36.091,218.12,20261008_203957,เทส,rest,,,,,100.1,29.5,1,0.287,0.28,0.006,1,38.2,0.012,0.006,29,ready,8
2026-10-08 20:43:36.293,218.32,20261008_203957,เทส,rest,,,,,100.1,77.5,1,0.286,0.281,0.006,1,38.2,0.012,0.005,29,ready,8
2026-10-08 20:43:36.500,218.53,20261008_203957,เทส,rest,,,,,100.1,77.5,1,0.287,0.281,0.006,1,38.21,0.012,0.005,29,ready,8
2026-10-08 20:43:36.711,218.74,20261008_203957,เทส,rest,,,,,100.1,77.5,1,0.287,0.281,0.007,1,38.21,0.012,0.005,29,ready,8
2026-10-08 20:43:36.919,218.95,20261008_203957,เทส,rest,,,,,100.1,77.5,1,0.288,0.281,0.007,1,38.22,0.012,0.005,29,ready,8
2026-10-08 20:43:37.123,219.15,20261008_203957,เทส,rest,,,,,100.1,77.5,1,0.289,0.281,0.008,1,38.22,0.012,0.004,29,ready,8
2026-10-08 20:43:37.330,219.36,20261008_203957,เทส,rest,,,,,100.1,77.5,1,0.289,0.281,0.008,1,38.23,0.011,0.004,29,ready,8
2026-10-08 20:43:37.529,219.55,20261008_203957,เทส,rest,,,,,100.2,80.0,1,0.289,0.281,0.008,1,38.23,0.011,0.004,29,ready,8
2026-10-08 20:43:37.729,219.75,20261008_203957,เทส,rest,,,,,100.2,80.0,1,0.287,0.281,0.006,1,38.25,0.01,0.004,29,ready,8
2026-10-08 20:43:37.934,219.96,20261008_203957,เทส,rest,,,,,100.2,80.0,1,0.286,0.281,0.004,1,38.23,0.011,0.004,29,ready,8
2026-10-08 20:43:38.140,220.17,20261008_203957,เทส,rest,,,,,100.2,76.3,1,0.286,0.281,0.004,1,38.23,0.011,0.004,29,ready,8
2026-10-08 20:43:38.348,220.37,20261008_203957,เทส,rest,,,,,100.2,76.3,1,0.286,0.282,0.004,1,38.24,0.011,0.004,29,ready,8
2026-10-08 20:43:38.549,220.57,20261008_203957,เทส,rest,,,,,100.2,76.3,1,0.286,0.282,0.004,1,38.24,0.01,0.004,29,ready,8
2026-10-08 20:43:38.758,220.78,20261008_203957,เทส,rest,,,,,101.0,76.2,1,0.287,0.282,0.006,1,38.24,0.009,0.004,29,ready,8
2026-10-08 20:43:38.965,220.99,20261008_203957,เทส,rest,,,,,101.0,76.2,1,0.287,0.282,0.005,1,38.24,0.009,0.004,29,ready,8
2026-10-08 20:43:39.168,221.19,20261008_203957,เทส,rest,,,,,101.0,76.2,1,0.289,0.282,0.007,1,38.25,0.01,0.005,29,ready,8
2026-10-08 20:43:39.375,221.4,20261008_203957,เทส,rest,,,,,101.0,72.5,1,0.289,0.282,0.007,1,38.25,0.009,0.006,29,ready,8
2026-10-08 20:43:39.579,221.6,20261008_203957,เทส,rest,,,,,101.0,72.5,1,0.288,0.282,0.006,1,38.25,0.01,0.005,29,ready,8
2026-10-08 20:43:39.788,221.81,20261008_203957,เทส,rest,,,,,101.0,72.5,1,0.288,0.282,0.006,1,38.26,0.01,0.006,29,ready,8
2026-10-08 20:43:39.993,222.02,20261008_203957,เทส,rest,,,,,98.2,72.6,1,0.288,0.282,0.006,1,38.26,0.01,0.006,29,ready,8
2026-10-08 20:43:40.199,222.22,20261008_203957,เทส,rest,,,,,98.2,72.6,1,0.289,0.282,0.006,1,38.26,0.011,0.006,29,ready,8
2026-10-08 20:43:40.412,222.44,20261008_203957,เทส,rest,,,,,98.2,72.6,1,0.29,0.282,0.007,1,38.26,0.01,0.005,29,ready,8
2026-10-08 20:43:40.618,222.64,20261008_203957,เทส,rest,,,,,97.2,72.4,1,0.289,0.282,0.007,1,38.26,0.01,0.005,28,ready,8
2026-10-08 20:43:40.824,222.85,20261008_203957,เทส,rest,,,,,97.2,72.4,1,0.289,0.283,0.007,1,38.26,0.01,0.005,28,ready,8
2026-10-08 20:43:41.029,223.06,20261008_203957,เทส,rest,,,,,97.2,72.4,1,0.29,0.283,0.007,1,38.27,0.01,0.004,28,ready,8
2026-10-08 20:43:41.242,223.27,20261008_203957,เทส,rest,,,,,98.2,72.3,1,0.29,0.283,0.008,1,38.27,0.012,0.005,28,ready,8
2026-10-08 20:43:41.443,223.47,20261008_203957,เทส,rest,,,,,98.2,72.3,1,0.289,0.283,0.006,1,38.27,0.011,0.004,28,ready,8
2026-10-08 20:43:41.650,223.68,20261008_203957,เทส,rest,,,,,98.2,72.3,1,0.29,0.283,0.007,1,38.27,0.011,0.004,28,ready,8
2026-10-08 20:43:41.859,223.88,20261008_203957,เทส,rest,,,,,98.2,72.1,1,0.291,0.283,0.008,1,38.27,0.01,0.004,28,ready,8
2026-10-08 20:43:42.068,224.09,20261008_203957,เทส,rest,,,,,98.2,72.1,1,0.291,0.283,0.008,1,38.27,0.011,0.004,28,ready,8
2026-10-08 20:43:42.275,224.3,20261008_203957,เทส,rest,,,,,98.2,72.1,1,0.291,0.283,0.008,1,38.21,0.01,0.004,28,ready,8
2026-10-08 20:43:42.487,224.51,20261008_203957,เทส,rest,,,,,98.2,72.1,1,0.287,0.283,0.004,1,38.21,0.012,0.005,28,ready,8
2026-10-08 20:43:42.683,224.71,20261008_203957,เทส,rest,,,,,98.2,72.1,1,0.288,0.283,0.004,1,38.22,0.013,0.005,28,ready,8
2026-10-08 20:43:42.890,224.92,20261008_203957,เทส,rest,,,,,98.2,72.1,1,0.287,0.283,0.004,1,38.23,0.012,0.005,28,ready,8
2026-10-08 20:43:43.097,225.12,20261008_203957,เทส,rest,,,,,98.7,71.3,1,0.287,0.283,0.004,1,38.23,0.011,0.005,28,ready,8
2026-10-08 20:43:43.315,225.34,20261008_203957,เทส,rest,,,,,98.7,71.3,1,0.287,0.283,0.003,1,38.24,0.01,0.004,28,ready,8
2026-10-08 20:43:43.507,225.53,20261008_203957,เทส,rest,,,,,98.7,71.3,1,0.288,0.283,0.004,1,38.24,0.011,0.005,28,ready,8
2026-10-08 20:43:43.711,225.74,20261008_203957,เทส,rest,,,,,101.5,19.2,1,0.288,0.284,0.005,1,38.25,0.011,0.004,28,ready,8
2026-10-08 20:43:43.909,225.94,20261008_203957,เทส,rest,,,,,101.5,19.2,1,0.289,0.284,0.005,1,38.25,0.011,0.004,29,ready,8
2026-10-08 20:43:44.120,226.15,20261008_203957,เทส,rest,,,,,99.7,19.7,1,0.288,0.284,0.004,1,38.26,0.01,0.004,29,ready,8
2026-10-08 20:43:44.325,226.35,20261008_203957,เทส,rest,,,,,99.7,19.7,1,0.287,0.284,0.004,1,38.26,0.011,0.004,28,ready,8
2026-10-08 20:43:44.530,226.56,20261008_203957,เทส,rest,,,,,99.7,19.7,1,0.29,0.284,0.006,1,38.26,0.011,0.005,29,ready,8
2026-10-08 20:43:44.738,226.76,20261008_203957,เทส,rest,,,,,101.5,46.4,1,0.289,0.284,0.006,1,38.27,0.01,0.004,29,ready,8
2026-10-08 20:43:44.943,226.97,20261008_203957,เทส,rest,,,,,101.5,46.4,1,0.29,0.284,0.006,1,38.27,0.01,0.004,29,ready,8
2026-10-08 20:43:45.145,227.17,20261008_203957,เทส,rest,,,,,103.8,47.3,1,0.29,0.284,0.006,1,38.27,0.01,0.004,29,ready,8
2026-10-08 20:43:45.349,227.37,20261008_203957,เทส,rest,,,,,103.8,47.3,1,0.29,0.284,0.006,1,38.27,0.012,0.005,29,ready,8
2026-10-08 20:43:45.558,227.58,20261008_203957,เทส,rest,,,,,103.8,47.3,1,0.29,0.284,0.006,1,38.27,0.011,0.005,30,ready,8
2026-10-08 20:43:45.764,227.79,20261008_203957,เทส,rest,,,,,103.8,47.3,1,0.289,0.284,0.005,1,38.28,0.011,0.005,30,ready,8
2026-10-08 20:43:45.968,227.99,20261008_203957,เทส,rest,,,,,105.1,49.3,1,0.29,0.284,0.005,1,38.28,0.011,0.005,30,ready,8
2026-10-08 20:43:46.173,228.2,20261008_203957,เทส,rest,,,,,105.1,49.3,1,0.29,0.284,0.006,1,38.28,0.01,0.004,30,ready,8
2026-10-08 20:43:46.379,228.41,20261008_203957,เทส,rest,,,,,105.1,49.3,1,0.29,0.285,0.005,1,38.3,0.012,0.004,30,ready,8
2026-10-08 20:43:46.583,228.61,20261008_203957,เทส,rest,,,,,105.1,51.3,1,0.283,0.285,-0.001,1,38.27,0.012,0.004,30,ready,8
2026-10-08 20:43:46.789,228.82,20261008_203957,เทส,rest,,,,,105.1,51.3,1,0.286,0.285,0.002,1,38.28,0.012,0.004,30,ready,8
2026-10-08 20:43:46.998,229.02,20261008_203957,เทส,rest,,,,,105.1,51.3,1,0.287,0.285,0.003,1,38.28,0.011,0.004,30,ready,8
2026-10-08 20:43:47.198,229.22,20261008_203957,เทส,rest,,,,,105.1,51.3,1,0.288,0.285,0.004,1,38.28,0.01,0.004,30,ready,8
2026-10-08 20:43:47.407,229.43,20261008_203957,เทส,rest,,,,,105.1,51.3,1,0.288,0.285,0.003,1,38.28,0.01,0.004,31,ready,8
2026-10-08 20:43:47.612,229.64,20261008_203957,เทส,rest,,,,,105.1,51.3,1,0.287,0.285,0.003,1,38.28,0.01,0.005,31,ready,8
2026-10-08 20:43:47.818,229.84,20261008_203957,เทส,rest,,,,,105.1,51.3,1,0.287,0.285,0.002,1,38.28,0.011,0.005,31,ready,8
2026-10-08 20:43:48.027,230.05,20261008_203957,เทส,rest,,,,,100.5,50.8,1,0.288,0.285,0.004,1,38.28,0.01,0.004,30,ready,8
2026-10-08 20:43:48.232,230.26,20261008_203957,เทส,rest,,,,,100.5,50.8,1,0.288,0.285,0.003,1,38.28,0.01,0.004,30,ready,8
2026-10-08 20:43:48.438,230.46,20261008_203957,เทส,rest,,,,,100.5,50.8,1,0.288,0.285,0.003,1,38.28,0.011,0.004,30,ready,8
2026-10-08 20:43:48.646,230.67,20261008_203957,เทส,rest,,,,,98.1,51.2,1,0.289,0.285,0.004,1,38.29,0.011,0.004,29,ready,8
2026-10-08 20:43:48.852,230.88,20261008_203957,เทส,rest,,,,,98.1,51.2,1,0.29,0.285,0.005,1,38.29,0.011,0.004,29,ready,8
2026-10-08 20:43:49.052,231.08,20261008_203957,เทส,rest,,,,,98.1,51.2,1,0.29,0.285,0.005,1,38.29,0.01,0.004,29,ready,8
2026-10-08 20:43:49.261,231.29,20261008_203957,เทส,rest,,,,,98.1,51.4,1,0.289,0.285,0.004,1,38.29,0.01,0.004,29,ready,8
2026-10-08 20:43:49.468,231.49,20261008_203957,เทส,rest,,,,,98.1,51.4,1,0.29,0.285,0.004,1,38.29,0.01,0.003,28,ready,8
2026-10-08 20:43:49.673,231.7,20261008_203957,เทส,rest,,,,,98.1,51.4,1,0.29,0.285,0.005,1,38.29,0.011,0.004,28,ready,8
2026-10-08 20:43:49.879,231.9,20261008_203957,เทส,rest,,,,,98.4,51.1,1,0.29,0.285,0.005,1,38.29,0.01,0.004,28,ready,8
2026-10-08 20:43:50.088,232.11,20261008_203957,เทส,rest,,,,,98.4,51.1,1,0.291,0.285,0.006,1,38.29,0.011,0.004,28,ready,8
2026-10-08 20:43:50.292,232.32,20261008_203957,เทส,rest,,,,,98.4,51.1,1,0.291,0.285,0.006,1,38.29,0.011,0.004,28,ready,8
2026-10-08 20:43:50.499,232.53,20261008_203957,เทส,rest,,,,,98.4,51.1,1,0.291,0.286,0.006,1,38.3,0.012,0.005,28,ready,8
2026-10-08 20:43:50.708,232.73,20261008_203957,เทส,rest,,,,,98.4,51.1,1,0.285,0.286,-0.001,1,38.25,0.012,0.005,28,ready,8
2026-10-08 20:43:50.913,232.94,20261008_203957,เทส,rest,,,,,98.4,50.7,1,0.286,0.286,0.001,1,38.26,0.012,0.006,28,ready,8
2026-10-08 20:43:51.119,233.14,20261008_203957,เทส,rest,,,,,98.4,50.7,1,0.288,0.286,0.003,1,38.26,0.011,0.006,28,ready,8
2026-10-08 20:43:51.322,233.35,20261008_203957,เทส,rest,,,,,98.4,50.7,1,0.29,0.286,0.004,1,38.27,0.011,0.006,28,ready,8
2026-10-08 20:43:51.527,233.55,20261008_203957,เทส,rest,,,,,98.4,25.4,1,0.29,0.286,0.005,1,38.27,0.012,0.007,28,ready,8
2026-10-08 20:43:51.732,233.76,20261008_203957,เทส,rest,,,,,98.4,25.4,1,0.291,0.286,0.005,1,38.27,0.012,0.007,28,ready,8
2026-10-08 20:43:51.937,233.96,20261008_203957,เทส,rest,,,,,98.4,25.4,1,0.291,0.286,0.005,1,38.28,0.012,0.006,28,ready,8
2026-10-08 20:43:52.142,234.17,20261008_203957,เทส,rest,,,,,99.7,25.0,1,0.291,0.286,0.005,1,38.28,0.012,0.006,28,ready,8
2026-10-08 20:43:52.349,234.38,20261008_203957,เทส,rest,,,,,99.7,25.0,1,0.29,0.286,0.004,1,38.28,0.011,0.007,28,ready,8
2026-10-08 20:43:52.562,234.59,20261008_203957,เทส,rest,,,,,99.7,25.0,1,0.291,0.286,0.005,1,38.28,0.011,0.007,28,ready,8
2026-10-08 20:43:52.762,234.79,20261008_203957,เทส,rest,,,,,99.7,25.0,1,0.291,0.286,0.005,1,38.29,0.011,0.007,28,ready,8
2026-10-08 20:43:52.972,235.0,20261008_203957,เทส,rest,,,,,99.7,25.0,1,0.292,0.286,0.006,1,38.29,0.01,0.006,28,ready,8
2026-10-08 20:43:53.179,235.21,20261008_203957,เทส,rest,,,,,99.7,25.0,1,0.293,0.286,0.006,1,38.3,0.01,0.006,28,ready,8
2026-10-08 20:43:53.388,235.41,20261008_203957,เทส,rest,,,,,99.7,25.0,1,0.292,0.286,0.006,1,38.3,0.01,0.006,28,ready,8
2026-10-08 20:43:53.593,235.62,20261008_203957,เทส,rest,,,,,99.7,25.0,1,0.292,0.286,0.006,1,38.3,0.01,0.005,28,ready,8
2026-10-08 20:43:53.799,235.82,20261008_203957,เทส,rest,,,,,99.7,25.0,1,0.292,0.287,0.006,1,38.3,0.01,0.005,28,ready,8
2026-10-08 20:43:54.008,236.03,20261008_203957,เทส,rest,,,,,99.7,25.0,1,0.292,0.287,0.006,1,38.31,0.01,0.005,28,ready,8
2026-10-08 20:43:54.217,236.24,20261008_203957,เทส,rest,,,,,99.7,25.0,1,0.292,0.287,0.005,1,38.31,0.009,0.004,28,ready,8
2026-10-08 20:43:54.417,236.44,20261008_203957,เทส,rest,,,,,99.7,25.0,1,0.292,0.287,0.006,1,38.31,0.009,0.004,28,ready,8
2026-10-08 20:43:54.621,236.65,20261008_203957,เทส,rest,,,,,99.7,22.5,1,0.292,0.287,0.005,1,38.32,0.011,0.006,29,ready,8
2026-10-08 20:43:54.829,236.86,20261008_203957,เทส,rest,,,,,99.7,22.5,1,0.292,0.287,0.006,1,38.32,0.011,0.005,29,ready,8
2026-10-08 20:43:55.036,237.06,20261008_203957,เทส,rest,,,,,99.7,22.5,1,0.288,0.287,0.001,1,38.27,0.01,0.005,28,ready,8
2026-10-08 20:43:55.244,237.27,20261008_203957,เทส,rest,,,,,99.7,25.5,1,0.289,0.287,0.002,1,38.28,0.01,0.005,28,ready,8
2026-10-08 20:43:55.448,237.47,20261008_203957,เทส,rest,,,,,99.7,25.5,1,0.29,0.287,0.003,1,38.29,0.011,0.005,28,ready,8
2026-10-08 20:43:55.656,237.68,20261008_203957,เทส,rest,,,,,101.6,51.3,1,0.29,0.287,0.003,1,38.29,0.011,0.006,28,ready,8
2026-10-08 20:43:55.860,237.89,20261008_203957,เทส,rest,,,,,101.6,51.3,1,0.291,0.287,0.003,1,38.3,0.012,0.006,29,ready,8
2026-10-08 20:43:56.068,238.09,20261008_203957,เทส,rest,,,,,101.6,51.3,1,0.292,0.287,0.005,1,38.3,0.011,0.005,29,ready,8
2026-10-08 20:43:56.277,238.3,20261008_203957,เทส,rest,,,,,101.6,51.3,1,0.292,0.287,0.005,1,38.31,0.01,0.005,29,ready,8
2026-10-08 20:43:56.483,238.51,20261008_203957,เทส,rest,,,,,101.6,51.3,1,0.291,0.287,0.004,1,38.31,0.01,0.005,29,ready,8
2026-10-08 20:43:56.685,238.71,20261008_203957,เทส,rest,,,,,101.6,51.3,1,0.292,0.287,0.004,1,38.31,0.01,0.005,29,ready,8
2026-10-08 20:43:56.890,238.92,20261008_203957,เทส,rest,,,,,,,1,0.292,0.287,0.004,1,38.32,0.01,0.005,29,ready,8
2026-10-08 20:43:57.102,239.13,20261008_203957,เทส,rest,,,,,,,1,0.292,0.287,0.004,1,38.32,0.01,0.004,28,ready,8
2026-10-08 20:43:57.312,239.34,20261008_203957,เทส,rest,,,,,,,1,0.292,0.288,0.005,1,38.32,0.01,0.004,28,ready,8
2026-10-08 20:43:57.512,239.54,20261008_203957,เทส,rest,,,,,98.1,,1,0.292,0.288,0.004,1,38.33,0.009,0.004,28,ready,8
2026-10-08 20:43:57.720,239.75,20261008_203957,เทส,rest,,,,,98.1,,1,0.291,0.288,0.004,1,38.33,0.009,0.004,28,ready,8
