time_iso,t_sec,run_id,subject,phase,question_no,watch_qid,mode,label,hr_bpm,hrv_ms,ppg_contact,gsr_us,gsr_tonic_us,gsr_phasic_us,gsr_contact,skin_temp_c,tremor_ms2,motion_ms2,stress_index,engine_state,battery_mv
2026-10-09 12:09:02.446,0.15,20261009_120902,view,rest,,,,,74.3,,1,0.265,0.224,0.042,1,36.0,0.014,0.006,,idle,7
2026-10-09 12:09:02.646,0.35,20261009_120902,view,rest,,,,,74.3,,1,0.265,0.224,0.041,1,35.99,0.013,0.007,,idle,7
2026-10-09 12:09:02.856,0.56,20261009_120902,view,rest,,,,,95.6,,1,0.259,0.225,0.034,1,35.79,0.013,0.007,,idle,7
2026-10-09 12:09:03.068,0.77,20261009_120902,view,rest,,,,,95.6,,1,0.262,0.225,0.036,1,35.82,0.013,0.007,,idle,7
2026-10-09 12:09:03.265,0.97,20261009_120902,view,rest,,,,,95.6,,1,0.261,0.226,0.036,1,35.84,0.013,0.006,,idle,7
2026-10-09 12:09:03.478,1.18,20261009_120902,view,rest,,,,,96.4,,1,0.262,0.226,0.036,1,35.86,0.013,0.006,,idle,7
2026-10-09 12:09:03.675,1.38,20261009_120902,view,rest,,,,,96.4,,1,0.263,0.227,0.036,1,35.88,0.012,0.006,,idle,7
2026-10-09 12:09:03.889,1.59,20261009_120902,view,rest,,,,,96.4,,1,0.263,0.227,0.035,1,35.9,0.012,0.007,,idle,7
2026-10-09 12:09:04.094,1.8,20261009_120902,view,rest,,,,,97.1,179.8,1,0.262,0.228,0.035,1,35.92,0.014,0.007,,idle,7
2026-10-09 12:09:04.299,2.0,20261009_120902,view,rest,,,,,97.1,179.8,1,0.262,0.228,0.034,1,35.94,0.016,0.007,,idle,7
2026-10-09 12:09:04.509,2.21,20261009_120902,view,rest,,,,,97.1,160.8,1,0.261,0.229,0.032,1,35.91,0.018,0.008,,idle,7
2026-10-09 12:09:04.707,2.41,20261009_120902,view,rest,,,,,97.1,160.8,1,0.261,0.229,0.031,1,35.92,0.02,0.01,,idle,7
2026-10-09 12:09:04.916,2.62,20261009_120902,view,rest,,,,,97.1,160.8,1,0.26,0.23,0.03,1,35.94,0.021,0.01,,idle,7
2026-10-09 12:09:05.115,2.82,20261009_120902,view,rest,,,,,97.2,147.0,1,0.261,0.23,0.03,1,35.95,0.023,0.01,,idle,7
2026-10-09 12:09:05.320,3.02,20261009_120902,view,rest,,,,,97.2,147.0,1,0.26,0.231,0.03,1,35.96,0.023,0.01,,idle,7
2026-10-09 12:09:05.525,3.23,20261009_120902,view,rest,,,,,97.2,147.0,1,0.26,0.231,0.029,1,35.98,0.021,0.01,,idle,7
2026-10-09 12:09:05.729,3.43,20261009_120902,view,rest,,,,,97.2,136.3,1,0.259,0.231,0.028,1,35.99,0.021,0.01,,idle,7
2026-10-09 12:09:05.935,3.64,20261009_120902,view,rest,,,,,97.2,136.3,1,0.26,0.232,0.028,1,36.0,0.021,0.01,,idle,7
2026-10-09 12:09:06.144,3.85,20261009_120902,view,rest,,,,,97.2,136.3,1,0.259,0.232,0.027,1,36.01,0.019,0.009,,idle,7
2026-10-09 12:09:06.349,4.05,20261009_120902,view,rest,,,,,97.6,127.5,1,0.258,0.232,0.026,1,36.01,0.018,0.008,,idle,7
2026-10-09 12:09:06.555,4.26,20261009_120902,view,rest,,,,,97.6,127.5,1,0.258,0.233,0.025,1,36.02,0.017,0.008,,idle,7
2026-10-09 12:09:06.766,4.47,20261009_120902,view,rest,,,,,97.6,127.5,1,0.257,0.233,0.024,1,36.03,0.016,0.007,,idle,7
2026-10-09 12:09:06.969,4.67,20261009_120902,view,rest,,,,,97.6,120.6,1,0.247,0.233,0.014,1,35.83,0.015,0.007,,idle,7
2026-10-09 12:09:07.175,4.88,20261009_120902,view,rest,,,,,97.6,120.6,1,0.246,0.234,0.012,1,35.86,0.015,0.007,,idle,7
2026-10-09 12:09:07.384,5.09,20261009_120902,view,rest,,,,,97.6,120.6,1,0.25,0.234,0.016,1,35.88,0.014,0.007,,idle,7
2026-10-09 12:09:07.588,5.29,20261009_120902,view,rest,,,,,97.9,116.9,1,0.251,0.234,0.017,1,35.9,0.015,0.006,,idle,7
2026-10-09 12:09:07.795,5.5,20261009_120902,view,rest,,,,,97.9,116.9,1,0.253,0.234,0.019,1,35.92,0.014,0.007,,idle,7
2026-10-09 12:09:08.003,5.71,20261009_120902,view,rest,,,,,97.9,116.9,1,0.253,0.234,0.019,1,35.94,0.014,0.006,,idle,7
2026-10-09 12:09:08.211,5.91,20261009_120902,view,rest,,,,,97.9,116.9,1,0.254,0.235,0.019,1,35.95,0.019,0.008,,idle,7
2026-10-09 12:09:08.414,6.12,20261009_120902,view,rest,,,,,97.9,116.9,1,0.254,0.235,0.019,1,35.97,0.026,0.014,,idle,7
2026-10-09 12:09:08.625,6.33,20261009_120902,view,rest,,,,,97.9,116.9,1,0.254,0.235,0.018,1,35.99,0.025,0.013,,idle,7
2026-10-09 12:09:08.825,6.53,20261009_120902,view,rest,,,,,97.9,116.9,1,0.253,0.235,0.018,1,36.0,0.024,0.015,,idle,7
2026-10-09 12:09:09.030,6.73,20261009_120902,view,rest,,,,,97.9,116.9,1,0.253,0.236,0.017,1,36.0,0.022,0.015,,idle,7
2026-10-09 12:09:09.237,6.94,20261009_120902,view,rest,,,,,97.9,116.9,1,0.253,0.236,0.017,1,36.02,0.02,0.014,,idle,7
2026-10-09 12:09:09.444,7.15,20261009_120902,view,rest,,,,,97.9,116.9,1,0.252,0.236,0.016,1,36.03,0.019,0.013,,idle,7
2026-10-09 12:09:09.652,7.35,20261009_120902,view,rest,,,,,97.9,116.9,1,0.252,0.236,0.015,1,36.03,0.017,0.012,,idle,7
2026-10-09 12:09:09.856,7.56,20261009_120902,view,rest,,,,,97.9,116.9,1,0.251,0.237,0.015,1,36.04,0.016,0.011,,idle,7
2026-10-09 12:09:10.066,7.77,20261009_120902,view,rest,,,,,97.9,116.9,1,0.251,0.237,0.014,1,36.06,0.015,0.011,,idle,7
2026-10-09 12:09:10.271,7.97,20261009_120902,view,rest,,,,,97.9,116.9,1,0.251,0.237,0.014,1,36.06,0.015,0.01,,idle,7
2026-10-09 12:09:10.475,8.18,20261009_120902,view,rest,,,,,99.4,28.9,1,0.251,0.237,0.014,1,36.07,0.014,0.011,,idle,7
2026-10-09 12:09:10.685,8.39,20261009_120902,view,rest,,,,,99.4,28.9,1,0.25,0.237,0.013,1,36.08,0.016,0.011,,idle,7
2026-10-09 12:09:10.893,8.59,20261009_120902,view,rest,,,,,99.4,28.9,1,0.248,0.237,0.011,1,36.08,0.017,0.011,,idle,7
2026-10-09 12:09:11.097,8.8,20261009_120902,view,rest,,,,,99.4,28.9,1,0.247,0.238,0.009,1,36.08,0.016,0.01,,idle,7
2026-10-09 12:09:11.304,9.01,20261009_120902,view,rest,,,,,100.3,30.3,1,0.235,0.238,-0.002,1,35.93,0.015,0.008,,idle,7
2026-10-09 12:09:11.507,9.21,20261009_120902,view,rest,,,,,100.3,30.3,1,0.24,0.238,0.002,1,35.95,0.014,0.008,,idle,7
2026-10-09 12:09:11.708,9.41,20261009_120902,view,rest,,,,,100.3,30.3,1,0.243,0.238,0.005,1,35.97,0.014,0.007,,idle,7
2026-10-09 12:09:11.917,9.62,20261009_120902,view,rest,,,,,101.4,30.4,1,0.243,0.238,0.005,1,35.99,0.014,0.007,,idle,7
2026-10-09 12:09:12.123,9.83,20261009_120902,view,rest,,,,,101.4,30.4,1,0.243,0.238,0.005,1,36.0,0.014,0.006,,idle,7
2026-10-09 12:09:12.328,10.03,20261009_120902,view,rest,,,,,101.4,30.4,1,0.242,0.238,0.004,1,36.02,0.013,0.006,,idle,7
2026-10-09 12:09:12.534,10.24,20261009_120902,view,rest,,,,,100.3,31.0,1,0.24,0.238,0.002,1,36.03,0.014,0.006,,idle,7
2026-10-09 12:09:12.745,10.45,20261009_120902,view,rest,,,,,100.3,31.0,1,0.239,0.238,0.001,1,36.04,0.013,0.006,,idle,7
2026-10-09 12:09:12.951,10.65,20261009_120902,view,rest,,,,,100.3,31.0,1,0.238,0.238,0.0,1,36.06,0.012,0.005,,idle,7
2026-10-09 12:09:13.156,10.86,20261009_120902,view,rest,,,,,100.3,31.1,1,0.237,0.238,-0.001,1,36.06,0.02,0.008,,idle,7
2026-10-09 12:09:13.366,11.07,20261009_120902,view,rest,,,,,100.3,31.1,1,0.236,0.238,-0.002,1,36.07,0.02,0.008,,idle,7
2026-10-09 12:09:13.570,11.27,20261009_120902,view,rest,,,,,100.3,75.7,1,0.235,0.238,-0.003,1,36.08,0.021,0.008,,idle,7
2026-10-09 12:09:13.775,11.48,20261009_120902,view,rest,,,,,100.3,75.7,1,0.234,0.238,-0.004,1,36.09,0.02,0.008,,idle,7
2026-10-09 12:09:13.984,11.69,20261009_120902,view,rest,,,,,100.3,75.7,1,0.235,0.238,-0.002,1,36.09,0.018,0.008,,idle,7
2026-10-09 12:09:14.189,11.89,20261009_120902,view,rest,,,,,100.3,75.7,1,0.236,0.238,-0.002,1,36.1,0.017,0.007,,idle,7
2026-10-09 12:09:14.396,12.1,20261009_120902,view,rest,,,,,100.3,75.7,1,0.235,0.238,-0.003,1,36.11,0.016,0.008,,idle,7
2026-10-09 12:09:14.604,12.31,20261009_120902,view,rest,,,,,100.3,75.7,1,0.233,0.238,-0.005,1,36.12,0.016,0.011,,idle,7
2026-10-09 12:09:14.813,12.52,20261009_120902,view,rest,,,,,101.4,80.7,1,0.233,0.238,-0.005,1,36.13,0.015,0.011,,idle,7
2026-10-09 12:09:15.013,12.71,20261009_120902,view,rest,,,,,101.4,80.7,1,0.231,0.237,-0.006,1,36.13,0.014,0.011,,idle,7
2026-10-09 12:09:15.218,12.92,20261009_120902,view,rest,,,,,101.4,80.7,1,0.23,0.237,-0.008,1,36.14,0.014,0.01,,idle,7
2026-10-09 12:09:15.424,13.13,20261009_120902,view,rest,,,,,101.4,80.7,1,0.229,0.237,-0.008,1,36.1,0.015,0.01,,idle,7
2026-10-09 12:09:15.633,13.34,20261009_120902,view,rest,,,,,101.4,80.7,1,0.216,0.237,-0.021,1,35.96,0.016,0.01,,idle,7
2026-10-09 12:09:15.839,13.54,20261009_120902,view,rest,,,,,101.4,80.7,1,0.221,0.237,-0.016,1,35.98,0.016,0.009,,idle,7
2026-10-09 12:09:16.050,13.75,20261009_120902,view,rest,,,,,101.4,80.7,1,0.205,0.237,-0.032,1,35.78,0.016,0.009,,idle,6
2026-10-09 12:09:16.262,13.96,20261009_120902,view,rest,,,,,100.0,87.1,1,0.213,0.236,-0.023,1,35.82,0.015,0.008,,idle,6
2026-10-09 12:09:16.475,14.18,20261009_120902,view,rest,,,,,100.0,87.1,1,0.218,0.236,-0.018,1,35.86,0.015,0.009,,idle,6
2026-10-09 12:09:16.670,14.37,20261009_120902,view,rest,,,,,122.8,97.6,1,0.221,0.236,-0.015,1,35.89,0.014,0.009,,idle,6
2026-10-09 12:09:16.876,14.58,20261009_120902,view,rest,,,,,122.8,97.6,1,0.222,0.236,-0.013,1,35.92,0.014,0.009,,idle,6
2026-10-09 12:09:17.076,14.78,20261009_120902,view,rest,,,,,132.3,106.0,1,0.223,0.235,-0.012,1,35.94,0.014,0.009,,idle,7
2026-10-09 12:09:17.284,14.99,20261009_120902,view,rest,,,,,132.3,106.0,1,0.223,0.235,-0.012,1,35.97,0.014,0.008,,idle,7
2026-10-09 12:09:17.499,15.2,20261009_120902,view,rest,,,,,132.3,98.8,1,0.223,0.235,-0.013,1,35.99,0.014,0.007,,idle,7
2026-10-09 12:09:17.696,15.4,20261009_120902,view,rest,,,,,132.3,98.8,1,0.219,0.235,-0.016,1,35.95,0.013,0.007,,idle,7
2026-10-09 12:09:17.905,15.61,20261009_120902,view,rest,,,,,132.3,98.8,1,0.222,0.234,-0.013,1,36.0,0.012,0.006,,idle,7
2026-10-09 12:09:18.114,15.82,20261009_120902,view,rest,,,,,132.3,98.8,1,0.222,0.234,-0.012,1,36.02,0.015,0.006,,idle,7
2026-10-09 12:09:18.324,16.03,20261009_120902,view,rest,,,,,132.3,98.8,1,0.222,0.234,-0.013,1,36.03,0.015,0.007,,idle,7
2026-10-09 12:09:18.531,16.23,20261009_120902,view,rest,,,,,132.3,98.8,1,0.221,0.234,-0.013,1,36.05,0.014,0.007,,idle,7
2026-10-09 12:09:18.735,16.44,20261009_120902,view,rest,,,,,132.3,98.8,1,0.221,0.234,-0.013,1,36.07,0.013,0.007,,idle,7
2026-10-09 12:09:18.941,16.64,20261009_120902,view,rest,,,,,122.8,98.8,1,0.221,0.234,-0.013,1,36.08,0.015,0.007,,idle,7
2026-10-09 12:09:19.146,16.85,20261009_120902,view,rest,,,,,122.8,98.8,1,0.221,0.233,-0.012,1,36.09,0.014,0.008,,idle,7
2026-10-09 12:09:19.355,17.06,20261009_120902,view,rest,,,,,122.8,98.8,1,0.221,0.233,-0.013,1,36.1,0.015,0.01,,idle,7
2026-10-09 12:09:19.562,17.26,20261009_120902,view,rest,,,,,122.8,98.8,1,0.221,0.233,-0.012,1,36.12,0.016,0.01,,idle,7
2026-10-09 12:09:19.771,17.47,20261009_120902,view,rest,,,,,162.6,98.8,1,0.215,0.233,-0.018,1,35.93,0.016,0.009,,idle,7
2026-10-09 12:09:19.975,17.68,20261009_120902,view,rest,,,,,162.6,98.8,1,0.212,0.233,-0.02,1,35.96,0.015,0.009,,idle,6
2026-10-09 12:09:20.184,17.89,20261009_120902,view,rest,,,,,162.6,98.8,1,0.216,0.232,-0.017,1,35.98,0.016,0.008,,idle,6
2026-10-09 12:09:20.389,18.09,20261009_120902,view,rest,,,,,162.6,98.8,1,0.217,0.232,-0.015,1,36.0,0.016,0.008,,idle,7
2026-10-09 12:09:20.595,18.3,20261009_120902,view,rest,,,,,162.6,98.8,1,0.218,0.232,-0.014,1,36.02,0.016,0.007,,idle,7
2026-10-09 12:09:20.805,18.51,20261009_120902,view,rest,,,,,162.6,98.8,1,0.219,0.232,-0.013,1,36.04,0.016,0.008,,idle,7
2026-10-09 12:09:21.012,18.71,20261009_120902,view,rest,,,,,162.6,98.8,1,0.219,0.232,-0.012,1,36.06,0.014,0.007,,idle,7
2026-10-09 12:09:21.217,18.92,20261009_120902,view,rest,,,,,162.6,98.8,1,0.219,0.232,-0.013,1,36.08,0.015,0.01,,idle,7
2026-10-09 12:09:21.423,19.13,20261009_120902,view,rest,,,,,162.6,98.8,1,0.219,0.231,-0.012,1,36.09,0.014,0.01,,idle,7
2026-10-09 12:09:21.634,19.34,20261009_120902,view,rest,,,,,,,1,0.219,0.231,-0.012,1,36.1,0.013,0.009,,idle,7
2026-10-09 12:09:21.837,19.54,20261009_120902,view,rest,,,,,,,1,0.22,0.231,-0.011,1,36.12,0.013,0.008,,idle,7
2026-10-09 12:09:22.046,19.75,20261009_120902,view,rest,,,,,,,1,0.219,0.231,-0.012,1,36.13,0.014,0.009,,idle,7
2026-10-09 12:09:22.253,19.96,20261009_120902,view,rest,,,,,104.7,,1,0.219,0.231,-0.012,1,36.13,0.015,0.01,,idle,7
2026-10-09 12:09:22.463,20.16,20261009_120902,view,rest,,,,,104.7,,1,0.218,0.231,-0.012,1,36.14,0.014,0.01,,idle,7
2026-10-09 12:09:22.662,20.36,20261009_120902,view,rest,,,,,114.3,,1,0.217,0.23,-0.013,1,36.15,0.013,0.009,,idle,7
2026-10-09 12:09:22.862,20.56,20261009_120902,view,rest,,,,,114.3,,1,0.217,0.23,-0.013,1,36.16,0.012,0.008,,idle,7
2026-10-09 12:09:23.063,20.76,20261009_120902,view,rest,,,,,110.7,,1,0.215,0.23,-0.015,1,36.12,0.012,0.007,,idle,7
2026-10-09 12:09:23.268,20.97,20261009_120902,view,rest,,,,,110.7,,1,0.215,0.23,-0.015,1,36.14,0.013,0.007,,idle,7
2026-10-09 12:09:23.474,21.18,20261009_120902,view,rest,,,,,114.3,183.1,1,0.215,0.23,-0.015,1,36.16,0.012,0.007,,idle,7
2026-10-09 12:09:23.687,21.39,20261009_120902,view,rest,,,,,114.3,183.1,1,0.215,0.229,-0.015,1,36.16,0.012,0.006,,idle,7
2026-10-09 12:09:23.885,21.59,20261009_120902,view,rest,,,,,114.3,183.1,1,0.214,0.229,-0.015,1,36.18,0.012,0.006,,idle,7
2026-10-09 12:09:24.084,21.79,20261009_120902,view,rest,,,,,114.3,183.2,1,0.211,0.229,-0.018,1,36.06,0.012,0.006,,idle,7
2026-10-09 12:09:24.287,21.99,20261009_120902,view,rest,,,,,114.3,183.2,1,0.203,0.229,-0.025,1,36.02,0.012,0.007,,idle,6
2026-10-09 12:09:24.491,22.19,20261009_120902,view,rest,,,,,114.3,183.2,1,0.208,0.228,-0.02,1,36.04,0.012,0.006,,idle,6
2026-10-09 12:09:24.696,22.4,20261009_120902,view,rest,,,,,107.4,168.2,1,0.21,0.228,-0.018,1,36.07,0.011,0.006,,idle,6
2026-10-09 12:09:24.903,22.61,20261009_120902,view,rest,,,,,107.4,168.2,1,0.213,0.228,-0.015,1,36.12,0.011,0.005,,idle,7
2026-10-09 12:09:25.108,22.81,20261009_120902,view,rest,,,,,106.5,155.8,1,0.213,0.228,-0.014,1,36.14,0.011,0.006,,idle,7
2026-10-09 12:09:25.313,23.02,20261009_120902,view,rest,,,,,106.5,155.8,1,0.213,0.227,-0.014,1,36.15,0.011,0.005,,idle,7
2026-10-09 12:09:25.519,23.22,20261009_120902,view,rest,,,,,106.5,155.8,1,0.213,0.227,-0.014,1,36.17,0.011,0.006,,idle,7
2026-10-09 12:09:25.724,23.43,20261009_120902,view,rest,,,,,99.1,145.8,1,0.213,0.227,-0.014,1,36.19,0.011,0.006,,idle,7
2026-10-09 12:09:25.933,23.63,20261009_120902,view,rest,,,,,99.1,145.8,1,0.213,0.227,-0.014,1,36.21,0.012,0.006,,idle,7
2026-10-09 12:09:26.133,23.84,20261009_120902,view,rest,,,,,99.1,145.8,1,0.213,0.227,-0.014,1,36.22,0.012,0.006,,idle,7
2026-10-09 12:09:26.340,24.04,20261009_120902,view,rest,,,,,99.0,137.5,1,0.212,0.226,-0.014,1,36.23,0.014,0.009,,idle,7
2026-10-09 12:09:26.543,24.25,20261009_120902,view,rest,,,,,99.0,137.5,1,0.206,0.226,-0.021,1,36.2,0.021,0.012,,idle,7
2026-10-09 12:09:26.748,24.45,20261009_120902,view,rest,,,,,99.0,137.5,1,0.206,0.226,-0.02,1,36.15,0.022,0.013,,idle,7
2026-10-09 12:09:26.954,24.66,20261009_120902,view,rest,,,,,99.0,137.5,1,0.208,0.226,-0.017,1,36.17,0.02,0.014,,idle,7
2026-10-09 12:09:27.163,24.87,20261009_120902,view,rest,,,,,99.0,137.5,1,0.209,0.225,-0.016,1,36.18,0.02,0.019,,idle,7
2026-10-09 12:09:27.370,25.07,20261009_120902,view,rest,,,,,99.0,137.5,1,0.21,0.225,-0.016,1,36.19,0.021,0.019,,idle,7
2026-10-09 12:09:27.577,25.28,20261009_120902,view,rest,,,,,99.0,137.5,1,0.211,0.225,-0.015,1,36.21,0.021,0.017,,idle,7
2026-10-09 12:09:27.784,25.49,20261009_120902,view,rest,,,,,99.0,137.5,1,0.21,0.225,-0.015,1,36.22,0.022,0.016,,idle,7
2026-10-09 12:09:27.994,25.7,20261009_120902,view,rest,,,,,99.0,137.5,1,0.21,0.225,-0.014,1,36.22,0.022,0.016,,idle,7
2026-10-09 12:09:28.212,25.91,20261009_120902,view,rest,,,,,99.0,137.5,1,0.21,0.224,-0.015,1,36.2,0.023,0.015,,idle,7
2026-10-09 12:09:28.405,26.11,20261009_120902,view,rest,,,,,97.4,137.5,1,0.194,0.224,-0.03,1,36.05,0.022,0.014,,idle,7
2026-10-09 12:09:28.606,26.31,20261009_120902,view,rest,,,,,97.4,137.5,1,0.2,0.224,-0.024,1,36.07,0.021,0.013,,idle,6
2026-10-09 12:09:28.814,26.52,20261009_120902,view,rest,,,,,97.4,137.5,1,0.203,0.223,-0.02,1,36.1,0.02,0.012,,idle,7
2026-10-09 12:09:29.018,26.72,20261009_120902,view,rest,,,,,97.4,130.6,1,0.206,0.223,-0.017,1,36.12,0.02,0.012,,idle,7
2026-10-09 12:09:29.227,26.93,20261009_120902,view,rest,,,,,97.4,130.6,1,0.207,0.223,-0.016,1,36.14,0.018,0.011,,idle,7
2026-10-09 12:09:29.427,27.13,20261009_120902,view,baseline,,,,,98.3,127.8,1,0.208,0.223,-0.015,1,36.15,0.017,0.01,,baseline,7
2026-10-09 12:09:29.625,27.33,20261009_120902,view,baseline,,,,,98.3,127.8,1,0.208,0.223,-0.015,1,36.17,0.018,0.009,,baseline,7
2026-10-09 12:09:29.836,27.54,20261009_120902,view,baseline,,,,,98.3,127.8,1,0.207,0.222,-0.015,1,36.19,0.017,0.01,,baseline,7
2026-10-09 12:09:30.041,27.74,20261009_120902,view,baseline,,,,,98.3,111.6,1,0.208,0.222,-0.015,1,36.2,0.018,0.009,,baseline,7
2026-10-09 12:09:30.246,27.95,20261009_120902,view,baseline,,,,,98.3,111.6,1,0.209,0.222,-0.013,1,36.21,0.025,0.008,,baseline,7
2026-10-09 12:09:30.447,28.15,20261009_120902,view,baseline,,,,,98.3,111.6,1,0.208,0.222,-0.013,1,36.22,0.024,0.008,,baseline,7
2026-10-09 12:09:30.656,28.36,20261009_120902,view,baseline,,,,,100.9,85.4,1,0.207,0.222,-0.015,1,36.23,0.025,0.009,,baseline,7
2026-10-09 12:09:30.864,28.57,20261009_120902,view,baseline,,,,,100.9,85.4,1,0.204,0.221,-0.017,1,36.24,0.023,0.009,,baseline,7
2026-10-09 12:09:31.070,28.77,20261009_120902,view,baseline,,,,,100.9,85.4,1,0.203,0.221,-0.018,1,36.25,0.021,0.009,,baseline,7
2026-10-09 12:09:31.275,28.98,20261009_120902,view,baseline,,,,,100.9,85.4,1,0.201,0.221,-0.02,1,36.26,0.021,0.008,,baseline,7
2026-10-09 12:09:31.486,29.19,20261009_120902,view,baseline,,,,,100.9,85.4,1,0.201,0.221,-0.02,1,36.27,0.019,0.008,,baseline,7
2026-10-09 12:09:31.693,29.4,20261009_120902,view,baseline,,,,,100.9,85.4,1,0.198,0.22,-0.022,1,36.27,0.018,0.007,,baseline,7
2026-10-09 12:09:31.895,29.6,20261009_120902,view,baseline,,,,,100.9,85.4,1,0.199,0.22,-0.021,1,36.28,0.017,0.007,,baseline,7
2026-10-09 12:09:32.097,29.8,20261009_120902,view,baseline,,,,,100.9,85.4,1,0.198,0.22,-0.022,1,36.28,0.016,0.006,,baseline,7
2026-10-09 12:09:32.306,30.01,20261009_120902,view,baseline,,,,,100.9,85.4,1,0.196,0.22,-0.023,1,36.29,0.015,0.006,,baseline,7
2026-10-09 12:09:32.514,30.22,20261009_120902,view,baseline,,,,,100.9,85.4,1,0.195,0.219,-0.024,1,36.3,0.014,0.005,,baseline,7
2026-10-09 12:09:32.718,30.42,20261009_120902,view,baseline,,,,,100.9,85.4,1,0.194,0.219,-0.024,1,36.3,0.013,0.004,,baseline,7
2026-10-09 12:09:32.928,30.63,20261009_120902,view,baseline,,,,,100.9,85.4,1,0.191,0.218,-0.027,1,36.21,0.012,0.006,,baseline,7
2026-10-09 12:09:33.140,30.84,20261009_120902,view,baseline,,,,,100.9,85.4,1,0.183,0.218,-0.035,1,36.19,0.011,0.006,,baseline,7
2026-10-09 12:09:33.347,31.05,20261009_120902,view,baseline,,,,,100.9,85.4,1,0.187,0.217,-0.03,1,36.2,0.011,0.006,,baseline,7
2026-10-09 12:09:33.549,31.25,20261009_120902,view,baseline,,,,,100.9,85.4,1,0.189,0.217,-0.028,1,36.21,0.01,0.006,,baseline,7
2026-10-09 12:09:33.756,31.46,20261009_120902,view,baseline,,,,,100.9,85.4,1,0.189,0.217,-0.027,1,36.23,0.01,0.006,,baseline,7
2026-10-09 12:09:33.959,31.66,20261009_120902,view,baseline,,,,,100.9,85.4,1,0.189,0.216,-0.027,1,36.24,0.01,0.006,,baseline,7
2026-10-09 12:09:34.165,31.87,20261009_120902,view,baseline,,,,,100.9,85.4,1,0.19,0.216,-0.026,1,36.24,0.01,0.006,,baseline,7
2026-10-09 12:09:34.375,32.08,20261009_120902,view,baseline,,,,,100.9,85.4,1,0.191,0.216,-0.025,1,36.26,0.009,0.006,,baseline,7
2026-10-09 12:09:34.580,32.28,20261009_120902,view,baseline,,,,,100.9,85.4,1,0.191,0.215,-0.024,1,36.27,0.009,0.005,,baseline,7
2026-10-09 12:09:34.786,32.49,20261009_120902,view,baseline,,,,,100.9,85.4,1,0.191,0.215,-0.024,1,36.27,0.011,0.005,,baseline,7
2026-10-09 12:09:34.995,32.7,20261009_120902,view,baseline,,,,,100.9,85.4,1,0.191,0.215,-0.024,1,36.28,0.011,0.005,,baseline,7
2026-10-09 12:09:35.204,32.91,20261009_120902,view,baseline,,,,,,,1,0.19,0.214,-0.024,1,36.29,0.011,0.005,,baseline,7
2026-10-09 12:09:35.413,33.12,20261009_120902,view,baseline,,,,,,,1,0.189,0.214,-0.024,1,36.3,0.01,0.005,,baseline,7
2026-10-09 12:09:35.613,33.32,20261009_120902,view,baseline,,,,,,,1,0.189,0.214,-0.025,1,36.3,0.01,0.004,,baseline,8
2026-10-09 12:09:35.818,33.52,20261009_120902,view,baseline,,,,,122.6,,1,0.188,0.213,-0.025,1,36.29,0.01,0.004,,baseline,8
2026-10-09 12:09:36.025,33.73,20261009_120902,view,baseline,,,,,122.6,,1,0.188,0.213,-0.025,1,36.29,0.01,0.005,,baseline,8
2026-10-09 12:09:36.235,33.94,20261009_120902,view,baseline,,,,,122.6,,1,0.187,0.213,-0.025,1,36.3,0.009,0.005,,baseline,8
2026-10-09 12:09:36.440,34.14,20261009_120902,view,baseline,,,,,101.0,,1,0.187,0.212,-0.025,1,36.31,0.01,0.005,,baseline,8
2026-10-09 12:09:36.647,34.35,20261009_120902,view,baseline,,,,,101.0,,1,0.186,0.212,-0.025,1,36.31,0.01,0.004,,baseline,8
2026-10-09 12:09:36.854,34.56,20261009_120902,view,baseline,,,,,101.0,,1,0.186,0.212,-0.025,1,36.31,0.009,0.004,,baseline,8
2026-10-09 12:09:37.067,34.77,20261009_120902,view,baseline,,,,,99.9,,1,0.186,0.211,-0.025,1,36.31,0.009,0.004,,baseline,8
2026-10-09 12:09:37.276,34.98,20261009_120902,view,baseline,,,,,99.9,,1,0.185,0.211,-0.026,1,36.27,0.009,0.004,,baseline,8
2026-10-09 12:09:37.476,35.18,20261009_120902,view,baseline,,,,,99.9,,1,0.181,0.21,-0.029,1,36.11,0.009,0.005,,baseline,7
2026-10-09 12:09:37.680,35.38,20261009_120902,view,baseline,,,,,101.0,122.1,1,0.183,0.21,-0.027,1,36.13,0.016,0.007,,baseline,7
2026-10-09 12:09:37.885,35.59,20261009_120902,view,baseline,,,,,101.0,122.1,1,0.184,0.21,-0.026,1,36.15,0.018,0.009,,baseline,7
2026-10-09 12:09:38.094,35.8,20261009_120902,view,baseline,,,,,101.0,122.1,1,0.185,0.209,-0.025,1,36.18,0.023,0.015,,baseline,8
2026-10-09 12:09:38.299,36.0,20261009_120902,view,baseline,,,,,101.0,110.2,1,0.185,0.209,-0.024,1,36.2,0.024,0.016,,baseline,8
2026-10-09 12:09:38.506,36.21,20261009_120902,view,baseline,,,,,101.0,110.2,1,0.185,0.209,-0.024,1,36.22,0.024,0.015,,baseline,8
2026-10-09 12:09:38.716,36.42,20261009_120902,view,baseline,,,,,101.0,104.4,1,0.185,0.208,-0.024,1,36.25,0.021,0.013,,baseline,8
2026-10-09 12:09:38.920,36.62,20261009_120902,view,baseline,,,,,101.0,104.4,1,0.184,0.208,-0.024,1,36.26,0.02,0.012,,baseline,8
2026-10-09 12:09:39.125,36.83,20261009_120902,view,baseline,,,,,101.0,104.4,1,0.183,0.208,-0.024,1,36.27,0.018,0.011,,baseline,8
2026-10-09 12:09:39.334,37.04,20261009_120902,view,baseline,,,,,100.5,97.4,1,0.183,0.207,-0.024,1,36.28,0.017,0.011,,baseline,8
2026-10-09 12:09:39.543,37.25,20261009_120902,view,baseline,,,,,100.5,97.4,1,0.184,0.207,-0.023,1,36.29,0.016,0.01,,baseline,8
2026-10-09 12:09:39.748,37.45,20261009_120902,view,baseline,,,,,100.5,97.4,1,0.184,0.207,-0.023,1,36.3,0.015,0.009,,baseline,8
2026-10-09 12:09:39.956,37.66,20261009_120902,view,baseline,,,,,100.5,91.6,1,0.184,0.206,-0.023,1,36.31,0.014,0.008,,baseline,8
2026-10-09 12:09:40.165,37.87,20261009_120902,view,baseline,,,,,100.5,91.6,1,0.184,0.206,-0.022,1,36.32,0.013,0.009,,baseline,8
2026-10-09 12:09:40.376,38.08,20261009_120902,view,baseline,,,,,100.5,91.6,1,0.183,0.206,-0.023,1,36.32,0.013,0.01,,baseline,8
2026-10-09 12:09:40.581,38.28,20261009_120902,view,baseline,,,,,100.5,86.9,1,0.182,0.205,-0.023,1,36.33,0.012,0.01,,baseline,8
2026-10-09 12:09:40.785,38.49,20261009_120902,view,baseline,,,,,100.5,86.9,1,0.182,0.205,-0.023,1,36.33,0.012,0.009,,baseline,8
2026-10-09 12:09:40.994,38.7,20261009_120902,view,baseline,,,,,100.5,86.9,1,0.182,0.205,-0.023,1,36.33,0.014,0.01,,baseline,8
2026-10-09 12:09:41.200,38.9,20261009_120902,view,baseline,,,,,98.4,82.5,1,0.182,0.204,-0.022,1,36.34,0.014,0.011,,baseline,8
2026-10-09 12:09:41.406,39.11,20261009_120902,view,baseline,,,,,98.4,82.5,1,0.181,0.204,-0.023,1,36.34,0.015,0.011,,baseline,8
2026-10-09 12:09:41.621,39.32,20261009_120902,view,baseline,,,,,98.4,82.5,1,0.172,0.204,-0.032,1,36.13,0.014,0.011,,baseline,8
2026-10-09 12:09:41.828,39.53,20261009_120902,view,baseline,,,,,100.5,79.1,1,0.173,0.203,-0.03,1,36.16,0.014,0.01,,baseline,8
2026-10-09 12:09:42.032,39.73,20261009_120902,view,baseline,,,,,100.5,79.1,1,0.177,0.203,-0.026,1,36.19,0.013,0.009,,baseline,8
2026-10-09 12:09:42.237,39.94,20261009_120902,view,baseline,,,,,100.5,79.1,1,0.18,0.203,-0.023,1,36.21,0.013,0.008,,baseline,8
2026-10-09 12:09:42.443,40.15,20261009_120902,view,baseline,,,,,100.8,30.0,1,0.181,0.202,-0.022,1,36.24,0.013,0.009,,baseline,8
2026-10-09 12:09:42.649,40.35,20261009_120902,view,baseline,,,,,100.8,30.0,1,0.181,0.202,-0.021,1,36.25,0.012,0.009,,baseline,8
2026-10-09 12:09:42.855,40.56,20261009_120902,view,baseline,,,,,100.8,30.0,1,0.182,0.202,-0.02,1,36.27,0.014,0.008,,baseline,8
2026-10-09 12:09:43.067,40.77,20261009_120902,view,baseline,,,,,100.8,29.6,1,0.182,0.202,-0.02,1,36.29,0.014,0.008,,baseline,8
2026-10-09 12:09:43.274,40.98,20261009_120902,view,baseline,,,,,100.8,29.6,1,0.182,0.201,-0.02,1,36.3,0.013,0.007,,baseline,8
2026-10-09 12:09:43.479,41.18,20261009_120902,view,baseline,,,,,100.8,29.6,1,0.181,0.201,-0.02,1,36.32,0.012,0.007,,baseline,8
2026-10-09 12:09:43.685,41.39,20261009_120902,view,baseline,,,,,100.6,29.4,1,0.181,0.201,-0.019,1,36.33,0.013,0.006,,baseline,8
2026-10-09 12:09:43.890,41.59,20261009_120902,view,baseline,,,,,100.6,29.4,1,0.181,0.201,-0.019,1,36.34,0.013,0.006,,baseline,8
2026-10-09 12:09:44.097,41.8,20261009_120902,view,baseline,,,,,100.6,29.4,1,0.181,0.2,-0.019,1,36.34,0.013,0.006,,baseline,8
2026-10-09 12:09:44.300,42.0,20261009_120902,view,baseline,,,,,100.6,29.2,1,0.181,0.2,-0.019,1,36.36,0.012,0.005,,baseline,8
2026-10-09 12:09:44.509,42.21,20261009_120902,view,baseline,,,,,100.6,29.2,1,0.181,0.2,-0.019,1,36.36,0.011,0.005,,baseline,8
2026-10-09 12:09:44.715,42.42,20261009_120902,view,baseline,,,,,100.6,28.0,1,0.179,0.199,-0.02,1,36.31,0.01,0.005,,baseline,8
2026-10-09 12:09:44.923,42.63,20261009_120902,view,baseline,,,,,100.6,28.0,1,0.179,0.199,-0.02,1,36.31,0.01,0.005,,baseline,8
2026-10-09 12:09:45.130,42.83,20261009_120902,view,baseline,,,,,100.6,28.0,1,0.179,0.199,-0.02,1,36.32,0.009,0.004,,baseline,8
2026-10-09 12:09:45.334,43.04,20261009_120902,view,baseline,,,,,100.4,19.6,1,0.179,0.198,-0.02,1,36.34,0.011,0.005,,baseline,8
2026-10-09 12:09:45.545,43.25,20261009_120902,view,baseline,,,,,100.4,19.6,1,0.179,0.198,-0.019,1,36.35,0.011,0.004,,baseline,8
2026-10-09 12:09:45.748,43.45,20261009_120902,view,baseline,,,,,100.4,19.6,1,0.176,0.198,-0.022,1,36.25,0.011,0.004,,baseline,8
2026-10-09 12:09:45.954,43.66,20261009_120902,view,baseline,,,,,100.6,19.2,1,0.168,0.197,-0.03,1,36.17,0.01,0.004,,baseline,8
2026-10-09 12:09:46.163,43.87,20261009_120902,view,baseline,,,,,100.6,19.2,1,0.172,0.197,-0.025,1,36.2,0.01,0.004,,baseline,8
2026-10-09 12:09:46.370,44.07,20261009_120902,view,baseline,,,,,100.6,19.2,1,0.175,0.197,-0.022,1,36.23,0.01,0.004,,baseline,8
2026-10-09 12:09:46.574,44.28,20261009_120902,view,baseline,,,,,101.0,18.7,1,0.177,0.197,-0.02,1,36.25,0.01,0.004,,baseline,8
2026-10-09 12:09:46.787,44.49,20261009_120902,view,baseline,,,,,101.0,18.7,1,0.178,0.196,-0.019,1,36.28,0.011,0.006,,baseline,8
2026-10-09 12:09:46.991,44.69,20261009_120902,view,baseline,,,,,101.0,18.7,1,0.178,0.196,-0.018,1,36.3,0.011,0.006,,baseline,8
2026-10-09 12:09:47.198,44.9,20261009_120902,view,baseline,,,,,101.0,17.1,1,0.178,0.196,-0.017,1,36.31,0.013,0.01,,baseline,8
2026-10-09 12:09:47.406,45.11,20261009_120902,view,baseline,,,,,101.0,17.1,1,0.178,0.196,-0.017,1,36.33,0.016,0.01,,baseline,8
2026-10-09 12:09:47.614,45.32,20261009_120902,view,baseline,,,,,101.0,17.1,1,0.178,0.195,-0.017,1,36.34,0.016,0.01,,baseline,8
2026-10-09 12:09:47.823,45.53,20261009_120902,view,baseline,,,,,101.0,19.8,1,0.178,0.195,-0.017,1,36.35,0.015,0.01,,baseline,8
2026-10-09 12:09:48.031,45.73,20261009_120902,view,baseline,,,,,101.0,19.8,1,0.178,0.195,-0.017,1,36.36,0.015,0.009,,baseline,8
2026-10-09 12:09:48.234,45.94,20261009_120902,view,baseline,,,,,101.0,19.8,1,0.178,0.195,-0.017,1,36.38,0.015,0.01,,baseline,8
2026-10-09 12:09:48.443,46.15,20261009_120902,view,baseline,,,,,101.0,19.8,1,0.178,0.194,-0.016,1,36.39,0.015,0.01,,baseline,8
2026-10-09 12:09:48.648,46.35,20261009_120902,view,baseline,,,,,101.0,19.8,1,0.178,0.194,-0.017,1,36.39,0.014,0.009,,baseline,8
2026-10-09 12:09:48.855,46.56,20261009_120902,view,baseline,,,,,101.0,19.8,1,0.177,0.194,-0.017,1,36.4,0.014,0.009,,baseline,8
2026-10-09 12:09:49.064,46.77,20261009_120902,view,baseline,,,,,101.0,19.8,1,0.177,0.194,-0.017,1,36.4,0.014,0.009,,baseline,8
2026-10-09 12:09:49.273,46.98,20261009_120902,view,baseline,,,,,101.0,19.8,1,0.177,0.194,-0.017,1,36.41,0.021,0.01,,baseline,8
2026-10-09 12:09:49.478,47.18,20261009_120902,view,baseline,,,,,101.0,19.8,1,0.177,0.193,-0.017,1,36.41,0.021,0.015,,baseline,8
2026-10-09 12:09:49.684,47.39,20261009_120902,view,baseline,,,,,104.7,19.0,1,0.177,0.193,-0.017,1,36.41,0.022,0.015,,baseline,8
2026-10-09 12:09:49.895,47.6,20261009_120902,view,baseline,,,,,104.7,19.0,1,0.177,0.193,-0.016,1,36.42,0.024,0.015,,baseline,8
2026-10-09 12:09:50.095,47.8,20261009_120902,view,baseline,,,,,104.7,19.0,1,0.176,0.193,-0.017,1,36.39,0.022,0.017,,baseline,8
2026-10-09 12:09:50.295,48.0,20261009_120902,view,baseline,,,,,104.7,19.0,1,0.161,0.192,-0.032,1,36.24,0.021,0.016,,baseline,8
2026-10-09 12:09:50.495,48.2,20261009_120902,view,baseline,,,,,105.5,19.8,1,0.167,0.192,-0.025,1,36.27,0.02,0.014,,baseline,8
2026-10-09 12:09:50.695,48.4,20261009_120902,view,baseline,,,,,105.5,19.8,1,0.171,0.192,-0.021,1,36.29,0.019,0.013,,baseline,8
2026-10-09 12:09:50.895,48.6,20261009_120902,view,baseline,,,,,105.5,19.8,1,0.173,0.191,-0.018,1,36.31,0.017,0.012,,baseline,8
2026-10-09 12:09:51.096,48.8,20261009_120902,view,baseline,,,,,105.5,19.8,1,0.174,0.191,-0.017,1,36.33,0.017,0.011,,baseline,8
2026-10-09 12:09:51.294,49.0,20261009_120902,view,baseline,,,,,105.5,19.8,1,0.175,0.191,-0.016,1,36.35,0.017,0.01,,baseline,8
2026-10-09 12:09:51.507,49.21,20261009_120902,view,baseline,,,,,105.5,20.9,1,0.175,0.191,-0.016,1,36.34,0.016,0.009,,baseline,8
2026-10-09 12:09:51.711,49.41,20261009_120902,view,baseline,,,,,105.5,20.9,1,0.174,0.191,-0.017,1,36.3,0.015,0.009,,baseline,8
2026-10-09 12:09:51.916,49.62,20261009_120902,view,baseline,,,,,105.5,20.9,1,0.171,0.19,-0.019,1,36.32,0.014,0.009,,baseline,8
2026-10-09 12:09:52.121,49.82,20261009_120902,view,baseline,,,,,105.5,26.8,1,0.174,0.19,-0.016,1,36.35,0.014,0.009,,baseline,8
2026-10-09 12:09:52.314,50.02,20261009_120902,view,baseline,,,,,105.5,26.8,1,0.175,0.19,-0.015,1,36.37,0.014,0.008,,baseline,8
2026-10-09 12:09:52.514,50.22,20261009_120902,view,baseline,,,,,104.1,30.3,1,0.175,0.189,-0.015,1,36.38,0.014,0.008,,baseline,8
2026-10-09 12:09:52.723,50.42,20261009_120902,view,baseline,,,,,104.1,30.3,1,0.175,0.189,-0.014,1,36.39,0.014,0.008,,baseline,8
2026-10-09 12:09:52.925,50.63,20261009_120902,view,baseline,,,,,104.1,30.3,1,0.175,0.189,-0.014,1,36.4,0.015,0.008,,baseline,8
2026-10-09 12:09:53.129,50.83,20261009_120902,view,baseline,,,,,102.9,34.1,1,0.175,0.189,-0.014,1,36.41,0.015,0.007,,baseline,8
2026-10-09 12:09:53.334,51.04,20261009_120902,view,baseline,,,,,102.9,34.1,1,0.175,0.189,-0.014,1,36.42,0.018,0.007,,baseline,8
2026-10-09 12:09:53.539,51.24,20261009_120902,view,baseline,,,,,102.9,34.1,1,0.175,0.189,-0.014,1,36.43,0.018,0.008,,baseline,8
2026-10-09 12:09:53.745,51.45,20261009_120902,view,baseline,,,,,102.9,34.1,1,0.175,0.188,-0.013,1,36.44,0.017,0.008,,baseline,8
2026-10-09 12:09:53.948,51.65,20261009_120902,view,baseline,,,,,102.9,34.1,1,0.175,0.188,-0.013,1,36.45,0.016,0.007,,baseline,8
2026-10-09 12:09:54.147,51.85,20261009_120902,view,baseline,,,,,102.9,34.1,1,0.175,0.188,-0.013,1,36.45,0.015,0.008,,baseline,8
2026-10-09 12:09:54.345,52.05,20261009_120902,view,baseline,,,,,102.9,34.1,1,0.159,0.188,-0.028,1,36.31,0.015,0.007,,baseline,8
2026-10-09 12:09:54.545,52.25,20261009_120902,view,baseline,,,,,102.9,34.1,1,0.165,0.187,-0.022,1,36.33,0.014,0.007,,baseline,8
2026-10-09 12:09:54.750,52.45,20261009_120902,view,baseline,,,,,102.9,34.1,1,0.169,0.187,-0.018,1,36.35,0.014,0.007,,baseline,8
2026-10-09 12:09:54.956,52.66,20261009_120902,view,baseline,,,,,102.9,34.1,1,0.171,0.187,-0.016,1,36.36,0.013,0.007,,baseline,8
2026-10-09 12:09:55.166,52.87,20261009_120902,view,baseline,,,,,,,1,0.172,0.187,-0.014,1,36.38,0.013,0.007,,baseline,8
2026-10-09 12:09:55.366,53.07,20261009_120902,view,baseline,,,,,,,1,0.17,0.186,-0.016,1,36.38,0.013,0.007,,baseline,8
2026-10-09 12:09:55.575,53.28,20261009_120902,view,baseline,,,,,,,1,0.172,0.186,-0.015,1,36.39,0.013,0.007,,baseline,8
2026-10-09 12:09:55.784,53.49,20261009_120902,view,baseline,,,,,82.1,,1,0.173,0.186,-0.014,1,36.4,0.013,0.007,,baseline,8
2026-10-09 12:09:55.989,53.69,20261009_120902,view,baseline,,,,,82.1,,1,0.173,0.186,-0.012,1,36.42,0.013,0.007,,baseline,8
2026-10-09 12:09:56.195,53.9,20261009_120902,view,baseline,,,,,99.6,,1,0.173,0.186,-0.013,1,36.42,0.012,0.007,,baseline,8
2026-10-09 12:09:56.407,54.11,20261009_120902,view,baseline,,,,,99.6,,1,0.173,0.186,-0.012,1,36.43,0.012,0.007,,baseline,8
2026-10-09 12:09:56.613,54.32,20261009_120902,view,baseline,,,,,99.6,,1,0.173,0.185,-0.013,1,36.41,0.013,0.006,,baseline,8
2026-10-09 12:09:56.818,54.52,20261009_120902,view,baseline,,,,,99.6,,1,0.172,0.185,-0.013,1,36.42,0.013,0.007,,baseline,8
2026-10-09 12:09:57.027,54.73,20261009_120902,view,baseline,,,,,99.6,,1,0.172,0.185,-0.013,1,36.43,0.015,0.007,,baseline,8
2026-10-09 12:09:57.229,54.93,20261009_120902,view,baseline,,,,,99.6,,1,0.172,0.185,-0.013,1,36.44,0.015,0.008,,baseline,8
2026-10-09 12:09:57.435,55.14,20261009_120902,view,baseline,,,,,99.6,,1,0.172,0.185,-0.012,1,36.45,0.014,0.008,,baseline,8
2026-10-09 12:09:57.650,55.35,20261009_120902,view,baseline,,,,,99.6,,1,0.172,0.185,-0.012,1,36.46,0.014,0.008,,baseline,8
2026-10-09 12:09:57.853,55.56,20261009_120902,view,baseline,,,,,99.6,,1,0.172,0.184,-0.013,1,36.47,0.014,0.007,,baseline,8
2026-10-09 12:09:58.059,55.76,20261009_120902,view,baseline,,,,,99.6,,1,0.172,0.184,-0.012,1,36.48,0.013,0.007,,baseline,8
2026-10-09 12:09:58.264,55.97,20261009_120902,view,baseline,,,,,99.6,,1,0.172,0.184,-0.012,1,36.48,0.014,0.006,,baseline,8
2026-10-09 12:09:58.469,56.17,20261009_120902,view,baseline,,,,,99.6,,1,0.171,0.184,-0.013,1,36.49,0.013,0.006,,baseline,8
2026-10-09 12:09:58.669,56.37,20261009_120902,view,baseline,,,,,99.6,,1,0.165,0.184,-0.019,1,36.33,0.013,0.006,,baseline,8
2026-10-09 12:09:58.875,56.58,20261009_120902,view,baseline,,,,,99.6,,1,0.156,0.183,-0.028,1,36.31,0.013,0.005,,baseline,8
2026-10-09 12:09:59.084,56.79,20261009_120902,view,baseline,,,,,,,1,0.161,0.183,-0.022,1,36.33,0.014,0.006,,baseline,8
2026-10-09 12:09:59.292,56.99,20261009_120902,view,rest,,,,,,,1,0.165,0.183,-0.018,1,36.35,0.017,0.007,20,ready,8
2026-10-09 12:09:59.494,57.2,20261009_120902,view,rest,,,,,,,1,0.159,0.182,-0.024,1,36.34,0.016,0.006,19,ready,7
2026-10-09 12:09:59.698,57.4,20261009_120902,view,rest,,,,,,,1,0.163,0.182,-0.019,1,36.35,0.015,0.006,19,ready,7
2026-10-09 12:09:59.906,57.61,20261009_120902,view,rest,,,,,66.3,,1,0.166,0.182,-0.016,1,36.37,0.016,0.006,18,ready,8
2026-10-09 12:10:00.111,57.81,20261009_120902,view,rest,,,,,66.3,,1,0.167,0.182,-0.014,1,36.39,0.015,0.006,17,ready,8
2026-10-09 12:10:00.319,58.02,20261009_120902,view,rest,,,,,66.3,,1,0.169,0.182,-0.012,1,36.41,0.014,0.005,16,ready,8
2026-10-09 12:10:00.526,58.23,20261009_120902,view,rest,,,,,66.3,,1,0.17,0.181,-0.011,1,36.43,0.014,0.005,14,ready,8
2026-10-09 12:10:00.734,58.44,20261009_120902,view,rest,,,,,60.7,,1,0.17,0.181,-0.011,1,36.44,0.015,0.005,14,ready,8
2026-10-09 12:10:00.938,58.64,20261009_120902,view,rest,,,,,60.7,,1,0.169,0.181,-0.012,1,36.45,0.014,0.005,13,ready,8
2026-10-09 12:10:01.137,58.84,20261009_120902,view,rest,,,,,60.7,,1,0.17,0.181,-0.011,1,36.46,0.014,0.006,13,ready,8
2026-10-09 12:10:01.337,59.04,20261009_120902,view,rest,,,,,60.7,,1,0.17,0.181,-0.01,1,36.47,0.014,0.005,13,ready,8
2026-10-09 12:10:01.544,59.25,20261009_120902,view,rest,,,,,66.3,,1,0.17,0.181,-0.011,1,36.48,0.015,0.005,13,ready,8
2026-10-09 12:10:01.747,59.45,20261009_120902,view,rest,,,,,66.3,,1,0.17,0.18,-0.011,1,36.48,0.014,0.005,12,ready,8
2026-10-09 12:10:01.949,59.65,20261009_120902,view,rest,,,,,66.3,,1,0.169,0.18,-0.011,1,36.49,0.014,0.005,12,ready,8
2026-10-09 12:10:02.148,59.85,20261009_120902,view,rest,,,,,66.3,,1,0.168,0.18,-0.012,1,36.5,0.014,0.005,12,ready,8
2026-10-09 12:10:02.347,60.05,20261009_120902,view,rest,,,,,66.3,,1,0.168,0.18,-0.012,1,36.5,0.013,0.005,12,ready,8
2026-10-09 12:10:02.547,60.25,20261009_120902,view,rest,,,,,66.3,,1,0.168,0.18,-0.012,1,36.51,0.013,0.005,12,ready,8
2026-10-09 12:10:02.752,60.45,20261009_120902,view,rest,,,,,66.3,,1,0.167,0.18,-0.013,1,36.51,0.014,0.006,12,ready,8
2026-10-09 12:10:02.958,60.66,20261009_120902,view,rest,,,,,66.3,,1,0.165,0.179,-0.014,1,36.51,0.013,0.006,12,ready,8
2026-10-09 12:10:03.162,60.86,20261009_120902,view,rest,,,,,66.3,,1,0.165,0.179,-0.015,1,36.52,0.012,0.006,12,ready,8
2026-10-09 12:10:03.369,61.07,20261009_120902,view,rest,,,,,73.1,,1,0.156,0.179,-0.023,1,36.39,0.014,0.005,11,ready,8
2026-10-09 12:10:03.578,61.28,20261009_120902,view,rest,,,,,73.1,,1,0.149,0.179,-0.03,1,36.33,0.013,0.005,11,ready,8
2026-10-09 12:10:03.786,61.49,20261009_120902,view,rest,,,,,73.1,,1,0.155,0.178,-0.023,1,36.35,0.013,0.006,11,ready,8
2026-10-09 12:10:03.991,61.69,20261009_120902,view,rest,,,,,79.2,191.3,1,0.157,0.178,-0.021,1,36.37,0.013,0.007,11,ready,8
2026-10-09 12:10:04.200,61.9,20261009_120902,view,rest,,,,,79.2,191.3,1,0.161,0.178,-0.017,1,36.39,0.012,0.007,11,ready,8
2026-10-09 12:10:04.397,62.1,20261009_120902,view,rest,,,,,79.2,191.3,1,0.162,0.177,-0.015,1,36.41,0.015,0.006,11,ready,8
2026-10-09 12:10:04.602,62.3,20261009_120902,view,rest,,,,,93.8,171.4,1,0.161,0.177,-0.016,1,36.42,0.015,0.009,11,ready,8
2026-10-09 12:10:04.809,62.51,20261009_120902,view,rest,,,,,93.8,171.4,1,0.161,0.177,-0.016,1,36.44,0.015,0.01,12,ready,8
2026-10-09 12:10:05.014,62.72,20261009_120902,view,rest,,,,,93.8,171.4,1,0.161,0.177,-0.015,1,36.45,0.015,0.01,12,ready,8
2026-10-09 12:10:05.220,62.92,20261009_120902,view,rest,,,,,97.9,156.6,1,0.159,0.177,-0.017,1,36.45,0.015,0.009,13,ready,8
2026-10-09 12:10:05.427,63.13,20261009_120902,view,rest,,,,,97.9,156.6,1,0.158,0.176,-0.018,1,36.42,0.015,0.009,14,ready,8
2026-10-09 12:10:05.637,63.34,20261009_120902,view,rest,,,,,97.9,156.6,1,0.16,0.176,-0.016,1,36.44,0.015,0.008,14,ready,8
2026-10-09 12:10:05.853,63.56,20261009_120902,view,rest,,,,,100.0,145.4,1,0.159,0.176,-0.017,1,36.45,0.014,0.007,15,ready,8
2026-10-09 12:10:06.047,63.75,20261009_120902,view,rest,,,,,100.0,145.4,1,0.158,0.176,-0.018,1,36.46,0.013,0.007,16,ready,8
2026-10-09 12:10:06.255,63.96,20261009_120902,view,rest,,,,,100.0,145.4,1,0.158,0.175,-0.018,1,36.47,0.012,0.006,16,ready,8
2026-10-09 12:10:06.462,64.16,20261009_120902,view,rest,,,,,101.9,136.0,1,0.158,0.175,-0.017,1,36.48,0.013,0.006,17,ready,8
2026-10-09 12:10:06.668,64.37,20261009_120902,view,rest,,,,,101.9,136.0,1,0.158,0.175,-0.017,1,36.48,0.012,0.006,17,ready,8
2026-10-09 12:10:06.876,64.58,20261009_120902,view,rest,,,,,101.9,136.0,1,0.159,0.175,-0.016,1,36.49,0.011,0.005,18,ready,8
2026-10-09 12:10:07.081,64.78,20261009_120902,view,rest,,,,,100.0,129.6,1,0.157,0.175,-0.018,1,36.5,0.011,0.005,18,ready,8
2026-10-09 12:10:07.288,64.99,20261009_120902,view,rest,,,,,100.0,129.6,1,0.155,0.174,-0.019,1,36.5,0.017,0.005,18,ready,8
2026-10-09 12:10:07.496,65.2,20261009_120902,view,rest,,,,,100.0,129.6,1,0.154,0.174,-0.02,1,36.51,0.016,0.006,18,ready,8
2026-10-09 12:10:07.701,65.4,20261009_120902,view,rest,,,,,101.0,123.3,1,0.152,0.174,-0.022,1,36.47,0.016,0.008,18,ready,8
2026-10-09 12:10:07.908,65.61,20261009_120902,view,rest,,,,,101.0,123.3,1,0.14,0.173,-0.033,1,36.31,0.016,0.009,18,ready,8
2026-10-09 12:10:08.116,65.82,20261009_120902,view,rest,,,,,101.0,123.3,1,0.145,0.173,-0.028,1,36.34,0.018,0.008,18,ready,8
2026-10-09 12:10:08.332,66.03,20261009_120902,view,rest,,,,,101.0,111.2,1,0.147,0.173,-0.025,1,36.36,0.017,0.008,18,ready,8
2026-10-09 12:10:08.526,66.23,20261009_120902,view,rest,,,,,101.0,111.2,1,0.152,0.172,-0.02,1,36.38,0.018,0.008,18,ready,8
2026-10-09 12:10:08.725,66.43,20261009_120902,view,rest,,,,,101.0,111.2,1,0.154,0.172,-0.018,1,36.4,0.019,0.009,18,ready,8
2026-10-09 12:10:08.926,66.63,20261009_120902,view,rest,,,,,101.0,92.7,1,0.153,0.172,-0.019,1,36.43,0.017,0.009,18,ready,8
2026-10-09 12:10:09.126,66.83,20261009_120902,view,rest,,,,,101.0,92.7,1,0.152,0.172,-0.019,1,36.44,0.016,0.008,18,ready,8
2026-10-09 12:10:09.331,67.03,20261009_120902,view,rest,,,,,100.8,51.3,1,0.152,0.171,-0.019,1,36.46,0.015,0.008,18,ready,8
2026-10-09 12:10:09.537,67.24,20261009_120902,view,rest,,,,,100.8,51.3,1,0.153,0.171,-0.018,1,36.47,0.014,0.007,18,ready,8
2026-10-09 12:10:09.741,67.44,20261009_120902,view,rest,,,,,101.0,79.9,1,0.151,0.171,-0.02,1,36.48,0.014,0.007,18,ready,8
2026-10-09 12:10:09.946,67.65,20261009_120902,view,rest,,,,,101.0,79.9,1,0.15,0.17,-0.02,1,36.49,0.014,0.007,18,ready,8
2026-10-09 12:10:10.151,67.85,20261009_120902,view,rest,,,,,114.2,78.5,1,0.15,0.17,-0.02,1,36.49,0.017,0.009,21,ready,8
2026-10-09 12:10:10.356,68.06,20261009_120902,view,rest,,,,,114.2,78.5,1,0.151,0.17,-0.018,1,36.51,0.018,0.011,23,ready,8
2026-10-09 12:10:10.561,68.26,20261009_120902,view,rest,,,,,114.2,78.5,1,0.152,0.17,-0.018,1,36.52,0.02,0.013,25,ready,8
2026-10-09 12:10:10.766,68.47,20261009_120902,view,rest,,,,,114.2,78.5,1,0.152,0.169,-0.017,1,36.53,0.021,0.012,26,ready,8
2026-10-09 12:10:10.971,68.67,20261009_120902,view,rest,,,,,114.2,78.5,1,0.151,0.169,-0.018,1,36.54,0.023,0.012,27,ready,8
2026-10-09 12:10:11.176,68.88,20261009_120902,view,rest,,,,,114.2,82.0,1,0.151,0.169,-0.018,1,36.54,0.022,0.012,28,ready,8
2026-10-09 12:10:11.381,69.08,20261009_120902,view,rest,,,,,114.2,82.0,1,0.15,0.169,-0.019,1,36.54,0.022,0.013,29,ready,8
2026-10-09 12:10:11.589,69.29,20261009_120902,view,rest,,,,,114.2,82.0,1,0.149,0.168,-0.019,1,36.55,0.022,0.013,30,ready,8
2026-10-09 12:10:11.788,69.49,20261009_120902,view,rest,,,,,102.4,81.9,1,0.15,0.168,-0.018,1,36.55,0.021,0.012,28,ready,8
2026-10-09 12:10:11.997,69.7,20261009_120902,view,rest,,,,,102.4,81.9,1,0.137,0.168,-0.031,1,36.34,0.021,0.011,26,ready,8
2026-10-09 12:10:12.199,69.9,20261009_120902,view,rest,,,,,102.4,81.9,1,0.137,0.167,-0.03,1,36.36,0.019,0.011,25,ready,7
2026-10-09 12:10:12.407,70.11,20261009_120902,view,rest,,,,,102.4,81.5,1,0.142,0.167,-0.025,1,36.39,0.018,0.01,24,ready,7
2026-10-09 12:10:12.611,70.31,20261009_120902,view,rest,,,,,102.4,81.5,1,0.145,0.167,-0.022,1,36.41,0.016,0.009,23,ready,7
2026-10-09 12:10:12.818,70.52,20261009_120902,view,rest,,,,,102.4,81.5,1,0.148,0.166,-0.019,1,36.44,0.016,0.009,22,ready,8
2026-10-09 12:10:13.027,70.73,20261009_120902,view,rest,,,,,102.4,82.2,1,0.148,0.166,-0.018,1,36.46,0.015,0.009,22,ready,8
2026-10-09 12:10:13.227,70.93,20261009_120902,view,rest,,,,,102.4,82.2,1,0.149,0.166,-0.017,1,36.48,0.014,0.009,21,ready,8
2026-10-09 12:10:13.435,71.14,20261009_120902,view,rest,,,,,102.4,82.2,1,0.148,0.166,-0.017,1,36.49,0.013,0.009,21,ready,8
2026-10-09 12:10:13.639,71.34,20261009_120902,view,rest,,,,,101.2,83.1,1,0.148,0.165,-0.017,1,36.51,0.012,0.008,20,ready,8
2026-10-09 12:10:13.847,71.55,20261009_120902,view,rest,,,,,101.2,83.1,1,0.148,0.165,-0.017,1,36.52,0.012,0.007,20,ready,8
2026-10-09 12:10:14.057,71.76,20261009_120902,view,rest,,,,,101.2,83.1,1,0.148,0.165,-0.017,1,36.54,0.012,0.007,20,ready,8
2026-10-09 12:10:14.263,71.97,20261009_120902,view,rest,,,,,102.4,84.0,1,0.148,0.165,-0.017,1,36.55,0.012,0.006,20,ready,8
2026-10-09 12:10:14.466,72.17,20261009_120902,view,rest,,,,,102.4,84.0,1,0.148,0.165,-0.016,1,36.56,0.011,0.006,20,ready,8
2026-10-09 12:10:14.675,72.38,20261009_120902,view,rest,,,,,102.4,84.0,1,0.148,0.164,-0.016,1,36.58,0.01,0.006,19,ready,8
2026-10-09 12:10:14.878,72.58,20261009_120902,view,rest,,,,,102.8,84.1,1,0.148,0.164,-0.016,1,36.58,0.011,0.006,19,ready,8
2026-10-09 12:10:15.087,72.79,20261009_120902,view,rest,,,,,102.8,84.1,1,0.148,0.164,-0.016,1,36.59,0.01,0.006,19,ready,8
2026-10-09 12:10:15.305,73.01,20261009_120902,view,rest,,,,,102.8,84.1,1,0.148,0.164,-0.016,1,36.6,0.01,0.006,19,ready,8
2026-10-09 12:10:15.505,73.21,20261009_120902,view,rest,,,,,103.4,81.3,1,0.148,0.163,-0.016,1,36.6,0.01,0.006,20,ready,8
2026-10-09 12:10:15.712,73.41,20261009_120902,view,rest,,,,,103.4,81.3,1,0.147,0.163,-0.016,1,36.62,0.01,0.006,20,ready,8
2026-10-09 12:10:15.921,73.62,20261009_120902,view,rest,,,,,103.4,81.3,1,0.147,0.163,-0.016,1,36.62,0.01,0.006,20,ready,8
2026-10-09 12:10:16.125,73.83,20261009_120902,view,rest,,,,,102.8,73.7,1,0.144,0.163,-0.019,1,36.53,0.01,0.005,20,ready,8
2026-10-09 12:10:16.328,74.03,20261009_120902,view,rest,,,,,102.8,73.7,1,0.134,0.162,-0.029,1,36.49,0.01,0.005,19,ready,8
2026-10-09 12:10:16.530,74.23,20261009_120902,view,rest,,,,,102.8,73.7,1,0.13,0.162,-0.032,1,36.43,0.01,0.005,19,ready,7
2026-10-09 12:10:16.728,74.43,20261009_120902,view,rest,,,,,102.8,73.7,1,0.137,0.162,-0.025,1,36.45,0.011,0.004,19,ready,7
2026-10-09 12:10:16.926,74.63,20261009_120902,view,rest,,,,,103.4,33.9,1,0.143,0.161,-0.018,1,36.49,0.011,0.004,19,ready,7
2026-10-09 12:10:17.131,74.83,20261009_120902,view,rest,,,,,103.4,33.9,1,0.145,0.161,-0.016,1,36.5,0.01,0.004,19,ready,7
2026-10-09 12:10:17.336,75.04,20261009_120902,view,rest,,,,,103.4,33.9,1,0.146,0.161,-0.015,1,36.52,0.01,0.005,19,ready,7
2026-10-09 12:10:17.540,75.24,20261009_120902,view,rest,,,,,103.4,33.9,1,0.146,0.161,-0.014,1,36.54,0.011,0.005,19,ready,7
2026-10-09 12:10:17.745,75.45,20261009_120902,view,rest,,,,,104.2,35.7,1,0.146,0.16,-0.014,1,36.56,0.01,0.005,20,ready,7
2026-10-09 12:10:17.950,75.65,20261009_120902,view,rest,,,,,104.2,35.7,1,0.146,0.16,-0.014,1,36.57,0.01,0.005,20,ready,7
2026-10-09 12:10:18.156,75.86,20261009_120902,view,rest,,,,,106.9,54.2,1,0.145,0.16,-0.015,1,36.54,0.011,0.005,20,ready,7
2026-10-09 12:10:18.362,76.06,20261009_120902,view,rest,,,,,106.9,54.2,1,0.145,0.16,-0.014,1,36.55,0.01,0.005,21,ready,7
2026-10-09 12:10:18.567,76.27,20261009_120902,view,rest,,,,,106.9,54.2,1,0.146,0.16,-0.014,1,36.56,0.01,0.005,21,ready,7
2026-10-09 12:10:18.777,76.48,20261009_120902,view,rest,,,,,106.9,54.2,1,0.146,0.159,-0.013,1,36.55,0.01,0.004,22,ready,7
2026-10-09 12:10:18.982,76.68,20261009_120902,view,rest,,,,,106.9,54.2,1,0.144,0.159,-0.016,1,36.45,0.009,0.004,22,ready,7
2026-10-09 12:10:19.192,76.89,20261009_120902,view,rest,,,,,106.9,54.2,1,0.145,0.159,-0.014,1,36.47,0.009,0.004,22,ready,7
2026-10-09 12:10:19.393,77.09,20261009_120902,view,rest,,,,,104.2,57.4,1,0.145,0.159,-0.013,1,36.49,0.009,0.004,22,ready,7
2026-10-09 12:10:19.598,77.3,20261009_120902,view,rest,,,,,104.2,57.4,1,0.146,0.159,-0.013,1,36.51,0.009,0.004,22,ready,7
2026-10-09 12:10:19.796,77.5,20261009_120902,view,rest,,,,,104.2,57.4,1,0.146,0.158,-0.013,1,36.53,0.009,0.004,22,ready,7
2026-10-09 12:10:20.003,77.71,20261009_120902,view,rest,,,,,132.5,83.8,1,0.144,0.158,-0.014,1,36.49,0.009,0.004,28,ready,7
2026-10-09 12:10:20.218,77.92,20261009_120902,view,rest,,,,,132.5,83.8,1,0.139,0.158,-0.019,1,36.43,0.009,0.003,33,ready,7
2026-10-09 12:10:20.427,78.13,20261009_120902,view,rest,,,,,133.8,83.2,1,0.138,0.158,-0.02,1,36.31,0.008,0.005,37,ready,7
2026-10-09 12:10:20.625,78.33,20261009_120902,view,rest,,,,,133.8,83.2,1,0.128,0.157,-0.03,1,36.14,0.009,0.005,40,ready,7
2026-10-09 12:10:20.833,78.54,20261009_120902,view,rest,,,,,133.8,83.2,1,0.135,0.157,-0.023,1,36.19,0.009,0.005,43,ready,7
2026-10-09 12:10:21.027,78.73,20261009_120902,view,rest,,,,,133.8,83.2,1,0.139,0.157,-0.018,1,36.23,0.009,0.004,45,ready,7
2026-10-09 12:10:21.232,78.93,20261009_120902,view,rest,,,,,133.8,83.2,1,0.141,0.157,-0.016,1,36.27,0.009,0.005,48,ready,7
2026-10-09 12:10:21.439,79.14,20261009_120902,view,rest,,,,,133.8,83.2,1,0.143,0.156,-0.014,1,36.3,0.008,0.004,49,ready,7
2026-10-09 12:10:21.657,79.36,20261009_120902,view,rest,,,,,133.8,83.2,1,0.143,0.156,-0.013,1,36.33,0.008,0.004,51,ready,7
2026-10-09 12:10:21.881,79.58,20261009_120902,view,rest,,,,,133.8,85.1,1,0.143,0.156,-0.013,1,36.36,0.008,0.004,52,ready,7
2026-10-09 12:10:22.089,79.79,20261009_120902,view,rest,,,,,133.8,85.1,1,0.143,0.156,-0.013,1,36.38,0.008,0.004,53,ready,7
2026-10-09 12:10:22.264,79.97,20261009_120902,view,rest,,,,,133.8,85.1,1,0.143,0.156,-0.013,1,36.4,0.009,0.004,54,ready,7
2026-10-09 12:10:22.468,80.17,20261009_120902,view,rest,,,,,133.8,85.1,1,0.143,0.156,-0.012,1,36.42,0.009,0.004,55,ready,7
2026-10-09 12:10:22.667,80.37,20261009_120902,view,rest,,,,,133.8,85.1,1,0.144,0.155,-0.011,1,36.45,0.009,0.004,55,ready,7
2026-10-09 12:10:22.878,80.58,20261009_120902,view,rest,,,,,135.7,89.8,1,0.144,0.155,-0.011,1,36.46,0.009,0.004,56,ready,7
2026-10-09 12:10:23.085,80.79,20261009_120902,view,rest,,,,,135.7,89.8,1,0.143,0.155,-0.012,1,36.45,0.009,0.004,57,ready,7
2026-10-09 12:10:23.290,80.99,20261009_120902,view,rest,,,,,143.0,89.9,1,0.143,0.155,-0.012,1,36.44,0.009,0.004,58,ready,7
2026-10-09 12:10:23.518,81.22,20261009_120902,view,rest,,,,,143.0,89.9,1,0.143,0.155,-0.012,1,36.46,0.008,0.004,58,ready,7
2026-10-09 12:10:23.706,81.41,20261009_120902,view,rest,,,,,147.1,89.6,1,0.142,0.155,-0.013,1,36.46,0.008,0.004,58,ready,7
2026-10-09 12:10:23.913,81.62,20261009_120902,view,rest,,,,,147.1,89.6,1,0.141,0.154,-0.013,1,36.46,0.008,0.004,59,ready,7
2026-10-09 12:10:24.118,81.82,20261009_120902,view,rest,,,,,147.1,89.6,1,0.143,0.154,-0.012,1,36.48,0.008,0.004,59,ready,7
2026-10-09 12:10:24.323,82.02,20261009_120902,view,rest,,,,,147.1,89.6,1,0.141,0.154,-0.013,1,36.47,0.008,0.004,59,ready,7
2026-10-09 12:10:24.527,82.23,20261009_120902,view,rest,,,,,147.1,89.6,1,0.141,0.154,-0.013,1,36.47,0.008,0.004,59,ready,7
2026-10-09 12:10:24.733,82.44,20261009_120902,view,rest,,,,,147.1,96.7,1,0.132,0.154,-0.022,1,36.24,0.009,0.004,59,ready,7
2026-10-09 12:10:24.938,82.64,20261009_120902,view,rest,,,,,149.2,92.5,1,0.133,0.153,-0.021,1,36.27,0.009,0.004,59,ready,7
2026-10-09 12:10:25.147,82.85,20261009_120902,view,rest,,,,,149.2,92.5,1,0.137,0.153,-0.016,1,36.3,0.009,0.004,59,ready,7
2026-10-09 12:10:25.348,83.05,20261009_120902,view,rest,,,,,150.0,85.9,1,0.139,0.153,-0.014,1,36.33,0.009,0.005,59,ready,7
2026-10-09 12:10:25.547,83.25,20261009_120902,view,rest,,,,,150.0,85.9,1,0.141,0.153,-0.011,1,36.36,0.028,0.01,59,ready,7
2026-10-09 12:10:25.747,83.45,20261009_120902,view,rest,,,,,161.7,72.6,1,0.143,0.153,-0.009,1,36.38,0.044,0.025,60,ready,7
2026-10-09 12:10:25.947,83.65,20261009_120902,view,rest,,,,,161.7,72.6,1,0.145,0.152,-0.007,1,36.4,0.044,0.028,61,ready,7
2026-10-09 12:10:26.150,83.85,20261009_120902,view,rest,,,,,161.7,72.6,1,0.147,0.152,-0.005,1,36.42,0.063,0.06,62,ready,7
2026-10-09 12:10:26.347,84.05,20261009_120902,view,rest,,,,,161.7,72.6,1,0.149,0.152,-0.003,1,36.43,0.12,0.165,64,ready,7
2026-10-09 12:10:26.549,84.25,20261009_120902,view,rest,,,,,161.7,72.6,1,0.148,0.152,-0.004,1,36.45,0.203,0.198,66,ready,7
2026-10-09 12:10:26.747,84.45,20261009_120902,view,rest,,,,,169.1,72.6,1,0.148,0.152,-0.004,1,36.46,0.185,0.182,68,ready,7
2026-10-09 12:10:26.952,84.65,20261009_120902,view,rest,,,,,169.1,72.6,1,0.147,0.152,-0.005,1,36.47,0.168,0.165,69,ready,7
2026-10-09 12:10:27.158,84.86,20261009_120902,view,rest,,,,,169.1,45.4,1,0.146,0.152,-0.006,1,36.48,0.152,0.149,70,ready,7
2026-10-09 12:10:27.369,85.07,20261009_120902,view,rest,,,,,169.1,45.4,1,0.146,0.152,-0.006,1,36.49,0.138,0.136,70,ready,7
2026-10-09 12:10:27.573,85.28,20261009_120902,view,rest,,,,,169.1,45.4,1,0.144,0.152,-0.008,1,36.49,0.125,0.123,71,ready,7
2026-10-09 12:10:27.778,85.48,20261009_120902,view,rest,,,,,169.1,45.4,1,0.143,0.152,-0.008,1,36.49,0.114,0.111,70,ready,7
2026-10-09 12:10:27.988,85.69,20261009_120902,view,rest,,,,,169.1,45.4,1,0.143,0.152,-0.009,1,36.5,0.105,0.101,70,ready,6
2026-10-09 12:10:28.196,85.9,20261009_120902,view,rest,,,,,169.1,45.4,1,0.144,0.152,-0.008,1,36.5,0.097,0.091,70,ready,6
2026-10-09 12:10:28.400,86.1,20261009_120902,view,rest,,,,,169.1,48.2,1,0.143,0.151,-0.009,1,36.51,0.088,0.083,70,ready,6
2026-10-09 12:10:28.615,86.32,20261009_120902,view,rest,,,,,169.1,48.2,1,0.142,0.151,-0.009,1,36.5,0.08,0.075,69,ready,6
2026-10-09 12:10:28.817,86.52,20261009_120902,view,rest,,,,,169.1,48.2,1,0.141,0.151,-0.01,1,36.47,0.073,0.068,69,ready,6
2026-10-09 12:10:30.983,88.69,20261009_120902,view,rest,,,,,167.2,48.2,1,0.14,0.149,-0.009,1,36.33,0.026,0.023,63,ready,6
2026-10-09 12:10:31.177,88.88,20261009_120902,view,rest,,,,,167.2,48.2,1,0.139,0.149,-0.009,1,36.34,0.024,0.021,63,ready,6
2026-10-09 12:10:31.383,89.08,20261009_120902,view,rest,,,,,167.2,48.3,1,0.139,0.149,-0.01,1,36.36,0.022,0.019,62,ready,6
2026-10-09 12:10:31.589,89.29,20261009_120902,view,rest,,,,,167.2,48.3,1,0.139,0.149,-0.009,1,36.38,0.02,0.017,62,ready,6
2026-10-09 12:10:31.789,89.49,20261009_120902,view,rest,,,,,170.1,48.2,1,0.139,0.148,-0.009,1,36.39,0.019,0.016,62,ready,6
2026-10-09 12:10:31.997,89.7,20261009_120902,view,rest,,,,,170.1,48.2,1,0.139,0.148,-0.009,1,36.41,0.017,0.014,62,ready,6
2026-10-09 12:10:32.198,89.9,20261009_120902,view,rest,,,,,170.1,48.2,1,0.138,0.148,-0.01,1,36.41,0.016,0.013,62,ready,6
2026-10-09 12:10:32.402,90.1,20261009_120902,view,rest,,,,,170.1,48.2,1,0.139,0.148,-0.009,1,36.42,0.015,0.012,61,ready,6
2026-10-09 12:10:32.608,90.31,20261009_120902,view,rest,,,,,170.1,48.2,1,0.14,0.148,-0.008,1,36.44,0.014,0.011,61,ready,6
2026-10-09 12:10:32.817,90.52,20261009_120902,view,rest,,,,,170.1,48.2,1,0.14,0.148,-0.008,1,36.45,0.013,0.01,61,ready,6
2026-10-09 12:10:33.022,90.72,20261009_120902,view,rest,,,,,170.1,48.2,1,0.139,0.148,-0.008,1,36.46,0.013,0.01,61,ready,6
2026-10-09 12:10:33.228,90.93,20261009_120902,view,rest,,,,,170.1,48.2,1,0.139,0.148,-0.009,1,36.47,0.012,0.009,61,ready,6
2026-10-09 12:10:33.440,91.14,20261009_120902,view,rest,,,,,,,1,0.139,0.148,-0.008,1,36.48,0.012,0.008,53,ready,6
2026-10-09 12:10:33.644,91.35,20261009_120902,view,rest,,,,,,,1,0.139,0.147,-0.009,1,36.49,0.012,0.008,46,ready,6
2026-10-09 12:10:33.849,91.55,20261009_120902,view,rest,,,,,,,1,0.138,0.147,-0.009,1,36.49,0.012,0.007,41,ready,6
2026-10-09 12:10:34.057,91.76,20261009_120902,view,rest,,,,,120.8,,1,0.138,0.147,-0.009,1,36.48,0.013,0.009,41,ready,6
2026-10-09 12:10:34.269,91.97,20261009_120902,view,rest,,,,,120.8,,1,0.138,0.147,-0.009,1,36.49,0.013,0.009,41,ready,6
2026-10-09 12:10:34.475,92.18,20261009_120902,view,rest,,,,,147.7,,1,0.133,0.147,-0.013,1,36.36,0.021,0.012,44,ready,6
2026-10-09 12:10:34.680,92.38,20261009_120902,view,rest,,,,,148.1,,1,0.127,0.147,-0.02,1,36.14,0.024,0.012,47,ready,6
2026-10-09 12:10:34.881,92.58,20261009_120902,view,rest,,,,,148.1,,1,0.122,0.146,-0.025,1,36.12,0.023,0.011,49,ready,6
2026-10-09 12:10:35.088,92.79,20261009_120902,view,rest,,,,,148.1,,1,0.128,0.146,-0.018,1,36.16,0.022,0.01,51,ready,6
2026-10-09 12:10:35.299,93.0,20261009_120902,view,rest,,,,,147.7,97.9,1,0.132,0.146,-0.014,1,36.2,0.021,0.01,53,ready,6
2026-10-09 12:10:35.502,93.2,20261009_120902,view,rest,,,,,148.6,90.4,1,0.135,0.146,-0.011,1,36.24,0.019,0.009,54,ready,6
2026-10-09 12:10:35.709,93.41,20261009_120902,view,rest,,,,,148.6,90.4,1,0.137,0.146,-0.009,1,36.27,0.018,0.009,55,ready,6
2026-10-09 12:10:35.920,93.62,20261009_120902,view,rest,,,,,154.7,82.6,1,0.137,0.145,-0.008,1,36.3,0.017,0.008,56,ready,6
2026-10-09 12:10:36.127,93.83,20261009_120902,view,rest,,,,,154.7,82.6,1,0.138,0.145,-0.007,1,36.32,0.015,0.008,57,ready,6
2026-10-09 12:10:36.332,94.03,20261009_120902,view,rest,,,,,154.7,82.6,1,0.138,0.145,-0.007,1,36.35,0.014,0.008,58,ready,6
2026-10-09 12:10:36.538,94.24,20261009_120902,view,rest,,,,,154.7,82.6,1,0.138,0.145,-0.008,1,36.37,0.013,0.008,58,ready,6
2026-10-09 12:10:36.748,94.45,20261009_120902,view,rest,,,,,154.7,82.6,1,0.138,0.145,-0.007,1,36.4,0.012,0.007,59,ready,6
2026-10-09 12:10:36.957,94.66,20261009_120902,view,rest,,,,,154.7,82.6,1,0.137,0.145,-0.008,1,36.43,0.012,0.007,60,ready,6
2026-10-09 12:10:37.168,94.87,20261009_120902,view,rest,,,,,154.7,82.6,1,0.137,0.145,-0.007,1,36.44,0.011,0.007,60,ready,6
2026-10-09 12:10:37.381,95.08,20261009_120902,view,rest,,,,,154.7,82.6,1,0.137,0.145,-0.008,1,36.46,0.012,0.007,60,ready,6
2026-10-09 12:10:37.587,95.29,20261009_120902,view,rest,,,,,,,1,0.136,0.145,-0.008,1,36.46,0.011,0.007,52,ready,6
2026-10-09 12:10:37.791,95.49,20261009_120902,view,rest,,,,,,,1,0.136,0.144,-0.008,1,36.47,0.011,0.007,46,ready,6
2026-10-09 12:10:37.998,95.7,20261009_120902,view,rest,,,,,,,1,0.135,0.144,-0.009,1,36.48,0.011,0.006,40,ready,6
2026-10-09 12:10:38.208,95.91,20261009_120902,view,rest,,,,,102.7,,1,0.135,0.144,-0.009,1,36.47,0.01,0.006,36,ready,6
2026-10-09 12:10:38.414,96.12,20261009_120902,view,rest,,,,,102.7,,1,0.135,0.144,-0.009,1,36.48,0.011,0.006,33,ready,6
2026-10-09 12:10:38.619,96.32,20261009_120902,view,rest,,,,,102.7,,1,0.134,0.144,-0.01,1,36.48,0.01,0.005,31,ready,6
2026-10-09 12:10:38.823,96.53,20261009_120902,view,rest,,,,,100.9,,1,0.127,0.144,-0.016,1,36.33,0.01,0.007,28,ready,6
2026-10-09 12:10:39.019,96.72,20261009_120902,view,rest,,,,,100.9,,1,0.117,0.143,-0.027,1,36.17,0.01,0.007,26,ready,5
2026-10-09 12:10:39.227,96.93,20261009_120902,view,rest,,,,,100.9,,1,0.122,0.143,-0.021,1,36.17,0.01,0.007,24,ready,5
2026-10-09 12:10:39.433,97.13,20261009_120902,view,rest,,,,,98.8,,1,0.126,0.143,-0.017,1,36.17,0.011,0.007,22,ready,5
2026-10-09 12:10:39.642,97.34,20261009_120902,view,rest,,,,,98.8,,1,0.127,0.143,-0.015,1,36.18,0.011,0.007,21,ready,5
2026-10-09 12:10:39.847,97.55,20261009_120902,view,rest,,,,,98.8,,1,0.129,0.143,-0.014,1,36.18,0.013,0.007,20,ready,5
2026-10-09 12:10:40.057,97.76,20261009_120902,view,rest,,,,,100.9,36.2,1,0.129,0.142,-0.013,1,36.18,0.023,0.017,20,ready,5
2026-10-09 12:10:40.261,97.96,20261009_120902,view,rest,,,,,100.9,36.2,1,0.129,0.142,-0.013,1,36.18,0.024,0.019,19,ready,5
2026-10-09 12:10:40.467,98.17,20261009_120902,view,rest,,,,,100.9,36.2,1,0.129,0.142,-0.013,1,36.18,0.025,0.018,19,ready,5
2026-10-09 12:10:40.680,98.38,20261009_120902,view,rest,,,,,96.9,42.7,1,0.127,0.142,-0.015,1,36.17,0.024,0.02,18,ready,5
2026-10-09 12:10:40.887,98.59,20261009_120902,view,rest,,,,,96.9,42.7,1,0.126,0.142,-0.015,1,36.15,0.024,0.02,18,ready,4
2026-10-09 12:10:41.098,98.8,20261009_120902,view,rest,,,,,96.9,42.7,1,0.124,0.141,-0.017,1,36.12,0.022,0.019,17,ready,4
2026-10-09 12:10:41.301,99.0,20261009_120902,view,rest,,,,,96.9,39.9,1,0.123,0.141,-0.018,1,36.09,0.021,0.018,16,ready,4
2026-10-09 12:10:41.501,99.2,20261009_120902,view,rest,,,,,96.9,39.9,1,0.124,0.141,-0.017,1,36.08,0.02,0.016,16,ready,4
2026-10-09 12:10:41.713,99.42,20261009_120902,view,rest,,,,,96.9,39.9,1,0.125,0.141,-0.016,1,36.08,0.018,0.015,16,ready,4
2026-10-09 12:10:41.925,99.63,20261009_120902,view,rest,,,,,98.4,37.2,1,0.123,0.14,-0.017,1,36.06,0.017,0.013,16,ready,4
2026-10-09 12:10:42.124,99.83,20261009_120902,view,rest,,,,,98.4,37.2,1,0.123,0.14,-0.017,1,36.04,0.016,0.012,15,ready,4
2026-10-09 12:10:42.329,100.03,20261009_120902,view,rest,,,,,98.4,37.2,1,0.124,0.14,-0.016,1,36.03,0.015,0.012,15,ready,4
2026-10-09 12:10:42.539,100.24,20261009_120902,view,rest,,,,,100.0,35.0,1,0.123,0.14,-0.017,1,36.02,0.014,0.011,15,ready,3
2026-10-09 12:10:42.743,100.45,20261009_120902,view,rest,,,,,100.0,35.0,1,0.122,0.14,-0.017,1,36.0,0.014,0.01,16,ready,3
2026-10-09 12:10:42.950,100.65,20261009_120902,view,rest,,,,,100.0,35.0,1,0.12,0.139,-0.02,1,35.97,0.013,0.01,16,ready,3
2026-10-09 12:10:43.157,100.86,20261009_120902,view,rest,,,,,100.0,33.0,1,,,,0,35.69,0.013,0.009,16,ready,3
2026-10-09 12:10:43.362,101.06,20261009_120902,view,rest,,,,,100.0,33.0,1,0.111,0.11,0.001,1,35.7,0.013,0.009,16,ready,3
2026-10-09 12:10:43.567,101.27,20261009_120902,view,rest,,,,,100.3,31.3,1,0.114,0.11,0.004,1,35.71,0.012,0.008,16,ready,3
2026-10-09 12:10:43.783,101.48,20261009_120902,view,rest,,,,,100.3,31.3,1,0.118,0.11,0.008,1,35.72,0.012,0.007,16,ready,3
2026-10-09 12:10:43.978,101.68,20261009_120902,view,rest,,,,,100.3,31.3,1,0.126,0.111,0.015,1,35.83,0.011,0.007,16,ready,3
2026-10-09 12:10:44.192,101.89,20261009_120902,view,rest,,,,,100.0,30.9,1,0.13,0.111,0.02,1,35.93,0.01,0.007,16,ready,3
2026-10-09 12:10:44.400,102.1,20261009_120902,view,rest,,,,,100.0,30.9,1,0.134,0.111,0.023,1,36.02,0.01,0.006,16,ready,3
2026-10-09 12:10:44.605,102.31,20261009_120902,view,rest,,,,,100.0,30.9,1,0.136,0.112,0.024,1,36.1,0.009,0.006,17,ready,3
2026-10-09 12:10:44.808,102.51,20261009_120902,view,rest,,,,,100.5,32.1,1,0.137,0.112,0.025,1,36.17,0.009,0.006,17,ready,4
2026-10-09 12:10:45.018,102.72,20261009_120902,view,rest,,,,,100.5,32.1,1,0.136,0.112,0.024,1,36.24,0.009,0.006,17,ready,4
2026-10-09 12:10:45.221,102.92,20261009_120902,view,rest,,,,,100.5,32.1,1,0.137,0.113,0.024,1,36.3,0.01,0.005,17,ready,4
2026-10-09 12:10:45.429,103.13,20261009_120902,view,rest,,,,,100.5,32.1,1,0.137,0.113,0.024,1,36.35,0.01,0.005,17,ready,4
2026-10-09 12:10:45.642,103.34,20261009_120902,view,rest,,,,,100.5,32.1,1,0.138,0.113,0.025,1,36.4,0.009,0.004,18,ready,4
2026-10-09 12:10:45.842,103.54,20261009_120902,view,rest,,,,,100.5,32.1,1,0.138,0.113,0.024,1,36.45,0.009,0.005,18,ready,4
2026-10-09 12:10:46.051,103.75,20261009_120902,view,rest,,,,,100.5,32.1,1,0.137,0.114,0.023,1,36.49,0.01,0.005,18,ready,5
2026-10-09 12:10:46.257,103.96,20261009_120902,view,rest,,,,,100.5,32.1,1,0.136,0.114,0.022,1,36.49,0.01,0.005,18,ready,5
2026-10-09 12:10:46.466,104.17,20261009_120902,view,rest,,,,,100.5,32.1,1,0.136,0.114,0.021,1,36.52,0.01,0.005,18,ready,5
2026-10-09 12:10:46.673,104.37,20261009_120902,view,rest,,,,,100.5,32.8,1,0.135,0.115,0.021,1,36.55,0.011,0.005,18,ready,5
2026-10-09 12:10:46.877,104.58,20261009_120902,view,rest,,,,,100.5,32.8,1,0.136,0.115,0.021,1,36.58,0.011,0.006,18,ready,5
2026-10-09 12:10:47.086,104.79,20261009_120902,view,rest,,,,,100.5,32.8,1,0.135,0.115,0.02,1,36.61,0.011,0.005,18,ready,5
2026-10-09 12:10:47.286,104.99,20261009_120902,view,rest,,,,,100.5,32.8,1,0.134,0.115,0.019,1,36.56,0.01,0.005,18,ready,5
2026-10-09 12:10:47.492,105.19,20261009_120902,view,rest,,,,,100.5,32.8,1,0.129,0.116,0.013,1,36.4,0.01,0.005,18,ready,5
2026-10-09 12:10:47.698,105.4,20261009_120902,view,rest,,,,,100.5,32.8,1,0.122,0.116,0.007,1,36.41,0.01,0.004,18,ready,5
2026-10-09 12:10:47.907,105.61,20261009_120902,view,rest,,,,,100.5,32.8,1,0.128,0.116,0.012,1,36.46,0.01,0.004,18,ready,5
2026-10-09 12:10:48.116,105.82,20261009_120902,view,rest,,,,,100.5,32.8,1,0.131,0.116,0.015,1,36.5,0.009,0.004,18,ready,5
2026-10-09 12:10:48.322,106.02,20261009_120902,view,rest,,,,,100.5,32.8,1,0.132,0.116,0.016,1,36.53,0.01,0.004,18,ready,5
2026-10-09 12:10:48.527,106.23,20261009_120902,view,rest,,,,,102.1,34.6,1,0.134,0.117,0.017,1,36.56,0.009,0.004,18,ready,5
2026-10-09 12:10:48.737,106.44,20261009_120902,view,rest,,,,,102.1,34.6,1,0.135,0.117,0.018,1,36.59,0.009,0.004,18,ready,5
2026-10-09 12:10:48.937,106.64,20261009_120902,view,rest,,,,,102.1,34.6,1,0.135,0.117,0.018,1,36.62,0.01,0.005,18,ready,5
2026-10-09 12:10:49.137,106.84,20261009_120902,view,rest,,,,,102.1,28.5,1,0.135,0.117,0.017,1,36.65,0.01,0.005,19,ready,6
2026-10-09 12:10:49.339,107.04,20261009_120902,view,rest,,,,,102.1,28.5,1,0.135,0.117,0.018,1,36.67,0.009,0.005,19,ready,6
2026-10-09 12:10:49.543,107.25,20261009_120902,view,rest,,,,,102.1,28.5,1,0.135,0.118,0.017,1,36.69,0.009,0.005,19,ready,6
2026-10-09 12:10:49.749,107.45,20261009_120902,view,rest,,,,,102.1,19.6,1,0.135,0.118,0.017,1,36.7,0.008,0.004,19,ready,6
2026-10-09 12:10:49.957,107.66,20261009_120902,view,rest,,,,,102.1,19.6,1,0.135,0.118,0.017,1,36.73,0.009,0.004,19,ready,6
2026-10-09 12:10:50.162,107.86,20261009_120902,view,rest,,,,,102.1,18.9,1,0.135,0.119,0.016,1,36.74,0.008,0.004,19,ready,6
2026-10-09 12:10:50.367,108.07,20261009_120902,view,rest,,,,,102.1,18.9,1,0.135,0.119,0.016,1,36.75,0.008,0.004,19,ready,6
2026-10-09 12:10:50.572,108.27,20261009_120902,view,rest,,,,,102.1,18.9,1,0.134,0.119,0.015,1,36.73,0.008,0.004,19,ready,6
2026-10-09 12:10:50.777,108.48,20261009_120902,view,rest,,,,,102.1,18.9,1,0.135,0.119,0.015,1,36.74,0.008,0.004,19,ready,6
2026-10-09 12:10:50.984,108.69,20261009_120902,view,rest,,,,,102.1,18.9,1,0.133,0.119,0.014,1,36.68,0.009,0.005,19,ready,6
2026-10-09 12:10:51.188,108.89,20261009_120902,view,rest,,,,,102.1,18.9,1,0.133,0.12,0.014,1,36.69,0.008,0.005,19,ready,6
2026-10-09 12:10:51.397,109.1,20261009_120902,view,rest,,,,,102.1,18.9,1,0.134,0.12,0.014,1,36.7,0.008,0.005,19,ready,6
2026-10-09 12:10:51.602,109.3,20261009_120902,view,rest,,,,,102.1,18.9,1,0.132,0.12,0.012,1,36.64,0.008,0.005,19,ready,6
2026-10-09 12:10:51.809,109.51,20261009_120902,view,rest,,,,,102.1,18.9,1,0.122,0.12,0.002,1,36.49,0.008,0.004,19,ready,6
2026-10-09 12:10:52.018,109.72,20261009_120902,view,rest,,,,,102.1,18.9,1,0.117,0.12,-0.003,1,36.45,0.007,0.004,19,ready,6
2026-10-09 12:10:52.219,109.92,20261009_120902,view,rest,,,,,,,1,0.124,0.12,0.004,1,36.49,0.008,0.004,18,ready,6
2026-10-09 12:10:52.419,110.12,20261009_120902,view,rest,,,,,,,1,0.127,0.12,0.007,1,36.52,0.008,0.004,18,ready,6
2026-10-09 12:10:52.628,110.33,20261009_120902,view,rest,,,,,105.9,,1,0.13,0.12,0.01,1,36.54,0.009,0.004,19,ready,6
2026-10-09 12:10:52.828,110.53,20261009_120902,view,rest,,,,,105.9,,1,0.131,0.12,0.011,1,36.56,0.009,0.004,19,ready,6
2026-10-09 12:10:53.033,110.73,20261009_120902,view,rest,,,,,105.9,,1,0.132,0.12,0.012,1,36.59,0.009,0.004,20,ready,6
2026-10-09 12:10:53.239,110.94,20261009_120902,view,rest,,,,,93.1,,1,0.132,0.121,0.012,1,36.61,0.009,0.004,19,ready,6
2026-10-09 12:10:53.448,111.15,20261009_120902,view,rest,,,,,93.1,,1,0.133,0.121,0.012,1,36.62,0.008,0.004,18,ready,6
2026-10-09 12:10:53.648,111.35,20261009_120902,view,rest,,,,,93.1,,1,0.133,0.121,0.012,1,36.63,0.009,0.004,17,ready,6
2026-10-09 12:10:53.858,111.56,20261009_120902,view,rest,,,,,96.2,,1,0.132,0.121,0.011,1,36.64,0.008,0.004,16,ready,6
2026-10-09 12:10:54.058,111.76,20261009_120902,view,rest,,,,,96.2,,1,0.131,0.121,0.01,1,36.64,0.008,0.004,16,ready,6
2026-10-09 12:10:54.256,111.96,20261009_120902,view,rest,,,,,96.2,,1,0.131,0.121,0.01,1,36.63,0.01,0.004,16,ready,6
2026-10-09 12:10:54.461,112.16,20261009_120902,view,rest,,,,,99.4,271.3,1,0.131,0.121,0.009,1,36.64,0.009,0.004,16,ready,6
2026-10-09 12:10:54.668,112.37,20261009_120902,view,rest,,,,,99.4,271.3,1,0.131,0.122,0.01,1,36.65,0.009,0.004,16,ready,6
2026-10-09 12:10:54.877,112.58,20261009_120902,view,rest,,,,,99.4,271.3,1,0.132,0.122,0.01,1,36.66,0.009,0.004,16,ready,6
2026-10-09 12:10:55.082,112.78,20261009_120902,view,rest,,,,,101.0,242.8,1,0.13,0.122,0.008,1,36.66,0.008,0.004,17,ready,6
2026-10-09 12:10:55.288,112.99,20261009_120902,view,rest,,,,,101.0,242.8,1,0.131,0.122,0.009,1,36.65,0.009,0.004,17,ready,6
2026-10-09 12:10:55.493,113.19,20261009_120902,view,rest,,,,,101.0,242.8,1,0.131,0.122,0.009,1,36.65,0.009,0.004,17,ready,6
2026-10-09 12:10:55.699,113.4,20261009_120902,view,rest,,,,,100.1,221.7,1,0.13,0.122,0.008,1,36.64,0.009,0.004,17,ready,6
2026-10-09 12:10:55.902,113.6,20261009_120902,view,rest,,,,,100.1,221.7,1,0.126,0.122,0.004,1,36.59,0.009,0.004,17,ready,6
2026-10-09 12:10:56.109,113.81,20261009_120902,view,rest,,,,,100.1,221.7,1,0.111,0.122,-0.011,1,36.35,0.011,0.004,17,ready,5
2026-10-09 12:10:56.312,114.01,20261009_120902,view,rest,,,,,100.6,205.2,1,0.117,0.122,-0.005,1,36.37,0.017,0.006,17,ready,5
2026-10-09 12:10:56.518,114.22,20261009_120902,view,rest,,,,,100.6,205.2,1,0.122,0.122,-0.0,1,36.39,0.022,0.008,17,ready,5
2026-10-09 12:10:56.732,114.43,20261009_120902,view,rest,,,,,100.6,205.2,1,0.123,0.122,0.001,1,36.4,0.025,0.011,17,ready,5
2026-10-09 12:10:56.932,114.63,20261009_120902,view,rest,,,,,100.6,205.2,1,0.123,0.122,0.0,1,36.4,0.023,0.011,17,ready,5
2026-10-09 12:10:57.140,114.84,20261009_120902,view,rest,,,,,100.6,205.2,1,0.123,0.122,0.001,1,36.41,0.022,0.01,17,ready,5
2026-10-09 12:10:57.347,115.05,20261009_120902,view,rest,,,,,100.6,205.2,1,0.124,0.122,0.002,1,36.42,0.02,0.01,17,ready,5
2026-10-09 12:10:57.557,115.26,20261009_120902,view,rest,,,,,100.6,205.2,1,0.122,0.122,-0.001,1,36.39,0.017,0.008,17,ready,5
2026-10-09 12:10:57.762,115.46,20261009_120902,view,rest,,,,,,,1,0.121,0.122,-0.001,1,36.4,0.017,0.01,17,ready,5
2026-10-09 12:10:57.962,115.66,20261009_120902,view,rest,,,,,,,1,0.121,0.122,-0.001,1,36.39,0.018,0.011,17,ready,5
2026-10-09 12:10:58.167,115.87,20261009_120902,view,rest,,,,,139.1,,1,0.121,0.122,-0.001,1,36.39,0.018,0.012,25,ready,5
2026-10-09 12:10:58.372,116.07,20261009_120902,view,rest,,,,,139.1,,1,0.121,0.122,-0.001,1,36.39,0.018,0.011,31,ready,4
2026-10-09 12:10:58.579,116.28,20261009_120902,view,rest,,,,,147.4,,1,0.12,0.122,-0.002,1,36.39,0.017,0.01,36,ready,4
2026-10-09 12:10:58.787,116.49,20261009_120902,view,rest,,,,,147.4,,1,0.12,0.122,-0.002,1,36.38,0.017,0.012,41,ready,4
2026-10-09 12:10:59.002,116.7,20261009_120902,view,rest,,,,,147.4,,1,0.118,0.122,-0.004,1,36.37,0.017,0.011,44,ready,4
2026-10-09 12:10:59.204,116.91,20261009_120902,view,rest,,,,,147.4,,1,0.118,0.122,-0.004,1,36.37,0.016,0.011,47,ready,4
2026-10-09 12:10:59.408,117.11,20261009_120902,view,rest,,,,,147.4,,1,0.118,0.122,-0.004,1,36.36,0.014,0.01,49,ready,4
2026-10-09 12:10:59.611,117.31,20261009_120902,view,rest,,,,,147.4,,1,0.117,0.122,-0.005,1,36.35,0.013,0.009,51,ready,4
2026-10-09 12:10:59.817,117.52,20261009_120902,view,rest,,,,,147.4,,1,0.114,0.122,-0.007,1,36.33,0.013,0.009,52,ready,4
2026-10-09 12:11:00.023,117.72,20261009_120902,view,rest,,,,,147.4,,1,0.112,0.122,-0.01,1,36.28,0.012,0.008,53,ready,4
2026-10-09 12:11:00.228,117.93,20261009_120902,view,rest,,,,,145.1,,1,0.106,0.121,-0.015,1,36.07,0.011,0.007,54,ready,4
2026-10-09 12:11:00.431,118.13,20261009_120902,view,rest,,,,,145.1,,1,0.105,0.121,-0.016,1,36.08,0.011,0.007,54,ready,4
2026-10-09 12:11:00.640,118.34,20261009_120902,view,rest,,,,,147.4,,1,0.111,0.121,-0.011,1,36.09,0.016,0.006,55,ready,3
2026-10-09 12:11:00.848,118.55,20261009_120902,view,rest,,,,,147.4,,1,0.111,0.121,-0.01,1,36.07,0.016,0.006,55,ready,3
2026-10-09 12:11:01.048,118.75,20261009_120902,view,rest,,,,,148.4,74.7,1,0.119,0.121,-0.002,1,36.14,0.017,0.007,56,ready,3
2026-10-09 12:11:01.257,118.96,20261009_120902,view,rest,,,,,148.4,74.7,1,0.125,0.121,0.004,1,36.2,0.019,0.007,57,ready,4
2026-10-09 12:11:01.466,119.17,20261009_120902,view,rest,,,,,148.4,74.7,1,0.129,0.121,0.008,1,36.26,0.018,0.007,58,ready,4
2026-10-09 12:11:01.671,119.37,20261009_120902,view,rest,,,,,148.4,74.7,1,0.131,0.121,0.01,1,36.32,0.017,0.007,59,ready,4
2026-10-09 12:11:01.881,119.58,20261009_120902,view,rest,,,,,148.4,74.7,1,0.132,0.121,0.011,1,36.37,0.016,0.006,60,ready,4
2026-10-09 12:11:02.086,119.79,20261009_120902,view,rest,,,,,148.4,74.7,1,0.132,0.121,0.011,1,36.42,0.015,0.006,60,ready,4
2026-10-09 12:11:02.286,119.99,20261009_120902,view,rest,,,,,148.4,74.7,1,0.132,0.122,0.011,1,36.46,0.014,0.005,61,ready,4
2026-10-09 12:11:02.506,120.21,20261009_120902,view,rest,,,,,148.4,74.7,1,0.132,0.122,0.011,1,36.5,0.013,0.005,61,ready,4
2026-10-09 12:11:02.713,120.41,20261009_120902,view,baseline,,,,,148.4,74.7,1,0.132,0.122,0.011,1,36.52,0.013,0.005,,baseline,4
2026-10-09 12:11:02.924,120.63,20261009_120902,view,baseline,,,,,148.4,74.7,1,0.132,0.122,0.01,1,36.54,0.012,0.004,,baseline,4
2026-10-09 12:11:03.129,120.83,20261009_120902,view,baseline,,,,,148.4,74.7,1,0.132,0.122,0.009,1,36.57,0.011,0.005,,baseline,4
2026-10-09 12:11:03.334,121.04,20261009_120902,view,baseline,,,,,148.4,74.7,1,0.131,0.122,0.009,1,36.59,0.011,0.005,,baseline,4
2026-10-09 12:11:03.541,121.24,20261009_120902,view,baseline,,,,,,,1,0.132,0.122,0.009,1,36.61,0.01,0.005,,baseline,4
2026-10-09 12:11:03.750,121.45,20261009_120902,view,baseline,,,,,,,1,0.131,0.122,0.009,1,36.64,0.011,0.005,,baseline,5
2026-10-09 12:11:03.953,121.66,20261009_120902,view,baseline,,,,,116.8,,1,0.132,0.123,0.009,1,36.65,0.01,0.004,,baseline,5
2026-10-09 12:11:04.160,121.86,20261009_120902,view,baseline,,,,,116.8,,1,0.123,0.123,0.001,1,36.58,0.01,0.005,,baseline,5
2026-10-09 12:11:04.368,122.07,20261009_120902,view,baseline,,,,,116.8,,1,0.127,0.123,0.004,1,36.6,0.011,0.005,,baseline,5
2026-10-09 12:11:04.569,122.27,20261009_120902,view,baseline,,,,,116.8,,1,0.129,0.123,0.006,1,36.62,0.011,0.005,,baseline,5
2026-10-09 12:11:04.768,122.47,20261009_120902,view,baseline,,,,,100.8,,1,0.13,0.123,0.007,1,36.64,0.01,0.005,,baseline,5
2026-10-09 12:11:04.970,122.67,20261009_120902,view,baseline,,,,,100.8,,1,0.13,0.123,0.007,1,36.63,0.012,0.005,,baseline,5
2026-10-09 12:11:05.169,122.87,20261009_120902,view,baseline,,,,,100.8,,1,0.122,0.123,-0.001,1,36.43,0.014,0.004,,baseline,5
2026-10-09 12:11:05.379,123.08,20261009_120902,view,baseline,,,,,100.8,,1,0.121,0.123,-0.002,1,36.47,0.014,0.004,,baseline,5
2026-10-09 12:11:05.584,123.29,20261009_120902,view,baseline,,,,,100.8,,1,0.125,0.123,0.002,1,36.5,0.014,0.005,,baseline,5
2026-10-09 12:11:05.784,123.49,20261009_120902,view,baseline,,,,,100.8,194.9,1,0.127,0.123,0.004,1,36.53,0.013,0.005,,baseline,5
2026-10-09 12:11:05.992,123.69,20261009_120902,view,baseline,,,,,100.8,194.9,1,0.128,0.123,0.005,1,36.56,0.013,0.005,,baseline,5
2026-10-09 12:11:06.198,123.9,20261009_120902,view,baseline,,,,,100.8,194.9,1,0.129,0.123,0.007,1,36.57,0.012,0.005,,baseline,5
2026-10-09 12:11:06.401,124.1,20261009_120902,view,baseline,,,,,98.5,174.6,1,0.128,0.123,0.005,1,36.59,0.013,0.005,,baseline,5
2026-10-09 12:11:06.607,124.31,20261009_120902,view,baseline,,,,,98.5,174.6,1,0.129,0.123,0.006,1,36.61,0.012,0.005,,baseline,5
2026-10-09 12:11:06.810,124.51,20261009_120902,view,baseline,,,,,98.5,174.6,1,0.129,0.123,0.006,1,36.63,0.013,0.005,,baseline,5
2026-10-09 12:11:07.015,124.72,20261009_120902,view,baseline,,,,,98.5,159.8,1,0.129,0.123,0.006,1,36.65,0.012,0.005,,baseline,5
2026-10-09 12:11:07.223,124.92,20261009_120902,view,baseline,,,,,98.5,159.8,1,0.13,0.123,0.006,1,36.66,0.013,0.005,,baseline,5
2026-10-09 12:11:07.424,125.13,20261009_120902,view,baseline,,,,,98.5,159.8,1,0.13,0.123,0.006,1,36.68,0.012,0.005,,baseline,5
2026-10-09 12:11:07.622,125.32,20261009_120902,view,baseline,,,,,99.6,148.1,1,0.129,0.124,0.005,1,36.69,0.012,0.005,,baseline,5
2026-10-09 12:11:07.820,125.52,20261009_120902,view,baseline,,,,,99.6,148.1,1,0.13,0.124,0.006,1,36.7,0.012,0.005,,baseline,5
2026-10-09 12:11:08.029,125.73,20261009_120902,view,baseline,,,,,99.6,148.1,1,0.131,0.124,0.007,1,36.72,0.012,0.005,,baseline,5
2026-10-09 12:11:08.224,125.93,20261009_120902,view,baseline,,,,,98.5,138.5,1,0.13,0.124,0.007,1,36.73,0.011,0.005,,baseline,5
2026-10-09 12:11:08.427,126.13,20261009_120902,view,baseline,,,,,98.5,138.5,1,0.131,0.124,0.007,1,36.75,0.011,0.005,,baseline,5
2026-10-09 12:11:08.632,126.33,20261009_120902,view,baseline,,,,,98.5,138.5,1,0.131,0.124,0.007,1,36.76,0.01,0.004,,baseline,5
2026-10-09 12:11:08.840,126.54,20261009_120902,view,baseline,,,,,99.6,131.0,1,0.131,0.124,0.007,1,36.77,0.01,0.004,,baseline,5
2026-10-09 12:11:09.045,126.75,20261009_120902,view,baseline,,,,,99.6,131.0,1,0.131,0.124,0.007,1,36.78,0.009,0.004,,baseline,5
2026-10-09 12:11:09.252,126.95,20261009_120902,view,baseline,,,,,99.6,131.0,1,0.124,0.124,-0.0,1,36.67,0.009,0.004,,baseline,5
2026-10-09 12:11:09.461,127.16,20261009_120902,view,baseline,,,,,99.6,131.0,1,0.114,0.124,-0.01,1,36.58,0.009,0.005,,baseline,5
2026-10-09 12:11:09.671,127.37,20261009_120902,view,baseline,,,,,99.6,131.0,1,0.12,0.124,-0.004,1,36.59,0.008,0.004,,baseline,5
2026-10-09 12:11:09.878,127.58,20261009_120902,view,baseline,,,,,99.6,131.0,1,0.124,0.124,-0.0,1,36.62,0.008,0.004,,baseline,5
2026-10-09 12:11:10.085,127.79,20261009_120902,view,baseline,,,,,,,1,0.127,0.124,0.003,1,36.65,0.008,0.004,,baseline,5
2026-10-09 12:11:10.291,127.99,20261009_120902,view,baseline,,,,,,,1,0.129,0.124,0.005,1,36.67,0.008,0.004,,baseline,5
2026-10-09 12:11:10.491,128.19,20261009_120902,view,baseline,,,,,,,1,0.13,0.124,0.006,1,36.69,0.009,0.004,,baseline,5
2026-10-09 12:11:10.700,128.4,20261009_120902,view,baseline,,,,,122.2,,1,0.125,0.124,0.001,1,36.64,0.008,0.004,,baseline,5
2026-10-09 12:11:10.908,128.61,20261009_120902,view,baseline,,,,,122.2,,1,0.126,0.124,0.002,1,36.67,0.008,0.004,,baseline,5
2026-10-09 12:11:11.114,128.82,20261009_120902,view,baseline,,,,,129.1,,1,0.128,0.124,0.004,1,36.69,0.009,0.004,,baseline,5
2026-10-09 12:11:11.321,129.02,20261009_120902,view,baseline,,,,,129.1,,1,0.129,0.124,0.005,1,36.72,0.009,0.004,,baseline,5
2026-10-09 12:11:11.530,129.23,20261009_120902,view,baseline,,,,,143.8,,1,0.13,0.124,0.006,1,36.73,0.009,0.004,,baseline,5
2026-10-09 12:11:11.729,129.43,20261009_120902,view,baseline,,,,,143.8,,1,0.131,0.124,0.006,1,36.75,0.009,0.005,,baseline,5
2026-10-09 12:11:11.934,129.64,20261009_120902,view,baseline,,,,,162.2,152.3,1,0.131,0.125,0.006,1,36.77,0.009,0.006,,baseline,6
2026-10-09 12:11:12.134,129.84,20261009_120902,view,baseline,,,,,162.2,152.3,1,0.131,0.125,0.007,1,36.78,0.011,0.006,,baseline,6
2026-10-09 12:11:12.343,130.05,20261009_120902,view,baseline,,,,,162.2,152.3,1,0.131,0.125,0.007,1,36.79,0.01,0.005,,baseline,6
2026-10-09 12:11:12.551,130.25,20261009_120902,view,baseline,,,,,162.2,152.3,1,0.131,0.125,0.007,1,36.8,0.01,0.005,,baseline,6
2026-10-09 12:11:12.759,130.46,20261009_120902,view,baseline,,,,,162.2,152.3,1,0.132,0.125,0.007,1,36.81,0.009,0.005,,baseline,6
2026-10-09 12:11:12.968,130.67,20261009_120902,view,baseline,,,,,162.2,152.3,1,0.131,0.125,0.006,1,36.83,0.009,0.005,,baseline,6
2026-10-09 12:11:13.171,130.87,20261009_120902,view,baseline,,,,,162.2,152.3,1,0.13,0.125,0.005,1,36.83,0.009,0.004,,baseline,6
2026-10-09 12:11:13.378,131.08,20261009_120902,view,baseline,,,,,162.2,152.3,1,0.129,0.125,0.004,1,36.81,0.01,0.004,,baseline,6
2026-10-09 12:11:13.580,131.28,20261009_120902,view,baseline,,,,,,,1,0.121,0.125,-0.004,1,36.68,0.01,0.004,,baseline,6
2026-10-09 12:11:13.789,131.49,20261009_120902,view,baseline,,,,,,,1,0.125,0.125,-0.0,1,36.7,0.01,0.004,,baseline,6
2026-10-09 12:11:13.997,131.7,20261009_120902,view,baseline,,,,,,,1,0.127,0.125,0.002,1,36.72,0.009,0.004,,baseline,6
2026-10-09 12:11:14.199,131.9,20261009_120902,view,baseline,,,,,106.8,,1,0.129,0.125,0.004,1,36.74,0.01,0.004,,baseline,6
2026-10-09 12:11:14.404,132.11,20261009_120902,view,baseline,,,,,106.8,,1,0.13,0.125,0.005,1,36.76,0.01,0.004,,baseline,6
2026-10-09 12:11:14.608,132.31,20261009_120902,view,baseline,,,,,106.8,,1,0.13,0.125,0.005,1,36.78,0.01,0.004,,baseline,6
2026-10-09 12:11:14.814,132.52,20261009_120902,view,baseline,,,,,105.6,,1,0.13,0.125,0.004,1,36.79,0.01,0.004,,baseline,6
2026-10-09 12:11:15.018,132.72,20261009_120902,view,baseline,,,,,105.6,,1,0.127,0.125,0.002,1,36.8,0.01,0.005,,baseline,6
2026-10-09 12:11:15.224,132.93,20261009_120902,view,baseline,,,,,105.6,,1,0.127,0.125,0.002,1,36.8,0.011,0.005,,baseline,6
2026-10-09 12:11:15.428,133.13,20261009_120902,view,baseline,,,,,103.3,,1,0.129,0.125,0.003,1,36.81,0.012,0.006,,baseline,6
2026-10-09 12:11:15.633,133.34,20261009_120902,view,baseline,,,,,103.3,,1,0.127,0.125,0.001,1,36.82,0.011,0.005,,baseline,6
2026-10-09 12:11:15.838,133.54,20261009_120902,view,baseline,,,,,103.3,,1,0.126,0.125,0.001,1,36.82,0.012,0.006,,baseline,6
2026-10-09 12:11:16.044,133.75,20261009_120902,view,baseline,,,,,101.1,41.9,1,0.128,0.126,0.002,1,36.84,0.011,0.006,,baseline,6
2026-10-09 12:11:16.253,133.96,20261009_120902,view,baseline,,,,,101.1,41.9,1,0.129,0.126,0.003,1,36.85,0.011,0.006,,baseline,6
2026-10-09 12:11:16.462,134.16,20261009_120902,view,baseline,,,,,101.1,41.9,1,0.13,0.126,0.004,1,36.86,0.011,0.005,,baseline,6
2026-10-09 12:11:16.669,134.37,20261009_120902,view,baseline,,,,,101.1,39.3,1,0.13,0.126,0.004,1,36.86,0.01,0.005,,baseline,6
2026-10-09 12:11:16.874,134.58,20261009_120902,view,baseline,,,,,101.1,39.3,1,0.129,0.126,0.003,1,36.85,0.01,0.005,,baseline,6
2026-10-09 12:11:17.080,134.78,20261009_120902,view,baseline,,,,,101.1,39.3,1,0.129,0.126,0.003,1,36.86,0.01,0.004,,baseline,6
2026-10-09 12:11:17.289,134.99,20261009_120902,view,baseline,,,,,101.1,35.9,1,0.128,0.126,0.002,1,36.87,0.009,0.004,,baseline,6
2026-10-09 12:11:17.493,135.2,20261009_120902,view,baseline,,,,,101.1,35.9,1,0.129,0.126,0.003,1,36.88,0.009,0.004,,baseline,6
2026-10-09 12:11:17.699,135.4,20261009_120902,view,baseline,,,,,101.1,35.9,1,0.13,0.126,0.004,1,36.89,0.009,0.004,,baseline,6
2026-10-09 12:11:17.904,135.61,20261009_120902,view,baseline,,,,,103.3,33.3,1,0.121,0.126,-0.005,1,36.69,0.009,0.005,,baseline,6
2026-10-09 12:11:18.109,135.81,20261009_120902,view,baseline,,,,,103.3,33.3,1,0.115,0.126,-0.01,1,36.63,0.009,0.005,,baseline,6
2026-10-09 12:11:18.318,136.02,20261009_120902,view,baseline,,,,,103.3,33.3,1,0.121,0.126,-0.004,1,36.67,0.009,0.005,,baseline,6
2026-10-09 12:11:18.523,136.23,20261009_120902,view,baseline,,,,,103.3,34.4,1,0.125,0.126,-0.0,1,36.71,0.009,0.005,,baseline,6
2026-10-09 12:11:18.734,136.44,20261009_120902,view,baseline,,,,,103.3,34.4,1,0.128,0.126,0.002,1,36.75,0.012,0.005,,baseline,6
2026-10-09 12:11:18.938,136.64,20261009_120902,view,baseline,,,,,103.3,34.4,1,0.129,0.126,0.003,1,36.79,0.02,0.006,,baseline,6
2026-10-09 12:11:19.144,136.85,20261009_120902,view,baseline,,,,,103.9,35.0,1,0.13,0.126,0.004,1,36.82,0.022,0.009,,baseline,6
2026-10-09 12:11:21.187,138.89,20261009_120902,view,baseline,,,,,104.1,34.9,1,0.129,0.126,0.003,1,36.98,0.162,0.132,,baseline,7
2026-10-09 12:11:21.380,139.08,20261009_120902,view,baseline,,,,,107.8,58.2,1,0.127,0.126,0.0,1,36.97,0.175,0.123,,baseline,7
2026-10-09 12:11:21.586,139.29,20261009_120902,view,baseline,,,,,107.8,58.2,1,0.125,0.126,-0.002,1,36.97,0.176,0.126,,baseline,7
2026-10-09 12:11:21.791,139.49,20261009_120902,view,baseline,,,,,107.8,58.2,1,0.126,0.126,-0.0,1,36.99,0.192,0.126,,baseline,7
2026-10-09 12:11:22.000,139.7,20261009_120902,view,baseline,,,,,107.8,58.2,1,0.129,0.126,0.002,1,37.0,0.163,0.107,,baseline,7
2026-10-09 12:11:22.213,139.92,20261009_120902,view,baseline,,,,,110.3,56.2,1,0.129,0.126,0.002,1,37.02,0.147,0.097,,baseline,7
2026-10-09 12:11:22.409,140.11,20261009_120902,view,baseline,,,,,110.3,56.2,1,0.128,0.126,0.001,1,37.02,0.134,0.088,,baseline,7
2026-10-09 12:11:22.614,140.32,20261009_120902,view,baseline,,,,,110.3,56.2,1,0.128,0.126,0.002,1,37.03,0.122,0.08,,baseline,7
2026-10-09 12:11:22.821,140.52,20261009_120902,view,baseline,,,,,110.3,61.7,1,0.127,0.126,0.001,1,37.03,0.11,0.072,,baseline,7
2026-10-09 12:11:23.029,140.73,20261009_120902,view,baseline,,,,,110.3,61.7,1,0.127,0.126,0.001,1,37.03,0.101,0.065,,baseline,7
2026-10-09 12:11:23.234,140.94,20261009_120902,view,baseline,,,,,110.3,61.7,1,0.126,0.126,-0.0,1,37.03,0.091,0.059,,baseline,7
2026-10-09 12:11:23.441,141.14,20261009_120902,view,baseline,,,,,107.8,61.8,1,0.113,0.126,-0.013,1,36.8,0.083,0.054,,baseline,7
2026-10-09 12:11:23.649,141.35,20261009_120902,view,baseline,,,,,107.8,61.8,1,0.116,0.126,-0.01,1,36.84,0.075,0.049,,baseline,7
2026-10-09 12:11:23.854,141.56,20261009_120902,view,baseline,,,,,107.8,61.8,1,0.121,0.126,-0.005,1,36.87,0.068,0.044,,baseline,7
2026-10-09 12:11:24.061,141.76,20261009_120902,view,baseline,,,,,101.5,61.4,1,0.123,0.126,-0.003,1,36.89,0.062,0.04,,baseline,7
2026-10-09 12:11:24.274,141.98,20261009_120902,view,baseline,,,,,101.5,61.4,1,0.124,0.126,-0.002,1,36.91,0.056,0.036,,baseline,7
2026-10-09 12:11:24.479,142.18,20261009_120902,view,baseline,,,,,101.5,61.4,1,0.126,0.126,-0.0,1,36.92,0.052,0.033,,baseline,7
2026-10-09 12:11:24.684,142.39,20261009_120902,view,baseline,,,,,101.5,61.5,1,0.127,0.126,0.001,1,36.94,0.047,0.03,,baseline,7
2026-10-09 12:11:24.892,142.59,20261009_120902,view,baseline,,,,,101.5,61.5,1,0.127,0.126,0.001,1,36.95,0.042,0.027,,baseline,7
2026-10-09 12:11:25.095,142.8,20261009_120902,view,baseline,,,,,101.5,61.5,1,0.125,0.126,-0.0,1,36.95,0.039,0.025,,baseline,7
2026-10-09 12:11:25.302,143.0,20261009_120902,view,baseline,,,,,100.1,61.8,1,0.122,0.126,-0.004,1,36.89,0.036,0.023,,baseline,7
2026-10-09 12:11:25.505,143.21,20261009_120902,view,baseline,,,,,100.1,61.8,1,0.124,0.126,-0.002,1,36.91,0.032,0.021,,baseline,7
2026-10-09 12:11:25.711,143.41,20261009_120902,view,baseline,,,,,100.1,61.8,1,0.124,0.126,-0.002,1,36.91,0.03,0.019,,baseline,7
2026-10-09 12:11:25.920,143.62,20261009_120902,view,baseline,,,,,101.5,60.5,1,0.121,0.126,-0.004,1,36.89,0.028,0.017,,baseline,7
2026-10-09 12:11:26.123,143.82,20261009_120902,view,baseline,,,,,101.5,60.5,1,0.123,0.126,-0.002,1,36.9,0.027,0.016,,baseline,7
2026-10-09 12:11:26.333,144.03,20261009_120902,view,baseline,,,,,101.5,60.5,1,0.124,0.126,-0.001,1,36.93,0.025,0.015,,baseline,7
2026-10-09 12:11:26.539,144.24,20261009_120902,view,baseline,,,,,101.5,60.5,1,0.124,0.126,-0.002,1,36.95,0.023,0.013,,baseline,7
2026-10-09 12:11:26.741,144.44,20261009_120902,view,baseline,,,,,101.5,60.5,1,0.123,0.126,-0.002,1,36.97,0.021,0.012,,baseline,7
2026-10-09 12:11:26.950,144.65,20261009_120902,view,baseline,,,,,101.5,60.5,1,0.124,0.126,-0.002,1,36.99,0.02,0.011,,baseline,8
2026-10-09 12:11:27.158,144.86,20261009_120902,view,baseline,,,,,101.5,60.5,1,0.124,0.126,-0.002,1,37.0,0.018,0.01,,baseline,8
2026-10-09 12:11:27.366,145.07,20261009_120902,view,baseline,,,,,101.5,60.5,1,0.124,0.126,-0.001,1,37.01,0.016,0.009,,baseline,8
2026-10-09 12:11:27.571,145.27,20261009_120902,view,baseline,,,,,101.5,60.5,1,0.124,0.126,-0.001,1,37.03,0.016,0.009,,baseline,8
2026-10-09 12:11:27.771,145.47,20261009_120902,view,baseline,,,,,101.5,62.6,1,0.117,0.125,-0.008,1,36.86,0.015,0.008,,baseline,8
2026-10-09 12:11:27.981,145.68,20261009_120902,view,baseline,,,,,101.5,62.6,1,0.11,0.125,-0.015,1,36.83,0.014,0.008,,baseline,7
2026-10-09 12:11:28.188,145.89,20261009_120902,view,baseline,,,,,101.5,62.6,1,0.117,0.125,-0.008,1,36.86,0.013,0.007,,baseline,7
2026-10-09 12:11:28.392,146.09,20261009_120902,view,baseline,,,,,100.8,61.6,1,0.12,0.125,-0.005,1,36.89,0.013,0.007,,baseline,7
2026-10-09 12:11:28.600,146.3,20261009_120902,view,baseline,,,,,100.8,61.6,1,0.124,0.125,-0.001,1,36.94,0.011,0.007,,baseline,7
2026-10-09 12:11:28.811,146.51,20261009_120902,view,baseline,,,,,100.8,58.1,1,0.124,0.125,-0.001,1,36.96,0.011,0.006,,baseline,7
2026-10-09 12:11:29.011,146.71,20261009_120902,view,baseline,,,,,100.8,58.1,1,0.124,0.125,-0.001,1,36.98,0.011,0.006,,baseline,8
2026-10-09 12:11:29.211,146.91,20261009_120902,view,baseline,,,,,102.1,30.7,1,0.122,0.125,-0.003,1,36.99,0.011,0.005,,baseline,8
2026-10-09 12:11:29.415,147.12,20261009_120902,view,baseline,,,,,102.1,30.7,1,0.123,0.125,-0.002,1,37.0,0.011,0.005,,baseline,8
2026-10-09 12:11:29.611,147.31,20261009_120902,view,baseline,,,,,102.1,30.7,1,0.123,0.125,-0.002,1,37.01,0.01,0.006,,baseline,8
2026-10-09 12:11:29.820,147.52,20261009_120902,view,baseline,,,,,100.8,29.5,1,0.123,0.125,-0.002,1,37.02,0.01,0.005,,baseline,8
2026-10-09 12:11:30.021,147.72,20261009_120902,view,baseline,,,,,100.8,29.5,1,0.124,0.125,-0.001,1,37.03,0.011,0.005,,baseline,8
2026-10-09 12:11:30.211,147.91,20261009_120902,view,baseline,,,,,100.8,29.5,1,0.125,0.125,-0.0,1,37.04,0.01,0.005,,baseline,8
2026-10-09 12:11:30.416,148.12,20261009_120902,view,baseline,,,,,101.5,13.2,1,0.124,0.125,-0.001,1,37.05,0.01,0.005,,baseline,8
2026-10-09 12:11:30.621,148.32,20261009_120902,view,baseline,,,,,101.5,13.2,1,0.125,0.125,-0.0,1,37.06,0.014,0.005,,baseline,8
2026-10-09 12:11:30.830,148.53,20261009_120902,view,baseline,,,,,101.5,13.2,1,0.123,0.125,-0.001,1,37.06,0.014,0.005,,baseline,8
2026-10-09 12:11:31.035,148.74,20261009_120902,view,baseline,,,,,102.1,13.0,1,0.124,0.125,-0.001,1,37.08,0.013,0.005,,baseline,8
2026-10-09 12:11:31.243,148.95,20261009_120902,view,baseline,,,,,102.1,13.0,1,0.123,0.125,-0.002,1,37.08,0.012,0.005,,baseline,8
2026-10-09 12:11:31.451,149.15,20261009_120902,view,baseline,,,,,102.1,13.0,1,0.123,0.125,-0.002,1,37.09,0.013,0.005,,baseline,8
2026-10-09 12:11:31.655,149.36,20261009_120902,view,baseline,,,,,102.1,13.0,1,0.121,0.125,-0.003,1,37.09,0.012,0.005,,baseline,8
2026-10-09 12:11:31.861,149.56,20261009_120902,view,baseline,,,,,102.1,13.0,1,0.118,0.125,-0.006,1,37.03,0.012,0.005,,baseline,8
2026-10-09 12:11:32.070,149.77,20261009_120902,view,baseline,,,,,102.2,12.6,1,0.106,0.124,-0.018,1,36.88,0.011,0.005,,baseline,7
2026-10-09 12:11:32.277,149.98,20261009_120902,view,baseline,,,,,102.2,12.6,1,0.111,0.124,-0.014,1,36.91,0.011,0.005,,baseline,7
2026-10-09 12:11:32.482,150.18,20261009_120902,view,rest,,,,,102.2,12.6,1,0.113,0.124,-0.011,1,36.93,0.01,0.004,19,ready,7
2026-10-09 12:11:32.691,150.39,20261009_120902,view,rest,,,,,102.2,12.6,1,0.114,0.124,-0.01,1,36.95,0.013,0.005,19,ready,7
2026-10-09 12:11:32.900,150.6,20261009_120902,view,rest,,,,,103.7,12.8,1,0.117,0.124,-0.007,1,36.97,0.012,0.006,19,ready,8
2026-10-09 12:11:33.104,150.81,20261009_120902,view,rest,,,,,103.7,12.8,1,0.118,0.124,-0.006,1,36.98,0.012,0.006,19,ready,8
2026-10-09 12:11:33.312,151.01,20261009_120902,view,rest,,,,,103.7,12.8,1,0.12,0.124,-0.003,1,37.0,0.011,0.006,19,ready,8
2026-10-09 12:11:33.519,151.22,20261009_120902,view,rest,,,,,103.7,13.4,1,0.12,0.124,-0.004,1,37.02,0.011,0.006,20,ready,8
2026-10-09 12:11:33.735,151.44,20261009_120902,view,rest,,,,,103.7,13.4,1,0.119,0.124,-0.004,1,37.03,0.011,0.005,20,ready,8
2026-10-09 12:11:33.930,151.63,20261009_120902,view,rest,,,,,104.9,67.5,1,0.118,0.124,-0.005,1,37.03,0.01,0.005,20,ready,8
2026-10-09 12:11:34.149,151.85,20261009_120902,view,rest,,,,,104.9,67.5,1,0.118,0.124,-0.006,1,37.04,0.009,0.005,20,ready,8
2026-10-09 12:11:34.341,152.04,20261009_120902,view,rest,,,,,139.9,63.6,1,0.119,0.123,-0.004,1,37.05,0.009,0.005,22,ready,8
2026-10-09 12:11:34.541,152.24,20261009_120902,view,rest,,,,,139.9,63.6,1,0.121,0.123,-0.002,1,37.07,0.01,0.006,23,ready,8
2026-10-09 12:11:34.741,152.44,20261009_120902,view,rest,,,,,146.4,64.2,1,0.122,0.123,-0.001,1,37.08,0.01,0.005,25,ready,8
2026-10-09 12:11:34.940,152.64,20261009_120902,view,rest,,,,,146.4,64.2,1,0.123,0.123,-0.001,1,37.09,0.01,0.005,26,ready,8
2026-10-09 12:11:35.141,152.84,20261009_120902,view,rest,,,,,146.4,64.2,1,0.123,0.123,-0.001,1,37.1,0.009,0.005,27,ready,8
2026-10-09 12:11:35.341,153.04,20261009_120902,view,rest,,,,,146.4,64.2,1,0.123,0.123,-0.0,1,37.1,0.009,0.005,28,ready,8
2026-10-09 12:11:35.541,153.24,20261009_120902,view,rest,,,,,146.4,64.2,1,0.122,0.123,-0.001,1,37.11,0.009,0.005,29,ready,8
2026-10-09 12:11:35.741,153.44,20261009_120902,view,rest,,,,,147.5,68.1,1,0.12,0.123,-0.004,1,37.12,0.009,0.004,29,ready,8
2026-10-09 12:11:35.945,153.65,20261009_120902,view,rest,,,,,147.5,68.1,1,0.122,0.123,-0.002,1,37.13,0.009,0.005,30,ready,8
2026-10-09 12:11:36.153,153.85,20261009_120902,view,rest,,,,,147.5,68.1,1,0.12,0.123,-0.003,1,37.12,0.009,0.005,30,ready,8
2026-10-09 12:11:36.355,154.06,20261009_120902,view,rest,,,,,147.5,68.1,1,0.106,0.123,-0.017,1,36.9,0.01,0.004,30,ready,8
2026-10-09 12:11:36.572,154.27,20261009_120902,view,rest,,,,,147.5,68.1,1,0.104,0.123,-0.019,1,36.84,0.011,0.004,30,ready,8
2026-10-09 12:11:36.768,154.47,20261009_120902,view,question,1,600,manual,lie,147.5,68.1,1,0.111,0.123,-0.012,1,36.87,0.01,0.004,30,question,8
2026-10-09 12:11:36.965,154.67,20261009_120902,view,question,1,600,manual,lie,147.5,68.1,1,0.114,0.123,-0.009,1,36.89,0.01,0.004,30,question,8
2026-10-09 12:11:37.177,154.88,20261009_120902,view,question,1,600,manual,lie,147.5,68.1,1,0.116,0.122,-0.006,1,36.92,0.01,0.003,30,question,8
2026-10-09 12:11:37.382,155.08,20261009_120902,view,question,1,600,manual,lie,147.5,68.1,1,0.117,0.122,-0.005,1,36.94,0.009,0.003,30,question,8
2026-10-09 12:11:37.585,155.29,20261009_120902,view,question,1,600,manual,lie,157.2,72.8,1,0.118,0.122,-0.004,1,36.97,0.009,0.003,31,question,8
2026-10-09 12:11:37.793,155.5,20261009_120902,view,question,1,600,manual,lie,157.2,72.8,1,0.119,0.122,-0.003,1,36.99,0.009,0.003,32,question,8
2026-10-09 12:11:38.003,155.7,20261009_120902,view,question,1,600,manual,lie,157.2,84.6,1,0.118,0.122,-0.004,1,36.98,0.009,0.003,33,question,8
2026-10-09 12:11:38.210,155.91,20261009_120902,view,question,1,600,manual,lie,165.5,97.3,1,0.119,0.122,-0.003,1,36.99,0.01,0.003,33,question,8
2026-10-09 12:11:38.414,156.12,20261009_120902,view,question,1,600,manual,lie,165.5,97.3,1,0.12,0.122,-0.003,1,37.01,0.01,0.003,34,question,8
2026-10-09 12:11:38.620,156.32,20261009_120902,view,question,1,600,manual,lie,165.5,97.3,1,0.122,0.122,0.0,1,37.03,0.01,0.003,35,question,8
2026-10-09 12:11:38.830,156.53,20261009_120902,view,question,1,600,manual,lie,165.5,97.3,1,0.121,0.122,-0.001,1,37.04,0.011,0.003,35,question,8
2026-10-09 12:11:39.034,156.74,20261009_120902,view,question,1,600,manual,lie,165.5,97.3,1,0.122,0.122,-0.0,1,37.06,0.011,0.003,36,question,8
2026-10-09 12:11:39.242,156.94,20261009_120902,view,question,1,600,manual,lie,165.5,105.0,1,0.122,0.122,-0.0,1,37.07,0.011,0.003,36,question,8
2026-10-09 12:11:39.444,157.15,20261009_120902,view,question,1,600,manual,lie,165.5,105.0,1,0.121,0.122,-0.001,1,37.09,0.01,0.003,37,question,8
2026-10-09 12:11:39.650,157.35,20261009_120902,view,question,1,600,manual,lie,163.1,98.1,1,0.119,0.122,-0.003,1,37.1,0.01,0.004,37,question,8
2026-10-09 12:11:39.865,157.57,20261009_120902,view,question,1,600,manual,lie,163.1,98.1,1,0.118,0.122,-0.004,1,37.11,0.009,0.004,37,question,8
2026-10-09 12:11:40.061,157.76,20261009_120902,view,question,1,600,manual,lie,154.4,92.0,1,0.118,0.122,-0.004,1,37.12,0.009,0.004,36,question,8
2026-10-09 12:11:40.261,157.96,20261009_120902,view,question,1,600,manual,lie,154.4,92.0,1,0.119,0.122,-0.002,1,37.13,0.01,0.003,36,question,8
2026-10-09 12:11:40.460,158.16,20261009_120902,view,question,1,600,manual,lie,154.4,92.0,1,0.114,0.122,-0.008,1,37.0,0.01,0.003,35,question,8
2026-10-09 12:11:40.668,158.37,20261009_120902,view,question,1,600,manual,lie,154.4,92.0,1,0.108,0.122,-0.014,1,36.89,0.011,0.004,34,question,8
2026-10-09 12:11:40.872,158.57,20261009_120902,view,question,1,600,manual,lie,154.4,92.0,1,0.113,0.121,-0.008,1,36.92,0.011,0.005,34,question,8
2026-10-09 12:11:41.080,158.78,20261009_120902,view,question,1,600,manual,lie,154.4,92.0,1,0.115,0.121,-0.006,1,36.95,0.012,0.005,34,question,8
2026-10-09 12:11:41.286,158.99,20261009_120902,view,question,1,600,manual,lie,154.4,92.0,1,0.115,0.121,-0.006,1,36.97,0.014,0.005,34,question,8
2026-10-09 12:11:41.491,159.19,20261009_120902,view,question,1,600,manual,lie,154.4,92.0,1,0.116,0.121,-0.005,1,36.99,0.014,0.004,34,question,8
2026-10-09 12:11:41.700,159.4,20261009_120902,view,question,1,600,manual,lie,,,1,0.116,0.121,-0.006,1,37.01,0.013,0.004,31,question,8
2026-10-09 12:11:41.910,159.61,20261009_120902,view,question,1,600,manual,lie,,,1,0.117,0.121,-0.004,1,37.03,0.013,0.004,29,question,8
2026-10-09 12:11:42.119,159.82,20261009_120902,view,question,1,600,manual,lie,,,1,0.116,0.121,-0.005,1,37.04,0.012,0.005,27,question,8
2026-10-09 12:11:42.325,160.03,20261009_120902,view,question,1,600,manual,lie,,,1,0.116,0.121,-0.005,1,37.06,0.012,0.005,26,question,8
2026-10-09 12:11:42.530,160.23,20261009_120902,view,question,1,600,manual,lie,102.6,,1,0.117,0.121,-0.004,1,37.07,0.012,0.004,25,question,8
2026-10-09 12:11:42.738,160.44,20261009_120902,view,question,1,600,manual,lie,102.6,,1,0.117,0.121,-0.004,1,37.08,0.011,0.004,24,question,8
2026-10-09 12:11:42.942,160.64,20261009_120902,view,question,1,600,manual,lie,102.6,,1,0.116,0.121,-0.005,1,37.08,0.011,0.005,23,question,8
2026-10-09 12:11:43.155,160.86,20261009_120902,view,question,1,600,manual,lie,99.7,,1,0.115,0.121,-0.006,1,37.09,0.011,0.005,22,question,8
2026-10-09 12:11:43.359,161.06,20261009_120902,view,question,1,600,manual,lie,99.7,,1,0.116,0.121,-0.004,1,37.09,0.01,0.005,22,question,8
2026-10-09 12:11:43.564,161.27,20261009_120902,view,question,1,600,manual,lie,99.7,,1,0.116,0.121,-0.005,1,37.11,0.01,0.005,21,question,8
2026-10-09 12:11:43.770,161.47,20261009_120902,view,question,1,600,manual,lie,101.6,,1,0.116,0.121,-0.004,1,37.12,0.01,0.005,21,question,8
2026-10-09 12:11:43.980,161.68,20261009_120902,view,question,1,600,manual,lie,101.6,,1,0.116,0.12,-0.005,1,37.12,0.01,0.005,20,question,8
2026-10-09 12:11:44.182,161.88,20261009_120902,view,question,1,600,manual,lie,101.5,33.8,1,0.116,0.12,-0.004,1,37.13,0.01,0.004,20,question,8
2026-10-09 12:11:44.384,162.09,20261009_120902,view,question,1,600,manual,lie,101.5,33.8,1,0.117,0.12,-0.004,1,37.14,0.01,0.005,20,question,8
2026-10-09 12:11:44.581,162.28,20261009_120902,view,question,1,600,manual,lie,101.5,33.8,1,0.115,0.12,-0.005,1,37.13,0.011,0.005,20,question,8
2026-10-09 12:11:44.783,162.49,20261009_120902,view,question,1,600,manual,lie,101.5,31.1,1,0.113,0.12,-0.008,1,37.08,0.011,0.004,20,question,8
2026-10-09 12:11:44.991,162.69,20261009_120902,view,question,1,600,manual,lie,101.5,31.1,1,0.101,0.12,-0.019,1,36.93,0.012,0.004,19,question,8
2026-10-09 12:11:45.203,162.9,20261009_120902,view,question,1,600,manual,lie,101.5,30.0,1,0.113,0.12,-0.007,1,36.98,0.011,0.005,19,question,8
2026-10-09 12:11:45.400,163.1,20261009_120902,view,question,1,600,manual,lie,101.5,30.0,1,0.116,0.12,-0.004,1,37.0,0.011,0.004,19,question,8
2026-10-09 12:11:45.612,163.31,20261009_120902,view,question,1,600,manual,lie,101.5,30.0,1,0.117,0.12,-0.002,1,37.02,0.011,0.004,19,question,8
2026-10-09 12:11:45.820,163.52,20261009_120902,view,question,1,600,manual,lie,101.5,27.8,1,0.117,0.12,-0.003,1,37.04,0.01,0.004,19,question,8
2026-10-09 12:11:46.025,163.73,20261009_120902,view,question,1,600,manual,lie,101.5,27.8,1,0.117,0.12,-0.002,1,37.05,0.01,0.004,19,question,8
2026-10-09 12:11:46.230,163.93,20261009_120902,view,question,1,600,manual,lie,101.5,27.8,1,0.117,0.12,-0.002,1,37.07,0.01,0.004,19,question,8
2026-10-09 12:11:46.439,164.14,20261009_120902,view,question,1,600,manual,lie,101.5,54.8,1,0.115,0.119,-0.004,1,37.08,0.01,0.004,19,question,8
2026-10-09 12:11:46.645,164.35,20261009_120902,view,question,1,600,manual,lie,101.5,54.8,1,0.116,0.119,-0.004,1,37.09,0.01,0.004,19,question,8
2026-10-09 12:11:46.851,164.55,20261009_120902,view,question,1,600,manual,lie,101.5,54.8,1,0.116,0.119,-0.003,1,37.11,0.01,0.005,19,question,8
2026-10-09 12:11:47.050,164.75,20261009_120902,view,question,1,600,manual,lie,101.5,54.8,1,0.115,0.119,-0.005,1,37.09,0.01,0.005,19,question,8
2026-10-09 12:11:47.256,164.96,20261009_120902,view,question,1,600,manual,lie,101.5,54.8,1,0.109,0.119,-0.01,1,37.0,0.01,0.005,19,question,8
2026-10-09 12:11:47.461,165.16,20261009_120902,view,question,1,600,manual,lie,101.5,54.8,1,0.111,0.119,-0.008,1,37.02,0.011,0.004,19,question,8
2026-10-09 12:11:47.670,165.37,20261009_120902,view,question,1,600,manual,lie,102.6,54.8,1,0.112,0.119,-0.007,1,37.04,0.01,0.004,19,question,8
2026-10-09 12:11:47.875,165.58,20261009_120902,view,question,1,600,manual,lie,102.6,54.8,1,0.114,0.119,-0.005,1,37.06,0.01,0.005,19,question,8
2026-10-09 12:11:48.083,165.78,20261009_120902,view,question,1,600,manual,lie,102.6,54.8,1,0.115,0.119,-0.004,1,37.07,0.011,0.004,19,question,8
2026-10-09 12:11:48.291,165.99,20261009_120902,view,question,1,600,manual,lie,102.6,51.7,1,0.115,0.119,-0.004,1,37.09,0.01,0.004,19,question,8
2026-10-09 12:11:48.492,166.19,20261009_120902,view,recovery,1,600,manual,lie,102.6,51.7,1,0.116,0.119,-0.003,1,37.1,0.01,0.004,19,ready,8
2026-10-09 12:11:48.691,166.39,20261009_120902,view,recovery,1,600,manual,lie,102.8,64.3,1,0.115,0.119,-0.004,1,37.09,0.009,0.004,19,ready,8
2026-10-09 12:11:48.901,166.6,20261009_120902,view,recovery,1,600,manual,lie,102.8,64.3,1,0.115,0.119,-0.003,1,37.11,0.009,0.004,19,ready,8
2026-10-09 12:11:49.101,166.8,20261009_120902,view,recovery,1,600,manual,lie,102.8,64.3,1,0.116,0.119,-0.002,1,37.12,0.01,0.004,19,ready,8
2026-10-09 12:11:49.303,167.01,20261009_120902,view,recovery,1,600,manual,lie,126.4,61.8,1,0.115,0.119,-0.003,1,37.13,0.009,0.005,20,ready,8
2026-10-09 12:11:49.507,167.21,20261009_120902,view,recovery,1,600,manual,lie,126.4,61.8,1,0.114,0.119,-0.005,1,37.14,0.009,0.005,21,ready,8
2026-10-09 12:11:49.714,167.42,20261009_120902,view,recovery,1,600,manual,lie,126.4,61.8,1,0.114,0.118,-0.005,1,37.15,0.008,0.005,22,ready,8
2026-10-09 12:11:49.917,167.62,20261009_120902,view,recovery,1,600,manual,lie,102.8,73.7,1,0.114,0.118,-0.004,1,37.15,0.008,0.004,21,ready,8
2026-10-09 12:11:50.122,167.82,20261009_120902,view,recovery,1,600,manual,lie,102.8,73.7,1,0.114,0.118,-0.004,1,37.16,0.008,0.004,21,ready,8
2026-10-09 12:11:50.331,168.03,20261009_120902,view,recovery,1,600,manual,lie,102.8,73.7,1,0.105,0.118,-0.013,1,36.99,0.008,0.004,20,ready,8
2026-10-09 12:11:50.536,168.24,20261009_120902,view,recovery,1,600,manual,lie,102.8,73.7,1,0.098,0.118,-0.02,1,36.87,0.009,0.005,20,ready,7
2026-10-09 12:11:50.741,168.44,20261009_120902,view,recovery,1,600,manual,lie,126.4,77.4,1,0.106,0.118,-0.012,1,36.9,0.009,0.004,20,ready,8
2026-10-09 12:11:50.951,168.65,20261009_120902,view,recovery,1,600,manual,lie,126.4,77.4,1,0.11,0.118,-0.008,1,36.94,0.011,0.005,21,ready,8
2026-10-09 12:11:51.154,168.86,20261009_120902,view,recovery,1,600,manual,lie,128.1,84.9,1,0.112,0.118,-0.005,1,36.96,0.011,0.005,22,ready,8
2026-10-09 12:11:51.361,169.06,20261009_120902,view,recovery,1,600,manual,lie,128.1,84.9,1,0.115,0.118,-0.003,1,36.99,0.011,0.005,22,ready,8
2026-10-09 12:11:51.566,169.27,20261009_120902,view,recovery,1,600,manual,lie,128.1,84.9,1,0.115,0.118,-0.002,1,37.02,0.01,0.005,23,ready,8
2026-10-09 12:11:51.771,169.47,20261009_120902,view,recovery,1,600,manual,lie,126.4,114.4,1,0.115,0.117,-0.002,1,37.04,0.01,0.005,23,ready,8
2026-10-09 12:11:51.976,169.68,20261009_120902,view,recovery,1,600,manual,lie,126.4,114.4,1,0.116,0.117,-0.002,1,37.06,0.01,0.004,24,ready,8
2026-10-09 12:11:52.182,169.88,20261009_120902,view,recovery,1,600,manual,lie,126.4,114.4,1,0.115,0.117,-0.003,1,37.07,0.01,0.005,24,ready,8
2026-10-09 12:11:52.382,170.08,20261009_120902,view,rest,,,,,101.9,114.1,1,0.114,0.117,-0.004,1,37.09,0.009,0.005,23,ready,8
2026-10-09 12:11:52.582,170.28,20261009_120902,view,rest,,,,,101.9,114.1,1,0.114,0.117,-0.004,1,37.09,0.009,0.005,22,ready,8
2026-10-09 12:11:52.785,170.49,20261009_120902,view,rest,,,,,101.9,114.1,1,0.113,0.117,-0.005,1,37.1,0.01,0.005,22,ready,8
2026-10-09 12:11:52.990,170.69,20261009_120902,view,rest,,,,,101.9,114.3,1,0.113,0.117,-0.005,1,37.11,0.011,0.004,21,ready,8
2026-10-09 12:11:53.195,170.9,20261009_120902,view,rest,,,,,101.9,114.3,1,0.113,0.117,-0.004,1,37.12,0.01,0.004,21,ready,8
2026-10-09 12:11:53.402,171.1,20261009_120902,view,rest,,,,,101.9,114.3,1,0.112,0.117,-0.005,1,37.11,0.01,0.005,20,ready,8
2026-10-09 12:11:53.604,171.31,20261009_120902,view,rest,,,,,101.9,105.4,1,0.113,0.117,-0.004,1,37.12,0.01,0.005,20,ready,8
2026-10-09 12:11:53.810,171.51,20261009_120902,view,recovery,2,601,manual,truth,101.9,105.4,1,0.11,0.117,-0.007,1,37.11,0.011,0.005,20,ready,8
2026-10-09 12:11:54.018,171.72,20261009_120902,view,question,2,601,manual,truth,101.9,109.3,1,0.11,0.117,-0.007,1,37.09,0.011,0.004,19,question,8
2026-10-09 12:11:54.221,171.92,20261009_120902,view,question,2,601,manual,truth,101.9,109.3,1,0.111,0.117,-0.006,1,37.07,0.011,0.005,19,question,8
2026-10-09 12:11:54.431,172.13,20261009_120902,view,question,2,601,manual,truth,101.9,109.3,1,0.112,0.117,-0.005,1,37.08,0.011,0.006,19,question,8
2026-10-09 12:11:54.636,172.34,20261009_120902,view,question,2,601,manual,truth,101.9,109.3,1,0.099,0.116,-0.017,1,36.84,0.012,0.006,19,question,8
2026-10-09 12:11:54.842,172.54,20261009_120902,view,question,2,601,manual,truth,101.9,109.3,1,0.103,0.116,-0.013,1,36.87,0.012,0.005,18,question,7
2026-10-09 12:11:55.042,172.74,20261009_120902,view,question,2,601,manual,truth,103.6,115.2,1,0.107,0.116,-0.009,1,36.91,0.012,0.005,18,question,7
2026-10-09 12:11:55.242,172.94,20261009_120902,view,question,2,601,manual,truth,103.6,115.2,1,0.109,0.116,-0.007,1,36.94,0.012,0.005,18,question,7
2026-10-09 12:11:55.445,173.15,20261009_120902,view,question,2,601,manual,truth,103.6,115.2,1,0.11,0.116,-0.006,1,36.96,0.014,0.005,19,question,8
2026-10-09 12:11:55.642,173.34,20261009_120902,view,question,2,601,manual,truth,103.6,115.2,1,0.11,0.116,-0.005,1,36.99,0.019,0.011,19,question,8
2026-10-09 12:11:55.843,173.55,20261009_120902,view,question,2,601,manual,truth,103.6,115.2,1,0.113,0.116,-0.003,1,37.01,0.021,0.012,19,question,8
2026-10-09 12:11:56.042,173.74,20261009_120902,view,question,2,601,manual,truth,103.6,115.2,1,0.113,0.116,-0.003,1,37.03,0.021,0.013,19,question,8
2026-10-09 12:11:56.242,173.94,20261009_120902,view,question,2,601,manual,truth,103.6,115.2,1,0.112,0.116,-0.004,1,37.05,0.02,0.012,19,question,8
2026-10-09 12:11:56.444,174.15,20261009_120902,view,question,2,601,manual,truth,103.6,115.2,1,0.114,0.116,-0.001,1,37.07,0.02,0.012,19,question,8
2026-10-09 12:11:56.650,174.35,20261009_120902,view,question,2,601,manual,truth,103.6,115.2,1,0.117,0.116,0.001,1,37.08,0.019,0.012,19,question,8
2026-10-09 12:11:56.854,174.56,20261009_120902,view,question,2,601,manual,truth,103.6,115.2,1,0.118,0.116,0.002,1,37.1,0.018,0.011,19,question,8
2026-10-09 12:11:57.063,174.76,20261009_120902,view,question,2,601,manual,truth,,,1,0.119,0.116,0.003,1,37.11,0.02,0.01,20,question,8
2026-10-09 12:11:57.272,174.97,20261009_120902,view,question,2,601,manual,truth,,,1,0.119,0.116,0.003,1,37.12,0.019,0.009,20,question,8
2026-10-09 12:11:57.473,175.17,20261009_120902,view,question,2,601,manual,truth,,,1,0.119,0.116,0.003,1,37.13,0.018,0.009,20,question,8
2026-10-09 12:11:57.681,175.38,20261009_120902,view,question,2,601,manual,truth,,,1,0.12,0.116,0.004,1,37.14,0.018,0.01,20,question,8
2026-10-09 12:11:57.889,175.59,20261009_120902,view,question,2,601,manual,truth,,,1,0.119,0.116,0.003,1,37.15,0.018,0.011,20,question,8
2026-10-09 12:11:58.093,175.79,20261009_120902,view,question,2,601,manual,truth,69.8,,1,0.119,0.116,0.002,1,37.13,0.019,0.011,19,question,8
2026-10-09 12:11:58.302,176.0,20261009_120902,view,question,2,601,manual,truth,69.8,,1,0.119,0.116,0.003,1,37.14,0.018,0.01,18,question,8
2026-10-09 12:11:58.507,176.21,20261009_120902,view,question,2,601,manual,truth,69.8,,1,0.117,0.116,0.001,1,37.14,0.017,0.01,17,question,8
2026-10-09 12:11:58.712,176.41,20261009_120902,view,question,2,601,manual,truth,69.8,,1,0.118,0.116,0.002,1,37.15,0.015,0.009,17,question,8
2026-10-09 12:11:58.917,176.62,20261009_120902,view,question,2,601,manual,truth,70.9,,1,0.113,0.116,-0.003,1,36.98,0.016,0.008,16,question,8
2026-10-09 12:11:59.123,176.82,20261009_120902,view,question,2,601,manual,truth,70.9,,1,0.107,0.116,-0.009,1,36.92,0.018,0.008,15,question,8
2026-10-09 12:11:59.331,177.03,20261009_120902,view,question,2,601,manual,truth,70.9,,1,0.112,0.116,-0.004,1,36.95,0.016,0.008,15,question,8
2026-10-09 12:11:59.542,177.24,20261009_120902,view,question,2,601,manual,truth,70.9,,1,0.116,0.116,0.0,1,36.98,0.017,0.007,15,question,8
2026-10-09 12:11:59.748,177.45,20261009_120902,view,question,2,601,manual,truth,70.9,,1,0.118,0.116,0.002,1,37.0,0.017,0.008,14,question,8
2026-10-09 12:11:59.952,177.65,20261009_120902,view,question,2,601,manual,truth,68.4,,1,0.119,0.116,0.003,1,37.03,0.023,0.008,14,question,8
2026-10-09 12:12:00.154,177.86,20261009_120902,view,question,2,601,manual,truth,68.4,,1,0.121,0.116,0.005,1,37.05,0.021,0.008,14,question,8
2026-10-09 12:12:00.361,178.06,20261009_120902,view,question,2,601,manual,truth,68.4,,1,0.121,0.116,0.004,1,37.07,0.02,0.008,14,question,8
2026-10-09 12:12:00.566,178.27,20261009_120902,view,question,2,601,manual,truth,68.4,,1,0.122,0.116,0.006,1,37.08,0.021,0.008,14,question,8
2026-10-09 12:12:00.773,178.47,20261009_120902,view,question,2,601,manual,truth,70.9,88.8,1,0.122,0.116,0.005,1,37.1,0.02,0.007,14,question,8
2026-10-09 12:12:00.981,178.68,20261009_120902,view,question,2,601,manual,truth,70.9,88.8,1,0.122,0.116,0.006,1,37.11,0.019,0.007,14,question,8
2026-10-09 12:12:01.186,178.89,20261009_120902,view,question,2,601,manual,truth,70.9,88.8,1,0.123,0.116,0.006,1,37.13,0.018,0.007,14,question,8
2026-10-09 12:12:01.392,179.09,20261009_120902,view,question,2,601,manual,truth,70.9,88.8,1,0.122,0.116,0.006,1,37.14,0.017,0.006,14,question,8
2026-10-09 12:12:01.601,179.3,20261009_120902,view,question,2,601,manual,truth,70.9,88.8,1,0.123,0.117,0.006,1,37.15,0.015,0.007,14,question,8
2026-10-09 12:12:01.806,179.51,20261009_120902,view,question,2,601,manual,truth,66.0,96.0,1,0.123,0.117,0.006,1,37.16,0.015,0.007,14,question,8
2026-10-09 12:12:02.017,179.72,20261009_120902,view,question,2,601,manual,truth,66.0,96.0,1,0.122,0.117,0.005,1,37.17,0.015,0.006,14,question,8
2026-10-09 12:12:02.225,179.93,20261009_120902,view,question,2,601,manual,truth,66.0,96.0,1,0.118,0.117,0.001,1,37.08,0.014,0.006,14,question,8
2026-10-09 12:12:02.431,180.13,20261009_120902,view,question,2,601,manual,truth,66.0,96.0,1,0.12,0.117,0.004,1,37.11,0.013,0.006,13,question,8
2026-10-09 12:12:02.642,180.34,20261009_120902,view,question,2,601,manual,truth,66.0,96.0,1,0.121,0.117,0.004,1,37.12,0.013,0.006,13,question,8
2026-10-09 12:12:02.844,180.55,20261009_120902,view,question,2,601,manual,truth,66.0,96.0,1,0.121,0.117,0.005,1,37.13,0.013,0.006,13,question,8
2026-10-09 12:12:03.061,180.76,20261009_120902,view,question,2,601,manual,truth,66.0,96.0,1,0.118,0.117,0.001,1,37.08,0.014,0.006,13,question,8
2026-10-09 12:12:03.273,180.98,20261009_120902,view,question,2,601,manual,truth,66.0,96.0,1,0.108,0.117,-0.009,1,36.92,0.013,0.006,13,question,8
2026-10-09 12:12:03.472,181.17,20261009_120902,view,question,2,601,manual,truth,,,1,0.113,0.117,-0.004,1,36.95,0.013,0.006,14,question,8
2026-10-09 12:12:03.685,181.39,20261009_120902,view,question,2,601,manual,truth,,,1,0.117,0.117,0.0,1,36.98,0.012,0.005,15,question,8
2026-10-09 12:12:03.878,181.58,20261009_120902,view,question,2,601,manual,truth,103.4,,1,0.118,0.117,0.002,1,37.01,0.012,0.005,16,question,8
2026-10-09 12:12:04.082,181.78,20261009_120902,view,question,2,601,manual,truth,103.4,,1,0.119,0.117,0.002,1,37.03,0.012,0.005,17,question,8
2026-10-09 12:12:04.294,182.0,20261009_120902,view,question,2,601,manual,truth,103.4,,1,0.12,0.117,0.003,1,37.05,0.011,0.005,17,question,8
2026-10-09 12:12:04.499,182.2,20261009_120902,view,question,2,601,manual,truth,103.2,,1,0.12,0.117,0.003,1,37.07,0.011,0.004,18,question,8
2026-10-09 12:12:04.703,182.41,20261009_120902,view,question,2,601,manual,truth,103.2,,1,0.119,0.117,0.002,1,37.09,0.011,0.005,18,question,8
2026-10-09 12:12:04.911,182.61,20261009_120902,view,question,2,601,manual,truth,103.2,,1,0.12,0.117,0.003,1,37.1,0.011,0.005,19,question,8
2026-10-09 12:12:05.117,182.82,20261009_120902,view,question,2,601,manual,truth,103.4,,1,0.12,0.117,0.003,1,37.11,0.01,0.005,19,question,8
2026-10-09 12:12:05.323,183.03,20261009_120902,view,question,2,601,manual,truth,103.4,,1,0.12,0.117,0.003,1,37.13,0.01,0.004,19,question,8
2026-10-09 12:12:05.534,183.24,20261009_120902,view,question,2,601,manual,truth,103.4,,1,0.119,0.117,0.002,1,37.13,0.01,0.004,19,question,8
2026-10-09 12:12:05.734,183.44,20261009_120902,view,recovery,2,601,manual,truth,103.2,12.9,1,0.12,0.117,0.003,1,37.14,0.011,0.004,19,ready,8
2026-10-09 12:12:05.942,183.64,20261009_120902,view,recovery,2,601,manual,truth,103.2,12.9,1,0.117,0.117,-0.0,1,37.13,0.01,0.005,19,ready,8
2026-10-09 12:12:06.148,183.85,20261009_120902,view,recovery,2,601,manual,truth,103.2,67.2,1,0.116,0.117,-0.001,1,37.14,0.011,0.005,19,ready,8
2026-10-09 12:12:06.353,184.06,20261009_120902,view,recovery,2,601,manual,truth,103.2,67.2,1,0.117,0.117,0.0,1,37.15,0.011,0.005,20,ready,8
2026-10-09 12:12:06.565,184.27,20261009_120902,view,recovery,2,601,manual,truth,103.2,67.2,1,0.117,0.117,0.0,1,37.15,0.01,0.004,20,ready,8
2026-10-09 12:12:06.773,184.48,20261009_120902,view,recovery,2,601,manual,truth,103.0,82.4,1,0.115,0.117,-0.002,1,37.15,0.01,0.004,19,ready,8
2026-10-09 12:12:06.973,184.68,20261009_120902,view,recovery,2,601,manual,truth,103.0,82.4,1,0.117,0.117,-0.0,1,37.16,0.01,0.004,20,ready,8
2026-10-09 12:12:07.171,184.87,20261009_120902,view,recovery,2,601,manual,truth,103.0,82.4,1,0.117,0.117,-0.0,1,37.17,0.011,0.004,20,ready,8
2026-10-09 12:12:07.373,185.08,20261009_120902,view,rest,,,,,103.0,76.4,1,0.116,0.117,-0.001,1,37.17,0.011,0.004,20,ready,8
2026-10-09 12:12:07.578,185.28,20261009_120902,view,rest,,,,,103.0,76.4,1,0.116,0.117,-0.001,1,37.17,0.011,0.005,20,ready,8
2026-10-09 12:12:07.786,185.49,20261009_120902,view,rest,,,,,103.0,76.4,1,0.117,0.117,0.0,1,37.18,0.01,0.006,20,ready,8
2026-10-09 12:12:07.985,185.69,20261009_120902,view,rest,,,,,103.0,71.6,1,0.117,0.117,-0.0,1,37.18,0.01,0.005,20,ready,8
2026-10-09 12:12:08.192,185.89,20261009_120902,view,rest,,,,,103.0,71.6,1,0.116,0.117,-0.001,1,37.19,0.011,0.005,20,ready,8
2026-10-09 12:12:08.400,186.1,20261009_120902,view,rest,,,,,103.0,71.6,1,0.116,0.117,-0.001,1,37.19,0.012,0.005,20,ready,8
2026-10-09 12:12:08.604,186.31,20261009_120902,view,rest,,,,,103.0,68.6,1,0.115,0.117,-0.002,1,37.19,0.025,0.012,20,ready,8
2026-10-09 12:12:08.806,186.51,20261009_120902,view,rest,,,,,103.0,68.6,1,0.113,0.117,-0.004,1,37.1,0.026,0.011,20,ready,8
2026-10-09 12:12:09.015,186.72,20261009_120902,view,rest,,,,,103.0,68.6,1,0.102,0.117,-0.015,1,36.94,0.025,0.011,19,ready,7
2026-10-09 12:12:09.214,186.92,20261009_120902,view,rest,,,,,103.0,66.3,1,0.107,0.117,-0.01,1,36.97,0.03,0.012,19,ready,7
2026-10-09 12:12:15.422,193.12,20261009_120902,view,question,3,602,manual,lie,129.5,64.0,1,0.137,0.12,0.016,1,37.22,0.202,0.238,40,question,8
2026-10-09 12:12:15.621,193.32,20261009_120902,view,question,3,602,manual,lie,129.5,64.0,1,0.134,0.121,0.014,1,37.15,0.183,0.215,39,question,8
2026-10-09 12:12:15.825,193.53,20261009_120902,view,question,3,602,manual,lie,129.5,64.0,1,0.135,0.121,0.014,1,37.16,0.166,0.195,39,question,8
2026-10-09 12:12:16.033,193.74,20261009_120902,view,question,3,602,manual,lie,129.5,64.0,1,0.136,0.121,0.015,1,37.17,0.15,0.176,38,question,8
2026-10-09 12:12:16.235,193.94,20261009_120902,view,question,3,602,manual,lie,132.4,68.3,1,0.136,0.121,0.015,1,37.18,0.136,0.16,37,question,8
2026-10-09 12:12:16.440,194.14,20261009_120902,view,question,3,602,manual,lie,132.4,68.3,1,0.136,0.121,0.015,1,37.19,0.123,0.144,37,question,8
2026-10-09 12:12:16.647,194.35,20261009_120902,view,question,3,602,manual,lie,132.4,81.8,1,0.136,0.122,0.015,1,37.19,0.112,0.131,37,question,8
2026-10-09 12:12:16.875,194.58,20261009_120902,view,question,3,602,manual,lie,132.4,81.8,1,0.137,0.122,0.015,1,37.2,0.101,0.118,36,question,8
2026-10-09 12:12:17.062,194.76,20261009_120902,view,question,3,602,manual,lie,136.9,89.8,1,0.136,0.122,0.014,1,37.19,0.092,0.107,36,question,8
2026-10-09 12:12:17.269,194.97,20261009_120902,view,question,3,602,manual,lie,136.9,89.8,1,0.137,0.122,0.015,1,37.2,0.083,0.097,36,question,8
2026-10-09 12:12:17.475,195.18,20261009_120902,view,question,3,602,manual,lie,136.9,90.7,1,0.136,0.122,0.013,1,37.19,0.075,0.088,36,question,8
2026-10-09 12:12:17.692,195.39,20261009_120902,view,question,3,602,manual,lie,136.9,90.7,1,0.137,0.123,0.015,1,37.2,0.068,0.079,35,question,8
2026-10-09 12:12:17.901,195.6,20261009_120902,view,question,3,602,manual,lie,136.9,90.7,1,0.138,0.123,0.015,1,37.2,0.062,0.072,35,question,8
2026-10-09 12:12:18.102,195.8,20261009_120902,view,question,3,602,manual,lie,136.9,90.7,1,0.137,0.123,0.014,1,37.16,0.057,0.065,35,question,8
2026-10-09 12:12:18.310,196.01,20261009_120902,view,question,3,602,manual,lie,136.9,90.7,1,0.134,0.123,0.01,1,37.02,0.054,0.059,35,question,8
2026-10-09 12:12:18.519,196.22,20261009_120902,view,question,3,602,manual,lie,136.9,90.7,1,0.127,0.123,0.004,1,36.98,0.051,0.054,34,question,7
2026-10-09 12:12:18.715,196.42,20261009_120902,view,question,3,602,manual,lie,136.9,90.7,1,0.132,0.123,0.009,1,37.01,0.047,0.049,34,question,7
2026-10-09 12:12:18.929,196.63,20261009_120902,view,question,3,602,manual,lie,136.9,90.7,1,0.136,0.123,0.013,1,37.03,0.043,0.044,34,question,7
2026-10-09 12:12:19.134,196.84,20261009_120902,view,question,3,602,manual,lie,136.9,86.7,1,0.138,0.124,0.014,1,37.05,0.04,0.04,34,question,7
2026-10-09 12:12:19.338,197.04,20261009_120902,view,question,3,602,manual,lie,136.9,86.7,1,0.14,0.124,0.016,1,37.08,0.037,0.036,34,question,7
2026-10-09 12:12:19.545,197.25,20261009_120902,view,question,3,602,manual,lie,136.9,86.7,1,0.141,0.124,0.017,1,37.1,0.034,0.033,34,question,7
2026-10-09 12:12:19.749,197.45,20261009_120902,view,question,3,602,manual,lie,136.9,86.7,1,0.142,0.124,0.018,1,37.12,0.031,0.03,34,question,7
2026-10-09 12:12:19.965,197.67,20261009_120902,view,question,3,602,manual,lie,136.9,86.7,1,0.142,0.124,0.018,1,37.13,0.03,0.027,34,question,7
2026-10-09 12:12:20.168,197.87,20261009_120902,view,question,3,602,manual,lie,136.9,86.7,1,0.142,0.125,0.017,1,37.14,0.027,0.025,34,question,7
2026-10-09 12:12:20.369,198.07,20261009_120902,view,question,3,602,manual,lie,155.4,94.9,1,0.141,0.125,0.016,1,37.15,0.025,0.023,35,question,7
2026-10-09 12:12:20.578,198.28,20261009_120902,view,question,3,602,manual,lie,155.4,94.9,1,0.142,0.125,0.017,1,37.17,0.024,0.021,36,question,7
2026-10-09 12:12:20.785,198.49,20261009_120902,view,question,3,602,manual,lie,155.4,94.9,1,0.142,0.126,0.016,1,37.17,0.022,0.017,37,question,7
2026-10-09 12:12:20.989,198.69,20261009_120902,view,question,3,602,manual,lie,155.4,94.9,1,0.143,0.126,0.017,1,37.17,0.02,0.015,38,question,7
2026-10-09 12:12:21.196,198.9,20261009_120902,view,question,3,602,manual,lie,155.4,94.9,1,0.143,0.126,0.016,1,37.18,0.019,0.014,38,question,7
2026-10-09 12:12:21.400,199.1,20261009_120902,view,question,3,602,manual,lie,155.4,94.9,1,0.141,0.126,0.015,1,37.18,0.019,0.013,38,question,7
2026-10-09 12:12:21.605,199.31,20261009_120902,view,question,3,602,manual,lie,136.9,84.6,1,0.142,0.126,0.015,1,37.19,0.018,0.013,37,question,7
2026-10-09 12:12:21.815,199.52,20261009_120902,view,question,3,602,manual,lie,155.4,99.1,1,0.143,0.127,0.016,1,37.2,0.017,0.011,38,question,7
2026-10-09 12:12:22.019,199.72,20261009_120902,view,question,3,602,manual,lie,155.4,99.1,1,0.144,0.127,0.017,1,37.21,0.017,0.011,38,question,7
2026-10-09 12:12:22.225,199.93,20261009_120902,view,question,3,602,manual,lie,155.4,99.1,1,0.145,0.127,0.018,1,37.22,0.018,0.01,39,question,7
2026-10-09 12:12:22.435,200.14,20261009_120902,view,question,3,602,manual,lie,155.4,99.1,1,0.145,0.127,0.018,1,37.19,0.017,0.009,39,question,7
2026-10-09 12:12:22.639,200.34,20261009_120902,view,question,3,602,manual,lie,155.4,99.1,1,0.131,0.127,0.003,1,37.04,0.016,0.009,38,question,7
2026-10-09 12:12:22.847,200.55,20261009_120902,view,question,3,602,manual,lie,155.4,99.1,1,0.137,0.128,0.009,1,37.06,0.015,0.008,38,question,7
2026-10-09 12:12:23.055,200.76,20261009_120902,view,question,3,602,manual,lie,155.4,99.1,1,0.141,0.128,0.013,1,37.09,0.016,0.008,39,question,7
2026-10-09 12:12:23.260,200.96,20261009_120902,view,question,3,602,manual,lie,155.4,99.1,1,0.143,0.128,0.015,1,37.12,0.016,0.008,39,question,7
2026-10-09 12:12:23.478,201.18,20261009_120902,view,question,3,602,manual,lie,155.4,99.1,1,0.144,0.128,0.016,1,37.13,0.016,0.008,39,question,7
2026-10-09 12:12:23.677,201.38,20261009_120902,view,question,3,602,manual,lie,,,1,0.144,0.128,0.016,1,37.11,0.019,0.007,37,question,7
2026-10-09 12:12:23.884,201.59,20261009_120902,view,question,3,602,manual,lie,,,1,0.145,0.129,0.016,1,37.12,0.019,0.007,35,question,7
2026-10-09 12:12:24.091,201.79,20261009_120902,view,question,3,602,manual,lie,,,1,0.146,0.129,0.017,1,37.13,0.02,0.007,34,question,7
2026-10-09 12:12:24.297,202.0,20261009_120902,view,question,3,602,manual,lie,107.4,,1,0.146,0.129,0.017,1,37.16,0.019,0.008,32,question,7
2026-10-09 12:12:24.504,202.21,20261009_120902,view,question,3,602,manual,lie,107.4,,1,0.146,0.129,0.017,1,37.18,0.019,0.008,31,question,7
2026-10-09 12:12:24.709,202.41,20261009_120902,view,question,3,602,manual,lie,107.4,,1,0.147,0.129,0.018,1,37.2,0.019,0.008,30,question,7
2026-10-09 12:12:24.919,202.62,20261009_120902,view,question,3,602,manual,lie,107.5,,1,0.147,0.13,0.017,1,37.21,0.019,0.007,29,question,8
2026-10-09 12:12:25.126,202.83,20261009_120902,view,question,3,602,manual,lie,107.5,,1,0.147,0.13,0.017,1,37.23,0.025,0.009,29,question,8
2026-10-09 12:12:25.333,203.04,20261009_120902,view,question,3,602,manual,lie,107.5,,1,0.148,0.13,0.018,1,37.24,0.025,0.008,28,question,8
2026-10-09 12:12:25.538,203.24,20261009_120902,view,question,3,602,manual,lie,107.5,,1,0.148,0.13,0.017,1,37.25,0.024,0.008,28,question,8
2026-10-09 12:12:25.745,203.45,20261009_120902,view,question,3,602,manual,lie,114.0,,1,0.148,0.131,0.017,1,37.26,0.023,0.008,28,question,8
2026-10-09 12:12:25.960,203.66,20261009_120902,view,question,3,602,manual,lie,114.0,,1,0.148,0.131,0.017,1,37.26,0.022,0.008,28,question,8
2026-10-09 12:12:26.162,203.86,20261009_120902,view,question,3,602,manual,lie,121.3,,1,0.147,0.131,0.016,1,37.26,0.021,0.008,28,question,8
2026-10-09 12:12:26.370,204.07,20261009_120902,view,question,3,602,manual,lie,121.3,,1,0.147,0.131,0.016,1,37.27,0.02,0.008,29,question,8
2026-10-09 12:12:26.575,204.28,20261009_120902,view,question,3,602,manual,lie,121.3,,1,0.147,0.132,0.016,1,37.27,0.019,0.008,29,question,8
2026-10-09 12:12:26.821,204.52,20261009_120902,view,question,3,602,manual,lie,121.3,,1,0.139,0.132,0.007,1,37.04,0.017,0.007,29,question,7
2026-10-09 12:12:26.991,204.69,20261009_120902,view,recovery,3,602,manual,lie,121.3,,1,0.136,0.132,0.004,1,37.07,0.017,0.007,29,ready,7
2026-10-09 12:12:27.195,204.9,20261009_120902,view,recovery,3,602,manual,lie,121.3,,1,0.136,0.132,0.004,1,37.07,0.017,0.007,29,ready,7
2026-10-09 12:12:27.398,205.1,20261009_120902,view,recovery,3,602,manual,lie,121.3,,1,0.139,0.132,0.007,1,37.09,0.016,0.007,29,ready,7
2026-10-09 12:12:27.607,205.31,20261009_120902,view,recovery,3,602,manual,lie,121.3,,1,0.142,0.132,0.01,1,37.1,0.015,0.006,29,ready,7
2026-10-09 12:12:27.816,205.52,20261009_120902,view,recovery,3,602,manual,lie,121.3,,1,0.144,0.132,0.012,1,37.14,0.014,0.006,29,ready,7
2026-10-09 12:12:28.021,205.72,20261009_120902,view,recovery,3,602,manual,lie,121.3,,1,0.142,0.133,0.01,1,37.09,0.013,0.006,29,ready,7
2026-10-09 12:12:28.226,205.93,20261009_120902,view,recovery,3,602,manual,lie,121.3,,1,0.132,0.133,-0.001,1,36.94,0.013,0.006,28,ready,7
2026-10-09 12:12:28.451,206.15,20261009_120902,view,rest,,,,,121.3,,1,0.137,0.133,0.005,1,36.97,0.014,0.006,28,ready,7
2026-10-09 12:12:28.640,206.34,20261009_120902,view,rest,,,,,121.3,,1,0.141,0.133,0.008,1,37.0,0.014,0.005,28,ready,7
2026-10-09 12:12:28.852,206.55,20261009_120902,view,rest,,,,,121.3,,1,0.143,0.133,0.01,1,37.04,0.014,0.005,28,ready,7
2026-10-09 12:12:29.056,206.76,20261009_120902,view,rest,,,,,121.3,,1,0.144,0.133,0.011,1,37.07,0.015,0.006,29,ready,7
2026-10-09 12:12:29.261,206.96,20261009_120902,view,rest,,,,,121.3,,1,0.145,0.133,0.012,1,37.1,0.015,0.005,29,ready,7
2026-10-09 12:12:29.481,207.18,20261009_120902,view,rest,,,,,121.3,,1,0.146,0.133,0.012,1,37.13,0.014,0.005,29,ready,7
2026-10-09 12:12:29.672,207.37,20261009_120902,view,rest,,,,,121.3,,1,0.146,0.133,0.013,1,37.15,0.013,0.005,29,ready,7
2026-10-09 12:12:29.879,207.58,20261009_120902,view,rest,,,,,121.3,,1,0.146,0.134,0.013,1,37.17,0.013,0.005,29,ready,7
2026-10-09 12:12:30.086,207.79,20261009_120902,view,rest,,,,,121.3,,1,0.146,0.134,0.012,1,37.2,0.013,0.005,29,ready,7
2026-10-09 12:12:30.291,207.99,20261009_120902,view,rest,,,,,121.3,,1,0.146,0.134,0.012,1,37.21,0.013,0.006,29,ready,7
2026-10-09 12:12:30.497,208.2,20261009_120902,view,rest,,,,,121.3,,1,0.147,0.134,0.012,1,37.24,0.012,0.005,29,ready,7
2026-10-09 12:12:30.704,208.41,20261009_120902,view,question,4,603,manual,truth,121.3,,1,0.146,0.134,0.012,1,37.25,0.012,0.005,29,question,7
2026-10-09 12:12:30.900,208.6,20261009_120902,view,question,4,603,manual,truth,121.3,,1,0.145,0.134,0.011,1,37.25,0.011,0.005,29,question,7
2026-10-09 12:12:31.107,208.81,20261009_120902,view,question,4,603,manual,truth,121.3,,1,0.146,0.135,0.011,1,37.26,0.011,0.005,29,question,7
2026-10-09 12:12:31.316,209.02,20261009_120902,view,question,4,603,manual,truth,121.3,,1,0.145,0.135,0.01,1,37.26,0.012,0.005,29,question,7
2026-10-09 12:12:31.521,209.22,20261009_120902,view,question,4,603,manual,truth,,,1,0.144,0.135,0.01,1,37.25,0.012,0.006,29,question,7
2026-10-09 12:12:31.728,209.43,20261009_120902,view,question,4,603,manual,truth,,,1,0.145,0.135,0.01,1,37.26,0.014,0.006,29,question,7
2026-10-09 12:12:31.931,209.63,20261009_120902,view,question,4,603,manual,truth,123.8,,1,0.145,0.135,0.01,1,37.27,0.016,0.006,29,question,7
2026-10-09 12:12:32.137,209.84,20261009_120902,view,question,4,603,manual,truth,123.8,,1,0.145,0.135,0.01,1,37.27,0.037,0.011,29,question,7
2026-10-09 12:12:32.345,210.05,20261009_120902,view,question,4,603,manual,truth,123.8,,1,0.145,0.135,0.01,1,37.27,0.035,0.01,30,question,7
2026-10-09 12:12:32.548,210.25,20261009_120902,view,question,4,603,manual,truth,123.8,75.1,1,0.134,0.135,-0.002,1,37.05,0.032,0.009,29,question,7
2026-10-09 12:12:32.751,210.45,20261009_120902,view,question,4,603,manual,truth,123.8,75.1,1,0.135,0.135,-0.0,1,37.07,0.03,0.009,29,question,7
2026-10-09 12:12:32.956,210.66,20261009_120902,view,question,4,603,manual,truth,142.4,82.0,1,0.139,0.135,0.004,1,37.09,0.028,0.008,30,question,7
2026-10-09 12:12:33.170,210.87,20261009_120902,view,question,4,603,manual,truth,142.4,82.0,1,0.142,0.136,0.006,1,37.12,0.027,0.007,31,question,7
2026-10-09 12:12:33.370,211.07,20261009_120902,view,question,4,603,manual,truth,142.4,82.0,1,0.143,0.136,0.007,1,37.15,0.025,0.007,32,question,7
2026-10-09 12:12:33.576,211.28,20261009_120902,view,question,4,603,manual,truth,142.4,82.0,1,0.144,0.136,0.008,1,37.18,0.024,0.006,33,question,7
2026-10-09 12:12:33.783,211.48,20261009_120902,view,question,4,603,manual,truth,142.4,82.0,1,0.145,0.136,0.009,1,37.2,0.023,0.006,33,question,7
2026-10-09 12:12:33.989,211.69,20261009_120902,view,question,4,603,manual,truth,149.1,82.0,1,0.145,0.136,0.009,1,37.21,0.022,0.006,34,question,7
2026-10-09 12:12:34.198,211.9,20261009_120902,view,question,4,603,manual,truth,149.1,82.0,1,0.145,0.136,0.009,1,37.23,0.02,0.006,35,question,7
2026-10-09 12:12:34.408,212.11,20261009_120902,view,question,4,603,manual,truth,154.9,74.8,1,0.145,0.136,0.009,1,37.23,0.02,0.005,36,question,7
2026-10-09 12:12:34.616,212.32,20261009_120902,view,question,4,603,manual,truth,154.9,74.8,1,0.145,0.136,0.009,1,37.27,0.017,0.006,37,question,7
2026-10-09 12:12:34.821,212.52,20261009_120902,view,question,4,603,manual,truth,154.9,74.8,1,0.145,0.136,0.009,1,37.27,0.017,0.006,38,question,7
2026-10-09 12:12:35.019,212.72,20261009_120902,view,question,4,603,manual,truth,154.9,74.8,1,0.145,0.137,0.008,1,37.28,0.016,0.006,38,question,7
2026-10-09 12:12:35.216,212.92,20261009_120902,view,question,4,603,manual,truth,154.9,74.8,1,0.145,0.137,0.008,1,37.29,0.015,0.005,38,question,7
2026-10-09 12:12:35.417,213.12,20261009_120902,view,question,4,603,manual,truth,154.9,74.8,1,0.144,0.137,0.007,1,37.28,0.014,0.005,38,question,7
2026-10-09 12:12:35.617,213.32,20261009_120902,view,question,4,603,manual,truth,154.9,74.8,1,0.138,0.137,0.002,1,37.16,0.015,0.007,39,question,7
2026-10-09 12:12:35.816,213.52,20261009_120902,view,question,4,603,manual,truth,154.9,74.8,1,0.14,0.137,0.004,1,37.18,0.014,0.007,39,question,7
2026-10-09 12:12:36.025,213.73,20261009_120902,view,question,4,603,manual,truth,154.9,74.8,1,0.142,0.137,0.005,1,37.19,0.014,0.006,39,question,7
2026-10-09 12:12:36.230,213.93,20261009_120902,view,question,4,603,manual,truth,154.9,74.8,1,0.143,0.137,0.006,1,37.2,0.013,0.006,39,question,7
2026-10-09 12:12:36.436,214.14,20261009_120902,view,question,4,603,manual,truth,154.9,74.8,1,0.143,0.137,0.006,1,37.21,0.012,0.006,39,question,7
2026-10-09 12:12:36.641,214.34,20261009_120902,view,question,4,603,manual,truth,154.9,74.8,1,0.139,0.137,0.001,1,37.04,0.012,0.006,39,question,7
2026-10-09 12:12:36.848,214.55,20261009_120902,view,question,4,603,manual,truth,154.9,74.8,1,0.14,0.137,0.003,1,37.07,0.011,0.005,39,question,7
2026-10-09 12:12:37.056,214.76,20261009_120902,view,question,4,603,manual,truth,154.9,74.8,1,0.142,0.137,0.005,1,37.09,0.011,0.005,39,question,7
2026-10-09 12:12:37.261,214.96,20261009_120902,view,question,4,603,manual,truth,154.9,74.8,1,0.143,0.137,0.006,1,37.1,0.01,0.005,39,question,7
2026-10-09 12:12:37.467,215.17,20261009_120902,view,question,4,603,manual,truth,154.9,74.8,1,0.145,0.137,0.007,1,37.13,0.01,0.004,39,question,7
2026-10-09 12:12:37.677,215.38,20261009_120902,view,question,4,603,manual,truth,154.9,74.8,1,0.145,0.138,0.008,1,37.15,0.01,0.004,39,question,7
2026-10-09 12:12:37.881,215.58,20261009_120902,view,question,4,603,manual,truth,,,1,0.145,0.138,0.007,1,37.16,0.011,0.004,37,question,7
2026-10-09 12:12:38.087,215.79,20261009_120902,view,question,4,603,manual,truth,,,1,0.145,0.138,0.007,1,37.18,0.011,0.004,35,question,7
2026-10-09 12:12:38.291,215.99,20261009_120902,view,question,4,603,manual,truth,,,1,0.145,0.138,0.007,1,37.18,0.011,0.004,34,question,7
2026-10-09 12:12:38.496,216.2,20261009_120902,view,question,4,603,manual,truth,,,1,0.147,0.138,0.009,1,37.21,0.011,0.004,33,question,7
2026-10-09 12:12:38.703,216.4,20261009_120902,view,question,4,603,manual,truth,,,1,0.147,0.138,0.009,1,37.22,0.013,0.004,32,question,7
2026-10-09 12:12:38.907,216.61,20261009_120902,view,question,4,603,manual,truth,78.4,,1,0.146,0.138,0.008,1,37.23,0.019,0.007,29,question,7
2026-10-09 12:12:39.107,216.81,20261009_120902,view,question,4,603,manual,truth,78.4,,1,0.146,0.138,0.008,1,37.24,0.02,0.007,27,question,7
2026-10-09 12:12:39.307,217.01,20261009_120902,view,question,4,603,manual,truth,78.4,,1,0.147,0.138,0.008,1,37.26,0.02,0.007,26,question,7
2026-10-09 12:12:39.507,217.21,20261009_120902,view,question,4,603,manual,truth,100.9,,1,0.146,0.138,0.008,1,37.26,0.02,0.007,26,question,7
2026-10-09 12:12:39.710,217.41,20261009_120902,view,question,4,603,manual,truth,100.9,,1,0.145,0.139,0.007,1,37.25,0.019,0.007,25,question,7
2026-10-09 12:12:39.907,217.61,20261009_120902,view,question,4,603,manual,truth,100.9,,1,0.145,0.139,0.006,1,37.21,0.019,0.008,25,question,7
2026-10-09 12:12:40.107,217.81,20261009_120902,view,question,4,603,manual,truth,91.1,,1,0.145,0.139,0.007,1,37.21,0.018,0.01,24,question,7
2026-10-09 12:12:40.308,218.01,20261009_120902,view,question,4,603,manual,truth,91.1,,1,0.146,0.139,0.007,1,37.22,0.019,0.01,24,question,7
2026-10-09 12:12:40.507,218.21,20261009_120902,view,question,4,603,manual,truth,91.1,,1,0.146,0.139,0.007,1,37.23,0.022,0.012,23,question,7
2026-10-09 12:12:40.707,218.41,20261009_120902,view,question,4,603,manual,truth,91.1,,1,0.146,0.139,0.007,1,37.24,0.022,0.011,23,question,7
2026-10-09 12:12:40.910,218.61,20261009_120902,view,question,4,603,manual,truth,91.1,,1,0.145,0.139,0.006,1,37.19,0.022,0.011,23,question,7
2026-10-09 12:12:41.117,218.82,20261009_120902,view,question,4,603,manual,truth,95.5,,1,0.136,0.139,-0.003,1,37.06,0.022,0.01,23,question,7
2026-10-09 12:12:41.321,219.02,20261009_120902,view,question,4,603,manual,truth,95.5,,1,0.14,0.139,0.001,1,37.09,0.02,0.009,22,question,7
2026-10-09 12:12:41.526,219.23,20261009_120902,view,question,4,603,manual,truth,95.5,,1,0.143,0.139,0.004,1,37.13,0.019,0.009,22,question,7
2026-10-09 12:12:41.731,219.43,20261009_120902,view,question,4,603,manual,truth,95.5,,1,0.145,0.139,0.006,1,37.16,0.019,0.009,22,question,7
2026-10-09 12:12:41.937,219.64,20261009_120902,view,question,4,603,manual,truth,86.4,259.6,1,0.146,0.139,0.007,1,37.18,0.021,0.009,22,question,7
2026-10-09 12:12:42.149,219.85,20261009_120902,view,question,4,603,manual,truth,86.4,259.6,1,0.147,0.139,0.008,1,37.21,0.021,0.009,22,question,7
2026-10-09 12:12:42.359,220.06,20261009_120902,view,question,4,603,manual,truth,86.4,259.6,1,0.148,0.14,0.008,1,37.23,0.019,0.008,22,question,7
2026-10-09 12:12:42.557,220.26,20261009_120902,view,recovery,4,603,manual,truth,86.4,259.6,1,0.147,0.14,0.007,1,37.25,0.018,0.007,22,ready,7
2026-10-09 12:12:42.763,220.47,20261009_120902,view,recovery,4,603,manual,truth,86.4,259.6,1,0.147,0.14,0.007,1,37.25,0.017,0.007,21,ready,7
2026-10-09 12:12:42.971,220.67,20261009_120902,view,recovery,4,603,manual,truth,86.4,259.6,1,0.147,0.14,0.007,1,37.27,0.016,0.006,21,ready,7
2026-10-09 12:12:43.164,220.87,20261009_120902,view,recovery,4,603,manual,truth,86.4,259.6,1,0.147,0.14,0.007,1,37.27,0.017,0.006,21,ready,7
2026-10-09 12:12:43.371,221.07,20261009_120902,view,recovery,4,603,manual,truth,86.4,259.6,1,0.147,0.14,0.007,1,37.28,0.015,0.006,21,ready,7
2026-10-09 12:12:43.565,221.27,20261009_120902,view,rest,,,,,86.4,259.6,1,0.147,0.14,0.007,1,37.29,0.014,0.006,21,ready,7
2026-10-09 12:12:43.773,221.47,20261009_120902,view,rest,,,,,86.4,259.6,1,0.147,0.14,0.007,1,37.3,0.013,0.006,21,ready,7
2026-10-09 12:12:43.983,221.69,20261009_120902,view,rest,,,,,86.4,259.6,1,0.148,0.14,0.008,1,37.31,0.013,0.005,21,ready,7
2026-10-09 12:12:44.174,221.88,20261009_120902,view,rest,,,,,86.4,259.6,1,0.149,0.14,0.008,1,37.31,0.012,0.005,21,ready,7
2026-10-09 12:12:44.373,222.07,20261009_120902,view,rest,,,,,86.4,259.6,1,0.15,0.141,0.01,1,37.33,0.012,0.004,21,ready,7
2026-10-09 12:12:44.573,222.27,20261009_120902,view,rest,,,,,86.4,259.6,1,0.151,0.141,0.01,1,37.34,0.011,0.004,21,ready,7
2026-10-09 12:12:44.782,222.48,20261009_120902,view,rest,,,,,86.4,259.6,1,0.15,0.141,0.009,1,37.34,0.011,0.004,21,ready,7
2026-10-09 12:12:44.991,222.69,20261009_120902,view,rest,,,,,86.4,259.6,1,0.15,0.141,0.009,1,37.36,0.011,0.004,21,ready,7
2026-10-09 12:12:45.191,222.89,20261009_120902,view,recovery,5,604,manual,truth,86.4,259.6,1,0.15,0.141,0.009,1,37.35,0.012,0.005,21,ready,7
2026-10-09 12:12:45.391,223.09,20261009_120902,view,question,5,604,manual,truth,86.4,259.6,1,0.149,0.141,0.008,1,37.35,0.012,0.005,21,question,7
2026-10-09 12:12:45.596,223.3,20261009_120902,view,question,5,604,manual,truth,86.4,259.6,1,0.148,0.141,0.007,1,37.33,0.011,0.004,21,question,7
2026-10-09 12:12:45.802,223.5,20261009_120902,view,question,5,604,manual,truth,86.4,259.6,1,0.149,0.141,0.007,1,37.32,0.011,0.004,21,question,7
2026-10-09 12:12:46.012,223.71,20261009_120902,view,question,5,604,manual,truth,86.4,259.6,1,0.139,0.141,-0.003,1,37.14,0.011,0.004,21,question,7
2026-10-09 12:12:46.216,223.92,20261009_120902,view,question,5,604,manual,truth,86.4,259.6,1,0.145,0.141,0.003,1,37.16,0.013,0.004,20,question,7
2026-10-09 12:12:46.422,224.12,20261009_120902,view,question,5,604,manual,truth,86.4,259.6,1,0.148,0.141,0.007,1,37.18,0.013,0.005,21,question,7
2026-10-09 12:12:46.631,224.33,20261009_120902,view,question,5,604,manual,truth,86.4,259.6,1,0.152,0.142,0.01,1,37.23,0.012,0.004,21,question,7
2026-10-09 12:12:46.842,224.54,20261009_120902,view,question,5,604,manual,truth,86.4,259.6,1,0.153,0.142,0.011,1,37.26,0.012,0.004,21,question,7
2026-10-09 12:12:47.040,224.74,20261009_120902,view,question,5,604,manual,truth,86.4,259.6,1,0.153,0.142,0.011,1,37.28,0.011,0.004,21,question,7
2026-10-09 12:12:47.245,224.95,20261009_120902,view,question,5,604,manual,truth,86.4,259.6,1,0.155,0.142,0.013,1,37.3,0.011,0.004,21,question,7
2026-10-09 12:12:47.454,225.16,20261009_120902,view,question,5,604,manual,truth,,,1,0.155,0.142,0.013,1,37.3,0.011,0.004,23,question,7
2026-10-09 12:12:47.662,225.36,20261009_120902,view,question,5,604,manual,truth,,,1,0.156,0.142,0.013,1,37.31,0.013,0.004,24,question,7
2026-10-09 12:12:47.877,225.58,20261009_120902,view,question,5,604,manual,truth,,,1,0.155,0.143,0.013,1,37.33,0.016,0.005,25,question,7
2026-10-09 12:12:48.079,225.78,20261009_120902,view,question,5,604,manual,truth,68.7,,1,0.157,0.143,0.015,1,37.34,0.02,0.01,24,question,7
2026-10-09 12:12:48.283,225.98,20261009_120902,view,question,5,604,manual,truth,68.7,,1,0.158,0.143,0.015,1,37.36,0.021,0.011,23,question,7
2026-10-09 12:12:48.489,226.19,20261009_120902,view,question,5,604,manual,truth,138.3,,1,0.157,0.143,0.014,1,37.37,0.022,0.011,26,question,7
2026-10-09 12:12:48.695,226.4,20261009_120902,view,question,5,604,manual,truth,140.9,,1,0.157,0.143,0.014,1,37.38,0.021,0.01,28,question,7
2026-10-09 12:12:48.907,226.61,20261009_120902,view,question,5,604,manual,truth,140.9,,1,0.158,0.144,0.015,1,37.39,0.02,0.009,30,question,7
2026-10-09 12:12:49.125,226.83,20261009_120902,view,question,5,604,manual,truth,140.9,,1,0.157,0.144,0.013,1,37.4,0.019,0.009,31,question,7
2026-10-09 12:12:49.321,227.02,20261009_120902,view,question,5,604,manual,truth,140.9,,1,0.151,0.144,0.007,1,37.34,0.017,0.008,32,question,7
2026-10-09 12:12:49.523,227.23,20261009_120902,view,question,5,604,manual,truth,140.9,,1,0.153,0.144,0.009,1,37.33,0.016,0.008,33,question,7
2026-10-09 12:12:49.730,227.43,20261009_120902,view,question,5,604,manual,truth,140.9,,1,0.153,0.144,0.009,1,37.33,0.017,0.007,34,question,7
2026-10-09 12:12:49.935,227.64,20261009_120902,view,question,5,604,manual,truth,140.9,,1,0.152,0.144,0.008,1,37.32,0.016,0.007,34,question,7
2026-10-09 12:12:50.141,227.84,20261009_120902,view,question,5,604,manual,truth,140.9,,1,0.149,0.144,0.004,1,37.2,0.014,0.006,35,question,7
2026-10-09 12:12:50.350,228.05,20261009_120902,view,question,5,604,manual,truth,140.9,,1,0.143,0.144,-0.001,1,37.1,0.014,0.006,35,question,7
2026-10-09 12:12:50.559,228.26,20261009_120902,view,question,5,604,manual,truth,140.9,,1,0.148,0.144,0.004,1,37.14,0.013,0.006,35,question,7
2026-10-09 12:12:50.764,228.47,20261009_120902,view,question,5,604,manual,truth,140.9,,1,0.152,0.144,0.008,1,37.16,0.013,0.005,35,question,7
2026-10-09 12:12:50.971,228.67,20261009_120902,view,question,5,604,manual,truth,140.9,,1,0.156,0.145,0.011,1,37.18,0.012,0.005,36,question,7
2026-10-09 12:12:51.179,228.88,20261009_120902,view,question,5,604,manual,truth,140.9,,1,0.158,0.145,0.013,1,37.21,0.011,0.004,36,question,7
2026-10-09 12:12:51.382,229.08,20261009_120902,view,question,5,604,manual,truth,,,1,0.158,0.145,0.013,1,37.24,0.013,0.005,35,question,7
2026-10-09 12:12:51.591,229.29,20261009_120902,view,question,5,604,manual,truth,,,1,0.16,0.145,0.015,1,37.27,0.013,0.005,34,question,7
2026-10-09 12:12:51.796,229.5,20261009_120902,view,question,5,604,manual,truth,,,1,0.162,0.145,0.017,1,37.29,0.014,0.005,34,question,7
2026-10-09 12:12:52.002,229.7,20261009_120902,view,question,5,604,manual,truth,62.6,,1,0.162,0.146,0.017,1,37.32,0.015,0.004,31,question,7
2026-10-09 12:12:52.211,229.91,20261009_120902,view,question,5,604,manual,truth,62.6,,1,0.164,0.146,0.018,1,37.33,0.014,0.004,29,question,7
2026-10-09 12:12:52.416,230.12,20261009_120902,view,question,5,604,manual,truth,62.6,,1,0.165,0.146,0.019,1,37.34,0.016,0.004,27,question,7
2026-10-09 12:12:52.629,230.33,20261009_120902,view,question,5,604,manual,truth,62.6,,1,0.165,0.146,0.019,1,37.36,0.016,0.005,25,question,7
2026-10-09 12:12:52.830,230.53,20261009_120902,view,question,5,604,manual,truth,62.6,,1,0.166,0.147,0.02,1,37.37,0.015,0.005,24,question,7
2026-10-09 12:12:53.030,230.73,20261009_120902,view,question,5,604,manual,truth,62.6,,1,0.167,0.147,0.02,1,37.38,0.026,0.007,23,question,7
2026-10-09 12:12:53.235,230.94,20261009_120902,view,question,5,604,manual,truth,51.8,,1,0.167,0.147,0.019,1,37.39,0.034,0.011,22,question,7
2026-10-09 12:12:53.431,231.13,20261009_120902,view,question,5,604,manual,truth,51.8,,1,0.165,0.148,0.018,1,37.39,0.066,0.019,21,question,7
2026-10-09 12:12:53.640,231.34,20261009_120902,view,question,5,604,manual,truth,51.8,,1,0.164,0.148,0.017,1,37.4,0.082,0.022,20,question,7
2026-10-09 12:12:53.844,231.55,20261009_120902,view,question,5,604,manual,truth,51.8,,1,0.165,0.148,0.017,1,37.41,0.08,0.02,20,question,7
2026-10-09 12:12:54.051,231.75,20261009_120902,view,question,5,604,manual,truth,51.8,,1,0.166,0.148,0.018,1,37.42,0.074,0.018,20,question,7
2026-10-09 12:12:54.260,231.96,20261009_120902,view,question,5,604,manual,truth,51.8,,1,0.161,0.148,0.013,1,37.36,0.069,0.017,20,question,7
2026-10-09 12:12:54.465,232.17,20261009_120902,view,question,5,604,manual,truth,51.8,,1,0.149,0.148,0.0,1,37.2,0.067,0.016,19,question,7
2026-10-09 12:12:54.673,232.37,20261009_120902,view,question,5,604,manual,truth,51.8,,1,0.157,0.149,0.009,1,37.23,0.062,0.014,19,question,7
2026-10-09 12:12:54.881,232.58,20261009_120902,view,question,5,604,manual,truth,51.8,,1,0.163,0.149,0.014,1,37.25,0.061,0.014,19,question,7
2026-10-09 12:12:55.082,232.78,20261009_120902,view,question,5,604,manual,truth,51.8,,1,0.166,0.149,0.017,1,37.28,0.056,0.013,18,question,7
2026-10-09 12:12:55.281,232.98,20261009_120902,view,question,5,604,manual,truth,51.8,,1,0.168,0.149,0.019,1,37.3,0.051,0.012,18,question,7
2026-10-09 12:12:55.489,233.19,20261009_120902,view,question,5,604,manual,truth,51.8,,1,0.17,0.149,0.02,1,37.33,0.047,0.012,18,question,7
2026-10-09 12:12:55.694,233.4,20261009_120902,view,question,5,604,manual,truth,51.8,,1,0.17,0.15,0.021,1,37.35,0.043,0.011,19,question,7
2026-10-09 12:12:55.901,233.6,20261009_120902,view,question,5,604,manual,truth,51.8,,1,0.17,0.15,0.02,1,37.36,0.039,0.01,19,question,7
2026-10-09 12:12:56.106,233.81,20261009_120902,view,question,5,604,manual,truth,51.8,,1,0.168,0.15,0.018,1,37.37,0.036,0.009,18,question,7
2026-10-09 12:12:56.312,234.01,20261009_120902,view,question,5,604,manual,truth,51.8,,1,0.169,0.15,0.018,1,37.39,0.033,0.01,18,question,7
2026-10-09 12:12:56.521,234.22,20261009_120902,view,question,5,604,manual,truth,51.8,,1,0.169,0.151,0.019,1,37.4,0.031,0.009,18,question,7
2026-10-09 12:12:56.730,234.43,20261009_120902,view,question,5,604,manual,truth,51.8,,1,0.17,0.151,0.019,1,37.41,0.029,0.009,18,question,7
2026-10-09 12:12:56.935,234.64,20261009_120902,view,question,5,604,manual,truth,51.8,,1,0.17,0.151,0.019,1,37.42,0.026,0.008,18,question,7
2026-10-09 12:12:57.144,234.85,20261009_120902,view,recovery,5,604,manual,truth,51.8,,1,0.17,0.151,0.018,1,37.44,0.024,0.008,18,ready,7
2026-10-09 12:12:57.350,235.05,20261009_120902,view,recovery,5,604,manual,truth,51.8,,1,0.168,0.152,0.016,1,37.43,0.023,0.008,18,ready,7
2026-10-09 12:12:57.539,235.24,20261009_120902,view,recovery,5,604,manual,truth,51.8,,1,0.165,0.152,0.013,1,37.38,0.022,0.008,18,ready,7
2026-10-09 12:12:57.744,235.45,20261009_120902,view,recovery,5,604,manual,truth,51.8,,1,0.165,0.152,0.013,1,37.39,0.021,0.008,18,ready,7
2026-10-09 12:12:57.952,235.65,20261009_120902,view,recovery,5,604,manual,truth,51.8,,1,0.167,0.152,0.015,1,37.39,0.021,0.008,18,ready,7
2026-10-09 12:12:58.158,235.86,20261009_120902,view,recovery,5,604,manual,truth,51.8,,1,0.168,0.152,0.015,1,37.39,0.02,0.008,18,ready,7
2026-10-09 12:12:58.368,236.07,20261009_120902,view,recovery,5,604,manual,truth,51.8,,1,0.168,0.153,0.016,1,37.4,0.019,0.007,18,ready,7
2026-10-09 12:12:58.573,236.27,20261009_120902,view,recovery,5,604,manual,truth,51.8,,1,0.17,0.153,0.017,1,37.42,0.017,0.007,18,ready,7
2026-10-09 12:12:58.779,236.48,20261009_120902,view,recovery,5,604,manual,truth,51.8,,1,0.171,0.153,0.017,1,37.43,0.017,0.007,18,ready,7
2026-10-09 12:12:58.986,236.69,20261009_120902,view,recovery,5,604,manual,truth,51.8,,1,0.171,0.153,0.018,1,37.43,0.017,0.007,18,ready,7
2026-10-09 12:12:59.191,236.89,20261009_120902,view,recovery,5,604,manual,truth,51.8,,1,0.172,0.154,0.018,1,37.44,0.016,0.006,18,ready,7
2026-10-09 12:12:59.401,237.1,20261009_120902,view,recovery,5,604,manual,truth,51.8,,1,0.172,0.154,0.018,1,37.43,0.015,0.006,18,ready,7
2026-10-09 12:12:59.600,237.3,20261009_120902,view,recovery,5,604,manual,truth,51.8,,1,0.17,0.154,0.016,1,37.44,0.014,0.006,18,ready,7
2026-10-09 12:12:59.800,237.5,20261009_120902,view,recovery,5,604,manual,truth,51.8,,1,0.169,0.154,0.015,1,37.41,0.014,0.006,18,ready,7
2026-10-09 12:13:00.008,237.71,20261009_120902,view,recovery,5,604,manual,truth,51.8,,1,0.151,0.154,-0.003,1,37.21,0.015,0.006,17,ready,7
2026-10-09 12:13:00.214,237.92,20261009_120902,view,recovery,5,604,manual,truth,51.8,,1,0.16,0.154,0.005,1,37.24,0.013,0.005,17,ready,7
2026-10-09 12:13:00.419,238.12,20261009_120902,view,recovery,5,604,manual,truth,51.8,,1,0.164,0.154,0.01,1,37.26,0.013,0.005,17,ready,7
2026-10-09 12:13:00.627,238.33,20261009_120902,view,recovery,5,604,manual,truth,51.8,,1,0.168,0.155,0.013,1,37.28,0.012,0.004,17,ready,7
2026-10-09 12:13:00.833,238.53,20261009_120902,view,rest,,,,,51.8,,1,0.17,0.155,0.015,1,37.31,0.013,0.004,17,ready,7
2026-10-09 12:13:01.039,238.74,20261009_120902,view,rest,,,,,51.8,,1,0.172,0.155,0.016,1,37.33,0.012,0.004,17,ready,7
2026-10-09 12:13:01.267,238.97,20261009_120902,view,rest,,,,,51.8,,1,0.172,0.155,0.017,1,37.35,0.011,0.005,18,ready,7
2026-10-09 12:13:01.445,239.15,20261009_120902,view,rest,,,,,51.8,,1,0.172,0.155,0.017,1,37.36,0.011,0.004,18,ready,7
2026-10-09 12:13:01.649,239.35,20261009_120902,view,rest,,,,,51.8,,1,0.172,0.156,0.016,1,37.35,0.011,0.005,18,ready,7
2026-10-09 12:13:01.858,239.56,20261009_120902,view,question,6,605,manual,truth,51.8,,1,0.172,0.156,0.016,1,37.37,0.012,0.004,18,question,7
2026-10-09 12:13:02.067,239.77,20261009_120902,view,question,6,605,manual,truth,51.8,,1,0.173,0.156,0.017,1,37.38,0.011,0.004,18,question,7
2026-10-09 12:13:02.273,239.97,20261009_120902,view,question,6,605,manual,truth,51.8,,1,0.173,0.157,0.016,1,37.39,0.01,0.004,18,question,7
2026-10-09 12:13:02.479,240.18,20261009_120902,view,question,6,605,manual,truth,51.8,,1,0.173,0.157,0.016,1,37.39,0.012,0.005,18,question,7
2026-10-09 12:13:02.689,240.39,20261009_120902,view,question,6,605,manual,truth,51.8,,1,0.173,0.157,0.016,1,37.38,0.012,0.004,18,question,7
2026-10-09 12:13:02.894,240.6,20261009_120902,view,question,6,605,manual,truth,51.8,,1,0.172,0.157,0.015,1,37.39,0.011,0.004,18,question,7
2026-10-09 12:13:03.099,240.8,20261009_120902,view,question,6,605,manual,truth,51.8,,1,0.172,0.157,0.015,1,37.38,0.014,0.006,18,question,7
2026-10-09 12:13:03.306,241.01,20261009_120902,view,question,6,605,manual,truth,51.8,,1,0.173,0.158,0.015,1,37.38,0.017,0.006,18,question,7
2026-10-09 12:13:03.511,241.21,20261009_120902,view,question,6,605,manual,truth,51.8,,1,0.173,0.158,0.015,1,37.39,0.018,0.006,18,question,7
2026-10-09 12:13:03.709,241.41,20261009_120902,view,question,6,605,manual,truth,51.8,,1,0.174,0.158,0.016,1,37.41,0.019,0.006,18,question,7
2026-10-09 12:13:03.909,241.61,20261009_120902,view,question,6,605,manual,truth,51.8,,1,0.173,0.158,0.015,1,37.39,0.018,0.006,18,question,7
2026-10-09 12:13:04.109,241.81,20261009_120902,view,question,6,605,manual,truth,51.8,,1,0.162,0.158,0.003,1,37.17,0.018,0.006,18,question,7
2026-10-09 12:13:04.309,242.01,20261009_120902,view,question,6,605,manual,truth,51.8,,1,0.163,0.158,0.004,1,37.19,0.017,0.006,18,question,7
2026-10-09 12:13:04.509,242.21,20261009_120902,view,question,6,605,manual,truth,51.8,,1,0.168,0.158,0.009,1,37.22,0.016,0.006,18,question,7
2026-10-09 12:13:04.710,242.41,20261009_120902,view,question,6,605,manual,truth,51.8,,1,0.171,0.159,0.012,1,37.24,0.016,0.005,18,question,7
2026-10-09 12:13:04.909,242.61,20261009_120902,view,question,6,605,manual,truth,51.8,,1,0.172,0.159,0.014,1,37.27,0.016,0.005,18,question,7
2026-10-09 12:13:05.111,242.81,20261009_120902,view,question,6,605,manual,truth,51.8,,1,0.174,0.159,0.015,1,37.29,0.014,0.005,18,question,7
2026-10-09 12:13:05.313,243.02,20261009_120902,view,question,6,605,manual,truth,51.8,,1,0.174,0.159,0.015,1,37.32,0.013,0.005,18,question,7
2026-10-09 12:13:05.520,243.22,20261009_120902,view,question,6,605,manual,truth,59.3,499.6,1,0.175,0.159,0.015,1,37.34,0.014,0.005,18,question,7
2026-10-09 12:13:05.720,243.42,20261009_120902,view,question,6,605,manual,truth,59.3,499.6,1,0.175,0.16,0.015,1,37.36,0.014,0.005,18,question,7
2026-10-09 12:13:05.920,243.62,20261009_120902,view,question,6,605,manual,truth,59.3,499.6,1,0.175,0.16,0.015,1,37.38,0.014,0.005,18,question,7
2026-10-09 12:13:06.120,243.82,20261009_120902,view,question,6,605,manual,truth,59.3,499.6,1,0.175,0.16,0.015,1,37.39,0.014,0.005,18,question,7
2026-10-09 12:13:06.319,244.02,20261009_120902,view,question,6,605,manual,truth,59.3,499.6,1,0.175,0.16,0.014,1,37.39,0.014,0.005,19,question,7
2026-10-09 12:13:06.533,244.24,20261009_120902,view,question,6,605,manual,truth,59.3,499.6,1,0.174,0.16,0.014,1,37.4,0.014,0.005,19,question,7
2026-10-09 12:13:06.721,244.42,20261009_120902,view,question,6,605,manual,truth,59.3,499.6,1,0.175,0.161,0.014,1,37.41,0.014,0.005,19,question,7
2026-10-09 12:13:06.922,244.62,20261009_120902,view,question,6,605,manual,truth,59.3,499.6,1,0.175,0.161,0.014,1,37.41,0.013,0.005,19,question,7
2026-10-09 12:13:07.122,244.82,20261009_120902,view,question,6,605,manual,truth,59.3,499.6,1,0.175,0.161,0.014,1,37.41,0.014,0.004,19,question,7
2026-10-09 12:13:07.324,245.03,20261009_120902,view,question,6,605,manual,truth,59.3,499.6,1,0.174,0.161,0.013,1,37.4,0.013,0.004,19,question,7
2026-10-09 12:13:07.519,245.22,20261009_120902,view,question,6,605,manual,truth,59.3,499.6,1,0.174,0.161,0.013,1,37.4,0.013,0.004,19,question,7
2026-10-09 12:13:07.717,245.42,20261009_120902,view,question,6,605,manual,truth,59.3,499.6,1,0.174,0.161,0.012,1,37.4,0.012,0.004,19,question,7
2026-10-09 12:13:07.917,245.62,20261009_120902,view,question,6,605,manual,truth,59.3,499.6,1,0.174,0.162,0.012,1,37.42,0.012,0.004,19,question,7
2026-10-09 12:13:08.122,245.82,20261009_120902,view,question,6,605,manual,truth,59.3,499.6,1,0.174,0.162,0.013,1,37.41,0.012,0.004,19,question,7
2026-10-09 12:13:08.332,246.03,20261009_120902,view,question,6,605,manual,truth,59.3,499.6,1,0.169,0.162,0.007,1,37.27,0.012,0.004,19,question,7
2026-10-09 12:13:08.538,246.24,20261009_120902,view,question,6,605,manual,truth,59.3,499.6,1,0.161,0.162,-0.001,1,37.19,0.011,0.004,18,question,7
2026-10-09 12:13:08.745,246.45,20261009_120902,view,question,6,605,manual,truth,59.3,499.6,1,0.166,0.162,0.004,1,37.21,0.011,0.004,18,question,7
2026-10-09 12:13:08.943,246.64,20261009_120902,view,question,6,605,manual,truth,59.3,499.6,1,0.169,0.162,0.007,1,37.22,0.011,0.004,18,question,7
2026-10-09 12:13:09.151,246.85,20261009_120902,view,question,6,605,manual,truth,59.3,499.6,1,0.171,0.162,0.009,1,37.25,0.012,0.004,18,question,7
2026-10-09 12:13:09.358,247.06,20261009_120902,view,question,6,605,manual,truth,59.3,448.8,1,0.172,0.162,0.01,1,37.26,0.012,0.004,18,question,7
2026-10-09 12:13:09.560,247.26,20261009_120902,view,question,6,605,manual,truth,59.3,448.8,1,0.173,0.162,0.011,1,37.28,0.011,0.004,18,question,7
2026-10-09 12:13:09.766,247.47,20261009_120902,view,question,6,605,manual,truth,59.3,448.8,1,0.174,0.163,0.012,1,37.31,0.01,0.004,18,question,7
2026-10-09 12:13:09.971,247.67,20261009_120902,view,question,6,605,manual,truth,59.3,448.8,1,0.174,0.163,0.012,1,37.33,0.01,0.004,18,question,7
2026-10-09 12:13:10.178,247.88,20261009_120902,view,question,6,605,manual,truth,59.3,429.4,1,0.175,0.163,0.012,1,37.35,0.011,0.004,18,question,7
2026-10-09 12:13:10.386,248.09,20261009_120902,view,question,6,605,manual,truth,59.3,429.4,1,0.175,0.163,0.012,1,37.37,0.012,0.004,18,question,7
2026-10-09 12:13:10.591,248.29,20261009_120902,view,question,6,605,manual,truth,59.3,429.4,1,0.175,0.163,0.012,1,37.38,0.013,0.004,19,question,7
2026-10-09 12:13:10.798,248.5,20261009_120902,view,question,6,605,manual,truth,59.3,429.4,1,0.175,0.163,0.012,1,37.4,0.012,0.004,19,question,7
2026-10-09 12:13:11.018,248.72,20261009_120902,view,question,6,605,manual,truth,59.3,429.4,1,0.175,0.164,0.012,1,37.41,0.013,0.004,19,question,7
2026-10-09 12:13:11.221,248.92,20261009_120902,view,question,6,605,manual,truth,59.3,429.4,1,0.175,0.164,0.011,1,37.42,0.016,0.004,19,question,7
2026-10-09 12:13:11.420,249.12,20261009_120902,view,question,6,605,manual,truth,55.5,406.6,1,0.174,0.164,0.01,1,37.42,0.017,0.005,19,question,7
2026-10-09 12:13:11.631,249.33,20261009_120902,view,question,6,605,manual,truth,55.5,406.6,1,0.174,0.164,0.01,1,37.42,0.016,0.005,19,question,7
2026-10-09 12:13:11.847,249.55,20261009_120902,view,question,6,605,manual,truth,55.5,406.6,1,0.174,0.164,0.01,1,37.42,0.015,0.004,19,question,7
2026-10-09 12:13:12.043,249.74,20261009_120902,view,question,6,605,manual,truth,55.5,406.6,1,0.174,0.164,0.01,1,37.43,0.015,0.005,19,question,7
2026-10-09 12:13:12.245,249.95,20261009_120902,view,question,6,605,manual,truth,55.5,406.6,1,0.175,0.164,0.01,1,37.43,0.016,0.005,19,question,7
2026-10-09 12:13:12.457,250.16,20261009_120902,view,question,6,605,manual,truth,55.5,276.2,1,0.175,0.164,0.01,1,37.44,0.016,0.005,19,question,7
2026-10-09 12:13:12.658,250.36,20261009_120902,view,question,6,605,manual,truth,55.5,276.2,1,0.173,0.165,0.009,1,37.38,0.018,0.005,18,question,7
2026-10-09 12:13:12.862,250.56,20261009_120902,view,question,6,605,manual,truth,55.5,276.2,1,0.162,0.164,-0.002,1,37.1,0.017,0.005,18,question,7
2026-10-09 12:13:13.070,250.77,20261009_120902,view,question,6,605,manual,truth,60.0,160.6,1,0.167,0.165,0.002,1,37.13,0.016,0.004,18,question,7
2026-10-09 12:13:13.285,250.99,20261009_120902,view,question,6,605,manual,truth,60.0,160.6,1,0.17,0.165,0.005,1,37.15,0.015,0.004,18,question,7
2026-10-09 12:13:13.479,251.18,20261009_120902,view,question,6,605,manual,truth,60.0,160.6,1,0.172,0.165,0.007,1,37.18,0.015,0.004,18,question,7
2026-10-09 12:13:13.682,251.38,20261009_120902,view,recovery,6,605,manual,truth,60.0,160.6,1,0.174,0.165,0.009,1,37.21,0.014,0.004,18,ready,7
2026-10-09 12:13:13.884,251.59,20261009_120902,view,recovery,6,605,manual,truth,63.1,173.8,1,0.174,0.165,0.009,1,37.24,0.014,0.004,18,ready,7
2026-10-09 12:13:14.088,251.79,20261009_120902,view,recovery,6,605,manual,truth,63.1,173.8,1,0.175,0.165,0.01,1,37.26,0.013,0.004,19,ready,7
2026-10-09 12:13:14.293,252.0,20261009_120902,view,recovery,6,605,manual,truth,63.1,173.8,1,0.175,0.165,0.01,1,37.29,0.012,0.004,19,ready,7
2026-10-09 12:13:14.501,252.2,20261009_120902,view,recovery,6,605,manual,truth,63.1,173.8,1,0.176,0.165,0.01,1,37.31,0.012,0.004,19,ready,7
2026-10-09 12:13:14.702,252.4,20261009_120902,view,recovery,6,605,manual,truth,63.1,173.8,1,0.175,0.165,0.01,1,37.32,0.012,0.004,19,ready,7
2026-10-09 12:13:14.908,252.61,20261009_120902,view,recovery,6,605,manual,truth,63.1,173.8,1,0.176,0.166,0.01,1,37.34,0.012,0.004,19,ready,7
2026-10-09 12:13:15.112,252.81,20261009_120902,view,recovery,6,605,manual,truth,63.1,173.8,1,0.176,0.166,0.01,1,37.36,0.012,0.004,19,ready,7
2026-10-09 12:13:15.313,253.02,20261009_120902,view,rest,,,,,63.1,173.8,1,0.176,0.166,0.01,1,37.38,0.011,0.004,19,ready,7
2026-10-09 12:13:15.527,253.23,20261009_120902,view,rest,,,,,63.1,173.8,1,0.176,0.166,0.01,1,37.4,0.013,0.004,19,ready,7
2026-10-09 12:13:15.728,253.43,20261009_120902,view,rest,,,,,63.1,173.8,1,0.176,0.166,0.01,1,37.41,0.012,0.004,19,ready,7
2026-10-09 12:13:15.932,253.63,20261009_120902,view,rest,,,,,63.1,173.8,1,0.176,0.166,0.01,1,37.43,0.012,0.004,20,ready,7
2026-10-09 12:13:16.141,253.84,20261009_120902,view,rest,,,,,63.1,173.8,1,0.175,0.166,0.009,1,37.44,0.011,0.004,20,ready,7
2026-10-09 12:13:16.345,254.05,20261009_120902,view,rest,,,,,63.1,173.8,1,0.174,0.166,0.008,1,37.42,0.011,0.004,20,ready,7
2026-10-09 12:13:16.545,254.25,20261009_120902,view,rest,,,,,63.1,173.8,1,0.175,0.167,0.008,1,37.42,0.011,0.004,20,ready,7
2026-10-09 12:13:16.751,254.45,20261009_120902,view,rest,,,,,63.1,173.8,1,0.175,0.167,0.008,1,37.43,0.01,0.003,20,ready,7
2026-10-09 12:13:16.955,254.66,20261009_120902,view,rest,,,,,63.1,173.8,1,0.175,0.167,0.008,1,37.44,0.01,0.003,20,ready,7
2026-10-09 12:13:17.159,254.86,20261009_120902,view,rest,,,,,73.5,162.9,1,0.175,0.167,0.008,1,37.45,0.01,0.003,20,ready,7
2026-10-09 12:13:17.370,255.07,20261009_120902,view,rest,,,,,73.5,162.9,1,0.175,0.167,0.008,1,37.46,0.012,0.006,20,ready,7
2026-10-09 12:13:17.569,255.27,20261009_120902,view,question,7,606,manual,lie,73.5,162.9,1,0.175,0.167,0.008,1,37.46,0.012,0.006,21,question,7
2026-10-09 12:13:17.775,255.48,20261009_120902,view,question,7,606,manual,lie,73.5,162.9,1,0.175,0.167,0.008,1,37.45,0.012,0.005,21,question,7
2026-10-09 12:13:17.979,255.68,20261009_120902,view,question,7,606,manual,lie,73.5,162.9,1,0.172,0.167,0.004,1,37.35,0.012,0.006,21,question,7
2026-10-09 12:13:18.178,255.88,20261009_120902,view,question,7,606,manual,lie,73.5,169.8,1,0.16,0.167,-0.008,1,37.16,0.013,0.006,21,question,7
2026-10-09 12:13:18.384,256.09,20261009_120902,view,question,7,606,manual,lie,73.5,169.8,1,0.166,0.167,-0.002,1,37.14,0.016,0.006,21,question,7
2026-10-09 12:13:18.594,256.3,20261009_120902,view,question,7,606,manual,lie,73.5,169.8,1,0.163,0.167,-0.004,1,37.1,0.015,0.006,21,question,6
2026-10-09 12:13:18.798,256.5,20261009_120902,view,question,7,606,manual,lie,73.5,169.8,1,0.162,0.167,-0.005,1,37.08,0.018,0.006,21,question,6
2026-10-09 12:13:19.003,256.71,20261009_120902,view,question,7,606,manual,lie,76.1,184.2,1,0.168,0.167,0.001,1,37.11,0.017,0.005,21,question,6
2026-10-09 12:13:19.208,256.91,20261009_120902,view,question,7,606,manual,lie,76.1,184.2,1,0.171,0.167,0.004,1,37.15,0.017,0.005,21,question,6
2026-10-09 12:13:19.413,257.11,20261009_120902,view,question,7,606,manual,lie,76.1,184.2,1,0.173,0.167,0.006,1,37.17,0.016,0.005,21,question,6
2026-10-09 12:13:19.617,257.32,20261009_120902,view,question,7,606,manual,lie,76.1,181.9,1,0.174,0.167,0.007,1,37.2,0.015,0.004,21,question,7
2026-10-09 12:13:19.826,257.53,20261009_120902,view,question,7,606,manual,lie,76.1,181.9,1,0.175,0.167,0.008,1,37.23,0.014,0.004,22,question,7
2026-10-09 12:13:20.028,257.73,20261009_120902,view,question,7,606,manual,lie,76.1,181.9,1,0.176,0.167,0.008,1,37.24,0.013,0.004,22,question,7
2026-10-09 12:13:20.233,257.94,20261009_120902,view,question,7,606,manual,lie,76.1,181.9,1,0.176,0.168,0.009,1,37.26,0.013,0.004,22,question,7
2026-10-09 12:13:20.444,258.15,20261009_120902,view,question,7,606,manual,lie,76.1,181.9,1,0.177,0.168,0.009,1,37.29,0.012,0.004,22,question,7
2026-10-09 12:13:20.646,258.35,20261009_120902,view,question,7,606,manual,lie,76.1,181.9,1,0.176,0.168,0.009,1,37.28,0.011,0.004,22,question,7
2026-10-09 12:13:20.849,258.55,20261009_120902,view,question,7,606,manual,lie,76.1,181.9,1,0.173,0.168,0.005,1,37.24,0.011,0.004,22,question,7
2026-10-09 12:13:21.055,258.76,20261009_120902,view,question,7,606,manual,lie,76.1,181.9,1,0.174,0.168,0.006,1,37.27,0.011,0.004,22,question,7
2026-10-09 12:13:21.264,258.97,20261009_120902,view,question,7,606,manual,lie,76.1,181.9,1,0.175,0.168,0.007,1,37.28,0.014,0.004,22,question,7
2026-10-09 12:13:21.469,259.17,20261009_120902,view,question,7,606,manual,lie,76.1,181.9,1,0.175,0.168,0.007,1,37.3,0.014,0.004,22,question,7
2026-10-09 12:13:21.682,259.38,20261009_120902,view,question,7,606,manual,lie,76.1,181.9,1,0.176,0.168,0.008,1,37.32,0.013,0.004,23,question,7
2026-10-09 12:13:21.876,259.58,20261009_120902,view,question,7,606,manual,lie,76.1,181.9,1,0.176,0.168,0.008,1,37.34,0.012,0.004,23,question,7
2026-10-09 12:13:22.088,259.79,20261009_120902,view,question,7,606,manual,lie,78.3,189.2,1,0.176,0.169,0.008,1,37.33,0.013,0.004,23,question,7
2026-10-09 12:13:22.287,259.99,20261009_120902,view,question,7,606,manual,lie,78.3,189.2,1,0.159,0.169,-0.009,1,37.13,0.013,0.005,22,question,6
2026-10-09 12:13:22.492,260.19,20261009_120902,view,question,7,606,manual,lie,78.3,189.2,1,0.167,0.169,-0.002,1,37.17,0.013,0.005,22,question,6
2026-10-09 12:13:22.698,260.4,20261009_120902,view,question,7,606,manual,lie,78.3,189.6,1,0.171,0.169,0.002,1,37.19,0.012,0.006,22,question,6
2026-10-09 12:13:22.905,260.61,20261009_120902,view,question,7,606,manual,lie,78.3,189.6,1,0.173,0.169,0.005,1,37.21,0.012,0.005,22,question,6
2026-10-09 12:13:23.111,260.81,20261009_120902,view,question,7,606,manual,lie,78.3,189.6,1,0.175,0.169,0.006,1,37.24,0.012,0.005,23,question,6
2026-10-09 12:13:23.314,261.02,20261009_120902,view,question,7,606,manual,lie,78.3,189.6,1,0.177,0.169,0.008,1,37.28,0.011,0.005,23,question,6
2026-10-09 12:13:23.520,261.22,20261009_120902,view,question,7,606,manual,lie,78.3,189.6,1,0.178,0.169,0.009,1,37.3,0.01,0.005,23,question,7
2026-10-09 12:13:23.726,261.43,20261009_120902,view,question,7,606,manual,lie,78.3,189.6,1,0.178,0.169,0.009,1,37.33,0.013,0.005,23,question,7
2026-10-09 12:13:23.934,261.64,20261009_120902,view,question,7,606,manual,lie,78.3,189.6,1,0.179,0.169,0.01,1,37.36,0.012,0.004,23,question,7
2026-10-09 12:13:24.147,261.85,20261009_120902,view,question,7,606,manual,lie,78.3,189.6,1,0.179,0.169,0.01,1,37.38,0.012,0.005,23,question,7
2026-10-09 12:13:24.344,262.05,20261009_120902,view,question,7,606,manual,lie,78.3,189.6,1,0.179,0.169,0.01,1,37.4,0.012,0.005,23,question,7
2026-10-09 12:13:24.555,262.26,20261009_120902,view,question,7,606,manual,lie,94.9,184.7,1,0.179,0.17,0.01,1,37.41,0.011,0.004,24,question,7
2026-10-09 12:13:24.754,262.46,20261009_120902,view,question,7,606,manual,lie,94.9,184.7,1,0.18,0.17,0.01,1,37.43,0.013,0.005,25,question,7
2026-10-09 12:13:24.959,262.66,20261009_120902,view,question,7,606,manual,lie,94.9,184.7,1,0.18,0.17,0.01,1,37.44,0.012,0.005,26,question,7
2026-10-09 12:13:25.171,262.87,20261009_120902,view,question,7,606,manual,lie,95.4,182.1,1,0.179,0.17,0.01,1,37.44,0.011,0.005,26,question,7
2026-10-09 12:13:25.378,263.08,20261009_120902,view,question,7,606,manual,lie,95.4,182.1,1,0.179,0.17,0.009,1,37.45,0.01,0.005,27,question,7
2026-10-09 12:13:25.580,263.28,20261009_120902,view,question,7,606,manual,lie,95.4,182.1,1,0.178,0.17,0.007,1,37.38,0.01,0.005,27,question,7
2026-10-09 12:13:25.789,263.49,20261009_120902,view,question,7,606,manual,lie,95.4,181.9,1,0.178,0.17,0.008,1,37.38,0.013,0.005,27,question,7
2026-10-09 12:13:25.994,263.7,20261009_120902,view,question,7,606,manual,lie,95.4,181.9,1,0.179,0.17,0.008,1,37.39,0.012,0.005,27,question,7
2026-10-09 12:13:26.198,263.9,20261009_120902,view,question,7,606,manual,lie,95.4,181.9,1,0.179,0.17,0.009,1,37.41,0.012,0.005,28,question,7
2026-10-09 12:13:26.408,264.11,20261009_120902,view,question,7,606,manual,lie,95.4,181.9,1,0.179,0.171,0.008,1,37.41,0.011,0.005,28,question,7
2026-10-09 12:13:26.614,264.32,20261009_120902,view,question,7,606,manual,lie,95.4,181.9,1,0.173,0.171,0.003,1,37.21,0.011,0.005,28,question,7
2026-10-09 12:13:26.819,264.52,20261009_120902,view,question,7,606,manual,lie,95.4,181.9,1,0.167,0.171,-0.003,1,37.22,0.015,0.005,27,question,6
2026-10-09 12:13:27.025,264.73,20261009_120902,view,question,7,606,manual,lie,95.4,181.9,1,0.172,0.171,0.002,1,37.26,0.014,0.006,27,question,6
2026-10-09 12:13:27.233,264.94,20261009_120902,view,question,7,606,manual,lie,95.4,181.9,1,0.176,0.171,0.006,1,37.29,0.014,0.006,28,question,7
2026-10-09 12:13:27.438,265.14,20261009_120902,view,question,7,606,manual,lie,95.4,181.9,1,0.178,0.171,0.007,1,37.31,0.013,0.006,28,question,7
2026-10-09 12:13:27.645,265.35,20261009_120902,view,question,7,606,manual,lie,95.4,182.7,1,0.18,0.171,0.009,1,37.33,0.012,0.005,28,question,7
2026-10-09 12:13:27.855,265.56,20261009_120902,view,question,7,606,manual,lie,95.4,182.7,1,0.18,0.171,0.009,1,37.36,0.011,0.005,28,question,7
2026-10-09 12:13:28.059,265.76,20261009_120902,view,question,7,606,manual,lie,95.4,182.7,1,0.18,0.171,0.009,1,37.38,0.014,0.006,28,question,7
2026-10-09 12:13:28.265,265.97,20261009_120902,view,question,7,606,manual,lie,95.4,182.7,1,0.181,0.171,0.01,1,37.39,0.014,0.005,28,question,7
2026-10-09 12:13:28.469,266.17,20261009_120902,view,question,7,606,manual,lie,95.4,182.7,1,0.181,0.171,0.01,1,37.41,0.015,0.006,28,question,7
2026-10-09 12:13:28.675,266.38,20261009_120902,view,question,7,606,manual,lie,95.4,182.7,1,0.181,0.172,0.01,1,37.43,0.014,0.005,29,question,7
2026-10-09 12:13:28.884,266.59,20261009_120902,view,question,7,606,manual,lie,95.4,182.7,1,0.183,0.172,0.011,1,37.44,0.017,0.006,29,question,7
2026-10-09 12:13:29.088,266.79,20261009_120902,view,question,7,606,manual,lie,95.4,182.7,1,0.183,0.172,0.011,1,37.45,0.018,0.007,29,question,7
2026-10-09 12:13:29.302,267.0,20261009_120902,view,recovery,7,606,manual,lie,95.9,192.6,1,0.182,0.172,0.01,1,37.44,0.018,0.007,29,ready,7
2026-10-09 12:13:29.500,267.2,20261009_120902,view,recovery,7,606,manual,lie,95.9,192.6,1,0.182,0.172,0.01,1,37.44,0.018,0.007,29,ready,7
2026-10-09 12:13:29.707,267.41,20261009_120902,view,recovery,7,606,manual,lie,95.9,192.6,1,0.18,0.172,0.008,1,37.39,0.017,0.007,29,ready,7
2026-10-09 12:13:29.917,267.62,20261009_120902,view,recovery,7,606,manual,lie,95.9,174.6,1,0.182,0.172,0.01,1,37.41,0.016,0.007,29,ready,7
2026-10-09 12:13:30.126,267.83,20261009_120902,view,recovery,7,606,manual,lie,95.9,174.6,1,0.182,0.173,0.01,1,37.41,0.016,0.007,29,ready,7
2026-10-09 12:13:30.326,268.03,20261009_120902,view,recovery,7,606,manual,lie,95.9,174.6,1,0.182,0.173,0.009,1,37.4,0.015,0.006,29,ready,7
2026-10-09 12:13:30.537,268.24,20261009_120902,view,recovery,7,606,manual,lie,95.9,174.6,1,0.182,0.173,0.009,1,37.38,0.015,0.006,29,ready,7
2026-10-09 12:13:30.742,268.44,20261009_120902,view,recovery,7,606,manual,lie,95.9,174.6,1,0.181,0.173,0.008,1,37.37,0.014,0.006,29,ready,7
2026-10-09 12:13:30.949,268.65,20261009_120902,view,recovery,7,606,manual,lie,95.9,174.6,1,0.181,0.173,0.008,1,37.37,0.014,0.005,29,ready,6
2026-10-09 12:13:31.152,268.85,20261009_120902,view,rest,,,,,95.9,174.6,1,0.182,0.173,0.009,1,37.38,0.013,0.005,29,ready,6
2026-10-09 12:13:31.356,269.06,20261009_120902,view,rest,,,,,95.9,161.2,1,0.183,0.173,0.009,1,37.39,0.014,0.005,29,ready,6
2026-10-09 12:13:31.579,269.28,20261009_120902,view,rest,,,,,95.9,161.2,1,0.183,0.173,0.01,1,37.41,0.014,0.005,29,ready,6
2026-10-09 12:13:33.742,271.44,20261009_120902,view,question,8,607,manual,truth,97.8,152.7,1,0.185,0.175,0.01,1,37.32,0.012,0.005,30,question,6
2026-10-09 12:13:33.945,271.65,20261009_120902,view,question,8,607,manual,truth,100.2,152.7,1,0.184,0.175,0.009,1,37.3,0.012,0.004,30,question,6
2026-10-09 12:13:34.150,271.85,20261009_120902,view,question,8,607,manual,truth,100.2,152.7,1,0.185,0.175,0.01,1,37.32,0.011,0.004,30,question,6
2026-10-09 12:13:34.350,272.05,20261009_120902,view,question,8,607,manual,truth,100.2,152.7,1,0.186,0.175,0.011,1,37.34,0.011,0.004,30,question,6
2026-10-09 12:13:34.561,272.26,20261009_120902,view,question,8,607,manual,truth,100.2,152.7,1,0.187,0.175,0.012,1,37.36,0.01,0.004,31,question,6
2026-10-09 12:13:34.764,272.47,20261009_120902,view,question,8,607,manual,truth,100.2,152.7,1,0.188,0.175,0.012,1,37.38,0.01,0.004,31,question,6
2026-10-09 12:13:34.970,272.67,20261009_120902,view,question,8,607,manual,truth,100.2,152.7,1,0.188,0.175,0.012,1,37.4,0.011,0.004,31,question,6
2026-10-09 12:13:35.179,272.88,20261009_120902,view,question,8,607,manual,truth,100.2,152.7,1,0.19,0.176,0.014,1,37.42,0.015,0.006,31,question,6
2026-10-09 12:13:35.386,273.09,20261009_120902,view,question,8,607,manual,truth,100.2,88.4,1,0.19,0.176,0.015,1,37.43,0.016,0.006,31,question,6
2026-10-09 12:13:35.593,273.3,20261009_120902,view,question,8,607,manual,truth,100.2,88.4,1,0.19,0.176,0.014,1,37.45,0.017,0.006,32,question,6
2026-10-09 12:13:35.793,273.49,20261009_120902,view,question,8,607,manual,truth,100.2,88.4,1,0.188,0.176,0.012,1,37.44,0.016,0.005,32,question,6
2026-10-09 12:13:36.005,273.71,20261009_120902,view,question,8,607,manual,truth,100.2,88.4,1,0.187,0.176,0.011,1,37.44,0.017,0.005,32,question,6
2026-10-09 12:13:36.205,273.91,20261009_120902,view,question,8,607,manual,truth,103.0,88.4,1,0.187,0.176,0.01,1,37.42,0.016,0.005,32,question,6
2026-10-09 12:13:36.411,274.11,20261009_120902,view,question,8,607,manual,truth,103.0,88.4,1,0.187,0.177,0.011,1,37.42,0.016,0.005,32,question,6
2026-10-09 12:13:36.615,274.32,20261009_120902,view,question,8,607,manual,truth,103.0,88.4,1,0.187,0.177,0.011,1,37.44,0.015,0.005,32,question,6
2026-10-09 12:13:36.822,274.52,20261009_120902,view,question,8,607,manual,truth,103.0,88.4,1,0.19,0.177,0.013,1,37.45,0.015,0.005,32,question,6
2026-10-09 12:13:37.024,274.73,20261009_120902,view,question,8,607,manual,truth,103.0,88.4,1,0.191,0.177,0.014,1,37.46,0.015,0.006,32,question,6
2026-10-09 12:13:37.230,274.93,20261009_120902,view,question,8,607,manual,truth,103.0,88.4,1,0.19,0.177,0.013,1,37.45,0.013,0.005,33,question,6
2026-10-09 12:13:37.439,275.14,20261009_120902,view,question,8,607,manual,truth,103.0,88.4,1,0.186,0.177,0.009,1,37.29,0.012,0.005,32,question,6
2026-10-09 12:13:37.640,275.34,20261009_120902,view,question,8,607,manual,truth,103.0,88.4,1,0.18,0.177,0.003,1,37.23,0.015,0.005,32,question,6
2026-10-09 12:13:41.764,279.47,20261009_120902,view,question,8,607,manual,truth,112.5,98.8,1,0.201,0.181,0.02,1,37.32,0.011,0.003,37,question,6
2026-10-09 12:13:41.955,279.66,20261009_120902,view,question,8,607,manual,truth,112.5,98.8,1,0.199,0.181,0.018,1,37.31,0.01,0.004,37,question,6
2026-10-09 12:13:42.164,279.87,20261009_120902,view,question,8,607,manual,truth,112.5,98.8,1,0.2,0.181,0.018,1,37.32,0.013,0.004,37,question,6
2026-10-09 12:13:42.375,280.08,20261009_120902,view,question,8,607,manual,truth,,,1,0.2,0.182,0.019,1,37.33,0.012,0.004,39,question,6
2026-10-09 12:13:42.582,280.28,20261009_120902,view,question,8,607,manual,truth,,,1,0.202,0.182,0.02,1,37.35,0.011,0.004,40,question,6
2026-10-09 12:13:42.774,280.48,20261009_120902,view,question,8,607,manual,truth,,,1,0.202,0.182,0.02,1,37.37,0.011,0.004,41,question,6
2026-10-09 12:13:42.974,280.68,20261009_120902,view,question,8,607,manual,truth,,,1,0.205,0.182,0.022,1,37.39,0.011,0.004,42,question,6
2026-10-09 12:13:43.174,280.88,20261009_120902,view,question,8,607,manual,truth,,,1,0.205,0.183,0.023,1,37.41,0.013,0.004,42,question,6
2026-10-09 12:13:43.389,281.09,20261009_120902,view,question,8,607,manual,truth,,,1,0.206,0.183,0.023,1,37.42,0.012,0.003,43,question,6
2026-10-09 12:13:43.585,281.29,20261009_120902,view,question,8,607,manual,truth,59.0,,1,0.207,0.183,0.023,1,37.43,0.011,0.003,40,question,6
2026-10-09 12:13:43.794,281.5,20261009_120902,view,question,8,607,manual,truth,59.0,,1,0.207,0.184,0.023,1,37.45,0.01,0.004,37,question,6
2026-10-09 12:13:43.999,281.7,20261009_120902,view,question,8,607,manual,truth,59.0,,1,0.207,0.184,0.023,1,37.46,0.013,0.004,34,question,6
2026-10-09 12:13:44.205,281.91,20261009_120902,view,question,8,607,manual,truth,67.4,,1,0.208,0.184,0.024,1,37.47,0.013,0.003,33,question,6
2026-10-09 12:13:44.414,282.12,20261009_120902,view,question,8,607,manual,truth,67.4,,1,0.209,0.185,0.024,1,37.48,0.012,0.003,32,question,6
2026-10-09 12:13:44.619,282.32,20261009_120902,view,question,8,607,manual,truth,67.4,,1,0.206,0.185,0.021,1,37.46,0.011,0.003,31,question,6
2026-10-09 12:13:44.832,282.53,20261009_120902,view,question,8,607,manual,truth,67.4,,1,0.205,0.185,0.02,1,37.44,0.011,0.003,30,question,6
2026-10-09 12:13:45.037,282.74,20261009_120902,view,question,8,607,manual,truth,67.4,,1,0.207,0.186,0.022,1,37.45,0.011,0.003,28,question,6
2026-10-09 12:13:45.246,282.95,20261009_120902,view,question,8,607,manual,truth,67.4,,1,0.209,0.186,0.023,1,37.46,0.011,0.003,28,question,6
2026-10-09 12:13:45.454,283.16,20261009_120902,view,recovery,8,607,manual,truth,73.5,,1,0.209,0.186,0.023,1,37.47,0.011,0.004,28,ready,6
2026-10-09 12:13:45.652,283.35,20261009_120902,view,recovery,8,607,manual,truth,73.5,,1,0.209,0.186,0.023,1,37.47,0.011,0.004,28,ready,6
2026-10-09 12:13:45.857,283.56,20261009_120902,view,recovery,8,607,manual,truth,73.5,,1,0.206,0.187,0.02,1,37.45,0.01,0.003,28,ready,6
2026-10-09 12:13:46.065,283.77,20261009_120902,view,recovery,8,607,manual,truth,73.5,,1,0.207,0.187,0.02,1,37.42,0.014,0.005,28,ready,6
2026-10-09 12:13:46.270,283.97,20261009_120902,view,recovery,8,607,manual,truth,67.4,,1,0.209,0.187,0.021,1,37.44,0.015,0.005,28,ready,6
2026-10-09 12:13:46.475,284.18,20261009_120902,view,recovery,8,607,manual,truth,67.4,,1,0.21,0.188,0.022,1,37.45,0.016,0.005,27,ready,6
2026-10-09 12:13:46.679,284.38,20261009_120902,view,recovery,8,607,manual,truth,67.4,,1,0.21,0.188,0.022,1,37.46,0.016,0.005,27,ready,6
2026-10-09 12:13:46.890,284.59,20261009_120902,view,recovery,8,607,manual,truth,67.4,,1,0.21,0.188,0.022,1,37.43,0.015,0.005,27,ready,6
2026-10-09 12:13:47.095,284.8,20261009_120902,view,recovery,8,607,manual,truth,80.7,333.5,1,0.196,0.188,0.007,1,37.2,0.014,0.005,27,ready,6
2026-10-09 12:13:47.296,285.0,20261009_120902,view,recovery,8,607,manual,truth,80.7,333.5,1,0.201,0.189,0.013,1,37.24,0.016,0.005,28,ready,6
2026-10-09 12:13:47.501,285.2,20261009_120902,view,recovery,8,607,manual,truth,80.7,333.5,1,0.206,0.189,0.017,1,37.27,0.015,0.005,28,ready,6
2026-10-09 12:13:47.707,285.41,20261009_120902,view,recovery,8,607,manual,truth,81.0,301.5,1,0.208,0.189,0.019,1,37.3,0.015,0.005,28,ready,6
2026-10-09 12:13:47.915,285.62,20261009_120902,view,rest,,,,,81.0,301.5,1,0.21,0.189,0.021,1,37.33,0.014,0.005,29,ready,6
2026-10-09 12:13:48.120,285.82,20261009_120902,view,rest,,,,,81.0,301.5,1,0.211,0.19,0.021,1,37.33,0.014,0.005,29,ready,6
2026-10-09 12:13:48.332,286.03,20261009_120902,view,rest,,,,,81.0,275.3,1,0.212,0.19,0.022,1,37.35,0.013,0.005,29,ready,6
2026-10-09 12:13:48.529,286.23,20261009_120902,view,rest,,,,,81.0,275.3,1,0.212,0.19,0.022,1,37.38,0.013,0.006,30,ready,6
2026-10-09 12:13:48.735,286.44,20261009_120902,view,rest,,,,,81.0,275.3,1,0.213,0.19,0.023,1,37.4,0.014,0.006,30,ready,6
2026-10-09 12:13:48.940,286.64,20261009_120902,view,rest,,,,,81.0,275.3,1,0.213,0.191,0.023,1,37.42,0.013,0.006,30,ready,6
2026-10-09 12:13:49.142,286.84,20261009_120902,view,question,9,608,manual,lie,81.0,275.3,1,0.213,0.191,0.022,1,37.41,0.013,0.006,30,question,6
2026-10-09 12:13:49.345,287.05,20261009_120902,view,question,9,608,manual,lie,81.0,275.3,1,0.213,0.191,0.021,1,37.42,0.012,0.006,30,question,6
2026-10-09 12:13:49.555,287.26,20261009_120902,view,question,9,608,manual,lie,81.0,275.3,1,0.213,0.192,0.021,1,37.43,0.013,0.005,31,question,6
2026-10-09 12:13:49.764,287.47,20261009_120902,view,question,9,608,manual,lie,81.0,275.3,1,0.213,0.192,0.021,1,37.43,0.013,0.005,31,question,6
2026-10-09 12:13:49.966,287.67,20261009_120902,view,question,9,608,manual,lie,81.0,275.3,1,0.214,0.192,0.022,1,37.45,0.012,0.005,31,question,6
2026-10-09 12:13:50.169,287.87,20261009_120902,view,question,9,608,manual,lie,81.0,275.3,1,0.213,0.192,0.021,1,37.45,0.012,0.005,31,question,6
2026-10-09 12:13:50.375,288.08,20261009_120902,view,question,9,608,manual,lie,81.0,275.3,1,0.213,0.193,0.02,1,37.45,0.015,0.005,31,question,6
2026-10-09 12:13:50.583,288.28,20261009_120902,view,question,9,608,manual,lie,81.0,275.3,1,0.214,0.193,0.021,1,37.46,0.017,0.007,31,question,6
2026-10-09 12:13:50.786,288.49,20261009_120902,view,question,9,608,manual,lie,,,1,0.214,0.193,0.021,1,37.47,0.017,0.007,34,question,6
2026-10-09 12:13:50.995,288.7,20261009_120902,view,question,9,608,manual,lie,,,1,0.214,0.194,0.021,1,37.48,0.016,0.006,37,question,6
2026-10-09 12:13:51.206,288.91,20261009_120902,view,question,9,608,manual,lie,,,1,0.215,0.194,0.021,1,37.47,0.015,0.006,39,question,6
2026-10-09 12:13:51.408,289.11,20261009_120902,view,question,9,608,manual,lie,,,1,0.208,0.194,0.014,1,37.3,0.016,0.006,41,question,6
2026-10-09 12:13:51.616,289.32,20261009_120902,view,question,9,608,manual,lie,103.6,,1,0.202,0.194,0.008,1,37.29,0.016,0.005,40,question,6
2026-10-09 12:13:51.828,289.53,20261009_120902,view,question,9,608,manual,lie,103.6,,1,0.208,0.194,0.014,1,37.32,0.016,0.006,39,question,6
2026-10-09 12:13:52.030,289.73,20261009_120902,view,question,9,608,manual,lie,131.0,,1,0.211,0.195,0.016,1,37.33,0.018,0.006,41,question,6
2026-10-09 12:13:52.236,289.94,20261009_120902,view,question,9,608,manual,lie,131.0,,1,0.214,0.195,0.019,1,37.36,0.017,0.006,42,question,6
2026-10-09 12:13:52.444,290.15,20261009_120902,view,question,9,608,manual,lie,131.0,,1,0.216,0.195,0.021,1,37.38,0.016,0.005,43,question,6
2026-10-09 12:13:52.644,290.35,20261009_120902,view,question,9,608,manual,lie,131.0,,1,0.217,0.195,0.022,1,37.4,0.015,0.005,44,question,6
2026-10-09 12:13:52.849,290.55,20261009_120902,view,question,9,608,manual,lie,131.0,,1,0.217,0.196,0.021,1,37.4,0.015,0.005,45,question,6
2026-10-09 12:13:53.056,290.76,20261009_120902,view,question,9,608,manual,lie,131.0,,1,0.217,0.196,0.021,1,37.42,0.014,0.005,46,question,6
2026-10-09 12:13:53.264,290.97,20261009_120902,view,question,9,608,manual,lie,131.0,,1,0.218,0.196,0.022,1,37.44,0.012,0.004,47,question,6
2026-10-09 12:13:53.469,291.17,20261009_120902,view,question,9,608,manual,lie,131.0,,1,0.218,0.197,0.022,1,37.46,0.014,0.004,47,question,6
2026-10-09 12:13:53.674,291.38,20261009_120902,view,question,9,608,manual,lie,131.0,,1,0.218,0.197,0.021,1,37.47,0.014,0.004,47,question,6
2026-10-09 12:13:53.886,291.59,20261009_120902,view,question,9,608,manual,lie,131.0,,1,0.218,0.197,0.021,1,37.47,0.013,0.004,48,question,6
2026-10-09 12:13:54.084,291.79,20261009_120902,view,question,9,608,manual,lie,131.0,,1,0.214,0.198,0.016,1,37.37,0.012,0.004,48,question,6
2026-10-09 12:13:54.289,291.99,20261009_120902,view,question,9,608,manual,lie,131.0,,1,0.215,0.198,0.017,1,37.37,0.013,0.004,48,question,6
2026-10-09 12:13:54.494,292.2,20261009_120902,view,question,9,608,manual,lie,131.0,,1,0.216,0.198,0.018,1,37.38,0.014,0.004,48,question,6
2026-10-09 12:13:54.707,292.41,20261009_120902,view,question,9,608,manual,lie,131.0,,1,0.217,0.198,0.019,1,37.4,0.016,0.003,48,question,6
2026-10-09 12:13:54.910,292.61,20261009_120902,view,question,9,608,manual,lie,,,1,0.218,0.198,0.02,1,37.42,0.015,0.004,48,question,6
2026-10-09 12:13:55.116,292.82,20261009_120902,view,question,9,608,manual,lie,,,1,0.219,0.199,0.02,1,37.43,0.014,0.004,49,question,6
2026-10-09 12:13:55.330,293.03,20261009_120902,view,question,9,608,manual,lie,,,1,0.219,0.199,0.02,1,37.45,0.013,0.004,49,question,6
2026-10-09 12:13:55.534,293.24,20261009_120902,view,question,9,608,manual,lie,64.0,,1,0.218,0.199,0.019,1,37.39,0.014,0.004,45,question,6
2026-10-09 12:13:55.736,293.44,20261009_120902,view,question,9,608,manual,lie,64.0,,1,0.208,0.199,0.009,1,37.25,0.015,0.005,42,question,6
2026-10-09 12:13:55.944,293.65,20261009_120902,view,question,9,608,manual,lie,64.0,,1,0.213,0.2,0.013,1,37.28,0.014,0.005,39,question,6
2026-10-09 12:13:56.149,293.85,20261009_120902,view,question,9,608,manual,lie,64.0,,1,0.216,0.2,0.016,1,37.31,0.016,0.005,37,question,6
2026-10-09 12:13:56.357,294.06,20261009_120902,view,question,9,608,manual,lie,95.5,,1,0.218,0.2,0.018,1,37.33,0.02,0.006,37,question,6
2026-10-09 12:13:56.564,294.27,20261009_120902,view,question,9,608,manual,lie,95.5,,1,0.218,0.2,0.018,1,37.32,0.019,0.005,37,question,6
2026-10-09 12:13:56.772,294.47,20261009_120902,view,question,9,608,manual,lie,95.5,,1,0.219,0.201,0.019,1,37.34,0.018,0.005,37,question,6
2026-10-09 12:13:56.977,294.68,20261009_120902,view,question,9,608,manual,lie,87.0,,1,0.22,0.201,0.019,1,37.36,0.017,0.005,36,question,6
2026-10-09 12:13:57.185,294.89,20261009_120902,view,question,9,608,manual,lie,87.0,,1,0.221,0.201,0.02,1,37.38,0.016,0.005,36,question,6
2026-10-09 12:13:57.392,295.09,20261009_120902,view,question,9,608,manual,lie,87.0,,1,0.221,0.201,0.02,1,37.4,0.015,0.004,36,question,6
2026-10-09 12:13:57.599,295.3,20261009_120902,view,question,9,608,manual,lie,95.5,331.8,1,0.222,0.202,0.02,1,37.43,0.014,0.004,36,question,6
2026-10-09 12:13:57.804,295.51,20261009_120902,view,question,9,608,manual,lie,95.5,331.8,1,0.221,0.202,0.02,1,37.44,0.014,0.004,36,question,6
2026-10-09 12:13:58.012,295.71,20261009_120902,view,question,9,608,manual,lie,95.5,331.8,1,0.222,0.202,0.02,1,37.46,0.013,0.004,37,question,6
2026-10-09 12:13:58.216,295.92,20261009_120902,view,question,9,608,manual,lie,95.5,331.8,1,0.222,0.202,0.02,1,37.46,0.013,0.005,37,question,6
2026-10-09 12:13:58.426,296.13,20261009_120902,view,question,9,608,manual,lie,95.5,331.8,1,0.222,0.203,0.02,1,37.47,0.012,0.005,37,question,6
2026-10-09 12:13:58.633,296.33,20261009_120902,view,question,9,608,manual,lie,95.5,331.8,1,0.222,0.203,0.019,1,37.48,0.011,0.005,37,question,6
2026-10-09 12:13:58.837,296.54,20261009_120902,view,question,9,608,manual,lie,95.5,331.8,1,0.222,0.203,0.019,1,37.48,0.013,0.004,37,question,6
2026-10-09 12:13:59.046,296.75,20261009_120902,view,question,9,608,manual,lie,95.5,331.8,1,0.223,0.203,0.019,1,37.49,0.012,0.004,37,question,6
2026-10-09 12:13:59.255,296.96,20261009_120902,view,question,9,608,manual,lie,95.5,331.8,1,0.223,0.204,0.019,1,37.5,0.012,0.004,37,question,6
2026-10-09 12:13:59.466,297.17,20261009_120902,view,question,9,608,manual,lie,95.5,331.8,1,0.224,0.204,0.02,1,37.51,0.014,0.004,38,question,6
2026-10-09 12:13:59.665,297.37,20261009_120902,view,question,9,608,manual,lie,95.5,331.8,1,0.223,0.204,0.019,1,37.5,0.013,0.004,38,question,6
2026-10-09 12:14:03.833,301.54,20261009_120902,view,rest,,,,,94.3,258.8,1,0.234,0.209,0.026,1,37.26,0.014,0.005,38,ready,6
2026-10-09 12:14:04.035,301.74,20261009_120902,view,rest,,,,,94.3,258.8,1,0.235,0.209,0.026,1,37.29,0.015,0.005,39,ready,6
2026-10-09 12:14:04.239,301.94,20261009_120902,view,rest,,,,,94.3,258.8,1,0.236,0.209,0.027,1,37.3,0.014,0.005,39,ready,6
2026-10-09 12:14:04.444,302.15,20261009_120902,view,rest,,,,,94.3,258.8,1,0.234,0.21,0.024,1,37.25,0.013,0.005,39,ready,6
2026-10-09 12:14:04.650,302.35,20261009_120902,view,rest,,,,,94.3,258.8,1,0.239,0.21,0.028,1,37.28,0.012,0.005,39,ready,6
2026-10-09 12:14:04.854,302.56,20261009_120902,view,rest,,,,,94.3,258.8,1,0.239,0.21,0.029,1,37.31,0.012,0.005,40,ready,6
2026-10-09 12:14:05.065,302.77,20261009_120902,view,rest,,,,,94.3,258.8,1,0.242,0.211,0.031,1,37.33,0.012,0.005,40,ready,6
2026-10-09 12:14:05.266,302.97,20261009_120902,view,rest,,,,,94.3,258.8,1,0.243,0.211,0.032,1,37.36,0.012,0.004,40,ready,6
2026-10-09 12:14:05.468,303.17,20261009_120902,view,rest,,,,,94.3,258.8,1,0.245,0.212,0.033,1,37.39,0.011,0.004,41,ready,6
2026-10-09 12:14:05.676,303.38,20261009_120902,view,rest,,,,,94.3,258.8,1,0.247,0.212,0.035,1,37.41,0.01,0.004,41,ready,6
2026-10-09 12:14:05.876,303.58,20261009_120902,view,rest,,,,,94.3,258.8,1,0.246,0.213,0.033,1,37.42,0.009,0.004,41,ready,6
2026-10-09 12:14:06.084,303.79,20261009_120902,view,rest,,,,,94.3,258.8,1,0.244,0.213,0.031,1,37.43,0.009,0.004,42,ready,6
2026-10-09 12:14:06.296,304.0,20261009_120902,view,recovery,10,609,manual,truth,,,1,0.245,0.214,0.031,1,37.44,0.012,0.004,45,ready,6
2026-10-09 12:14:06.496,304.2,20261009_120902,view,question,10,609,manual,truth,,,1,0.244,0.214,0.03,1,37.44,0.012,0.004,47,question,6
2026-10-09 12:14:06.696,304.4,20261009_120902,view,question,10,609,manual,truth,,,1,0.244,0.214,0.03,1,37.43,0.012,0.004,49,question,6
2026-10-09 12:14:06.905,304.61,20261009_120902,view,question,10,609,manual,truth,,,1,0.247,0.215,0.032,1,37.45,0.012,0.004,51,question,6
2026-10-09 12:14:07.114,304.82,20261009_120902,view,question,10,609,manual,truth,,,1,0.249,0.215,0.033,1,37.46,0.014,0.004,53,question,6
2026-10-09 12:14:07.319,305.02,20261009_120902,view,question,10,609,manual,truth,,,1,0.249,0.216,0.034,1,37.48,0.014,0.005,54,question,6
2026-10-09 12:14:07.528,305.23,20261009_120902,view,question,10,609,manual,truth,,,1,0.25,0.216,0.034,1,37.47,0.014,0.004,56,question,6
2026-10-09 12:14:07.738,305.44,20261009_120902,view,question,10,609,manual,truth,105.5,258.8,1,0.234,0.216,0.017,1,37.15,0.014,0.005,54,question,6
2026-10-09 12:14:07.944,305.65,20261009_120902,view,question,10,609,manual,truth,105.5,258.8,1,0.245,0.217,0.028,1,37.22,0.015,0.005,51,question,6
2026-10-09 12:14:08.154,305.86,20261009_120902,view,question,10,609,manual,truth,105.5,258.8,1,0.248,0.217,0.031,1,37.26,0.015,0.005,50,question,6
2026-10-09 12:14:08.353,306.06,20261009_120902,view,question,10,609,manual,truth,105.5,258.8,1,0.251,0.218,0.033,1,37.29,0.014,0.005,50,question,6
2026-10-09 12:14:08.558,306.26,20261009_120902,view,question,10,609,manual,truth,105.5,258.8,1,0.252,0.218,0.034,1,37.33,0.013,0.005,50,question,6
2026-10-09 12:14:08.769,306.47,20261009_120902,view,question,10,609,manual,truth,105.5,258.8,1,0.253,0.219,0.035,1,37.35,0.013,0.005,49,question,6
2026-10-09 12:14:08.974,306.68,20261009_120902,view,question,10,609,manual,truth,105.5,258.8,1,0.253,0.219,0.034,1,37.37,0.015,0.005,49,question,6
2026-10-09 12:14:09.179,306.88,20261009_120902,view,question,10,609,manual,truth,105.5,258.8,1,0.253,0.22,0.034,1,37.38,0.015,0.005,49,question,6
2026-10-09 12:14:09.393,307.09,20261009_120902,view,question,10,609,manual,truth,105.5,258.8,1,0.254,0.22,0.034,1,37.4,0.014,0.005,49,question,6
2026-10-09 12:14:09.594,307.3,20261009_120902,view,question,10,609,manual,truth,105.5,258.8,1,0.255,0.221,0.034,1,37.42,0.013,0.004,49,question,6
2026-10-09 12:14:09.799,307.5,20261009_120902,view,question,10,609,manual,truth,105.5,258.8,1,0.255,0.221,0.034,1,37.43,0.013,0.004,49,question,6
2026-10-09 12:14:10.005,307.71,20261009_120902,view,question,10,609,manual,truth,107.0,115.1,1,0.255,0.222,0.034,1,37.45,0.012,0.004,49,question,6
2026-10-09 12:14:10.207,307.91,20261009_120902,view,question,10,609,manual,truth,107.0,115.1,1,0.255,0.222,0.033,1,37.46,0.011,0.004,49,question,6
2026-10-09 12:14:10.413,308.12,20261009_120902,view,question,10,609,manual,truth,107.0,115.1,1,0.254,0.222,0.032,1,37.45,0.011,0.004,49,question,6
2026-10-09 12:14:10.615,308.32,20261009_120902,view,question,10,609,manual,truth,107.0,115.1,1,0.255,0.223,0.032,1,37.47,0.011,0.004,49,question,6
2026-10-09 12:14:10.824,308.53,20261009_120902,view,question,10,609,manual,truth,107.0,115.1,1,0.256,0.223,0.032,1,37.47,0.012,0.004,49,question,6
2026-10-09 12:14:11.030,308.73,20261009_120902,view,question,10,609,manual,truth,110.5,124.3,1,0.256,0.224,0.033,1,37.49,0.011,0.004,49,question,6
2026-10-09 12:14:11.236,308.94,20261009_120902,view,question,10,609,manual,truth,110.5,124.3,1,0.257,0.224,0.033,1,37.48,0.011,0.004,50,question,6
2026-10-09 12:14:11.445,309.15,20261009_120902,view,question,10,609,manual,truth,110.5,124.3,1,0.258,0.225,0.033,1,37.48,0.01,0.004,50,question,6
2026-10-09 12:14:11.655,309.36,20261009_120902,view,question,10,609,manual,truth,110.5,124.3,1,0.258,0.225,0.033,1,37.48,0.011,0.005,50,question,6
2026-10-09 12:14:11.860,309.56,20261009_120902,view,question,10,609,manual,truth,110.5,124.3,1,0.253,0.225,0.028,1,37.31,0.016,0.005,50,question,6
2026-10-09 12:14:12.064,309.77,20261009_120902,view,question,10,609,manual,truth,110.5,124.3,1,0.246,0.226,0.021,1,37.29,0.015,0.006,50,question,6
2026-10-09 12:14:12.275,309.98,20261009_120902,view,question,10,609,manual,truth,110.5,124.3,1,0.252,0.226,0.026,1,37.32,0.014,0.006,50,question,6
2026-10-09 12:14:12.478,310.18,20261009_120902,view,question,10,609,manual,truth,110.5,124.3,1,0.255,0.226,0.029,1,37.35,0.013,0.005,50,question,6
2026-10-09 12:14:12.684,310.39,20261009_120902,view,question,10,609,manual,truth,110.5,124.3,1,0.258,0.227,0.031,1,37.37,0.014,0.005,50,question,6
2026-10-09 12:14:12.896,310.6,20261009_120902,view,question,10,609,manual,truth,110.5,124.3,1,0.259,0.227,0.032,1,37.39,0.013,0.005,50,question,6
2026-10-09 12:14:13.098,310.8,20261009_120902,view,question,10,609,manual,truth,110.5,124.3,1,0.26,0.228,0.033,1,37.41,0.013,0.005,51,question,6
2026-10-09 12:14:13.309,311.01,20261009_120902,view,question,10,609,manual,truth,110.5,124.3,1,0.261,0.228,0.033,1,37.43,0.012,0.005,51,question,6
2026-10-09 12:14:13.514,311.22,20261009_120902,view,question,10,609,manual,truth,110.5,124.3,1,0.261,0.229,0.033,1,37.45,0.013,0.005,51,question,6
2026-10-09 12:14:13.719,311.42,20261009_120902,view,question,10,609,manual,truth,107.0,123.6,1,0.261,0.229,0.033,1,37.46,0.013,0.005,51,question,6
2026-10-09 12:14:13.931,311.63,20261009_120902,view,question,10,609,manual,truth,107.0,123.6,1,0.262,0.229,0.033,1,37.46,0.013,0.005,51,question,6
2026-10-09 12:14:14.134,311.84,20261009_120902,view,question,10,609,manual,truth,107.0,123.6,1,0.262,0.23,0.032,1,37.48,0.012,0.005,51,question,6
2026-10-09 12:14:14.334,312.04,20261009_120902,view,question,10,609,manual,truth,109.6,85.6,1,0.262,0.23,0.032,1,37.48,0.012,0.005,51,question,6
2026-10-09 12:14:14.544,312.25,20261009_120902,view,question,10,609,manual,truth,109.6,85.6,1,0.262,0.231,0.031,1,37.48,0.014,0.006,51,question,6
2026-10-09 12:14:14.748,312.45,20261009_120902,view,question,10,609,manual,truth,109.6,85.6,1,0.262,0.231,0.031,1,37.49,0.013,0.006,52,question,6
2026-10-09 12:14:14.956,312.66,20261009_120902,view,question,10,609,manual,truth,110.5,85.6,1,0.262,0.232,0.03,1,37.49,0.013,0.005,52,question,6
2026-10-09 12:14:15.164,312.87,20261009_120902,view,question,10,609,manual,truth,110.5,85.6,1,0.263,0.232,0.03,1,37.5,0.012,0.005,52,question,6
2026-10-09 12:14:15.368,313.07,20261009_120902,view,question,10,609,manual,truth,110.5,85.6,1,0.264,0.233,0.032,1,37.5,0.014,0.005,52,question,6
2026-10-09 12:14:15.575,313.28,20261009_120902,view,question,10,609,manual,truth,110.5,85.6,1,0.266,0.233,0.032,1,37.51,0.013,0.006,52,question,6
2026-10-09 12:14:15.800,313.5,20261009_120902,view,question,10,609,manual,truth,110.5,85.6,1,0.265,0.234,0.032,1,37.52,0.013,0.006,52,question,6
2026-10-09 12:14:15.996,313.7,20261009_120902,view,question,10,609,manual,truth,110.5,85.6,1,0.264,0.234,0.03,1,37.45,0.013,0.006,52,question,6
2026-10-09 12:14:16.199,313.9,20261009_120902,view,question,10,609,manual,truth,110.5,85.6,1,0.253,0.234,0.019,1,37.3,0.014,0.006,52,question,6
2026-10-09 12:14:16.403,314.11,20261009_120902,view,question,10,609,manual,truth,110.5,85.6,1,0.259,0.235,0.025,1,37.33,0.014,0.005,52,question,6
2026-10-09 12:14:16.608,314.31,20261009_120902,view,question,10,609,manual,truth,110.5,85.6,1,0.265,0.235,0.03,1,37.35,0.013,0.005,52,question,6
2026-10-09 12:14:16.815,314.52,20261009_120902,view,question,10,609,manual,truth,110.5,85.6,1,0.267,0.235,0.032,1,37.36,0.012,0.005,52,question,6
2026-10-09 12:14:17.026,314.73,20261009_120902,view,question,10,609,manual,truth,110.5,85.6,1,0.268,0.236,0.032,1,37.38,0.014,0.005,53,question,6
2026-10-09 12:14:17.225,314.93,20261009_120902,view,question,10,609,manual,truth,110.5,85.6,1,0.271,0.236,0.035,1,37.4,0.014,0.004,53,question,6
2026-10-09 12:14:17.425,315.13,20261009_120902,view,question,10,609,manual,truth,110.5,85.6,1,0.274,0.237,0.037,1,37.42,0.014,0.004,53,question,6
2026-10-09 12:14:17.631,315.33,20261009_120902,view,question,10,609,manual,truth,,,1,0.274,0.237,0.037,1,37.43,0.013,0.005,56,question,6
2026-10-09 12:14:17.825,315.53,20261009_120902,view,question,10,609,manual,truth,,,1,0.273,0.238,0.035,1,37.42,0.014,0.005,58,question,6
2026-10-09 12:14:18.025,315.73,20261009_120902,view,question,10,609,manual,truth,106.5,,1,0.276,0.238,0.038,1,37.44,0.014,0.005,58,question,6
2026-10-09 12:14:18.247,315.95,20261009_120902,view,recovery,10,609,manual,truth,106.5,,1,0.276,0.239,0.037,1,37.44,0.014,0.005,57,ready,6
2026-10-09 12:14:18.449,316.15,20261009_120902,view,recovery,10,609,manual,truth,106.5,,1,0.27,0.239,0.031,1,37.37,0.013,0.005,56,ready,6
2026-10-09 12:14:18.655,316.36,20261009_120902,view,recovery,10,609,manual,truth,106.5,,1,0.275,0.24,0.035,1,37.39,0.012,0.005,56,ready,6
2026-10-09 12:14:18.864,316.57,20261009_120902,view,recovery,10,609,manual,truth,106.5,,1,0.278,0.24,0.038,1,37.41,0.013,0.005,56,ready,6
2026-10-09 12:14:19.073,316.77,20261009_120902,view,recovery,10,609,manual,truth,106.5,,1,0.282,0.241,0.042,1,37.42,0.013,0.005,56,ready,6
2026-10-09 12:14:19.278,316.98,20261009_120902,view,recovery,10,609,manual,truth,75.0,,1,0.278,0.241,0.037,1,37.29,0.014,0.005,53,ready,6
2026-10-09 12:14:19.484,317.19,20261009_120902,view,recovery,10,609,manual,truth,75.0,,1,0.283,0.242,0.041,1,37.32,0.018,0.006,52,ready,6
2026-10-09 12:14:19.692,317.39,20261009_120902,view,recovery,10,609,manual,truth,75.0,,1,0.286,0.242,0.044,1,37.35,0.019,0.006,51,ready,6
2026-10-09 12:14:19.896,317.6,20261009_120902,view,recovery,10,609,manual,truth,87.1,,1,0.284,0.243,0.041,1,37.35,0.019,0.005,51,ready,6
2026-10-09 12:14:20.106,317.81,20261009_120902,view,recovery,10,609,manual,truth,87.1,,1,0.282,0.243,0.039,1,37.35,0.018,0.005,50,ready,6
2026-10-09 12:14:20.313,318.02,20261009_120902,view,recovery,10,609,manual,truth,87.1,,1,0.284,0.244,0.04,1,37.34,0.017,0.005,50,ready,6
2026-10-09 12:14:20.518,318.22,20261009_120902,view,recovery,10,609,manual,truth,103.8,689.2,1,0.284,0.244,0.039,1,37.32,0.016,0.005,51,ready,6
2026-10-09 12:14:20.724,318.43,20261009_120902,view,rest,,,,,103.8,689.2,1,0.285,0.245,0.04,1,37.32,0.017,0.005,52,ready,5
2026-10-09 12:14:20.928,318.63,20261009_120902,view,rest,,,,,103.8,689.2,1,0.288,0.246,0.042,1,37.33,0.015,0.004,53,ready,5
2026-10-09 12:14:21.135,318.84,20261009_120902,view,rest,,,,,103.8,689.2,1,0.29,0.246,0.044,1,37.32,0.015,0.004,53,ready,5
2026-10-09 12:14:21.347,319.05,20261009_120902,view,rest,,,,,103.8,689.2,1,0.291,0.247,0.045,1,37.32,0.014,0.004,54,ready,5
2026-10-09 12:14:21.553,319.26,20261009_120902,view,recovery,11,610,manual,truth,103.8,689.2,1,0.291,0.247,0.043,1,37.29,0.015,0.004,55,ready,5
2026-10-09 12:14:21.758,319.46,20261009_120902,view,question,11,610,manual,truth,103.8,689.2,1,0.28,0.248,0.033,1,37.07,0.015,0.004,54,question,5
2026-10-09 12:14:21.963,319.67,20261009_120902,view,question,11,610,manual,truth,103.8,689.2,1,0.276,0.248,0.028,1,37.06,0.014,0.004,54,question,5
2026-10-09 12:14:22.173,319.87,20261009_120902,view,question,11,610,manual,truth,103.8,689.2,1,0.284,0.249,0.035,1,37.09,0.013,0.004,54,question,5
2026-10-09 12:14:22.373,320.08,20261009_120902,view,question,11,610,manual,truth,103.8,689.2,1,0.291,0.25,0.042,1,37.12,0.013,0.004,55,question,5
2026-10-09 12:14:22.574,320.28,20261009_120902,view,question,11,610,manual,truth,103.8,689.2,1,0.294,0.25,0.044,1,37.14,0.013,0.004,56,question,5
2026-10-09 12:14:22.778,320.48,20261009_120902,view,question,11,610,manual,truth,100.2,616.5,1,0.295,0.251,0.044,1,37.15,0.013,0.004,56,question,5
2026-10-09 12:14:22.983,320.69,20261009_120902,view,question,11,610,manual,truth,100.2,616.5,1,0.296,0.251,0.044,1,37.16,0.013,0.003,56,question,5
2026-10-09 12:14:23.183,320.89,20261009_120902,view,question,11,610,manual,truth,103.8,563.6,1,0.297,0.252,0.045,1,37.15,0.015,0.004,56,question,5
2026-10-09 12:14:23.392,321.09,20261009_120902,view,question,11,610,manual,truth,103.8,563.6,1,0.297,0.253,0.044,1,37.15,0.015,0.007,57,question,5
2026-10-09 12:14:23.594,321.3,20261009_120902,view,question,11,610,manual,truth,103.8,563.6,1,0.298,0.253,0.045,1,37.16,0.016,0.007,57,question,5
2026-10-09 12:14:23.802,321.5,20261009_120902,view,question,11,610,manual,truth,111.6,522.0,1,0.299,0.254,0.045,1,37.15,0.019,0.006,58,question,5
2026-10-09 12:14:24.006,321.71,20261009_120902,view,question,11,610,manual,truth,111.6,522.0,1,0.299,0.254,0.045,1,37.16,0.02,0.006,59,question,5
2026-10-09 12:14:24.215,321.92,20261009_120902,view,question,11,610,manual,truth,111.6,522.0,1,0.3,0.255,0.045,1,37.17,0.018,0.006,59,question,5
2026-10-09 12:14:24.418,322.12,20261009_120902,view,question,11,610,manual,truth,111.6,522.0,1,0.3,0.256,0.044,1,37.16,0.017,0.005,60,question,5
2026-10-09 12:14:24.624,322.33,20261009_120902,view,question,11,610,manual,truth,111.6,522.0,1,0.3,0.256,0.044,1,37.15,0.018,0.005,60,question,5
2026-10-09 12:14:24.828,322.53,20261009_120902,view,question,11,610,manual,truth,111.6,522.0,1,0.301,0.257,0.044,1,37.15,0.017,0.005,60,question,5
2026-10-09 12:14:25.033,322.74,20261009_120902,view,question,11,610,manual,truth,111.6,522.0,1,0.301,0.257,0.044,1,37.18,0.016,0.005,61,question,5
2026-10-09 12:14:25.238,322.94,20261009_120902,view,question,11,610,manual,truth,111.6,522.0,1,0.302,0.258,0.044,1,37.2,0.017,0.006,61,question,5
2026-10-09 12:14:25.444,323.15,20261009_120902,view,question,11,610,manual,truth,111.6,522.0,1,0.303,0.259,0.044,1,37.21,0.018,0.007,61,question,5
2026-10-09 12:14:25.654,323.36,20261009_120902,view,question,11,610,manual,truth,111.6,522.0,1,0.302,0.259,0.043,1,37.19,0.016,0.006,61,question,5
2026-10-09 12:14:25.853,323.56,20261009_120902,view,question,11,610,manual,truth,111.6,522.0,1,0.301,0.26,0.041,1,37.11,0.015,0.006,61,question,5
2026-10-09 12:14:26.058,323.76,20261009_120902,view,question,11,610,manual,truth,111.6,522.0,1,0.294,0.26,0.034,1,36.92,0.014,0.005,61,question,5
2026-10-09 12:14:26.272,323.97,20261009_120902,view,question,11,610,manual,truth,111.6,522.0,1,0.299,0.261,0.038,1,36.95,0.013,0.005,61,question,5
2026-10-09 12:14:26.473,324.18,20261009_120902,view,question,11,610,manual,truth,,,1,0.299,0.261,0.038,1,36.9,0.014,0.005,64,question,5
2026-10-09 12:14:26.678,324.38,20261009_120902,view,question,11,610,manual,truth,,,1,0.303,0.262,0.042,1,36.93,0.014,0.006,66,question,5
2026-10-09 12:14:26.884,324.59,20261009_120902,view,question,11,610,manual,truth,,,1,0.305,0.262,0.043,1,36.96,0.013,0.005,68,question,5
2026-10-09 12:14:27.092,324.79,20261009_120902,view,question,11,610,manual,truth,,,1,0.307,0.263,0.044,1,36.98,0.013,0.005,70,question,5
2026-10-09 12:14:27.294,325.0,20261009_120902,view,question,11,610,manual,truth,,,1,0.308,0.263,0.045,1,37.0,0.012,0.005,71,question,5
2026-10-09 12:14:27.494,325.2,20261009_120902,view,question,11,610,manual,truth,53.2,,1,0.308,0.264,0.044,1,37.02,0.015,0.005,66,question,5
2026-10-09 12:14:27.695,325.4,20261009_120902,view,question,11,610,manual,truth,53.2,,1,0.31,0.265,0.045,1,37.06,0.014,0.005,63,question,5
2026-10-09 12:14:27.903,325.6,20261009_120902,view,question,11,610,manual,truth,53.2,,1,0.312,0.265,0.046,1,37.07,0.013,0.005,60,question,5
2026-10-09 12:14:28.108,325.81,20261009_120902,view,question,11,610,manual,truth,53.2,,1,0.309,0.266,0.043,1,37.07,0.013,0.005,57,question,5
2026-10-09 12:14:28.315,326.02,20261009_120902,view,question,11,610,manual,truth,59.0,,1,0.307,0.266,0.041,1,37.03,0.013,0.004,55,question,4
2026-10-09 12:14:28.524,326.23,20261009_120902,view,question,11,610,manual,truth,59.0,,1,0.312,0.267,0.045,1,37.06,0.014,0.005,53,question,5
2026-10-09 12:14:28.729,326.43,20261009_120902,view,question,11,610,manual,truth,59.0,,1,0.313,0.268,0.046,1,37.07,0.013,0.005,52,question,5
2026-10-09 12:14:28.935,326.64,20261009_120902,view,question,11,610,manual,truth,59.0,,1,0.314,0.268,0.046,1,37.09,0.012,0.005,51,question,5
2026-10-09 12:14:29.146,326.85,20261009_120902,view,question,11,610,manual,truth,59.0,,1,0.315,0.269,0.046,1,37.1,0.012,0.005,50,question,4
2026-10-09 12:14:29.344,327.05,20261009_120902,view,question,11,610,manual,truth,59.0,,1,0.319,0.269,0.05,1,37.12,0.012,0.005,50,question,5
2026-10-09 12:14:29.549,327.25,20261009_120902,view,question,11,610,manual,truth,59.0,,1,0.323,0.27,0.053,1,37.15,0.013,0.006,50,question,5
2026-10-09 12:14:29.755,327.46,20261009_120902,view,question,11,610,manual,truth,59.0,,1,0.325,0.271,0.055,1,37.18,0.012,0.005,50,question,5
2026-10-09 12:14:29.964,327.67,20261009_120902,view,question,11,610,manual,truth,59.0,,1,0.328,0.272,0.056,1,37.19,0.012,0.005,50,question,5
2026-10-09 12:14:30.164,327.87,20261009_120902,view,question,11,610,manual,truth,59.0,,1,0.323,0.272,0.05,1,37.15,0.011,0.004,49,question,5
2026-10-09 12:14:30.376,328.08,20261009_120902,view,question,11,610,manual,truth,59.0,,1,0.32,0.274,0.047,1,37.08,0.013,0.004,49,question,4
2026-10-09 12:14:30.573,328.28,20261009_120902,view,question,11,610,manual,truth,59.0,,1,0.324,0.274,0.05,1,37.09,0.012,0.004,49,question,4
2026-10-09 12:14:30.778,328.48,20261009_120902,view,question,11,610,manual,truth,59.0,,1,0.329,0.275,0.054,1,37.12,0.011,0.004,49,question,4
2026-10-09 12:14:30.991,328.69,20261009_120902,view,question,11,610,manual,truth,59.0,,1,0.331,0.276,0.055,1,37.14,0.013,0.004,49,question,5
2026-10-09 12:14:31.184,328.89,20261009_120902,view,question,11,610,manual,truth,54.8,,1,0.333,0.276,0.056,1,37.16,0.012,0.004,50,question,5
2026-10-09 12:14:31.384,329.09,20261009_120902,view,question,11,610,manual,truth,54.8,,1,0.334,0.277,0.057,1,37.17,0.012,0.004,50,question,5
2026-10-09 12:14:31.584,329.29,20261009_120902,view,question,11,610,manual,truth,54.8,,1,0.334,0.278,0.056,1,37.17,0.011,0.004,50,question,5
2026-10-09 12:14:31.785,329.49,20261009_120902,view,question,11,610,manual,truth,54.8,,1,0.335,0.279,0.056,1,37.19,0.014,0.004,50,question,5
2026-10-09 12:14:31.985,329.69,20261009_120902,view,question,11,610,manual,truth,54.8,,1,0.335,0.279,0.055,1,37.19,0.013,0.004,50,question,4
2026-10-09 12:14:32.194,329.9,20261009_120902,view,question,11,610,manual,truth,54.8,,1,0.336,0.28,0.056,1,37.19,0.012,0.004,51,question,4
2026-10-09 12:14:32.400,330.1,20261009_120902,view,question,11,610,manual,truth,54.8,,1,0.336,0.281,0.056,1,37.2,0.012,0.004,51,question,4
2026-10-09 12:14:32.605,330.31,20261009_120902,view,question,11,610,manual,truth,51.2,,1,0.336,0.282,0.054,1,37.16,0.013,0.004,51,question,4
2026-10-09 12:14:32.814,330.52,20261009_120902,view,question,11,610,manual,truth,51.2,,1,0.336,0.282,0.054,1,37.16,0.016,0.004,51,question,4
2026-10-09 12:14:33.021,330.72,20261009_120902,view,question,11,610,manual,truth,51.2,,1,0.337,0.283,0.054,1,37.17,0.015,0.004,51,question,4
2026-10-09 12:14:33.225,330.93,20261009_120902,view,question,11,610,manual,truth,51.2,,1,0.338,0.284,0.055,1,37.19,0.016,0.004,51,question,4
2026-10-09 12:14:33.433,331.14,20261009_120902,view,recovery,11,610,manual,truth,51.2,,1,0.339,0.285,0.054,1,37.21,0.021,0.004,52,ready,4
2026-10-09 12:14:33.635,331.34,20261009_120902,view,recovery,11,610,manual,truth,51.2,,1,0.339,0.285,0.053,1,37.2,0.02,0.004,52,ready,4
2026-10-09 12:14:33.843,331.54,20261009_120902,view,recovery,11,610,manual,truth,51.2,228.6,1,0.339,0.286,0.054,1,37.19,0.019,0.004,52,ready,4
2026-10-09 12:14:34.050,331.75,20261009_120902,view,recovery,11,610,manual,truth,51.2,228.6,1,0.34,0.287,0.053,1,37.17,0.018,0.005,52,ready,4
2026-10-09 12:14:34.257,331.96,20261009_120902,view,recovery,11,610,manual,truth,51.2,228.6,1,0.34,0.287,0.052,1,37.16,0.018,0.005,52,ready,4
2026-10-09 12:14:34.461,332.16,20261009_120902,view,recovery,11,610,manual,truth,51.2,228.6,1,0.34,0.288,0.052,1,37.14,0.017,0.005,52,ready,4
2026-10-09 12:14:34.665,332.37,20261009_120902,view,rest,,,,,51.2,228.6,1,0.339,0.289,0.051,1,37.13,0.017,0.005,52,ready,4
2026-10-09 12:14:34.870,332.57,20261009_120902,view,rest,,,,,51.2,228.6,1,0.34,0.289,0.051,1,37.13,0.015,0.005,52,ready,4
2026-10-09 12:14:35.074,332.78,20261009_120902,view,rest,,,,,51.2,228.6,1,0.341,0.29,0.05,1,37.15,0.015,0.004,52,ready,4
2026-10-09 12:14:35.279,332.98,20261009_120902,view,rest,,,,,47.9,205.4,1,0.341,0.291,0.051,1,37.16,0.015,0.004,52,ready,4
2026-10-09 12:14:35.485,333.19,20261009_120902,view,rest,,,,,47.9,205.4,1,0.342,0.291,0.05,1,37.17,0.014,0.004,53,ready,4
2026-10-09 12:14:35.687,333.39,20261009_120902,view,rest,,,,,47.9,205.4,1,0.34,0.292,0.048,1,37.08,0.013,0.004,53,ready,4
2026-10-09 12:14:35.886,333.59,20261009_120902,view,question,12,611,manual,lie,47.9,205.4,1,0.337,0.293,0.044,1,36.97,0.013,0.003,52,question,4
2026-10-09 12:14:36.086,333.79,20261009_120902,view,question,12,611,manual,lie,47.9,205.4,1,0.339,0.293,0.046,1,36.99,0.014,0.003,52,question,4
2026-10-09 12:14:36.297,334.0,20261009_120902,view,question,12,611,manual,lie,47.9,226.3,1,0.342,0.294,0.048,1,37.02,0.016,0.004,53,question,4
2026-10-09 12:14:36.495,334.2,20261009_120902,view,question,12,611,manual,lie,47.9,226.3,1,0.343,0.295,0.049,1,37.02,0.016,0.005,53,question,4
2026-10-09 12:14:36.695,334.4,20261009_120902,view,question,12,611,manual,lie,47.9,226.3,1,0.345,0.295,0.049,1,37.04,0.015,0.004,53,question,4
2026-10-09 12:14:36.895,334.6,20261009_120902,view,question,12,611,manual,lie,47.9,226.3,1,0.345,0.296,0.049,1,37.06,0.016,0.004,53,question,4
2026-10-09 12:14:37.095,334.8,20261009_120902,view,question,12,611,manual,lie,47.9,226.3,1,0.346,0.297,0.05,1,37.08,0.015,0.004,53,question,4
2026-10-09 12:14:37.295,335.0,20261009_120902,view,question,12,611,manual,lie,47.9,226.3,1,0.348,0.297,0.051,1,37.09,0.015,0.004,53,question,4
2026-10-09 12:14:37.495,335.2,20261009_120902,view,question,12,611,manual,lie,47.9,226.3,1,0.349,0.298,0.051,1,37.11,0.015,0.004,54,question,4
2026-10-09 12:14:37.704,335.41,20261009_120902,view,question,12,611,manual,lie,47.4,221.8,1,0.349,0.299,0.051,1,37.12,0.014,0.004,54,question,4
2026-10-09 12:14:37.914,335.62,20261009_120902,view,question,12,611,manual,lie,47.4,221.8,1,0.351,0.299,0.052,1,37.14,0.014,0.004,54,question,4
2026-10-09 12:14:38.115,335.82,20261009_120902,view,question,12,611,manual,lie,47.4,221.8,1,0.354,0.3,0.054,1,37.16,0.013,0.005,54,question,4
2026-10-09 12:14:38.315,336.02,20261009_120902,view,question,12,611,manual,lie,47.4,221.8,1,0.356,0.301,0.055,1,37.2,0.013,0.004,55,question,5
2026-10-09 12:14:38.524,336.23,20261009_120902,view,question,12,611,manual,lie,47.4,221.8,1,0.361,0.301,0.06,1,37.23,0.012,0.005,55,question,5
2026-10-09 12:14:38.729,336.43,20261009_120902,view,question,12,611,manual,lie,47.4,221.8,1,0.362,0.302,0.06,1,37.24,0.014,0.005,56,question,5
2026-10-09 12:14:38.935,336.64,20261009_120902,view,question,12,611,manual,lie,47.4,221.8,1,0.365,0.303,0.062,1,37.25,0.013,0.005,56,question,5
2026-10-09 12:14:39.144,336.85,20261009_120902,view,question,12,611,manual,lie,47.4,221.8,1,0.367,0.304,0.063,1,37.28,0.013,0.004,57,question,5
2026-10-09 12:14:39.349,337.05,20261009_120902,view,question,12,611,manual,lie,47.4,221.8,1,0.37,0.305,0.065,1,37.3,0.012,0.004,57,question,5
2026-10-09 12:14:39.555,337.26,20261009_120902,view,question,12,611,manual,lie,47.4,221.8,1,0.371,0.306,0.065,1,37.33,0.014,0.005,58,question,5
2026-10-09 12:14:39.760,337.46,20261009_120902,view,question,12,611,manual,lie,47.4,221.8,1,0.372,0.307,0.066,1,37.33,0.013,0.005,58,question,5
2026-10-09 12:14:39.966,337.67,20261009_120902,view,question,12,611,manual,lie,47.4,221.8,1,0.372,0.307,0.064,1,37.3,0.012,0.005,58,question,5
2026-10-09 12:14:40.168,337.87,20261009_120902,view,question,12,611,manual,lie,47.4,221.8,1,0.357,0.308,0.048,1,37.08,0.011,0.004,58,question,5
2026-10-09 12:14:40.375,338.08,20261009_120902,view,question,12,611,manual,lie,47.4,221.8,1,0.365,0.309,0.057,1,37.13,0.013,0.004,58,question,5
2026-10-09 12:14:40.580,338.28,20261009_120902,view,question,12,611,manual,lie,47.4,221.8,1,0.371,0.31,0.061,1,37.15,0.015,0.004,58,question,5
2026-10-09 12:14:40.786,338.49,20261009_120902,view,question,12,611,manual,lie,,,1,0.374,0.311,0.064,1,37.19,0.014,0.004,64,question,5
2026-10-09 12:14:40.994,338.7,20261009_120902,view,question,12,611,manual,lie,,,1,0.377,0.311,0.066,1,37.22,0.013,0.004,69,question,5
2026-10-09 12:14:41.204,338.91,20261009_120902,view,question,12,611,manual,lie,,,1,0.38,0.313,0.067,1,37.28,0.012,0.004,76,question,5
2026-10-09 12:14:41.410,339.11,20261009_120902,view,question,12,611,manual,lie,,,1,0.381,0.314,0.067,1,37.3,0.012,0.003,78,question,5
2026-10-09 12:14:41.603,339.31,20261009_120902,view,question,12,611,manual,lie,,,1,0.382,0.315,0.067,1,37.33,0.013,0.004,81,question,5
2026-10-09 12:14:41.803,339.51,20261009_120902,view,question,12,611,manual,lie,,,1,0.383,0.316,0.067,1,37.36,0.013,0.003,82,question,5
2026-10-09 12:14:42.006,339.71,20261009_120902,view,question,12,611,manual,lie,,,1,0.383,0.317,0.067,1,37.38,0.014,0.003,84,question,5
2026-10-09 12:14:42.203,339.91,20261009_120902,view,question,12,611,manual,lie,,,1,0.384,0.318,0.066,1,37.4,0.013,0.003,85,question,5
2026-10-09 12:14:42.403,340.11,20261009_120902,view,question,12,611,manual,lie,47.4,221.8,1,0.384,0.319,0.065,1,37.4,0.013,0.003,81,question,5
2026-10-09 12:14:42.604,340.31,20261009_120902,view,question,12,611,manual,lie,47.4,221.8,1,0.383,0.319,0.064,1,37.37,0.012,0.003,78,question,5
2026-10-09 12:14:42.805,340.51,20261009_120902,view,question,12,611,manual,lie,47.4,221.8,1,0.384,0.32,0.063,1,37.36,0.011,0.003,75,question,5
2026-10-09 12:14:43.012,340.71,20261009_120902,view,question,12,611,manual,lie,47.4,221.8,1,0.385,0.321,0.064,1,37.36,0.011,0.003,73,question,5
2026-10-09 12:14:43.214,340.92,20261009_120902,view,question,12,611,manual,lie,47.4,221.8,1,0.386,0.322,0.064,1,37.38,0.013,0.003,71,question,5
2026-10-09 12:14:43.423,341.12,20261009_120902,view,question,12,611,manual,lie,47.4,221.8,1,0.387,0.323,0.064,1,37.4,0.015,0.003,70,question,5
2026-10-09 12:14:43.628,341.33,20261009_120902,view,question,12,611,manual,lie,47.4,249.0,1,0.388,0.324,0.064,1,37.41,0.014,0.004,69,question,5
2026-10-09 12:14:43.835,341.54,20261009_120902,view,question,12,611,manual,lie,47.4,249.0,1,0.389,0.325,0.064,1,37.43,0.014,0.004,68,question,5
2026-10-09 12:14:44.048,341.75,20261009_120902,view,question,12,611,manual,lie,47.4,249.0,1,0.389,0.325,0.063,1,37.41,0.014,0.004,67,question,5
2026-10-09 12:14:44.249,341.95,20261009_120902,view,question,12,611,manual,lie,47.4,249.0,1,0.383,0.326,0.057,1,37.19,0.016,0.005,66,question,5
2026-10-09 12:14:44.454,342.16,20261009_120902,view,question,12,611,manual,lie,47.4,249.0,1,0.38,0.327,0.053,1,37.22,0.015,0.005,65,question,5
2026-10-09 12:14:44.664,342.37,20261009_120902,view,question,12,611,manual,lie,47.4,249.0,1,0.386,0.328,0.058,1,37.26,0.015,0.005,65,question,5
2026-10-09 12:14:44.872,342.57,20261009_120902,view,question,12,611,manual,lie,47.4,249.0,1,0.388,0.328,0.059,1,37.29,0.014,0.005,65,question,5
2026-10-09 12:14:45.075,342.78,20261009_120902,view,question,12,611,manual,lie,47.4,249.0,1,0.39,0.329,0.06,1,37.32,0.015,0.005,65,question,5
2026-10-09 12:14:45.284,342.99,20261009_120902,view,question,12,611,manual,lie,47.4,249.0,1,0.39,0.33,0.06,1,37.34,0.014,0.004,65,question,5
2026-10-09 12:14:45.489,343.19,20261009_120902,view,question,12,611,manual,lie,47.4,249.0,1,0.391,0.331,0.06,1,37.36,0.014,0.004,65,question,5
2026-10-09 12:14:45.695,343.4,20261009_120902,view,question,12,611,manual,lie,47.4,249.0,1,0.393,0.332,0.062,1,37.38,0.013,0.004,65,question,5
2026-10-09 12:14:45.904,343.61,20261009_120902,view,question,12,611,manual,lie,50.8,249.0,1,0.395,0.332,0.062,1,37.38,0.012,0.004,65,question,5
2026-10-09 12:14:46.113,343.81,20261009_120902,view,question,12,611,manual,lie,50.8,249.0,1,0.396,0.333,0.063,1,37.4,0.011,0.003,65,question,5
2026-10-09 12:14:46.319,344.02,20261009_120902,view,question,12,611,manual,lie,50.8,249.0,1,0.397,0.334,0.063,1,37.42,0.011,0.003,65,question,5
2026-10-09 12:14:46.524,344.23,20261009_120902,view,question,12,611,manual,lie,50.8,249.0,1,0.401,0.335,0.066,1,37.43,0.011,0.003,65,question,5
2026-10-09 12:14:46.733,344.44,20261009_120902,view,question,12,611,manual,lie,50.8,249.0,1,0.402,0.336,0.066,1,37.44,0.01,0.004,65,question,5
2026-10-09 12:14:46.938,344.64,20261009_120902,view,question,12,611,manual,lie,50.8,249.0,1,0.4,0.337,0.063,1,37.42,0.012,0.004,66,question,5
2026-10-09 12:14:47.144,344.85,20261009_120902,view,question,12,611,manual,lie,50.5,236.1,1,0.399,0.338,0.061,1,37.41,0.012,0.004,66,question,5
2026-10-09 12:14:47.356,345.06,20261009_120902,view,question,12,611,manual,lie,50.5,236.1,1,0.402,0.338,0.064,1,37.4,0.012,0.004,66,question,5
2026-10-09 12:14:47.554,345.26,20261009_120902,view,question,12,611,manual,lie,50.5,236.1,1,0.407,0.339,0.067,1,37.41,0.011,0.004,66,question,5
2026-10-09 12:14:47.755,345.46,20261009_120902,view,recovery,12,611,manual,lie,50.5,236.1,1,0.41,0.34,0.07,1,37.43,0.01,0.004,67,ready,5
2026-10-09 12:14:47.957,345.66,20261009_120902,view,recovery,12,611,manual,lie,50.5,236.1,1,0.405,0.341,0.064,1,37.39,0.012,0.004,67,ready,5
2026-10-09 12:14:48.162,345.86,20261009_120902,view,recovery,12,611,manual,lie,50.5,194.1,1,0.409,0.342,0.067,1,37.4,0.014,0.007,67,ready,5
2026-10-09 12:14:48.372,346.07,20261009_120902,view,recovery,12,611,manual,lie,50.5,194.1,1,0.413,0.343,0.07,1,37.38,0.015,0.007,67,ready,5
2026-10-09 12:14:48.576,346.28,20261009_120902,view,recovery,12,611,manual,lie,50.5,194.1,1,0.415,0.344,0.071,1,37.37,0.014,0.007,68,ready,5
2026-10-09 12:14:48.782,346.48,20261009_120902,view,recovery,12,611,manual,lie,50.5,194.1,1,0.417,0.345,0.072,1,37.37,0.015,0.006,68,ready,5
2026-10-09 12:14:48.986,346.69,20261009_120902,view,recovery,12,611,manual,lie,50.5,194.1,1,0.419,0.346,0.073,1,37.38,0.016,0.006,69,ready,5
2026-10-09 12:14:49.191,346.89,20261009_120902,view,recovery,12,611,manual,lie,50.5,194.1,1,0.42,0.347,0.073,1,37.38,0.016,0.006,69,ready,5
2026-10-09 12:14:49.397,347.1,20261009_120902,view,recovery,12,611,manual,lie,50.5,194.1,1,0.421,0.348,0.073,1,37.38,0.016,0.006,69,ready,5
2026-10-09 12:14:49.600,347.3,20261009_120902,view,recovery,12,611,manual,lie,49.9,183.3,1,0.422,0.349,0.073,1,37.38,0.015,0.006,70,ready,5
2026-10-09 12:14:49.805,347.51,20261009_120902,view,recovery,12,611,manual,lie,49.9,183.3,1,0.422,0.35,0.073,1,37.39,0.015,0.006,70,ready,5
2026-10-09 12:14:50.011,347.71,20261009_120902,view,recovery,12,611,manual,lie,49.9,183.3,1,0.423,0.351,0.073,1,37.37,0.014,0.005,70,ready,5
2026-10-09 12:14:50.212,347.91,20261009_120902,view,recovery,12,611,manual,lie,49.9,183.3,1,0.423,0.352,0.071,1,37.35,0.014,0.005,70,ready,5
2026-10-09 12:14:50.417,348.12,20261009_120902,view,rest,,,,,49.9,183.3,1,0.423,0.353,0.071,1,37.35,0.013,0.005,70,ready,5
2026-10-09 12:14:50.622,348.32,20261009_120902,view,rest,,,,,49.9,183.3,1,0.424,0.354,0.071,1,37.36,0.012,0.004,71,ready,5
2026-10-09 12:14:50.823,348.53,20261009_120902,view,rest,,,,,49.9,181.5,1,0.426,0.355,0.071,1,37.38,0.012,0.005,71,ready,5
2026-10-09 12:14:51.026,348.73,20261009_120902,view,rest,,,,,49.9,181.5,1,0.427,0.355,0.071,1,37.38,0.015,0.005,71,ready,5
2026-10-09 12:14:51.232,348.93,20261009_120902,view,rest,,,,,49.9,181.5,1,0.427,0.356,0.071,1,37.36,0.014,0.006,71,ready,5
2026-10-09 12:14:51.432,349.13,20261009_120902,view,rest,,,,,49.9,181.5,1,0.425,0.357,0.068,1,37.21,0.013,0.006,71,ready,5
2026-10-09 12:14:51.635,349.34,20261009_120902,view,rest,,,,,49.9,194.7,1,0.418,0.358,0.06,1,37.13,0.012,0.005,71,ready,5
2026-10-09 12:14:51.841,349.54,20261009_120902,view,rest,,,,,49.9,194.7,1,0.424,0.359,0.065,1,37.18,0.013,0.005,71,ready,5
2026-10-09 12:14:52.047,349.75,20261009_120902,view,recovery,13,612,manual,lie,49.9,194.7,1,0.428,0.36,0.068,1,37.22,0.013,0.005,71,ready,5
2026-10-09 12:14:52.254,349.96,20261009_120902,view,question,13,612,manual,lie,49.9,194.7,1,0.429,0.361,0.068,1,37.24,0.013,0.005,71,question,5
2026-10-09 12:14:52.460,350.16,20261009_120902,view,question,13,612,manual,lie,49.9,194.7,1,0.431,0.362,0.069,1,37.26,0.012,0.004,72,question,5
2026-10-09 12:14:52.676,350.38,20261009_120902,view,question,13,612,manual,lie,49.9,194.7,1,0.437,0.364,0.074,1,37.31,0.013,0.004,72,question,5
2026-10-09 12:14:52.870,350.57,20261009_120902,view,question,13,612,manual,lie,49.7,232.4,1,0.44,0.365,0.075,1,37.33,0.012,0.004,72,question,5
2026-10-09 12:14:53.076,350.78,20261009_120902,view,question,13,612,manual,lie,49.7,232.4,1,0.443,0.366,0.077,1,37.35,0.012,0.004,73,question,5
2026-10-09 12:14:53.282,350.98,20261009_120902,view,question,13,612,manual,lie,49.7,232.4,1,0.449,0.367,0.082,1,37.37,0.014,0.004,73,question,5
2026-10-09 12:14:53.494,351.2,20261009_120902,view,question,13,612,manual,lie,49.7,232.4,1,0.452,0.368,0.084,1,37.39,0.052,0.007,74,question,5
2026-10-09 12:14:53.698,351.4,20261009_120902,view,question,13,612,manual,lie,49.7,232.4,1,0.453,0.369,0.084,1,37.41,0.064,0.013,75,question,5
2026-10-09 12:14:53.903,351.61,20261009_120902,view,question,13,612,manual,lie,49.7,257.6,1,0.457,0.37,0.087,1,37.43,0.108,0.023,76,question,5
2026-10-09 12:14:54.108,351.81,20261009_120902,view,question,13,612,manual,lie,49.7,257.6,1,0.455,0.371,0.084,1,37.42,0.107,0.022,77,question,5
2026-10-09 12:14:54.313,352.01,20261009_120902,view,question,13,612,manual,lie,49.7,257.6,1,0.457,0.372,0.085,1,37.41,0.1,0.021,77,question,5
2026-10-09 12:14:54.518,352.22,20261009_120902,view,question,13,612,manual,lie,49.7,257.6,1,0.459,0.373,0.085,1,37.42,0.092,0.02,78,question,5
2026-10-09 12:14:54.722,352.42,20261009_120902,view,question,13,612,manual,lie,49.7,257.6,1,0.46,0.375,0.086,1,37.43,0.083,0.018,78,question,5
2026-10-09 12:14:54.920,352.62,20261009_120902,view,question,13,612,manual,lie,61.1,250.7,1,0.46,0.376,0.084,1,37.44,0.076,0.017,78,question,5
2026-10-09 12:14:55.125,352.83,20261009_120902,view,question,13,612,manual,lie,61.1,250.7,1,0.461,0.377,0.084,1,37.45,0.069,0.016,79,question,5
2026-10-09 12:14:55.332,353.03,20261009_120902,view,question,13,612,manual,lie,61.1,250.7,1,0.463,0.378,0.085,1,37.46,0.063,0.015,79,question,5
2026-10-09 12:14:55.541,353.24,20261009_120902,view,question,13,612,manual,lie,61.1,250.7,1,0.457,0.379,0.078,1,37.38,0.059,0.014,79,question,5
2026-10-09 12:14:55.746,353.45,20261009_120902,view,question,13,612,manual,lie,61.1,250.7,1,0.438,0.38,0.058,1,37.2,0.053,0.013,79,question,5
2026-10-09 12:14:55.951,353.65,20261009_120902,view,question,13,612,manual,lie,61.1,250.7,1,0.45,0.381,0.069,1,37.24,0.049,0.012,78,question,5
2026-10-09 12:14:56.156,353.86,20261009_120902,view,question,13,612,manual,lie,61.1,248.7,1,0.456,0.382,0.075,1,37.27,0.045,0.011,79,question,5
2026-10-09 12:14:56.360,354.06,20261009_120902,view,question,13,612,manual,lie,61.1,248.7,1,0.461,0.383,0.078,1,37.29,0.041,0.01,79,question,5
2026-10-09 12:14:56.570,354.27,20261009_120902,view,question,13,612,manual,lie,61.1,248.7,1,0.463,0.384,0.079,1,37.3,0.038,0.009,79,question,5
2026-10-09 12:14:56.775,354.48,20261009_120902,view,question,13,612,manual,lie,61.1,271.5,1,0.465,0.385,0.08,1,37.33,0.035,0.009,79,question,5
2026-10-09 12:14:56.981,354.68,20261009_120902,view,question,13,612,manual,lie,61.1,271.5,1,0.466,0.386,0.08,1,37.35,0.032,0.008,79,question,5
2026-10-09 12:14:57.182,354.88,20261009_120902,view,question,13,612,manual,lie,61.1,271.5,1,0.467,0.387,0.08,1,37.37,0.03,0.007,79,question,5
2026-10-09 12:14:57.390,355.09,20261009_120902,view,question,13,612,manual,lie,61.1,271.5,1,0.467,0.388,0.079,1,37.38,0.028,0.007,80,question,5
2026-10-09 12:14:57.594,355.3,20261009_120902,view,question,13,612,manual,lie,61.1,271.5,1,0.468,0.389,0.078,1,37.4,0.025,0.006,80,question,5
2026-10-09 12:14:57.804,355.51,20261009_120902,view,question,13,612,manual,lie,61.1,271.5,1,0.468,0.39,0.078,1,37.42,0.023,0.006,80,question,5
2026-10-09 12:14:58.011,355.71,20261009_120902,view,question,13,612,manual,lie,61.1,291.1,1,0.468,0.391,0.077,1,37.42,0.021,0.006,80,question,5
2026-10-09 12:14:58.221,355.92,20261009_120902,view,question,13,612,manual,lie,61.1,291.1,1,0.468,0.392,0.076,1,37.43,0.021,0.005,80,question,5
2026-10-09 12:14:58.425,356.13,20261009_120902,view,question,13,612,manual,lie,61.1,291.1,1,0.468,0.393,0.075,1,37.42,0.019,0.005,80,question,5
2026-10-09 12:14:58.631,356.33,20261009_120902,view,question,13,612,manual,lie,61.1,291.1,1,0.468,0.394,0.074,1,37.41,0.018,0.005,80,question,5
2026-10-09 12:14:58.842,356.54,20261009_120902,view,question,13,612,manual,lie,61.1,291.1,1,0.469,0.395,0.074,1,37.43,0.017,0.005,80,question,5
2026-10-09 12:14:59.047,356.75,20261009_120902,view,question,13,612,manual,lie,61.1,291.1,1,0.47,0.396,0.074,1,37.44,0.017,0.006,80,question,5
2026-10-09 12:14:59.251,356.95,20261009_120902,view,question,13,612,manual,lie,61.1,291.1,1,0.471,0.397,0.073,1,37.45,0.016,0.005,80,question,5
2026-10-09 12:14:59.460,357.16,20261009_120902,view,question,13,612,manual,lie,61.1,291.1,1,0.472,0.398,0.073,1,37.46,0.016,0.005,80,question,5
2026-10-09 12:14:59.673,357.37,20261009_120902,view,question,13,612,manual,lie,61.1,291.1,1,0.472,0.4,0.071,1,37.44,0.014,0.005,80,question,5
2026-10-09 12:14:59.870,357.57,20261009_120902,view,question,13,612,manual,lie,61.1,291.1,1,0.461,0.401,0.06,1,37.2,0.015,0.005,80,question,5
2026-10-09 12:15:00.071,357.77,20261009_120902,view,question,13,612,manual,lie,61.1,291.1,1,0.461,0.402,0.059,1,37.23,0.014,0.005,80,question,5
2026-10-09 12:15:00.270,357.97,20261009_120902,view,question,13,612,manual,lie,61.1,291.1,1,0.466,0.403,0.064,1,37.27,0.013,0.004,80,question,5
2026-10-09 12:15:00.474,358.18,20261009_120902,view,question,13,612,manual,lie,61.1,291.1,1,0.469,0.404,0.066,1,37.3,0.013,0.004,80,question,5
2026-10-09 12:15:00.679,358.38,20261009_120902,view,question,13,612,manual,lie,61.1,291.1,1,0.472,0.404,0.067,1,37.33,0.012,0.004,80,question,5
2026-10-09 12:15:00.884,358.59,20261009_120902,view,question,13,612,manual,lie,61.1,291.1,1,0.473,0.405,0.068,1,37.35,0.012,0.004,80,question,5
2026-10-09 12:15:01.090,358.79,20261009_120902,view,question,13,612,manual,lie,61.1,291.1,1,0.474,0.406,0.068,1,37.38,0.011,0.003,80,question,5
2026-10-09 12:15:01.299,359.0,20261009_120902,view,question,13,612,manual,lie,61.1,291.1,1,0.475,0.407,0.068,1,37.4,0.011,0.003,80,question,5
2026-10-09 12:15:01.505,359.21,20261009_120902,view,question,13,612,manual,lie,61.1,291.1,1,0.475,0.408,0.067,1,37.42,0.011,0.003,80,question,5
2026-10-09 12:15:01.715,359.42,20261009_120902,view,question,13,612,manual,lie,61.1,291.1,1,0.476,0.409,0.067,1,37.44,0.01,0.003,80,question,5
2026-10-09 12:15:01.912,359.61,20261009_120902,view,question,13,612,manual,lie,61.1,291.1,1,0.475,0.41,0.065,1,37.44,0.01,0.003,81,question,5
2026-10-09 12:15:02.110,359.81,20261009_120902,view,question,13,612,manual,lie,61.1,305.3,1,0.476,0.411,0.065,1,37.45,0.01,0.003,81,question,5
2026-10-09 12:15:02.309,360.01,20261009_120902,view,question,13,612,manual,lie,61.1,305.3,1,0.476,0.412,0.064,1,37.47,0.01,0.003,81,question,5
2026-10-09 12:15:02.514,360.22,20261009_120902,view,question,13,612,manual,lie,61.1,305.3,1,0.476,0.412,0.064,1,37.48,0.01,0.003,81,question,5
2026-10-09 12:15:02.725,360.43,20261009_120902,view,question,13,612,manual,lie,61.1,305.3,1,0.476,0.413,0.063,1,37.49,0.01,0.004,81,question,5
2026-10-09 12:15:02.931,360.63,20261009_120902,view,question,13,612,manual,lie,61.1,305.3,1,0.475,0.414,0.061,1,37.48,0.011,0.004,81,question,5
2026-10-09 12:15:03.143,360.85,20261009_120902,view,question,13,612,manual,lie,61.1,305.3,1,0.476,0.415,0.061,1,37.49,0.01,0.004,81,question,5
2026-10-09 12:15:03.348,361.05,20261009_120902,view,question,13,612,manual,lie,61.1,305.3,1,0.477,0.416,0.061,1,37.5,0.01,0.005,81,question,5
2026-10-09 12:15:03.553,361.25,20261009_120902,view,question,13,612,manual,lie,61.1,305.3,1,0.477,0.417,0.06,1,37.51,0.011,0.004,81,question,5
2026-10-09 12:15:03.750,361.45,20261009_120902,view,question,13,612,manual,lie,61.1,305.3,1,0.477,0.417,0.06,1,37.52,0.012,0.005,81,question,5
2026-10-09 12:15:03.955,361.66,20261009_120902,view,recovery,13,612,manual,lie,52.9,321.8,1,0.477,0.418,0.059,1,37.51,0.012,0.005,81,ready,5
2026-10-09 12:15:08.161,365.86,20261009_120902,view,question,14,613,manual,truth,66.7,381.9,1,0.483,0.432,0.05,1,37.24,0.014,0.006,82,question,5
2026-10-09 12:15:08.373,366.08,20261009_120902,view,question,14,613,manual,truth,66.7,381.9,1,0.48,0.433,0.047,1,37.22,0.017,0.007,82,question,5
2026-10-09 12:15:08.577,366.28,20261009_120902,view,question,14,613,manual,truth,66.7,381.9,1,0.48,0.433,0.047,1,37.25,0.024,0.008,83,question,5
2026-10-09 12:15:08.782,366.48,20261009_120902,view,question,14,613,manual,truth,66.7,391.8,1,0.481,0.434,0.047,1,37.26,0.024,0.007,83,question,5
2026-10-09 12:15:08.987,366.69,20261009_120902,view,question,14,613,manual,truth,66.7,391.8,1,0.483,0.435,0.048,1,37.29,0.022,0.007,83,question,5
2026-10-09 12:15:09.193,366.89,20261009_120902,view,question,14,613,manual,truth,66.7,391.8,1,0.481,0.435,0.046,1,37.27,0.021,0.006,83,question,5
2026-10-09 12:15:09.397,367.1,20261009_120902,view,question,14,613,manual,truth,66.7,391.8,1,0.483,0.436,0.047,1,37.3,0.023,0.007,83,question,5
2026-10-09 12:15:09.602,367.3,20261009_120902,view,question,14,613,manual,truth,66.7,391.8,1,0.484,0.437,0.048,1,37.31,0.022,0.008,83,question,5
2026-10-09 12:15:09.807,367.51,20261009_120902,view,question,14,613,manual,truth,66.7,391.8,1,0.485,0.437,0.048,1,37.33,0.02,0.007,83,question,5
2026-10-09 12:15:10.012,367.71,20261009_120902,view,question,14,613,manual,truth,66.7,391.8,1,0.486,0.438,0.048,1,37.33,0.019,0.006,83,question,5
2026-10-09 12:15:10.218,367.92,20261009_120902,view,question,14,613,manual,truth,66.7,391.8,1,0.484,0.438,0.046,1,37.33,0.018,0.006,83,question,5
2026-10-09 12:15:10.427,368.13,20261009_120902,view,question,14,613,manual,truth,65.5,417.9,1,0.482,0.439,0.043,1,37.34,0.017,0.006,83,question,5
2026-10-09 12:15:10.640,368.34,20261009_120902,view,question,14,613,manual,truth,65.5,417.9,1,0.477,0.44,0.038,1,37.28,0.015,0.005,83,question,5
2026-10-09 12:15:10.847,368.55,20261009_120902,view,question,14,613,manual,truth,65.5,417.9,1,0.477,0.44,0.037,1,37.29,0.014,0.005,83,question,5
2026-10-09 12:15:11.038,368.74,20261009_120902,view,question,14,613,manual,truth,65.5,417.9,1,0.479,0.441,0.038,1,37.31,0.013,0.005,83,question,5
2026-10-09 12:15:11.238,368.94,20261009_120902,view,question,14,613,manual,truth,65.5,410.6,1,0.479,0.441,0.038,1,37.33,0.014,0.005,83,question,5
2026-10-09 12:15:11.438,369.14,20261009_120902,view,question,14,613,manual,truth,65.5,410.6,1,0.48,0.442,0.038,1,37.35,0.014,0.005,83,question,5
2026-10-09 12:15:11.642,369.34,20261009_120902,view,question,14,613,manual,truth,65.5,410.6,1,0.48,0.442,0.038,1,37.37,0.013,0.006,83,question,5
2026-10-09 12:15:11.838,369.54,20261009_120902,view,question,14,613,manual,truth,65.5,410.6,1,0.481,0.443,0.038,1,37.39,0.012,0.006,83,question,5
2026-10-09 12:15:12.038,369.74,20261009_120902,view,question,14,613,manual,truth,65.5,410.6,1,0.48,0.443,0.037,1,37.36,0.011,0.005,83,question,5
2026-10-09 12:15:12.238,369.94,20261009_120902,view,question,14,613,manual,truth,68.2,361.4,1,0.467,0.444,0.024,1,37.14,0.011,0.005,82,question,5
2026-10-09 12:15:12.438,370.14,20261009_120902,view,question,14,613,manual,truth,68.2,361.4,1,0.473,0.444,0.029,1,37.18,0.012,0.005,82,question,5
2026-10-09 12:15:12.641,370.34,20261009_120902,view,question,14,613,manual,truth,68.2,361.4,1,0.479,0.444,0.034,1,37.23,0.011,0.004,82,question,5
2026-10-09 12:15:12.839,370.54,20261009_120902,view,question,14,613,manual,truth,68.2,361.4,1,0.485,0.445,0.04,1,37.26,0.011,0.004,83,question,5
2026-10-09 12:15:13.051,370.75,20261009_120902,view,question,14,613,manual,truth,68.2,320.7,1,0.486,0.445,0.041,1,37.3,0.01,0.004,83,question,5
2026-10-09 12:15:13.257,370.96,20261009_120902,view,question,14,613,manual,truth,68.2,320.7,1,0.485,0.446,0.039,1,37.31,0.01,0.004,83,question,5
2026-10-09 12:15:13.468,371.17,20261009_120902,view,question,14,613,manual,truth,68.2,320.7,1,0.487,0.446,0.04,1,37.34,0.01,0.004,83,question,5
2026-10-09 12:15:13.673,371.38,20261009_120902,view,question,14,613,manual,truth,68.2,320.7,1,0.486,0.447,0.039,1,37.36,0.01,0.003,83,question,5
2026-10-09 12:15:13.878,371.58,20261009_120902,view,question,14,613,manual,truth,68.2,320.7,1,0.486,0.448,0.039,1,37.39,0.01,0.003,83,question,5
2026-10-09 12:15:14.083,371.79,20261009_120902,view,question,14,613,manual,truth,68.2,320.7,1,0.488,0.448,0.04,1,37.41,0.011,0.004,84,question,5
2026-10-09 12:15:14.289,371.99,20261009_120902,view,question,14,613,manual,truth,68.2,320.7,1,0.487,0.449,0.039,1,37.43,0.011,0.004,84,question,5
2026-10-09 12:15:14.497,372.2,20261009_120902,view,question,14,613,manual,truth,68.2,320.7,1,0.489,0.449,0.039,1,37.45,0.012,0.003,84,question,5
2026-10-09 12:15:14.702,372.4,20261009_120902,view,question,14,613,manual,truth,68.2,320.7,1,0.487,0.45,0.037,1,37.46,0.011,0.004,84,question,5
2026-10-09 12:15:14.910,372.61,20261009_120902,view,question,14,613,manual,truth,68.2,320.7,1,0.487,0.45,0.037,1,37.48,0.011,0.005,84,question,5
2026-10-09 12:15:15.110,372.81,20261009_120902,view,question,14,613,manual,truth,68.2,320.7,1,0.485,0.451,0.035,1,37.48,0.01,0.005,84,question,5
2026-10-09 12:15:15.318,373.02,20261009_120902,view,question,14,613,manual,truth,68.2,320.7,1,0.487,0.451,0.036,1,37.47,0.017,0.006,84,question,5
2026-10-09 12:15:15.527,373.23,20261009_120902,view,question,14,613,manual,truth,68.2,320.7,1,0.491,0.452,0.04,1,37.49,0.017,0.006,84,question,5
2026-10-09 12:15:15.733,373.43,20261009_120902,view,question,14,613,manual,truth,70.6,320.7,1,0.492,0.452,0.04,1,37.49,0.015,0.005,84,question,5
2026-10-09 12:15:15.939,373.64,20261009_120902,view,question,14,613,manual,truth,70.6,320.7,1,0.493,0.453,0.04,1,37.5,0.015,0.005,84,question,5
2026-10-09 12:15:16.149,373.85,20261009_120902,view,question,14,613,manual,truth,70.6,320.7,1,0.493,0.453,0.04,1,37.51,0.014,0.005,85,question,5
2026-10-09 12:15:16.357,374.06,20261009_120902,view,question,14,613,manual,truth,70.6,320.7,1,0.49,0.454,0.036,1,37.46,0.013,0.004,84,question,5
2026-10-09 12:15:16.565,374.27,20261009_120902,view,question,14,613,manual,truth,70.6,306.5,1,0.479,0.454,0.024,1,37.23,0.013,0.004,84,question,5
2026-10-09 12:15:16.757,374.46,20261009_120902,view,question,14,613,manual,truth,70.6,306.5,1,0.482,0.455,0.027,1,37.24,0.012,0.004,84,question,5
2026-10-09 12:15:16.957,374.66,20261009_120902,view,question,14,613,manual,truth,70.6,306.5,1,0.488,0.455,0.033,1,37.27,0.012,0.004,84,question,5
2026-10-09 12:15:17.159,374.86,20261009_120902,view,question,14,613,manual,truth,70.6,306.5,1,0.494,0.456,0.038,1,37.3,0.012,0.004,84,question,5
2026-10-09 12:15:17.357,375.06,20261009_120902,view,question,14,613,manual,truth,70.6,306.5,1,0.496,0.456,0.04,1,37.33,0.011,0.004,85,question,5
2026-10-09 12:15:17.566,375.27,20261009_120902,view,question,14,613,manual,truth,70.6,306.5,1,0.498,0.457,0.041,1,37.34,0.011,0.004,85,question,5
2026-10-09 12:15:17.766,375.47,20261009_120902,view,question,14,613,manual,truth,70.6,306.5,1,0.495,0.457,0.038,1,37.35,0.01,0.004,85,question,5
2026-10-09 12:15:17.971,375.67,20261009_120902,view,question,14,613,manual,truth,70.6,306.5,1,0.497,0.458,0.04,1,37.37,0.011,0.003,85,question,5
2026-10-09 12:15:18.177,375.88,20261009_120902,view,question,14,613,manual,truth,70.6,306.5,1,0.498,0.458,0.04,1,37.37,0.012,0.003,85,question,5
2026-10-09 12:15:18.381,376.08,20261009_120902,view,recovery,14,613,manual,truth,70.6,306.5,1,0.499,0.459,0.04,1,37.39,0.013,0.005,85,ready,5
2026-10-09 12:15:18.590,376.29,20261009_120902,view,recovery,14,613,manual,truth,70.6,298.7,1,0.492,0.459,0.033,1,37.38,0.015,0.006,85,ready,5
2026-10-09 12:15:18.795,376.5,20261009_120902,view,recovery,14,613,manual,truth,70.6,298.7,1,0.497,0.46,0.037,1,37.4,0.017,0.007,85,ready,5
2026-10-09 12:15:19.007,376.71,20261009_120902,view,recovery,14,613,manual,truth,70.6,298.7,1,0.499,0.46,0.039,1,37.41,0.019,0.007,85,ready,5
2026-10-09 12:15:19.214,376.92,20261009_120902,view,recovery,14,613,manual,truth,70.6,298.7,1,0.501,0.461,0.04,1,37.43,0.018,0.007,86,ready,5
2026-10-09 12:15:19.426,377.13,20261009_120902,view,recovery,14,613,manual,truth,70.6,298.7,1,0.502,0.461,0.041,1,37.42,0.017,0.007,86,ready,5
2026-10-09 12:15:19.624,377.33,20261009_120902,view,recovery,14,613,manual,truth,70.6,298.7,1,0.502,0.462,0.04,1,37.43,0.016,0.006,86,ready,5
2026-10-09 12:15:19.829,377.53,20261009_120902,view,recovery,14,613,manual,truth,70.6,298.7,1,0.504,0.462,0.041,1,37.44,0.017,0.006,86,ready,5
2026-10-09 12:15:20.043,377.74,20261009_120902,view,rest,,,,,70.6,298.7,1,0.504,0.463,0.041,1,37.44,0.017,0.006,86,ready,5
2026-10-09 12:15:20.243,377.95,20261009_120902,view,rest,,,,,70.6,298.7,1,0.505,0.464,0.042,1,37.44,0.016,0.005,86,ready,5
2026-10-09 12:15:20.446,378.15,20261009_120902,view,rest,,,,,70.6,298.7,1,0.503,0.464,0.039,1,37.43,0.015,0.005,86,ready,5
2026-10-09 12:15:20.654,378.36,20261009_120902,view,rest,,,,,70.6,298.7,1,0.503,0.465,0.038,1,37.43,0.015,0.005,86,ready,5
2026-10-09 12:15:20.859,378.56,20261009_120902,view,question,15,614,manual,truth,70.6,298.7,1,0.502,0.465,0.037,1,37.45,0.014,0.005,86,question,5
2026-10-09 12:15:21.057,378.76,20261009_120902,view,question,15,614,manual,truth,78.6,304.2,1,0.5,0.466,0.034,1,37.43,0.014,0.005,86,question,5
2026-10-09 12:15:21.270,378.97,20261009_120902,view,question,15,614,manual,truth,78.6,304.2,1,0.5,0.466,0.034,1,37.44,0.015,0.005,87,question,5
2026-10-09 12:15:21.474,379.18,20261009_120902,view,question,15,614,manual,truth,78.6,304.2,1,0.499,0.466,0.033,1,37.43,0.017,0.008,87,question,5
2026-10-09 12:15:21.675,379.38,20261009_120902,view,question,15,614,manual,truth,78.6,304.2,1,0.494,0.467,0.027,1,37.35,0.02,0.008,87,question,5
2026-10-09 12:15:21.874,379.58,20261009_120902,view,question,15,614,manual,truth,78.6,298.2,1,0.482,0.467,0.015,1,37.27,0.021,0.008,86,question,5
2026-10-09 12:15:22.083,379.78,20261009_120902,view,question,15,614,manual,truth,78.6,298.2,1,0.49,0.467,0.023,1,37.28,0.023,0.008,86,question,5
2026-10-09 12:15:22.293,379.99,20261009_120902,view,question,15,614,manual,truth,78.6,298.2,1,0.496,0.468,0.028,1,37.31,0.022,0.008,87,question,5
2026-10-09 12:15:22.496,380.2,20261009_120902,view,question,15,614,manual,truth,78.6,298.2,1,0.499,0.468,0.031,1,37.34,0.021,0.008,87,question,5
2026-10-09 12:15:22.694,380.4,20261009_120902,view,question,15,614,manual,truth,78.6,298.2,1,0.5,0.469,0.031,1,37.35,0.02,0.007,87,question,5
2026-10-09 12:15:22.908,380.61,20261009_120902,view,question,15,614,manual,truth,78.6,298.2,1,0.503,0.469,0.034,1,37.37,0.019,0.007,87,question,5
2026-10-09 12:15:23.103,380.81,20261009_120902,view,question,15,614,manual,truth,78.6,252.8,1,0.504,0.469,0.034,1,37.39,0.019,0.007,87,question,5
2026-10-09 12:15:23.309,381.01,20261009_120902,view,question,15,614,manual,truth,78.6,252.8,1,0.504,0.47,0.034,1,37.41,0.02,0.007,87,question,5
2026-10-09 12:15:23.519,381.22,20261009_120902,view,question,15,614,manual,truth,78.6,252.8,1,0.505,0.47,0.035,1,37.41,0.019,0.008,87,question,5
2026-10-09 12:15:23.718,381.42,20261009_120902,view,question,15,614,manual,truth,89.6,143.7,1,0.506,0.471,0.035,1,37.43,0.019,0.008,88,question,5
2026-10-09 12:15:23.924,381.63,20261009_120902,view,question,15,614,manual,truth,89.6,143.7,1,0.5,0.471,0.029,1,37.37,0.017,0.008,88,question,5
2026-10-09 12:15:24.129,381.83,20261009_120902,view,question,15,614,manual,truth,89.6,143.7,1,0.503,0.472,0.031,1,37.38,0.016,0.008,88,question,5
2026-10-09 12:15:24.336,382.04,20261009_120902,view,question,15,614,manual,truth,90.1,137.3,1,0.503,0.472,0.031,1,37.38,0.015,0.007,88,question,5
2026-10-09 12:15:24.544,382.25,20261009_120902,view,question,15,614,manual,truth,90.1,137.3,1,0.503,0.472,0.031,1,37.39,0.014,0.007,89,question,5
2026-10-09 12:15:24.750,382.45,20261009_120902,view,question,15,614,manual,truth,90.1,137.3,1,0.503,0.473,0.03,1,37.38,0.013,0.006,89,question,5
2026-10-09 12:15:24.964,382.67,20261009_120902,view,question,15,614,manual,truth,90.1,133.4,1,0.503,0.473,0.03,1,37.4,0.012,0.006,89,question,5
2026-10-09 12:15:25.166,382.87,20261009_120902,view,question,15,614,manual,truth,90.1,133.4,1,0.504,0.474,0.03,1,37.4,0.012,0.005,89,question,5
2026-10-09 12:15:25.382,383.08,20261009_120902,view,question,15,614,manual,truth,90.1,133.4,1,0.502,0.474,0.028,1,37.41,0.014,0.005,89,question,5
2026-10-09 12:15:25.580,383.28,20261009_120902,view,question,15,614,manual,truth,90.1,133.4,1,0.492,0.474,0.017,1,37.3,0.014,0.005,89,question,5
2026-10-09 12:15:25.777,383.48,20261009_120902,view,question,15,614,manual,truth,90.1,133.4,1,0.488,0.475,0.013,1,37.29,0.013,0.005,89,question,5
2026-10-09 12:15:25.989,383.69,20261009_120902,view,question,15,614,manual,truth,90.1,133.4,1,0.492,0.475,0.017,1,37.28,0.013,0.005,89,question,5
2026-10-09 12:15:26.186,383.89,20261009_120902,view,question,15,614,manual,truth,90.1,133.4,1,0.486,0.475,0.011,1,37.13,0.012,0.004,88,question,4
2026-10-09 12:15:26.383,384.08,20261009_120902,view,question,15,614,manual,truth,90.1,133.4,1,0.49,0.475,0.015,1,37.15,0.011,0.004,88,question,4
2026-10-09 12:15:26.589,384.29,20261009_120902,view,question,15,614,manual,truth,90.1,133.4,1,0.496,0.475,0.021,1,37.2,0.01,0.004,88,question,4
2026-10-09 12:15:26.795,384.5,20261009_120902,view,question,15,614,manual,truth,90.1,133.4,1,0.5,0.476,0.024,1,37.24,0.011,0.004,88,question,4
2026-10-09 12:15:26.995,384.7,20261009_120902,view,question,15,614,manual,truth,90.1,133.4,1,0.5,0.476,0.024,1,37.27,0.011,0.004,88,question,4
2026-10-09 12:15:27.198,384.9,20261009_120902,view,question,15,614,manual,truth,90.1,133.4,1,0.5,0.476,0.024,1,37.3,0.011,0.004,89,question,4
2026-10-09 12:15:27.403,385.1,20261009_120902,view,question,15,614,manual,truth,90.1,133.4,1,0.503,0.477,0.026,1,37.32,0.01,0.004,89,question,5
2026-10-09 12:15:27.603,385.3,20261009_120902,view,question,15,614,manual,truth,90.1,133.4,1,0.503,0.477,0.026,1,37.35,0.01,0.004,89,question,5
2026-10-09 12:15:27.803,385.5,20261009_120902,view,question,15,614,manual,truth,,,1,0.502,0.477,0.024,1,37.37,0.01,0.005,90,question,5
2026-10-09 12:15:28.008,385.71,20261009_120902,view,question,15,614,manual,truth,,,1,0.5,0.478,0.022,1,37.39,0.009,0.005,92,question,5
2026-10-09 12:15:28.213,385.92,20261009_120902,view,question,15,614,manual,truth,,,1,0.499,0.478,0.021,1,37.41,0.009,0.004,93,question,5
2026-10-09 12:15:28.418,386.12,20261009_120902,view,question,15,614,manual,truth,,,1,0.498,0.478,0.019,1,37.43,0.009,0.005,94,question,5
2026-10-09 12:15:28.624,386.33,20261009_120902,view,question,15,614,manual,truth,98.7,141.4,1,0.496,0.478,0.017,1,37.44,0.012,0.005,93,question,5
2026-10-09 12:15:28.829,386.53,20261009_120902,view,question,15,614,manual,truth,98.7,141.4,1,0.492,0.479,0.013,1,37.45,0.012,0.006,92,question,5
2026-10-09 12:15:29.034,386.74,20261009_120902,view,question,15,614,manual,truth,98.7,141.4,1,0.489,0.479,0.01,1,37.44,0.011,0.006,92,question,5
2026-10-09 12:15:29.243,386.94,20261009_120902,view,question,15,614,manual,truth,98.7,141.4,1,0.49,0.479,0.011,1,37.45,0.011,0.005,91,question,5
2026-10-09 12:15:29.451,387.15,20261009_120902,view,question,15,614,manual,truth,98.7,162.6,1,0.489,0.479,0.01,1,37.47,0.01,0.005,91,question,5
2026-10-09 12:15:29.657,387.36,20261009_120902,view,question,15,614,manual,truth,98.7,162.6,1,0.489,0.479,0.01,1,37.48,0.01,0.006,91,question,5
2026-10-09 12:15:29.860,387.56,20261009_120902,view,question,15,614,manual,truth,98.7,162.6,1,0.49,0.479,0.01,1,37.49,0.011,0.005,90,question,5
2026-10-09 12:15:30.065,387.77,20261009_120902,view,question,15,614,manual,truth,98.7,200.2,1,0.486,0.479,0.007,1,37.5,0.012,0.005,90,question,5
2026-10-09 12:15:30.269,387.97,20261009_120902,view,question,15,614,manual,truth,98.7,200.2,1,0.483,0.48,0.004,1,37.44,0.011,0.005,90,question,5
2026-10-09 12:15:30.475,388.18,20261009_120902,view,question,15,614,manual,truth,98.7,200.2,1,0.468,0.479,-0.012,1,37.26,0.01,0.005,89,question,5
2026-10-09 12:15:30.684,388.39,20261009_120902,view,question,15,614,manual,truth,98.7,200.2,1,0.473,0.479,-0.006,1,37.27,0.01,0.005,89,question,5
2026-10-09 12:15:30.892,388.59,20261009_120902,view,question,15,614,manual,truth,98.7,200.2,1,0.48,0.479,0.0,1,37.3,0.011,0.004,89,question,5
2026-10-09 12:15:31.098,388.8,20261009_120902,view,question,15,614,manual,truth,98.7,200.2,1,0.484,0.479,0.005,1,37.33,0.01,0.004,89,question,5
2026-10-09 12:15:31.309,389.01,20261009_120902,view,question,15,614,manual,truth,98.7,200.2,1,0.484,0.479,0.005,1,37.36,0.01,0.004,89,question,5
2026-10-09 12:15:31.515,389.22,20261009_120902,view,question,15,614,manual,truth,101.8,203.7,1,0.484,0.479,0.005,1,37.38,0.01,0.004,89,question,5
2026-10-09 12:15:31.719,389.42,20261009_120902,view,question,15,614,manual,truth,101.8,203.7,1,0.484,0.48,0.005,1,37.41,0.012,0.004,89,question,5
2026-10-09 12:15:31.924,389.63,20261009_120902,view,question,15,614,manual,truth,101.8,203.7,1,0.483,0.48,0.003,1,37.43,0.011,0.004,89,question,5
2026-10-09 12:15:32.131,389.83,20261009_120902,view,question,15,614,manual,truth,102.9,189.0,1,0.483,0.48,0.004,1,37.43,0.01,0.004,89,question,5
2026-10-09 12:15:32.345,390.05,20261009_120902,view,question,15,614,manual,truth,102.9,189.0,1,0.482,0.48,0.002,1,37.45,0.01,0.004,89,question,5
2026-10-09 12:15:32.543,390.25,20261009_120902,view,question,15,614,manual,truth,102.9,189.0,1,0.48,0.48,0.001,1,37.46,0.009,0.004,89,question,5
2026-10-09 12:15:32.748,390.45,20261009_120902,view,recovery,15,614,manual,truth,102.9,189.0,1,0.479,0.48,-0.001,1,37.45,0.01,0.004,89,ready,5
2026-10-09 12:15:32.951,390.65,20261009_120902,view,recovery,15,614,manual,truth,102.9,189.0,1,0.474,0.48,-0.005,1,37.35,0.011,0.004,89,ready,5
2026-10-09 12:15:33.169,390.87,20261009_120902,view,recovery,15,614,manual,truth,102.9,189.0,1,0.475,0.48,-0.005,1,37.36,0.011,0.004,89,ready,5
2026-10-09 12:15:33.361,391.06,20261009_120902,view,recovery,15,614,manual,truth,102.9,189.0,1,0.476,0.48,-0.003,1,37.38,0.015,0.004,89,ready,5
2026-10-09 12:15:33.551,391.25,20261009_120902,view,recovery,15,614,manual,truth,102.9,189.0,1,0.476,0.479,-0.003,1,37.39,0.015,0.004,89,ready,5
2026-10-09 12:15:33.751,391.45,20261009_120902,view,recovery,15,614,manual,truth,102.9,189.0,1,0.477,0.479,-0.003,1,37.4,0.015,0.005,89,ready,5
2026-10-09 12:15:33.951,391.65,20261009_120902,view,recovery,15,614,manual,truth,108.8,189.0,1,0.477,0.479,-0.003,1,37.4,0.015,0.007,89,ready,5
2026-10-09 12:15:34.154,391.86,20261009_120902,view,recovery,15,614,manual,truth,108.8,189.0,1,0.477,0.479,-0.002,1,37.41,0.015,0.007,89,ready,5
2026-10-09 12:15:34.351,392.05,20261009_120902,view,recovery,15,614,manual,truth,108.8,189.0,1,0.477,0.479,-0.003,1,37.41,0.019,0.007,89,ready,5
2026-10-09 12:15:34.553,392.25,20261009_120902,view,recovery,15,614,manual,truth,109.1,164.0,1,0.477,0.479,-0.003,1,37.42,0.018,0.007,89,ready,5
2026-10-09 12:15:34.750,392.45,20261009_120902,view,recovery,15,614,manual,truth,109.1,164.0,1,0.477,0.479,-0.002,1,37.44,0.017,0.007,89,ready,5
2026-10-09 12:15:34.954,392.66,20261009_120902,view,rest,,,,,109.1,164.0,1,0.477,0.479,-0.002,1,37.45,0.016,0.007,89,ready,5
2026-10-09 12:15:35.167,392.87,20261009_120902,view,rest,,,,,109.1,164.0,1,0.476,0.479,-0.003,1,37.46,0.015,0.006,89,ready,5
2026-10-09 12:15:35.366,393.07,20261009_120902,view,rest,,,,,109.1,164.0,1,0.476,0.479,-0.003,1,37.47,0.014,0.006,89,ready,5
2026-10-09 12:15:35.571,393.27,20261009_120902,view,rest,,,,,109.1,164.0,1,0.477,0.479,-0.002,1,37.48,0.014,0.006,89,ready,5
2026-10-09 12:15:35.782,393.48,20261009_120902,view,recovery,16,615,manual,truth,109.1,164.0,1,0.474,0.479,-0.005,1,37.42,0.014,0.005,89,ready,5
2026-10-09 12:15:35.987,393.69,20261009_120902,view,question,16,615,manual,truth,109.1,164.0,1,0.458,0.479,-0.021,1,37.24,0.013,0.005,89,question,5
2026-10-09 12:15:36.192,393.89,20261009_120902,view,question,16,615,manual,truth,124.4,163.9,1,0.464,0.479,-0.014,1,37.26,0.013,0.005,89,question,5
2026-10-09 12:15:36.401,394.1,20261009_120902,view,question,16,615,manual,truth,124.4,163.9,1,0.469,0.479,-0.01,1,37.29,0.014,0.005,89,question,5
2026-10-09 12:15:36.613,394.31,20261009_120902,view,question,16,615,manual,truth,124.4,163.9,1,0.473,0.478,-0.005,1,37.33,0.017,0.005,90,question,5
2026-10-09 12:15:36.810,394.51,20261009_120902,view,question,16,615,manual,truth,124.4,163.9,1,0.474,0.478,-0.004,1,37.36,0.017,0.006,90,question,5
2026-10-09 12:15:37.011,394.71,20261009_120902,view,question,16,615,manual,truth,124.4,163.9,1,0.474,0.478,-0.004,1,37.37,0.016,0.006,90,question,5
2026-10-09 12:15:37.210,394.91,20261009_120902,view,question,16,615,manual,truth,124.4,163.9,1,0.475,0.478,-0.003,1,37.39,0.015,0.006,90,question,5
2026-10-09 12:15:37.410,395.11,20261009_120902,view,question,16,615,manual,truth,126.0,173.1,1,0.475,0.478,-0.003,1,37.41,0.014,0.005,91,question,5
2026-10-09 12:15:37.612,395.31,20261009_120902,view,question,16,615,manual,truth,126.0,173.1,1,0.476,0.478,-0.002,1,37.43,0.014,0.005,91,question,5
2026-10-09 12:15:37.811,395.51,20261009_120902,view,question,16,615,manual,truth,126.0,179.8,1,0.476,0.478,-0.002,1,37.45,0.013,0.005,91,question,5
2026-10-09 12:15:38.020,395.72,20261009_120902,view,question,16,615,manual,truth,126.0,179.8,1,0.476,0.478,-0.002,1,37.46,0.013,0.005,91,question,5
2026-10-09 12:15:38.225,395.93,20261009_120902,view,question,16,615,manual,truth,126.0,179.8,1,0.476,0.478,-0.003,1,37.46,0.012,0.005,91,question,5
2026-10-09 12:15:38.432,396.13,20261009_120902,view,question,16,615,manual,truth,126.0,179.8,1,0.475,0.478,-0.003,1,37.47,0.012,0.005,91,question,5
2026-10-09 12:15:38.642,396.34,20261009_120902,view,question,16,615,manual,truth,126.0,179.8,1,0.474,0.478,-0.004,1,37.47,0.012,0.005,91,question,5
2026-10-09 12:15:38.847,396.55,20261009_120902,view,question,16,615,manual,truth,126.0,179.8,1,0.473,0.478,-0.005,1,37.48,0.011,0.005,91,question,5
2026-10-09 12:15:39.051,396.75,20261009_120902,view,question,16,615,manual,truth,124.4,179.8,1,0.473,0.478,-0.004,1,37.48,0.011,0.005,91,question,5
2026-10-09 12:15:39.255,396.96,20261009_120902,view,question,16,615,manual,truth,124.4,179.8,1,0.472,0.478,-0.006,1,37.44,0.011,0.004,91,question,5
2026-10-09 12:15:39.461,397.16,20261009_120902,view,question,16,615,manual,truth,124.4,179.8,1,0.473,0.478,-0.005,1,37.44,0.011,0.004,91,question,5
2026-10-09 12:15:39.669,397.37,20261009_120902,view,question,16,615,manual,truth,124.4,179.8,1,0.472,0.478,-0.005,1,37.45,0.012,0.005,91,question,5
2026-10-09 12:15:39.875,397.58,20261009_120902,view,question,16,615,manual,truth,124.4,179.8,1,0.471,0.478,-0.006,1,37.42,0.012,0.005,91,question,5
2026-10-09 12:15:40.083,397.79,20261009_120902,view,question,16,615,manual,truth,124.4,179.8,1,0.463,0.477,-0.014,1,37.2,0.013,0.005,91,question,5
2026-10-09 12:15:40.284,397.99,20261009_120902,view,question,16,615,manual,truth,124.4,179.8,1,0.457,0.477,-0.02,1,37.21,0.013,0.005,91,question,4
2026-10-09 12:15:40.484,398.19,20261009_120902,view,question,16,615,manual,truth,124.4,179.8,1,0.462,0.477,-0.015,1,37.24,0.012,0.005,90,question,4
2026-10-09 12:15:40.691,398.39,20261009_120902,view,question,16,615,manual,truth,124.4,179.8,1,0.466,0.477,-0.011,1,37.25,0.012,0.005,90,question,5
2026-10-09 12:15:40.896,398.6,20261009_120902,view,question,16,615,manual,truth,124.4,179.8,1,0.469,0.477,-0.008,1,37.29,0.013,0.005,90,question,5
2026-10-09 12:15:41.102,398.8,20261009_120902,view,question,16,615,manual,truth,124.4,179.8,1,0.47,0.477,-0.007,1,37.31,0.014,0.005,91,question,5
2026-10-09 12:15:41.319,399.02,20261009_120902,view,question,16,615,manual,truth,124.4,179.8,1,0.471,0.476,-0.006,1,37.32,0.013,0.005,91,question,5
2026-10-09 12:15:41.516,399.22,20261009_120902,view,question,16,615,manual,truth,124.4,179.8,1,0.471,0.476,-0.006,1,37.35,0.013,0.005,91,question,5
2026-10-09 12:15:41.721,399.42,20261009_120902,view,question,16,615,manual,truth,124.4,179.8,1,0.47,0.476,-0.006,1,37.36,0.012,0.004,91,question,5
2026-10-09 12:15:41.929,399.63,20261009_120902,view,question,16,615,manual,truth,124.4,179.8,1,0.47,0.476,-0.006,1,37.37,0.012,0.005,91,question,5
2026-10-09 12:15:42.134,399.84,20261009_120902,view,question,16,615,manual,truth,124.4,179.8,1,0.469,0.476,-0.007,1,37.39,0.011,0.005,91,question,5
2026-10-09 12:15:42.341,400.04,20261009_120902,view,question,16,615,manual,truth,124.4,179.8,1,0.468,0.476,-0.008,1,37.38,0.011,0.005,91,question,5
2026-10-09 12:15:42.553,400.25,20261009_120902,view,question,16,615,manual,truth,124.4,179.8,1,0.468,0.476,-0.008,1,37.37,0.011,0.005,91,question,5
2026-10-09 12:15:42.757,400.46,20261009_120902,view,question,16,615,manual,truth,124.4,179.8,1,0.468,0.476,-0.008,1,37.36,0.01,0.005,91,question,5
2026-10-09 12:15:42.961,400.66,20261009_120902,view,question,16,615,manual,truth,124.4,179.8,1,0.468,0.476,-0.008,1,37.36,0.01,0.005,91,question,5
2026-10-09 12:15:43.169,400.87,20261009_120902,view,question,16,615,manual,truth,119.1,175.8,1,0.468,0.476,-0.008,1,37.36,0.01,0.005,90,question,5
2026-10-09 12:15:43.370,401.07,20261009_120902,view,question,16,615,manual,truth,119.1,175.8,1,0.468,0.476,-0.007,1,37.38,0.011,0.005,90,question,5
2026-10-09 12:15:43.575,401.28,20261009_120902,view,question,16,615,manual,truth,119.1,175.8,1,0.468,0.475,-0.008,1,37.38,0.011,0.005,90,question,5
2026-10-09 12:15:43.781,401.48,20261009_120902,view,question,16,615,manual,truth,119.1,175.8,1,0.467,0.475,-0.008,1,37.36,0.011,0.005,90,question,5
2026-10-09 12:15:43.986,401.69,20261009_120902,view,question,16,615,manual,truth,119.1,175.8,1,0.467,0.475,-0.009,1,37.35,0.011,0.005,90,question,5
2026-10-09 12:15:44.192,401.89,20261009_120902,view,question,16,615,manual,truth,119.1,175.8,1,0.465,0.475,-0.011,1,37.3,0.011,0.004,90,question,5
2026-10-09 12:15:48.330,406.03,20261009_120902,view,recovery,16,615,manual,truth,106.8,166.2,1,0.469,0.473,-0.003,1,37.37,0.048,0.02,90,ready,4
2026-10-09 12:15:48.537,406.24,20261009_120902,view,recovery,16,615,manual,truth,106.8,166.2,1,0.465,0.472,-0.007,1,37.33,0.043,0.018,89,ready,4
2026-10-09 12:15:48.736,406.44,20261009_120902,view,recovery,16,615,manual,truth,106.8,166.2,1,0.456,0.472,-0.016,1,37.22,0.039,0.016,89,ready,4
2026-10-09 12:15:48.941,406.64,20261009_120902,view,recovery,16,615,manual,truth,106.8,166.2,1,0.461,0.472,-0.011,1,37.25,0.036,0.015,89,ready,4
2026-10-09 12:15:49.158,406.86,20261009_120902,view,recovery,16,615,manual,truth,106.8,166.2,1,0.464,0.472,-0.008,1,37.28,0.033,0.014,89,ready,4
2026-10-09 12:15:49.359,407.06,20261009_120902,view,recovery,16,615,manual,truth,106.8,166.2,1,0.465,0.472,-0.007,1,37.31,0.03,0.012,89,ready,4
2026-10-09 12:15:49.560,407.26,20261009_120902,view,recovery,16,615,manual,truth,106.8,166.2,1,0.466,0.472,-0.006,1,37.33,0.028,0.011,89,ready,4
2026-10-09 12:15:49.771,407.47,20261009_120902,view,rest,,,,,106.8,166.2,1,0.466,0.472,-0.006,1,37.34,0.026,0.01,88,ready,5
2026-10-09 12:15:49.975,407.68,20261009_120902,view,rest,,,,,106.8,166.2,1,0.466,0.472,-0.006,1,37.36,0.024,0.009,88,ready,5
2026-10-09 12:15:50.180,407.88,20261009_120902,view,rest,,,,,106.8,166.2,1,0.466,0.472,-0.006,1,37.37,0.023,0.009,88,ready,5
2026-10-09 12:15:50.385,408.09,20261009_120902,view,rest,,,,,106.8,166.2,1,0.466,0.471,-0.006,1,37.38,0.021,0.008,88,ready,5
2026-10-09 12:15:50.590,408.29,20261009_120902,view,rest,,,,,106.8,166.2,1,0.466,0.471,-0.006,1,37.39,0.019,0.007,88,ready,5
2026-10-09 12:15:50.795,408.5,20261009_120902,view,rest,,,,,106.8,166.2,1,0.465,0.471,-0.006,1,37.4,0.018,0.007,88,ready,5
2026-10-09 12:15:51.000,408.7,20261009_120902,view,rest,,,,,106.8,166.2,1,0.464,0.471,-0.007,1,37.41,0.017,0.007,88,ready,5
2026-10-09 12:15:51.211,408.91,20261009_120902,view,rest,,,,,106.8,166.2,1,0.459,0.471,-0.012,1,37.41,0.017,0.006,88,ready,5
2026-10-09 12:15:51.419,409.12,20261009_120902,view,rest,,,,,106.8,166.2,1,0.452,0.471,-0.019,1,37.38,0.016,0.006,88,ready,5
2026-10-09 12:15:51.623,409.33,20261009_120902,view,rest,,,,,106.8,166.2,1,0.452,0.471,-0.019,1,37.4,0.015,0.005,88,ready,5
2026-10-09 12:15:51.832,409.53,20261009_120902,view,rest,,,,,105.7,166.2,1,0.451,0.47,-0.019,1,37.41,0.014,0.005,87,ready,5
2026-10-09 12:15:52.039,409.74,20261009_120902,view,rest,,,,,105.7,166.2,1,0.451,0.47,-0.02,1,37.41,0.013,0.005,87,ready,5
