time_iso,t_sec,run_id,subject,phase,question_no,watch_qid,mode,label,hr_bpm,hrv_ms,ppg_contact,gsr_us,gsr_tonic_us,gsr_phasic_us,gsr_contact,skin_temp_c,tremor_ms2,motion_ms2,stress_index,engine_state,battery_mv
2026-10-08 23:16:30.374,0.05,20261008_231630,toey,rest,,,,,164.8,,1,,,,0,37.16,0.093,0.09,62,ready,8
2026-10-08 23:16:30.575,0.25,20261008_231630,toey,rest,,,,,164.8,,1,,,,0,37.15,0.085,0.083,60,ready,8
2026-10-08 23:16:30.785,0.46,20261008_231630,toey,rest,,,,,,,1,,,,0,37.15,0.08,0.077,65,ready,8
2026-10-08 23:16:30.992,0.67,20261008_231630,toey,rest,,,,,,,1,,,,0,37.15,0.076,0.071,68,ready,8
2026-10-08 23:16:31.199,0.87,20261008_231630,toey,rest,,,,,,,1,,,,0,37.15,0.071,0.065,69,ready,8
2026-10-08 23:16:31.404,1.08,20261008_231630,toey,rest,,,,,101.1,,1,,,,0,37.15,0.067,0.059,61,ready,8
2026-10-08 23:16:31.603,1.28,20261008_231630,toey,rest,,,,,101.1,,1,,,,0,37.15,0.074,0.055,55,ready,8
2026-10-08 23:16:33.810,3.48,20261008_231630,toey,baseline,,,,,100.6,92.8,1,,,,0,37.15,0.051,0.033,,baseline,9
2026-10-08 23:16:34.014,3.69,20261008_231630,toey,baseline,,,,,98.4,84.1,1,,,,0,37.13,0.06,0.035,,baseline,8
2026-10-08 23:16:34.211,3.89,20261008_231630,toey,baseline,,,,,98.4,84.1,1,,,,0,37.14,0.066,0.038,,baseline,8
2026-10-08 23:16:34.454,4.13,20261008_231630,toey,baseline,,,,,98.4,80.9,1,,,,0,37.14,0.074,0.039,,baseline,8
2026-10-08 23:16:34.661,4.34,20261008_231630,toey,baseline,,,,,98.4,80.9,1,,,,0,37.15,0.1,0.058,,baseline,8
2026-10-08 23:16:34.870,4.55,20261008_231630,toey,baseline,,,,,98.4,80.9,1,,,,0,37.15,0.122,0.069,,baseline,8
2026-10-08 23:16:35.077,4.75,20261008_231630,toey,baseline,,,,,98.4,80.9,1,,,,0,37.15,0.149,0.094,,baseline,8
2026-10-08 23:16:35.251,4.93,20261008_231630,toey,baseline,,,,,98.4,80.9,1,,,,0,37.15,0.154,0.093,,baseline,8
2026-10-08 23:16:35.481,5.16,20261008_231630,toey,baseline,,,,,102.1,80.9,1,,,,0,37.15,0.148,0.087,,baseline,8
2026-10-08 23:16:35.687,5.36,20261008_231630,toey,baseline,,,,,102.1,80.9,1,,,,0,37.15,0.165,0.092,,baseline,8
2026-10-08 23:16:35.893,5.57,20261008_231630,toey,baseline,,,,,102.1,80.9,1,,,,0,37.15,0.166,0.102,,baseline,8
2026-10-08 23:16:36.099,5.77,20261008_231630,toey,baseline,,,,,102.1,80.9,1,,,,0,37.15,0.173,0.102,,baseline,8
2026-10-08 23:16:36.314,5.99,20261008_231630,toey,baseline,,,,,102.1,81.1,1,,,,0,37.15,0.17,0.094,,baseline,8
2026-10-08 23:16:36.504,6.18,20261008_231630,toey,baseline,,,,,102.1,81.1,1,,,,0,37.15,0.157,0.086,,baseline,8
2026-10-08 23:16:36.705,6.38,20261008_231630,toey,baseline,,,,,102.1,81.1,1,,,,0,37.16,0.145,0.083,,baseline,8
2026-10-08 23:16:36.911,6.59,20261008_231630,toey,baseline,,,,,99.3,78.7,1,,,,0,37.15,0.133,0.078,,baseline,8
2026-10-08 23:16:37.096,6.77,20261008_231630,toey,baseline,,,,,99.3,78.7,1,,,,0,37.16,0.121,0.071,,baseline,8
2026-10-08 23:16:37.302,6.98,20261008_231630,toey,baseline,,,,,99.3,78.7,1,,,,0,37.16,0.11,0.065,,baseline,8
2026-10-08 23:16:37.543,7.22,20261008_231630,toey,baseline,,,,,103.1,75.0,1,,,,0,37.16,0.1,0.059,,baseline,8
2026-10-08 23:16:37.716,7.39,20261008_231630,toey,baseline,,,,,103.1,75.0,1,,,,0,37.16,0.092,0.054,,baseline,8
2026-10-08 23:16:37.921,7.6,20261008_231630,toey,baseline,,,,,103.1,75.0,1,,,,0,37.16,0.085,0.05,,baseline,9
2026-10-08 23:16:38.128,7.8,20261008_231630,toey,baseline,,,,,99.3,71.9,1,,,,0,37.16,0.081,0.045,,baseline,9
2026-10-08 23:16:38.336,8.01,20261008_231630,toey,baseline,,,,,99.3,71.9,1,,,,0,37.16,0.076,0.043,,baseline,9
2026-10-08 23:16:38.540,8.22,20261008_231630,toey,baseline,,,,,99.3,71.9,1,,,,0,37.17,0.069,0.04,,baseline,9
2026-10-08 23:16:38.777,8.45,20261008_231630,toey,baseline,,,,,99.1,72.0,1,,,,0,37.17,0.064,0.037,,baseline,9
2026-10-08 23:16:38.958,8.63,20261008_231630,toey,baseline,,,,,99.1,72.0,1,,,,0,37.17,0.06,0.034,,baseline,9
2026-10-08 23:16:39.159,8.83,20261008_231630,toey,baseline,,,,,99.1,72.0,1,,,,0,37.17,0.057,0.031,,baseline,9
2026-10-08 23:16:39.357,9.03,20261008_231630,toey,baseline,,,,,99.1,57.5,1,,,,0,37.17,0.053,0.029,,baseline,9
2026-10-08 23:16:39.563,9.24,20261008_231630,toey,baseline,,,,,99.1,57.5,1,,,,0,37.17,0.049,0.026,,baseline,9
2026-10-08 23:16:39.768,9.44,20261008_231630,toey,baseline,,,,,99.1,57.5,1,,,,0,37.16,0.046,0.024,,baseline,9
2026-10-08 23:16:39.978,9.65,20261008_231630,toey,baseline,,,,,98.4,42.3,1,,,,0,37.11,0.042,0.022,,baseline,8
2026-10-08 23:16:40.184,9.86,20261008_231630,toey,baseline,,,,,98.4,42.3,1,,,,0,37.12,0.04,0.022,,baseline,8
2026-10-08 23:16:40.391,10.07,20261008_231630,toey,baseline,,,,,98.4,42.3,1,,,,0,37.13,0.038,0.021,,baseline,8
2026-10-08 23:16:40.591,10.27,20261008_231630,toey,baseline,,,,,98.4,41.7,1,,,,0,37.13,0.037,0.019,,baseline,8
2026-10-08 23:16:40.791,10.47,20261008_231630,toey,baseline,,,,,98.4,41.7,1,,,,0,37.14,0.034,0.018,,baseline,8
2026-10-08 23:16:40.999,10.67,20261008_231630,toey,baseline,,,,,97.8,41.0,1,,,,0,37.13,0.035,0.016,,baseline,9
2026-10-08 23:16:41.211,10.89,20261008_231630,toey,baseline,,,,,97.8,41.0,1,,,,0,37.13,0.034,0.015,,baseline,8
2026-10-08 23:16:41.416,11.09,20261008_231630,toey,baseline,,,,,97.8,41.0,1,,,,0,37.14,0.032,0.014,,baseline,8
2026-10-08 23:16:41.639,11.31,20261008_231630,toey,baseline,,,,,98.4,36.3,1,,,,0,37.14,0.03,0.012,,baseline,8
2026-10-08 23:16:41.827,11.5,20261008_231630,toey,baseline,,,,,98.4,36.3,1,,,,0,37.15,0.032,0.012,,baseline,8
2026-10-08 23:16:42.042,11.72,20261008_231630,toey,baseline,,,,,98.4,36.3,1,,,,0,37.15,0.032,0.011,,baseline,8
2026-10-08 23:16:42.241,11.92,20261008_231630,toey,baseline,,,,,99.0,34.6,1,,,,0,37.15,0.03,0.01,,baseline,8
2026-10-08 23:16:42.458,12.13,20261008_231630,toey,baseline,,,,,99.0,34.6,1,,,,0,37.15,0.03,0.011,,baseline,8
2026-10-08 23:16:42.656,12.33,20261008_231630,toey,baseline,,,,,99.0,34.6,1,,,,0,37.16,0.031,0.012,,baseline,8
2026-10-08 23:16:42.861,12.54,20261008_231630,toey,baseline,,,,,99.0,25.1,1,,,,0,37.16,0.032,0.013,,baseline,9
2026-10-08 23:16:43.076,12.75,20261008_231630,toey,baseline,,,,,99.0,25.1,1,,,,0,37.16,0.033,0.014,,baseline,9
2026-10-08 23:16:43.484,13.16,20261008_231630,toey,baseline,,,,,99.0,25.1,1,,,,0,37.16,0.035,0.015,,baseline,9
2026-10-08 23:16:43.486,13.16,20261008_231630,toey,baseline,,,,,99.0,23.6,1,,,,0,37.16,0.049,0.017,,baseline,9
2026-10-08 23:16:43.682,13.36,20261008_231630,toey,baseline,,,,,99.0,23.6,1,,,,0,37.17,0.048,0.016,,baseline,9
2026-10-08 23:16:43.890,13.57,20261008_231630,toey,baseline,,,,,99.0,23.6,1,,,,0,37.17,0.046,0.018,,baseline,9
2026-10-08 23:16:44.091,13.77,20261008_231630,toey,baseline,,,,,99.0,22.9,1,,,,0,37.13,0.054,0.021,,baseline,9
2026-10-08 23:16:44.297,13.97,20261008_231630,toey,baseline,,,,,99.0,22.9,1,,,,0,37.14,0.061,0.021,,baseline,8
2026-10-08 23:16:44.508,14.18,20261008_231630,toey,baseline,,,,,99.0,22.9,1,,,,0,37.14,0.089,0.052,,baseline,8
2026-10-08 23:16:44.711,14.39,20261008_231630,toey,baseline,,,,,99.0,22.9,1,,,,0,37.14,0.096,0.074,,baseline,8
2026-10-08 23:16:44.918,14.59,20261008_231630,toey,baseline,,,,,99.0,22.9,1,,,,0,37.15,0.09,0.071,,baseline,9
2026-10-08 23:16:45.138,14.81,20261008_231630,toey,baseline,,,,,99.0,22.9,1,,,,0,37.15,0.083,0.066,,baseline,9
2026-10-08 23:16:45.333,15.01,20261008_231630,toey,baseline,,,,,99.0,22.9,1,,,,0,37.15,0.096,0.067,,baseline,9
2026-10-08 23:16:45.537,15.21,20261008_231630,toey,baseline,,,,,99.0,22.9,1,,,,0,37.16,0.116,0.068,,baseline,9
2026-10-08 23:16:45.744,15.42,20261008_231630,toey,baseline,,,,,99.0,22.9,1,,,,0,37.16,0.122,0.07,,baseline,9
2026-10-08 23:16:45.947,15.62,20261008_231630,toey,baseline,,,,,99.0,21.6,1,,,,0,37.16,0.12,0.072,,baseline,9
2026-10-08 23:16:46.153,15.83,20261008_231630,toey,baseline,,,,,99.0,21.6,1,,,,0,37.16,0.111,0.067,,baseline,9
2026-10-08 23:16:46.417,16.09,20261008_231630,toey,baseline,,,,,99.0,21.6,1,,,,0,37.17,0.103,0.061,,baseline,9
2026-10-08 23:16:46.562,16.24,20261008_231630,toey,baseline,,,,,99.0,21.6,1,,,,0,37.17,0.114,0.061,,baseline,9
2026-10-08 23:16:46.773,16.45,20261008_231630,toey,baseline,,,,,99.0,21.6,1,,,,0,37.17,0.113,0.064,,baseline,9
2026-10-08 23:16:46.972,16.65,20261008_231630,toey,baseline,,,,,99.0,21.6,1,,,,0,37.18,0.105,0.061,,baseline,9
2026-10-08 23:16:47.177,16.85,20261008_231630,toey,baseline,,,,,99.0,21.6,1,,,,0,37.17,0.098,0.057,,baseline,9
2026-10-08 23:16:47.382,17.06,20261008_231630,toey,baseline,,,,,99.0,21.6,1,,,,0,37.15,0.092,0.054,,baseline,9
2026-10-08 23:16:47.597,17.27,20261008_231630,toey,baseline,,,,,99.0,21.6,1,,,,0,37.14,0.084,0.049,,baseline,9
2026-10-08 23:16:47.799,17.47,20261008_231630,toey,baseline,,,,,99.0,21.6,1,,,,0,37.15,0.093,0.065,,baseline,9
2026-10-08 23:16:48.000,17.67,20261008_231630,toey,baseline,,,,,98.3,22.6,1,,,,0,37.15,0.199,0.271,,baseline,9
2026-10-08 23:16:48.263,17.94,20261008_231630,toey,baseline,,,,,98.3,22.6,1,,,,0,37.16,0.313,0.353,,baseline,9
2026-10-08 23:16:48.390,18.07,20261008_231630,toey,baseline,,,,,98.3,22.6,1,,,,0,37.15,0.392,0.422,,baseline,9
2026-10-08 23:16:48.591,18.27,20261008_231630,toey,baseline,,,,,98.3,22.6,1,,,,0,37.15,0.372,0.453,,baseline,8
2026-10-08 23:16:48.810,18.49,20261008_231630,toey,baseline,,,,,98.3,23.9,1,,,,0,37.16,0.366,0.567,,baseline,8
2026-10-08 23:16:49.008,18.68,20261008_231630,toey,baseline,,,,,98.3,23.9,1,,,,0,37.16,0.374,0.537,,baseline,8
2026-10-08 23:16:49.210,18.88,20261008_231630,toey,baseline,,,,,111.0,36.2,1,,,,0,37.16,0.362,0.614,,baseline,8
2026-10-08 23:16:49.411,19.09,20261008_231630,toey,baseline,,,,,111.0,36.2,1,,,,0,37.17,0.336,0.576,,baseline,8
2026-10-08 23:16:49.617,19.29,20261008_231630,toey,baseline,,,,,118.1,65.4,1,,,,0,37.17,0.309,0.526,,baseline,8
2026-10-08 23:16:49.821,19.5,20261008_231630,toey,baseline,,,,,118.1,65.4,1,,,,0,37.17,0.284,0.489,,baseline,9
2026-10-08 23:16:50.028,19.7,20261008_231630,toey,baseline,,,,,125.0,73.2,1,,,,0,37.17,0.441,0.539,,baseline,9
2026-10-08 23:16:50.239,19.91,20261008_231630,toey,baseline,,,,,125.0,73.2,1,,,,0,37.17,0.452,0.827,,baseline,9
2026-10-08 23:16:50.438,20.11,20261008_231630,toey,baseline,,,,,125.0,73.2,1,,,,0,37.17,0.478,0.882,,baseline,9
2026-10-08 23:16:50.656,20.33,20261008_231630,toey,baseline,,,,,125.0,72.9,1,,,,0,37.18,0.547,0.895,,baseline,9
2026-10-08 23:16:50.855,20.53,20261008_231630,toey,baseline,,,,,125.0,72.9,1,,,,0,37.18,0.518,0.815,,baseline,9
2026-10-08 23:16:51.060,20.73,20261008_231630,toey,baseline,,,,,125.0,72.9,1,,,,0,37.18,0.476,0.738,,baseline,9
2026-10-08 23:16:51.268,20.94,20261008_231630,toey,baseline,,,,,125.0,72.9,1,,,,0,37.18,0.495,0.69,,baseline,9
2026-10-08 23:16:51.477,21.15,20261008_231630,toey,baseline,,,,,125.0,72.9,1,,,,0,37.18,0.495,0.757,,baseline,9
2026-10-08 23:16:51.682,21.36,20261008_231630,toey,baseline,,,,,125.0,72.9,1,,,,0,37.18,0.554,0.789,,baseline,9
2026-10-08 23:16:51.887,21.56,20261008_231630,toey,baseline,,,,,125.0,72.9,1,,,,0,37.18,0.796,0.947,,baseline,9
2026-10-08 23:16:52.097,21.77,20261008_231630,toey,baseline,,,,,125.0,72.9,1,,,,0,37.19,0.742,0.86,,baseline,9
2026-10-08 23:16:52.307,21.98,20261008_231630,toey,baseline,,,,,125.0,72.9,1,,,,0,37.19,0.678,0.781,,baseline,9
2026-10-08 23:16:52.510,22.19,20261008_231630,toey,baseline,,,,,125.0,72.9,1,,,,0,37.18,0.621,0.708,,baseline,9
2026-10-08 23:16:52.716,22.39,20261008_231630,toey,baseline,,,,,125.0,72.9,1,,,,0,37.14,0.577,0.643,,baseline,8
2026-10-08 23:16:52.920,22.6,20261008_231630,toey,baseline,,,,,125.0,72.9,1,,,,0,37.14,0.529,0.585,,baseline,8
2026-10-08 23:16:53.131,22.81,20261008_231630,toey,baseline,,,,,,,1,,,,0,37.15,0.504,0.536,,baseline,8
2026-10-08 23:16:53.345,23.02,20261008_231630,toey,baseline,,,,,,,1,,,,0,37.15,0.469,0.487,,baseline,8
2026-10-08 23:16:53.537,23.21,20261008_231630,toey,baseline,,,,,,,1,,,,0,37.16,0.469,0.452,,baseline,8
2026-10-08 23:16:53.748,23.42,20261008_231630,toey,baseline,,,,,,,1,,,,0,37.16,0.45,0.419,,baseline,8
2026-10-08 23:16:53.953,23.63,20261008_231630,toey,baseline,,,,,,,1,,,,0,37.17,0.435,0.386,,baseline,8
2026-10-08 23:16:54.158,23.83,20261008_231630,toey,baseline,,,,,,,1,,,,0,37.17,0.415,0.354,,baseline,8
2026-10-08 23:16:54.370,24.05,20261008_231630,toey,baseline,,,,,,,1,,,,0,37.18,0.389,0.322,,baseline,8
2026-10-08 23:16:54.572,24.25,20261008_231630,toey,baseline,,,,,,,1,,,,0,37.18,0.356,0.296,,baseline,8
2026-10-08 23:16:54.781,24.46,20261008_231630,toey,baseline,,,,,,,1,,,,0,37.18,0.323,0.276,,baseline,8
2026-10-08 23:16:54.981,24.66,20261008_231630,toey,baseline,,,,,,,1,,,,0,37.18,0.296,0.252,,baseline,8
2026-10-08 23:16:55.191,24.87,20261008_231630,toey,baseline,,,,,,,1,,,,0,37.18,0.27,0.231,,baseline,8
2026-10-08 23:16:55.389,25.06,20261008_231630,toey,baseline,,,,,,,1,,,,0,37.19,0.246,0.209,,baseline,8
2026-10-08 23:16:55.598,25.27,20261008_231630,toey,baseline,,,,,91.9,,1,,,,0,37.19,0.203,0.172,,baseline,8
2026-10-08 23:16:55.804,25.48,20261008_231630,toey,baseline,,,,,91.9,,1,,,,0,37.19,0.185,0.156,,baseline,8
2026-10-08 23:16:57.903,27.58,20261008_231630,toey,baseline,,,,,100.3,,1,,,,0,37.18,0.072,0.059,,baseline,9
2026-10-08 23:16:58.100,27.78,20261008_231630,toey,baseline,,,,,100.3,,1,,,,0,37.17,0.066,0.053,,baseline,9
2026-10-08 23:16:58.306,27.98,20261008_231630,toey,baseline,,,,,100.3,,1,,,,0,37.18,0.061,0.048,,baseline,9
2026-10-08 23:16:58.517,28.19,20261008_231630,toey,baseline,,,,,100.3,,1,,,,0,37.18,0.056,0.044,,baseline,9
2026-10-08 23:16:58.724,28.4,20261008_231630,toey,baseline,,,,,100.3,,1,,,,0,37.18,0.052,0.04,,baseline,9
2026-10-08 23:16:58.933,28.61,20261008_231630,toey,baseline,,,,,100.3,,1,,,,0,37.18,0.048,0.036,,baseline,9
2026-10-08 23:16:59.137,28.81,20261008_231630,toey,baseline,,,,,100.3,,1,,,,0,37.19,0.045,0.033,,baseline,9
2026-10-08 23:16:59.350,29.02,20261008_231630,toey,baseline,,,,,100.3,,1,,,,0,37.19,0.042,0.03,,baseline,9
2026-10-08 23:16:59.554,29.23,20261008_231630,toey,baseline,,,,,100.3,,1,,,,0,37.19,0.038,0.027,,baseline,9
2026-10-08 23:16:59.755,29.43,20261008_231630,toey,baseline,,,,,100.3,,1,,,,0,37.19,0.036,0.025,,baseline,9
2026-10-08 23:16:59.967,29.64,20261008_231630,toey,baseline,,,,,100.3,,1,,,,0,37.19,0.034,0.023,,baseline,9
2026-10-08 23:17:00.172,29.85,20261008_231630,toey,baseline,,,,,99.9,224.0,1,,,,0,37.19,0.033,0.022,,baseline,9
2026-10-08 23:17:00.376,30.05,20261008_231630,toey,baseline,,,,,99.9,224.0,1,,,,0,37.19,0.037,0.023,,baseline,9
2026-10-08 23:17:00.577,30.25,20261008_231630,toey,baseline,,,,,99.9,224.0,1,,,,0,37.2,0.037,0.022,,baseline,9
2026-10-08 23:17:00.796,30.47,20261008_231630,toey,baseline,,,,,99.9,200.3,1,,,,0,37.2,0.035,0.021,,baseline,9
2026-10-08 23:17:00.991,30.67,20261008_231630,toey,baseline,,,,,99.9,200.3,1,,,,0,37.2,0.036,0.02,,baseline,9
2026-10-08 23:17:01.202,30.88,20261008_231630,toey,baseline,,,,,99.9,200.3,1,,,,0,37.2,0.036,0.02,,baseline,9
2026-10-08 23:17:01.408,31.08,20261008_231630,toey,baseline,,,,,99.1,182.9,1,,,,0,37.2,0.035,0.019,,baseline,9
2026-10-08 23:17:01.625,31.3,20261008_231630,toey,baseline,,,,,99.1,182.9,1,,,,0,37.2,0.034,0.019,,baseline,9
2026-10-08 23:17:01.826,31.5,20261008_231630,toey,baseline,,,,,99.1,169.3,1,,,,0,37.21,0.038,0.019,,baseline,9
2026-10-08 23:17:02.029,31.7,20261008_231630,toey,baseline,,,,,99.1,169.3,1,,,,0,37.21,0.038,0.019,,baseline,9
2026-10-08 23:17:02.235,31.91,20261008_231630,toey,baseline,,,,,99.1,169.3,1,,,,0,37.16,0.037,0.017,,baseline,9
2026-10-08 23:17:02.445,32.12,20261008_231630,toey,baseline,,,,,99.1,169.3,1,,,,0,37.17,0.036,0.016,,baseline,9
2026-10-08 23:17:02.655,32.33,20261008_231630,toey,baseline,,,,,99.1,169.3,1,,,,0,37.17,0.034,0.015,,baseline,9
2026-10-08 23:17:02.856,32.53,20261008_231630,toey,rest,,,,,99.1,169.3,1,,,,0,37.17,0.035,0.014,18,ready,9
2026-10-08 23:17:03.062,32.74,20261008_231630,toey,rest,,,,,99.1,169.3,1,,,,0,37.18,0.041,0.015,18,ready,8
2026-10-08 23:17:03.271,32.95,20261008_231630,toey,rest,,,,,99.1,169.3,1,,,,0,37.18,0.048,0.023,18,ready,8
2026-10-08 23:17:03.476,33.15,20261008_231630,toey,rest,,,,,99.1,169.3,1,,,,0,37.18,0.063,0.038,18,ready,8
2026-10-08 23:17:03.682,33.36,20261008_231630,toey,rest,,,,,99.1,169.3,1,,,,0,37.18,0.061,0.037,18,ready,8
2026-10-08 23:17:03.893,33.57,20261008_231630,toey,rest,,,,,99.1,169.3,1,,,,0,37.18,0.068,0.042,18,ready,8
2026-10-08 23:17:04.100,33.78,20261008_231630,toey,rest,,,,,99.1,169.3,1,,,,0,37.19,0.089,0.042,18,ready,8
2026-10-08 23:17:04.307,33.98,20261008_231630,toey,rest,,,,,99.7,158.5,1,,,,0,37.19,0.084,0.046,18,ready,9
2026-10-08 23:17:04.512,34.19,20261008_231630,toey,rest,,,,,99.7,158.5,1,,,,0,37.19,0.088,0.052,18,ready,9
2026-10-08 23:17:04.720,34.4,20261008_231630,toey,rest,,,,,99.7,158.5,1,,,,0,37.2,0.082,0.049,19,ready,9
2026-10-08 23:17:04.926,34.6,20261008_231630,toey,rest,,,,,99.7,158.5,1,,,,0,37.2,0.076,0.045,19,ready,9
2026-10-08 23:17:05.131,34.81,20261008_231630,toey,rest,,,,,99.7,158.5,1,,,,0,37.2,0.07,0.041,19,ready,9
2026-10-08 23:17:05.341,35.02,20261008_231630,toey,rest,,,,,99.7,158.5,1,,,,0,37.2,0.064,0.038,19,ready,9
2026-10-08 23:17:05.542,35.22,20261008_231630,toey,rest,,,,,99.7,158.5,1,,,,0,37.2,0.06,0.035,19,ready,9
2026-10-08 23:17:05.749,35.42,20261008_231630,toey,rest,,,,,99.7,158.5,1,,,,0,37.21,0.056,0.031,19,ready,9
2026-10-08 23:17:05.955,35.63,20261008_231630,toey,rest,,,,,103.2,113.3,1,,,,0,37.21,0.052,0.029,19,ready,9
2026-10-08 23:17:06.162,35.84,20261008_231630,toey,rest,,,,,103.2,113.3,1,,,,0,37.21,0.048,0.026,20,ready,9
2026-10-08 23:17:06.371,36.05,20261008_231630,toey,rest,,,,,103.2,113.3,1,,,,0,37.21,0.044,0.024,20,ready,9
2026-10-08 23:17:06.578,36.25,20261008_231630,toey,rest,,,,,103.2,17.9,1,,,,0,37.21,0.041,0.022,21,ready,9
2026-10-08 23:17:06.782,36.46,20261008_231630,toey,rest,,,,,103.2,17.9,1,,,,0,37.21,0.184,0.05,21,ready,9
2026-10-08 23:17:06.991,36.67,20261008_231630,toey,rest,,,,,103.2,17.9,1,,,,0,37.21,0.204,0.08,22,ready,9
2026-10-08 23:17:07.198,36.87,20261008_231630,toey,rest,,,,,103.2,25.4,1,,,,0,37.21,0.189,0.074,23,ready,9
2026-10-08 23:17:07.403,37.08,20261008_231630,toey,rest,,,,,103.2,25.4,1,,,,0,37.15,0.179,0.07,23,ready,9
2026-10-08 23:17:07.616,37.29,20261008_231630,toey,rest,,,,,103.2,25.4,1,,,,0,37.16,0.165,0.065,23,ready,9
2026-10-08 23:17:07.820,37.5,20261008_231630,toey,rest,,,,,103.2,25.4,1,,,,0,37.16,0.15,0.061,24,ready,9
2026-10-08 23:17:08.030,37.71,20261008_231630,toey,rest,,,,,103.2,25.4,1,,,,0,37.17,0.139,0.057,24,ready,9
2026-10-08 23:17:08.232,37.91,20261008_231630,toey,rest,,,,,103.2,25.4,1,,,,0,37.17,0.127,0.052,24,ready,9
2026-10-08 23:17:08.440,38.12,20261008_231630,toey,rest,,,,,98.6,25.4,1,,,,0,37.18,0.108,0.047,22,ready,9
2026-10-08 23:17:08.649,38.32,20261008_231630,toey,rest,,,,,98.6,25.4,1,,,,0,37.18,0.099,0.044,21,ready,9
2026-10-08 23:17:08.854,38.53,20261008_231630,toey,rest,,,,,98.6,25.3,1,,,,0,37.19,0.09,0.041,21,ready,9
2026-10-08 23:17:09.186,38.86,20261008_231630,toey,rest,,,,,98.6,25.3,1,,,,0,37.19,0.085,0.039,20,ready,9
2026-10-08 23:17:09.265,38.94,20261008_231630,toey,rest,,,,,98.6,25.3,1,,,,0,37.19,0.08,0.039,20,ready,9
2026-10-08 23:17:09.470,39.15,20261008_231630,toey,rest,,,,,98.6,25.4,1,,,,0,37.19,0.073,0.037,19,ready,9
2026-10-08 23:17:09.682,39.36,20261008_231630,toey,rest,,,,,98.6,25.4,1,,,,0,37.19,0.068,0.035,19,ready,9
2026-10-08 23:17:09.883,39.56,20261008_231630,toey,rest,,,,,98.6,25.4,1,,,,0,37.2,0.073,0.034,19,ready,9
2026-10-08 23:17:10.089,39.76,20261008_231630,toey,rest,,,,,98.4,25.8,1,,,,0,37.2,0.067,0.04,19,ready,9
2026-10-08 23:17:10.293,39.97,20261008_231630,toey,rest,,,,,98.4,25.8,1,,,,0,37.2,0.062,0.038,18,ready,9
2026-10-08 23:17:10.501,40.18,20261008_231630,toey,rest,,,,,98.4,25.8,1,,,,0,37.2,0.065,0.036,18,ready,9
2026-10-08 23:17:10.705,40.38,20261008_231630,toey,rest,,,,,97.4,26.2,1,,,,0,37.21,0.062,0.041,18,ready,9
2026-10-08 23:17:10.912,40.59,20261008_231630,toey,rest,,,,,97.4,26.2,1,,,,0,37.21,0.06,0.044,18,ready,9
2026-10-08 23:17:11.117,40.79,20261008_231630,toey,rest,,,,,97.4,26.2,1,,,,0,37.21,0.056,0.051,17,ready,9
2026-10-08 23:17:11.322,41.0,20261008_231630,toey,rest,,,,,97.4,26.2,1,,,,0,37.21,0.053,0.049,17,ready,9
2026-10-08 23:17:11.521,41.2,20261008_231630,toey,rest,,,,,98.4,27.2,1,,,,0,37.16,0.069,0.05,17,ready,9
2026-10-08 23:17:11.722,41.4,20261008_231630,toey,rest,,,,,98.4,27.2,1,,,,0,37.17,0.065,0.049,17,ready,9
2026-10-08 23:17:11.933,41.61,20261008_231630,toey,rest,,,,,99.7,27.1,1,,,,0,37.18,0.066,0.05,18,ready,9
2026-10-08 23:17:12.141,41.82,20261008_231630,toey,rest,,,,,99.7,27.1,1,,,,0,37.18,0.071,0.05,18,ready,9
2026-10-08 23:17:12.347,42.02,20261008_231630,toey,rest,,,,,99.7,27.1,1,,,,0,37.19,0.069,0.047,18,ready,9
2026-10-08 23:17:12.551,42.23,20261008_231630,toey,rest,,,,,99.7,27.1,1,,,,0,37.19,0.065,0.045,18,ready,9
2026-10-08 23:17:12.764,42.44,20261008_231630,toey,rest,,,,,97.2,29.5,1,,,,0,37.2,0.063,0.041,18,ready,9
2026-10-08 23:17:12.964,42.64,20261008_231630,toey,rest,,,,,97.2,29.5,1,,,,0,37.2,0.156,0.158,18,ready,9
2026-10-08 23:17:13.171,42.85,20261008_231630,toey,rest,,,,,97.2,29.5,1,,,,0,37.2,0.149,0.172,18,ready,9
2026-10-08 23:17:13.384,43.06,20261008_231630,toey,rest,,,,,97.2,29.5,1,,,,0,37.21,0.168,0.285,18,ready,9
2026-10-08 23:17:13.589,43.26,20261008_231630,toey,rest,,,,,100.5,28.7,1,,,,0,37.21,0.227,0.301,19,ready,9
2026-10-08 23:17:13.792,43.47,20261008_231630,toey,rest,,,,,100.5,28.7,1,,,,0,37.21,0.253,0.304,20,ready,9
2026-10-08 23:17:14.002,43.68,20261008_231630,toey,rest,,,,,100.5,28.7,1,,,,0,37.21,0.246,0.286,20,ready,9
2026-10-08 23:17:14.208,43.88,20261008_231630,toey,rest,,,,,100.5,28.7,1,,,,0,37.22,0.227,0.278,21,ready,9
2026-10-08 23:17:14.413,44.09,20261008_231630,toey,rest,,,,,100.5,56.7,1,,,,0,37.23,0.211,0.258,21,ready,9
2026-10-08 23:17:14.625,44.3,20261008_231630,toey,rest,,,,,100.5,56.7,1,,,,0,37.24,0.199,0.257,21,ready,9
2026-10-08 23:17:14.846,44.52,20261008_231630,toey,rest,,,,,100.5,56.7,1,,,,0,37.24,0.184,0.242,21,ready,9
2026-10-08 23:17:15.049,44.72,20261008_231630,toey,rest,,,,,100.5,56.7,1,,,,0,37.24,0.154,0.225,21,ready,9
2026-10-08 23:17:15.252,44.93,20261008_231630,toey,rest,,,,,100.5,57.2,1,,,,0,37.24,0.145,0.204,21,ready,9
2026-10-08 23:17:15.467,45.14,20261008_231630,toey,rest,,,,,100.5,57.2,1,,,,0,37.24,0.139,0.194,21,ready,9
2026-10-08 23:17:15.650,45.33,20261008_231630,toey,rest,,,,,100.5,57.2,1,,,,0,37.2,0.128,0.223,21,ready,9
2026-10-08 23:17:15.858,45.53,20261008_231630,toey,rest,,,,,100.5,57.2,1,,,,0,37.16,0.128,0.273,21,ready,9
2026-10-08 23:17:16.072,45.75,20261008_231630,toey,rest,,,,,100.5,57.2,1,,,,0,37.17,0.14,0.252,21,ready,9
2026-10-08 23:17:16.269,45.94,20261008_231630,toey,rest,,,,,100.5,57.2,1,,,,0,37.17,0.147,0.241,21,ready,9
2026-10-08 23:17:16.469,46.14,20261008_231630,toey,rest,,,,,100.5,57.2,1,,,,0,37.18,0.139,0.224,21,ready,9
2026-10-08 23:17:16.675,46.35,20261008_231630,toey,rest,,,,,100.5,57.2,1,,,,0,37.19,0.146,0.236,21,ready,9
2026-10-08 23:17:16.883,46.56,20261008_231630,toey,rest,,,,,100.5,57.2,1,,,,0,37.19,0.144,0.224,21,ready,9
2026-10-08 23:17:17.091,46.77,20261008_231630,toey,rest,,,,,100.5,57.2,1,,,,0,37.2,0.144,0.222,21,ready,9
2026-10-08 23:17:17.298,46.97,20261008_231630,toey,rest,,,,,100.5,57.2,1,,,,0,37.2,0.154,0.234,21,ready,9
2026-10-08 23:17:17.530,47.2,20261008_231630,toey,rest,,,,,,,1,,,,0,37.21,0.232,0.221,23,ready,9
2026-10-08 23:17:17.714,47.39,20261008_231630,toey,rest,,,,,,,1,,,,0,37.21,0.237,0.212,24,ready,9
2026-10-08 23:17:17.914,47.59,20261008_231630,toey,rest,,,,,91.4,,1,,,,0,37.21,0.267,0.198,22,ready,9
2026-10-08 23:17:18.113,47.79,20261008_231630,toey,rest,,,,,91.4,,1,,,,0,37.22,0.262,0.189,21,ready,9
2026-10-08 23:17:18.319,47.99,20261008_231630,toey,rest,,,,,124.2,,1,,,,0,37.22,0.247,0.189,28,ready,9
2026-10-08 23:17:18.533,48.21,20261008_231630,toey,rest,,,,,124.2,,1,,,,0,37.22,0.238,0.177,33,ready,9
2026-10-08 23:17:18.728,48.4,20261008_231630,toey,rest,,,,,124.2,,1,,,,0,37.23,0.218,0.172,38,ready,9
2026-10-08 23:17:18.934,48.61,20261008_231630,toey,rest,,,,,124.2,,1,,,,0,37.23,0.199,0.157,41,ready,9
2026-10-08 23:17:19.145,48.82,20261008_231630,toey,rest,,,,,124.2,,1,,,,0,37.24,0.184,0.156,44,ready,9
2026-10-08 23:17:19.351,49.03,20261008_231630,toey,rest,,,,,124.2,,1,,,,0,37.24,0.168,0.152,46,ready,9
2026-10-08 23:17:19.863,49.54,20261008_231630,toey,rest,,,,,124.2,,1,,,,0,37.24,0.158,0.143,48,ready,9
2026-10-08 23:17:19.863,49.54,20261008_231630,toey,rest,,,,,124.2,,1,,,,0,37.24,0.146,0.133,50,ready,9
2026-10-08 23:17:19.970,49.65,20261008_231630,toey,rest,,,,,124.2,,1,,,,0,37.24,0.139,0.129,51,ready,9
2026-10-08 23:17:20.181,49.86,20261008_231630,toey,rest,,,,,124.2,,1,,,,0,37.21,0.132,0.13,52,ready,9
2026-10-08 23:17:20.384,50.06,20261008_231630,toey,rest,,,,,124.2,,1,,,,0,37.21,0.122,0.118,52,ready,9
2026-10-08 23:17:20.595,50.27,20261008_231630,toey,rest,,,,,124.2,,1,,,,0,37.21,0.114,0.11,53,ready,9
2026-10-08 23:17:20.804,50.48,20261008_231630,toey,rest,,,,,124.2,,1,,,,0,37.22,0.105,0.1,53,ready,9
2026-10-08 23:17:21.021,50.7,20261008_231630,toey,rest,,,,,124.2,,1,,,,0,37.22,0.097,0.098,54,ready,9
2026-10-08 23:17:21.215,50.89,20261008_231630,toey,rest,,,,,124.2,,1,,,,0,37.21,0.093,0.101,54,ready,9
2026-10-08 23:17:21.421,51.1,20261008_231630,toey,rest,,,,,124.2,,1,,,,0,37.2,0.097,0.103,54,ready,9
2026-10-08 23:17:21.633,51.31,20261008_231630,toey,rest,,,,,124.2,,1,,,,0,37.22,0.091,0.117,54,ready,9
2026-10-08 23:17:21.850,51.53,20261008_231630,toey,rest,,,,,124.2,,1,,,,0,37.22,0.114,0.116,54,ready,9
2026-10-08 23:17:22.046,51.72,20261008_231630,toey,rest,,,,,124.2,,1,,,,0,37.23,0.108,0.108,55,ready,9
2026-10-08 23:17:22.256,51.93,20261008_231630,toey,rest,,,,,124.2,,1,,,,0,37.24,0.122,0.114,55,ready,9
2026-10-08 23:17:22.463,52.14,20261008_231630,toey,rest,,,,,124.2,,1,,,,0,37.24,0.116,0.104,55,ready,9
2026-10-08 23:17:22.672,52.35,20261008_231630,toey,rest,,,,,124.2,,1,,,,0,37.26,0.107,0.096,55,ready,9
2026-10-08 23:17:22.876,52.55,20261008_231630,toey,rest,,,,,124.2,,1,,,,0,37.26,0.098,0.087,55,ready,9
2026-10-08 23:17:23.081,52.76,20261008_231630,toey,rest,,,,,124.2,,1,,,,0,37.26,0.097,0.079,55,ready,9
2026-10-08 23:17:23.285,52.96,20261008_231630,toey,rest,,,,,124.2,,1,,,,0,37.26,0.106,0.08,55,ready,9
2026-10-08 23:17:23.521,53.2,20261008_231630,toey,rest,,,,,124.2,,1,,,,0,37.26,0.097,0.076,55,ready,9
2026-10-08 23:17:23.705,53.38,20261008_231630,toey,rest,,,,,124.2,,1,,,,0,37.26,0.09,0.069,55,ready,9
2026-10-08 23:17:23.911,53.59,20261008_231630,toey,rest,,,,,124.2,,1,,,,0,37.26,0.094,0.063,55,ready,9
2026-10-08 23:17:24.113,53.79,20261008_231630,toey,rest,,,,,124.2,,1,,,,0,37.26,0.105,0.062,55,ready,9
2026-10-08 23:17:24.322,54.0,20261008_231630,toey,rest,,,,,124.2,,1,,,,0,37.22,0.099,0.065,55,ready,9
2026-10-08 23:17:24.522,54.2,20261008_231630,toey,rest,,,,,124.2,,1,,,,0,37.22,0.1,0.064,55,ready,9
2026-10-08 23:17:24.722,54.4,20261008_231630,toey,rest,,,,,124.2,,1,,,,0,37.22,0.124,0.068,55,ready,9
2026-10-08 23:17:24.923,54.6,20261008_231630,toey,rest,,,,,132.5,,1,,,,0,37.23,0.204,0.235,58,ready,9
2026-10-08 23:17:25.122,54.8,20261008_231630,toey,rest,,,,,132.5,,1,,,,0,37.23,0.241,0.243,60,ready,9
2026-10-08 23:17:25.330,55.0,20261008_231630,toey,rest,,,,,132.5,,1,,,,0,37.23,0.224,0.227,62,ready,9
2026-10-08 23:17:25.534,55.21,20261008_231630,toey,rest,,,,,132.5,,1,,,,0,37.23,0.204,0.212,64,ready,9
2026-10-08 23:17:25.744,55.42,20261008_231630,toey,rest,,,,,132.5,,1,,,,0,37.24,0.186,0.194,65,ready,9
2026-10-08 23:17:25.953,55.63,20261008_231630,toey,rest,,,,,132.5,,1,,,,0,37.22,0.171,0.177,66,ready,9
2026-10-08 23:17:26.161,55.84,20261008_231630,toey,rest,,,,,132.5,,1,,,,0,37.23,0.161,0.163,66,ready,9
2026-10-08 23:17:26.371,56.05,20261008_231630,toey,rest,,,,,132.5,,1,,,,0,37.23,0.15,0.15,67,ready,9
2026-10-08 23:17:26.576,56.25,20261008_231630,toey,rest,,,,,132.5,,1,,,,0,37.23,0.137,0.138,67,ready,9
2026-10-08 23:17:26.783,56.46,20261008_231630,toey,rest,,,,,132.5,,1,,,,0,37.24,0.311,0.144,68,ready,9
2026-10-08 23:17:26.997,56.67,20261008_231630,toey,rest,,,,,124.2,,1,,,,0,37.24,0.322,0.171,67,ready,9
2026-10-08 23:17:27.195,56.87,20261008_231630,toey,rest,,,,,142.1,,1,,,,0,37.24,0.37,0.192,70,ready,9
2026-10-08 23:17:27.406,57.08,20261008_231630,toey,rest,,,,,142.1,,1,,,,0,37.24,0.444,0.453,73,ready,9
2026-10-08 23:17:27.610,57.29,20261008_231630,toey,rest,,,,,142.1,,1,,,,0,37.24,0.532,0.518,75,ready,9
2026-10-08 23:17:27.819,57.49,20261008_231630,toey,rest,,,,,138.1,256.0,1,,,,0,37.24,0.485,0.498,77,ready,9
2026-10-08 23:17:28.026,57.7,20261008_231630,toey,rest,,,,,138.1,256.0,1,,,,0,37.25,0.444,0.46,78,ready,9
2026-10-08 23:17:28.229,57.9,20261008_231630,toey,rest,,,,,138.1,256.0,1,,,,0,37.25,0.41,0.424,78,ready,9
2026-10-08 23:17:28.435,58.11,20261008_231630,toey,rest,,,,,138.1,256.0,1,,,,0,37.25,0.391,0.387,79,ready,9
2026-10-08 23:17:28.643,58.32,20261008_231630,toey,rest,,,,,138.1,256.0,1,,,,0,37.24,0.388,0.56,79,ready,9
2026-10-08 23:17:28.853,58.53,20261008_231630,toey,rest,,,,,162.2,256.0,1,,,,0,37.24,0.428,0.695,82,ready,9
2026-10-08 23:17:29.061,58.74,20261008_231630,toey,rest,,,,,162.2,256.0,1,,,,0,37.24,0.464,0.925,85,ready,9
2026-10-08 23:17:29.268,58.94,20261008_231630,toey,rest,,,,,162.2,256.0,1,,,,0,37.24,0.478,0.844,87,ready,9
2026-10-08 23:17:29.468,59.14,20261008_231630,toey,rest,,,,,162.2,256.0,1,,,,0,37.24,0.436,0.769,88,ready,9
2026-10-08 23:17:29.664,59.34,20261008_231630,toey,rest,,,,,162.2,256.0,1,,,,0,37.24,0.394,0.7,90,ready,9
2026-10-08 23:17:29.878,59.55,20261008_231630,toey,rest,,,,,162.2,256.0,1,,,,0,37.25,0.357,0.638,91,ready,9
2026-10-08 23:17:30.079,59.75,20261008_231630,toey,rest,,,,,162.2,256.0,1,,,,0,37.25,0.324,0.581,91,ready,9
2026-10-08 23:17:30.284,59.96,20261008_231630,toey,rest,,,,,162.2,256.0,1,,,,0,37.25,0.293,0.528,92,ready,9
2026-10-08 23:17:30.485,60.16,20261008_231630,toey,rest,,,,,162.2,256.0,1,,,,0,37.25,0.265,0.478,93,ready,9
2026-10-08 23:17:30.697,60.37,20261008_231630,toey,rest,,,,,162.2,256.0,1,,,,0,37.25,0.24,0.433,93,ready,9
2026-10-08 23:17:30.901,60.58,20261008_231630,toey,rest,,,,,162.2,256.0,1,,,,0,37.25,0.217,0.392,93,ready,9
2026-10-08 23:17:31.109,60.78,20261008_231630,toey,rest,,,,,162.2,256.0,1,,,,0,37.25,0.197,0.355,93,ready,9
2026-10-08 23:17:31.316,60.99,20261008_231630,toey,rest,,,,,162.2,256.0,1,,,,0,37.26,0.178,0.321,94,ready,9
2026-10-08 23:17:31.531,61.21,20261008_231630,toey,rest,,,,,162.2,256.0,1,,,,0,37.26,0.165,0.291,94,ready,9
2026-10-08 23:17:31.726,61.4,20261008_231630,toey,rest,,,,,162.2,256.0,1,,,,0,37.26,0.163,0.263,94,ready,9
2026-10-08 23:17:31.931,61.61,20261008_231630,toey,rest,,,,,162.2,256.0,1,,,,0,37.26,0.149,0.238,94,ready,9
2026-10-08 23:17:36.058,65.73,20261008_231630,toey,rest,,,,,,,1,,,,0,37.24,0.034,0.033,67,ready,9
2026-10-08 23:17:36.276,65.95,20261008_231630,toey,rest,,,,,,,1,,,,0,37.24,0.031,0.03,58,ready,9
2026-10-08 23:17:36.468,66.14,20261008_231630,toey,rest,,,,,,,1,,,,0,37.24,0.029,0.027,50,ready,9
2026-10-08 23:17:36.672,66.35,20261008_231630,toey,rest,,,,,,,1,,,,0,37.25,0.026,0.025,43,ready,9
2026-10-08 23:17:36.878,66.55,20261008_231630,toey,rest,,,,,,,1,,,,0,37.25,0.025,0.022,38,ready,9
2026-10-08 23:17:37.139,66.81,20261008_231630,toey,rest,,,,,,,1,,,,0,37.23,0.023,0.02,33,ready,9
2026-10-08 23:17:37.293,66.97,20261008_231630,toey,rest,,,,,,,1,,,,0,37.24,0.022,0.019,30,ready,9
2026-10-08 23:17:37.499,67.17,20261008_231630,toey,rest,,,,,,,1,,,,0,37.24,0.02,0.017,27,ready,9
2026-10-08 23:17:37.707,67.38,20261008_231630,toey,rest,,,,,,,1,,,,0,37.26,0.019,0.015,24,ready,9
2026-10-08 23:17:37.916,67.59,20261008_231630,toey,rest,,,,,,,1,,,,0,37.26,0.018,0.014,22,ready,9
2026-10-08 23:17:38.117,67.79,20261008_231630,toey,rest,,,,,,,1,,,,0,37.26,0.017,0.013,21,ready,9
2026-10-08 23:17:38.325,68.0,20261008_231630,toey,rest,,,,,,,1,,,,0,37.27,0.018,0.012,19,ready,9
2026-10-08 23:17:38.529,68.2,20261008_231630,toey,rest,,,,,,,1,,,,0,37.27,0.017,0.011,18,ready,9
2026-10-08 23:17:38.740,68.41,20261008_231630,toey,rest,,,,,,,1,,,,0,37.28,0.015,0.009,16,ready,9
2026-10-08 23:17:38.943,68.62,20261008_231630,toey,rest,,,,,,,1,,,,0,37.28,0.015,0.009,16,ready,9
2026-10-08 23:17:39.148,68.82,20261008_231630,toey,rest,,,,,,,1,,,,0,37.29,0.015,0.008,15,ready,9
2026-10-08 23:17:39.356,69.03,20261008_231630,toey,rest,,,,,,,1,,,,0,37.29,0.016,0.007,15,ready,9
2026-10-08 23:17:39.807,69.48,20261008_231630,toey,rest,,,,,,,1,,,,0,37.29,0.017,0.007,15,ready,9
2026-10-08 23:17:39.812,69.49,20261008_231630,toey,rest,,,,,,,1,,,,0,37.29,0.017,0.007,14,ready,9
2026-10-08 23:17:39.967,69.64,20261008_231630,toey,rest,,,,,106.6,,1,,,,0,37.3,0.015,0.006,16,ready,9
2026-10-08 23:17:40.174,69.85,20261008_231630,toey,rest,,,,,106.6,,1,,,,0,37.29,0.015,0.006,18,ready,9
2026-10-08 23:17:40.377,70.05,20261008_231630,toey,rest,,,,,106.6,,1,,,,0,37.3,0.014,0.005,19,ready,9
2026-10-08 23:17:40.590,70.26,20261008_231630,toey,rest,,,,,101.5,,1,,,,0,37.3,0.014,0.005,19,ready,9
2026-10-08 23:17:40.790,70.47,20261008_231630,toey,rest,,,,,101.5,,1,,,,0,37.3,0.014,0.005,20,ready,9
2026-10-08 23:17:41.000,70.67,20261008_231630,toey,rest,,,,,101.5,,1,,,,0,37.3,0.014,0.005,20,ready,9
2026-10-08 23:17:41.220,70.9,20261008_231630,toey,rest,,,,,100.2,,1,,,,0,37.32,0.016,0.005,19,ready,9
2026-10-08 23:17:41.428,71.1,20261008_231630,toey,rest,,,,,100.2,,1,,,,0,37.3,0.016,0.004,19,ready,9
2026-10-08 23:17:41.620,71.3,20261008_231630,toey,rest,,,,,101.5,,1,,,,0,37.3,0.018,0.006,19,ready,9
2026-10-08 23:17:41.847,71.52,20261008_231630,toey,rest,,,,,101.5,,1,,,,0,37.3,0.019,0.007,19,ready,9
2026-10-08 23:17:42.036,71.71,20261008_231630,toey,rest,,,,,101.5,94.4,1,,,,0,37.3,0.018,0.007,19,ready,9
2026-10-08 23:17:42.240,71.92,20261008_231630,toey,rest,,,,,101.5,94.4,1,,,,0,37.31,0.02,0.008,20,ready,9
2026-10-08 23:17:42.446,72.12,20261008_231630,toey,rest,,,,,101.5,94.4,1,,,,0,37.31,0.026,0.009,20,ready,9
2026-10-08 23:17:42.652,72.33,20261008_231630,toey,rest,,,,,98.9,112.5,1,,,,0,37.3,0.029,0.009,19,ready,9
2026-10-08 23:17:42.858,72.53,20261008_231630,toey,rest,,,,,98.9,112.5,1,,,,0,37.31,0.028,0.009,19,ready,9
2026-10-08 23:17:43.055,72.73,20261008_231630,toey,rest,,,,,98.9,112.5,1,,,,0,37.31,0.028,0.009,19,ready,9
2026-10-08 23:17:43.255,72.93,20261008_231630,toey,rest,,,,,98.9,112.5,1,,,,0,37.31,0.027,0.013,18,ready,9
2026-10-08 23:17:43.453,73.13,20261008_231630,toey,baseline,,,,,98.9,104.6,1,,,,0,37.31,0.028,0.013,,baseline,9
2026-10-08 23:17:43.667,73.34,20261008_231630,toey,baseline,,,,,98.9,104.6,1,,,,0,37.32,0.03,0.013,,baseline,9
2026-10-08 23:17:43.876,73.55,20261008_231630,toey,baseline,,,,,113.7,108.8,1,,,,0,37.31,0.029,0.013,,baseline,9
2026-10-08 23:17:44.074,73.75,20261008_231630,toey,baseline,,,,,113.7,108.8,1,,,,0,37.32,0.027,0.012,,baseline,9
2026-10-08 23:17:44.290,73.97,20261008_231630,toey,baseline,,,,,113.7,108.8,1,,,,0,37.31,0.025,0.011,,baseline,9
2026-10-08 23:17:44.496,74.17,20261008_231630,toey,baseline,,,,,98.2,106.0,1,,,,0,37.32,0.024,0.01,,baseline,9
2026-10-08 23:17:44.693,74.37,20261008_231630,toey,baseline,,,,,98.2,106.0,1,,,,0,37.31,0.023,0.009,,baseline,9
2026-10-08 23:17:44.902,74.58,20261008_231630,toey,baseline,,,,,98.2,106.0,1,,,,0,37.32,0.022,0.009,,baseline,9
2026-10-08 23:17:45.107,74.78,20261008_231630,toey,baseline,,,,,98.2,100.9,1,,,,0,37.32,0.021,0.008,,baseline,9
2026-10-08 23:17:45.313,74.99,20261008_231630,toey,baseline,,,,,98.2,100.9,1,,,,0,37.33,0.02,0.008,,baseline,9
2026-10-08 23:17:45.514,75.19,20261008_231630,toey,baseline,,,,,98.2,100.9,1,,,,0,37.33,0.018,0.007,,baseline,9
2026-10-08 23:17:45.726,75.4,20261008_231630,toey,baseline,,,,,98.1,97.4,1,,,,0,37.33,0.017,0.007,,baseline,9
2026-10-08 23:17:45.929,75.6,20261008_231630,toey,baseline,,,,,98.1,97.4,1,,,,0,37.34,0.015,0.007,,baseline,9
2026-10-08 23:17:46.140,75.82,20261008_231630,toey,baseline,,,,,98.1,97.4,1,,,,0,37.34,0.016,0.006,,baseline,9
2026-10-08 23:17:46.337,76.01,20261008_231630,toey,baseline,,,,,99.5,93.2,1,,,,0,37.3,0.016,0.006,,baseline,9
2026-10-08 23:17:46.540,76.22,20261008_231630,toey,baseline,,,,,99.5,93.2,1,,,,0,37.3,0.016,0.005,,baseline,9
2026-10-08 23:17:46.757,76.43,20261008_231630,toey,baseline,,,,,99.5,93.2,1,,,,0,37.3,0.016,0.006,,baseline,9
2026-10-08 23:17:46.955,76.63,20261008_231630,toey,baseline,,,,,99.5,93.2,1,,,,0,37.32,0.017,0.007,,baseline,9
2026-10-08 23:17:47.158,76.83,20261008_231630,toey,baseline,,,,,99.5,93.2,1,,,,0,37.32,0.02,0.007,,baseline,9
2026-10-08 23:17:47.384,77.06,20261008_231630,toey,baseline,,,,,101.9,93.2,1,,,,0,37.33,0.025,0.009,,baseline,9
2026-10-08 23:17:47.574,77.25,20261008_231630,toey,baseline,,,,,101.9,93.2,1,,,,0,37.33,0.027,0.009,,baseline,9
2026-10-08 23:17:47.790,77.47,20261008_231630,toey,baseline,,,,,101.9,93.2,1,,,,0,37.34,0.031,0.01,,baseline,9
2026-10-08 23:17:47.987,77.66,20261008_231630,toey,baseline,,,,,99.5,77.9,1,,,,0,37.34,0.029,0.009,,baseline,9
2026-10-08 23:17:50.097,79.77,20261008_231630,toey,baseline,,,,,93.1,74.9,1,,,,0,37.41,0.024,0.011,,baseline,9
2026-10-08 23:17:50.301,79.98,20261008_231630,toey,baseline,,,,,93.1,74.9,1,,,,0,37.38,0.023,0.01,,baseline,9
2026-10-08 23:17:50.500,80.18,20261008_231630,toey,baseline,,,,,93.1,74.9,1,,,,0,37.39,0.027,0.011,,baseline,9
2026-10-08 23:17:50.705,80.38,20261008_231630,toey,baseline,,,,,93.1,69.1,1,,,,0,37.39,0.043,0.013,,baseline,9
2026-10-08 23:17:50.916,80.59,20261008_231630,toey,baseline,,,,,93.1,69.1,1,,,,0,37.4,0.049,0.017,,baseline,9
2026-10-08 23:17:51.120,80.79,20261008_231630,toey,baseline,,,,,93.1,69.1,1,,,,0,37.4,0.046,0.016,,baseline,9
2026-10-08 23:17:51.325,81.0,20261008_231630,toey,baseline,,,,,93.1,82.1,1,,,,0,37.41,0.056,0.021,,baseline,9
2026-10-08 23:17:51.537,81.21,20261008_231630,toey,baseline,,,,,93.1,82.1,1,,,,0,37.42,0.053,0.02,,baseline,9
2026-10-08 23:17:51.739,81.41,20261008_231630,toey,baseline,,,,,93.1,82.1,1,,,,0,37.42,0.049,0.018,,baseline,9
2026-10-08 23:17:51.945,81.62,20261008_231630,toey,baseline,,,,,103.3,111.3,1,,,,0,37.43,0.046,0.017,,baseline,9
2026-10-08 23:17:52.155,81.83,20261008_231630,toey,baseline,,,,,103.3,111.3,1,,,,0,37.33,0.042,0.017,,baseline,9
2026-10-08 23:17:52.364,82.04,20261008_231630,toey,baseline,,,,,103.3,111.3,1,,,,0,37.35,0.057,0.027,,baseline,9
2026-10-08 23:17:52.570,82.25,20261008_231630,toey,baseline,,,,,93.1,136.2,1,,,,0,37.36,0.054,0.025,,baseline,9
2026-10-08 23:17:52.776,82.45,20261008_231630,toey,baseline,,,,,93.1,136.2,1,,,,0,37.38,0.053,0.024,,baseline,9
2026-10-08 23:17:52.985,82.66,20261008_231630,toey,baseline,,,,,93.1,136.2,1,,,,0,37.39,0.057,0.023,,baseline,9
2026-10-08 23:17:53.216,82.89,20261008_231630,toey,baseline,,,,,108.3,160.1,1,,,,0,37.41,0.051,0.02,,baseline,9
2026-10-08 23:17:53.409,83.08,20261008_231630,toey,baseline,,,,,108.3,160.1,1,,,,0,37.42,0.048,0.019,,baseline,9
2026-10-08 23:17:53.607,83.28,20261008_231630,toey,baseline,,,,,92.0,170.5,1,,,,0,37.43,0.046,0.018,,baseline,9
2026-10-08 23:17:53.845,83.52,20261008_231630,toey,baseline,,,,,92.0,170.5,1,,,,0,37.43,0.043,0.016,,baseline,9
2026-10-08 23:17:54.020,83.7,20261008_231630,toey,baseline,,,,,92.0,170.5,1,,,,0,37.44,0.04,0.015,,baseline,9
2026-10-08 23:17:54.224,83.9,20261008_231630,toey,baseline,,,,,103.6,171.9,1,,,,0,37.45,0.038,0.014,,baseline,9
2026-10-08 23:17:54.444,84.12,20261008_231630,toey,baseline,,,,,103.6,171.9,1,,,,0,37.45,0.034,0.013,,baseline,9
2026-10-08 23:17:54.634,84.31,20261008_231630,toey,baseline,,,,,103.6,171.9,1,,,,0,37.46,0.032,0.012,,baseline,9
2026-10-08 23:17:54.857,84.53,20261008_231630,toey,baseline,,,,,103.6,171.9,1,,,,0,37.46,0.029,0.011,,baseline,9
2026-10-08 23:17:55.044,84.72,20261008_231630,toey,baseline,,,,,103.6,171.9,1,,,,0,37.47,0.027,0.01,,baseline,9
2026-10-08 23:17:55.250,84.93,20261008_231630,toey,baseline,,,,,103.6,178.6,1,,,,0,37.48,0.026,0.009,,baseline,9
2026-10-08 23:17:55.456,85.13,20261008_231630,toey,baseline,,,,,103.6,178.6,1,,,,0,37.48,0.024,0.009,,baseline,9
2026-10-08 23:17:55.669,85.34,20261008_231630,toey,baseline,,,,,103.6,178.6,1,,,,0,37.49,0.023,0.008,,baseline,9
2026-10-08 23:17:55.870,85.55,20261008_231630,toey,baseline,,,,,103.6,179.9,1,,,,0,37.49,0.021,0.008,,baseline,9
2026-10-08 23:17:56.076,85.75,20261008_231630,toey,baseline,,,,,103.6,179.9,1,,,,0,37.5,0.02,0.007,,baseline,9
2026-10-08 23:17:56.288,85.96,20261008_231630,toey,baseline,,,,,103.6,179.9,1,,,,0,37.5,0.018,0.007,,baseline,9
2026-10-08 23:17:56.491,86.17,20261008_231630,toey,baseline,,,,,103.6,179.9,1,,,,0,37.4,0.018,0.007,,baseline,9
2026-10-08 23:17:56.709,86.38,20261008_231630,toey,baseline,,,,,103.6,179.9,1,,,,0,37.41,0.02,0.009,,baseline,9
2026-10-08 23:17:56.901,86.58,20261008_231630,toey,baseline,,,,,103.6,179.9,1,,,,0,37.43,0.02,0.009,,baseline,9
2026-10-08 23:17:57.120,86.8,20261008_231630,toey,baseline,,,,,103.6,179.9,1,,,,0,37.44,0.019,0.009,,baseline,9
2026-10-08 23:17:57.318,86.99,20261008_231630,toey,baseline,,,,,103.6,179.9,1,,,,0,37.45,0.018,0.008,,baseline,9
2026-10-08 23:17:57.528,87.2,20261008_231630,toey,baseline,,,,,103.6,179.9,1,,,,0,37.46,0.018,0.009,,baseline,9
2026-10-08 23:17:57.726,87.4,20261008_231630,toey,baseline,,,,,103.6,179.9,1,,,,0,37.47,0.026,0.012,,baseline,9
2026-10-08 23:17:57.933,87.61,20261008_231630,toey,baseline,,,,,103.6,179.9,1,,,,0,37.49,0.035,0.021,,baseline,9
2026-10-08 23:17:58.135,87.81,20261008_231630,toey,baseline,,,,,103.6,179.9,1,,,,0,37.49,0.045,0.023,,baseline,9
2026-10-08 23:17:58.340,88.01,20261008_231630,toey,baseline,,,,,103.6,184.0,1,,,,0,37.49,0.042,0.021,,baseline,9
2026-10-08 23:17:58.578,88.25,20261008_231630,toey,baseline,,,,,103.6,184.0,1,,,,0,37.5,0.038,0.02,,baseline,9
2026-10-08 23:17:58.749,88.42,20261008_231630,toey,baseline,,,,,103.6,184.0,1,,,,0,37.51,0.035,0.018,,baseline,9
2026-10-08 23:17:58.956,88.63,20261008_231630,toey,baseline,,,,,103.6,191.4,1,,,,0,37.51,0.033,0.016,,baseline,9
2026-10-08 23:17:59.160,88.84,20261008_231630,toey,baseline,,,,,103.6,191.4,1,,,,0,37.51,0.03,0.015,,baseline,9
2026-10-08 23:17:59.387,89.06,20261008_231630,toey,baseline,,,,,103.6,191.4,1,,,,0,37.52,0.028,0.014,,baseline,9
2026-10-08 23:17:59.573,89.25,20261008_231630,toey,baseline,,,,,103.4,189.4,1,,,,0,37.47,0.026,0.013,,baseline,9
2026-10-08 23:17:59.801,89.48,20261008_231630,toey,baseline,,,,,103.4,189.4,1,,,,0,37.48,0.024,0.012,,baseline,9
2026-10-08 23:17:59.997,89.67,20261008_231630,toey,baseline,,,,,98.8,180.9,1,,,,0,37.5,0.022,0.01,,baseline,9
2026-10-08 23:18:02.146,91.82,20261008_231630,toey,baseline,,,,,98.8,116.8,1,,,,0,37.47,0.032,0.013,,baseline,9
2026-10-08 23:18:02.351,92.03,20261008_231630,toey,baseline,,,,,98.8,116.8,1,,,,0,37.48,0.035,0.014,,baseline,9
2026-10-08 23:18:02.548,92.22,20261008_231630,toey,baseline,,,,,98.8,116.8,1,,,,0,37.49,0.034,0.014,,baseline,9
2026-10-08 23:18:02.755,92.43,20261008_231630,toey,baseline,,,,,98.8,94.2,1,,,,0,37.49,0.037,0.014,,baseline,9
2026-10-08 23:18:02.964,92.64,20261008_231630,toey,baseline,,,,,98.8,94.2,1,,,,0,37.5,0.044,0.014,,baseline,9
2026-10-08 23:18:03.174,92.85,20261008_231630,toey,baseline,,,,,98.8,94.2,1,,,,0,37.51,0.041,0.014,,baseline,9
2026-10-08 23:18:03.376,93.05,20261008_231630,toey,baseline,,,,,98.8,94.2,1,,,,0,37.51,0.04,0.014,,baseline,9
2026-10-08 23:18:03.598,93.27,20261008_231630,toey,baseline,,,,,121.4,96.9,1,,,,0,37.51,0.038,0.013,,baseline,9
2026-10-08 23:18:03.784,93.46,20261008_231630,toey,baseline,,,,,121.4,96.9,1,,,,0,37.52,0.039,0.012,,baseline,9
2026-10-08 23:18:03.989,93.66,20261008_231630,toey,baseline,,,,,121.4,96.9,1,,,,0,37.52,0.038,0.012,,baseline,9
2026-10-08 23:18:04.203,93.88,20261008_231630,toey,baseline,,,,,121.4,96.9,1,,,,0,37.52,0.041,0.013,,baseline,9
2026-10-08 23:18:04.399,94.07,20261008_231630,toey,baseline,,,,,121.4,96.9,1,,,,0,37.53,0.043,0.013,,baseline,9
2026-10-08 23:18:04.619,94.29,20261008_231630,toey,baseline,,,,,101.8,96.9,1,,,,0,37.53,0.042,0.013,,baseline,9
2026-10-08 23:18:04.815,94.49,20261008_231630,toey,baseline,,,,,101.8,111.1,1,,,,0,37.54,0.042,0.014,,baseline,9
2026-10-08 23:18:05.031,94.71,20261008_231630,toey,baseline,,,,,101.8,111.1,1,,,,0,37.54,0.04,0.012,,baseline,9
2026-10-08 23:18:05.301,94.98,20261008_231630,toey,baseline,,,,,125.3,104.3,1,,,,0,37.54,0.037,0.012,,baseline,9
2026-10-08 23:18:05.432,95.11,20261008_231630,toey,baseline,,,,,125.3,104.3,1,,,,0,37.54,0.038,0.013,,baseline,9
2026-10-08 23:18:05.638,95.31,20261008_231630,toey,baseline,,,,,134.7,87.5,1,,,,0,37.54,0.038,0.017,,baseline,9
2026-10-08 23:18:05.852,95.53,20261008_231630,toey,baseline,,,,,134.7,87.5,1,,,,0,37.56,0.036,0.018,,baseline,9
2026-10-08 23:18:06.118,95.79,20261008_231630,toey,baseline,,,,,134.7,87.5,1,,,,0,37.54,0.033,0.017,,baseline,9
2026-10-08 23:18:06.257,95.93,20261008_231630,toey,baseline,,,,,134.7,87.5,1,,,,0,37.54,0.031,0.015,,baseline,9
2026-10-08 23:18:06.492,96.17,20261008_231630,toey,baseline,,,,,134.7,87.5,1,,,,0,37.54,0.03,0.014,,baseline,9
2026-10-08 23:18:06.666,96.34,20261008_231630,toey,baseline,,,,,134.7,87.5,1,,,,0,37.55,0.028,0.013,,baseline,9
2026-10-08 23:18:06.858,96.53,20261008_231630,toey,baseline,,,,,134.7,92.6,1,,,,0,37.55,0.025,0.012,,baseline,9
2026-10-08 23:18:07.056,96.73,20261008_231630,toey,baseline,,,,,134.7,92.6,1,,,,0,37.55,0.024,0.011,,baseline,9
2026-10-08 23:18:07.264,96.94,20261008_231630,toey,baseline,,,,,134.7,92.6,1,,,,0,37.55,0.022,0.01,,baseline,9
2026-10-08 23:18:07.468,97.14,20261008_231630,toey,baseline,,,,,134.7,92.6,1,,,,0,37.56,0.027,0.012,,baseline,9
2026-10-08 23:18:07.674,97.35,20261008_231630,toey,baseline,,,,,134.7,92.6,1,,,,0,37.56,0.027,0.012,,baseline,9
2026-10-08 23:18:07.881,97.56,20261008_231630,toey,baseline,,,,,134.7,92.6,1,,,,0,37.56,0.025,0.012,,baseline,9
2026-10-08 23:18:08.080,97.75,20261008_231630,toey,baseline,,,,,134.7,92.6,1,,,,0,37.56,0.024,0.012,,baseline,9
2026-10-08 23:18:08.277,97.95,20261008_231630,toey,baseline,,,,,134.7,92.6,1,,,,0,37.56,0.022,0.011,,baseline,9
2026-10-08 23:18:08.481,98.16,20261008_231630,toey,baseline,,,,,134.7,92.6,1,,,,0,37.56,0.02,0.01,,baseline,9
2026-10-08 23:18:08.691,98.37,20261008_231630,toey,baseline,,,,,134.7,92.6,1,,,,0,37.57,0.044,0.017,,baseline,9
2026-10-08 23:18:08.898,98.57,20261008_231630,toey,baseline,,,,,,,1,,,,0,37.57,0.054,0.018,,baseline,9
2026-10-08 23:18:09.100,98.78,20261008_231630,toey,baseline,,,,,,,1,,,,0,37.57,0.055,0.019,,baseline,9
2026-10-08 23:18:09.305,98.98,20261008_231630,toey,baseline,,,,,107.1,,1,,,,0,37.57,0.063,0.023,,baseline,9
2026-10-08 23:18:09.517,99.19,20261008_231630,toey,baseline,,,,,107.1,,1,,,,0,37.57,0.075,0.027,,baseline,9
2026-10-08 23:18:09.721,99.4,20261008_231630,toey,baseline,,,,,107.1,,1,,,,0,37.58,0.071,0.025,,baseline,9
2026-10-08 23:18:09.938,99.61,20261008_231630,toey,baseline,,,,,107.1,,1,,,,0,37.58,0.065,0.023,,baseline,9
2026-10-08 23:18:10.158,99.83,20261008_231630,toey,baseline,,,,,107.1,,1,,,,0,37.59,0.097,0.032,,baseline,9
2026-10-08 23:18:10.341,100.02,20261008_231630,toey,baseline,,,,,87.2,,1,,,,0,37.53,0.095,0.032,,baseline,9
2026-10-08 23:18:10.549,100.22,20261008_231630,toey,baseline,,,,,87.2,,1,,,,0,37.54,0.091,0.03,,baseline,9
2026-10-08 23:18:10.757,100.43,20261008_231630,toey,baseline,,,,,96.2,,1,,,,0,37.55,0.084,0.028,,baseline,9
2026-10-08 23:18:10.967,100.64,20261008_231630,toey,baseline,,,,,96.2,,1,,,,0,37.55,0.078,0.026,,baseline,9
2026-10-08 23:18:11.166,100.84,20261008_231630,toey,baseline,,,,,96.2,,1,,,,0,37.56,0.072,0.026,,baseline,9
2026-10-08 23:18:11.373,101.05,20261008_231630,toey,baseline,,,,,96.2,,1,,,,0,37.56,0.07,0.024,,baseline,9
2026-10-08 23:18:11.585,101.26,20261008_231630,toey,baseline,,,,,96.2,,1,,,,0,37.57,0.064,0.022,,baseline,9
2026-10-08 23:18:11.781,101.46,20261008_231630,toey,baseline,,,,,96.2,,1,,,,0,37.57,0.058,0.02,,baseline,9
2026-10-08 23:18:11.986,101.66,20261008_231630,toey,baseline,,,,,96.2,,1,,,,0,37.57,0.053,0.019,,baseline,9
2026-10-08 23:18:12.200,101.88,20261008_231630,toey,baseline,,,,,96.2,,1,,,,0,37.58,0.049,0.017,,baseline,9
2026-10-08 23:18:12.398,102.07,20261008_231630,toey,baseline,,,,,96.2,,1,,,,0,37.58,0.044,0.017,,baseline,9
2026-10-08 23:18:12.605,102.28,20261008_231630,toey,baseline,,,,,96.2,,1,,,,0,37.58,0.043,0.017,,baseline,9
2026-10-08 23:18:12.809,102.48,20261008_231630,toey,baseline,,,,,,,1,,,,0,37.58,0.04,0.016,,baseline,9
2026-10-08 23:18:13.016,102.69,20261008_231630,toey,baseline,,,,,168.5,,1,,,,0,37.59,0.037,0.014,,baseline,9
2026-10-08 23:18:13.233,102.91,20261008_231630,toey,rest,,,,,168.5,,1,,,,0,37.59,0.034,0.013,80,ready,9
2026-10-08 23:18:13.429,103.1,20261008_231630,toey,rest,,,,,168.5,,1,,,,0,37.57,0.032,0.013,80,ready,9
2026-10-08 23:18:13.637,103.31,20261008_231630,toey,rest,,,,,161.5,,1,,,,0,37.57,0.031,0.012,79,ready,9
2026-10-08 23:18:13.849,103.52,20261008_231630,toey,rest,,,,,161.5,,1,,,,0,37.58,0.029,0.011,78,ready,9
2026-10-08 23:18:14.051,103.73,20261008_231630,toey,rest,,,,,153.7,,1,,,,0,37.58,0.029,0.011,76,ready,9
2026-10-08 23:18:14.249,103.92,20261008_231630,toey,rest,,,,,153.7,,1,,,,0,37.59,0.028,0.01,75,ready,9
2026-10-08 23:18:14.455,104.13,20261008_231630,toey,rest,,,,,160.7,281.2,1,,,,0,37.59,0.026,0.01,74,ready,9
2026-10-08 23:18:14.662,104.34,20261008_231630,toey,rest,,,,,160.7,281.2,1,,,,0,37.59,0.025,0.009,74,ready,9
2026-10-08 23:18:14.868,104.54,20261008_231630,toey,rest,,,,,160.7,281.2,1,,,,0,37.59,0.025,0.01,74,ready,9
2026-10-08 23:18:15.082,104.76,20261008_231630,toey,rest,,,,,160.7,281.2,1,,,,0,37.58,0.023,0.009,74,ready,9
2026-10-08 23:18:15.280,104.96,20261008_231630,toey,rest,,,,,160.7,281.2,1,,,,0,37.58,0.023,0.009,73,ready,9
2026-10-08 23:18:15.489,105.16,20261008_231630,toey,rest,,,,,160.7,281.2,1,,,,0,37.59,0.022,0.009,73,ready,9
2026-10-08 23:18:15.689,105.36,20261008_231630,toey,rest,,,,,160.7,281.2,1,,,,0,37.59,0.02,0.008,73,ready,9
2026-10-08 23:18:15.899,105.57,20261008_231630,toey,rest,,,,,146.7,281.2,1,,,,0,37.6,0.019,0.007,70,ready,9
2026-10-08 23:18:16.200,105.87,20261008_231630,toey,rest,,,,,146.7,281.2,1,,,,0,37.6,0.018,0.008,68,ready,9
2026-10-08 23:18:16.313,105.99,20261008_231630,toey,rest,,,,,146.7,252.4,1,,,,0,37.6,0.016,0.007,66,ready,9
2026-10-08 23:18:16.522,106.2,20261008_231630,toey,rest,,,,,146.7,252.4,1,,,,0,37.6,0.016,0.007,65,ready,9
2026-10-08 23:18:16.720,106.4,20261008_231630,toey,rest,,,,,146.7,252.4,1,,,,0,37.62,0.016,0.007,63,ready,9
2026-10-08 23:18:16.972,106.65,20261008_231630,toey,rest,,,,,146.7,252.4,1,,,,0,37.62,0.015,0.006,62,ready,9
2026-10-08 23:18:17.142,106.82,20261008_231630,toey,rest,,,,,146.7,252.4,1,,,,0,37.62,0.015,0.006,61,ready,9
2026-10-08 23:18:17.339,107.01,20261008_231630,toey,rest,,,,,146.7,252.4,1,,,,0,37.62,0.014,0.006,61,ready,9
2026-10-08 23:18:17.548,107.22,20261008_231630,toey,rest,,,,,146.7,252.4,1,,,,0,37.62,0.014,0.006,60,ready,9
2026-10-08 23:18:17.755,107.43,20261008_231630,toey,rest,,,,,146.7,252.4,1,,,,0,37.62,0.012,0.005,59,ready,9
2026-10-08 23:18:17.961,107.64,20261008_231630,toey,rest,,,,,146.7,252.4,1,,,,0,37.62,0.013,0.007,59,ready,9
2026-10-08 23:18:18.167,107.84,20261008_231630,toey,rest,,,,,146.7,252.4,1,,,,0,37.62,0.013,0.007,58,ready,9
2026-10-08 23:18:18.376,108.05,20261008_231630,toey,rest,,,,,139.7,230.4,1,,,,0,37.62,0.013,0.006,57,ready,9
2026-10-08 23:18:18.582,108.26,20261008_231630,toey,rest,,,,,139.7,230.4,1,,,,0,37.62,0.016,0.007,56,ready,9
2026-10-08 23:18:18.792,108.47,20261008_231630,toey,rest,,,,,139.7,230.4,1,,,,0,37.62,0.018,0.009,55,ready,9
2026-10-08 23:18:18.993,108.67,20261008_231630,toey,rest,,,,,139.7,230.4,1,,,,0,37.62,0.018,0.008,54,ready,9
2026-10-08 23:18:19.199,108.87,20261008_231630,toey,rest,,,,,139.7,230.4,1,,,,0,37.62,0.016,0.008,53,ready,9
2026-10-08 23:18:19.411,109.09,20261008_231630,toey,rest,,,,,139.7,230.4,1,,,,0,37.59,0.017,0.007,53,ready,9
2026-10-08 23:18:19.614,109.29,20261008_231630,toey,rest,,,,,139.7,230.4,1,,,,0,37.59,0.016,0.007,52,ready,9
2026-10-08 23:18:19.820,109.49,20261008_231630,toey,rest,,,,,139.7,230.4,1,,,,0,37.59,0.015,0.007,52,ready,9
2026-10-08 23:18:20.030,109.71,20261008_231630,toey,rest,,,,,139.7,230.4,1,,,,0,37.6,0.018,0.007,51,ready,9
2026-10-08 23:18:20.233,109.91,20261008_231630,toey,rest,,,,,139.7,230.4,1,,,,0,37.6,0.021,0.009,51,ready,9
2026-10-08 23:18:20.454,110.13,20261008_231630,toey,rest,,,,,139.7,230.4,1,,,,0,37.61,0.02,0.009,51,ready,9
2026-10-08 23:18:20.646,110.32,20261008_231630,toey,rest,,,,,139.7,230.4,1,,,,0,37.61,0.019,0.009,51,ready,9
2026-10-08 23:18:20.848,110.52,20261008_231630,toey,rest,,,,,139.7,230.4,1,,,,0,37.61,0.017,0.008,51,ready,9
2026-10-08 23:18:21.054,110.73,20261008_231630,toey,rest,,,,,139.7,230.4,1,,,,0,37.62,0.017,0.007,51,ready,9
2026-10-08 23:18:21.267,110.94,20261008_231630,toey,rest,,,,,140.2,213.6,1,,,,0,37.62,0.041,0.013,52,ready,9
2026-10-08 23:18:21.470,111.15,20261008_231630,toey,rest,,,,,140.2,213.6,1,,,,0,37.62,0.045,0.019,53,ready,9
2026-10-08 23:18:21.679,111.35,20261008_231630,toey,rest,,,,,127.1,200.4,1,,,,0,37.62,0.047,0.019,52,ready,9
2026-10-08 23:18:21.880,111.56,20261008_231630,toey,rest,,,,,127.1,200.4,1,,,,0,37.63,0.045,0.018,50,ready,9
2026-10-08 23:18:22.092,111.77,20261008_231630,toey,rest,,,,,140.2,205.5,1,,,,0,37.63,0.043,0.017,52,ready,9
2026-10-08 23:18:22.299,111.97,20261008_231630,toey,rest,,,,,140.2,205.5,1,,,,0,37.63,0.041,0.016,53,ready,9
2026-10-08 23:18:22.501,112.18,20261008_231630,toey,rest,,,,,140.2,205.5,1,,,,0,37.63,0.038,0.014,53,ready,9
2026-10-08 23:18:22.711,112.39,20261008_231630,toey,rest,,,,,140.2,205.5,1,,,,0,37.63,0.036,0.014,54,ready,9
2026-10-08 23:18:22.913,112.59,20261008_231630,toey,rest,,,,,140.2,205.5,1,,,,0,37.64,0.033,0.013,54,ready,9
2026-10-08 23:18:23.134,112.81,20261008_231630,toey,rest,,,,,140.2,205.5,1,,,,0,37.64,0.032,0.012,54,ready,9
2026-10-08 23:18:23.329,113.0,20261008_231630,toey,rest,,,,,140.2,148.2,1,,,,0,37.64,0.03,0.012,54,ready,9
2026-10-08 23:18:23.538,113.21,20261008_231630,toey,rest,,,,,140.2,148.2,1,,,,0,37.66,0.029,0.013,54,ready,9
2026-10-08 23:18:23.742,113.42,20261008_231630,toey,rest,,,,,139.2,70.1,1,,,,0,37.63,0.026,0.013,54,ready,9
2026-10-08 23:18:23.960,113.63,20261008_231630,toey,rest,,,,,139.2,70.1,1,,,,0,37.64,0.035,0.013,54,ready,9
2026-10-08 23:18:24.148,113.82,20261008_231630,toey,rest,,,,,139.2,70.1,1,,,,0,37.64,0.036,0.014,54,ready,9
2026-10-08 23:18:24.357,114.03,20261008_231630,toey,rest,,,,,127.1,71.1,1,,,,0,37.64,0.035,0.013,52,ready,9
2026-10-08 23:18:24.564,114.24,20261008_231630,toey,rest,,,,,127.1,71.1,1,,,,0,37.65,0.038,0.013,50,ready,9
2026-10-08 23:18:24.768,114.44,20261008_231630,toey,rest,,,,,127.1,71.1,1,,,,0,37.65,0.038,0.014,49,ready,9
2026-10-08 23:18:24.984,114.66,20261008_231630,toey,rest,,,,,127.1,71.1,1,,,,0,37.65,0.037,0.014,48,ready,9
2026-10-08 23:18:25.208,114.88,20261008_231630,toey,rest,,,,,127.1,71.1,1,,,,0,37.65,0.036,0.013,47,ready,9
2026-10-08 23:18:25.392,115.07,20261008_231630,toey,rest,,,,,127.1,71.1,1,,,,0,37.66,0.042,0.017,46,ready,9
2026-10-08 23:18:25.595,115.27,20261008_231630,toey,rest,,,,,127.1,71.1,1,,,,0,37.66,0.074,0.026,47,ready,9
2026-10-08 23:18:25.799,115.47,20261008_231630,toey,rest,,,,,127.1,71.1,1,,,,0,37.66,0.076,0.025,48,ready,9
2026-10-08 23:18:26.009,115.68,20261008_231630,toey,rest,,,,,127.1,71.1,1,,,,0,37.66,0.073,0.023,49,ready,9
2026-10-08 23:18:26.243,115.92,20261008_231630,toey,rest,,,,,127.1,71.1,1,,,,0,37.67,0.082,0.025,49,ready,9
2026-10-08 23:18:26.424,116.1,20261008_231630,toey,rest,,,,,125.6,71.1,1,,,,0,37.68,0.079,0.026,50,ready,9
2026-10-08 23:18:26.629,116.3,20261008_231630,toey,rest,,,,,125.6,97.4,1,,,,0,37.68,0.076,0.027,50,ready,9
2026-10-08 23:18:26.843,116.52,20261008_231630,toey,rest,,,,,125.6,97.4,1,,,,0,37.68,0.082,0.026,50,ready,9
2026-10-08 23:18:27.043,116.72,20261008_231630,toey,rest,,,,,125.6,97.4,1,,,,0,37.69,0.087,0.028,51,ready,9
2026-10-08 23:18:27.248,116.92,20261008_231630,toey,rest,,,,,125.6,97.4,1,,,,0,37.7,0.112,0.039,52,ready,9
2026-10-08 23:18:27.452,117.13,20261008_231630,toey,rest,,,,,125.6,97.4,1,,,,0,37.7,0.146,0.042,55,ready,9
2026-10-08 23:18:27.659,117.33,20261008_231630,toey,rest,,,,,139.2,97.4,1,,,,0,37.7,0.153,0.041,60,ready,9
2026-10-08 23:18:27.858,117.53,20261008_231630,toey,rest,,,,,139.2,97.4,1,,,,0,37.66,0.144,0.042,63,ready,9
2026-10-08 23:18:28.068,117.74,20261008_231630,toey,rest,,,,,125.6,101.8,1,,,,0,37.66,0.131,0.039,63,ready,9
2026-10-08 23:18:28.275,117.95,20261008_231630,toey,rest,,,,,125.6,101.8,1,,,,0,37.67,0.12,0.036,63,ready,9
2026-10-08 23:18:28.480,118.16,20261008_231630,toey,rest,,,,,125.6,101.8,1,,,,0,37.68,0.11,0.034,62,ready,9
2026-10-08 23:18:28.749,118.42,20261008_231630,toey,rest,,,,,125.6,101.8,1,,,,0,37.68,0.101,0.032,61,ready,9
2026-10-08 23:18:28.889,118.56,20261008_231630,toey,rest,,,,,125.6,101.8,1,,,,0,37.69,0.093,0.029,60,ready,9
2026-10-08 23:18:29.097,118.77,20261008_231630,toey,rest,,,,,125.6,101.8,1,,,,0,37.7,0.085,0.026,59,ready,9
2026-10-08 23:18:29.329,119.0,20261008_231630,toey,rest,,,,,125.6,101.8,1,,,,0,37.71,0.089,0.025,58,ready,9
2026-10-08 23:18:29.519,119.19,20261008_231630,toey,rest,,,,,125.6,101.8,1,,,,0,37.71,0.091,0.025,57,ready,9
2026-10-08 23:18:29.723,119.4,20261008_231630,toey,rest,,,,,125.6,101.8,1,,,,0,37.73,0.085,0.032,56,ready,9
2026-10-08 23:18:29.928,119.6,20261008_231630,toey,rest,,,,,134.3,101.8,1,,,,0,37.74,0.077,0.03,57,ready,9
2026-10-08 23:18:30.146,119.82,20261008_231630,toey,recovery,1,600,manual,truth,134.3,101.8,1,,,,0,37.75,0.071,0.028,57,ready,9
2026-10-08 23:18:30.340,120.02,20261008_231630,toey,question,1,600,manual,truth,134.3,101.8,1,,,,0,37.75,0.07,0.026,57,question,9
2026-10-08 23:18:30.546,120.22,20261008_231630,toey,question,1,600,manual,truth,134.3,104.6,1,,,,0,37.75,0.066,0.026,57,question,9
2026-10-08 23:18:30.749,120.42,20261008_231630,toey,question,1,600,manual,truth,134.3,104.6,1,,,,0,37.76,0.077,0.025,58,question,9
2026-10-08 23:18:30.959,120.63,20261008_231630,toey,question,1,600,manual,truth,123.8,105.2,1,,,,0,37.77,0.129,0.033,58,question,9
2026-10-08 23:18:31.162,120.84,20261008_231630,toey,question,1,600,manual,truth,123.8,105.2,1,,,,0,37.77,0.122,0.034,59,question,9
2026-10-08 23:18:31.375,121.05,20261008_231630,toey,question,1,600,manual,truth,123.8,105.2,1,,,,0,37.78,0.112,0.032,58,question,9
2026-10-08 23:18:31.575,121.25,20261008_231630,toey,question,1,600,manual,truth,123.8,101.5,1,,,,0,37.78,0.104,0.031,58,question,9
2026-10-08 23:18:31.778,121.45,20261008_231630,toey,question,1,600,manual,truth,123.8,101.5,1,,,,0,37.78,0.097,0.029,57,question,9
2026-10-08 23:18:31.984,121.66,20261008_231630,toey,question,1,600,manual,truth,123.8,101.5,1,,,,0,37.78,0.091,0.029,56,question,9
2026-10-08 23:18:32.189,121.86,20261008_231630,toey,question,1,600,manual,truth,123.8,101.5,1,,,,0,37.76,0.088,0.032,55,question,9
2026-10-08 23:18:32.397,122.07,20261008_231630,toey,question,1,600,manual,truth,123.8,101.5,1,,,,0,37.77,0.082,0.029,54,question,8
2026-10-08 23:18:32.608,122.28,20261008_231630,toey,question,1,600,manual,truth,123.8,101.5,1,,,,0,37.77,0.081,0.029,54,question,8
2026-10-08 23:18:32.809,122.48,20261008_231630,toey,question,1,600,manual,truth,124.0,101.5,1,,,,0,37.77,0.078,0.028,53,question,8
2026-10-08 23:18:33.021,122.7,20261008_231630,toey,question,1,600,manual,truth,124.0,101.5,1,,,,0,37.78,0.073,0.026,52,question,8
2026-10-08 23:18:33.234,122.91,20261008_231630,toey,question,1,600,manual,truth,124.0,101.5,1,,,,0,37.8,0.066,0.024,51,question,8
2026-10-08 23:18:33.428,123.1,20261008_231630,toey,question,1,600,manual,truth,124.0,101.5,1,,,,0,37.8,0.061,0.022,50,question,8
2026-10-08 23:18:33.629,123.3,20261008_231630,toey,question,1,600,manual,truth,124.0,101.5,1,,,,0,37.81,0.053,0.02,48,question,8
2026-10-08 23:18:33.833,123.51,20261008_231630,toey,question,1,600,manual,truth,124.0,101.5,1,,,,0,37.81,0.049,0.019,47,question,8
2026-10-08 23:18:34.052,123.73,20261008_231630,toey,question,1,600,manual,truth,124.0,101.5,1,,,,0,37.82,0.045,0.017,46,question,8
2026-10-08 23:18:34.240,123.91,20261008_231630,toey,question,1,600,manual,truth,124.0,101.5,1,,,,0,37.82,0.053,0.02,45,question,8
2026-10-08 23:18:34.443,124.12,20261008_231630,toey,question,1,600,manual,truth,124.0,101.5,1,,,,0,37.83,0.051,0.021,45,question,9
2026-10-08 23:18:34.649,124.32,20261008_231630,toey,question,1,600,manual,truth,124.0,101.5,1,,,,0,37.83,0.051,0.026,44,question,9
2026-10-08 23:18:34.859,124.53,20261008_231630,toey,question,1,600,manual,truth,124.0,101.5,1,,,,0,37.83,0.047,0.024,44,question,9
2026-10-08 23:18:35.062,124.74,20261008_231630,toey,question,1,600,manual,truth,124.0,101.5,1,,,,0,37.83,0.043,0.023,43,question,9
2026-10-08 23:18:35.281,124.96,20261008_231630,toey,question,1,600,manual,truth,124.0,101.5,1,,,,0,37.83,0.039,0.021,43,question,9
2026-10-08 23:18:35.549,125.22,20261008_231630,toey,question,1,600,manual,truth,124.0,101.5,1,,,,0,37.84,0.038,0.019,42,question,9
2026-10-08 23:18:35.678,125.35,20261008_231630,toey,question,1,600,manual,truth,124.0,101.5,1,,,,0,37.82,0.038,0.02,42,question,9
2026-10-08 23:18:35.915,125.59,20261008_231630,toey,question,1,600,manual,truth,124.0,101.5,1,,,,0,37.83,0.035,0.019,41,question,9
2026-10-08 23:18:36.089,125.76,20261008_231630,toey,question,1,600,manual,truth,124.0,101.5,1,,,,0,37.83,0.055,0.026,41,question,9
2026-10-08 23:18:36.289,125.96,20261008_231630,toey,question,1,600,manual,truth,124.0,101.5,1,,,,0,37.85,0.054,0.028,42,question,9
2026-10-08 23:18:36.498,126.17,20261008_231630,toey,question,1,600,manual,truth,124.0,101.5,1,,,,0,37.81,0.05,0.026,42,question,9
2026-10-08 23:18:36.703,126.38,20261008_231630,toey,question,1,600,manual,truth,124.0,101.5,1,,,,0,37.82,0.045,0.025,42,question,9
2026-10-08 23:18:36.910,126.59,20261008_231630,toey,question,1,600,manual,truth,124.0,101.5,1,,,,0,37.83,0.041,0.023,41,question,9
2026-10-08 23:18:37.124,126.8,20261008_231630,toey,question,1,600,manual,truth,124.0,101.5,1,,,,0,37.83,0.038,0.021,41,question,9
2026-10-08 23:18:37.350,127.03,20261008_231630,toey,question,1,600,manual,truth,124.0,101.5,1,,,,0,37.84,0.035,0.019,41,question,9
2026-10-08 23:18:37.528,127.2,20261008_231630,toey,question,1,600,manual,truth,124.0,101.5,1,,,,0,37.83,0.032,0.017,40,question,9
2026-10-08 23:18:37.743,127.42,20261008_231630,toey,question,1,600,manual,truth,124.0,101.5,1,,,,0,37.83,0.03,0.016,40,question,9
2026-10-08 23:18:37.950,127.63,20261008_231630,toey,question,1,600,manual,truth,124.0,101.5,1,,,,0,37.84,0.028,0.014,39,question,9
2026-10-08 23:18:38.145,127.82,20261008_231630,toey,question,1,600,manual,truth,124.0,101.5,1,,,,0,37.84,0.028,0.014,39,question,9
2026-10-08 23:18:40.322,130.0,20261008_231630,toey,question,1,600,manual,truth,,,1,,,,0,37.88,0.016,0.006,20,question,9
2026-10-08 23:18:40.520,130.2,20261008_231630,toey,question,1,600,manual,truth,,,1,,,,0,37.89,0.017,0.007,19,question,9
2026-10-08 23:18:40.721,130.4,20261008_231630,toey,question,1,600,manual,truth,,,1,,,,0,37.89,0.016,0.006,17,question,9
2026-10-08 23:18:40.929,130.6,20261008_231630,toey,question,1,600,manual,truth,,,1,,,,0,37.89,0.015,0.006,16,question,9
2026-10-08 23:18:41.141,130.82,20261008_231630,toey,question,1,600,manual,truth,,,1,,,,0,37.89,0.015,0.006,15,question,9
2026-10-08 23:18:41.353,131.03,20261008_231630,toey,question,1,600,manual,truth,,,1,,,,0,37.89,0.017,0.006,15,question,9
2026-10-08 23:18:41.552,131.23,20261008_231630,toey,question,1,600,manual,truth,,,1,,,,0,37.86,0.016,0.006,14,question,9
2026-10-08 23:18:41.759,131.43,20261008_231630,toey,question,1,600,manual,truth,,,1,,,,0,37.86,0.016,0.006,14,question,9
2026-10-08 23:18:41.999,131.67,20261008_231630,toey,question,1,600,manual,truth,,,1,,,,0,37.8,0.015,0.006,13,question,9
2026-10-08 23:18:42.194,131.87,20261008_231630,toey,recovery,1,600,manual,truth,124.0,101.0,1,,,,0,37.81,0.016,0.005,17,ready,9
2026-10-08 23:18:42.381,132.06,20261008_231630,toey,recovery,1,600,manual,truth,124.0,101.0,1,,,,0,37.82,0.015,0.006,20,ready,8
2026-10-08 23:18:42.586,132.26,20261008_231630,toey,recovery,1,600,manual,truth,124.0,101.0,1,,,,0,37.83,0.016,0.006,23,ready,8
2026-10-08 23:18:42.791,132.47,20261008_231630,toey,recovery,1,600,manual,truth,124.0,101.0,1,,,,0,37.83,0.017,0.006,25,ready,8
2026-10-08 23:18:42.997,132.67,20261008_231630,toey,recovery,1,600,manual,truth,124.0,101.0,1,,,,0,37.84,0.018,0.006,27,ready,8
2026-10-08 23:18:43.208,132.88,20261008_231630,toey,recovery,1,600,manual,truth,131.0,108.7,1,,,,0,37.84,0.018,0.006,29,ready,8
2026-10-08 23:18:43.409,133.08,20261008_231630,toey,recovery,1,600,manual,truth,131.0,108.7,1,,,,0,37.83,0.017,0.005,32,ready,8
2026-10-08 23:18:43.617,133.29,20261008_231630,toey,recovery,1,600,manual,truth,131.0,103.8,1,,,,0,37.84,0.016,0.005,33,ready,8
2026-10-08 23:18:43.836,133.51,20261008_231630,toey,recovery,1,600,manual,truth,131.0,103.8,1,,,,0,37.85,0.015,0.005,35,ready,8
2026-10-08 23:18:44.031,133.71,20261008_231630,toey,recovery,1,600,manual,truth,155.7,82.9,1,,,,0,37.86,0.014,0.004,40,ready,9
2026-10-08 23:18:44.234,133.91,20261008_231630,toey,recovery,1,600,manual,truth,155.7,82.9,1,,,,0,37.86,0.016,0.005,45,ready,8
2026-10-08 23:18:44.442,134.12,20261008_231630,toey,recovery,1,600,manual,truth,155.7,82.9,1,,,,0,37.87,0.017,0.006,49,ready,8
2026-10-08 23:18:44.647,134.32,20261008_231630,toey,recovery,1,600,manual,truth,155.7,82.9,1,,,,0,37.87,0.016,0.005,52,ready,8
2026-10-08 23:18:44.849,134.52,20261008_231630,toey,recovery,1,600,manual,truth,155.7,82.9,1,,,,0,37.88,0.015,0.005,55,ready,9
2026-10-08 23:18:45.055,134.73,20261008_231630,toey,recovery,1,600,manual,truth,155.7,82.9,1,,,,0,37.88,0.021,0.006,57,ready,9
2026-10-08 23:18:45.264,134.94,20261008_231630,toey,recovery,1,600,manual,truth,155.7,82.9,1,,,,0,37.89,0.04,0.015,60,ready,9
2026-10-08 23:18:45.468,135.14,20261008_231630,toey,recovery,1,600,manual,truth,154.7,77.1,1,,,,0,37.89,0.044,0.017,62,ready,9
2026-10-08 23:18:45.679,135.35,20261008_231630,toey,recovery,1,600,manual,truth,154.7,77.1,1,,,,0,37.89,0.04,0.016,63,ready,9
2026-10-08 23:18:45.884,135.56,20261008_231630,toey,recovery,1,600,manual,truth,154.7,73.4,1,,,,0,37.9,0.037,0.014,65,ready,9
2026-10-08 23:18:46.162,135.84,20261008_231630,toey,rest,,,,,154.7,73.4,1,,,,0,37.89,0.031,0.012,66,ready,9
2026-10-08 23:18:46.299,135.97,20261008_231630,toey,rest,,,,,154.7,73.4,1,,,,0,37.89,0.029,0.011,67,ready,9
2026-10-08 23:18:46.501,136.18,20261008_231630,toey,rest,,,,,154.7,73.4,1,,,,0,37.89,0.027,0.01,67,ready,9
2026-10-08 23:18:46.713,136.39,20261008_231630,toey,rest,,,,,154.7,73.4,1,,,,0,37.89,0.025,0.01,67,ready,9
2026-10-08 23:18:46.921,136.6,20261008_231630,toey,rest,,,,,154.7,73.4,1,,,,0,37.89,0.023,0.009,67,ready,9
2026-10-08 23:18:47.162,136.84,20261008_231630,toey,rest,,,,,154.7,73.4,1,,,,0,37.9,0.021,0.008,67,ready,9
2026-10-08 23:18:47.369,137.04,20261008_231630,toey,rest,,,,,154.7,73.4,1,,,,0,37.91,0.02,0.007,67,ready,9
2026-10-08 23:18:47.579,137.25,20261008_231630,toey,rest,,,,,,,1,,,,0,37.86,0.019,0.007,57,ready,9
2026-10-08 23:18:47.786,137.46,20261008_231630,toey,rest,,,,,,,1,,,,0,37.88,0.018,0.006,49,ready,8
2026-10-08 23:18:47.974,137.65,20261008_231630,toey,rest,,,,,,,1,,,,0,37.88,0.017,0.006,42,ready,8
2026-10-08 23:18:48.156,137.83,20261008_231630,toey,rest,,,,,,,1,,,,0,37.89,0.02,0.006,37,ready,8
2026-10-08 23:18:48.391,138.07,20261008_231630,toey,question,2,601,manual,truth,,,1,,,,0,37.89,0.019,0.005,33,question,9
2026-10-08 23:18:48.576,138.25,20261008_231630,toey,question,2,601,manual,truth,72.6,,1,,,,0,37.89,0.019,0.005,28,question,9
2026-10-08 23:18:48.801,138.48,20261008_231630,toey,question,2,601,manual,truth,72.6,,1,,,,0,37.89,0.019,0.005,24,question,9
2026-10-08 23:18:49.007,138.68,20261008_231630,toey,question,2,601,manual,truth,100.4,,1,,,,0,37.9,0.018,0.005,23,question,9
2026-10-08 23:18:49.225,138.9,20261008_231630,toey,question,2,601,manual,truth,100.4,,1,,,,0,37.9,0.017,0.004,21,question,8
2026-10-08 23:18:49.387,139.06,20261008_231630,toey,question,2,601,manual,truth,100.4,,1,,,,0,37.91,0.017,0.004,20,question,8
2026-10-08 23:18:49.584,139.26,20261008_231630,toey,question,2,601,manual,truth,106.1,,1,,,,0,37.9,0.018,0.008,20,question,8
2026-10-08 23:18:49.781,139.46,20261008_231630,toey,question,2,601,manual,truth,106.1,,1,,,,0,37.89,0.017,0.009,20,question,8
2026-10-08 23:18:49.985,139.66,20261008_231630,toey,question,2,601,manual,truth,106.1,,1,,,,0,37.89,0.018,0.009,20,question,9
2026-10-08 23:18:50.193,139.87,20261008_231630,toey,question,2,601,manual,truth,106.1,,1,,,,0,37.89,0.018,0.008,20,question,9
2026-10-08 23:18:50.393,140.07,20261008_231630,toey,question,2,601,manual,truth,106.1,,1,,,,0,37.9,0.018,0.008,20,question,9
2026-10-08 23:18:50.600,140.27,20261008_231630,toey,question,2,601,manual,truth,106.1,,1,,,,0,37.9,0.019,0.007,20,question,9
2026-10-08 23:18:50.805,140.48,20261008_231630,toey,question,2,601,manual,truth,106.1,,1,,,,0,37.91,0.019,0.007,20,question,9
2026-10-08 23:18:51.008,140.68,20261008_231630,toey,question,2,601,manual,truth,106.1,,1,,,,0,37.91,0.02,0.007,20,question,9
2026-10-08 23:18:51.213,140.89,20261008_231630,toey,question,2,601,manual,truth,,,1,,,,0,37.92,0.021,0.006,19,question,9
2026-10-08 23:18:51.424,141.1,20261008_231630,toey,question,2,601,manual,truth,,,1,,,,0,37.92,0.02,0.006,18,question,9
2026-10-08 23:18:51.626,141.3,20261008_231630,toey,question,2,601,manual,truth,103.7,,1,,,,0,37.92,0.021,0.006,18,question,9
2026-10-08 23:18:51.825,141.5,20261008_231630,toey,question,2,601,manual,truth,103.7,,1,,,,0,37.94,0.02,0.006,18,question,9
2026-10-08 23:18:52.044,141.72,20261008_231630,toey,question,2,601,manual,truth,103.7,,1,,,,0,37.92,0.019,0.006,18,question,9
2026-10-08 23:18:52.236,141.91,20261008_231630,toey,question,2,601,manual,truth,103.7,,1,,,,0,37.93,0.021,0.006,19,question,9
2026-10-08 23:18:52.442,142.12,20261008_231630,toey,question,2,601,manual,truth,76.7,,1,,,,0,37.93,0.022,0.006,16,question,9
2026-10-08 23:18:52.649,142.32,20261008_231630,toey,question,2,601,manual,truth,76.7,,1,,,,0,37.93,0.026,0.009,15,question,9
2026-10-08 23:18:52.855,142.53,20261008_231630,toey,question,2,601,manual,truth,76.7,,1,,,,0,37.93,0.025,0.009,13,question,9
2026-10-08 23:18:53.067,142.74,20261008_231630,toey,question,2,601,manual,truth,76.7,,1,,,,0,37.94,0.023,0.009,12,question,9
2026-10-08 23:18:53.280,142.95,20261008_231630,toey,question,2,601,manual,truth,76.4,,1,,,,0,37.94,0.021,0.008,11,question,9
2026-10-08 23:18:53.475,143.15,20261008_231630,toey,question,2,601,manual,truth,76.4,,1,,,,0,37.94,0.02,0.008,11,question,9
2026-10-08 23:18:53.684,143.36,20261008_231630,toey,question,2,601,manual,truth,76.4,,1,,,,0,37.94,0.021,0.008,10,question,9
2026-10-08 23:18:53.885,143.56,20261008_231630,toey,question,2,601,manual,truth,76.4,,1,,,,0,37.95,0.02,0.007,9,question,9
2026-10-08 23:18:54.092,143.77,20261008_231630,toey,question,2,601,manual,truth,76.7,335.7,1,,,,0,37.96,0.019,0.007,8,question,9
2026-10-08 23:18:54.301,143.98,20261008_231630,toey,question,2,601,manual,truth,76.7,335.7,1,,,,0,37.96,0.017,0.007,8,question,9
2026-10-08 23:18:54.507,144.18,20261008_231630,toey,question,2,601,manual,truth,76.7,335.7,1,,,,0,37.96,0.016,0.008,8,question,9
2026-10-08 23:18:54.715,144.39,20261008_231630,toey,question,2,601,manual,truth,76.7,313.1,1,,,,0,37.96,0.016,0.007,8,question,9
2026-10-08 23:18:54.914,144.59,20261008_231630,toey,question,2,601,manual,truth,76.7,313.1,1,,,,0,37.97,0.015,0.007,7,question,9
2026-10-08 23:18:55.270,144.94,20261008_231630,toey,question,2,601,manual,truth,76.7,313.1,1,,,,0,37.97,0.015,0.006,7,question,9
2026-10-08 23:18:55.325,145.0,20261008_231630,toey,question,2,601,manual,truth,76.7,290.7,1,,,,0,37.97,0.016,0.006,7,question,9
2026-10-08 23:18:55.537,145.21,20261008_231630,toey,question,2,601,manual,truth,76.7,290.7,1,,,,0,37.97,0.018,0.008,7,question,9
2026-10-08 23:18:55.738,145.41,20261008_231630,toey,question,2,601,manual,truth,76.7,290.7,1,,,,0,37.97,0.017,0.007,7,question,9
2026-10-08 23:18:55.936,145.61,20261008_231630,toey,question,2,601,manual,truth,76.7,290.7,1,,,,0,37.97,0.016,0.007,7,question,9
2026-10-08 23:18:56.141,145.82,20261008_231630,toey,question,2,601,manual,truth,76.7,290.7,1,,,,0,37.93,0.015,0.007,7,question,9
2026-10-08 23:18:56.351,146.03,20261008_231630,toey,question,2,601,manual,truth,76.7,290.7,1,,,,0,37.93,0.015,0.006,7,question,9
2026-10-08 23:18:56.555,146.23,20261008_231630,toey,question,2,601,manual,truth,83.2,290.7,1,,,,0,37.94,0.014,0.006,7,question,9
2026-10-08 23:18:56.763,146.44,20261008_231630,toey,question,2,601,manual,truth,83.2,290.7,1,,,,0,37.94,0.014,0.006,7,question,9
2026-10-08 23:18:56.970,146.65,20261008_231630,toey,question,2,601,manual,truth,83.2,290.7,1,,,,0,37.95,0.014,0.006,8,question,9
2026-10-08 23:18:57.175,146.85,20261008_231630,toey,question,2,601,manual,truth,90.9,270.3,1,,,,0,37.95,0.015,0.006,8,question,9
2026-10-08 23:18:57.381,147.06,20261008_231630,toey,question,2,601,manual,truth,90.9,270.3,1,,,,0,37.95,0.015,0.006,9,question,9
2026-10-08 23:18:57.593,147.27,20261008_231630,toey,question,2,601,manual,truth,90.9,270.3,1,,,,0,37.95,0.014,0.005,9,question,9
2026-10-08 23:18:57.795,147.47,20261008_231630,toey,question,2,601,manual,truth,90.9,252.8,1,,,,0,37.96,0.015,0.009,10,question,9
2026-10-08 23:18:58.000,147.68,20261008_231630,toey,question,2,601,manual,truth,90.9,252.8,1,,,,0,37.96,0.03,0.018,10,question,9
2026-10-08 23:18:58.206,147.88,20261008_231630,toey,question,2,601,manual,truth,90.9,252.8,1,,,,0,37.96,0.034,0.019,11,question,9
2026-10-08 23:18:58.411,148.09,20261008_231630,toey,question,2,601,manual,truth,100.8,239.7,1,,,,0,37.96,0.033,0.018,12,question,9
2026-10-08 23:18:58.614,148.29,20261008_231630,toey,question,2,601,manual,truth,100.8,239.7,1,,,,0,37.96,0.034,0.018,13,question,9
2026-10-08 23:18:58.823,148.5,20261008_231630,toey,question,2,601,manual,truth,100.9,227.8,1,,,,0,37.96,0.034,0.018,14,question,9
2026-10-08 23:18:59.025,148.7,20261008_231630,toey,question,2,601,manual,truth,100.9,227.8,1,,,,0,37.97,0.031,0.017,15,question,9
2026-10-08 23:18:59.230,148.91,20261008_231630,toey,question,2,601,manual,truth,115.3,186.0,1,,,,0,37.97,0.028,0.015,18,question,9
2026-10-08 23:18:59.436,149.11,20261008_231630,toey,question,2,601,manual,truth,115.3,186.0,1,,,,0,37.97,0.026,0.014,20,question,9
2026-10-08 23:18:59.641,149.32,20261008_231630,toey,question,2,601,manual,truth,115.3,186.0,1,,,,0,37.97,0.024,0.013,21,question,9
2026-10-08 23:18:59.847,149.52,20261008_231630,toey,question,2,601,manual,truth,115.3,186.0,1,,,,0,37.98,0.027,0.012,23,question,9
2026-10-08 23:19:00.053,149.73,20261008_231630,toey,question,2,601,manual,truth,115.3,153.7,1,,,,0,37.98,0.025,0.011,24,question,9
2026-10-08 23:19:00.274,149.95,20261008_231630,toey,recovery,2,601,manual,truth,115.3,153.7,1,,,,0,37.98,0.027,0.011,25,ready,9
2026-10-08 23:19:00.485,150.16,20261008_231630,toey,recovery,2,601,manual,truth,115.3,153.7,1,,,,0,37.95,0.027,0.011,25,ready,9
2026-10-08 23:19:00.682,150.36,20261008_231630,toey,recovery,2,601,manual,truth,115.3,153.7,1,,,,0,37.95,0.025,0.01,26,ready,9
2026-10-08 23:19:00.899,150.57,20261008_231630,toey,recovery,2,601,manual,truth,115.3,153.7,1,,,,0,37.95,0.024,0.009,26,ready,9
2026-10-08 23:19:01.098,150.77,20261008_231630,toey,recovery,2,601,manual,truth,115.3,153.7,1,,,,0,37.96,0.023,0.009,27,ready,9
2026-10-08 23:19:01.304,150.98,20261008_231630,toey,recovery,2,601,manual,truth,115.3,153.7,1,,,,0,37.96,0.022,0.008,27,ready,9
2026-10-08 23:19:01.506,151.18,20261008_231630,toey,recovery,2,601,manual,truth,115.3,153.7,1,,,,0,37.97,0.022,0.008,27,ready,9
2026-10-08 23:19:01.711,151.39,20261008_231630,toey,recovery,2,601,manual,truth,115.3,153.7,1,,,,0,37.88,0.021,0.007,27,ready,9
2026-10-08 23:19:01.921,151.6,20261008_231630,toey,recovery,2,601,manual,truth,115.3,153.7,1,,,,0,37.9,0.02,0.008,27,ready,9
2026-10-08 23:19:02.132,151.81,20261008_231630,toey,recovery,2,601,manual,truth,115.3,153.7,1,,,,0,37.91,0.022,0.009,27,ready,9
2026-10-08 23:19:02.334,152.01,20261008_231630,toey,recovery,2,601,manual,truth,115.3,153.7,1,,,,0,37.92,0.022,0.008,27,ready,9
2026-10-08 23:19:02.531,152.21,20261008_231630,toey,recovery,2,601,manual,truth,115.3,153.7,1,,,,0,37.93,0.02,0.008,27,ready,9
2026-10-08 23:19:02.730,152.41,20261008_231630,toey,recovery,2,601,manual,truth,115.3,153.7,1,,,,0,37.93,0.019,0.007,27,ready,9
2026-10-08 23:19:02.934,152.61,20261008_231630,toey,recovery,2,601,manual,truth,110.5,128.9,1,,,,0,37.94,0.017,0.007,27,ready,9
2026-10-08 23:19:03.144,152.82,20261008_231630,toey,rest,,,,,110.5,128.9,1,,,,0,37.94,0.017,0.006,26,ready,9
2026-10-08 23:19:03.352,153.03,20261008_231630,toey,rest,,,,,110.5,128.9,1,,,,0,37.95,0.016,0.006,25,ready,9
2026-10-08 23:19:03.564,153.24,20261008_231630,toey,rest,,,,,110.3,111.5,1,,,,0,37.95,0.016,0.006,25,ready,9
2026-10-08 23:19:03.769,153.44,20261008_231630,toey,rest,,,,,110.3,111.5,1,,,,0,37.96,0.016,0.006,24,ready,9
2026-10-08 23:19:03.965,153.64,20261008_231630,toey,rest,,,,,110.3,111.5,1,,,,0,37.96,0.015,0.006,24,ready,9
2026-10-08 23:19:04.174,153.85,20261008_231630,toey,rest,,,,,103.4,102.5,1,,,,0,37.96,0.014,0.006,23,ready,9
2026-10-08 23:19:04.380,154.06,20261008_231630,toey,rest,,,,,103.4,102.5,1,,,,0,37.97,0.016,0.005,22,ready,9
2026-10-08 23:19:06.472,156.15,20261008_231630,toey,question,3,602,manual,lie,103.4,107.9,1,,,,0,37.94,0.028,0.013,19,question,9
2026-10-08 23:19:06.676,156.35,20261008_231630,toey,question,3,602,manual,lie,103.4,107.9,1,,,,0,37.93,0.035,0.015,20,question,9
2026-10-08 23:19:06.869,156.54,20261008_231630,toey,question,3,602,manual,lie,103.4,107.9,1,,,,0,37.93,0.065,0.02,21,question,9
2026-10-08 23:19:07.079,156.75,20261008_231630,toey,question,3,602,manual,lie,96.8,112.1,1,,,,0,37.92,0.063,0.019,21,question,9
2026-10-08 23:19:07.288,156.96,20261008_231630,toey,question,3,602,manual,lie,96.8,112.1,1,,,,0,37.93,0.06,0.019,21,question,9
2026-10-08 23:19:07.488,157.16,20261008_231630,toey,question,3,602,manual,lie,96.8,131.4,1,,,,0,37.94,0.058,0.018,21,question,9
2026-10-08 23:19:07.699,157.37,20261008_231630,toey,question,3,602,manual,lie,96.8,131.4,1,,,,0,37.94,0.06,0.018,21,question,9
2026-10-08 23:19:07.904,157.58,20261008_231630,toey,question,3,602,manual,lie,96.8,131.4,1,,,,0,37.9,0.062,0.02,21,question,9
2026-10-08 23:19:08.122,157.8,20261008_231630,toey,question,3,602,manual,lie,103.4,129.7,1,,,,0,37.91,0.056,0.018,21,question,9
2026-10-08 23:19:08.318,157.99,20261008_231630,toey,question,3,602,manual,lie,103.4,129.7,1,,,,0,37.92,0.052,0.017,22,question,9
2026-10-08 23:19:08.528,158.2,20261008_231630,toey,question,3,602,manual,lie,116.9,133.1,1,,,,0,37.93,0.051,0.016,24,question,9
2026-10-08 23:19:08.731,158.41,20261008_231630,toey,question,3,602,manual,lie,116.9,133.1,1,,,,0,37.94,0.048,0.015,26,question,9
2026-10-08 23:19:08.938,158.61,20261008_231630,toey,question,3,602,manual,lie,116.9,133.1,1,,,,0,37.94,0.045,0.015,28,question,9
2026-10-08 23:19:09.146,158.82,20261008_231630,toey,question,3,602,manual,lie,116.9,143.8,1,,,,0,37.96,0.042,0.013,30,question,9
2026-10-08 23:19:09.356,159.03,20261008_231630,toey,question,3,602,manual,lie,116.9,143.8,1,,,,0,37.96,0.038,0.013,30,question,9
2026-10-08 23:19:09.564,159.24,20261008_231630,toey,question,3,602,manual,lie,116.9,143.8,1,,,,0,37.97,0.035,0.012,30,question,9
2026-10-08 23:19:09.769,159.44,20261008_231630,toey,question,3,602,manual,lie,116.9,143.8,1,,,,0,37.97,0.034,0.012,31,question,9
2026-10-08 23:19:09.969,159.64,20261008_231630,toey,question,3,602,manual,lie,116.9,143.8,1,,,,0,37.97,0.042,0.012,31,question,9
2026-10-08 23:19:10.180,159.86,20261008_231630,toey,question,3,602,manual,lie,116.9,143.8,1,,,,0,37.98,0.043,0.013,32,question,9
2026-10-08 23:19:10.387,160.06,20261008_231630,toey,question,3,602,manual,lie,128.6,121.8,1,,,,0,37.98,0.046,0.019,34,question,9
2026-10-08 23:19:10.605,160.28,20261008_231630,toey,question,3,602,manual,lie,128.6,121.8,1,,,,0,37.98,0.044,0.02,36,question,9
2026-10-08 23:19:10.801,160.48,20261008_231630,toey,question,3,602,manual,lie,136.0,114.9,1,,,,0,37.98,0.042,0.019,39,question,9
2026-10-08 23:19:11.013,160.69,20261008_231630,toey,question,3,602,manual,lie,136.0,114.9,1,,,,0,37.99,0.039,0.017,42,question,9
2026-10-08 23:19:11.212,160.89,20261008_231630,toey,question,3,602,manual,lie,136.0,114.9,1,,,,0,38.01,0.036,0.015,43,question,9
2026-10-08 23:19:11.422,161.1,20261008_231630,toey,question,3,602,manual,lie,136.0,114.9,1,,,,0,37.98,0.033,0.015,45,question,9
2026-10-08 23:19:11.629,161.3,20261008_231630,toey,question,3,602,manual,lie,136.0,114.9,1,,,,0,37.98,0.031,0.014,46,question,9
2026-10-08 23:19:11.838,161.51,20261008_231630,toey,question,3,602,manual,lie,136.0,114.9,1,,,,0,37.98,0.029,0.013,46,question,9
2026-10-08 23:19:12.034,161.71,20261008_231630,toey,question,3,602,manual,lie,136.0,114.9,1,,,,0,37.99,0.039,0.017,47,question,9
2026-10-08 23:19:12.238,161.91,20261008_231630,toey,question,3,602,manual,lie,136.0,114.9,1,,,,0,37.99,0.037,0.016,48,question,9
2026-10-08 23:19:12.447,162.12,20261008_231630,toey,question,3,602,manual,lie,136.0,116.0,1,,,,0,37.99,0.034,0.015,49,question,9
2026-10-08 23:19:12.664,162.34,20261008_231630,toey,question,3,602,manual,lie,136.0,116.0,1,,,,0,38.0,0.033,0.014,49,question,9
2026-10-08 23:19:12.861,162.54,20261008_231630,toey,question,3,602,manual,lie,150.5,115.8,1,,,,0,38.0,0.03,0.013,52,question,9
2026-10-08 23:19:13.066,162.74,20261008_231630,toey,question,3,602,manual,lie,150.5,115.8,1,,,,0,38.0,0.029,0.012,54,question,9
2026-10-08 23:19:13.283,162.96,20261008_231630,toey,question,3,602,manual,lie,150.5,115.8,1,,,,0,38.01,0.027,0.011,56,question,9
2026-10-08 23:19:13.479,163.15,20261008_231630,toey,question,3,602,manual,lie,150.5,115.8,1,,,,0,38.01,0.026,0.01,57,question,9
2026-10-08 23:19:13.677,163.35,20261008_231630,toey,question,3,602,manual,lie,150.5,115.8,1,,,,0,38.01,0.025,0.01,58,question,9
2026-10-08 23:19:13.883,163.56,20261008_231630,toey,question,3,602,manual,lie,150.5,115.8,1,,,,0,38.02,0.023,0.009,59,question,9
2026-10-08 23:19:14.102,163.78,20261008_231630,toey,question,3,602,manual,lie,136.0,111.2,1,,,,0,38.02,0.025,0.009,57,question,9
2026-10-08 23:19:14.298,163.97,20261008_231630,toey,question,3,602,manual,lie,136.0,111.2,1,,,,0,38.02,0.027,0.01,56,question,9
2026-10-08 23:19:14.512,164.19,20261008_231630,toey,question,3,602,manual,lie,136.0,111.2,1,,,,0,38.03,0.025,0.009,55,question,9
2026-10-08 23:19:14.719,164.39,20261008_231630,toey,question,3,602,manual,lie,136.0,111.2,1,,,,0,38.03,0.025,0.009,53,question,9
2026-10-08 23:19:14.919,164.59,20261008_231630,toey,question,3,602,manual,lie,136.0,111.2,1,,,,0,38.03,0.023,0.009,52,question,9
2026-10-08 23:19:15.123,164.8,20261008_231630,toey,question,3,602,manual,lie,136.0,111.2,1,,,,0,38.04,0.022,0.008,52,question,9
2026-10-08 23:19:15.329,165.0,20261008_231630,toey,question,3,602,manual,lie,136.0,111.2,1,,,,0,38.04,0.021,0.008,51,question,9
2026-10-08 23:19:15.537,165.21,20261008_231630,toey,question,3,602,manual,lie,136.0,111.2,1,,,,0,38.05,0.02,0.008,50,question,9
2026-10-08 23:19:15.737,165.41,20261008_231630,toey,question,3,602,manual,lie,136.0,111.2,1,,,,0,37.97,0.019,0.008,50,question,9
2026-10-08 23:19:15.946,165.62,20261008_231630,toey,question,3,602,manual,lie,136.0,111.2,1,,,,0,37.98,0.017,0.007,49,question,9
2026-10-08 23:19:16.153,165.83,20261008_231630,toey,question,3,602,manual,lie,136.0,111.2,1,,,,0,37.99,0.016,0.007,48,question,9
2026-10-08 23:19:16.368,166.04,20261008_231630,toey,question,3,602,manual,lie,136.0,111.2,1,,,,0,37.99,0.015,0.006,48,question,9
2026-10-08 23:19:16.570,166.24,20261008_231630,toey,question,3,602,manual,lie,136.0,111.2,1,,,,0,37.99,0.014,0.006,48,question,9
2026-10-08 23:19:16.778,166.45,20261008_231630,toey,question,3,602,manual,lie,136.0,111.2,1,,,,0,38.0,0.014,0.006,47,question,9
2026-10-08 23:19:16.978,166.65,20261008_231630,toey,question,3,602,manual,lie,136.0,111.2,1,,,,0,38.01,0.013,0.005,47,question,9
2026-10-08 23:19:17.186,166.86,20261008_231630,toey,question,3,602,manual,lie,136.0,111.2,1,,,,0,38.01,0.012,0.005,47,question,9
2026-10-08 23:19:17.412,167.09,20261008_231630,toey,question,3,602,manual,lie,136.0,111.2,1,,,,0,38.01,0.012,0.005,46,question,9
2026-10-08 23:19:17.601,167.28,20261008_231630,toey,question,3,602,manual,lie,136.0,111.2,1,,,,0,38.02,0.012,0.004,46,question,9
2026-10-08 23:19:17.810,167.49,20261008_231630,toey,question,3,602,manual,lie,136.0,111.2,1,,,,0,38.02,0.011,0.004,46,question,9
2026-10-08 23:19:18.020,167.7,20261008_231630,toey,recovery,3,602,manual,lie,136.0,111.2,1,,,,0,38.02,0.011,0.004,46,ready,9
2026-10-08 23:19:18.250,167.92,20261008_231630,toey,recovery,3,602,manual,lie,136.0,111.2,1,,,,0,38.03,0.011,0.005,46,ready,9
2026-10-08 23:19:18.430,168.1,20261008_231630,toey,recovery,3,602,manual,lie,,,1,,,,0,38.03,0.01,0.004,39,ready,9
2026-10-08 23:19:20.533,170.21,20261008_231630,toey,rest,,,,,167.8,122.7,1,,,,0,38.07,0.014,0.005,41,ready,9
2026-10-08 23:19:20.731,170.41,20261008_231630,toey,rest,,,,,167.8,122.7,1,,,,0,38.07,0.014,0.005,47,ready,9
2026-10-08 23:19:20.927,170.6,20261008_231630,toey,rest,,,,,167.8,122.7,1,,,,0,38.08,0.013,0.005,52,ready,9
2026-10-08 23:19:21.129,170.8,20261008_231630,toey,rest,,,,,167.8,122.7,1,,,,0,38.08,0.012,0.005,57,ready,9
2026-10-08 23:19:21.335,171.01,20261008_231630,toey,rest,,,,,172.9,131.2,1,,,,0,38.09,0.013,0.005,61,ready,9
2026-10-08 23:19:21.543,171.22,20261008_231630,toey,question,4,603,manual,truth,172.9,131.2,1,,,,0,38.08,0.013,0.005,64,question,9
2026-10-08 23:19:21.749,171.42,20261008_231630,toey,question,4,603,manual,truth,172.9,131.2,1,,,,0,38.09,0.013,0.006,67,question,9
2026-10-08 23:19:21.999,171.67,20261008_231630,toey,question,4,603,manual,truth,172.9,131.2,1,,,,0,38.09,0.014,0.006,69,question,9
2026-10-08 23:19:22.162,171.84,20261008_231630,toey,question,4,603,manual,truth,172.9,131.2,1,,,,0,38.09,0.014,0.005,71,question,9
2026-10-08 23:19:22.379,172.05,20261008_231630,toey,question,4,603,manual,truth,172.9,131.2,1,,,,0,38.1,0.014,0.005,73,question,9
2026-10-08 23:19:22.562,172.24,20261008_231630,toey,question,4,603,manual,truth,172.9,131.2,1,,,,0,38.1,0.013,0.005,74,question,9
2026-10-08 23:19:22.763,172.44,20261008_231630,toey,question,4,603,manual,truth,172.9,131.2,1,,,,0,38.1,0.013,0.005,75,question,9
2026-10-08 23:19:22.968,172.64,20261008_231630,toey,question,4,603,manual,truth,172.9,131.2,1,,,,0,38.1,0.014,0.004,76,question,9
2026-10-08 23:19:23.163,172.84,20261008_231630,toey,question,4,603,manual,truth,172.9,131.2,1,,,,0,38.04,0.013,0.005,77,question,9
2026-10-08 23:19:23.379,173.05,20261008_231630,toey,question,4,603,manual,truth,,,1,,,,0,38.06,0.012,0.004,65,question,9
2026-10-08 23:19:23.574,173.25,20261008_231630,toey,question,4,603,manual,truth,,,1,,,,0,38.07,0.013,0.004,55,question,9
2026-10-08 23:19:23.763,173.44,20261008_231630,toey,question,4,603,manual,truth,119.4,,1,,,,0,38.07,0.012,0.004,50,question,9
2026-10-08 23:19:23.964,173.64,20261008_231630,toey,question,4,603,manual,truth,119.4,,1,,,,0,38.08,0.011,0.004,46,question,9
2026-10-08 23:19:24.173,173.85,20261008_231630,toey,question,4,603,manual,truth,147.1,,1,,,,0,38.09,0.013,0.004,48,question,9
2026-10-08 23:19:24.390,174.07,20261008_231630,toey,question,4,603,manual,truth,147.1,,1,,,,0,38.09,0.013,0.004,50,question,9
2026-10-08 23:19:26.543,176.22,20261008_231630,toey,question,4,603,manual,truth,,,1,,,,0,38.13,0.023,0.006,42,question,9
2026-10-08 23:19:26.744,176.42,20261008_231630,toey,question,4,603,manual,truth,,,1,,,,0,38.13,0.025,0.006,37,question,9
2026-10-08 23:19:26.949,176.62,20261008_231630,toey,question,4,603,manual,truth,102.1,,1,,,,0,38.13,0.024,0.008,34,question,9
2026-10-08 23:19:27.158,176.83,20261008_231630,toey,question,4,603,manual,truth,102.5,,1,,,,0,38.14,0.031,0.01,31,question,9
2026-10-08 23:19:27.361,177.04,20261008_231630,toey,question,4,603,manual,truth,102.5,,1,,,,0,38.14,0.032,0.01,29,question,9
2026-10-08 23:19:27.567,177.24,20261008_231630,toey,question,4,603,manual,truth,102.5,,1,,,,0,38.15,0.029,0.01,27,question,9
2026-10-08 23:19:27.767,177.44,20261008_231630,toey,question,4,603,manual,truth,117.0,,1,,,,0,38.15,0.029,0.01,28,question,9
2026-10-08 23:19:27.967,177.64,20261008_231630,toey,question,4,603,manual,truth,117.0,,1,,,,0,38.1,0.027,0.01,28,question,9
2026-10-08 23:19:28.176,177.85,20261008_231630,toey,question,4,603,manual,truth,117.0,,1,,,,0,38.11,0.025,0.01,29,question,9
2026-10-08 23:19:28.381,178.06,20261008_231630,toey,question,4,603,manual,truth,102.5,144.2,1,,,,0,38.12,0.023,0.009,27,question,9
2026-10-08 23:19:28.592,178.27,20261008_231630,toey,question,4,603,manual,truth,102.5,144.2,1,,,,0,38.12,0.023,0.009,25,question,9
2026-10-08 23:19:28.807,178.48,20261008_231630,toey,question,4,603,manual,truth,126.6,142.5,1,,,,0,38.12,0.022,0.008,28,question,9
2026-10-08 23:19:29.006,178.68,20261008_231630,toey,question,4,603,manual,truth,126.6,142.5,1,,,,0,38.12,0.02,0.008,29,question,9
2026-10-08 23:19:29.206,178.88,20261008_231630,toey,question,4,603,manual,truth,126.6,142.5,1,,,,0,38.13,0.021,0.008,31,question,9
2026-10-08 23:19:29.415,179.09,20261008_231630,toey,question,4,603,manual,truth,126.6,134.0,1,,,,0,38.13,0.027,0.008,32,question,9
2026-10-08 23:19:29.625,179.3,20261008_231630,toey,question,4,603,manual,truth,126.6,134.0,1,,,,0,38.14,0.026,0.008,34,question,9
2026-10-08 23:19:29.830,179.5,20261008_231630,toey,question,4,603,manual,truth,121.6,126.1,1,,,,0,38.14,0.025,0.008,34,question,9
2026-10-08 23:19:30.039,179.71,20261008_231630,toey,question,4,603,manual,truth,121.6,126.1,1,,,,0,38.15,0.023,0.007,34,question,9
2026-10-08 23:19:30.245,179.92,20261008_231630,toey,question,4,603,manual,truth,121.6,126.1,1,,,,0,38.16,0.022,0.007,34,question,9
2026-10-08 23:19:30.457,180.13,20261008_231630,toey,question,4,603,manual,truth,121.6,126.1,1,,,,0,38.15,0.021,0.007,34,question,9
2026-10-08 23:19:30.646,180.32,20261008_231630,toey,question,4,603,manual,truth,121.6,126.1,1,,,,0,38.15,0.019,0.007,33,question,9
2026-10-08 23:19:30.859,180.53,20261008_231630,toey,question,4,603,manual,truth,121.6,126.1,1,,,,0,38.16,0.021,0.007,33,question,9
2026-10-08 23:19:31.064,180.74,20261008_231630,toey,question,4,603,manual,truth,121.6,126.1,1,,,,0,38.16,0.02,0.007,33,question,9
2026-10-08 23:19:31.312,180.99,20261008_231630,toey,question,4,603,manual,truth,121.6,126.1,1,,,,0,38.16,0.019,0.006,33,question,9
2026-10-08 23:19:31.477,181.15,20261008_231630,toey,question,4,603,manual,truth,121.6,126.1,1,,,,0,38.16,0.018,0.006,33,question,9
2026-10-08 23:19:31.680,181.36,20261008_231630,toey,question,4,603,manual,truth,121.6,126.1,1,,,,0,38.16,0.017,0.005,33,question,9
2026-10-08 23:19:31.882,181.56,20261008_231630,toey,question,4,603,manual,truth,121.6,126.1,1,,,,0,38.16,0.017,0.005,33,question,9
2026-10-08 23:19:32.093,181.77,20261008_231630,toey,question,4,603,manual,truth,121.6,126.1,1,,,,0,38.18,0.017,0.005,33,question,9
2026-10-08 23:19:32.291,181.97,20261008_231630,toey,question,4,603,manual,truth,121.6,126.1,1,,,,0,38.12,0.016,0.005,33,question,9
2026-10-08 23:19:32.496,182.17,20261008_231630,toey,question,4,603,manual,truth,121.6,126.1,1,,,,0,38.13,0.015,0.005,32,question,9
2026-10-08 23:19:32.722,182.4,20261008_231630,toey,question,4,603,manual,truth,121.6,126.1,1,,,,0,38.13,0.016,0.005,32,question,9
2026-10-08 23:19:32.980,182.65,20261008_231630,toey,question,4,603,manual,truth,121.6,126.1,1,,,,0,38.14,0.015,0.005,32,question,9
2026-10-08 23:19:33.127,182.8,20261008_231630,toey,question,4,603,manual,truth,121.6,126.1,1,,,,0,38.14,0.015,0.005,32,question,9
2026-10-08 23:19:33.353,183.03,20261008_231630,toey,recovery,4,603,manual,truth,121.6,137.0,1,,,,0,38.15,0.015,0.005,32,ready,9
2026-10-08 23:19:33.541,183.22,20261008_231630,toey,recovery,4,603,manual,truth,121.6,137.0,1,,,,0,38.14,0.015,0.005,32,ready,9
2026-10-08 23:19:33.750,183.42,20261008_231630,toey,recovery,4,603,manual,truth,121.6,137.0,1,,,,0,38.15,0.014,0.005,32,ready,9
2026-10-08 23:19:33.961,183.64,20261008_231630,toey,recovery,4,603,manual,truth,121.6,137.0,1,,,,0,38.15,0.014,0.004,32,ready,9
2026-10-08 23:19:34.168,183.84,20261008_231630,toey,recovery,4,603,manual,truth,121.6,137.0,1,,,,0,38.15,0.013,0.004,32,ready,9
2026-10-08 23:19:34.380,184.05,20261008_231630,toey,recovery,4,603,manual,truth,121.6,137.0,1,,,,0,38.15,0.013,0.004,32,ready,9
2026-10-08 23:19:34.573,184.25,20261008_231630,toey,recovery,4,603,manual,truth,121.6,137.0,1,,,,0,38.16,0.012,0.004,32,ready,9
2026-10-08 23:19:34.778,184.45,20261008_231630,toey,recovery,4,603,manual,truth,121.6,137.0,1,,,,0,38.16,0.012,0.004,32,ready,9
2026-10-08 23:19:34.991,184.67,20261008_231630,toey,recovery,4,603,manual,truth,121.6,137.0,1,,,,0,38.16,0.012,0.004,32,ready,9
2026-10-08 23:19:35.191,184.87,20261008_231630,toey,recovery,4,603,manual,truth,121.6,137.0,1,,,,0,38.17,0.013,0.004,32,ready,9
2026-10-08 23:19:35.398,185.07,20261008_231630,toey,recovery,4,603,manual,truth,121.6,137.0,1,,,,0,38.17,0.014,0.004,32,ready,9
2026-10-08 23:19:35.606,185.28,20261008_231630,toey,recovery,4,603,manual,truth,121.6,137.0,1,,,,0,38.17,0.015,0.004,32,ready,9
2026-10-08 23:19:35.810,185.49,20261008_231630,toey,recovery,4,603,manual,truth,121.6,137.0,1,,,,0,38.17,0.021,0.007,32,ready,9
2026-10-08 23:19:36.023,185.7,20261008_231630,toey,recovery,4,603,manual,truth,122.4,146.4,1,,,,0,38.18,0.019,0.007,32,ready,9
2026-10-08 23:19:36.221,185.9,20261008_231630,toey,recovery,4,603,manual,truth,122.4,146.4,1,,,,0,38.18,0.018,0.008,32,ready,9
2026-10-08 23:19:36.433,186.11,20261008_231630,toey,recovery,4,603,manual,truth,120.0,132.8,1,,,,0,38.18,0.017,0.008,32,ready,9
2026-10-08 23:19:36.639,186.31,20261008_231630,toey,recovery,4,603,manual,truth,120.0,132.8,1,,,,0,38.18,0.017,0.008,32,ready,9
2026-10-08 23:19:36.842,186.52,20261008_231630,toey,recovery,4,603,manual,truth,120.0,132.8,1,,,,0,38.18,0.018,0.008,32,ready,9
2026-10-08 23:19:37.054,186.73,20261008_231630,toey,recovery,4,603,manual,truth,120.0,132.8,1,,,,0,38.18,0.017,0.008,32,ready,9
2026-10-08 23:19:37.258,186.93,20261008_231630,toey,recovery,4,603,manual,truth,148.1,140.1,1,,,,0,38.18,0.02,0.008,37,ready,9
2026-10-08 23:19:37.470,187.14,20261008_231630,toey,recovery,4,603,manual,truth,148.1,121.8,1,,,,0,38.18,0.021,0.007,44,ready,9
2026-10-08 23:19:37.668,187.34,20261008_231630,toey,recovery,4,603,manual,truth,148.1,121.8,1,,,,0,38.13,0.02,0.009,47,ready,9
2026-10-08 23:19:37.876,187.55,20261008_231630,toey,recovery,4,603,manual,truth,150.0,112.8,1,,,,0,38.14,0.023,0.009,50,ready,9
2026-10-08 23:19:38.086,187.76,20261008_231630,toey,recovery,4,603,manual,truth,150.0,112.8,1,,,,0,38.15,0.032,0.012,53,ready,9
2026-10-08 23:19:38.287,187.96,20261008_231630,toey,recovery,4,603,manual,truth,150.0,112.8,1,,,,0,38.15,0.034,0.013,55,ready,9
2026-10-08 23:19:38.487,188.16,20261008_231630,toey,recovery,4,603,manual,truth,150.0,112.8,1,,,,0,38.15,0.032,0.012,57,ready,9
2026-10-08 23:19:38.687,188.36,20261008_231630,toey,recovery,4,603,manual,truth,150.0,112.8,1,,,,0,38.16,0.03,0.011,58,ready,9
2026-10-08 23:19:38.889,188.56,20261008_231630,toey,recovery,4,603,manual,truth,150.0,112.8,1,,,,0,38.17,0.028,0.011,59,ready,9
2026-10-08 23:19:39.095,188.77,20261008_231630,toey,rest,,,,,150.0,112.8,1,,,,0,38.17,0.026,0.01,60,ready,9
2026-10-08 23:19:39.294,188.97,20261008_231630,toey,rest,,,,,150.0,112.8,1,,,,0,38.17,0.026,0.009,60,ready,9
2026-10-08 23:19:39.505,189.18,20261008_231630,toey,rest,,,,,150.0,112.8,1,,,,0,38.18,0.024,0.009,61,ready,9
2026-10-08 23:19:39.706,189.38,20261008_231630,toey,rest,,,,,150.0,112.8,1,,,,0,38.18,0.022,0.008,61,ready,9
2026-10-08 23:19:39.908,189.58,20261008_231630,toey,rest,,,,,150.0,112.8,1,,,,0,38.18,0.021,0.007,61,ready,9
2026-10-08 23:19:40.111,189.79,20261008_231630,toey,rest,,,,,,,1,,,,0,38.18,0.019,0.007,53,ready,9
2026-10-08 23:19:40.318,189.99,20261008_231630,toey,rest,,,,,,,1,,,,0,38.19,0.018,0.007,45,ready,9
2026-10-08 23:19:40.522,190.2,20261008_231630,toey,rest,,,,,86.7,,1,,,,0,38.19,0.017,0.007,39,ready,9
2026-10-08 23:19:40.726,190.4,20261008_231630,toey,rest,,,,,86.7,,1,,,,0,38.19,0.017,0.007,34,ready,9
2026-10-08 23:19:40.934,190.61,20261008_231630,toey,question,5,604,manual,truth,152.5,,1,,,,0,38.19,0.016,0.007,39,question,9
2026-10-08 23:19:41.138,190.81,20261008_231630,toey,question,5,604,manual,truth,152.5,,1,,,,0,38.17,0.017,0.006,44,question,9
2026-10-08 23:19:41.355,191.03,20261008_231630,toey,question,5,604,manual,truth,152.5,,1,,,,0,38.17,0.017,0.006,47,question,9
2026-10-08 23:19:41.552,191.23,20261008_231630,toey,question,5,604,manual,truth,152.5,,1,,,,0,38.18,0.016,0.006,50,question,9
2026-10-08 23:19:41.775,191.45,20261008_231630,toey,question,5,604,manual,truth,152.5,,1,,,,0,38.18,0.015,0.006,52,question,9
2026-10-08 23:19:41.968,191.64,20261008_231630,toey,question,5,604,manual,truth,152.5,,1,,,,0,38.15,0.015,0.006,54,question,9
2026-10-08 23:19:42.171,191.85,20261008_231630,toey,question,5,604,manual,truth,152.5,,1,,,,0,38.11,0.014,0.006,56,question,9
2026-10-08 23:19:42.383,192.06,20261008_231630,toey,question,5,604,manual,truth,152.5,,1,,,,0,38.12,0.013,0.006,57,question,9
2026-10-08 23:19:42.587,192.26,20261008_231630,toey,question,5,604,manual,truth,152.5,,1,,,,0,38.13,0.013,0.005,58,question,9
2026-10-08 23:19:42.791,192.47,20261008_231630,toey,question,5,604,manual,truth,152.5,,1,,,,0,38.14,0.013,0.005,59,question,9
2026-10-08 23:19:43.089,192.76,20261008_231630,toey,question,5,604,manual,truth,152.5,,1,,,,0,38.15,0.014,0.005,60,question,9
2026-10-08 23:19:43.210,192.88,20261008_231630,toey,question,5,604,manual,truth,152.5,,1,,,,0,38.16,0.014,0.005,60,question,9
2026-10-08 23:19:43.424,193.1,20261008_231630,toey,question,5,604,manual,truth,152.5,,1,,,,0,38.16,0.014,0.004,61,question,9
2026-10-08 23:19:43.622,193.3,20261008_231630,toey,question,5,604,manual,truth,158.6,,1,,,,0,38.17,0.013,0.004,62,question,9
2026-10-08 23:19:43.836,193.51,20261008_231630,toey,question,5,604,manual,truth,158.6,,1,,,,0,38.17,0.012,0.004,63,question,9
2026-10-08 23:19:44.117,193.79,20261008_231630,toey,question,5,604,manual,truth,152.5,,1,,,,0,38.18,0.012,0.004,63,question,9
2026-10-08 23:19:44.241,193.92,20261008_231630,toey,question,5,604,manual,truth,152.5,,1,,,,0,38.18,0.012,0.004,63,question,9
2026-10-08 23:19:44.452,194.13,20261008_231630,toey,question,5,604,manual,truth,165.1,313.7,1,,,,0,38.19,0.013,0.004,65,question,9
2026-10-08 23:19:44.654,194.33,20261008_231630,toey,question,5,604,manual,truth,165.1,313.7,1,,,,0,38.19,0.014,0.004,67,question,9
2026-10-08 23:19:44.869,194.54,20261008_231630,toey,question,5,604,manual,truth,165.1,313.7,1,,,,0,38.19,0.013,0.004,68,question,9
2026-10-08 23:19:45.067,194.74,20261008_231630,toey,question,5,604,manual,truth,165.1,313.7,1,,,,0,38.19,0.014,0.005,70,question,9
2026-10-08 23:19:45.274,194.95,20261008_231630,toey,question,5,604,manual,truth,165.1,313.7,1,,,,0,38.19,0.021,0.006,71,question,9
2026-10-08 23:19:45.476,195.15,20261008_231630,toey,question,5,604,manual,truth,165.1,313.7,1,,,,0,38.2,0.026,0.007,72,question,9
2026-10-08 23:19:45.676,195.35,20261008_231630,toey,question,5,604,manual,truth,165.1,313.7,1,,,,0,38.2,0.026,0.007,73,question,9
2026-10-08 23:19:45.882,195.56,20261008_231630,toey,question,5,604,manual,truth,165.1,313.7,1,,,,0,38.2,0.027,0.007,74,question,9
2026-10-08 23:19:46.093,195.77,20261008_231630,toey,question,5,604,manual,truth,,,1,,,,0,38.21,0.033,0.008,64,question,9
2026-10-08 23:19:46.305,195.98,20261008_231630,toey,question,5,604,manual,truth,,,1,,,,0,38.19,0.033,0.008,56,question,9
2026-10-08 23:19:46.502,196.18,20261008_231630,toey,question,5,604,manual,truth,130.3,,1,,,,0,38.19,0.032,0.008,54,question,9
2026-10-08 23:19:46.711,196.39,20261008_231630,toey,question,5,604,manual,truth,130.3,,1,,,,0,38.19,0.036,0.008,53,question,9
2026-10-08 23:19:46.922,196.6,20261008_231630,toey,question,5,604,manual,truth,130.3,,1,,,,0,38.19,0.035,0.014,51,question,9
2026-10-08 23:19:47.117,196.79,20261008_231630,toey,question,5,604,manual,truth,104.4,,1,,,,0,38.2,0.033,0.015,46,question,9
2026-10-08 23:19:47.320,196.99,20261008_231630,toey,question,5,604,manual,truth,104.4,,1,,,,0,38.2,0.031,0.014,41,question,9
2026-10-08 23:19:47.534,197.21,20261008_231630,toey,question,5,604,manual,truth,104.4,,1,,,,0,38.2,0.03,0.013,38,question,9
2026-10-08 23:19:47.740,197.42,20261008_231630,toey,question,5,604,manual,truth,104.4,,1,,,,0,38.21,0.031,0.013,35,question,9
2026-10-08 23:19:47.937,197.61,20261008_231630,toey,question,5,604,manual,truth,104.4,,1,,,,0,38.21,0.033,0.013,32,question,9
2026-10-08 23:19:48.219,197.89,20261008_231630,toey,question,5,604,manual,truth,104.4,,1,,,,0,38.21,0.035,0.012,30,question,9
2026-10-08 23:19:48.356,198.03,20261008_231630,toey,question,5,604,manual,truth,104.4,,1,,,,0,38.21,0.034,0.011,29,question,9
2026-10-08 23:19:48.552,198.23,20261008_231630,toey,question,5,604,manual,truth,103.9,,1,,,,0,38.21,0.034,0.011,27,question,9
2026-10-08 23:19:48.760,198.43,20261008_231630,toey,question,5,604,manual,truth,103.9,,1,,,,0,38.21,0.032,0.01,26,question,9
2026-10-08 23:19:48.967,198.64,20261008_231630,toey,question,5,604,manual,truth,103.9,,1,,,,0,38.21,0.03,0.009,25,question,9
2026-10-08 23:19:49.185,198.86,20261008_231630,toey,question,5,604,manual,truth,104.4,,1,,,,0,38.21,0.028,0.009,24,question,9
2026-10-08 23:19:49.385,199.06,20261008_231630,toey,question,5,604,manual,truth,104.4,,1,,,,0,38.21,0.027,0.008,24,question,9
2026-10-08 23:19:49.587,199.26,20261008_231630,toey,question,5,604,manual,truth,104.4,,1,,,,0,38.22,0.026,0.008,23,question,9
2026-10-08 23:19:49.799,199.47,20261008_231630,toey,question,5,604,manual,truth,104.4,,1,,,,0,38.22,0.024,0.008,22,question,9
2026-10-08 23:19:49.999,199.67,20261008_231630,toey,question,5,604,manual,truth,104.4,,1,,,,0,38.22,0.023,0.007,22,question,9
2026-10-08 23:19:50.210,199.88,20261008_231630,toey,question,5,604,manual,truth,104.4,,1,,,,0,38.22,0.022,0.007,21,question,9
2026-10-08 23:19:50.420,200.1,20261008_231630,toey,question,5,604,manual,truth,104.4,,1,,,,0,38.23,0.021,0.007,21,question,9
2026-10-08 23:19:50.636,200.31,20261008_231630,toey,question,5,604,manual,truth,104.9,,1,,,,0,38.17,0.022,0.007,21,question,9
2026-10-08 23:19:50.827,200.5,20261008_231630,toey,question,5,604,manual,truth,104.9,,1,,,,0,38.17,0.021,0.006,21,question,9
2026-10-08 23:19:51.038,200.71,20261008_231630,toey,question,5,604,manual,truth,104.9,,1,,,,0,38.18,0.02,0.006,20,question,9
2026-10-08 23:19:51.251,200.93,20261008_231630,toey,question,5,604,manual,truth,104.9,,1,,,,0,38.19,0.019,0.006,20,question,9
2026-10-08 23:19:51.449,201.12,20261008_231630,toey,question,5,604,manual,truth,104.9,,1,,,,0,38.19,0.02,0.005,20,question,9
2026-10-08 23:19:51.655,201.33,20261008_231630,toey,question,5,604,manual,truth,104.9,,1,,,,0,38.2,0.019,0.007,20,question,9
2026-10-08 23:19:51.896,201.57,20261008_231630,toey,question,5,604,manual,truth,104.9,,1,,,,0,38.2,0.018,0.007,20,question,9
2026-10-08 23:19:52.067,201.74,20261008_231630,toey,question,5,604,manual,truth,104.9,,1,,,,0,38.21,0.018,0.007,20,question,9
2026-10-08 23:19:52.264,201.94,20261008_231630,toey,question,5,604,manual,truth,104.9,,1,,,,0,38.21,0.017,0.006,20,question,9
2026-10-08 23:19:52.465,202.14,20261008_231630,toey,question,5,604,manual,truth,104.9,,1,,,,0,38.21,0.017,0.006,20,question,9
2026-10-08 23:19:52.673,202.35,20261008_231630,toey,recovery,5,604,manual,truth,104.9,,1,,,,0,38.18,0.016,0.007,19,ready,9
2026-10-08 23:19:52.863,202.54,20261008_231630,toey,recovery,5,604,manual,truth,104.9,,1,,,,0,38.18,0.016,0.007,19,ready,9
2026-10-08 23:19:53.069,202.74,20261008_231630,toey,recovery,5,604,manual,truth,104.9,,1,,,,0,38.18,0.016,0.007,19,ready,9
2026-10-08 23:19:53.273,202.95,20261008_231630,toey,recovery,5,604,manual,truth,104.9,,1,,,,0,38.19,0.015,0.008,19,ready,9
2026-10-08 23:19:53.519,203.19,20261008_231630,toey,recovery,5,604,manual,truth,104.9,,1,,,,0,38.2,0.018,0.008,19,ready,9
2026-10-08 23:19:53.726,203.4,20261008_231630,toey,recovery,5,604,manual,truth,106.0,,1,,,,0,38.2,0.018,0.007,19,ready,9
2026-10-08 23:19:53.893,203.57,20261008_231630,toey,recovery,5,604,manual,truth,106.0,,1,,,,0,38.21,0.022,0.007,20,ready,9
2026-10-08 23:19:54.114,203.79,20261008_231630,toey,recovery,5,604,manual,truth,115.4,183.1,1,,,,0,38.22,0.025,0.008,23,ready,9
2026-10-08 23:19:54.354,204.03,20261008_231630,toey,recovery,5,604,manual,truth,115.4,183.1,1,,,,0,38.23,0.023,0.008,24,ready,9
2026-10-08 23:19:54.542,204.22,20261008_231630,toey,recovery,5,604,manual,truth,117.6,168.7,1,,,,0,38.23,0.021,0.007,25,ready,9
2026-10-08 23:19:54.729,204.4,20261008_231630,toey,recovery,5,604,manual,truth,122.4,165.8,1,,,,0,38.24,0.02,0.007,26,ready,9
2026-10-08 23:19:54.932,204.61,20261008_231630,toey,rest,,,,,122.4,165.8,1,,,,0,38.25,0.019,0.007,28,ready,9
2026-10-08 23:19:55.155,204.83,20261008_231630,toey,rest,,,,,122.4,165.8,1,,,,0,38.25,0.018,0.006,29,ready,9
2026-10-08 23:19:55.371,205.05,20261008_231630,toey,rest,,,,,117.6,174.7,1,,,,0,38.26,0.016,0.006,29,ready,9
2026-10-08 23:19:55.538,205.21,20261008_231630,toey,rest,,,,,117.6,174.7,1,,,,0,38.26,0.016,0.006,29,ready,9
2026-10-08 23:19:55.739,205.41,20261008_231630,toey,rest,,,,,117.6,174.7,1,,,,0,38.26,0.016,0.006,29,ready,9
2026-10-08 23:19:55.947,205.62,20261008_231630,toey,rest,,,,,117.6,149.7,1,,,,0,38.26,0.017,0.005,29,ready,9
2026-10-08 23:19:56.148,205.82,20261008_231630,toey,rest,,,,,117.6,149.7,1,,,,0,38.21,0.017,0.005,29,ready,9
2026-10-08 23:19:56.347,206.02,20261008_231630,toey,rest,,,,,117.6,144.6,1,,,,0,38.21,0.016,0.005,29,ready,9
2026-10-08 23:19:56.566,206.24,20261008_231630,toey,rest,,,,,117.6,144.6,1,,,,0,38.22,0.018,0.005,29,ready,9
2026-10-08 23:19:58.679,208.35,20261008_231630,toey,question,6,605,manual,truth,157.9,139.8,1,,,,0,38.24,0.021,0.01,59,question,9
2026-10-08 23:19:58.882,208.56,20261008_231630,toey,question,6,605,manual,truth,157.9,139.8,1,,,,0,38.24,0.019,0.011,60,question,9
2026-10-08 23:19:59.090,208.76,20261008_231630,toey,question,6,605,manual,truth,157.9,139.8,1,,,,0,38.25,0.019,0.011,62,question,9
2026-10-08 23:19:59.299,208.97,20261008_231630,toey,question,6,605,manual,truth,157.9,139.8,1,,,,0,38.25,0.025,0.011,64,question,9
2026-10-08 23:19:59.501,209.18,20261008_231630,toey,question,6,605,manual,truth,157.9,139.8,1,,,,0,38.25,0.032,0.011,65,question,9
2026-10-08 23:19:59.710,209.38,20261008_231630,toey,question,6,605,manual,truth,157.9,139.8,1,,,,0,38.25,0.034,0.011,66,question,9
2026-10-08 23:19:59.926,209.6,20261008_231630,toey,question,6,605,manual,truth,157.9,139.8,1,,,,0,38.26,0.032,0.01,67,question,9
2026-10-08 23:20:00.122,209.8,20261008_231630,toey,question,6,605,manual,truth,157.9,139.8,1,,,,0,38.26,0.03,0.01,68,question,9
2026-10-08 23:20:00.331,210.01,20261008_231630,toey,question,6,605,manual,truth,,,1,,,,0,38.26,0.025,0.009,51,question,9
2026-10-08 23:20:00.536,210.21,20261008_231630,toey,question,6,605,manual,truth,,,1,,,,0,38.26,0.023,0.008,45,question,9
2026-10-08 23:20:00.745,210.42,20261008_231630,toey,question,6,605,manual,truth,,,1,,,,0,38.25,0.022,0.007,39,question,9
2026-10-08 23:20:00.950,210.63,20261008_231630,toey,question,6,605,manual,truth,94.6,,1,,,,0,38.26,0.02,0.007,35,question,9
2026-10-08 23:20:01.160,210.83,20261008_231630,toey,question,6,605,manual,truth,94.6,,1,,,,0,38.26,0.02,0.007,31,question,9
2026-10-08 23:20:01.366,211.04,20261008_231630,toey,question,6,605,manual,truth,94.6,,1,,,,0,38.26,0.02,0.006,28,question,9
2026-10-08 23:20:01.565,211.24,20261008_231630,toey,question,6,605,manual,truth,94.6,,1,,,,0,38.27,0.019,0.006,25,question,9
2026-10-08 23:20:01.770,211.44,20261008_231630,toey,question,6,605,manual,truth,94.6,,1,,,,0,38.27,0.018,0.006,23,question,9
2026-10-08 23:20:01.990,211.66,20261008_231630,toey,question,6,605,manual,truth,94.6,,1,,,,0,38.25,0.017,0.006,21,question,9
2026-10-08 23:20:02.183,211.86,20261008_231630,toey,question,6,605,manual,truth,94.6,,1,,,,0,38.25,0.016,0.005,20,question,9
2026-10-08 23:20:02.385,212.06,20261008_231630,toey,question,6,605,manual,truth,94.6,,1,,,,0,38.26,0.015,0.005,19,question,9
2026-10-08 23:20:02.593,212.27,20261008_231630,toey,question,6,605,manual,truth,94.6,,1,,,,0,38.26,0.015,0.005,18,question,9
2026-10-08 23:20:04.727,214.4,20261008_231630,toey,question,6,605,manual,truth,94.0,,1,,,,0,38.28,0.018,0.006,14,question,9
2026-10-08 23:20:04.964,214.64,20261008_231630,toey,question,6,605,manual,truth,94.0,,1,,,,0,38.28,0.018,0.005,14,question,9
2026-10-08 23:20:05.130,214.8,20261008_231630,toey,question,6,605,manual,truth,94.0,,1,,,,0,38.26,0.018,0.006,13,question,9
2026-10-08 23:20:05.339,215.01,20261008_231630,toey,question,6,605,manual,truth,94.0,,1,,,,0,38.26,0.021,0.008,13,question,9
2026-10-08 23:20:05.545,215.22,20261008_231630,toey,question,6,605,manual,truth,94.0,,1,,,,0,38.27,0.024,0.009,14,question,9
2026-10-08 23:20:05.763,215.44,20261008_231630,toey,question,6,605,manual,truth,94.0,,1,,,,0,38.27,0.023,0.008,14,question,9
2026-10-08 23:20:05.948,215.62,20261008_231630,toey,question,6,605,manual,truth,94.6,,1,,,,0,38.27,0.021,0.007,14,question,9
2026-10-08 23:20:06.165,215.84,20261008_231630,toey,question,6,605,manual,truth,94.6,,1,,,,0,38.27,0.019,0.007,14,question,9
2026-10-08 23:20:06.363,216.04,20261008_231630,toey,question,6,605,manual,truth,94.6,,1,,,,0,38.28,0.018,0.006,14,question,9
2026-10-08 23:20:06.572,216.25,20261008_231630,toey,question,6,605,manual,truth,95.2,,1,,,,0,38.28,0.017,0.006,14,question,9
2026-10-08 23:20:06.780,216.46,20261008_231630,toey,question,6,605,manual,truth,95.2,,1,,,,0,38.28,0.016,0.006,14,question,9
2026-10-08 23:20:06.986,216.66,20261008_231630,toey,question,6,605,manual,truth,95.2,,1,,,,0,38.28,0.015,0.005,13,question,9
2026-10-08 23:20:07.193,216.87,20261008_231630,toey,question,6,605,manual,truth,95.2,,1,,,,0,38.3,0.015,0.005,13,question,9
2026-10-08 23:20:07.400,217.08,20261008_231630,toey,question,6,605,manual,truth,95.2,,1,,,,0,38.25,0.014,0.005,13,question,9
2026-10-08 23:20:07.612,217.29,20261008_231630,toey,question,6,605,manual,truth,95.2,,1,,,,0,38.26,0.014,0.005,13,question,9
2026-10-08 23:20:07.806,217.48,20261008_231630,toey,question,6,605,manual,truth,95.2,,1,,,,0,38.26,0.015,0.005,13,question,9
2026-10-08 23:20:08.018,217.69,20261008_231630,toey,question,6,605,manual,truth,95.2,,1,,,,0,38.27,0.016,0.005,13,question,9
2026-10-08 23:20:08.220,217.9,20261008_231630,toey,question,6,605,manual,truth,95.2,,1,,,,0,38.27,0.016,0.005,13,question,9
2026-10-08 23:20:08.429,218.1,20261008_231630,toey,question,6,605,manual,truth,95.2,,1,,,,0,38.27,0.018,0.007,13,question,9
2026-10-08 23:20:08.631,218.31,20261008_231630,toey,question,6,605,manual,truth,95.2,,1,,,,0,38.23,0.022,0.007,14,question,9
2026-10-08 23:20:10.743,220.42,20261008_231630,toey,recovery,6,605,manual,truth,107.1,21.5,1,,,,0,38.25,0.013,0.005,19,ready,9
2026-10-08 23:20:10.946,220.62,20261008_231630,toey,recovery,6,605,manual,truth,107.1,21.5,1,,,,0,38.25,0.012,0.005,19,ready,9
2026-10-08 23:20:11.147,220.82,20261008_231630,toey,recovery,6,605,manual,truth,107.1,21.5,1,,,,0,38.23,0.024,0.011,20,ready,9
2026-10-08 23:20:11.346,221.02,20261008_231630,toey,recovery,6,605,manual,truth,107.1,21.5,1,,,,0,38.23,0.023,0.011,20,ready,9
2026-10-08 23:20:11.555,221.23,20261008_231630,toey,recovery,6,605,manual,truth,107.1,21.5,1,,,,0,38.24,0.024,0.011,20,ready,9
2026-10-08 23:20:11.761,221.44,20261008_231630,toey,recovery,6,605,manual,truth,107.1,21.5,1,,,,0,38.25,0.022,0.01,21,ready,9
2026-10-08 23:20:11.960,221.63,20261008_231630,toey,recovery,6,605,manual,truth,107.1,21.5,1,,,,0,38.23,0.024,0.011,21,ready,8
2026-10-08 23:20:12.164,221.84,20261008_231630,toey,recovery,6,605,manual,truth,103.8,21.5,1,,,,0,38.24,0.023,0.01,21,ready,8
2026-10-08 23:20:12.375,222.05,20261008_231630,toey,recovery,6,605,manual,truth,103.8,21.5,1,,,,0,38.25,0.021,0.009,20,ready,9
2026-10-08 23:20:12.574,222.25,20261008_231630,toey,recovery,6,605,manual,truth,103.8,21.5,1,,,,0,38.25,0.02,0.008,20,ready,9
2026-10-08 23:20:12.786,222.46,20261008_231630,toey,recovery,6,605,manual,truth,105.8,73.4,1,,,,0,38.26,0.019,0.008,20,ready,9
2026-10-08 23:20:13.210,222.88,20261008_231630,toey,recovery,6,605,manual,truth,105.8,73.4,1,,,,0,38.26,0.018,0.007,20,ready,9
2026-10-08 23:20:13.210,222.89,20261008_231630,toey,recovery,6,605,manual,truth,105.8,73.4,1,,,,0,38.27,0.017,0.007,20,ready,9
2026-10-08 23:20:13.402,223.08,20261008_231630,toey,recovery,6,605,manual,truth,103.2,67.2,1,,,,0,38.27,0.016,0.006,20,ready,9
2026-10-08 23:20:13.617,223.29,20261008_231630,toey,rest,,,,,103.2,67.2,1,,,,0,38.28,0.015,0.006,19,ready,9
2026-10-08 23:20:13.811,223.49,20261008_231630,toey,rest,,,,,103.2,67.2,1,,,,0,38.28,0.015,0.005,19,ready,9
2026-10-08 23:20:14.027,223.7,20261008_231630,toey,rest,,,,,103.2,67.2,1,,,,0,38.28,0.014,0.005,19,ready,9
2026-10-08 23:20:14.225,223.9,20261008_231630,toey,rest,,,,,103.2,67.2,1,,,,0,38.28,0.014,0.005,18,ready,9
2026-10-08 23:20:14.442,224.12,20261008_231630,toey,rest,,,,,103.2,67.2,1,,,,0,38.29,0.013,0.005,18,ready,9
2026-10-08 23:20:14.644,224.32,20261008_231630,toey,rest,,,,,103.2,67.2,1,,,,0,38.3,0.012,0.005,18,ready,9
2026-10-08 23:20:14.839,224.51,20261008_231630,toey,rest,,,,,103.2,67.2,1,,,,0,38.25,0.013,0.006,18,ready,9
2026-10-08 23:20:15.047,224.72,20261008_231630,toey,rest,,,,,103.2,67.2,1,,,,0,38.25,0.013,0.006,18,ready,9
2026-10-08 23:20:15.251,224.93,20261008_231630,toey,rest,,,,,103.2,67.2,1,,,,0,38.26,0.012,0.005,18,ready,9
2026-10-08 23:20:15.460,225.14,20261008_231630,toey,rest,,,,,103.2,67.2,1,,,,0,38.26,0.012,0.005,18,ready,9
2026-10-08 23:20:15.665,225.34,20261008_231630,toey,rest,,,,,103.2,67.2,1,,,,0,38.27,0.011,0.005,18,ready,9
2026-10-08 23:20:15.875,225.55,20261008_231630,toey,rest,,,,,103.2,67.2,1,,,,0,38.27,0.011,0.005,17,ready,9
2026-10-08 23:20:16.080,225.75,20261008_231630,toey,rest,,,,,100.8,73.6,1,,,,0,38.28,0.01,0.005,17,ready,9
2026-10-08 23:20:16.291,225.97,20261008_231630,toey,rest,,,,,100.8,73.6,1,,,,0,38.28,0.011,0.004,17,ready,9
2026-10-08 23:20:16.496,226.17,20261008_231630,toey,rest,,,,,100.8,73.6,1,,,,0,38.28,0.012,0.005,17,ready,9
2026-10-08 23:20:16.705,226.38,20261008_231630,toey,rest,,,,,98.8,67.5,1,,,,0,38.29,0.012,0.005,16,ready,9
2026-10-08 23:20:16.906,226.58,20261008_231630,toey,rest,,,,,98.8,67.5,1,,,,0,38.29,0.012,0.005,16,ready,9
2026-10-08 23:20:17.112,226.79,20261008_231630,toey,recovery,7,606,manual,truth,98.8,67.5,1,,,,0,38.3,0.012,0.005,16,ready,9
2026-10-08 23:20:17.316,226.99,20261008_231630,toey,question,7,606,manual,truth,103.2,65.2,1,,,,0,38.3,0.012,0.005,16,question,9
2026-10-08 23:20:17.525,227.2,20261008_231630,toey,question,7,606,manual,truth,103.2,65.2,1,,,,0,38.3,0.011,0.006,16,question,9
2026-10-08 23:20:17.734,227.41,20261008_231630,toey,question,7,606,manual,truth,103.2,65.2,1,,,,0,38.3,0.011,0.006,16,question,9
2026-10-08 23:20:17.940,227.61,20261008_231630,toey,question,7,606,manual,truth,103.2,65.2,1,,,,0,38.31,0.01,0.006,17,question,9
2026-10-08 23:20:18.150,227.82,20261008_231630,toey,question,7,606,manual,truth,103.2,65.2,1,,,,0,38.31,0.011,0.007,17,question,9
2026-10-08 23:20:18.378,228.05,20261008_231630,toey,question,7,606,manual,truth,103.2,65.2,1,,,,0,38.31,0.011,0.007,17,question,9
2026-10-08 23:20:18.573,228.25,20261008_231630,toey,question,7,606,manual,truth,103.2,65.2,1,,,,0,38.31,0.011,0.006,17,question,9
2026-10-08 23:20:18.780,228.46,20261008_231630,toey,question,7,606,manual,truth,103.2,65.2,1,,,,0,38.31,0.011,0.006,17,question,9
2026-10-08 23:20:18.977,228.65,20261008_231630,toey,question,7,606,manual,truth,103.2,65.2,1,,,,0,38.31,0.011,0.006,17,question,9
2026-10-08 23:20:19.175,228.85,20261008_231630,toey,question,7,606,manual,truth,103.2,65.2,1,,,,0,38.28,0.011,0.006,17,question,9
2026-10-08 23:20:19.377,229.05,20261008_231630,toey,question,7,606,manual,truth,103.2,65.2,1,,,,0,38.28,0.011,0.005,17,question,9
2026-10-08 23:20:19.594,229.27,20261008_231630,toey,question,7,606,manual,truth,103.2,65.2,1,,,,0,38.24,0.012,0.005,17,question,9
2026-10-08 23:20:19.791,229.47,20261008_231630,toey,question,7,606,manual,truth,103.2,65.2,1,,,,0,38.25,0.014,0.005,17,question,9
2026-10-08 23:20:19.996,229.67,20261008_231630,toey,question,7,606,manual,truth,103.2,65.2,1,,,,0,38.26,0.016,0.005,17,question,9
2026-10-08 23:20:20.210,229.89,20261008_231630,toey,question,7,606,manual,truth,103.2,65.2,1,,,,0,38.26,0.021,0.008,18,question,9
2026-10-08 23:20:20.410,230.09,20261008_231630,toey,question,7,606,manual,truth,103.2,65.2,1,,,,0,38.27,0.022,0.009,18,question,9
2026-10-08 23:20:20.675,230.35,20261008_231630,toey,question,7,606,manual,truth,103.2,65.2,1,,,,0,38.28,0.021,0.009,18,question,9
2026-10-08 23:20:20.826,230.5,20261008_231630,toey,question,7,606,manual,truth,103.2,65.2,1,,,,0,38.28,0.021,0.009,18,question,9
2026-10-08 23:20:21.041,230.72,20261008_231630,toey,question,7,606,manual,truth,98.8,65.2,1,,,,0,38.29,0.029,0.011,18,question,9
2026-10-08 23:20:21.245,230.92,20261008_231630,toey,question,7,606,manual,truth,98.8,65.2,1,,,,0,38.29,0.03,0.011,18,question,9
2026-10-08 23:20:21.450,231.12,20261008_231630,toey,question,7,606,manual,truth,104.6,67.9,1,,,,0,38.3,0.03,0.011,18,question,9
2026-10-08 23:20:21.657,231.33,20261008_231630,toey,question,7,606,manual,truth,104.6,67.9,1,,,,0,38.3,0.032,0.012,19,question,9
2026-10-08 23:20:21.865,231.54,20261008_231630,toey,question,7,606,manual,truth,104.6,67.9,1,,,,0,38.3,0.036,0.012,19,question,9
2026-10-08 23:20:22.074,231.75,20261008_231630,toey,question,7,606,manual,truth,105.2,68.0,1,,,,0,38.31,0.035,0.011,20,question,9
2026-10-08 23:20:22.275,231.95,20261008_231630,toey,question,7,606,manual,truth,105.2,68.0,1,,,,0,38.31,0.033,0.01,20,question,9
2026-10-08 23:20:22.513,232.19,20261008_231630,toey,question,7,606,manual,truth,105.2,68.0,1,,,,0,38.31,0.03,0.01,20,question,9
2026-10-08 23:20:22.691,232.37,20261008_231630,toey,question,7,606,manual,truth,105.9,66.6,1,,,,0,38.32,0.028,0.009,21,question,9
2026-10-08 23:20:22.898,232.57,20261008_231630,toey,question,7,606,manual,truth,105.9,66.6,1,,,,0,38.32,0.027,0.008,21,question,9
2026-10-08 23:20:23.102,232.78,20261008_231630,toey,question,7,606,manual,truth,105.9,66.6,1,,,,0,38.32,0.026,0.008,21,question,9
2026-10-08 23:20:23.306,232.98,20261008_231630,toey,question,7,606,manual,truth,105.9,66.6,1,,,,0,38.27,0.024,0.007,21,question,9
2026-10-08 23:20:23.519,233.19,20261008_231630,toey,question,7,606,manual,truth,105.9,66.6,1,,,,0,38.23,0.022,0.007,21,question,9
2026-10-08 23:20:23.725,233.4,20261008_231630,toey,question,7,606,manual,truth,106.1,66.6,1,,,,0,38.24,0.021,0.007,21,question,9
2026-10-08 23:20:23.935,233.61,20261008_231630,toey,question,7,606,manual,truth,106.1,66.6,1,,,,0,38.25,0.019,0.006,21,question,9
2026-10-08 23:20:24.138,233.81,20261008_231630,toey,question,7,606,manual,truth,106.1,66.6,1,,,,0,38.26,0.02,0.006,21,question,9
2026-10-08 23:20:24.356,234.03,20261008_231630,toey,question,7,606,manual,truth,106.1,66.6,1,,,,0,38.26,0.019,0.006,21,question,9
2026-10-08 23:20:24.555,234.23,20261008_231630,toey,question,7,606,manual,truth,106.1,66.6,1,,,,0,38.27,0.018,0.006,20,question,9
2026-10-08 23:20:24.761,234.44,20261008_231630,toey,question,7,606,manual,truth,106.1,66.6,1,,,,0,38.28,0.017,0.005,20,question,9
2026-10-08 23:20:24.970,234.64,20261008_231630,toey,question,7,606,manual,truth,106.1,66.6,1,,,,0,38.28,0.017,0.005,20,question,9
2026-10-08 23:20:25.174,234.85,20261008_231630,toey,question,7,606,manual,truth,106.1,66.6,1,,,,0,38.29,0.017,0.005,20,question,9
2026-10-08 23:20:25.390,235.06,20261008_231630,toey,question,7,606,manual,truth,106.1,66.6,1,,,,0,38.29,0.017,0.005,20,question,9
2026-10-08 23:20:25.591,235.27,20261008_231630,toey,question,7,606,manual,truth,106.1,66.6,1,,,,0,38.3,0.017,0.004,20,question,9
2026-10-08 23:20:25.798,235.47,20261008_231630,toey,question,7,606,manual,truth,106.1,66.6,1,,,,0,38.3,0.016,0.004,20,question,9
2026-10-08 23:20:26.005,235.68,20261008_231630,toey,question,7,606,manual,truth,106.1,66.6,1,,,,0,38.31,0.016,0.004,20,question,9
2026-10-08 23:20:26.206,235.88,20261008_231630,toey,question,7,606,manual,truth,106.1,66.6,1,,,,0,38.31,0.019,0.005,20,question,9
2026-10-08 23:20:26.415,236.09,20261008_231630,toey,question,7,606,manual,truth,106.1,66.6,1,,,,0,38.31,0.02,0.005,20,question,9
2026-10-08 23:20:26.619,236.29,20261008_231630,toey,question,7,606,manual,truth,106.1,66.6,1,,,,0,38.32,0.023,0.006,20,question,9
2026-10-08 23:20:26.829,236.5,20261008_231630,toey,question,7,606,manual,truth,106.1,66.6,1,,,,0,38.32,0.022,0.006,20,question,9
2026-10-08 23:20:27.035,236.71,20261008_231630,toey,question,7,606,manual,truth,106.1,66.6,1,,,,0,38.32,0.024,0.006,21,question,9
2026-10-08 23:20:27.239,236.91,20261008_231630,toey,question,7,606,manual,truth,106.1,66.6,1,,,,0,38.32,0.024,0.006,21,question,9
2026-10-08 23:20:27.447,237.12,20261008_231630,toey,question,7,606,manual,truth,106.1,66.6,1,,,,0,38.32,0.023,0.006,21,question,9
2026-10-08 23:20:27.658,237.33,20261008_231630,toey,question,7,606,manual,truth,106.1,66.6,1,,,,0,38.28,0.022,0.006,21,question,9
2026-10-08 23:20:27.864,237.54,20261008_231630,toey,question,7,606,manual,truth,106.1,66.6,1,,,,0,38.29,0.021,0.005,21,question,9
2026-10-08 23:20:28.088,237.76,20261008_231630,toey,question,7,606,manual,truth,106.1,66.6,1,,,,0,38.3,0.021,0.006,21,question,9
2026-10-08 23:20:28.274,237.95,20261008_231630,toey,question,7,606,manual,truth,106.1,66.6,1,,,,0,38.3,0.02,0.006,21,question,9
2026-10-08 23:20:28.487,238.16,20261008_231630,toey,question,7,606,manual,truth,106.1,66.6,1,,,,0,38.31,0.019,0.006,21,question,9
2026-10-08 23:20:28.689,238.36,20261008_231630,toey,question,7,606,manual,truth,,,1,,,,0,38.31,0.018,0.006,19,question,9
2026-10-08 23:20:28.897,238.57,20261008_231630,toey,question,7,606,manual,truth,,,1,,,,0,38.31,0.018,0.006,18,question,9
2026-10-08 23:20:29.104,238.78,20261008_231630,toey,recovery,7,606,manual,truth,,,1,,,,0,38.32,0.018,0.006,17,ready,9
2026-10-08 23:20:29.317,238.99,20261008_231630,toey,recovery,7,606,manual,truth,,,1,,,,0,38.3,0.018,0.006,16,ready,9
2026-10-08 23:20:29.515,239.19,20261008_231630,toey,recovery,7,606,manual,truth,,,1,,,,0,38.3,0.019,0.006,16,ready,9
2026-10-08 23:20:29.721,239.4,20261008_231630,toey,recovery,7,606,manual,truth,51.3,,1,,,,0,38.31,0.019,0.006,14,ready,9
2026-10-08 23:20:29.932,239.61,20261008_231630,toey,recovery,7,606,manual,truth,51.3,,1,,,,0,38.31,0.021,0.006,12,ready,9
2026-10-08 23:20:30.133,239.81,20261008_231630,toey,recovery,7,606,manual,truth,51.3,,1,,,,0,38.31,0.022,0.006,10,ready,9
2026-10-08 23:20:30.346,240.02,20261008_231630,toey,recovery,7,606,manual,truth,51.3,,1,,,,0,38.32,0.022,0.007,9,ready,9
2026-10-08 23:20:30.550,240.23,20261008_231630,toey,recovery,7,606,manual,truth,59.3,,1,,,,0,38.32,0.022,0.009,8,ready,9
2026-10-08 23:20:30.754,240.43,20261008_231630,toey,recovery,7,606,manual,truth,59.3,,1,,,,0,38.32,0.021,0.008,8,ready,9
2026-10-08 23:20:30.963,240.64,20261008_231630,toey,recovery,7,606,manual,truth,59.3,,1,,,,0,38.32,0.022,0.008,7,ready,9
2026-10-08 23:20:31.174,240.85,20261008_231630,toey,recovery,7,606,manual,truth,59.3,,1,,,,0,38.32,0.021,0.008,6,ready,9
2026-10-08 23:20:31.377,241.05,20261008_231630,toey,recovery,7,606,manual,truth,59.3,,1,,,,0,38.33,0.021,0.008,6,ready,9
2026-10-08 23:20:31.582,241.26,20261008_231630,toey,recovery,7,606,manual,truth,62.5,,1,,,,0,38.33,0.021,0.009,6,ready,9
2026-10-08 23:20:31.790,241.47,20261008_231630,toey,recovery,7,606,manual,truth,62.5,,1,,,,0,38.33,0.021,0.009,5,ready,9
2026-10-08 23:20:31.996,241.67,20261008_231630,toey,recovery,7,606,manual,truth,62.5,,1,,,,0,38.34,0.021,0.01,5,ready,9
2026-10-08 23:20:32.203,241.88,20261008_231630,toey,recovery,7,606,manual,truth,62.5,,1,,,,0,38.34,0.02,0.009,5,ready,9
2026-10-08 23:20:32.433,242.11,20261008_231630,toey,rest,,,,,62.5,,1,,,,0,38.34,0.022,0.01,5,ready,9
2026-10-08 23:20:32.629,242.3,20261008_231630,toey,rest,,,,,59.3,183.2,1,,,,0,38.34,0.025,0.01,5,ready,9
2026-10-08 23:20:32.827,242.5,20261008_231630,toey,rest,,,,,59.3,183.2,1,,,,0,38.34,0.025,0.011,5,ready,9
2026-10-08 23:20:33.038,242.71,20261008_231630,toey,rest,,,,,59.3,183.2,1,,,,0,38.35,0.024,0.011,5,ready,9
2026-10-08 23:20:33.237,242.91,20261008_231630,toey,rest,,,,,66.1,214.5,1,,,,0,38.3,0.023,0.01,5,ready,9
2026-10-08 23:20:33.444,243.12,20261008_231630,toey,rest,,,,,66.1,214.5,1,,,,0,38.3,0.021,0.01,5,ready,9
2026-10-08 23:20:33.658,243.33,20261008_231630,toey,rest,,,,,66.1,214.5,1,,,,0,38.31,0.02,0.009,5,ready,9
2026-10-08 23:20:33.868,243.54,20261008_231630,toey,rest,,,,,66.1,214.5,1,,,,0,38.33,0.021,0.008,5,ready,9
2026-10-08 23:20:34.086,243.76,20261008_231630,toey,question,8,607,manual,lie,66.1,214.5,1,,,,0,38.33,0.021,0.007,5,question,9
2026-10-08 23:20:34.270,243.94,20261008_231630,toey,question,8,607,manual,lie,66.1,214.5,1,,,,0,38.32,0.02,0.008,5,question,9
2026-10-08 23:20:34.480,244.15,20261008_231630,toey,question,8,607,manual,lie,66.1,214.5,1,,,,0,38.33,0.018,0.007,5,question,9
2026-10-08 23:20:34.683,244.36,20261008_231630,toey,question,8,607,manual,lie,66.1,214.5,1,,,,0,38.33,0.018,0.006,5,question,9
2026-10-08 23:20:34.886,244.56,20261008_231630,toey,question,8,607,manual,lie,66.1,214.5,1,,,,0,38.34,0.017,0.006,5,question,9
2026-10-08 23:20:35.094,244.77,20261008_231630,toey,question,8,607,manual,lie,66.1,214.5,1,,,,0,38.34,0.016,0.005,4,question,9
2026-10-08 23:20:35.304,244.98,20261008_231630,toey,question,8,607,manual,lie,68.2,214.5,1,,,,0,38.34,0.015,0.005,5,question,9
2026-10-08 23:20:35.505,245.18,20261008_231630,toey,question,8,607,manual,lie,68.2,214.5,1,,,,0,38.33,0.017,0.005,5,question,9
2026-10-08 23:20:35.728,245.4,20261008_231630,toey,question,8,607,manual,lie,68.2,214.5,1,,,,0,38.34,0.017,0.006,5,question,9
2026-10-08 23:20:35.926,245.6,20261008_231630,toey,question,8,607,manual,lie,73.9,205.2,1,,,,0,38.34,0.016,0.005,5,question,9
2026-10-08 23:20:36.127,245.8,20261008_231630,toey,question,8,607,manual,lie,73.9,205.2,1,,,,0,38.35,0.016,0.007,5,question,9
2026-10-08 23:20:36.341,246.02,20261008_231630,toey,question,8,607,manual,lie,73.9,205.2,1,,,,0,38.35,0.016,0.007,5,question,9
2026-10-08 23:20:36.542,246.22,20261008_231630,toey,question,8,607,manual,lie,73.9,205.2,1,,,,0,38.35,0.017,0.007,5,question,9
2026-10-08 23:20:36.756,246.43,20261008_231630,toey,question,8,607,manual,lie,73.9,205.2,1,,,,0,38.35,0.019,0.006,5,question,9
2026-10-08 23:20:36.953,246.63,20261008_231630,toey,question,8,607,manual,lie,73.9,205.2,1,,,,0,38.35,0.021,0.007,6,question,9
2026-10-08 23:20:37.165,246.84,20261008_231630,toey,question,8,607,manual,lie,73.9,205.2,1,,,,0,38.35,0.02,0.008,6,question,9
2026-10-08 23:20:37.372,247.05,20261008_231630,toey,question,8,607,manual,lie,73.9,205.2,1,,,,0,38.33,0.019,0.008,6,question,9
2026-10-08 23:20:37.577,247.25,20261008_231630,toey,question,8,607,manual,lie,73.9,205.2,1,,,,0,38.33,0.018,0.008,6,question,9
2026-10-08 23:20:37.782,247.46,20261008_231630,toey,question,8,607,manual,lie,73.9,205.2,1,,,,0,38.33,0.018,0.007,6,question,9
2026-10-08 23:20:37.991,247.67,20261008_231630,toey,question,8,607,manual,lie,73.9,205.2,1,,,,0,38.34,0.017,0.007,6,question,9
2026-10-08 23:20:38.201,247.88,20261008_231630,toey,question,8,607,manual,lie,73.9,205.2,1,,,,0,38.34,0.016,0.006,6,question,9
2026-10-08 23:20:38.402,248.08,20261008_231630,toey,question,8,607,manual,lie,73.9,205.2,1,,,,0,38.34,0.016,0.006,6,question,9
2026-10-08 23:20:38.607,248.28,20261008_231630,toey,question,8,607,manual,lie,83.3,205.2,1,,,,0,38.35,0.016,0.006,6,question,9
2026-10-08 23:20:38.819,248.49,20261008_231630,toey,question,8,607,manual,lie,83.3,205.2,1,,,,0,38.35,0.015,0.005,7,question,9
2026-10-08 23:20:39.020,248.7,20261008_231630,toey,question,8,607,manual,lie,83.3,205.2,1,,,,0,38.35,0.013,0.005,7,question,9
2026-10-08 23:20:39.232,248.91,20261008_231630,toey,question,8,607,manual,lie,90.6,190.0,1,,,,0,38.36,0.016,0.005,8,question,9
2026-10-08 23:20:39.436,249.11,20261008_231630,toey,question,8,607,manual,lie,90.6,190.0,1,,,,0,38.36,0.015,0.006,8,question,9
2026-10-08 23:20:39.642,249.32,20261008_231630,toey,question,8,607,manual,lie,90.6,190.0,1,,,,0,38.36,0.015,0.005,9,question,9
2026-10-08 23:20:39.878,249.55,20261008_231630,toey,question,8,607,manual,lie,90.6,190.0,1,,,,0,38.37,0.015,0.005,9,question,9
2026-10-08 23:20:40.065,249.74,20261008_231630,toey,question,8,607,manual,lie,90.6,190.0,1,,,,0,38.32,0.014,0.006,10,question,9
2026-10-08 23:20:40.272,249.95,20261008_231630,toey,question,8,607,manual,lie,90.6,190.0,1,,,,0,38.33,0.019,0.007,10,question,9
2026-10-08 23:20:40.474,250.15,20261008_231630,toey,question,8,607,manual,lie,90.6,190.0,1,,,,0,38.33,0.024,0.008,11,question,9
2026-10-08 23:20:40.711,250.39,20261008_231630,toey,question,8,607,manual,lie,90.6,190.0,1,,,,0,38.34,0.024,0.008,11,question,9
2026-10-08 23:20:40.884,250.56,20261008_231630,toey,question,8,607,manual,lie,90.6,190.0,1,,,,0,38.34,0.022,0.007,11,question,9
2026-10-08 23:20:41.092,250.77,20261008_231630,toey,question,8,607,manual,lie,90.6,190.0,1,,,,0,38.34,0.022,0.007,11,question,9
2026-10-08 23:20:41.293,250.97,20261008_231630,toey,question,8,607,manual,lie,90.6,190.0,1,,,,0,38.3,0.021,0.006,11,question,9
2026-10-08 23:20:41.500,251.18,20261008_231630,toey,question,8,607,manual,lie,90.6,190.0,1,,,,0,38.32,0.021,0.007,11,question,9
2026-10-08 23:20:41.701,251.38,20261008_231630,toey,question,8,607,manual,lie,100.8,151.2,1,,,,0,38.29,0.02,0.007,12,question,9
2026-10-08 23:20:41.906,251.58,20261008_231630,toey,question,8,607,manual,lie,100.8,151.2,1,,,,0,38.3,0.019,0.007,13,question,9
2026-10-08 23:20:42.114,251.79,20261008_231630,toey,question,8,607,manual,lie,100.8,151.2,1,,,,0,38.31,0.018,0.007,14,question,9
2026-10-08 23:20:42.318,251.99,20261008_231630,toey,question,8,607,manual,lie,102.3,146.1,1,,,,0,38.32,0.018,0.007,15,question,9
2026-10-08 23:20:42.522,252.2,20261008_231630,toey,question,8,607,manual,lie,102.3,146.1,1,,,,0,38.32,0.018,0.006,15,question,9
2026-10-08 23:20:42.736,252.41,20261008_231630,toey,question,8,607,manual,lie,102.3,146.1,1,,,,0,38.33,0.018,0.006,16,question,9
2026-10-08 23:20:42.932,252.61,20261008_231630,toey,question,8,607,manual,lie,102.3,146.1,1,,,,0,38.33,0.018,0.006,16,question,9
2026-10-08 23:20:43.138,252.81,20261008_231630,toey,question,8,607,manual,lie,102.3,146.1,1,,,,0,38.34,0.026,0.006,16,question,9
2026-10-08 23:20:43.343,253.02,20261008_231630,toey,question,8,607,manual,lie,102.3,146.1,1,,,,0,38.34,0.027,0.007,17,question,9
2026-10-08 23:20:43.548,253.22,20261008_231630,toey,question,8,607,manual,lie,102.3,146.1,1,,,,0,38.34,0.026,0.01,17,question,9
2026-10-08 23:20:43.752,253.43,20261008_231630,toey,question,8,607,manual,lie,102.3,146.1,1,,,,0,38.35,0.025,0.015,17,question,9
2026-10-08 23:20:43.972,253.65,20261008_231630,toey,question,8,607,manual,lie,102.3,146.1,1,,,,0,38.35,0.027,0.016,18,question,9
2026-10-08 23:20:44.162,253.84,20261008_231630,toey,question,8,607,manual,lie,102.3,146.1,1,,,,0,38.35,0.056,0.017,19,question,9
2026-10-08 23:20:44.372,254.05,20261008_231630,toey,question,8,607,manual,lie,102.3,157.3,1,,,,0,38.35,0.059,0.019,20,question,9
2026-10-08 23:20:44.573,254.25,20261008_231630,toey,question,8,607,manual,lie,102.3,157.3,1,,,,0,38.36,0.057,0.02,21,question,9
2026-10-08 23:20:44.781,254.46,20261008_231630,toey,question,8,607,manual,lie,102.3,157.3,1,,,,0,38.36,0.057,0.019,21,question,9
2026-10-08 23:20:44.988,254.66,20261008_231630,toey,question,8,607,manual,lie,102.3,157.3,1,,,,0,38.36,0.052,0.017,22,question,9
2026-10-08 23:20:45.195,254.87,20261008_231630,toey,question,8,607,manual,lie,102.3,157.3,1,,,,0,38.36,0.05,0.016,22,question,9
2026-10-08 23:20:45.406,255.08,20261008_231630,toey,question,8,607,manual,lie,102.3,157.3,1,,,,0,38.37,0.046,0.015,22,question,9
2026-10-08 23:20:45.606,255.28,20261008_231630,toey,question,8,607,manual,lie,102.3,157.3,1,,,,0,38.37,0.042,0.013,22,question,9
2026-10-08 23:20:45.813,255.49,20261008_231630,toey,question,8,607,manual,lie,102.3,157.3,1,,,,0,38.38,0.038,0.012,22,question,9
2026-10-08 23:20:46.022,255.7,20261008_231630,toey,recovery,8,607,manual,lie,102.3,157.3,1,,,,0,38.37,0.036,0.011,21,ready,9
2026-10-08 23:20:46.216,255.89,20261008_231630,toey,recovery,8,607,manual,lie,102.3,157.3,1,,,,0,38.37,0.033,0.011,21,ready,9
2026-10-08 23:20:46.424,256.1,20261008_231630,toey,recovery,8,607,manual,lie,102.3,157.3,1,,,,0,38.37,0.03,0.011,21,ready,9
2026-10-08 23:20:46.683,256.36,20261008_231630,toey,recovery,8,607,manual,lie,102.3,157.3,1,,,,0,38.37,0.029,0.01,20,ready,9
2026-10-08 23:20:46.831,256.51,20261008_231630,toey,recovery,8,607,manual,lie,102.3,157.3,1,,,,0,38.37,0.027,0.01,20,ready,9
2026-10-08 23:20:47.299,256.97,20261008_231630,toey,recovery,8,607,manual,lie,102.3,157.3,1,,,,0,38.33,0.024,0.009,20,ready,9
2026-10-08 23:20:47.311,256.99,20261008_231630,toey,recovery,8,607,manual,lie,102.3,157.3,1,,,,0,38.33,0.023,0.008,20,ready,9
2026-10-08 23:20:47.452,257.13,20261008_231630,toey,recovery,8,607,manual,lie,102.3,157.3,1,,,,0,38.34,0.022,0.007,19,ready,9
2026-10-08 23:20:47.660,257.34,20261008_231630,toey,recovery,8,607,manual,lie,102.3,157.3,1,,,,0,38.34,0.02,0.007,19,ready,9
2026-10-08 23:20:47.868,257.54,20261008_231630,toey,recovery,8,607,manual,lie,102.3,157.3,1,,,,0,38.35,0.021,0.007,19,ready,9
2026-10-08 23:20:48.067,257.74,20261008_231630,toey,recovery,8,607,manual,lie,,,1,,,,0,38.35,0.025,0.008,18,ready,9
2026-10-08 23:20:48.274,257.95,20261008_231630,toey,recovery,8,607,manual,lie,,,1,,,,0,38.36,0.027,0.008,18,ready,9
2026-10-08 23:20:48.481,258.16,20261008_231630,toey,recovery,8,607,manual,lie,,,1,,,,0,38.36,0.027,0.009,18,ready,9
2026-10-08 23:20:48.728,258.4,20261008_231630,toey,recovery,8,607,manual,lie,63.2,,1,,,,0,38.38,0.025,0.009,15,ready,9
2026-10-08 23:20:48.896,258.57,20261008_231630,toey,recovery,8,607,manual,lie,63.2,,1,,,,0,38.38,0.024,0.008,13,ready,9
2026-10-08 23:20:49.099,258.77,20261008_231630,toey,rest,,,,,63.2,,1,,,,0,38.35,0.023,0.008,12,ready,8
2026-10-08 23:20:49.308,258.98,20261008_231630,toey,rest,,,,,63.2,,1,,,,0,38.36,0.021,0.007,10,ready,9
2026-10-08 23:20:49.509,259.18,20261008_231630,toey,rest,,,,,63.2,,1,,,,0,38.36,0.02,0.007,9,ready,9
2026-10-08 23:20:49.718,259.39,20261008_231630,toey,rest,,,,,63.2,,1,,,,0,38.37,0.018,0.006,8,ready,9
2026-10-08 23:20:49.922,259.6,20261008_231630,toey,rest,,,,,63.2,,1,,,,0,38.37,0.017,0.006,7,ready,9
2026-10-08 23:20:50.128,259.8,20261008_231630,toey,rest,,,,,63.2,,1,,,,0,38.37,0.016,0.006,7,ready,9
2026-10-08 23:20:50.337,260.01,20261008_231630,toey,rest,,,,,63.2,,1,,,,0,38.37,0.017,0.006,6,ready,9
2026-10-08 23:20:50.543,260.22,20261008_231630,toey,rest,,,,,63.2,,1,,,,0,38.37,0.016,0.007,6,ready,9
2026-10-08 23:20:50.750,260.42,20261008_231630,toey,rest,,,,,63.2,,1,,,,0,38.38,0.015,0.006,6,ready,9
2026-10-08 23:20:52.904,262.58,20261008_231630,toey,rest,,,,,85.7,,1,,,,0,38.41,0.016,0.007,8,ready,9
2026-10-08 23:20:53.096,262.77,20261008_231630,toey,rest,,,,,85.7,,1,,,,0,38.41,0.016,0.007,8,ready,9
2026-10-08 23:20:53.304,262.98,20261008_231630,toey,rest,,,,,85.7,,1,,,,0,38.41,0.043,0.016,9,ready,9
2026-10-08 23:20:53.747,263.42,20261008_231630,toey,rest,,,,,85.7,,1,,,,0,38.41,0.068,0.03,10,ready,9
2026-10-08 23:20:53.765,263.44,20261008_231630,toey,rest,,,,,96.5,,1,,,,0,38.41,0.066,0.029,12,ready,9
2026-10-08 23:20:53.949,263.62,20261008_231630,toey,rest,,,,,96.5,,1,,,,0,38.41,0.06,0.026,14,ready,9
2026-10-08 23:20:54.126,263.8,20261008_231630,toey,rest,,,,,96.5,,1,,,,0,38.41,0.055,0.024,15,ready,9
2026-10-08 23:20:54.359,264.03,20261008_231630,toey,rest,,,,,96.5,,1,,,,0,38.42,0.051,0.022,16,ready,9
2026-10-08 23:20:54.535,264.21,20261008_231630,toey,rest,,,,,96.5,,1,,,,0,38.42,0.048,0.021,16,ready,9
2026-10-08 23:20:54.742,264.42,20261008_231630,toey,rest,,,,,96.5,,1,,,,0,38.42,0.044,0.019,16,ready,9
2026-10-08 23:20:54.942,264.62,20261008_231630,toey,rest,,,,,96.5,,1,,,,0,38.42,0.041,0.017,17,ready,9
2026-10-08 23:20:55.150,264.83,20261008_231630,toey,rest,,,,,96.5,,1,,,,0,38.42,0.037,0.016,17,ready,9
2026-10-08 23:20:55.355,265.03,20261008_231630,toey,rest,,,,,96.5,,1,,,,0,38.42,0.034,0.015,17,ready,9
2026-10-08 23:20:55.562,265.24,20261008_231630,toey,rest,,,,,96.5,,1,,,,0,38.42,0.031,0.014,16,ready,9
2026-10-08 23:20:55.765,265.44,20261008_231630,toey,rest,,,,,96.5,,1,,,,0,38.42,0.029,0.013,16,ready,9
2026-10-08 23:20:55.972,265.65,20261008_231630,toey,rest,,,,,96.5,,1,,,,0,38.42,0.027,0.012,16,ready,9
2026-10-08 23:20:56.176,265.85,20261008_231630,toey,rest,,,,,96.5,,1,,,,0,38.42,0.025,0.011,16,ready,9
2026-10-08 23:20:56.381,266.06,20261008_231630,toey,rest,,,,,96.5,,1,,,,0,38.43,0.023,0.01,16,ready,9
2026-10-08 23:20:56.581,266.26,20261008_231630,toey,rest,,,,,96.5,,1,,,,0,38.37,0.021,0.009,16,ready,9
2026-10-08 23:20:56.785,266.46,20261008_231630,toey,rest,,,,,96.5,,1,,,,0,38.38,0.02,0.008,15,ready,9
2026-10-08 23:20:56.996,266.67,20261008_231630,toey,rest,,,,,96.5,,1,,,,0,38.38,0.019,0.008,15,ready,9
2026-10-08 23:20:57.197,266.87,20261008_231630,toey,rest,,,,,96.5,,1,,,,0,38.39,0.017,0.007,15,ready,9
2026-10-08 23:20:57.401,267.08,20261008_231630,toey,rest,,,,,96.5,,1,,,,0,38.39,0.017,0.006,15,ready,9
2026-10-08 23:20:57.610,267.29,20261008_231630,toey,rest,,,,,96.5,,1,,,,0,38.39,0.016,0.006,15,ready,9
2026-10-08 23:20:57.818,267.49,20261008_231630,toey,rest,,,,,96.5,,1,,,,0,38.39,0.015,0.006,15,ready,9
2026-10-08 23:20:58.030,267.71,20261008_231630,toey,rest,,,,,96.5,,1,,,,0,38.4,0.015,0.005,14,ready,9
2026-10-08 23:20:58.230,267.91,20261008_231630,toey,rest,,,,,96.5,,1,,,,0,38.4,0.015,0.005,14,ready,9
2026-10-08 23:20:58.437,268.11,20261008_231630,toey,rest,,,,,96.5,,1,,,,0,38.41,0.016,0.005,14,ready,9
2026-10-08 23:20:58.643,268.32,20261008_231630,toey,rest,,,,,,,1,,,,0,38.41,0.023,0.005,15,ready,9
2026-10-08 23:20:58.851,268.53,20261008_231630,toey,rest,,,,,,,1,,,,0,38.41,0.027,0.008,15,ready,9
2026-10-08 23:20:59.076,268.75,20261008_231630,toey,rest,,,,,61.5,,1,,,,0,38.41,0.026,0.008,13,ready,9
2026-10-08 23:20:59.276,268.95,20261008_231630,toey,rest,,,,,61.5,,1,,,,0,38.42,0.028,0.007,12,ready,9
2026-10-08 23:20:59.470,269.14,20261008_231630,toey,rest,,,,,117.4,,1,,,,0,38.42,0.026,0.008,15,ready,9
2026-10-08 23:20:59.715,269.39,20261008_231630,toey,rest,,,,,117.4,,1,,,,0,38.42,0.024,0.008,18,ready,9
2026-10-08 23:20:59.941,269.62,20261008_231630,toey,rest,,,,,134.8,,1,,,,0,38.42,0.023,0.007,23,ready,9
2026-10-08 23:21:00.097,269.77,20261008_231630,toey,rest,,,,,134.8,,1,,,,0,38.43,0.024,0.008,27,ready,9
2026-10-08 23:21:00.300,269.98,20261008_231630,toey,rest,,,,,134.8,,1,,,,0,38.43,0.022,0.007,31,ready,9
2026-10-08 23:21:00.554,270.23,20261008_231630,toey,rest,,,,,134.8,,1,,,,0,38.43,0.022,0.007,34,ready,9
2026-10-08 23:21:00.745,270.42,20261008_231630,toey,rest,,,,,134.8,,1,,,,0,38.43,0.02,0.007,38,ready,9
2026-10-08 23:21:00.958,270.63,20261008_231630,toey,rest,,,,,134.8,,1,,,,0,38.43,0.019,0.007,39,ready,9
2026-10-08 23:21:02.935,272.61,20261008_231630,toey,rest,,,,,122.9,,1,,,,0,38.43,0.024,0.006,35,ready,9
2026-10-08 23:21:03.139,272.81,20261008_231630,toey,rest,,,,,122.9,,1,,,,0,38.43,0.024,0.006,35,ready,9
2026-10-08 23:21:03.345,273.02,20261008_231630,toey,rest,,,,,122.9,,1,,,,0,38.42,0.023,0.007,35,ready,9
2026-10-08 23:21:03.555,273.23,20261008_231630,toey,rest,,,,,122.9,,1,,,,0,38.42,0.028,0.007,35,ready,9
2026-10-08 23:21:03.760,273.44,20261008_231630,toey,rest,,,,,122.9,,1,,,,0,38.43,0.031,0.009,35,ready,9
2026-10-08 23:21:03.961,273.64,20261008_231630,toey,rest,,,,,122.9,,1,,,,0,38.43,0.03,0.009,36,ready,9
2026-10-08 23:21:04.166,273.84,20261008_231630,toey,rest,,,,,122.9,,1,,,,0,38.43,0.031,0.011,36,ready,9
2026-10-08 23:21:04.376,274.05,20261008_231630,toey,rest,,,,,122.9,,1,,,,0,38.43,0.031,0.01,36,ready,9
2026-10-08 23:21:04.574,274.25,20261008_231630,toey,rest,,,,,,,1,,,,0,38.43,0.03,0.009,33,ready,9
2026-10-08 23:21:04.780,274.45,20261008_231630,toey,rest,,,,,,,1,,,,0,38.43,0.029,0.009,30,ready,9
2026-10-08 23:21:04.990,274.67,20261008_231630,toey,rest,,,,,,,1,,,,0,38.43,0.026,0.008,28,ready,9
2026-10-08 23:21:05.191,274.87,20261008_231630,toey,rest,,,,,97.3,,1,,,,0,38.44,0.025,0.008,26,ready,9
2026-10-08 23:21:05.394,275.07,20261008_231630,toey,rest,,,,,97.3,,1,,,,0,38.44,0.023,0.008,24,ready,9
2026-10-08 23:21:05.601,275.28,20261008_231630,toey,rest,,,,,97.3,,1,,,,0,38.44,0.022,0.008,22,ready,9
2026-10-08 23:21:05.807,275.48,20261008_231630,toey,rest,,,,,97.3,,1,,,,0,38.44,0.021,0.007,21,ready,9
2026-10-08 23:21:06.014,275.69,20261008_231630,toey,rest,,,,,92.2,,1,,,,0,38.44,0.021,0.007,19,ready,9
2026-10-08 23:21:06.240,275.92,20261008_231630,toey,rest,,,,,92.2,,1,,,,0,38.38,0.022,0.006,18,ready,9
2026-10-08 23:21:06.425,276.1,20261008_231630,toey,rest,,,,,92.2,,1,,,,0,38.36,0.022,0.007,17,ready,9
2026-10-08 23:21:06.632,276.31,20261008_231630,toey,rest,,,,,93.5,,1,,,,0,38.37,0.021,0.007,16,ready,9
2026-10-08 23:21:06.840,276.52,20261008_231630,toey,rest,,,,,93.5,,1,,,,0,38.37,0.02,0.008,16,ready,9
2026-10-08 23:21:07.049,276.72,20261008_231630,toey,rest,,,,,93.5,,1,,,,0,38.38,0.019,0.008,15,ready,9
2026-10-08 23:21:07.253,276.93,20261008_231630,toey,rest,,,,,94.9,159.7,1,,,,0,38.39,0.018,0.007,15,ready,9
2026-10-08 23:21:07.464,277.14,20261008_231630,toey,rest,,,,,94.9,159.7,1,,,,0,38.4,0.018,0.007,15,ready,9
2026-10-08 23:21:07.661,277.34,20261008_231630,toey,rest,,,,,94.9,159.7,1,,,,0,38.41,0.018,0.007,15,ready,9
2026-10-08 23:21:07.862,277.54,20261008_231630,toey,rest,,,,,103.1,143.4,1,,,,0,38.41,0.018,0.008,15,ready,9
2026-10-08 23:21:08.069,277.74,20261008_231630,toey,rest,,,,,103.1,143.4,1,,,,0,38.41,0.019,0.007,16,ready,9
2026-10-08 23:21:08.261,277.94,20261008_231630,toey,rest,,,,,103.1,143.4,1,,,,0,38.42,0.018,0.007,16,ready,9
2026-10-08 23:21:08.471,278.15,20261008_231630,toey,rest,,,,,103.1,143.4,1,,,,0,38.42,0.017,0.007,16,ready,9
2026-10-08 23:21:08.675,278.35,20261008_231630,toey,rest,,,,,103.1,143.4,1,,,,0,38.42,0.016,0.006,17,ready,9
2026-10-08 23:21:08.883,278.56,20261008_231630,toey,rest,,,,,103.1,143.4,1,,,,0,38.43,0.016,0.007,17,ready,9
2026-10-08 23:21:09.090,278.77,20261008_231630,toey,rest,,,,,103.1,143.4,1,,,,0,38.43,0.014,0.006,17,ready,9
2026-10-08 23:21:09.299,278.97,20261008_231630,toey,rest,,,,,103.1,143.4,1,,,,0,38.43,0.014,0.008,17,ready,9
2026-10-08 23:21:09.504,279.18,20261008_231630,toey,rest,,,,,103.1,143.4,1,,,,0,38.44,0.08,0.028,19,ready,9
2026-10-08 23:21:09.710,279.39,20261008_231630,toey,rest,,,,,107.4,143.4,1,,,,0,38.43,0.102,0.031,23,ready,9
2026-10-08 23:21:09.915,279.59,20261008_231630,toey,rest,,,,,107.4,143.4,1,,,,0,38.44,0.098,0.03,25,ready,9
2026-10-08 23:21:10.120,279.8,20261008_231630,toey,rest,,,,,107.4,143.4,1,,,,0,38.44,0.095,0.029,27,ready,9
2026-10-08 23:21:10.331,280.01,20261008_231630,toey,rest,,,,,113.0,130.9,1,,,,0,38.44,0.088,0.027,30,ready,9
2026-10-08 23:21:10.540,280.21,20261008_231630,toey,rest,,,,,113.0,130.9,1,,,,0,38.42,0.075,0.023,32,ready,9
2026-10-08 23:21:10.742,280.42,20261008_231630,toey,rest,,,,,113.0,130.9,1,,,,0,38.42,0.069,0.022,33,ready,9
2026-10-08 23:21:10.940,280.61,20261008_231630,toey,rest,,,,,113.0,130.9,1,,,,0,38.43,0.067,0.022,33,ready,9
2026-10-08 23:21:11.146,280.82,20261008_231630,toey,rest,,,,,113.0,130.9,1,,,,0,38.43,0.076,0.022,34,ready,9
2026-10-08 23:21:11.357,281.03,20261008_231630,toey,rest,,,,,113.0,130.9,1,,,,0,38.43,0.074,0.022,35,ready,9
2026-10-08 23:21:11.562,281.24,20261008_231630,toey,rest,,,,,,,1,,,,0,38.43,0.068,0.021,38,ready,9
2026-10-08 23:21:11.764,281.44,20261008_231630,toey,rest,,,,,,,1,,,,0,38.43,0.064,0.022,40,ready,9
2026-10-08 23:21:11.970,281.64,20261008_231630,toey,rest,,,,,,,1,,,,0,38.43,0.072,0.032,43,ready,9
2026-10-08 23:21:12.185,281.86,20261008_231630,toey,rest,,,,,123.7,,1,,,,0,38.44,0.075,0.031,44,ready,9
2026-10-08 23:21:12.380,282.06,20261008_231630,toey,rest,,,,,123.7,,1,,,,0,38.44,0.095,0.03,45,ready,9
2026-10-08 23:21:12.582,282.26,20261008_231630,toey,rest,,,,,128.7,,1,,,,0,38.43,0.116,0.032,49,ready,9
2026-10-08 23:21:12.780,282.46,20261008_231630,toey,rest,,,,,128.7,,1,,,,0,38.44,0.109,0.038,51,ready,9
2026-10-08 23:21:12.980,282.66,20261008_231630,toey,rest,,,,,128.7,,1,,,,0,38.44,0.099,0.035,52,ready,9
2026-10-08 23:21:13.189,282.86,20261008_231630,toey,rest,,,,,128.7,,1,,,,0,38.44,0.091,0.033,53,ready,9
2026-10-08 23:21:13.391,283.07,20261008_231630,toey,rest,,,,,128.7,,1,,,,0,38.44,0.083,0.031,54,ready,9
2026-10-08 23:21:13.595,283.27,20261008_231630,toey,rest,,,,,128.7,,1,,,,0,38.44,0.079,0.03,54,ready,9
2026-10-08 23:21:13.805,283.48,20261008_231630,toey,rest,,,,,128.7,,1,,,,0,38.44,0.076,0.03,54,ready,9
2026-10-08 23:21:14.022,283.7,20261008_231630,toey,rest,,,,,128.7,,1,,,,0,38.45,0.076,0.029,54,ready,9
2026-10-08 23:21:14.211,283.89,20261008_231630,toey,rest,,,,,114.7,,1,,,,0,38.44,0.074,0.027,51,ready,9
2026-10-08 23:21:14.420,284.1,20261008_231630,toey,rest,,,,,114.7,,1,,,,0,38.44,0.115,0.042,51,ready,9
2026-10-08 23:21:14.640,284.31,20261008_231630,toey,rest,,,,,128.7,,1,,,,0,38.44,0.134,0.05,54,ready,9
2026-10-08 23:21:14.832,284.51,20261008_231630,toey,rest,,,,,128.7,,1,,,,0,38.44,0.123,0.047,56,ready,9
2026-10-08 23:21:15.045,284.72,20261008_231630,toey,rest,,,,,128.7,,1,,,,0,38.42,0.113,0.042,57,ready,9
2026-10-08 23:21:15.251,284.93,20261008_231630,toey,rest,,,,,128.7,,1,,,,0,38.43,0.104,0.039,58,ready,9
2026-10-08 23:21:15.457,285.13,20261008_231630,toey,rest,,,,,118.2,,1,,,,0,38.42,0.094,0.035,56,ready,9
2026-10-08 23:21:15.660,285.34,20261008_231630,toey,rest,,,,,118.2,,1,,,,0,38.43,0.086,0.032,54,ready,9
2026-10-08 23:21:15.869,285.54,20261008_231630,toey,rest,,,,,118.2,,1,,,,0,38.43,0.08,0.03,52,ready,9
2026-10-08 23:21:16.070,285.74,20261008_231630,toey,rest,,,,,118.2,,1,,,,0,38.43,0.079,0.028,50,ready,9
2026-10-08 23:21:16.272,285.95,20261008_231630,toey,rest,,,,,118.2,,1,,,,0,38.43,0.077,0.027,49,ready,9
2026-10-08 23:21:16.480,286.16,20261008_231630,toey,rest,,,,,118.2,,1,,,,0,38.43,0.071,0.026,48,ready,9
2026-10-08 23:21:16.690,286.37,20261008_231630,toey,rest,,,,,118.2,,1,,,,0,38.43,0.064,0.024,46,ready,9
2026-10-08 23:21:16.892,286.57,20261008_231630,toey,rest,,,,,118.2,,1,,,,0,38.43,0.059,0.021,45,ready,9
2026-10-08 23:21:17.102,286.78,20261008_231630,toey,rest,,,,,118.2,,1,,,,0,38.43,0.111,0.041,46,ready,9
2026-10-08 23:21:17.304,286.98,20261008_231630,toey,rest,,,,,118.2,,1,,,,0,38.43,0.142,0.051,48,ready,9
2026-10-08 23:21:17.504,287.18,20261008_231630,toey,rest,,,,,118.2,,1,,,,0,38.43,0.132,0.048,50,ready,9
2026-10-08 23:21:17.716,287.39,20261008_231630,toey,rest,,,,,118.2,,1,,,,0,38.42,0.124,0.047,51,ready,9
2026-10-08 23:21:17.909,287.58,20261008_231630,toey,rest,,,,,118.2,,1,,,,0,38.43,0.121,0.049,51,ready,9
2026-10-08 23:21:18.116,287.79,20261008_231630,toey,rest,,,,,118.2,,1,,,,0,38.43,0.114,0.046,51,ready,9
2026-10-08 23:21:18.322,288.0,20261008_231630,toey,rest,,,,,118.2,,1,,,,0,38.43,0.104,0.042,51,ready,9
2026-10-08 23:21:18.523,288.2,20261008_231630,toey,rest,,,,,118.2,,1,,,,0,38.43,0.095,0.038,50,ready,9
2026-10-08 23:21:18.730,288.41,20261008_231630,toey,rest,,,,,118.2,,1,,,,0,38.41,0.086,0.035,50,ready,9
2026-10-08 23:21:18.943,288.62,20261008_231630,toey,rest,,,,,118.2,,1,,,,0,38.43,0.071,0.029,47,ready,9
2026-10-08 23:21:19.140,288.82,20261008_231630,toey,rest,,,,,118.2,,1,,,,0,38.39,0.065,0.026,46,ready,9
2026-10-08 23:21:19.339,289.01,20261008_231630,toey,rest,,,,,118.2,,1,,,,0,38.39,0.059,0.024,45,ready,9
2026-10-08 23:21:19.549,289.22,20261008_231630,toey,rest,,,,,118.2,,1,,,,0,38.39,0.054,0.022,43,ready,9
2026-10-08 23:21:19.749,289.42,20261008_231630,toey,rest,,,,,118.2,,1,,,,0,38.4,0.049,0.02,42,ready,9
2026-10-08 23:21:19.954,289.63,20261008_231630,toey,rest,,,,,118.2,,1,,,,0,38.4,0.045,0.018,41,ready,9
2026-10-08 23:21:20.160,289.84,20261008_231630,toey,rest,,,,,118.2,,1,,,,0,38.4,0.042,0.017,40,ready,9
2026-10-08 23:21:20.364,290.04,20261008_231630,toey,rest,,,,,118.2,,1,,,,0,38.41,0.047,0.018,39,ready,9
2026-10-08 23:21:20.570,290.25,20261008_231630,toey,rest,,,,,118.2,,1,,,,0,38.41,0.057,0.021,39,ready,9
2026-10-08 23:21:20.776,290.45,20261008_231630,toey,rest,,,,,118.2,,1,,,,0,38.41,0.053,0.022,39,ready,9
2026-10-08 23:21:20.981,290.66,20261008_231630,toey,rest,,,,,118.2,,1,,,,0,38.42,0.049,0.021,38,ready,9
2026-10-08 23:21:23.031,292.71,20261008_231630,toey,question,9,608,manual,truth,118.2,,1,,,,0,38.42,0.047,0.023,37,question,9
2026-10-08 23:21:23.224,292.9,20261008_231630,toey,question,9,608,manual,truth,,,1,,,,0,38.42,0.045,0.021,35,question,9
2026-10-08 23:21:23.430,293.1,20261008_231630,toey,question,9,608,manual,truth,,,1,,,,0,38.42,0.041,0.02,34,question,9
2026-10-08 23:21:23.639,293.31,20261008_231630,toey,question,9,608,manual,truth,,,1,,,,0,38.42,0.039,0.018,32,question,9
2026-10-08 23:21:23.853,293.53,20261008_231630,toey,question,9,608,manual,truth,,,1,,,,0,38.42,0.04,0.017,31,question,9
2026-10-08 23:21:24.058,293.73,20261008_231630,toey,question,9,608,manual,truth,,,1,,,,0,38.41,0.037,0.015,30,question,9
2026-10-08 23:21:24.257,293.93,20261008_231630,toey,question,9,608,manual,truth,,,1,,,,0,38.41,0.035,0.014,29,question,9
2026-10-08 23:21:24.456,294.13,20261008_231630,toey,question,9,608,manual,truth,49.8,,1,,,,0,38.36,0.038,0.015,24,question,9
2026-10-08 23:21:24.669,294.34,20261008_231630,toey,question,9,608,manual,truth,49.8,,1,,,,0,38.36,0.055,0.022,21,question,9
2026-10-08 23:21:24.873,294.55,20261008_231630,toey,question,9,608,manual,truth,49.8,,1,,,,0,38.36,0.069,0.026,18,question,9
2026-10-08 23:21:25.077,294.75,20261008_231630,toey,question,9,608,manual,truth,55.2,,1,,,,0,38.37,0.065,0.026,16,question,9
2026-10-08 23:21:25.289,294.96,20261008_231630,toey,question,9,608,manual,truth,55.2,,1,,,,0,38.37,0.085,0.04,15,question,9
2026-10-08 23:21:25.497,295.17,20261008_231630,toey,question,9,608,manual,truth,55.2,,1,,,,0,38.38,0.105,0.044,14,question,9
2026-10-08 23:21:25.702,295.38,20261008_231630,toey,question,9,608,manual,truth,55.2,,1,,,,0,38.38,0.108,0.042,13,question,9
2026-10-08 23:21:25.904,295.58,20261008_231630,toey,question,9,608,manual,truth,61.7,,1,,,,0,38.33,0.099,0.038,12,question,9
2026-10-08 23:21:26.108,295.78,20261008_231630,toey,question,9,608,manual,truth,61.7,,1,,,,0,38.34,0.09,0.035,11,question,9
2026-10-08 23:21:26.315,295.99,20261008_231630,toey,question,9,608,manual,truth,61.7,,1,,,,0,38.34,0.089,0.034,11,question,9
2026-10-08 23:21:26.525,296.2,20261008_231630,toey,question,9,608,manual,truth,61.7,,1,,,,0,38.35,0.089,0.035,10,question,9
2026-10-08 23:21:26.733,296.41,20261008_231630,toey,question,9,608,manual,truth,61.7,,1,,,,0,38.35,0.082,0.032,10,question,9
2026-10-08 23:21:26.936,296.61,20261008_231630,toey,question,9,608,manual,truth,61.7,,1,,,,0,38.35,0.074,0.03,9,question,9
2026-10-08 23:21:27.154,296.83,20261008_231630,toey,question,9,608,manual,truth,61.7,,1,,,,0,38.36,0.071,0.03,9,question,9
2026-10-08 23:21:27.351,297.03,20261008_231630,toey,question,9,608,manual,truth,61.7,,1,,,,0,38.36,0.075,0.031,8,question,9
2026-10-08 23:21:27.557,297.23,20261008_231630,toey,question,9,608,manual,truth,61.7,,1,,,,0,38.37,0.07,0.029,8,question,9
2026-10-08 23:21:27.768,297.44,20261008_231630,toey,question,9,608,manual,truth,61.7,,1,,,,0,38.37,0.058,0.026,7,question,9
2026-10-08 23:21:27.986,297.66,20261008_231630,toey,question,9,608,manual,truth,67.1,,1,,,,0,38.37,0.053,0.024,7,question,9
2026-10-08 23:21:28.177,297.85,20261008_231630,toey,question,9,608,manual,truth,67.1,,1,,,,0,38.37,0.049,0.023,7,question,9
2026-10-08 23:21:28.384,298.06,20261008_231630,toey,question,9,608,manual,truth,67.1,,1,,,,0,38.38,0.046,0.021,7,question,9
2026-10-08 23:21:28.590,298.27,20261008_231630,toey,question,9,608,manual,truth,67.1,,1,,,,0,38.4,0.042,0.02,7,question,9
2026-10-08 23:21:28.795,298.47,20261008_231630,toey,question,9,608,manual,truth,67.1,,1,,,,0,38.34,0.04,0.019,6,question,9
2026-10-08 23:21:29.000,298.68,20261008_231630,toey,question,9,608,manual,truth,67.5,508.3,1,,,,0,38.35,0.041,0.018,6,question,9
2026-10-08 23:21:29.205,298.88,20261008_231630,toey,question,9,608,manual,truth,67.5,508.3,1,,,,0,38.36,0.037,0.018,6,question,9
2026-10-08 23:21:29.410,299.09,20261008_231630,toey,question,9,608,manual,truth,67.5,508.3,1,,,,0,38.36,0.034,0.018,6,question,9
2026-10-08 23:21:29.628,299.3,20261008_231630,toey,question,9,608,manual,truth,67.5,508.3,1,,,,0,38.36,0.032,0.017,6,question,9
2026-10-08 23:21:29.820,299.49,20261008_231630,toey,question,9,608,manual,truth,67.5,508.3,1,,,,0,38.37,0.03,0.015,6,question,9
2026-10-08 23:21:30.026,299.7,20261008_231630,toey,question,9,608,manual,truth,67.5,508.3,1,,,,0,38.37,0.027,0.015,6,question,9
2026-10-08 23:21:30.240,299.92,20261008_231630,toey,question,9,608,manual,truth,67.5,508.3,1,,,,0,38.38,0.025,0.013,6,question,9
2026-10-08 23:21:30.436,300.11,20261008_231630,toey,question,9,608,manual,truth,67.5,508.3,1,,,,0,38.39,0.024,0.012,5,question,9
2026-10-08 23:21:30.635,300.31,20261008_231630,toey,question,9,608,manual,truth,67.5,508.3,1,,,,0,38.4,0.023,0.011,5,question,9
2026-10-08 23:21:30.843,300.52,20261008_231630,toey,question,9,608,manual,truth,67.5,508.3,1,,,,0,38.4,0.021,0.01,5,question,9
2026-10-08 23:21:31.047,300.72,20261008_231630,toey,question,9,608,manual,truth,67.5,508.3,1,,,,0,38.41,0.02,0.009,5,question,9
2026-10-08 23:21:31.249,300.92,20261008_231630,toey,question,9,608,manual,truth,67.5,508.3,1,,,,0,38.41,0.018,0.009,5,question,9
2026-10-08 23:21:31.456,301.13,20261008_231630,toey,question,9,608,manual,truth,67.5,508.3,1,,,,0,38.41,0.017,0.008,5,question,9
2026-10-08 23:21:31.673,301.35,20261008_231630,toey,question,9,608,manual,truth,67.5,508.3,1,,,,0,38.41,0.016,0.007,5,question,9
2026-10-08 23:21:31.871,301.55,20261008_231630,toey,question,9,608,manual,truth,67.5,508.3,1,,,,0,38.42,0.015,0.007,5,question,9
2026-10-08 23:21:32.079,301.75,20261008_231630,toey,question,9,608,manual,truth,,,1,,,,0,38.42,0.015,0.007,6,question,9
2026-10-08 23:21:32.285,301.96,20261008_231630,toey,question,9,608,manual,truth,,,1,,,,0,38.42,0.014,0.006,7,question,9
2026-10-08 23:21:32.494,302.17,20261008_231630,toey,question,9,608,manual,truth,,,1,,,,0,38.43,0.015,0.006,8,question,9
2026-10-08 23:21:32.698,302.37,20261008_231630,toey,question,9,608,manual,truth,,,1,,,,0,38.43,0.02,0.007,9,question,9
2026-10-08 23:21:32.906,302.58,20261008_231630,toey,question,9,608,manual,truth,,,1,,,,0,38.44,0.023,0.007,10,question,9
2026-10-08 23:21:33.110,302.79,20261008_231630,toey,question,9,608,manual,truth,,,1,,,,0,38.46,0.032,0.007,12,question,9
2026-10-08 23:21:33.316,302.99,20261008_231630,toey,question,9,608,manual,truth,,,1,,,,0,38.46,0.034,0.007,14,question,9
2026-10-08 23:21:33.524,303.2,20261008_231630,toey,question,9,608,manual,truth,69.8,508.3,1,,,,0,38.46,0.031,0.006,12,question,9
2026-10-08 23:21:33.731,303.41,20261008_231630,toey,question,9,608,manual,truth,69.8,508.3,1,,,,0,38.47,0.028,0.006,11,question,9
2026-10-08 23:21:33.939,303.61,20261008_231630,toey,question,9,608,manual,truth,69.8,508.3,1,,,,0,38.47,0.026,0.006,10,question,9
2026-10-08 23:21:34.146,303.82,20261008_231630,toey,question,9,608,manual,truth,69.8,508.3,1,,,,0,38.47,0.024,0.005,9,question,9
2026-10-08 23:21:34.349,304.02,20261008_231630,toey,question,9,608,manual,truth,69.8,508.3,1,,,,0,38.47,0.022,0.005,9,question,9
2026-10-08 23:21:34.557,304.23,20261008_231630,toey,question,9,608,manual,truth,69.8,508.3,1,,,,0,38.47,0.02,0.005,8,question,9
2026-10-08 23:21:34.769,304.44,20261008_231630,toey,recovery,9,608,manual,truth,69.8,508.3,1,,,,0,38.47,0.018,0.004,7,ready,9
2026-10-08 23:21:34.980,304.66,20261008_231630,toey,recovery,9,608,manual,truth,69.8,508.3,1,,,,0,38.47,0.018,0.004,7,ready,9
2026-10-08 23:21:35.174,304.85,20261008_231630,toey,recovery,9,608,manual,truth,69.8,508.3,1,,,,0,38.47,0.017,0.004,7,ready,9
2026-10-08 23:21:35.373,305.05,20261008_231630,toey,recovery,9,608,manual,truth,90.9,454.9,1,,,,0,38.47,0.016,0.004,8,ready,9
2026-10-08 23:21:35.573,305.25,20261008_231630,toey,recovery,9,608,manual,truth,90.9,454.9,1,,,,0,38.47,0.015,0.004,8,ready,9
2026-10-08 23:21:35.773,305.45,20261008_231630,toey,recovery,9,608,manual,truth,90.9,454.9,1,,,,0,38.47,0.014,0.004,9,ready,9
2026-10-08 23:21:35.975,305.65,20261008_231630,toey,recovery,9,608,manual,truth,93.1,415.5,1,,,,0,38.47,0.016,0.004,9,ready,9
2026-10-08 23:21:36.196,305.87,20261008_231630,toey,recovery,9,608,manual,truth,93.1,415.5,1,,,,0,38.47,0.016,0.005,10,ready,9
2026-10-08 23:21:36.446,306.12,20261008_231630,toey,recovery,9,608,manual,truth,97.9,385.2,1,,,,0,38.47,0.014,0.004,11,ready,9
2026-10-08 23:21:36.604,306.28,20261008_231630,toey,recovery,9,608,manual,truth,97.9,385.2,1,,,,0,38.48,0.014,0.004,12,ready,9
2026-10-08 23:21:36.813,306.49,20261008_231630,toey,recovery,9,608,manual,truth,97.9,385.2,1,,,,0,38.45,0.013,0.005,12,ready,9
2026-10-08 23:21:37.011,306.69,20261008_231630,toey,recovery,9,608,manual,truth,97.9,385.2,1,,,,0,38.45,0.015,0.007,13,ready,9
2026-10-08 23:21:37.218,306.89,20261008_231630,toey,recovery,9,608,manual,truth,97.9,385.2,1,,,,0,38.46,0.017,0.01,13,ready,9
2026-10-08 23:21:37.424,307.1,20261008_231630,toey,recovery,9,608,manual,truth,97.9,385.2,1,,,,0,38.46,0.016,0.009,13,ready,9
2026-10-08 23:21:37.632,307.31,20261008_231630,toey,recovery,9,608,manual,truth,97.9,385.2,1,,,,0,38.46,0.016,0.009,14,ready,9
2026-10-08 23:21:37.837,307.51,20261008_231630,toey,recovery,9,608,manual,truth,97.9,385.2,1,,,,0,38.46,0.015,0.008,14,ready,9
2026-10-08 23:21:38.112,307.79,20261008_231630,toey,rest,,,,,97.9,385.2,1,,,,0,38.46,0.015,0.008,14,ready,9
2026-10-08 23:21:38.252,307.93,20261008_231630,toey,rest,,,,,97.9,385.2,1,,,,0,38.47,0.015,0.009,14,ready,9
2026-10-08 23:21:38.457,308.13,20261008_231630,toey,rest,,,,,98.6,385.2,1,,,,0,38.44,0.021,0.009,14,ready,9
2026-10-08 23:21:38.672,308.35,20261008_231630,toey,rest,,,,,98.6,385.2,1,,,,0,38.45,0.024,0.011,15,ready,9
2026-10-08 23:21:38.873,308.55,20261008_231630,toey,rest,,,,,98.6,385.2,1,,,,0,38.44,0.024,0.011,15,ready,9
2026-10-08 23:21:39.080,308.75,20261008_231630,toey,rest,,,,,98.6,376.6,1,,,,0,38.45,0.024,0.011,15,ready,9
2026-10-08 23:21:41.120,310.79,20261008_231630,toey,question,10,609,manual,truth,98.6,170.3,1,,,,0,38.47,0.019,0.007,16,question,9
2026-10-08 23:21:41.350,311.02,20261008_231630,toey,question,10,609,manual,truth,98.6,170.3,1,,,,0,38.47,0.018,0.007,16,question,9
2026-10-08 23:21:41.528,311.2,20261008_231630,toey,question,10,609,manual,truth,,,1,,,,0,38.48,0.017,0.007,15,question,9
2026-10-08 23:21:41.730,311.41,20261008_231630,toey,question,10,609,manual,truth,,,1,,,,0,38.48,0.016,0.006,15,question,9
2026-10-08 23:21:41.938,311.61,20261008_231630,toey,question,10,609,manual,truth,,,1,,,,0,38.48,0.015,0.006,14,question,9
2026-10-08 23:21:42.145,311.82,20261008_231630,toey,question,10,609,manual,truth,120.2,,1,,,,0,38.48,0.014,0.006,17,question,9
2026-10-08 23:21:42.350,312.02,20261008_231630,toey,question,10,609,manual,truth,120.2,,1,,,,0,38.48,0.015,0.006,19,question,9
2026-10-08 23:21:42.588,312.26,20261008_231630,toey,question,10,609,manual,truth,138.2,,1,,,,0,38.48,0.015,0.006,25,question,9
2026-10-08 23:21:42.767,312.44,20261008_231630,toey,question,10,609,manual,truth,138.2,,1,,,,0,38.47,0.015,0.005,29,question,9
2026-10-08 23:21:43.014,312.69,20261008_231630,toey,question,10,609,manual,truth,138.2,,1,,,,0,38.47,0.015,0.005,32,question,9
2026-10-08 23:21:43.178,312.85,20261008_231630,toey,question,10,609,manual,truth,138.2,,1,,,,0,38.47,0.016,0.005,35,question,9
2026-10-08 23:21:43.378,313.05,20261008_231630,toey,question,10,609,manual,truth,138.2,,1,,,,0,38.47,0.016,0.005,38,question,9
2026-10-08 23:21:43.580,313.26,20261008_231630,toey,question,10,609,manual,truth,138.2,,1,,,,0,38.48,0.018,0.006,40,question,9
2026-10-08 23:21:43.787,313.46,20261008_231630,toey,question,10,609,manual,truth,145.3,,1,,,,0,38.49,0.017,0.006,43,question,9
2026-10-08 23:21:43.996,313.67,20261008_231630,toey,question,10,609,manual,truth,145.3,,1,,,,0,38.47,0.015,0.006,45,question,9
2026-10-08 23:21:44.202,313.88,20261008_231630,toey,question,10,609,manual,truth,145.3,,1,,,,0,38.47,0.014,0.005,47,question,9
2026-10-08 23:21:44.411,314.09,20261008_231630,toey,question,10,609,manual,truth,138.2,,1,,,,0,38.47,0.014,0.005,47,question,9
2026-10-08 23:21:44.609,314.28,20261008_231630,toey,question,10,609,manual,truth,138.2,,1,,,,0,38.47,0.015,0.005,47,question,9
2026-10-08 23:21:44.851,314.53,20261008_231630,toey,question,10,609,manual,truth,138.2,159.7,1,,,,0,38.48,0.014,0.006,48,question,9
2026-10-08 23:21:45.031,314.71,20261008_231630,toey,question,10,609,manual,truth,138.2,159.7,1,,,,0,38.49,0.013,0.006,48,question,9
2026-10-08 23:21:47.127,316.8,20261008_231630,toey,question,10,609,manual,truth,124.9,144.2,1,,,,0,38.5,0.02,0.009,42,question,9
2026-10-08 23:21:47.321,317.0,20261008_231630,toey,question,10,609,manual,truth,124.9,144.2,1,,,,0,38.5,0.018,0.008,40,question,9
2026-10-08 23:21:47.527,317.2,20261008_231630,toey,question,10,609,manual,truth,124.9,144.2,1,,,,0,38.5,0.017,0.007,40,question,9
2026-10-08 23:21:47.727,317.4,20261008_231630,toey,question,10,609,manual,truth,124.9,144.2,1,,,,0,38.5,0.016,0.007,39,question,9
2026-10-08 23:21:47.935,317.61,20261008_231630,toey,question,10,609,manual,truth,124.9,144.2,1,,,,0,38.49,0.016,0.006,38,question,9
2026-10-08 23:21:48.135,317.81,20261008_231630,toey,question,10,609,manual,truth,117.6,144.2,1,,,,0,38.49,0.015,0.006,36,question,9
2026-10-08 23:21:48.336,318.01,20261008_231630,toey,question,10,609,manual,truth,117.6,144.2,1,,,,0,38.49,0.014,0.006,35,question,9
2026-10-08 23:21:48.629,318.3,20261008_231630,toey,question,10,609,manual,truth,117.6,144.2,1,,,,0,38.5,0.015,0.006,34,question,9
2026-10-08 23:21:48.748,318.42,20261008_231630,toey,question,10,609,manual,truth,117.6,144.2,1,,,,0,38.5,0.015,0.006,33,question,9
2026-10-08 23:21:48.959,318.63,20261008_231630,toey,question,10,609,manual,truth,117.6,144.2,1,,,,0,38.5,0.014,0.006,32,question,9
2026-10-08 23:21:49.163,318.84,20261008_231630,toey,question,10,609,manual,truth,117.6,144.2,1,,,,0,38.5,0.014,0.006,31,question,9
2026-10-08 23:21:49.376,319.05,20261008_231630,toey,question,10,609,manual,truth,117.6,140.4,1,,,,0,38.5,0.014,0.006,31,question,9
2026-10-08 23:21:49.575,319.25,20261008_231630,toey,question,10,609,manual,truth,117.6,140.4,1,,,,0,38.5,0.013,0.005,30,question,9
2026-10-08 23:21:49.787,319.46,20261008_231630,toey,question,10,609,manual,truth,122.6,130.2,1,,,,0,38.5,0.012,0.005,30,question,9
2026-10-08 23:21:50.026,319.7,20261008_231630,toey,question,10,609,manual,truth,122.6,130.2,1,,,,0,38.51,0.012,0.005,31,question,9
2026-10-08 23:21:50.196,319.87,20261008_231630,toey,question,10,609,manual,truth,135.5,103.7,1,,,,0,38.51,0.019,0.008,34,question,9
2026-10-08 23:21:50.403,320.08,20261008_231630,toey,question,10,609,manual,truth,135.5,103.7,1,,,,0,38.46,0.024,0.01,36,question,9
2026-10-08 23:21:50.611,320.29,20261008_231630,toey,question,10,609,manual,truth,135.5,103.7,1,,,,0,38.46,0.023,0.01,38,question,9
2026-10-08 23:21:50.816,320.49,20261008_231630,toey,question,10,609,manual,truth,135.5,103.7,1,,,,0,38.46,0.021,0.009,40,question,9
2026-10-08 23:21:51.033,320.71,20261008_231630,toey,question,10,609,manual,truth,135.5,87.1,1,,,,0,38.47,0.02,0.009,41,question,9
2026-10-08 23:21:51.233,320.91,20261008_231630,toey,question,10,609,manual,truth,135.5,87.1,1,,,,0,38.47,0.02,0.009,42,question,9
2026-10-08 23:21:51.440,321.12,20261008_231630,toey,recovery,10,609,manual,truth,142.9,82.2,1,,,,0,38.47,0.019,0.009,44,ready,9
2026-10-08 23:21:51.638,321.31,20261008_231630,toey,recovery,10,609,manual,truth,142.9,82.2,1,,,,0,38.44,0.018,0.008,46,ready,9
2026-10-08 23:21:51.846,321.52,20261008_231630,toey,recovery,10,609,manual,truth,142.9,82.2,1,,,,0,38.45,0.017,0.008,48,ready,9
2026-10-08 23:21:52.051,321.73,20261008_231630,toey,recovery,10,609,manual,truth,142.9,82.2,1,,,,0,38.45,0.016,0.007,49,ready,9
2026-10-08 23:21:52.255,321.93,20261008_231630,toey,recovery,10,609,manual,truth,142.9,82.2,1,,,,0,38.46,0.016,0.008,50,ready,9
2026-10-08 23:21:52.455,322.13,20261008_231630,toey,recovery,10,609,manual,truth,142.9,82.2,1,,,,0,38.46,0.015,0.008,50,ready,9
2026-10-08 23:21:52.659,322.33,20261008_231630,toey,recovery,10,609,manual,truth,142.9,82.2,1,,,,0,38.46,0.015,0.007,51,ready,9
2026-10-08 23:21:52.865,322.54,20261008_231630,toey,recovery,10,609,manual,truth,142.9,82.2,1,,,,0,38.47,0.014,0.007,51,ready,9
2026-10-08 23:21:53.069,322.74,20261008_231630,toey,recovery,10,609,manual,truth,142.9,82.2,1,,,,0,38.48,0.013,0.006,51,ready,9
2026-10-08 23:21:53.281,322.96,20261008_231630,toey,recovery,10,609,manual,truth,142.9,82.2,1,,,,0,38.48,0.016,0.009,52,ready,9
2026-10-08 23:21:53.484,323.16,20261008_231630,toey,recovery,10,609,manual,truth,142.9,82.2,1,,,,0,38.49,0.016,0.009,52,ready,9
2026-10-08 23:21:53.690,323.37,20261008_231630,toey,recovery,10,609,manual,truth,142.9,82.2,1,,,,0,38.49,0.015,0.008,52,ready,9
2026-10-08 23:21:53.911,323.59,20261008_231630,toey,rest,,,,,,,1,,,,0,38.5,0.013,0.007,45,ready,9
2026-10-08 23:21:54.104,323.78,20261008_231630,toey,rest,,,,,,,1,,,,0,38.49,0.013,0.007,39,ready,9
2026-10-08 23:21:54.309,323.98,20261008_231630,toey,rest,,,,,,,1,,,,0,38.5,0.014,0.006,34,ready,9
2026-10-08 23:21:54.526,324.2,20261008_231630,toey,rest,,,,,,,1,,,,0,38.51,0.013,0.006,30,ready,9
2026-10-08 23:21:54.724,324.4,20261008_231630,toey,rest,,,,,,,1,,,,0,38.51,0.013,0.006,26,ready,9
2026-10-08 23:21:54.929,324.6,20261008_231630,toey,rest,,,,,,,1,,,,0,38.51,0.012,0.005,23,ready,9
2026-10-08 23:21:55.141,324.82,20261008_231630,toey,rest,,,,,,,1,,,,0,38.51,0.012,0.005,21,ready,9
2026-10-08 23:21:55.353,325.03,20261008_231630,toey,recovery,11,610,manual,truth,,,1,,,,0,38.51,0.012,0.005,19,ready,9
2026-10-08 23:21:55.550,325.22,20261008_231630,toey,question,11,610,manual,truth,,,1,,,,0,38.51,0.012,0.006,17,question,9
2026-10-08 23:21:55.756,325.43,20261008_231630,toey,question,11,610,manual,truth,,,1,,,,0,38.48,0.011,0.006,16,question,9
2026-10-08 23:21:55.959,325.63,20261008_231630,toey,question,11,610,manual,truth,,,1,,,,0,38.47,0.012,0.006,15,question,9
2026-10-08 23:21:56.163,325.84,20261008_231630,toey,question,11,610,manual,truth,,,1,,,,0,38.42,0.012,0.006,14,question,9
2026-10-08 23:21:56.372,326.05,20261008_231630,toey,question,11,610,manual,truth,,,1,,,,0,38.43,0.012,0.006,13,question,9
2026-10-08 23:21:56.577,326.25,20261008_231630,toey,question,11,610,manual,truth,,,1,,,,0,38.43,0.012,0.005,13,question,9
2026-10-08 23:21:56.769,326.44,20261008_231630,toey,question,11,610,manual,truth,,,1,,,,0,38.44,0.013,0.005,13,question,9
2026-10-08 23:21:56.976,326.65,20261008_231630,toey,question,11,610,manual,truth,78.5,,1,,,,0,38.45,0.014,0.005,12,question,9
2026-10-08 23:21:57.183,326.86,20261008_231630,toey,question,11,610,manual,truth,78.5,,1,,,,0,38.45,0.014,0.004,11,question,9
2026-10-08 23:21:57.392,327.07,20261008_231630,toey,question,11,610,manual,truth,78.5,,1,,,,0,38.46,0.014,0.004,10,question,9
2026-10-08 23:21:57.600,327.27,20261008_231630,toey,question,11,610,manual,truth,78.5,,1,,,,0,38.46,0.015,0.004,10,question,9
2026-10-08 23:21:57.800,327.47,20261008_231630,toey,question,11,610,manual,truth,78.5,,1,,,,0,38.47,0.015,0.004,9,question,9
2026-10-08 23:21:58.007,327.68,20261008_231630,toey,question,11,610,manual,truth,67.4,,1,,,,0,38.47,0.015,0.004,8,question,9
2026-10-08 23:21:58.211,327.89,20261008_231630,toey,question,11,610,manual,truth,67.4,,1,,,,0,38.47,0.016,0.006,8,question,9
2026-10-08 23:21:58.423,328.1,20261008_231630,toey,question,11,610,manual,truth,67.4,,1,,,,0,38.48,0.017,0.008,7,question,9
2026-10-08 23:21:58.618,328.29,20261008_231630,toey,question,11,610,manual,truth,67.4,,1,,,,0,38.48,0.018,0.008,7,question,9
2026-10-08 23:21:58.825,328.5,20261008_231630,toey,question,11,610,manual,truth,69.3,,1,,,,0,38.48,0.018,0.01,6,question,9
2026-10-08 23:21:59.029,328.7,20261008_231630,toey,question,11,610,manual,truth,69.3,,1,,,,0,38.48,0.019,0.011,6,question,9
2026-10-08 23:21:59.238,328.91,20261008_231630,toey,question,11,610,manual,truth,69.3,,1,,,,0,38.49,0.02,0.01,6,question,9
2026-10-08 23:21:59.443,329.12,20261008_231630,toey,question,11,610,manual,truth,69.3,,1,,,,0,38.49,0.019,0.009,6,question,9
2026-10-08 23:21:59.649,329.32,20261008_231630,toey,question,11,610,manual,truth,69.3,,1,,,,0,38.49,0.018,0.009,6,question,9
2026-10-08 23:21:59.869,329.54,20261008_231630,toey,question,11,610,manual,truth,69.3,,1,,,,0,38.49,0.031,0.013,6,question,9
2026-10-08 23:22:00.059,329.73,20261008_231630,toey,question,11,610,manual,truth,69.3,,1,,,,0,38.49,0.039,0.013,6,question,9
2026-10-08 23:22:00.265,329.94,20261008_231630,toey,question,11,610,manual,truth,69.3,,1,,,,0,38.49,0.046,0.018,6,question,9
2026-10-08 23:22:00.472,330.15,20261008_231630,toey,question,11,610,manual,truth,69.3,,1,,,,0,38.49,0.044,0.017,6,question,9
2026-10-08 23:22:00.673,330.35,20261008_231630,toey,question,11,610,manual,truth,69.3,,1,,,,0,38.49,0.044,0.017,6,question,9
2026-10-08 23:22:00.880,330.55,20261008_231630,toey,question,11,610,manual,truth,67.4,,1,,,,0,38.49,0.046,0.02,6,question,9
2026-10-08 23:22:01.122,330.8,20261008_231630,toey,question,11,610,manual,truth,67.4,,1,,,,0,38.5,0.042,0.022,6,question,9
2026-10-08 23:22:01.299,330.97,20261008_231630,toey,question,11,610,manual,truth,67.4,,1,,,,0,38.5,0.041,0.023,6,question,9
2026-10-08 23:22:01.509,331.18,20261008_231630,toey,question,11,610,manual,truth,67.4,,1,,,,0,38.5,0.039,0.023,6,question,9
2026-10-08 23:22:01.699,331.37,20261008_231630,toey,question,11,610,manual,truth,67.4,,1,,,,0,38.49,0.042,0.033,6,question,9
2026-10-08 23:22:01.900,331.57,20261008_231630,toey,question,11,610,manual,truth,67.4,,1,,,,0,38.49,0.042,0.032,6,question,9
2026-10-08 23:22:02.104,331.78,20261008_231630,toey,question,11,610,manual,truth,67.4,,1,,,,0,38.49,0.042,0.029,6,question,9
2026-10-08 23:22:02.299,331.97,20261008_231630,toey,question,11,610,manual,truth,67.4,,1,,,,0,38.48,0.064,0.028,6,question,9
2026-10-08 23:22:02.505,332.18,20261008_231630,toey,question,11,610,manual,truth,67.4,,1,,,,0,38.48,0.06,0.026,6,question,9
2026-10-08 23:22:02.710,332.39,20261008_231630,toey,question,11,610,manual,truth,67.4,,1,,,,0,38.48,0.056,0.023,7,question,9
2026-10-08 23:22:02.911,332.59,20261008_231630,toey,question,11,610,manual,truth,67.4,,1,,,,0,38.48,0.056,0.027,7,question,9
2026-10-08 23:22:03.110,332.79,20261008_231630,toey,question,11,610,manual,truth,67.4,,1,,,,0,38.47,0.051,0.025,7,question,9
2026-10-08 23:22:03.315,332.99,20261008_231630,toey,question,11,610,manual,truth,67.4,,1,,,,0,38.48,0.048,0.023,6,question,9
2026-10-08 23:22:03.527,333.2,20261008_231630,toey,question,11,610,manual,truth,67.4,,1,,,,0,38.47,0.045,0.021,6,question,9
2026-10-08 23:22:03.724,333.4,20261008_231630,toey,question,11,610,manual,truth,67.4,,1,,,,0,38.47,0.044,0.02,6,question,9
2026-10-08 23:22:03.923,333.6,20261008_231630,toey,question,11,610,manual,truth,67.4,,1,,,,0,38.46,0.043,0.018,6,question,9
2026-10-08 23:22:04.125,333.8,20261008_231630,toey,question,11,610,manual,truth,67.4,,1,,,,0,38.41,0.041,0.018,6,question,9
2026-10-08 23:22:04.338,334.01,20261008_231630,toey,question,11,610,manual,truth,67.4,,1,,,,0,38.39,0.045,0.019,6,question,9
2026-10-08 23:22:04.543,334.22,20261008_231630,toey,question,11,610,manual,truth,67.4,,1,,,,0,38.39,0.043,0.021,6,question,9
2026-10-08 23:22:04.816,334.49,20261008_231630,toey,question,11,610,manual,truth,67.4,,1,,,,0,38.4,0.045,0.02,6,question,9
2026-10-08 23:22:04.961,334.64,20261008_231630,toey,question,11,610,manual,truth,67.4,,1,,,,0,38.4,0.043,0.02,6,question,9
2026-10-08 23:22:05.170,334.85,20261008_231630,toey,question,11,610,manual,truth,67.4,,1,,,,0,38.35,0.046,0.026,6,question,9
2026-10-08 23:22:05.365,335.04,20261008_231630,toey,question,11,610,manual,truth,67.4,,1,,,,0,38.36,0.044,0.026,6,question,9
2026-10-08 23:22:05.569,335.24,20261008_231630,toey,question,11,610,manual,truth,67.4,,1,,,,0,38.37,0.047,0.029,6,question,9
2026-10-08 23:22:05.779,335.45,20261008_231630,toey,question,11,610,manual,truth,67.4,,1,,,,0,38.38,0.049,0.032,6,question,9
2026-10-08 23:22:05.994,335.67,20261008_231630,toey,question,11,610,manual,truth,67.4,,1,,,,0,38.39,0.046,0.029,6,question,9
2026-10-08 23:22:06.231,335.91,20261008_231630,toey,question,11,610,manual,truth,67.4,,1,,,,0,38.4,0.043,0.027,6,question,9
2026-10-08 23:22:06.448,336.12,20261008_231630,toey,question,11,610,manual,truth,67.4,,1,,,,0,38.4,0.041,0.025,6,question,9
2026-10-08 23:22:06.645,336.32,20261008_231630,toey,question,11,610,manual,truth,67.4,,1,,,,0,38.41,0.039,0.023,6,question,9
2026-10-08 23:22:06.858,336.53,20261008_231630,toey,question,11,610,manual,truth,67.4,,1,,,,0,38.42,0.036,0.021,6,question,9
2026-10-08 23:22:07.045,336.72,20261008_231630,toey,question,11,610,manual,truth,67.4,,1,,,,0,38.43,0.033,0.02,6,question,9
2026-10-08 23:22:09.242,338.92,20261008_231630,toey,recovery,11,610,manual,truth,,,1,,,,0,38.39,0.058,0.028,13,ready,9
2026-10-08 23:22:09.440,339.11,20261008_231630,toey,recovery,11,610,manual,truth,,,1,,,,0,38.4,0.053,0.026,18,ready,9
2026-10-08 23:22:09.651,339.33,20261008_231630,toey,recovery,11,610,manual,truth,,,1,,,,0,38.4,0.048,0.023,20,ready,9
2026-10-08 23:22:09.858,339.53,20261008_231630,toey,recovery,11,610,manual,truth,,,1,,,,0,38.41,0.044,0.021,22,ready,9
2026-10-08 23:22:10.063,339.74,20261008_231630,toey,recovery,11,610,manual,truth,,,1,,,,0,38.42,0.04,0.019,23,ready,9
2026-10-08 23:22:10.265,339.94,20261008_231630,toey,recovery,11,610,manual,truth,,,1,,,,0,38.43,0.037,0.018,23,ready,9
2026-10-08 23:22:10.474,340.15,20261008_231630,toey,recovery,11,610,manual,truth,,,1,,,,0,38.44,0.036,0.019,23,ready,9
2026-10-08 23:22:10.749,340.42,20261008_231630,toey,recovery,11,610,manual,truth,,,1,,,,0,38.44,0.033,0.017,23,ready,9
2026-10-08 23:22:10.878,340.55,20261008_231630,toey,recovery,11,610,manual,truth,,,1,,,,0,38.44,0.032,0.016,22,ready,9
2026-10-08 23:22:11.074,340.75,20261008_231630,toey,recovery,11,610,manual,truth,,,1,,,,0,38.42,0.03,0.014,22,ready,9
2026-10-08 23:22:11.284,340.96,20261008_231630,toey,recovery,11,610,manual,truth,,,1,,,,0,38.43,0.028,0.013,21,ready,9
2026-10-08 23:22:11.494,341.17,20261008_231630,toey,recovery,11,610,manual,truth,94.5,,1,,,,0,38.43,0.025,0.013,20,ready,9
2026-10-08 23:22:11.698,341.37,20261008_231630,toey,recovery,11,610,manual,truth,94.5,,1,,,,0,38.43,0.031,0.016,19,ready,9
2026-10-08 23:22:11.904,341.58,20261008_231630,toey,recovery,11,610,manual,truth,94.5,,1,,,,0,38.44,0.033,0.017,18,ready,9
2026-10-08 23:22:12.112,341.79,20261008_231630,toey,recovery,11,610,manual,truth,94.5,,1,,,,0,38.44,0.032,0.016,18,ready,9
2026-10-08 23:22:12.318,341.99,20261008_231630,toey,recovery,11,610,manual,truth,94.5,,1,,,,0,38.44,0.03,0.014,17,ready,9
2026-10-08 23:22:12.560,342.23,20261008_231630,toey,recovery,11,610,manual,truth,94.5,,1,,,,0,38.44,0.028,0.014,17,ready,9
2026-10-08 23:22:12.732,342.41,20261008_231630,toey,recovery,11,610,manual,truth,92.3,,1,,,,0,38.45,0.026,0.013,16,ready,9
2026-10-08 23:22:12.934,342.61,20261008_231630,toey,recovery,11,610,manual,truth,92.3,,1,,,,0,38.45,0.035,0.018,16,ready,9
2026-10-08 23:22:13.145,342.82,20261008_231630,toey,rest,,,,,92.3,,1,,,,0,38.45,0.045,0.022,16,ready,9
2026-10-08 23:22:15.251,344.93,20261008_231630,toey,rest,,,,,92.3,,1,,,,0,38.47,0.027,0.014,14,ready,9
2026-10-08 23:22:15.456,345.13,20261008_231630,toey,rest,,,,,92.3,,1,,,,0,38.47,0.026,0.013,14,ready,9
2026-10-08 23:22:15.658,345.33,20261008_231630,toey,rest,,,,,92.3,,1,,,,0,38.47,0.023,0.012,14,ready,9
2026-10-08 23:22:15.861,345.54,20261008_231630,toey,rest,,,,,92.3,,1,,,,0,38.48,0.022,0.011,13,ready,9
2026-10-08 23:22:16.072,345.75,20261008_231630,toey,rest,,,,,92.3,,1,,,,0,38.48,0.021,0.01,13,ready,9
2026-10-08 23:22:16.270,345.94,20261008_231630,toey,rest,,,,,92.3,,1,,,,0,38.47,0.019,0.009,13,ready,9
2026-10-08 23:22:16.476,346.15,20261008_231630,toey,rest,,,,,92.3,,1,,,,0,38.47,0.018,0.008,13,ready,9
2026-10-08 23:22:16.685,346.36,20261008_231630,toey,rest,,,,,92.3,,1,,,,0,38.47,0.018,0.008,13,ready,9
2026-10-08 23:22:16.889,346.56,20261008_231630,toey,rest,,,,,92.3,,1,,,,0,38.48,0.017,0.008,13,ready,9
2026-10-08 23:22:17.091,346.77,20261008_231630,toey,rest,,,,,92.3,,1,,,,0,38.48,0.016,0.008,13,ready,9
2026-10-08 23:22:17.300,346.97,20261008_231630,toey,rest,,,,,92.3,,1,,,,0,38.48,0.018,0.008,13,ready,9
2026-10-08 23:22:17.500,347.17,20261008_231630,toey,rest,,,,,92.3,,1,,,,0,38.49,0.017,0.007,12,ready,9
2026-10-08 23:22:17.706,347.38,20261008_231630,toey,rest,,,,,92.3,,1,,,,0,38.49,0.017,0.007,12,ready,9
2026-10-08 23:22:17.925,347.6,20261008_231630,toey,rest,,,,,92.3,,1,,,,0,38.49,0.016,0.006,12,ready,9
2026-10-08 23:22:18.127,347.8,20261008_231630,toey,rest,,,,,92.1,,1,,,,0,38.45,0.015,0.006,12,ready,9
2026-10-08 23:22:18.318,347.99,20261008_231630,toey,question,12,611,manual,lie,92.1,,1,,,,0,38.45,0.017,0.006,12,question,9
2026-10-08 23:22:18.525,348.2,20261008_231630,toey,question,12,611,manual,lie,92.1,,1,,,,0,38.45,0.017,0.006,12,question,9
2026-10-08 23:22:18.737,348.41,20261008_231630,toey,question,12,611,manual,lie,92.3,,1,,,,0,38.46,0.017,0.007,12,question,9
2026-10-08 23:22:18.939,348.61,20261008_231630,toey,question,12,611,manual,lie,92.3,,1,,,,0,38.47,0.016,0.007,12,question,9
2026-10-08 23:22:19.143,348.82,20261008_231630,toey,question,12,611,manual,lie,92.3,,1,,,,0,38.49,0.015,0.006,12,question,9
2026-10-08 23:22:19.354,349.03,20261008_231630,toey,question,12,611,manual,lie,92.3,,1,,,,0,38.49,0.014,0.006,12,question,9
2026-10-08 23:22:19.554,349.23,20261008_231630,toey,question,12,611,manual,lie,92.3,,1,,,,0,38.5,0.013,0.006,12,question,9
2026-10-08 23:22:19.759,349.43,20261008_231630,toey,question,12,611,manual,lie,92.3,,1,,,,0,38.5,0.013,0.005,12,question,9
2026-10-08 23:22:20.069,349.74,20261008_231630,toey,question,12,611,manual,lie,92.3,,1,,,,0,38.51,0.012,0.005,12,question,9
2026-10-08 23:22:20.177,349.85,20261008_231630,toey,question,12,611,manual,lie,92.3,,1,,,,0,38.51,0.012,0.005,12,question,9
2026-10-08 23:22:20.377,350.05,20261008_231630,toey,question,12,611,manual,lie,92.3,,1,,,,0,38.51,0.011,0.006,12,question,9
2026-10-08 23:22:20.578,350.25,20261008_231630,toey,question,12,611,manual,lie,92.3,,1,,,,0,38.53,0.011,0.006,12,question,9
2026-10-08 23:22:20.787,350.46,20261008_231630,toey,question,12,611,manual,lie,92.3,,1,,,,0,38.53,0.01,0.006,12,question,9
2026-10-08 23:22:20.983,350.66,20261008_231630,toey,question,12,611,manual,lie,92.3,,1,,,,0,38.53,0.011,0.006,12,question,9
2026-10-08 23:22:21.182,350.86,20261008_231630,toey,question,12,611,manual,lie,95.8,,1,,,,0,38.53,0.011,0.005,12,question,9
2026-10-08 23:22:23.300,352.98,20261008_231630,toey,question,12,611,manual,lie,107.9,264.9,1,,,,0,38.52,0.011,0.008,15,question,9
2026-10-08 23:22:23.491,353.17,20261008_231630,toey,question,12,611,manual,lie,107.9,264.9,1,,,,0,38.5,0.012,0.007,16,question,9
2026-10-08 23:22:23.693,353.37,20261008_231630,toey,question,12,611,manual,lie,107.9,264.9,1,,,,0,38.51,0.013,0.009,17,question,9
2026-10-08 23:22:23.903,353.58,20261008_231630,toey,question,12,611,manual,lie,99.4,244.1,1,,,,0,38.51,0.013,0.009,16,question,9
2026-10-08 23:22:24.114,353.79,20261008_231630,toey,question,12,611,manual,lie,99.4,244.1,1,,,,0,38.51,0.013,0.009,16,question,9
2026-10-08 23:22:24.331,354.01,20261008_231630,toey,question,12,611,manual,lie,107.1,223.6,1,,,,0,38.52,0.012,0.008,17,question,9
2026-10-08 23:22:24.571,354.25,20261008_231630,toey,question,12,611,manual,lie,107.1,223.6,1,,,,0,38.51,0.011,0.008,17,question,9
2026-10-08 23:22:24.731,354.41,20261008_231630,toey,question,12,611,manual,lie,107.1,223.6,1,,,,0,38.52,0.011,0.007,18,question,9
2026-10-08 23:22:24.937,354.61,20261008_231630,toey,question,12,611,manual,lie,107.1,223.6,1,,,,0,38.52,0.012,0.008,18,question,9
2026-10-08 23:22:25.185,354.86,20261008_231630,toey,question,12,611,manual,lie,107.1,223.6,1,,,,0,38.52,0.012,0.008,18,question,9
2026-10-08 23:22:25.354,355.03,20261008_231630,toey,question,12,611,manual,lie,107.1,223.6,1,,,,0,38.53,0.013,0.008,19,question,9
2026-10-08 23:22:25.556,355.23,20261008_231630,toey,question,12,611,manual,lie,107.1,223.6,1,,,,0,38.53,0.012,0.009,19,question,9
2026-10-08 23:22:25.765,355.44,20261008_231630,toey,question,12,611,manual,lie,107.1,223.6,1,,,,0,38.53,0.011,0.008,19,question,9
2026-10-08 23:22:25.970,355.64,20261008_231630,toey,question,12,611,manual,lie,106.2,208.3,1,,,,0,38.54,0.011,0.008,19,question,9
2026-10-08 23:22:26.184,355.86,20261008_231630,toey,question,12,611,manual,lie,106.2,208.3,1,,,,0,38.55,0.011,0.007,19,question,9
2026-10-08 23:22:26.382,356.06,20261008_231630,toey,question,12,611,manual,lie,106.2,208.3,1,,,,0,38.48,0.012,0.007,19,question,9
2026-10-08 23:22:26.591,356.27,20261008_231630,toey,question,12,611,manual,lie,106.2,101.0,1,,,,0,38.48,0.013,0.007,19,question,9
2026-10-08 23:22:26.816,356.49,20261008_231630,toey,question,12,611,manual,lie,106.2,101.0,1,,,,0,38.48,0.013,0.007,19,question,9
2026-10-08 23:22:27.008,356.68,20261008_231630,toey,question,12,611,manual,lie,106.2,101.0,1,,,,0,38.48,0.013,0.007,19,question,9
2026-10-08 23:22:27.202,356.88,20261008_231630,toey,question,12,611,manual,lie,106.2,117.7,1,,,,0,38.4,0.013,0.007,19,question,9
2026-10-08 23:22:31.317,360.99,20261008_231630,toey,recovery,12,611,manual,lie,128.8,124.3,1,,,,0,38.5,0.022,0.012,43,ready,9
2026-10-08 23:22:31.539,361.21,20261008_231630,toey,recovery,12,611,manual,lie,128.8,124.3,1,,,,0,38.5,0.022,0.012,43,ready,9
2026-10-08 23:22:31.730,361.41,20261008_231630,toey,recovery,12,611,manual,lie,128.8,124.3,1,,,,0,38.5,0.022,0.012,42,ready,9
2026-10-08 23:22:31.935,361.61,20261008_231630,toey,recovery,12,611,manual,lie,128.8,124.3,1,,,,0,38.51,0.021,0.011,42,ready,9
2026-10-08 23:22:32.131,361.81,20261008_231630,toey,recovery,12,611,manual,lie,128.8,124.3,1,,,,0,38.51,0.023,0.012,42,ready,9
2026-10-08 23:22:32.336,362.01,20261008_231630,toey,recovery,12,611,manual,lie,128.8,131.0,1,,,,0,38.52,0.023,0.011,41,ready,9
2026-10-08 23:22:32.541,362.22,20261008_231630,toey,recovery,12,611,manual,lie,128.8,131.0,1,,,,0,38.52,0.022,0.011,41,ready,9
2026-10-08 23:22:32.747,362.42,20261008_231630,toey,recovery,12,611,manual,lie,128.8,144.4,1,,,,0,38.53,0.022,0.01,41,ready,9
2026-10-08 23:22:32.951,362.63,20261008_231630,toey,recovery,12,611,manual,lie,128.8,144.4,1,,,,0,38.53,0.032,0.015,41,ready,9
2026-10-08 23:22:33.158,362.83,20261008_231630,toey,recovery,12,611,manual,lie,128.8,144.4,1,,,,0,38.54,0.037,0.017,42,ready,9
2026-10-08 23:22:33.364,363.04,20261008_231630,toey,recovery,12,611,manual,lie,128.8,144.4,1,,,,0,38.54,0.04,0.022,42,ready,9
2026-10-08 23:22:33.567,363.24,20261008_231630,toey,recovery,12,611,manual,lie,128.8,144.4,1,,,,0,38.54,0.043,0.024,43,ready,9
2026-10-08 23:22:33.789,363.46,20261008_231630,toey,recovery,12,611,manual,lie,128.8,144.4,1,,,,0,38.55,0.042,0.024,43,ready,9
2026-10-08 23:22:33.982,363.66,20261008_231630,toey,recovery,12,611,manual,lie,128.8,144.4,1,,,,0,38.55,0.041,0.022,44,ready,9
2026-10-08 23:22:34.198,363.87,20261008_231630,toey,recovery,12,611,manual,lie,128.8,144.4,1,,,,0,38.55,0.04,0.02,44,ready,9
2026-10-08 23:22:34.388,364.06,20261008_231630,toey,recovery,12,611,manual,lie,128.8,144.4,1,,,,0,38.51,0.04,0.02,44,ready,9
2026-10-08 23:22:34.592,364.27,20261008_231630,toey,recovery,12,611,manual,lie,128.8,144.4,1,,,,0,38.49,0.044,0.02,44,ready,9
2026-10-08 23:22:34.799,364.47,20261008_231630,toey,recovery,12,611,manual,lie,128.8,144.4,1,,,,0,38.5,0.059,0.019,45,ready,9
2026-10-08 23:22:35.005,364.68,20261008_231630,toey,recovery,12,611,manual,lie,128.8,144.4,1,,,,0,38.51,0.07,0.019,47,ready,9
2026-10-08 23:22:35.211,364.89,20261008_231630,toey,recovery,12,611,manual,lie,128.8,151.6,1,,,,0,38.52,0.073,0.02,48,ready,9
2026-10-08 23:22:37.362,367.04,20261008_231630,toey,recovery,12,611,manual,lie,124.5,148.7,1,,,,0,38.5,0.035,0.013,43,ready,9
2026-10-08 23:22:37.560,367.23,20261008_231630,toey,recovery,12,611,manual,lie,140.5,138.7,1,,,,0,38.5,0.034,0.012,46,ready,9
2026-10-08 23:22:37.766,367.44,20261008_231630,toey,recovery,12,611,manual,lie,140.5,138.7,1,,,,0,38.51,0.032,0.012,47,ready,9
2026-10-08 23:22:37.972,367.65,20261008_231630,toey,recovery,12,611,manual,lie,167.8,103.2,1,,,,0,38.51,0.04,0.016,53,ready,9
2026-10-08 23:22:38.190,367.87,20261008_231630,toey,recovery,12,611,manual,lie,167.8,103.2,1,,,,0,38.51,0.043,0.016,58,ready,9
2026-10-08 23:22:38.382,368.06,20261008_231630,toey,recovery,12,611,manual,lie,167.8,103.2,1,,,,0,38.51,0.043,0.019,63,ready,9
2026-10-08 23:22:38.590,368.27,20261008_231630,toey,recovery,12,611,manual,lie,167.8,103.2,1,,,,0,38.51,0.039,0.024,66,ready,9
2026-10-08 23:22:38.795,368.47,20261008_231630,toey,recovery,12,611,manual,lie,167.8,103.2,1,,,,0,38.52,0.038,0.025,68,ready,9
2026-10-08 23:22:39.003,368.68,20261008_231630,toey,recovery,12,611,manual,lie,167.8,103.2,1,,,,0,38.52,0.037,0.027,71,ready,9
2026-10-08 23:22:39.202,368.88,20261008_231630,toey,recovery,12,611,manual,lie,167.8,103.2,1,,,,0,38.54,0.034,0.027,72,ready,9
2026-10-08 23:22:39.401,369.08,20261008_231630,toey,recovery,12,611,manual,lie,167.8,103.2,1,,,,0,38.47,0.033,0.025,74,ready,9
2026-10-08 23:22:39.603,369.28,20261008_231630,toey,recovery,12,611,manual,lie,167.8,111.2,1,,,,0,38.48,0.031,0.024,75,ready,9
2026-10-08 23:22:39.813,369.49,20261008_231630,toey,recovery,12,611,manual,lie,167.8,111.2,1,,,,0,38.48,0.03,0.022,75,ready,9
2026-10-08 23:22:40.011,369.69,20261008_231630,toey,recovery,12,611,manual,lie,167.8,111.2,1,,,,0,38.49,0.03,0.021,76,ready,9
2026-10-08 23:22:40.222,369.9,20261008_231630,toey,recovery,12,611,manual,lie,167.8,111.2,1,,,,0,38.49,0.073,0.042,78,ready,9
2026-10-08 23:22:40.429,370.1,20261008_231630,toey,rest,,,,,167.8,111.2,1,,,,0,38.5,0.072,0.041,79,ready,9
2026-10-08 23:22:40.634,370.31,20261008_231630,toey,rest,,,,,167.8,111.2,1,,,,0,38.51,0.069,0.038,80,ready,9
2026-10-08 23:22:40.853,370.53,20261008_231630,toey,rest,,,,,167.8,111.2,1,,,,0,38.51,0.064,0.038,81,ready,9
2026-10-08 23:22:41.048,370.72,20261008_231630,toey,rest,,,,,167.8,111.2,1,,,,0,38.52,0.059,0.034,81,ready,9
2026-10-08 23:22:41.244,370.92,20261008_231630,toey,rest,,,,,167.8,111.2,1,,,,0,38.52,0.053,0.032,82,ready,9
2026-10-08 23:22:41.450,371.13,20261008_231630,toey,rest,,,,,167.8,111.2,1,,,,0,38.53,0.049,0.03,82,ready,9
2026-10-08 23:22:41.649,371.32,20261008_231630,toey,rest,,,,,167.8,111.2,1,,,,0,38.53,0.047,0.028,82,ready,9
2026-10-08 23:22:41.854,371.53,20261008_231630,toey,rest,,,,,167.8,111.2,1,,,,0,38.54,0.046,0.029,82,ready,9
2026-10-08 23:22:42.063,371.74,20261008_231630,toey,rest,,,,,167.8,111.2,1,,,,0,38.54,0.046,0.032,82,ready,9
2026-10-08 23:22:42.263,371.94,20261008_231630,toey,rest,,,,,,,1,,,,0,38.54,0.043,0.031,72,ready,9
2026-10-08 23:22:42.479,372.15,20261008_231630,toey,rest,,,,,,,1,,,,0,38.54,0.04,0.031,64,ready,9
2026-10-08 23:22:42.697,372.37,20261008_231630,toey,rest,,,,,127.9,,1,,,,0,38.54,0.038,0.03,60,ready,9
2026-10-08 23:22:42.881,372.56,20261008_231630,toey,rest,,,,,127.9,,1,,,,0,38.54,0.04,0.029,57,ready,9
2026-10-08 23:22:43.091,372.77,20261008_231630,toey,rest,,,,,121.6,,1,,,,0,38.54,0.041,0.029,54,ready,9
2026-10-08 23:22:43.295,372.97,20261008_231630,toey,rest,,,,,121.6,,1,,,,0,38.55,0.041,0.027,51,ready,9
2026-10-08 23:22:43.502,373.18,20261008_231630,toey,rest,,,,,121.6,,1,,,,0,38.55,0.038,0.028,48,ready,9
2026-10-08 23:22:43.711,373.39,20261008_231630,toey,rest,,,,,121.6,,1,,,,0,38.55,0.036,0.026,46,ready,9
2026-10-08 23:22:43.926,373.6,20261008_231630,toey,rest,,,,,131.6,,1,,,,0,38.53,0.032,0.025,46,ready,9
2026-10-08 23:22:44.130,373.8,20261008_231630,toey,rest,,,,,132.7,,1,,,,0,38.54,0.031,0.025,46,ready,9
2026-10-08 23:22:44.339,374.01,20261008_231630,toey,rest,,,,,132.7,,1,,,,0,38.54,0.031,0.023,46,ready,9
2026-10-08 23:22:44.541,374.22,20261008_231630,toey,rest,,,,,143.3,90.5,1,,,,0,38.54,0.029,0.021,48,ready,9
2026-10-08 23:22:44.751,374.43,20261008_231630,toey,rest,,,,,143.3,90.5,1,,,,0,38.55,0.027,0.02,50,ready,9
2026-10-08 23:22:44.959,374.63,20261008_231630,toey,rest,,,,,146.3,86.3,1,,,,0,38.55,0.026,0.019,51,ready,9
2026-10-08 23:22:45.166,374.84,20261008_231630,toey,rest,,,,,146.3,86.3,1,,,,0,38.55,0.025,0.018,53,ready,9
2026-10-08 23:22:45.370,375.05,20261008_231630,toey,rest,,,,,146.3,86.3,1,,,,0,38.55,0.023,0.017,54,ready,9
2026-10-08 23:22:45.571,375.25,20261008_231630,toey,rest,,,,,146.3,86.3,1,,,,0,38.55,0.022,0.015,55,ready,9
2026-10-08 23:22:45.793,375.47,20261008_231630,toey,rest,,,,,146.3,86.3,1,,,,0,38.55,0.021,0.014,55,ready,9
2026-10-08 23:22:45.996,375.67,20261008_231630,toey,rest,,,,,146.3,86.3,1,,,,0,38.55,0.02,0.014,56,ready,9
2026-10-08 23:22:46.200,375.88,20261008_231630,toey,rest,,,,,146.3,86.3,1,,,,0,38.55,0.086,0.042,59,ready,9
2026-10-08 23:22:46.402,376.08,20261008_231630,toey,rest,,,,,146.3,86.3,1,,,,0,38.56,0.102,0.046,62,ready,9
2026-10-08 23:22:46.610,376.29,20261008_231630,toey,rest,,,,,146.3,86.3,1,,,,0,38.56,0.11,0.049,65,ready,9
2026-10-08 23:22:46.813,376.49,20261008_231630,toey,rest,,,,,146.3,86.3,1,,,,0,38.56,0.115,0.05,67,ready,9
2026-10-08 23:22:47.027,376.7,20261008_231630,toey,rest,,,,,146.3,86.3,1,,,,0,38.56,0.112,0.046,69,ready,9
2026-10-08 23:22:47.231,376.91,20261008_231630,toey,rest,,,,,146.3,86.3,1,,,,0,38.56,0.111,0.046,71,ready,9
2026-10-08 23:22:47.438,377.11,20261008_231630,toey,rest,,,,,135.9,81.0,1,,,,0,38.57,0.118,0.058,71,ready,9
2026-10-08 23:22:47.641,377.32,20261008_231630,toey,rest,,,,,135.9,81.0,1,,,,0,38.57,0.113,0.059,70,ready,9
2026-10-08 23:22:47.861,377.54,20261008_231630,toey,rest,,,,,135.9,81.0,1,,,,0,38.57,0.108,0.055,70,ready,9
2026-10-08 23:22:48.057,377.73,20261008_231630,toey,rest,,,,,135.9,81.0,1,,,,0,38.58,0.107,0.063,70,ready,9
2026-10-08 23:22:48.261,377.94,20261008_231630,toey,rest,,,,,135.9,81.0,1,,,,0,38.58,0.111,0.069,70,ready,9
2026-10-08 23:22:48.476,378.15,20261008_231630,toey,rest,,,,,135.9,81.0,1,,,,0,38.58,0.103,0.067,69,ready,9
2026-10-08 23:22:48.677,378.35,20261008_231630,toey,rest,,,,,135.9,81.0,1,,,,0,38.58,0.099,0.063,69,ready,9
2026-10-08 23:22:48.881,378.56,20261008_231630,toey,rest,,,,,135.9,85.6,1,,,,0,38.58,0.095,0.06,68,ready,9
2026-10-08 23:22:49.090,378.77,20261008_231630,toey,rest,,,,,135.9,85.6,1,,,,0,38.58,0.089,0.057,67,ready,9
2026-10-08 23:22:49.354,379.03,20261008_231630,toey,rest,,,,,135.9,85.6,1,,,,0,38.58,0.085,0.054,67,ready,9
2026-10-08 23:22:49.500,379.18,20261008_231630,toey,rest,,,,,135.9,82.7,1,,,,0,38.6,0.08,0.05,66,ready,9
2026-10-08 23:22:49.762,379.44,20261008_231630,toey,rest,,,,,135.9,82.7,1,,,,0,38.6,0.077,0.046,65,ready,9
2026-10-08 23:22:49.912,379.59,20261008_231630,toey,rest,,,,,126.4,79.4,1,,,,0,38.6,0.076,0.044,63,ready,9
2026-10-08 23:22:50.124,379.8,20261008_231630,toey,rest,,,,,141.3,79.7,1,,,,0,38.6,0.074,0.04,61,ready,9
2026-10-08 23:22:50.325,380.0,20261008_231630,toey,rest,,,,,141.3,79.7,1,,,,0,38.6,0.084,0.04,63,ready,9
2026-10-08 23:22:50.533,380.21,20261008_231630,toey,rest,,,,,141.3,79.7,1,,,,0,38.6,0.104,0.067,64,ready,9
2026-10-08 23:22:50.740,380.41,20261008_231630,toey,rest,,,,,141.3,79.7,1,,,,0,38.6,0.133,0.075,67,ready,9
2026-10-08 23:22:50.958,380.63,20261008_231630,toey,rest,,,,,141.3,79.7,1,,,,0,38.59,0.125,0.07,68,ready,9
2026-10-08 23:22:51.154,380.83,20261008_231630,toey,rest,,,,,141.3,79.7,1,,,,0,38.59,0.12,0.068,70,ready,9
2026-10-08 23:22:51.401,381.08,20261008_231630,toey,rest,,,,,141.3,79.7,1,,,,0,38.59,0.119,0.068,71,ready,9
2026-10-08 23:22:51.561,381.24,20261008_231630,toey,rest,,,,,141.3,79.7,1,,,,0,38.59,0.116,0.063,71,ready,9
2026-10-08 23:22:51.774,381.45,20261008_231630,toey,rest,,,,,141.3,79.7,1,,,,0,38.6,0.108,0.059,72,ready,9
2026-10-08 23:22:52.418,382.09,20261008_231630,toey,rest,,,,,141.3,79.7,1,,,,0,38.6,0.1,0.054,72,ready,9
2026-10-08 23:22:52.419,382.09,20261008_231630,toey,rest,,,,,141.3,79.7,1,,,,0,38.62,0.093,0.049,71,ready,9
2026-10-08 23:22:52.420,382.09,20261008_231630,toey,rest,,,,,141.3,79.7,1,,,,0,38.61,0.087,0.048,71,ready,9
2026-10-08 23:22:52.593,382.27,20261008_231630,toey,rest,,,,,141.3,79.7,1,,,,0,38.56,0.08,0.044,70,ready,9
2026-10-08 23:22:52.835,382.51,20261008_231630,toey,rest,,,,,141.3,79.7,1,,,,0,38.57,0.073,0.042,69,ready,9
2026-10-08 23:22:53.010,382.68,20261008_231630,toey,rest,,,,,141.3,79.7,1,,,,0,38.57,0.067,0.039,68,ready,9
2026-10-08 23:22:53.213,382.89,20261008_231630,toey,rest,,,,,141.3,79.7,1,,,,0,38.57,0.062,0.035,68,ready,9
2026-10-08 23:22:53.421,383.1,20261008_231630,toey,rest,,,,,141.3,79.7,1,,,,0,38.57,0.058,0.033,67,ready,9
2026-10-08 23:22:53.629,383.3,20261008_231630,toey,rest,,,,,141.3,79.7,1,,,,0,38.57,0.055,0.03,66,ready,9
2026-10-08 23:22:53.835,383.51,20261008_231630,toey,rest,,,,,141.3,79.7,1,,,,0,38.58,0.052,0.028,65,ready,9
2026-10-08 23:22:54.062,383.74,20261008_231630,toey,rest,,,,,141.3,79.7,1,,,,0,38.58,0.048,0.026,64,ready,9
2026-10-08 23:22:54.251,383.93,20261008_231630,toey,rest,,,,,141.3,79.7,1,,,,0,38.58,0.045,0.024,63,ready,9
2026-10-08 23:22:54.457,384.13,20261008_231630,toey,rest,,,,,141.3,79.7,1,,,,0,38.58,0.041,0.022,62,ready,9
2026-10-08 23:22:54.663,384.34,20261008_231630,toey,rest,,,,,141.3,79.7,1,,,,0,38.58,0.037,0.021,61,ready,9
2026-10-08 23:22:54.873,384.55,20261008_231630,toey,rest,,,,,141.3,79.7,1,,,,0,38.58,0.036,0.019,60,ready,9
2026-10-08 23:22:55.075,384.75,20261008_231630,toey,rest,,,,,,,1,,,,0,38.58,0.033,0.017,53,ready,9
2026-10-08 23:22:55.282,384.96,20261008_231630,toey,rest,,,,,,,1,,,,0,38.59,0.03,0.015,47,ready,9
2026-10-08 23:22:55.497,385.17,20261008_231630,toey,rest,,,,,,,1,,,,0,38.59,0.031,0.014,42,ready,9
2026-10-08 23:22:55.695,385.37,20261008_231630,toey,rest,,,,,,,1,,,,0,38.59,0.036,0.015,39,ready,9
2026-10-08 23:22:55.895,385.57,20261008_231630,toey,recovery,13,612,manual,truth,,,1,,,,0,38.59,0.036,0.017,36,ready,9
2026-10-08 23:22:56.104,385.78,20261008_231630,toey,question,13,612,manual,truth,,,1,,,,0,38.6,0.037,0.017,34,question,9
2026-10-08 23:22:56.311,385.99,20261008_231630,toey,question,13,612,manual,truth,141.3,83.7,1,,,,0,38.6,0.037,0.019,38,question,9
2026-10-08 23:22:56.512,386.19,20261008_231630,toey,question,13,612,manual,truth,141.3,83.7,1,,,,0,38.62,0.042,0.024,42,question,9
2026-10-08 23:22:56.711,386.39,20261008_231630,toey,question,13,612,manual,truth,141.5,76.5,1,,,,0,38.57,0.04,0.022,45,question,9
2026-10-08 23:22:56.922,386.6,20261008_231630,toey,question,13,612,manual,truth,141.5,88.9,1,,,,0,38.58,0.035,0.02,49,question,9
2026-10-08 23:22:57.132,386.81,20261008_231630,toey,question,13,612,manual,truth,141.5,88.9,1,,,,0,38.58,0.033,0.019,50,question,9
2026-10-08 23:22:57.330,387.01,20261008_231630,toey,question,13,612,manual,truth,141.5,88.9,1,,,,0,38.58,0.035,0.018,51,question,9
2026-10-08 23:22:57.537,387.21,20261008_231630,toey,question,13,612,manual,truth,141.5,88.9,1,,,,0,38.59,0.033,0.016,52,question,9
2026-10-08 23:22:57.741,387.42,20261008_231630,toey,question,13,612,manual,truth,141.5,88.9,1,,,,0,38.58,0.031,0.015,53,question,9
2026-10-08 23:22:57.947,387.62,20261008_231630,toey,question,13,612,manual,truth,141.5,88.9,1,,,,0,38.56,0.034,0.015,54,question,9
2026-10-08 23:22:58.153,387.83,20261008_231630,toey,question,13,612,manual,truth,141.5,88.9,1,,,,0,38.53,0.032,0.014,54,question,9
2026-10-08 23:22:58.356,388.03,20261008_231630,toey,question,13,612,manual,truth,135.1,88.9,1,,,,0,38.53,0.03,0.013,53,question,9
2026-10-08 23:22:58.562,388.24,20261008_231630,toey,question,13,612,manual,truth,135.1,88.9,1,,,,0,38.54,0.03,0.012,52,question,9
2026-10-08 23:22:59.062,388.74,20261008_231630,toey,question,13,612,manual,truth,141.5,98.5,1,,,,0,38.52,0.046,0.027,54,question,9
2026-10-08 23:22:59.063,388.74,20261008_231630,toey,question,13,612,manual,truth,141.5,98.5,1,,,,0,38.53,0.045,0.027,55,question,9
2026-10-08 23:22:59.192,388.87,20261008_231630,toey,question,13,612,manual,truth,135.1,102.3,1,,,,0,38.54,0.042,0.025,54,question,9
2026-10-08 23:22:59.388,389.06,20261008_231630,toey,question,13,612,manual,truth,135.1,102.3,1,,,,0,38.55,0.039,0.024,54,question,9
2026-10-08 23:22:59.796,389.47,20261008_231630,toey,question,13,612,manual,truth,135.1,102.3,1,,,,0,38.55,0.035,0.022,53,question,9
2026-10-08 23:22:59.801,389.48,20261008_231630,toey,question,13,612,manual,truth,133.6,102.3,1,,,,0,38.56,0.033,0.02,52,question,9
2026-10-08 23:23:00.006,389.68,20261008_231630,toey,question,13,612,manual,truth,133.6,102.3,1,,,,0,38.56,0.031,0.018,51,question,9
2026-10-08 23:23:00.211,389.89,20261008_231630,toey,question,13,612,manual,truth,133.6,102.3,1,,,,0,38.56,0.029,0.017,51,question,9
2026-10-08 23:23:00.420,390.09,20261008_231630,toey,question,13,612,manual,truth,133.6,102.3,1,,,,0,38.57,0.028,0.015,50,question,9
2026-10-08 23:23:00.630,390.3,20261008_231630,toey,question,13,612,manual,truth,133.6,102.3,1,,,,0,38.57,0.026,0.014,49,question,9
2026-10-08 23:23:00.832,390.51,20261008_231630,toey,question,13,612,manual,truth,133.6,102.3,1,,,,0,38.53,0.026,0.013,49,question,9
2026-10-08 23:23:01.047,390.72,20261008_231630,toey,question,13,612,manual,truth,133.6,102.3,1,,,,0,38.54,0.024,0.014,48,question,9
2026-10-08 23:23:01.243,390.92,20261008_231630,toey,question,13,612,manual,truth,133.6,102.3,1,,,,0,38.54,0.022,0.013,48,question,9
2026-10-08 23:23:01.442,391.12,20261008_231630,toey,question,13,612,manual,truth,133.6,102.3,1,,,,0,38.55,0.022,0.012,47,question,9
2026-10-08 23:23:01.658,391.33,20261008_231630,toey,question,13,612,manual,truth,133.6,102.3,1,,,,0,38.55,0.021,0.011,47,question,9
2026-10-08 23:23:01.858,391.53,20261008_231630,toey,question,13,612,manual,truth,133.6,102.3,1,,,,0,38.56,0.02,0.011,47,question,9
2026-10-08 23:23:02.061,391.74,20261008_231630,toey,question,13,612,manual,truth,133.6,102.3,1,,,,0,38.56,0.019,0.01,46,question,9
2026-10-08 23:23:02.270,391.94,20261008_231630,toey,question,13,612,manual,truth,133.6,102.3,1,,,,0,38.56,0.017,0.009,46,question,9
2026-10-08 23:23:02.475,392.15,20261008_231630,toey,question,13,612,manual,truth,133.6,102.3,1,,,,0,38.56,0.017,0.008,46,question,9
2026-10-08 23:23:02.682,392.36,20261008_231630,toey,question,13,612,manual,truth,133.6,102.3,1,,,,0,38.57,0.016,0.008,45,question,9
2026-10-08 23:23:02.890,392.57,20261008_231630,toey,question,13,612,manual,truth,133.6,102.3,1,,,,0,38.57,0.016,0.007,45,question,9
2026-10-08 23:23:03.106,392.78,20261008_231630,toey,question,13,612,manual,truth,135.1,107.1,1,,,,0,38.57,0.015,0.007,45,question,9
2026-10-08 23:23:03.314,392.99,20261008_231630,toey,question,13,612,manual,truth,135.1,107.1,1,,,,0,38.57,0.016,0.007,45,question,9
2026-10-08 23:23:03.506,393.18,20261008_231630,toey,question,13,612,manual,truth,135.1,107.1,1,,,,0,38.57,0.016,0.006,45,question,9
2026-10-08 23:23:03.712,393.39,20261008_231630,toey,question,13,612,manual,truth,135.1,107.1,1,,,,0,38.57,0.015,0.006,45,question,9
2026-10-08 23:23:03.925,393.6,20261008_231630,toey,question,13,612,manual,truth,162.2,111.4,1,,,,0,38.58,0.014,0.006,50,question,9
2026-10-08 23:23:04.148,393.82,20261008_231630,toey,question,13,612,manual,truth,162.2,111.4,1,,,,0,38.58,0.016,0.006,54,question,9
2026-10-08 23:23:04.335,394.01,20261008_231630,toey,question,13,612,manual,truth,162.2,111.4,1,,,,0,38.58,0.015,0.006,57,question,9
2026-10-08 23:23:04.546,394.22,20261008_231630,toey,question,13,612,manual,truth,162.2,111.4,1,,,,0,38.59,0.015,0.005,60,question,9
2026-10-08 23:23:04.758,394.43,20261008_231630,toey,question,13,612,manual,truth,162.2,111.4,1,,,,0,38.6,0.015,0.005,62,question,9
2026-10-08 23:23:04.954,394.63,20261008_231630,toey,question,13,612,manual,truth,162.2,111.4,1,,,,0,38.53,0.014,0.005,64,question,9
2026-10-08 23:23:05.164,394.84,20261008_231630,toey,question,13,612,manual,truth,162.2,111.4,1,,,,0,38.54,0.014,0.005,65,question,9
2026-10-08 23:23:05.373,395.05,20261008_231630,toey,question,13,612,manual,truth,162.2,111.4,1,,,,0,38.55,0.013,0.005,66,question,9
2026-10-08 23:23:05.591,395.27,20261008_231630,toey,question,13,612,manual,truth,162.2,111.4,1,,,,0,38.55,0.013,0.005,67,question,9
2026-10-08 23:23:05.793,395.47,20261008_231630,toey,question,13,612,manual,truth,162.2,111.4,1,,,,0,38.56,0.012,0.005,68,question,9
2026-10-08 23:23:05.996,395.67,20261008_231630,toey,question,13,612,manual,truth,140.0,117.0,1,,,,0,38.56,0.014,0.005,65,question,9
2026-10-08 23:23:06.201,395.88,20261008_231630,toey,question,13,612,manual,truth,140.0,117.0,1,,,,0,38.56,0.018,0.007,62,question,9
2026-10-08 23:23:06.421,396.1,20261008_231630,toey,question,13,612,manual,truth,140.9,106.8,1,,,,0,38.56,0.018,0.01,60,question,9
2026-10-08 23:23:06.613,396.29,20261008_231630,toey,question,13,612,manual,truth,140.9,106.8,1,,,,0,38.57,0.025,0.013,59,question,9
2026-10-08 23:23:06.820,396.5,20261008_231630,toey,question,13,612,manual,truth,140.9,106.8,1,,,,0,38.57,0.034,0.017,59,question,9
2026-10-08 23:23:07.025,396.7,20261008_231630,toey,question,13,612,manual,truth,140.9,106.8,1,,,,0,38.57,0.041,0.019,59,question,9
2026-10-08 23:23:07.231,396.91,20261008_231630,toey,question,13,612,manual,truth,140.9,106.8,1,,,,0,38.57,0.047,0.02,59,question,9
2026-10-08 23:23:07.441,397.12,20261008_231630,toey,question,13,612,manual,truth,140.9,106.8,1,,,,0,38.57,0.045,0.019,59,question,9
2026-10-08 23:23:07.645,397.32,20261008_231630,toey,question,13,612,manual,truth,140.9,106.8,1,,,,0,38.58,0.058,0.019,59,question,9
2026-10-08 23:23:07.849,397.52,20261008_231630,toey,recovery,13,612,manual,truth,140.9,106.8,1,,,,0,38.58,0.058,0.023,60,ready,9
2026-10-08 23:23:08.052,397.73,20261008_231630,toey,recovery,13,612,manual,truth,162.2,106.8,1,,,,0,38.59,0.055,0.022,63,ready,9
2026-10-08 23:23:08.256,397.93,20261008_231630,toey,recovery,13,612,manual,truth,162.2,106.8,1,,,,0,38.59,0.052,0.021,66,ready,9
2026-10-08 23:23:08.465,398.14,20261008_231630,toey,recovery,13,612,manual,truth,162.2,106.8,1,,,,0,38.59,0.049,0.02,68,ready,9
2026-10-08 23:23:08.677,398.35,20261008_231630,toey,recovery,13,612,manual,truth,162.2,106.8,1,,,,0,38.59,0.047,0.018,70,ready,9
2026-10-08 23:23:08.878,398.55,20261008_231630,toey,recovery,13,612,manual,truth,162.2,106.8,1,,,,0,38.59,0.047,0.018,71,ready,9
2026-10-08 23:23:09.085,398.76,20261008_231630,toey,recovery,13,612,manual,truth,162.2,106.8,1,,,,0,38.6,0.043,0.017,73,ready,9
2026-10-08 23:23:09.293,398.97,20261008_231630,toey,recovery,13,612,manual,truth,162.2,106.8,1,,,,0,38.59,0.042,0.016,73,ready,9
2026-10-08 23:23:09.499,399.17,20261008_231630,toey,recovery,13,612,manual,truth,162.2,106.8,1,,,,0,38.59,0.04,0.016,74,ready,9
2026-10-08 23:23:09.705,399.38,20261008_231630,toey,recovery,13,612,manual,truth,162.2,106.8,1,,,,0,38.6,0.036,0.016,74,ready,9
2026-10-08 23:23:09.918,399.59,20261008_231630,toey,recovery,13,612,manual,truth,162.2,106.8,1,,,,0,38.6,0.039,0.015,75,ready,9
2026-10-08 23:23:10.119,399.79,20261008_231630,toey,recovery,13,612,manual,truth,162.2,106.8,1,,,,0,38.59,0.038,0.014,75,ready,9
2026-10-08 23:23:10.333,400.01,20261008_231630,toey,recovery,13,612,manual,truth,162.2,106.8,1,,,,0,38.54,0.04,0.014,75,ready,9
2026-10-08 23:23:10.535,400.21,20261008_231630,toey,recovery,13,612,manual,truth,151.2,110.7,1,,,,0,38.5,0.041,0.013,74,ready,9
2026-10-08 23:23:10.743,400.42,20261008_231630,toey,recovery,13,612,manual,truth,151.2,110.7,1,,,,0,38.52,0.038,0.016,72,ready,9
2026-10-08 23:23:10.943,400.62,20261008_231630,toey,recovery,13,612,manual,truth,140.9,105.8,1,,,,0,38.53,0.042,0.018,69,ready,9
2026-10-08 23:23:11.160,400.84,20261008_231630,toey,recovery,13,612,manual,truth,140.9,105.8,1,,,,0,38.53,0.042,0.019,67,ready,9
2026-10-08 23:23:11.377,401.05,20261008_231630,toey,rest,,,,,140.9,105.8,1,,,,0,38.54,0.04,0.017,65,ready,9
2026-10-08 23:23:11.557,401.23,20261008_231630,toey,rest,,,,,140.9,105.8,1,,,,0,38.55,0.037,0.018,64,ready,9
2026-10-08 23:23:11.772,401.45,20261008_231630,toey,rest,,,,,140.9,105.8,1,,,,0,38.55,0.035,0.017,62,ready,9
2026-10-08 23:23:11.967,401.64,20261008_231630,toey,rest,,,,,140.9,105.8,1,,,,0,38.56,0.032,0.016,61,ready,9
2026-10-08 23:23:12.173,401.85,20261008_231630,toey,rest,,,,,140.9,105.8,1,,,,0,38.56,0.03,0.015,60,ready,9
2026-10-08 23:23:12.393,402.07,20261008_231630,toey,rest,,,,,140.9,105.8,1,,,,0,38.57,0.028,0.014,59,ready,9
2026-10-08 23:23:12.601,402.28,20261008_231630,toey,rest,,,,,140.9,105.8,1,,,,0,38.57,0.026,0.013,58,ready,9
2026-10-08 23:23:12.850,402.53,20261008_231630,toey,rest,,,,,140.9,105.8,1,,,,0,38.58,0.024,0.012,57,ready,9
2026-10-08 23:23:13.031,402.71,20261008_231630,toey,rest,,,,,140.9,105.8,1,,,,0,38.58,0.022,0.011,57,ready,9
2026-10-08 23:23:13.260,402.94,20261008_231630,toey,rest,,,,,140.9,105.8,1,,,,0,38.58,0.022,0.011,56,ready,9
2026-10-08 23:23:13.439,403.11,20261008_231630,toey,rest,,,,,140.9,105.8,1,,,,0,38.57,0.035,0.018,56,ready,9
2026-10-08 23:23:13.672,403.35,20261008_231630,toey,rest,,,,,140.9,105.8,1,,,,0,38.57,0.035,0.019,56,ready,9
2026-10-08 23:23:13.878,403.55,20261008_231630,toey,rest,,,,,140.9,105.8,1,,,,0,38.57,0.04,0.02,56,ready,9
2026-10-08 23:23:14.084,403.76,20261008_231630,toey,rest,,,,,140.9,105.8,1,,,,0,38.57,0.047,0.021,57,ready,9
2026-10-08 23:23:14.239,403.91,20261008_231630,toey,rest,,,,,140.9,105.8,1,,,,0,38.58,0.063,0.022,58,ready,9
2026-10-08 23:23:14.492,404.17,20261008_231630,toey,rest,,,,,140.9,105.8,1,,,,0,38.58,0.082,0.033,60,ready,9
2026-10-08 23:23:14.698,404.37,20261008_231630,toey,rest,,,,,140.9,105.8,1,,,,0,38.51,0.105,0.045,62,ready,9
2026-10-08 23:23:14.881,404.56,20261008_231630,toey,rest,,,,,140.9,105.8,1,,,,0,38.52,0.105,0.045,64,ready,9
2026-10-08 23:23:15.103,404.78,20261008_231630,toey,question,14,613,manual,truth,140.9,105.8,1,,,,0,38.52,0.112,0.044,66,question,9
2026-10-08 23:23:15.310,404.98,20261008_231630,toey,question,14,613,manual,truth,126.9,92.0,1,,,,0,38.53,0.114,0.044,65,question,9
2026-10-08 23:23:15.478,405.15,20261008_231630,toey,question,14,613,manual,truth,126.9,92.0,1,,,,0,38.54,0.107,0.045,64,question,9
2026-10-08 23:23:15.663,405.34,20261008_231630,toey,question,14,613,manual,truth,126.9,92.0,1,,,,0,38.55,0.101,0.045,63,question,9
2026-10-08 23:23:15.873,405.55,20261008_231630,toey,question,14,613,manual,truth,126.9,92.0,1,,,,0,38.56,0.093,0.041,61,question,9
2026-10-08 23:23:16.077,405.75,20261008_231630,toey,question,14,613,manual,truth,126.9,92.0,1,,,,0,38.56,0.091,0.04,60,question,9
2026-10-08 23:23:16.283,405.96,20261008_231630,toey,question,14,613,manual,truth,126.9,92.0,1,,,,0,38.56,0.091,0.039,60,question,9
2026-10-08 23:23:16.483,406.16,20261008_231630,toey,question,14,613,manual,truth,126.9,92.0,1,,,,0,38.57,0.086,0.036,59,question,9
2026-10-08 23:23:16.692,406.37,20261008_231630,toey,question,14,613,manual,truth,126.9,92.0,1,,,,0,38.57,0.078,0.033,57,question,9
2026-10-08 23:23:16.896,406.57,20261008_231630,toey,question,14,613,manual,truth,126.9,92.0,1,,,,0,38.57,0.071,0.03,56,question,9
2026-10-08 23:23:17.104,406.78,20261008_231630,toey,question,14,613,manual,truth,126.9,92.0,1,,,,0,38.58,0.064,0.028,55,question,9
2026-10-08 23:23:17.320,407.0,20261008_231630,toey,question,14,613,manual,truth,126.9,92.0,1,,,,0,38.58,0.058,0.025,54,question,9
2026-10-08 23:23:17.525,407.2,20261008_231630,toey,question,14,613,manual,truth,126.9,92.0,1,,,,0,38.58,0.053,0.023,52,question,9
2026-10-08 23:23:17.725,407.4,20261008_231630,toey,question,14,613,manual,truth,126.9,92.0,1,,,,0,38.58,0.049,0.022,51,question,9
2026-10-08 23:23:17.935,407.61,20261008_231630,toey,question,14,613,manual,truth,126.9,92.0,1,,,,0,38.58,0.044,0.02,50,question,9
2026-10-08 23:23:18.145,407.82,20261008_231630,toey,question,14,613,manual,truth,126.9,92.0,1,,,,0,38.58,0.042,0.019,48,question,9
2026-10-08 23:23:18.349,408.02,20261008_231630,toey,question,14,613,manual,truth,126.9,92.0,1,,,,0,38.58,0.039,0.02,47,question,9
2026-10-08 23:23:18.549,408.22,20261008_231630,toey,question,14,613,manual,truth,126.9,92.0,1,,,,0,38.59,0.034,0.017,45,question,9
2026-10-08 23:23:18.844,408.52,20261008_231630,toey,question,14,613,manual,truth,126.9,92.0,1,,,,0,38.56,0.032,0.016,45,question,9
2026-10-08 23:23:18.968,408.64,20261008_231630,toey,question,14,613,manual,truth,,,1,,,,0,38.56,0.03,0.016,40,question,9
2026-10-08 23:23:19.169,408.84,20261008_231630,toey,question,14,613,manual,truth,,,1,,,,0,38.56,0.029,0.015,36,question,9
2026-10-08 23:23:19.381,409.06,20261008_231630,toey,question,14,613,manual,truth,,,1,,,,0,38.57,0.03,0.016,33,question,9
2026-10-08 23:23:19.592,409.27,20261008_231630,toey,question,14,613,manual,truth,80.2,,1,,,,0,38.57,0.03,0.018,29,question,9
2026-10-08 23:23:19.789,409.46,20261008_231630,toey,question,14,613,manual,truth,80.2,,1,,,,0,38.58,0.031,0.017,25,question,9
2026-10-08 23:23:20.002,409.68,20261008_231630,toey,question,14,613,manual,truth,80.2,,1,,,,0,38.58,0.029,0.016,22,question,9
2026-10-08 23:23:20.204,409.88,20261008_231630,toey,question,14,613,manual,truth,80.2,,1,,,,0,38.59,0.032,0.018,20,question,9
2026-10-08 23:23:20.403,410.08,20261008_231630,toey,question,14,613,manual,truth,74.3,,1,,,,0,38.59,0.04,0.028,17,question,9
2026-10-08 23:23:20.616,410.29,20261008_231630,toey,question,14,613,manual,truth,74.3,,1,,,,0,38.59,0.039,0.025,16,question,9
2026-10-08 23:23:20.819,410.49,20261008_231630,toey,question,14,613,manual,truth,74.3,,1,,,,0,38.6,0.036,0.023,14,question,9
2026-10-08 23:23:21.026,410.7,20261008_231630,toey,question,14,613,manual,truth,74.3,,1,,,,0,38.6,0.035,0.021,13,question,9
2026-10-08 23:23:21.235,410.91,20261008_231630,toey,question,14,613,manual,truth,74.3,,1,,,,0,38.6,0.051,0.028,12,question,9
2026-10-08 23:23:21.436,411.11,20261008_231630,toey,question,14,613,manual,truth,74.3,,1,,,,0,38.6,0.066,0.05,12,question,9
2026-10-08 23:23:21.641,411.32,20261008_231630,toey,question,14,613,manual,truth,74.3,,1,,,,0,38.6,0.109,0.112,12,question,9
2026-10-08 23:23:21.848,411.52,20261008_231630,toey,question,14,613,manual,truth,74.3,,1,,,,0,38.61,0.288,0.259,15,question,9
2026-10-08 23:23:22.054,411.73,20261008_231630,toey,question,14,613,manual,truth,74.3,,1,,,,0,38.61,0.525,0.366,17,question,9
2026-10-08 23:23:22.249,411.92,20261008_231630,toey,question,14,613,manual,truth,74.3,,1,,,,0,38.61,0.484,0.333,19,question,9
2026-10-08 23:23:22.443,412.12,20261008_231630,toey,question,14,613,manual,truth,74.3,,1,,,,0,38.61,0.442,0.303,21,question,9
2026-10-08 23:23:22.652,412.33,20261008_231630,toey,question,14,613,manual,truth,85.2,,1,,,,0,38.61,0.408,0.275,24,question,9
2026-10-08 23:23:22.842,412.52,20261008_231630,toey,question,14,613,manual,truth,85.2,,1,,,,0,38.62,0.38,0.254,27,question,9
2026-10-08 23:23:23.045,412.72,20261008_231630,toey,question,14,613,manual,truth,85.2,,1,,,,0,38.62,0.347,0.231,29,question,9
2026-10-08 23:23:23.247,412.92,20261008_231630,toey,question,14,613,manual,truth,80.0,,1,,,,0,38.57,0.318,0.209,29,question,9
2026-10-08 23:23:23.443,413.12,20261008_231630,toey,question,14,613,manual,truth,80.0,,1,,,,0,38.59,0.3,0.191,30,question,9
2026-10-08 23:23:23.650,413.32,20261008_231630,toey,question,14,613,manual,truth,80.0,,1,,,,0,38.59,0.276,0.175,31,question,9
2026-10-08 23:23:23.855,413.53,20261008_231630,toey,question,14,613,manual,truth,80.0,,1,,,,0,38.59,0.25,0.158,31,question,9
2026-10-08 23:23:24.064,413.74,20261008_231630,toey,question,14,613,manual,truth,80.0,277.3,1,,,,0,38.58,0.227,0.143,31,question,9
2026-10-08 23:23:24.267,413.94,20261008_231630,toey,question,14,613,manual,truth,80.0,277.3,1,,,,0,38.59,0.214,0.13,32,question,9
2026-10-08 23:23:24.474,414.15,20261008_231630,toey,question,14,613,manual,truth,80.0,277.3,1,,,,0,38.59,0.194,0.118,32,question,9
2026-10-08 23:23:24.693,414.37,20261008_231630,toey,question,14,613,manual,truth,80.0,277.3,1,,,,0,38.59,0.184,0.11,32,question,9
2026-10-08 23:23:24.885,414.56,20261008_231630,toey,question,14,613,manual,truth,80.0,254.8,1,,,,0,38.59,0.168,0.102,31,question,9
2026-10-08 23:23:25.101,414.78,20261008_231630,toey,question,14,613,manual,truth,80.0,254.8,1,,,,0,38.59,0.154,0.095,30,question,9
2026-10-08 23:23:25.299,414.97,20261008_231630,toey,question,14,613,manual,truth,80.0,254.8,1,,,,0,38.59,0.144,0.086,28,question,9
2026-10-08 23:23:25.505,415.18,20261008_231630,toey,question,14,613,manual,truth,92.6,234.2,1,,,,0,38.6,0.132,0.078,29,question,9
2026-10-08 23:23:27.587,417.26,20261008_231630,toey,recovery,14,613,manual,truth,92.6,234.2,1,,,,0,38.6,0.046,0.027,20,ready,9
2026-10-08 23:23:27.794,417.47,20261008_231630,toey,recovery,14,613,manual,truth,92.6,234.2,1,,,,0,38.6,0.046,0.027,20,ready,9
2026-10-08 23:23:27.983,417.66,20261008_231630,toey,recovery,14,613,manual,truth,92.6,234.2,1,,,,0,38.55,0.042,0.025,19,ready,9
2026-10-08 23:23:28.187,417.86,20261008_231630,toey,recovery,14,613,manual,truth,,,1,,,,0,38.55,0.036,0.02,19,ready,9
2026-10-08 23:23:28.418,418.09,20261008_231630,toey,recovery,14,613,manual,truth,,,1,,,,0,38.53,0.033,0.019,19,ready,9
2026-10-08 23:23:28.597,418.27,20261008_231630,toey,recovery,14,613,manual,truth,,,1,,,,0,38.49,0.03,0.017,19,ready,9
2026-10-08 23:23:28.807,418.48,20261008_231630,toey,recovery,14,613,manual,truth,,,1,,,,0,38.5,0.028,0.015,19,ready,9
2026-10-08 23:23:29.011,418.69,20261008_231630,toey,recovery,14,613,manual,truth,,,1,,,,0,38.51,0.026,0.014,19,ready,9
2026-10-08 23:23:29.247,418.92,20261008_231630,toey,recovery,14,613,manual,truth,,,1,,,,0,38.46,0.024,0.013,18,ready,8
2026-10-08 23:23:29.428,419.1,20261008_231630,toey,recovery,14,613,manual,truth,,,1,,,,0,38.48,0.023,0.012,18,ready,8
2026-10-08 23:23:29.626,419.3,20261008_231630,toey,recovery,14,613,manual,truth,,,1,,,,0,38.49,0.027,0.012,18,ready,8
2026-10-08 23:23:29.831,419.51,20261008_231630,toey,recovery,14,613,manual,truth,,,1,,,,0,38.5,0.034,0.016,18,ready,8
2026-10-08 23:23:30.114,419.79,20261008_231630,toey,recovery,14,613,manual,truth,,,1,,,,0,38.52,0.031,0.014,19,ready,8
2026-10-08 23:23:30.246,419.92,20261008_231630,toey,recovery,14,613,manual,truth,,,1,,,,0,38.53,0.029,0.014,19,ready,9
2026-10-08 23:23:30.450,420.13,20261008_231630,toey,recovery,14,613,manual,truth,92.6,234.2,1,,,,0,38.53,0.027,0.013,18,ready,9
2026-10-08 23:23:30.721,420.4,20261008_231630,toey,recovery,14,613,manual,truth,92.6,234.2,1,,,,0,38.54,0.025,0.012,17,ready,9
2026-10-08 23:23:30.867,420.54,20261008_231630,toey,recovery,14,613,manual,truth,92.6,234.2,1,,,,0,38.55,0.023,0.011,16,ready,9
2026-10-08 23:23:31.068,420.74,20261008_231630,toey,rest,,,,,92.6,220.8,1,,,,0,38.55,0.022,0.01,16,ready,9
2026-10-08 23:23:31.297,420.97,20261008_231630,toey,rest,,,,,92.6,220.8,1,,,,0,38.57,0.021,0.009,15,ready,9
2026-10-08 23:23:31.482,421.16,20261008_231630,toey,rest,,,,,92.6,220.8,1,,,,0,38.59,0.019,0.009,15,ready,9
2026-10-08 23:23:31.685,421.36,20261008_231630,toey,rest,,,,,92.6,220.8,1,,,,0,38.6,0.018,0.009,14,ready,9
2026-10-08 23:23:31.881,421.56,20261008_231630,toey,rest,,,,,92.6,206.6,1,,,,0,38.61,0.017,0.008,14,ready,9
2026-10-08 23:23:32.155,421.83,20261008_231630,toey,rest,,,,,92.6,206.6,1,,,,0,38.61,0.017,0.008,14,ready,9
2026-10-08 23:23:32.291,421.97,20261008_231630,toey,rest,,,,,92.6,206.6,1,,,,0,38.61,0.017,0.007,13,ready,9
2026-10-08 23:23:32.564,422.24,20261008_231630,toey,rest,,,,,92.6,206.6,1,,,,0,38.6,0.016,0.007,13,ready,9
2026-10-08 23:23:32.707,422.38,20261008_231630,toey,rest,,,,,92.6,206.6,1,,,,0,38.6,0.015,0.006,13,ready,9
2026-10-08 23:23:32.907,422.58,20261008_231630,toey,rest,,,,,92.6,206.6,1,,,,0,38.6,0.036,0.015,13,ready,9
2026-10-08 23:23:33.111,422.79,20261008_231630,toey,rest,,,,,92.6,206.6,1,,,,0,38.6,0.09,0.03,15,ready,9
2026-10-08 23:23:33.365,423.04,20261008_231630,toey,rest,,,,,92.6,206.6,1,,,,0,38.6,0.096,0.031,17,ready,9
2026-10-08 23:23:33.522,423.2,20261008_231630,toey,rest,,,,,92.6,206.6,1,,,,0,38.54,0.103,0.033,18,ready,9
2026-10-08 23:23:33.724,423.4,20261008_231630,toey,rest,,,,,92.6,206.6,1,,,,0,38.55,0.1,0.034,19,ready,8
2026-10-08 23:23:33.931,423.61,20261008_231630,toey,rest,,,,,102.6,206.6,1,,,,0,38.55,0.107,0.044,22,ready,8
2026-10-08 23:23:34.137,423.81,20261008_231630,toey,rest,,,,,102.6,206.6,1,,,,0,38.56,0.122,0.051,25,ready,8
2026-10-08 23:23:34.346,424.02,20261008_231630,toey,rest,,,,,102.6,132.5,1,,,,0,38.56,0.126,0.049,27,ready,8
2026-10-08 23:23:34.572,424.25,20261008_231630,toey,rest,,,,,102.6,132.5,1,,,,0,38.57,0.116,0.048,29,ready,8
2026-10-08 23:23:34.762,424.44,20261008_231630,toey,rest,,,,,114.6,87.1,1,,,,0,38.57,0.108,0.051,32,ready,8
2026-10-08 23:23:34.962,424.64,20261008_231630,toey,rest,,,,,114.6,87.1,1,,,,0,38.57,0.107,0.06,35,ready,8
2026-10-08 23:23:35.176,424.85,20261008_231630,toey,rest,,,,,114.6,87.1,1,,,,0,38.53,0.098,0.057,37,ready,8
2026-10-08 23:23:35.387,425.06,20261008_231630,toey,rest,,,,,114.6,87.1,1,,,,0,38.54,0.091,0.053,38,ready,8
2026-10-08 23:23:35.586,425.26,20261008_231630,toey,rest,,,,,114.6,87.1,1,,,,0,38.55,0.084,0.049,38,ready,8
2026-10-08 23:23:35.785,425.46,20261008_231630,toey,rest,,,,,114.6,87.1,1,,,,0,38.55,0.08,0.045,39,ready,8
2026-10-08 23:23:35.987,425.66,20261008_231630,toey,rest,,,,,114.6,87.1,1,,,,0,38.55,0.078,0.048,39,ready,8
2026-10-08 23:23:36.186,425.86,20261008_231630,toey,rest,,,,,114.6,87.1,1,,,,0,38.56,0.085,0.045,39,ready,9
2026-10-08 23:23:36.392,426.07,20261008_231630,toey,rest,,,,,114.6,87.1,1,,,,0,38.56,0.077,0.039,39,ready,9
2026-10-08 23:23:36.598,426.27,20261008_231630,toey,rest,,,,,114.6,87.1,1,,,,0,38.57,0.077,0.038,39,ready,9
2026-10-08 23:23:36.799,426.47,20261008_231630,toey,rest,,,,,114.6,87.1,1,,,,0,38.57,0.073,0.037,39,ready,9
2026-10-08 23:23:37.016,426.69,20261008_231630,toey,rest,,,,,114.6,87.1,1,,,,0,38.57,0.068,0.034,39,ready,9
2026-10-08 23:23:37.206,426.88,20261008_231630,toey,rest,,,,,114.6,87.1,1,,,,0,38.58,0.066,0.031,38,ready,9
2026-10-08 23:23:37.412,427.09,20261008_231630,toey,rest,,,,,114.6,87.1,1,,,,0,38.58,0.06,0.029,38,ready,9
2026-10-08 23:23:37.621,427.3,20261008_231630,toey,rest,,,,,114.6,87.1,1,,,,0,38.53,0.055,0.026,37,ready,9
2026-10-08 23:23:37.840,427.52,20261008_231630,toey,rest,,,,,114.6,87.1,1,,,,0,38.51,0.051,0.024,36,ready,8
2026-10-08 23:23:38.093,427.77,20261008_231630,toey,rest,,,,,114.6,87.1,1,,,,0,38.52,0.048,0.023,36,ready,8
2026-10-08 23:23:38.238,427.91,20261008_231630,toey,rest,,,,,114.6,87.1,1,,,,0,38.52,0.044,0.022,35,ready,9
2026-10-08 23:23:38.446,428.12,20261008_231630,toey,rest,,,,,114.6,87.1,1,,,,0,38.53,0.04,0.021,34,ready,9
2026-10-08 23:23:38.651,428.33,20261008_231630,toey,rest,,,,,114.6,87.1,1,,,,0,38.54,0.037,0.02,34,ready,9
2026-10-08 23:23:38.858,428.53,20261008_231630,toey,rest,,,,,114.6,87.1,1,,,,0,38.54,0.034,0.019,33,ready,9
2026-10-08 23:23:39.072,428.75,20261008_231630,toey,rest,,,,,114.6,87.1,1,,,,0,38.55,0.031,0.017,32,ready,9
2026-10-08 23:23:39.309,428.98,20261008_231630,toey,rest,,,,,114.6,87.1,1,,,,0,38.55,0.029,0.016,31,ready,9
2026-10-08 23:23:39.474,429.15,20261008_231630,toey,question,15,614,manual,lie,114.6,87.1,1,,,,0,38.56,0.027,0.014,31,question,9
2026-10-08 23:23:41.630,431.3,20261008_231630,toey,question,15,614,manual,lie,,,1,,,,0,38.58,0.016,0.008,24,question,9
2026-10-08 23:23:41.833,431.51,20261008_231630,toey,question,15,614,manual,lie,,,1,,,,0,38.58,0.018,0.007,22,question,9
2026-10-08 23:23:42.038,431.71,20261008_231630,toey,question,15,614,manual,lie,127.6,74.3,1,,,,0,38.58,0.018,0.007,25,question,9
2026-10-08 23:23:42.244,431.92,20261008_231630,toey,question,15,614,manual,lie,127.6,74.3,1,,,,0,38.59,0.023,0.007,28,question,9
2026-10-08 23:23:42.448,432.12,20261008_231630,toey,question,15,614,manual,lie,127.6,74.3,1,,,,0,38.58,0.021,0.007,30,question,9
2026-10-08 23:23:42.653,432.33,20261008_231630,toey,question,15,614,manual,lie,127.6,101.1,1,,,,0,38.59,0.02,0.007,31,question,9
2026-10-08 23:23:42.859,432.53,20261008_231630,toey,question,15,614,manual,lie,127.6,101.1,1,,,,0,38.59,0.019,0.007,33,question,9
2026-10-08 23:23:43.214,432.89,20261008_231630,toey,question,15,614,manual,lie,133.9,101.4,1,,,,0,38.59,0.031,0.008,35,question,8
2026-10-08 23:23:43.272,432.95,20261008_231630,toey,question,15,614,manual,lie,133.9,101.4,1,,,,0,38.59,0.052,0.011,39,question,9
2026-10-08 23:23:43.476,433.15,20261008_231630,toey,question,15,614,manual,lie,133.9,101.4,1,,,,0,38.59,0.048,0.018,41,question,9
2026-10-08 23:23:43.678,433.35,20261008_231630,toey,question,15,614,manual,lie,121.4,99.7,1,,,,0,38.59,0.047,0.021,41,question,9
2026-10-08 23:23:43.887,433.56,20261008_231630,toey,question,15,614,manual,lie,121.4,99.7,1,,,,0,38.59,0.047,0.021,40,question,9
2026-10-08 23:23:44.093,433.77,20261008_231630,toey,question,15,614,manual,lie,121.4,99.7,1,,,,0,38.59,0.043,0.021,40,question,9
2026-10-08 23:23:44.295,433.97,20261008_231630,toey,question,15,614,manual,lie,121.4,99.7,1,,,,0,38.59,0.039,0.019,39,question,9
2026-10-08 23:23:44.499,434.17,20261008_231630,toey,question,15,614,manual,lie,125.5,99.7,1,,,,0,38.59,0.036,0.017,40,question,9
2026-10-08 23:23:44.723,434.4,20261008_231630,toey,question,15,614,manual,lie,125.5,99.7,1,,,,0,38.59,0.034,0.017,40,question,9
2026-10-08 23:23:44.919,434.59,20261008_231630,toey,question,15,614,manual,lie,125.5,99.7,1,,,,0,38.6,0.031,0.015,40,question,9
2026-10-08 23:23:45.122,434.8,20261008_231630,toey,question,15,614,manual,lie,125.5,99.7,1,,,,0,38.6,0.028,0.014,39,question,9
2026-10-08 23:23:45.329,435.0,20261008_231630,toey,question,15,614,manual,lie,125.5,99.7,1,,,,0,38.6,0.026,0.013,39,question,9
2026-10-08 23:23:45.541,435.22,20261008_231630,toey,question,15,614,manual,lie,125.5,99.7,1,,,,0,38.6,0.023,0.011,39,question,9
2026-10-08 23:23:45.741,435.42,20261008_231630,toey,question,15,614,manual,lie,125.5,99.7,1,,,,0,38.61,0.022,0.011,38,question,9
2026-10-08 23:23:45.941,435.62,20261008_231630,toey,question,15,614,manual,lie,125.5,99.7,1,,,,0,38.6,0.02,0.01,38,question,9
2026-10-08 23:23:46.150,435.82,20261008_231630,toey,question,15,614,manual,lie,125.5,99.7,1,,,,0,38.6,0.019,0.009,38,question,9
2026-10-08 23:23:46.393,436.07,20261008_231630,toey,question,15,614,manual,lie,125.5,99.7,1,,,,0,38.6,0.018,0.008,37,question,9
2026-10-08 23:23:46.576,436.25,20261008_231630,toey,question,15,614,manual,lie,125.5,99.7,1,,,,0,38.6,0.017,0.008,37,question,9
2026-10-08 23:23:46.776,436.45,20261008_231630,toey,question,15,614,manual,lie,125.5,99.7,1,,,,0,38.6,0.016,0.007,37,question,9
2026-10-08 23:23:46.992,436.67,20261008_231630,toey,question,15,614,manual,lie,125.5,99.7,1,,,,0,38.6,0.016,0.008,37,question,9
2026-10-08 23:23:47.194,436.87,20261008_231630,toey,question,15,614,manual,lie,125.5,99.7,1,,,,0,38.62,0.015,0.007,36,question,9
2026-10-08 23:23:47.391,437.07,20261008_231630,toey,question,15,614,manual,lie,125.5,99.7,1,,,,0,38.56,0.015,0.007,36,question,9
2026-10-08 23:23:47.606,437.28,20261008_231630,toey,question,15,614,manual,lie,125.5,99.7,1,,,,0,38.56,0.016,0.007,36,question,9
2026-10-08 23:23:47.797,437.47,20261008_231630,toey,question,15,614,manual,lie,125.5,97.8,1,,,,0,38.59,0.016,0.007,36,question,9
2026-10-08 23:23:48.008,437.68,20261008_231630,toey,question,15,614,manual,lie,125.5,97.8,1,,,,0,38.59,0.015,0.007,36,question,9
2026-10-08 23:23:48.207,437.88,20261008_231630,toey,question,15,614,manual,lie,133.9,98.0,1,,,,0,38.59,0.016,0.007,37,question,9
2026-10-08 23:23:48.416,438.09,20261008_231630,toey,question,15,614,manual,lie,133.9,98.0,1,,,,0,38.59,0.016,0.008,39,question,9
2026-10-08 23:23:48.607,438.28,20261008_231630,toey,question,15,614,manual,lie,145.1,91.0,1,,,,0,38.59,0.015,0.007,42,question,9
2026-10-08 23:23:48.812,438.49,20261008_231630,toey,question,15,614,manual,lie,145.1,91.0,1,,,,0,38.59,0.013,0.007,46,question,9
2026-10-08 23:23:49.017,438.69,20261008_231630,toey,question,15,614,manual,lie,145.1,91.0,1,,,,0,38.59,0.013,0.007,48,question,9
2026-10-08 23:23:49.224,438.9,20261008_231630,toey,question,15,614,manual,lie,145.1,91.0,1,,,,0,38.6,0.013,0.007,49,question,9
2026-10-08 23:23:49.427,439.1,20261008_231630,toey,question,15,614,manual,lie,145.1,95.9,1,,,,0,38.59,0.013,0.007,50,question,9
2026-10-08 23:23:49.633,439.31,20261008_231630,toey,question,15,614,manual,lie,145.1,95.9,1,,,,0,38.6,0.012,0.007,51,question,9
2026-10-08 23:23:49.839,439.51,20261008_231630,toey,question,15,614,manual,lie,145.1,95.9,1,,,,0,38.6,0.012,0.007,52,question,9
2026-10-08 23:23:50.038,439.71,20261008_231630,toey,question,15,614,manual,lie,145.1,95.9,1,,,,0,38.59,0.012,0.006,52,question,9
2026-10-08 23:23:50.242,439.92,20261008_231630,toey,question,15,614,manual,lie,145.1,95.9,1,,,,0,38.59,0.013,0.006,53,question,9
2026-10-08 23:23:50.448,440.12,20261008_231630,toey,question,15,614,manual,lie,145.1,95.9,1,,,,0,38.59,0.012,0.007,53,question,9
2026-10-08 23:23:50.654,440.33,20261008_231630,toey,question,15,614,manual,lie,145.1,95.9,1,,,,0,38.6,0.012,0.007,54,question,9
2026-10-08 23:23:50.857,440.53,20261008_231630,toey,question,15,614,manual,lie,145.1,95.9,1,,,,0,38.6,0.012,0.006,54,question,9
2026-10-08 23:23:51.057,440.73,20261008_231630,toey,question,15,614,manual,lie,145.1,95.9,1,,,,0,38.6,0.013,0.008,54,question,9
2026-10-08 23:23:51.273,440.95,20261008_231630,toey,recovery,15,614,manual,lie,145.1,95.9,1,,,,0,38.6,0.013,0.008,54,ready,9
2026-10-08 23:23:51.484,441.16,20261008_231630,toey,recovery,15,614,manual,lie,145.1,95.9,1,,,,0,38.58,0.013,0.007,54,ready,9
2026-10-08 23:23:51.681,441.36,20261008_231630,toey,recovery,15,614,manual,lie,145.1,95.9,1,,,,0,38.58,0.013,0.007,55,ready,9
2026-10-08 23:23:51.890,441.56,20261008_231630,toey,recovery,15,614,manual,lie,,,1,,,,0,38.58,0.012,0.007,47,ready,9
2026-10-08 23:23:52.089,441.76,20261008_231630,toey,recovery,15,614,manual,lie,134.8,,1,,,,0,38.59,0.012,0.006,46,ready,9
2026-10-08 23:23:52.294,441.97,20261008_231630,toey,recovery,15,614,manual,lie,134.8,,1,,,,0,38.59,0.013,0.007,46,ready,9
2026-10-08 23:23:52.500,442.18,20261008_231630,toey,recovery,15,614,manual,lie,134.8,,1,,,,0,38.52,0.012,0.008,45,ready,9
2026-10-08 23:23:52.706,442.38,20261008_231630,toey,recovery,15,614,manual,lie,122.4,,1,,,,0,38.52,0.013,0.008,43,ready,9
2026-10-08 23:23:52.915,442.59,20261008_231630,toey,recovery,15,614,manual,lie,122.4,,1,,,,0,38.53,0.012,0.008,41,ready,9
2026-10-08 23:23:53.117,442.79,20261008_231630,toey,recovery,15,614,manual,lie,139.3,,1,,,,0,38.54,0.012,0.007,42,ready,9
2026-10-08 23:23:53.324,443.0,20261008_231630,toey,recovery,15,614,manual,lie,139.3,,1,,,,0,38.54,0.012,0.006,44,ready,9
2026-10-08 23:23:53.535,443.21,20261008_231630,toey,recovery,15,614,manual,lie,139.3,,1,,,,0,38.55,0.011,0.006,45,ready,9
2026-10-08 23:23:53.742,443.42,20261008_231630,toey,recovery,15,614,manual,lie,139.3,,1,,,,0,38.55,0.011,0.006,45,ready,9
2026-10-08 23:23:53.967,443.64,20261008_231630,toey,recovery,15,614,manual,lie,139.3,,1,,,,0,38.56,0.034,0.013,47,ready,9
2026-10-08 23:23:54.153,443.83,20261008_231630,toey,recovery,15,614,manual,lie,139.3,,1,,,,0,38.56,0.032,0.013,48,ready,9
2026-10-08 23:23:54.362,444.04,20261008_231630,toey,rest,,,,,139.3,,1,,,,0,38.57,0.031,0.013,49,ready,9
2026-10-08 23:23:54.566,444.24,20261008_231630,toey,rest,,,,,134.2,,1,,,,0,38.57,0.033,0.016,49,ready,9
2026-10-08 23:23:54.779,444.45,20261008_231630,toey,rest,,,,,134.2,,1,,,,0,38.55,0.034,0.019,49,ready,9
2026-10-08 23:23:54.991,444.67,20261008_231630,toey,rest,,,,,138.7,168.0,1,,,,0,38.55,0.033,0.017,50,ready,9
2026-10-08 23:23:55.185,444.86,20261008_231630,toey,rest,,,,,138.7,168.0,1,,,,0,38.56,0.034,0.018,51,ready,9
2026-10-08 23:23:55.384,445.06,20261008_231630,toey,rest,,,,,138.7,160.2,1,,,,0,38.57,0.031,0.017,51,ready,9
2026-10-08 23:23:55.593,445.27,20261008_231630,toey,rest,,,,,138.7,160.2,1,,,,0,38.57,0.029,0.016,51,ready,9
2026-10-08 23:23:55.798,445.47,20261008_231630,toey,rest,,,,,138.7,160.2,1,,,,0,38.58,0.027,0.015,51,ready,9
2026-10-08 23:23:56.005,445.68,20261008_231630,toey,rest,,,,,138.7,160.2,1,,,,0,38.58,0.026,0.014,51,ready,9
2026-10-08 23:23:56.214,445.89,20261008_231630,toey,rest,,,,,138.7,160.2,1,,,,0,38.59,0.025,0.013,51,ready,9
2026-10-08 23:23:56.421,446.1,20261008_231630,toey,rest,,,,,138.7,160.2,1,,,,0,38.59,0.023,0.012,51,ready,9
2026-10-08 23:23:56.626,446.3,20261008_231630,toey,rest,,,,,138.7,160.2,1,,,,0,38.59,0.022,0.012,51,ready,9
2026-10-08 23:23:56.839,446.51,20261008_231630,toey,rest,,,,,138.7,160.2,1,,,,0,38.52,0.019,0.01,51,ready,8
2026-10-08 23:23:57.045,446.72,20261008_231630,toey,rest,,,,,138.7,160.2,1,,,,0,38.53,0.018,0.009,51,ready,8
2026-10-08 23:23:57.233,446.91,20261008_231630,toey,rest,,,,,138.7,160.2,1,,,,0,38.54,0.018,0.009,50,ready,8
2026-10-08 23:23:57.442,447.12,20261008_231630,toey,rest,,,,,138.7,156.8,1,,,,0,38.55,0.017,0.009,50,ready,9
2026-10-08 23:23:57.647,447.32,20261008_231630,toey,rest,,,,,138.7,156.8,1,,,,0,38.55,0.018,0.009,50,ready,9
2026-10-08 23:23:57.856,447.53,20261008_231630,toey,rest,,,,,149.9,145.5,1,,,,0,38.56,0.017,0.01,52,ready,9
2026-10-08 23:23:58.060,447.73,20261008_231630,toey,rest,,,,,149.9,145.5,1,,,,0,38.56,0.017,0.009,54,ready,9
2026-10-08 23:23:58.264,447.94,20261008_231630,toey,rest,,,,,149.9,138.1,1,,,,0,38.57,0.016,0.008,55,ready,9
2026-10-08 23:23:58.470,448.15,20261008_231630,toey,rest,,,,,149.9,138.1,1,,,,0,38.57,0.015,0.008,56,ready,9
2026-10-08 23:23:58.778,448.45,20261008_231630,toey,rest,,,,,149.9,138.1,1,,,,0,38.58,0.017,0.009,57,ready,9
2026-10-08 23:23:58.883,448.56,20261008_231630,toey,rest,,,,,149.9,138.1,1,,,,0,38.58,0.017,0.01,58,ready,9
2026-10-08 23:23:59.086,448.76,20261008_231630,toey,rest,,,,,149.9,138.1,1,,,,0,38.59,0.019,0.01,58,ready,9
2026-10-08 23:23:59.293,448.97,20261008_231630,toey,rest,,,,,149.9,138.1,1,,,,0,38.59,0.019,0.013,59,ready,9
2026-10-08 23:23:59.503,449.18,20261008_231630,toey,rest,,,,,149.9,138.1,1,,,,0,38.59,0.019,0.012,59,ready,9
2026-10-08 23:23:59.710,449.39,20261008_231630,toey,rest,,,,,149.9,138.1,1,,,,0,38.59,0.02,0.011,60,ready,9
2026-10-08 23:23:59.903,449.58,20261008_231630,toey,rest,,,,,149.9,138.1,1,,,,0,38.6,0.02,0.01,60,ready,9
2026-10-08 23:24:00.103,449.78,20261008_231630,toey,rest,,,,,149.9,138.1,1,,,,0,38.59,0.019,0.01,60,ready,9
2026-10-08 23:24:00.303,449.98,20261008_231630,toey,rest,,,,,149.9,138.1,1,,,,0,38.6,0.017,0.009,60,ready,9
2026-10-08 23:24:00.509,450.18,20261008_231630,toey,rest,,,,,149.9,138.1,1,,,,0,38.6,0.016,0.009,61,ready,9
2026-10-08 23:24:00.717,450.39,20261008_231630,toey,rest,,,,,149.9,138.1,1,,,,0,38.6,0.015,0.008,61,ready,9
2026-10-08 23:24:00.924,450.6,20261008_231630,toey,rest,,,,,149.9,138.1,1,,,,0,38.6,0.014,0.008,61,ready,9
2026-10-08 23:24:01.133,450.81,20261008_231630,toey,rest,,,,,,,1,,,,0,38.58,0.014,0.008,52,ready,9
2026-10-08 23:24:01.335,451.01,20261008_231630,toey,rest,,,,,,,1,,,,0,38.58,0.013,0.007,44,ready,9
2026-10-08 23:24:01.537,451.21,20261008_231630,toey,rest,,,,,105.4,,1,,,,0,38.58,0.013,0.006,40,ready,9
2026-10-08 23:24:01.746,451.42,20261008_231630,toey,rest,,,,,105.4,,1,,,,0,38.59,0.012,0.006,36,ready,9
2026-10-08 23:24:01.953,451.63,20261008_231630,toey,rest,,,,,127.2,,1,,,,0,38.59,0.013,0.006,36,ready,9
2026-10-08 23:24:02.158,451.83,20261008_231630,toey,rest,,,,,127.2,,1,,,,0,38.59,0.013,0.006,36,ready,9
2026-10-08 23:24:02.369,452.04,20261008_231630,toey,rest,,,,,127.2,,1,,,,0,38.59,0.013,0.005,36,ready,9
2026-10-08 23:24:02.574,452.25,20261008_231630,toey,rest,,,,,127.2,,1,,,,0,38.6,0.013,0.006,36,ready,9
2026-10-08 23:24:02.776,452.45,20261008_231630,toey,rest,,,,,141.3,,1,,,,0,38.6,0.012,0.005,39,ready,9
2026-10-08 23:24:02.982,452.66,20261008_231630,toey,rest,,,,,158.8,,1,,,,0,38.6,0.02,0.007,45,ready,9
2026-10-08 23:24:03.188,452.86,20261008_231630,toey,rest,,,,,158.8,,1,,,,0,38.6,0.025,0.012,49,ready,9
2026-10-08 23:24:03.394,453.07,20261008_231630,toey,rest,,,,,158.8,,1,,,,0,38.6,0.031,0.014,54,ready,9
2026-10-08 23:24:03.602,453.28,20261008_231630,toey,rest,,,,,158.8,274.8,1,,,,0,38.6,0.047,0.019,58,ready,9
2026-10-08 23:24:03.806,453.48,20261008_231630,toey,rest,,,,,158.8,274.8,1,,,,0,38.61,0.055,0.021,61,ready,9
2026-10-08 23:24:04.028,453.7,20261008_231630,toey,rest,,,,,158.8,274.8,1,,,,0,38.6,0.064,0.023,64,ready,9
2026-10-08 23:24:04.307,453.98,20261008_231630,toey,rest,,,,,158.8,274.8,1,,,,0,38.6,0.063,0.024,67,ready,9
2026-10-08 23:24:04.433,454.11,20261008_231630,toey,rest,,,,,158.8,274.8,1,,,,0,38.6,0.058,0.023,69,ready,9
2026-10-08 23:24:04.717,454.39,20261008_231630,toey,rest,,,,,146.3,274.8,1,,,,0,38.61,0.048,0.019,68,ready,9
2026-10-08 23:24:04.833,454.51,20261008_231630,toey,rest,,,,,146.3,274.8,1,,,,0,38.61,0.044,0.018,67,ready,9
2026-10-08 23:24:05.038,454.71,20261008_231630,toey,rest,,,,,146.3,274.8,1,,,,0,38.61,0.04,0.016,66,ready,9
2026-10-08 23:24:05.243,454.92,20261008_231630,toey,rest,,,,,146.3,274.8,1,,,,0,38.59,0.037,0.015,65,ready,9
2026-10-08 23:24:05.538,455.21,20261008_231630,toey,rest,,,,,146.3,274.8,1,,,,0,38.6,0.034,0.014,65,ready,9
2026-10-08 23:24:05.659,455.33,20261008_231630,toey,rest,,,,,146.3,274.8,1,,,,0,38.6,0.031,0.012,64,ready,9
2026-10-08 23:24:07.753,457.43,20261008_231630,toey,question,16,615,manual,lie,72.0,,1,,,,0,38.6,0.036,0.024,26,question,9
2026-10-08 23:24:07.943,457.62,20261008_231630,toey,question,16,615,manual,lie,84.7,,1,,,,0,38.6,0.038,0.022,23,question,9
2026-10-08 23:24:08.142,457.82,20261008_231630,toey,question,16,615,manual,lie,84.7,,1,,,,0,38.6,0.047,0.025,21,question,9
2026-10-08 23:24:08.346,458.02,20261008_231630,toey,question,16,615,manual,lie,84.7,,1,,,,0,38.6,0.046,0.023,19,question,9
2026-10-08 23:24:08.550,458.23,20261008_231630,toey,question,16,615,manual,lie,84.7,,1,,,,0,38.61,0.046,0.023,18,question,9
2026-10-08 23:24:08.759,458.43,20261008_231630,toey,question,16,615,manual,lie,84.1,,1,,,,0,38.61,0.048,0.023,17,question,9
2026-10-08 23:24:08.964,458.64,20261008_231630,toey,question,16,615,manual,lie,84.1,,1,,,,0,38.61,0.061,0.024,16,question,9
2026-10-08 23:24:09.223,458.9,20261008_231630,toey,question,16,615,manual,lie,84.1,,1,,,,0,38.6,0.067,0.025,16,question,9
2026-10-08 23:24:09.375,459.05,20261008_231630,toey,question,16,615,manual,lie,84.1,,1,,,,0,38.6,0.068,0.024,16,question,9
2026-10-08 23:24:09.582,459.26,20261008_231630,toey,question,16,615,manual,lie,83.6,202.1,1,,,,0,38.6,0.093,0.04,16,question,9
2026-10-08 23:24:09.782,459.46,20261008_231630,toey,question,16,615,manual,lie,83.6,202.1,1,,,,0,38.61,0.093,0.042,16,question,9
2026-10-08 23:24:09.986,459.66,20261008_231630,toey,question,16,615,manual,lie,83.6,202.1,1,,,,0,38.61,0.085,0.039,16,question,9
2026-10-08 23:24:10.197,459.87,20261008_231630,toey,question,16,615,manual,lie,83.6,202.1,1,,,,0,38.62,0.077,0.036,16,question,9
2026-10-08 23:24:10.402,460.08,20261008_231630,toey,question,16,615,manual,lie,83.6,202.1,1,,,,0,38.62,0.07,0.034,16,question,9
2026-10-08 23:24:10.609,460.28,20261008_231630,toey,question,16,615,manual,lie,83.6,202.1,1,,,,0,38.61,0.064,0.031,15,question,9
2026-10-08 23:24:10.814,460.49,20261008_231630,toey,question,16,615,manual,lie,83.6,202.1,1,,,,0,38.56,0.058,0.028,15,question,9
2026-10-08 23:24:11.023,460.7,20261008_231630,toey,question,16,615,manual,lie,83.6,202.1,1,,,,0,38.55,0.053,0.026,14,question,9
2026-10-08 23:24:11.229,460.9,20261008_231630,toey,question,16,615,manual,lie,83.6,202.1,1,,,,0,38.55,0.048,0.023,14,question,9
2026-10-08 23:24:11.435,461.11,20261008_231630,toey,question,16,615,manual,lie,83.6,202.1,1,,,,0,38.56,0.044,0.021,13,question,9
2026-10-08 23:24:11.640,461.32,20261008_231630,toey,question,16,615,manual,lie,83.6,202.1,1,,,,0,38.56,0.041,0.019,13,question,9
2026-10-08 23:24:11.847,461.52,20261008_231630,toey,question,16,615,manual,lie,83.6,202.1,1,,,,0,38.57,0.039,0.018,12,question,9
2026-10-08 23:24:12.090,461.77,20261008_231630,toey,question,16,615,manual,lie,83.6,202.1,1,,,,0,38.57,0.036,0.017,12,question,9
2026-10-08 23:24:12.267,461.94,20261008_231630,toey,question,16,615,manual,lie,83.6,202.1,1,,,,0,38.57,0.031,0.014,11,question,9
2026-10-08 23:24:12.462,462.14,20261008_231630,toey,question,16,615,manual,lie,,,1,,,,0,38.57,0.028,0.013,13,question,9
2026-10-08 23:24:12.670,462.34,20261008_231630,toey,question,16,615,manual,lie,,,1,,,,0,38.58,0.027,0.013,13,question,9
2026-10-08 23:24:12.877,462.55,20261008_231630,toey,question,16,615,manual,lie,,,1,,,,0,38.58,0.026,0.012,14,question,9
2026-10-08 23:24:13.084,462.76,20261008_231630,toey,question,16,615,manual,lie,,,1,,,,0,38.58,0.024,0.011,14,question,9
2026-10-08 23:24:13.290,462.96,20261008_231630,toey,question,16,615,manual,lie,,,1,,,,0,38.58,0.023,0.01,15,question,9
2026-10-08 23:24:13.499,463.17,20261008_231630,toey,question,16,615,manual,lie,,,1,,,,0,38.58,0.022,0.011,15,question,9
2026-10-08 23:24:13.703,463.38,20261008_231630,toey,question,16,615,manual,lie,83.6,202.1,1,,,,0,38.58,0.021,0.01,14,question,9
2026-10-08 23:24:13.909,463.58,20261008_231630,toey,question,16,615,manual,lie,83.6,202.1,1,,,,0,38.58,0.021,0.009,13,question,9
2026-10-08 23:24:14.118,463.79,20261008_231630,toey,question,16,615,manual,lie,83.6,202.1,1,,,,0,38.58,0.023,0.009,12,question,9
2026-10-08 23:24:14.325,464.0,20261008_231630,toey,question,16,615,manual,lie,83.6,202.1,1,,,,0,38.57,0.031,0.012,12,question,9
2026-10-08 23:24:14.534,464.21,20261008_231630,toey,question,16,615,manual,lie,83.6,202.1,1,,,,0,38.57,0.032,0.013,11,question,9
2026-10-08 23:24:14.740,464.41,20261008_231630,toey,question,16,615,manual,lie,83.6,202.1,1,,,,0,38.58,0.029,0.012,11,question,9
2026-10-08 23:24:14.952,464.63,20261008_231630,toey,question,16,615,manual,lie,83.6,202.1,1,,,,0,38.59,0.027,0.012,11,question,9
2026-10-08 23:24:15.153,464.83,20261008_231630,toey,question,16,615,manual,lie,83.6,202.1,1,,,,0,38.54,0.025,0.011,11,question,9
2026-10-08 23:24:15.361,465.04,20261008_231630,toey,question,16,615,manual,lie,83.6,202.1,1,,,,0,38.55,0.023,0.01,10,question,9
2026-10-08 23:24:15.583,465.26,20261008_231630,toey,question,16,615,manual,lie,83.6,202.1,1,,,,0,38.56,0.022,0.009,10,question,9
2026-10-08 23:24:15.775,465.45,20261008_231630,toey,question,16,615,manual,lie,83.6,202.1,1,,,,0,38.56,0.028,0.01,10,question,9
2026-10-08 23:24:15.984,465.66,20261008_231630,toey,question,16,615,manual,lie,83.6,202.1,1,,,,0,38.56,0.026,0.009,10,question,9
2026-10-08 23:24:16.184,465.86,20261008_231630,toey,question,16,615,manual,lie,83.6,202.1,1,,,,0,38.56,0.024,0.008,10,question,9
2026-10-08 23:24:16.392,466.07,20261008_231630,toey,question,16,615,manual,lie,83.6,202.1,1,,,,0,38.56,0.024,0.01,10,question,9
2026-10-08 23:24:16.604,466.28,20261008_231630,toey,question,16,615,manual,lie,83.6,202.1,1,,,,0,38.56,0.026,0.012,10,question,9
2026-10-08 23:24:16.801,466.48,20261008_231630,toey,question,16,615,manual,lie,83.6,202.1,1,,,,0,38.56,0.045,0.015,10,question,9
2026-10-08 23:24:17.019,466.69,20261008_231630,toey,question,16,615,manual,lie,83.6,202.1,1,,,,0,38.56,0.042,0.014,10,question,9
2026-10-08 23:24:17.224,466.9,20261008_231630,toey,question,16,615,manual,lie,83.6,202.1,1,,,,0,38.57,0.038,0.013,10,question,9
2026-10-08 23:24:17.422,467.1,20261008_231630,toey,question,16,615,manual,lie,77.9,202.1,1,,,,0,38.57,0.035,0.012,10,question,9
2026-10-08 23:24:17.631,467.31,20261008_231630,toey,question,16,615,manual,lie,77.9,202.1,1,,,,0,38.57,0.032,0.011,10,question,9
2026-10-08 23:24:19.826,469.5,20261008_231630,toey,recovery,16,615,manual,lie,75.8,202.1,1,,,,0,38.57,0.017,0.006,7,ready,9
2026-10-08 23:24:20.102,469.78,20261008_231630,toey,recovery,16,615,manual,lie,75.8,202.1,1,,,,0,38.58,0.018,0.006,7,ready,9
2026-10-08 23:24:20.234,469.91,20261008_231630,toey,recovery,16,615,manual,lie,75.8,202.1,1,,,,0,38.6,0.017,0.006,7,ready,9
2026-10-08 23:24:20.448,470.12,20261008_231630,toey,recovery,16,615,manual,lie,75.8,202.1,1,,,,0,38.61,0.017,0.006,7,ready,9
2026-10-08 23:24:20.658,470.33,20261008_231630,toey,recovery,16,615,manual,lie,75.8,202.1,1,,,,0,38.6,0.016,0.005,7,ready,9
2026-10-08 23:24:20.915,470.59,20261008_231630,toey,recovery,16,615,manual,lie,75.8,202.1,1,,,,0,38.6,0.015,0.005,7,ready,9
2026-10-08 23:24:21.050,470.73,20261008_231630,toey,recovery,16,615,manual,lie,75.8,202.1,1,,,,0,38.6,0.014,0.005,7,ready,9
2026-10-08 23:24:21.257,470.93,20261008_231630,toey,recovery,16,615,manual,lie,75.8,202.1,1,,,,0,38.6,0.013,0.006,7,ready,9
2026-10-08 23:24:21.462,471.14,20261008_231630,toey,recovery,16,615,manual,lie,75.8,202.1,1,,,,0,38.6,0.013,0.005,7,ready,9
2026-10-08 23:24:21.668,471.34,20261008_231630,toey,recovery,16,615,manual,lie,75.8,202.1,1,,,,0,38.6,0.012,0.005,6,ready,9
2026-10-08 23:24:21.870,471.54,20261008_231630,toey,recovery,16,615,manual,lie,75.8,202.1,1,,,,0,38.6,0.013,0.005,6,ready,9
2026-10-08 23:24:22.140,471.81,20261008_231630,toey,recovery,16,615,manual,lie,75.8,202.1,1,,,,0,38.6,0.015,0.007,6,ready,9
2026-10-08 23:24:22.282,471.96,20261008_231630,toey,recovery,16,615,manual,lie,75.8,180.9,1,,,,0,38.6,0.015,0.012,6,ready,9
2026-10-08 23:24:22.490,472.17,20261008_231630,toey,recovery,16,615,manual,lie,75.8,180.9,1,,,,0,38.6,0.019,0.012,6,ready,9
2026-10-08 23:24:22.700,472.38,20261008_231630,toey,recovery,16,615,manual,lie,75.8,180.9,1,,,,0,38.59,0.021,0.014,6,ready,9
2026-10-08 23:24:22.911,472.59,20261008_231630,toey,recovery,16,615,manual,lie,75.8,180.9,1,,,,0,38.6,0.021,0.012,7,ready,9
2026-10-08 23:24:23.111,472.79,20261008_231630,toey,recovery,16,615,manual,lie,75.8,180.9,1,,,,0,38.61,0.022,0.011,7,ready,9
2026-10-08 23:24:23.316,472.99,20261008_231630,toey,recovery,16,615,manual,lie,75.8,180.9,1,,,,0,38.61,0.023,0.01,7,ready,9
2026-10-08 23:24:23.521,473.2,20261008_231630,toey,recovery,16,615,manual,lie,75.8,180.9,1,,,,0,38.61,0.029,0.011,7,ready,9
2026-10-08 23:24:23.734,473.41,20261008_231630,toey,rest,,,,,75.8,180.9,1,,,,0,38.61,0.029,0.014,7,ready,9
2026-10-08 23:24:23.931,473.61,20261008_231630,toey,rest,,,,,75.8,180.9,1,,,,0,38.61,0.029,0.016,7,ready,9
2026-10-08 23:24:24.138,473.81,20261008_231630,toey,rest,,,,,75.8,180.9,1,,,,0,38.61,0.029,0.016,7,ready,9
2026-10-08 23:24:24.345,474.02,20261008_231630,toey,rest,,,,,,,1,,,,0,38.6,0.026,0.017,9,ready,9
2026-10-08 23:24:24.550,474.23,20261008_231630,toey,rest,,,,,136.2,,1,,,,0,38.54,0.025,0.016,16,ready,9
2026-10-08 23:24:24.756,474.43,20261008_231630,toey,rest,,,,,136.2,,1,,,,0,38.55,0.024,0.017,22,ready,9
2026-10-08 23:24:24.962,474.64,20261008_231630,toey,rest,,,,,136.2,,1,,,,0,38.56,0.024,0.018,27,ready,9
2026-10-08 23:24:25.196,474.87,20261008_231630,toey,rest,,,,,136.2,,1,,,,0,38.56,0.024,0.017,31,ready,9
2026-10-08 23:24:25.371,475.05,20261008_231630,toey,rest,,,,,112.1,,1,,,,0,38.56,0.023,0.016,30,ready,9
2026-10-08 23:24:25.604,475.28,20261008_231630,toey,rest,,,,,112.1,,1,,,,0,38.57,0.024,0.015,29,ready,9
2026-10-08 23:24:25.781,475.46,20261008_231630,toey,rest,,,,,108.1,,1,,,,0,38.57,0.023,0.013,28,ready,9
2026-10-08 23:24:25.986,475.66,20261008_231630,toey,rest,,,,,108.1,,1,,,,0,38.57,0.028,0.016,27,ready,9
2026-10-08 23:24:26.185,475.86,20261008_231630,toey,rest,,,,,108.1,,1,,,,0,38.58,0.031,0.018,26,ready,9
2026-10-08 23:24:26.387,476.06,20261008_231630,toey,rest,,,,,108.1,,1,,,,0,38.58,0.029,0.017,26,ready,9
2026-10-08 23:24:26.591,476.27,20261008_231630,toey,rest,,,,,108.1,,1,,,,0,38.58,0.027,0.016,25,ready,9
2026-10-08 23:24:26.795,476.47,20261008_231630,toey,rest,,,,,108.1,,1,,,,0,38.58,0.028,0.015,25,ready,9
2026-10-08 23:24:27.001,476.68,20261008_231630,toey,rest,,,,,108.1,,1,,,,0,38.54,0.028,0.015,25,ready,9
2026-10-08 23:24:27.208,476.88,20261008_231630,toey,rest,,,,,108.1,,1,,,,0,38.55,0.026,0.014,24,ready,9
2026-10-08 23:24:27.416,477.09,20261008_231630,toey,rest,,,,,108.1,,1,,,,0,38.55,0.025,0.013,24,ready,9
2026-10-08 23:24:27.627,477.3,20261008_231630,toey,rest,,,,,108.1,,1,,,,0,38.56,0.023,0.012,24,ready,9
2026-10-08 23:24:29.832,479.51,20261008_231630,toey,question,17,616,manual,lie,118.7,164.2,1,,,,0,38.58,0.024,0.011,27,question,9
2026-10-08 23:24:30.045,479.72,20261008_231630,toey,question,17,616,manual,lie,118.7,164.2,1,,,,0,38.58,0.025,0.01,28,question,9
2026-10-08 23:24:30.241,479.92,20261008_231630,toey,question,17,616,manual,lie,118.7,164.2,1,,,,0,38.58,0.024,0.01,29,question,9
2026-10-08 23:24:30.450,480.12,20261008_231630,toey,question,17,616,manual,lie,118.7,164.2,1,,,,0,38.58,0.022,0.009,29,question,9
2026-10-08 23:24:30.652,480.33,20261008_231630,toey,question,17,616,manual,lie,118.7,164.2,1,,,,0,38.59,0.023,0.009,29,question,9
2026-10-08 23:24:30.861,480.54,20261008_231630,toey,question,17,616,manual,lie,118.7,164.2,1,,,,0,38.59,0.022,0.008,30,question,9
2026-10-08 23:24:31.064,480.74,20261008_231630,toey,question,17,616,manual,lie,118.7,164.2,1,,,,0,38.59,0.021,0.008,30,question,9
2026-10-08 23:24:31.279,480.95,20261008_231630,toey,question,17,616,manual,lie,118.7,164.2,1,,,,0,38.59,0.021,0.008,30,question,9
2026-10-08 23:24:31.479,481.15,20261008_231630,toey,question,17,616,manual,lie,118.7,164.2,1,,,,0,38.59,0.033,0.02,30,question,9
2026-10-08 23:24:31.698,481.37,20261008_231630,toey,question,17,616,manual,lie,118.7,164.2,1,,,,0,38.6,0.034,0.021,31,question,9
2026-10-08 23:24:31.903,481.58,20261008_231630,toey,question,17,616,manual,lie,118.7,164.2,1,,,,0,38.6,0.034,0.021,31,question,9
2026-10-08 23:24:32.097,481.77,20261008_231630,toey,question,17,616,manual,lie,118.7,164.2,1,,,,0,38.6,0.033,0.023,32,question,9
2026-10-08 23:24:32.304,481.98,20261008_231630,toey,question,17,616,manual,lie,118.7,164.2,1,,,,0,38.6,0.031,0.021,32,question,9
2026-10-08 23:24:32.509,482.18,20261008_231630,toey,question,17,616,manual,lie,,,1,,,,0,38.6,0.035,0.019,30,question,9
2026-10-08 23:24:32.717,482.39,20261008_231630,toey,question,17,616,manual,lie,,,1,,,,0,38.57,0.04,0.019,29,question,9
2026-10-08 23:24:32.925,482.6,20261008_231630,toey,question,17,616,manual,lie,,,1,,,,0,38.55,0.042,0.018,29,question,9
2026-10-08 23:24:33.130,482.81,20261008_231630,toey,question,17,616,manual,lie,,,1,,,,0,38.56,0.045,0.017,29,question,9
2026-10-08 23:24:33.336,483.01,20261008_231630,toey,question,17,616,manual,lie,104.4,164.2,1,,,,0,38.56,0.044,0.016,28,question,9
2026-10-08 23:24:33.542,483.22,20261008_231630,toey,question,17,616,manual,lie,104.4,164.2,1,,,,0,38.57,0.041,0.015,27,question,9
2026-10-08 23:24:33.752,483.43,20261008_231630,toey,question,17,616,manual,lie,118.7,157.1,1,,,,0,38.57,0.042,0.014,29,question,9
2026-10-08 23:24:33.958,483.63,20261008_231630,toey,question,17,616,manual,lie,118.7,157.1,1,,,,0,38.58,0.059,0.016,31,question,9
2026-10-08 23:24:34.425,484.1,20261008_231630,toey,question,17,616,manual,lie,132.6,144.1,1,,,,0,38.58,0.085,0.031,36,question,9
2026-10-08 23:24:34.436,484.11,20261008_231630,toey,question,17,616,manual,lie,132.6,144.1,1,,,,0,38.58,0.08,0.029,40,question,9
2026-10-08 23:24:34.579,484.25,20261008_231630,toey,question,17,616,manual,lie,143.7,129.5,1,,,,0,38.59,0.072,0.025,49,question,9
2026-10-08 23:24:34.782,484.46,20261008_231630,toey,question,17,616,manual,lie,143.7,129.5,1,,,,0,38.58,0.066,0.023,52,question,9
2026-10-08 23:24:34.985,484.66,20261008_231630,toey,question,17,616,manual,lie,181.9,122.3,1,,,,0,38.59,0.063,0.023,59,question,9
2026-10-08 23:24:35.193,484.87,20261008_231630,toey,question,17,616,manual,lie,181.9,122.3,1,,,,0,38.59,0.06,0.021,65,question,9
2026-10-08 23:24:35.437,485.11,20261008_231630,toey,question,17,616,manual,lie,181.9,106.0,1,,,,0,38.59,0.057,0.02,69,question,9
2026-10-08 23:24:35.600,485.28,20261008_231630,toey,question,17,616,manual,lie,181.9,106.0,1,,,,0,38.59,0.053,0.021,73,question,9
2026-10-08 23:24:35.848,485.52,20261008_231630,toey,question,17,616,manual,lie,181.9,106.0,1,,,,0,38.59,0.05,0.019,76,question,9
2026-10-08 23:24:36.011,485.69,20261008_231630,toey,question,17,616,manual,lie,181.9,106.0,1,,,,0,38.59,0.047,0.019,78,question,9
2026-10-08 23:24:36.215,485.89,20261008_231630,toey,question,17,616,manual,lie,181.9,106.0,1,,,,0,38.59,0.044,0.019,80,question,9
2026-10-08 23:24:36.420,486.1,20261008_231630,toey,question,17,616,manual,lie,181.9,106.0,1,,,,0,38.59,0.042,0.017,82,question,9
2026-10-08 23:24:36.666,486.34,20261008_231630,toey,question,17,616,manual,lie,181.9,106.0,1,,,,0,38.59,0.04,0.016,83,question,9
2026-10-08 23:24:36.831,486.51,20261008_231630,toey,question,17,616,manual,lie,181.9,106.0,1,,,,0,38.59,0.038,0.015,84,question,9
2026-10-08 23:24:37.042,486.72,20261008_231630,toey,question,17,616,manual,lie,187.5,67.3,1,,,,0,38.52,0.036,0.014,85,question,9
2026-10-08 23:24:37.245,486.92,20261008_231630,toey,question,17,616,manual,lie,187.5,67.3,1,,,,0,38.5,0.035,0.014,86,question,9
2026-10-08 23:24:37.452,487.13,20261008_231630,toey,question,17,616,manual,lie,187.5,67.3,1,,,,0,38.51,0.035,0.015,87,question,9
2026-10-08 23:24:37.658,487.33,20261008_231630,toey,question,17,616,manual,lie,187.5,67.3,1,,,,0,38.52,0.034,0.016,87,question,9
2026-10-08 23:24:37.863,487.54,20261008_231630,toey,question,17,616,manual,lie,187.5,67.3,1,,,,0,38.53,0.034,0.017,88,question,9
2026-10-08 23:24:38.068,487.74,20261008_231630,toey,question,17,616,manual,lie,187.5,67.3,1,,,,0,38.53,0.031,0.017,88,question,9
2026-10-08 23:24:38.308,487.98,20261008_231630,toey,question,17,616,manual,lie,188.2,71.3,1,,,,0,38.54,0.04,0.016,89,question,9
2026-10-08 23:24:38.491,488.17,20261008_231630,toey,question,17,616,manual,lie,188.2,68.5,1,,,,0,38.54,0.047,0.019,89,question,9
2026-10-08 23:24:38.688,488.36,20261008_231630,toey,question,17,616,manual,lie,188.2,68.5,1,,,,0,38.55,0.049,0.019,90,question,9
2026-10-08 23:24:38.891,488.57,20261008_231630,toey,question,17,616,manual,lie,186.3,63.5,1,,,,0,38.55,0.052,0.018,90,question,9
2026-10-08 23:24:39.115,488.79,20261008_231630,toey,question,17,616,manual,lie,186.3,63.5,1,,,,0,38.56,0.054,0.019,90,question,9
2026-10-08 23:24:39.298,488.97,20261008_231630,toey,question,17,616,manual,lie,186.3,63.5,1,,,,0,38.56,0.053,0.019,90,question,9
2026-10-08 23:24:39.506,489.18,20261008_231630,toey,question,17,616,manual,lie,186.3,63.5,1,,,,0,38.57,0.049,0.017,90,question,9
2026-10-08 23:24:39.713,489.39,20261008_231630,toey,question,17,616,manual,lie,186.3,63.5,1,,,,0,38.57,0.048,0.018,90,question,9
2026-10-08 23:24:39.927,489.6,20261008_231630,toey,question,17,616,manual,lie,186.3,63.5,1,,,,0,38.57,0.047,0.017,91,question,9
2026-10-08 23:24:40.127,489.8,20261008_231630,toey,question,17,616,manual,lie,171.8,45.6,1,,,,0,38.58,0.049,0.016,89,question,9
2026-10-08 23:24:40.338,490.01,20261008_231630,toey,question,17,616,manual,lie,171.8,45.6,1,,,,0,38.58,0.051,0.018,89,question,9
2026-10-08 23:24:40.540,490.22,20261008_231630,toey,question,17,616,manual,lie,171.8,45.6,1,,,,0,38.58,0.051,0.019,88,question,9
2026-10-08 23:24:40.743,490.42,20261008_231630,toey,question,17,616,manual,lie,171.8,45.6,1,,,,0,38.58,0.051,0.019,87,question,9
2026-10-08 23:24:40.951,490.63,20261008_231630,toey,question,17,616,manual,lie,171.8,45.6,1,,,,0,38.59,0.052,0.019,87,question,9
2026-10-08 23:24:41.145,490.82,20261008_231630,toey,question,17,616,manual,lie,171.8,45.6,1,,,,0,38.59,0.059,0.028,87,question,9
2026-10-08 23:24:41.342,491.02,20261008_231630,toey,question,17,616,manual,lie,171.8,45.6,1,,,,0,38.61,0.061,0.034,86,question,9
2026-10-08 23:24:41.549,491.22,20261008_231630,toey,question,17,616,manual,lie,171.8,45.6,1,,,,0,38.61,0.063,0.032,86,question,9
2026-10-08 23:24:41.751,491.43,20261008_231630,toey,recovery,17,616,manual,lie,171.8,45.6,1,,,,0,38.61,0.058,0.03,86,ready,9
2026-10-08 23:24:41.958,491.63,20261008_231630,toey,recovery,17,616,manual,lie,171.8,45.6,1,,,,0,38.6,0.054,0.028,86,ready,9
2026-10-08 23:24:42.167,491.84,20261008_231630,toey,recovery,17,616,manual,lie,,,1,,,,0,38.61,0.05,0.026,77,ready,9
2026-10-08 23:24:42.506,492.18,20261008_231630,toey,recovery,17,616,manual,lie,,,1,,,,0,38.61,0.045,0.024,68,ready,9
2026-10-08 23:24:42.576,492.25,20261008_231630,toey,recovery,17,616,manual,lie,,,1,,,,0,38.61,0.041,0.022,61,ready,9
2026-10-08 23:24:42.801,492.48,20261008_231630,toey,recovery,17,616,manual,lie,,,1,,,,0,38.6,0.038,0.02,54,ready,9
2026-10-08 23:24:42.996,492.67,20261008_231630,toey,recovery,17,616,manual,lie,,,1,,,,0,38.61,0.032,0.017,43,ready,9
2026-10-08 23:24:43.199,492.87,20261008_231630,toey,recovery,17,616,manual,lie,,,1,,,,0,38.6,0.03,0.017,39,ready,9
2026-10-08 23:24:43.394,493.07,20261008_231630,toey,recovery,17,616,manual,lie,,,1,,,,0,38.61,0.032,0.016,36,ready,9
2026-10-08 23:24:43.631,493.31,20261008_231630,toey,recovery,17,616,manual,lie,,,1,,,,0,38.61,0.033,0.015,33,ready,9
2026-10-08 23:24:43.806,493.48,20261008_231630,toey,recovery,17,616,manual,lie,,,1,,,,0,38.61,0.031,0.014,31,ready,9
2026-10-08 23:24:44.012,493.69,20261008_231630,toey,recovery,17,616,manual,lie,,,1,,,,0,38.61,0.028,0.013,28,ready,9
2026-10-08 23:24:44.220,493.9,20261008_231630,toey,recovery,17,616,manual,lie,,,1,,,,0,38.61,0.026,0.012,26,ready,9
2026-10-08 23:24:44.448,494.12,20261008_231630,toey,recovery,17,616,manual,lie,,,1,,,,0,38.61,0.024,0.011,24,ready,9
2026-10-08 23:24:44.628,494.3,20261008_231630,toey,recovery,17,616,manual,lie,,,1,,,,0,38.61,0.022,0.01,23,ready,9
2026-10-08 23:24:44.859,494.53,20261008_231630,toey,rest,,,,,,,1,,,,0,38.61,0.02,0.009,21,ready,9
2026-10-08 23:24:45.047,494.72,20261008_231630,toey,rest,,,,,,,1,,,,0,38.61,0.019,0.009,20,ready,9
2026-10-08 23:24:45.241,494.92,20261008_231630,toey,rest,,,,,,,1,,,,0,38.61,0.018,0.008,18,ready,9
2026-10-08 23:24:45.451,495.13,20261008_231630,toey,rest,,,,,,,1,,,,0,38.61,0.017,0.008,17,ready,9
2026-10-08 23:24:45.645,495.32,20261008_231630,toey,rest,,,,,,,1,,,,0,38.61,0.016,0.008,16,ready,9
2026-10-08 23:24:45.880,495.56,20261008_231630,toey,rest,,,,,,,1,,,,0,38.61,0.015,0.007,15,ready,9
2026-10-08 23:24:46.056,495.73,20261008_231630,toey,rest,,,,,,,1,,,,0,38.61,0.014,0.007,15,ready,9
2026-10-08 23:24:46.281,495.96,20261008_231630,toey,rest,,,,,,,1,,,,0,38.6,0.014,0.006,14,ready,9
2026-10-08 23:24:46.456,496.13,20261008_231630,toey,question,18,617,manual,truth,,,1,,,,0,38.57,0.013,0.006,13,question,9
2026-10-08 23:24:46.658,496.33,20261008_231630,toey,question,18,617,manual,truth,,,1,,,,0,38.55,0.012,0.005,13,question,9
2026-10-08 23:24:46.858,496.53,20261008_231630,toey,question,18,617,manual,truth,,,1,,,,0,38.55,0.012,0.006,12,question,9
2026-10-08 23:24:47.066,496.74,20261008_231630,toey,question,18,617,manual,truth,,,1,,,,0,38.56,0.012,0.005,12,question,9
2026-10-08 23:24:47.281,496.96,20261008_231630,toey,question,18,617,manual,truth,,,1,,,,0,38.56,0.012,0.005,12,question,9
2026-10-08 23:24:47.476,497.15,20261008_231630,toey,question,18,617,manual,truth,,,1,,,,0,38.57,0.012,0.005,11,question,9
2026-10-08 23:24:47.680,497.36,20261008_231630,toey,question,18,617,manual,truth,,,1,,,,0,38.57,0.011,0.005,11,question,9
2026-10-08 23:24:47.886,497.56,20261008_231630,toey,question,18,617,manual,truth,,,1,,,,0,38.57,0.011,0.005,11,question,9
2026-10-08 23:24:48.095,497.77,20261008_231630,toey,question,18,617,manual,truth,,,1,,,,0,38.58,0.011,0.005,11,question,9
2026-10-08 23:24:48.309,497.98,20261008_231630,toey,question,18,617,manual,truth,,,1,,,,0,38.58,0.011,0.005,11,question,9
2026-10-08 23:24:48.513,498.19,20261008_231630,toey,question,18,617,manual,truth,,,1,,,,0,38.58,0.01,0.005,10,question,9
2026-10-08 23:24:48.715,498.39,20261008_231630,toey,question,18,617,manual,truth,,,1,,,,0,38.58,0.01,0.004,10,question,9
2026-10-08 23:24:48.927,498.6,20261008_231630,toey,question,18,617,manual,truth,79.3,,1,,,,0,38.59,0.009,0.004,10,question,9
2026-10-08 23:24:49.130,498.81,20261008_231630,toey,question,18,617,manual,truth,79.3,,1,,,,0,38.59,0.009,0.004,9,question,9
2026-10-08 23:24:49.336,499.01,20261008_231630,toey,question,18,617,manual,truth,79.3,,1,,,,0,38.59,0.01,0.004,9,question,9
2026-10-08 23:24:49.544,499.22,20261008_231630,toey,question,18,617,manual,truth,79.3,,1,,,,0,38.59,0.01,0.004,8,question,9
2026-10-08 23:24:49.749,499.42,20261008_231630,toey,question,18,617,manual,truth,72.3,,1,,,,0,38.59,0.01,0.003,8,question,9
2026-10-08 23:24:49.956,499.63,20261008_231630,toey,question,18,617,manual,truth,72.3,,1,,,,0,38.59,0.009,0.003,7,question,9
2026-10-08 23:24:50.166,499.84,20261008_231630,toey,question,18,617,manual,truth,72.3,,1,,,,0,38.6,0.01,0.004,7,question,9
2026-10-08 23:24:50.375,500.05,20261008_231630,toey,question,18,617,manual,truth,82.2,,1,,,,0,38.6,0.01,0.004,7,question,9
2026-10-08 23:24:50.591,500.27,20261008_231630,toey,question,18,617,manual,truth,82.2,,1,,,,0,38.6,0.009,0.004,7,question,9
2026-10-08 23:24:50.789,500.46,20261008_231630,toey,question,18,617,manual,truth,82.2,,1,,,,0,38.57,0.01,0.007,7,question,9
2026-10-08 23:24:50.996,500.67,20261008_231630,toey,question,18,617,manual,truth,82.2,,1,,,,0,38.56,0.01,0.007,7,question,9
2026-10-08 23:24:51.196,500.87,20261008_231630,toey,question,18,617,manual,truth,82.2,,1,,,,0,38.56,0.01,0.006,8,question,9
2026-10-08 23:24:51.409,501.08,20261008_231630,toey,question,18,617,manual,truth,95.2,,1,,,,0,38.57,0.011,0.006,9,question,9
2026-10-08 23:24:51.604,501.28,20261008_231630,toey,question,18,617,manual,truth,95.2,,1,,,,0,38.57,0.011,0.007,9,question,9
2026-10-08 23:24:51.810,501.48,20261008_231630,toey,question,18,617,manual,truth,98.1,,1,,,,0,38.58,0.011,0.007,10,question,9
2026-10-08 23:24:52.034,501.71,20261008_231630,toey,question,18,617,manual,truth,98.1,,1,,,,0,38.58,0.01,0.007,11,question,9
2026-10-08 23:24:52.223,501.9,20261008_231630,toey,question,18,617,manual,truth,98.1,166.8,1,,,,0,38.58,0.01,0.007,12,question,9
2026-10-08 23:24:52.449,502.12,20261008_231630,toey,question,18,617,manual,truth,98.1,166.8,1,,,,0,38.58,0.009,0.006,12,question,9
2026-10-08 23:24:52.639,502.31,20261008_231630,toey,question,18,617,manual,truth,98.1,166.8,1,,,,0,38.58,0.009,0.006,12,question,9
2026-10-08 23:24:52.836,502.51,20261008_231630,toey,question,18,617,manual,truth,109.9,157.9,1,,,,0,38.59,0.008,0.005,14,question,9
2026-10-08 23:24:53.041,502.72,20261008_231630,toey,question,18,617,manual,truth,109.9,157.9,1,,,,0,38.59,0.008,0.005,15,question,9
2026-10-08 23:24:53.248,502.92,20261008_231630,toey,question,18,617,manual,truth,109.9,157.9,1,,,,0,38.59,0.008,0.005,16,question,9
2026-10-08 23:24:53.453,503.13,20261008_231630,toey,question,18,617,manual,truth,109.9,157.9,1,,,,0,38.6,0.008,0.005,17,question,9
2026-10-08 23:24:53.650,503.32,20261008_231630,toey,question,18,617,manual,truth,109.9,157.9,1,,,,0,38.6,0.012,0.005,18,question,9
2026-10-08 23:24:53.855,503.53,20261008_231630,toey,question,18,617,manual,truth,109.9,157.9,1,,,,0,38.6,0.013,0.005,19,question,9
2026-10-08 23:24:54.060,503.74,20261008_231630,toey,question,18,617,manual,truth,109.9,157.9,1,,,,0,38.6,0.013,0.006,19,question,9
2026-10-08 23:24:54.268,503.94,20261008_231630,toey,question,18,617,manual,truth,110.6,157.9,1,,,,0,38.6,0.012,0.006,20,question,9
2026-10-08 23:24:54.471,504.15,20261008_231630,toey,question,18,617,manual,truth,110.6,157.9,1,,,,0,38.6,0.013,0.008,20,question,9
2026-10-08 23:24:54.679,504.35,20261008_231630,toey,question,18,617,manual,truth,110.6,157.9,1,,,,0,38.6,0.013,0.008,21,question,9
2026-10-08 23:24:54.886,504.56,20261008_231630,toey,question,18,617,manual,truth,112.6,144.2,1,,,,0,38.57,0.012,0.007,21,question,9
2026-10-08 23:24:55.086,504.76,20261008_231630,toey,question,18,617,manual,truth,112.6,144.2,1,,,,0,38.54,0.012,0.007,22,question,9
2026-10-08 23:24:55.295,504.97,20261008_231630,toey,question,18,617,manual,truth,112.6,144.2,1,,,,0,38.55,0.011,0.006,22,question,9
2026-10-08 23:24:55.501,505.18,20261008_231630,toey,question,18,617,manual,truth,112.6,144.2,1,,,,0,38.55,0.011,0.006,22,question,9
2026-10-08 23:24:55.706,505.38,20261008_231630,toey,question,18,617,manual,truth,112.6,144.2,1,,,,0,38.56,0.01,0.006,22,question,9
2026-10-08 23:24:55.919,505.59,20261008_231630,toey,question,18,617,manual,truth,112.6,144.2,1,,,,0,38.57,0.01,0.005,23,question,9
2026-10-08 23:24:56.123,505.8,20261008_231630,toey,question,18,617,manual,truth,112.6,144.2,1,,,,0,38.57,0.009,0.005,23,question,9
2026-10-08 23:24:56.328,506.0,20261008_231630,toey,question,18,617,manual,truth,112.6,144.2,1,,,,0,38.58,0.009,0.005,23,question,9
2026-10-08 23:24:56.535,506.21,20261008_231630,toey,question,18,617,manual,truth,112.6,144.2,1,,,,0,38.58,0.009,0.005,23,question,9
2026-10-08 23:24:56.740,506.42,20261008_231630,toey,question,18,617,manual,truth,112.6,144.2,1,,,,0,38.59,0.009,0.005,23,question,9
2026-10-08 23:24:56.947,506.62,20261008_231630,toey,question,18,617,manual,truth,110.6,158.9,1,,,,0,38.59,0.009,0.005,23,question,9
2026-10-08 23:24:57.157,506.83,20261008_231630,toey,question,18,617,manual,truth,110.6,158.9,1,,,,0,38.59,0.009,0.005,22,question,9
2026-10-08 23:24:57.357,507.03,20261008_231630,toey,question,18,617,manual,truth,112.6,168.0,1,,,,0,38.59,0.008,0.005,23,question,9
2026-10-08 23:24:57.568,507.24,20261008_231630,toey,question,18,617,manual,truth,112.6,168.0,1,,,,0,38.59,0.009,0.005,23,question,9
2026-10-08 23:24:57.774,507.45,20261008_231630,toey,question,18,617,manual,truth,154.9,146.3,1,,,,0,38.59,0.009,0.005,30,question,9
2026-10-08 23:24:57.979,507.65,20261008_231630,toey,question,18,617,manual,truth,154.9,146.3,1,,,,0,38.6,0.009,0.005,36,question,9
2026-10-08 23:24:58.187,507.86,20261008_231630,toey,question,18,617,manual,truth,156.8,128.1,1,,,,0,38.6,0.01,0.005,42,question,9
2026-10-08 23:24:58.391,508.07,20261008_231630,toey,recovery,18,617,manual,truth,156.8,128.1,1,,,,0,38.6,0.01,0.005,46,ready,9
2026-10-08 23:24:58.593,508.27,20261008_231630,toey,recovery,18,617,manual,truth,154.9,122.7,1,,,,0,38.6,0.01,0.005,49,ready,9
2026-10-08 23:24:58.803,508.48,20261008_231630,toey,recovery,18,617,manual,truth,154.9,122.7,1,,,,0,38.6,0.01,0.005,52,ready,9
2026-10-08 23:24:59.091,508.77,20261008_231630,toey,recovery,18,617,manual,truth,156.8,120.3,1,,,,0,38.6,0.009,0.005,57,ready,9
2026-10-08 23:24:59.221,508.9,20261008_231630,toey,recovery,18,617,manual,truth,156.8,117.8,1,,,,0,38.61,0.01,0.005,58,ready,9
2026-10-08 23:24:59.426,509.1,20261008_231630,toey,recovery,18,617,manual,truth,156.8,117.8,1,,,,0,38.61,0.01,0.007,60,ready,9
2026-10-08 23:24:59.631,509.31,20261008_231630,toey,recovery,18,617,manual,truth,157.9,111.3,1,,,,0,38.61,0.011,0.007,61,ready,9
2026-10-08 23:24:59.836,509.51,20261008_231630,toey,recovery,18,617,manual,truth,157.9,111.3,1,,,,0,38.55,0.012,0.007,62,ready,9
2026-10-08 23:25:00.048,509.72,20261008_231630,toey,recovery,18,617,manual,truth,157.9,111.3,1,,,,0,38.56,0.012,0.007,63,ready,9
2026-10-08 23:25:00.252,509.93,20261008_231630,toey,recovery,18,617,manual,truth,157.9,111.3,1,,,,0,38.56,0.011,0.007,64,ready,9
2026-10-08 23:25:00.459,510.13,20261008_231630,toey,recovery,18,617,manual,truth,157.9,111.3,1,,,,0,38.57,0.01,0.006,65,ready,9
2026-10-08 23:25:00.667,510.34,20261008_231630,toey,rest,,,,,157.9,111.3,1,,,,0,38.57,0.011,0.006,65,ready,9
2026-10-08 23:25:00.881,510.56,20261008_231630,toey,rest,,,,,157.9,111.3,1,,,,0,38.58,0.01,0.006,66,ready,9
2026-10-08 23:25:01.092,510.77,20261008_231630,toey,rest,,,,,157.9,111.3,1,,,,0,38.58,0.01,0.006,66,ready,9
2026-10-08 23:25:01.282,510.96,20261008_231630,toey,rest,,,,,157.9,111.3,1,,,,0,38.59,0.01,0.006,66,ready,9
2026-10-08 23:25:01.493,511.17,20261008_231630,toey,rest,,,,,157.9,111.3,1,,,,0,38.59,0.01,0.006,66,ready,9
2026-10-08 23:25:01.705,511.38,20261008_231630,toey,rest,,,,,157.9,111.3,1,,,,0,38.59,0.009,0.006,66,ready,9
2026-10-08 23:25:01.896,511.57,20261008_231630,toey,rest,,,,,157.9,111.3,1,,,,0,38.59,0.01,0.006,67,ready,9
2026-10-08 23:25:02.102,511.78,20261008_231630,toey,rest,,,,,157.9,111.3,1,,,,0,38.6,0.01,0.005,67,ready,9
2026-10-08 23:25:02.313,511.99,20261008_231630,toey,rest,,,,,157.9,111.3,1,,,,0,38.6,0.012,0.006,67,ready,9
2026-10-08 23:25:02.525,512.2,20261008_231630,toey,rest,,,,,157.9,114.9,1,,,,0,38.6,0.011,0.006,67,ready,9
2026-10-08 23:25:02.727,512.4,20261008_231630,toey,rest,,,,,157.9,114.9,1,,,,0,38.6,0.011,0.005,67,ready,9
2026-10-08 23:25:02.934,512.61,20261008_231630,toey,rest,,,,,157.9,114.4,1,,,,0,38.6,0.011,0.005,67,ready,9
2026-10-08 23:25:03.141,512.82,20261008_231630,toey,rest,,,,,157.9,114.4,1,,,,0,38.59,0.011,0.004,67,ready,9
2026-10-08 23:25:03.350,513.02,20261008_231630,toey,rest,,,,,158.8,90.2,1,,,,0,38.6,0.01,0.004,67,ready,9
2026-10-08 23:25:03.555,513.23,20261008_231630,toey,rest,,,,,158.8,90.2,1,,,,0,38.59,0.01,0.004,67,ready,9
2026-10-08 23:25:03.762,513.44,20261008_231630,toey,rest,,,,,158.8,90.2,1,,,,0,38.6,0.009,0.004,67,ready,9
2026-10-08 23:25:03.970,513.65,20261008_231630,toey,rest,,,,,158.8,90.2,1,,,,0,38.6,0.01,0.005,68,ready,9
2026-10-08 23:25:04.175,513.85,20261008_231630,toey,rest,,,,,158.8,90.2,1,,,,0,38.62,0.01,0.005,68,ready,9
2026-10-08 23:25:04.382,514.06,20261008_231630,toey,rest,,,,,158.8,90.2,1,,,,0,38.57,0.01,0.005,68,ready,9
2026-10-08 23:25:04.582,514.26,20261008_231630,toey,rest,,,,,158.8,90.2,1,,,,0,38.57,0.009,0.004,68,ready,9
2026-10-08 23:25:04.795,514.47,20261008_231630,toey,rest,,,,,158.8,90.2,1,,,,0,38.58,0.01,0.004,68,ready,9
2026-10-08 23:25:05.000,514.68,20261008_231630,toey,rest,,,,,158.8,90.2,1,,,,0,38.58,0.01,0.005,68,ready,9
2026-10-08 23:25:05.201,514.88,20261008_231630,toey,rest,,,,,158.8,90.2,1,,,,0,38.58,0.011,0.005,68,ready,9
2026-10-08 23:25:05.415,515.09,20261008_231630,toey,rest,,,,,158.8,90.2,1,,,,0,38.59,0.011,0.005,68,ready,9
2026-10-08 23:25:05.619,515.29,20261008_231630,toey,rest,,,,,158.8,90.2,1,,,,0,38.59,0.011,0.005,68,ready,9
2026-10-08 23:25:05.828,515.5,20261008_231630,toey,rest,,,,,,,1,,,,0,38.6,0.01,0.004,57,ready,9
2026-10-08 23:25:06.016,515.69,20261008_231630,toey,rest,,,,,140.1,,1,,,,0,38.6,0.01,0.004,56,ready,9
2026-10-08 23:25:06.225,515.9,20261008_231630,toey,rest,,,,,140.1,,1,,,,0,38.61,0.01,0.004,55,ready,9
2026-10-08 23:25:06.451,516.13,20261008_231630,toey,rest,,,,,140.1,,1,,,,0,38.61,0.01,0.004,54,ready,9
2026-10-08 23:25:06.632,516.31,20261008_231630,toey,rest,,,,,140.1,,1,,,,0,38.61,0.009,0.004,53,ready,9
2026-10-08 23:25:06.836,516.51,20261008_231630,toey,rest,,,,,140.1,,1,,,,0,38.62,0.009,0.003,52,ready,9
2026-10-08 23:25:07.041,516.72,20261008_231630,toey,rest,,,,,114.4,,1,,,,0,38.61,0.009,0.004,47,ready,9
2026-10-08 23:25:07.250,516.93,20261008_231630,toey,rest,,,,,114.4,,1,,,,0,38.62,0.009,0.004,43,ready,9
2026-10-08 23:25:07.451,517.13,20261008_231630,toey,rest,,,,,114.4,,1,,,,0,38.62,0.009,0.004,40,ready,9
2026-10-08 23:25:07.659,517.33,20261008_231630,toey,rest,,,,,114.4,,1,,,,0,38.63,0.012,0.005,37,ready,9
2026-10-08 23:25:07.861,517.54,20261008_231630,toey,rest,,,,,114.4,,1,,,,0,38.59,0.013,0.005,35,ready,9
2026-10-08 23:25:08.067,517.74,20261008_231630,toey,rest,,,,,114.4,,1,,,,0,38.59,0.014,0.006,33,ready,9
2026-10-08 23:25:08.308,517.98,20261008_231630,toey,rest,,,,,114.2,,1,,,,0,38.55,0.014,0.006,32,ready,9
2026-10-08 23:25:08.472,518.15,20261008_231630,toey,rest,,,,,114.2,,1,,,,0,38.52,0.013,0.006,31,ready,9
2026-10-08 23:25:08.673,518.35,20261008_231630,toey,rest,,,,,114.4,,1,,,,0,38.53,0.014,0.006,30,ready,9
2026-10-08 23:25:08.874,518.55,20261008_231630,toey,rest,,,,,114.4,,1,,,,0,38.54,0.013,0.005,29,ready,9
2026-10-08 23:25:09.071,518.75,20261008_231630,toey,rest,,,,,114.4,,1,,,,0,38.55,0.013,0.005,28,ready,9
2026-10-08 23:25:09.272,518.95,20261008_231630,toey,rest,,,,,114.4,,1,,,,0,38.56,0.013,0.005,28,ready,9
2026-10-08 23:25:09.471,519.15,20261008_231630,toey,rest,,,,,114.4,,1,,,,0,38.56,0.013,0.005,27,ready,9
2026-10-08 23:25:09.674,519.35,20261008_231630,toey,rest,,,,,113.9,,1,,,,0,38.57,0.013,0.005,27,ready,9
2026-10-08 23:25:09.878,519.55,20261008_231630,toey,rest,,,,,113.9,,1,,,,0,38.57,0.013,0.005,26,ready,9
2026-10-08 23:25:10.084,519.76,20261008_231630,toey,rest,,,,,113.9,,1,,,,0,38.58,0.015,0.008,26,ready,9
2026-10-08 23:25:10.297,519.97,20261008_231630,toey,rest,,,,,113.9,,1,,,,0,38.58,0.02,0.009,26,ready,9
2026-10-08 23:25:10.670,520.35,20261008_231630,toey,rest,,,,,113.9,,1,,,,0,38.59,0.02,0.01,26,ready,9
2026-10-08 23:25:10.692,520.37,20261008_231630,toey,rest,,,,,113.9,,1,,,,0,38.59,0.023,0.01,26,ready,9
2026-10-08 23:25:10.902,520.58,20261008_231630,toey,rest,,,,,113.9,,1,,,,0,38.59,0.038,0.019,27,ready,9
2026-10-08 23:25:11.110,520.79,20261008_231630,toey,rest,,,,,113.9,,1,,,,0,38.6,0.038,0.019,27,ready,9
2026-10-08 23:25:11.315,520.99,20261008_231630,toey,rest,,,,,124.2,272.6,1,,,,0,38.6,0.037,0.018,30,ready,9
2026-10-08 23:25:11.523,521.2,20261008_231630,toey,rest,,,,,124.2,272.6,1,,,,0,38.6,0.036,0.017,31,ready,9
2026-10-08 23:25:11.731,521.41,20261008_231630,toey,rest,,,,,124.2,272.6,1,,,,0,38.6,0.032,0.015,33,ready,9
2026-10-08 23:25:11.948,521.62,20261008_231630,toey,rest,,,,,124.2,272.6,1,,,,0,38.61,0.03,0.014,34,ready,9
2026-10-08 23:25:12.142,521.82,20261008_231630,toey,rest,,,,,124.2,272.6,1,,,,0,38.61,0.028,0.013,34,ready,9
2026-10-08 23:25:12.351,522.03,20261008_231630,toey,rest,,,,,124.2,272.6,1,,,,0,38.61,0.026,0.012,35,ready,9
2026-10-08 23:25:12.556,522.23,20261008_231630,toey,rest,,,,,124.2,272.6,1,,,,0,38.61,0.023,0.011,35,ready,9
2026-10-08 23:25:12.762,522.44,20261008_231630,toey,rest,,,,,124.2,272.6,1,,,,0,38.55,0.022,0.011,35,ready,9
2026-10-08 23:25:13.016,522.69,20261008_231630,toey,rest,,,,,124.2,272.6,1,,,,0,38.56,0.02,0.01,35,ready,9
2026-10-08 23:25:13.171,522.85,20261008_231630,toey,rest,,,,,124.2,272.6,1,,,,0,38.56,0.018,0.009,35,ready,9
2026-10-08 23:25:13.381,523.06,20261008_231630,toey,rest,,,,,124.2,272.6,1,,,,0,38.57,0.019,0.009,35,ready,9
2026-10-08 23:25:13.582,523.26,20261008_231630,toey,rest,,,,,124.2,272.6,1,,,,0,38.58,0.033,0.012,36,ready,9
2026-10-08 23:25:13.792,523.47,20261008_231630,toey,rest,,,,,124.2,272.6,1,,,,0,38.58,0.034,0.012,36,ready,9
2026-10-08 23:25:13.998,523.67,20261008_231630,toey,rest,,,,,124.2,272.6,1,,,,0,38.59,0.031,0.012,37,ready,9
2026-10-08 23:25:16.027,525.7,20261008_231630,toey,rest,,,,,139.4,272.6,1,,,,0,38.6,0.015,0.009,49,ready,9
2026-10-08 23:25:16.222,525.9,20261008_231630,toey,rest,,,,,139.4,272.6,1,,,,0,38.6,0.015,0.009,49,ready,9
2026-10-08 23:25:16.432,526.11,20261008_231630,toey,rest,,,,,139.4,272.6,1,,,,0,38.61,0.015,0.008,49,ready,9
2026-10-08 23:25:16.641,526.32,20261008_231630,toey,rest,,,,,139.4,272.6,1,,,,0,38.61,0.015,0.008,49,ready,9
2026-10-08 23:25:16.848,526.52,20261008_231630,toey,rest,,,,,133.1,272.6,1,,,,0,38.61,0.015,0.008,48,ready,9
2026-10-08 23:25:17.049,526.72,20261008_231630,toey,rest,,,,,133.1,272.6,1,,,,0,38.61,0.014,0.008,47,ready,9
2026-10-08 23:25:17.253,526.93,20261008_231630,toey,rest,,,,,139.4,245.3,1,,,,0,38.61,0.014,0.008,48,ready,9
2026-10-08 23:25:17.458,527.13,20261008_231630,toey,rest,,,,,139.4,245.3,1,,,,0,38.61,0.013,0.008,48,ready,9
2026-10-08 23:25:17.663,527.34,20261008_231630,toey,rest,,,,,139.4,245.3,1,,,,0,38.61,0.013,0.007,48,ready,9
2026-10-08 23:25:17.869,527.54,20261008_231630,toey,rest,,,,,139.4,228.3,1,,,,0,38.61,0.012,0.007,48,ready,9
2026-10-08 23:25:18.077,527.75,20261008_231630,toey,rest,,,,,139.4,228.3,1,,,,0,38.63,0.012,0.006,48,ready,9
2026-10-08 23:25:18.290,527.97,20261008_231630,toey,rest,,,,,139.4,223.1,1,,,,0,38.62,0.012,0.006,48,ready,8
2026-10-08 23:25:18.489,528.16,20261008_231630,toey,rest,,,,,139.4,223.1,1,,,,0,38.62,0.011,0.006,48,ready,8
2026-10-08 23:25:18.695,528.37,20261008_231630,toey,rest,,,,,139.4,223.1,1,,,,0,38.62,0.011,0.006,49,ready,8
2026-10-08 23:25:18.905,528.58,20261008_231630,toey,rest,,,,,139.4,223.1,1,,,,0,38.63,0.01,0.006,48,ready,8
2026-10-08 23:25:19.103,528.78,20261008_231630,toey,rest,,,,,139.4,223.1,1,,,,0,38.62,0.01,0.005,48,ready,8
2026-10-08 23:25:19.309,528.98,20261008_231630,toey,rest,,,,,139.4,223.1,1,,,,0,38.62,0.011,0.006,48,ready,8
2026-10-08 23:25:19.544,529.22,20261008_231630,toey,rest,,,,,139.4,223.1,1,,,,0,38.63,0.012,0.005,49,ready,8
2026-10-08 23:25:19.723,529.4,20261008_231630,toey,rest,,,,,139.4,223.1,1,,,,0,38.62,0.012,0.005,49,ready,9
2026-10-08 23:25:19.946,529.62,20261008_231630,toey,rest,,,,,139.4,223.1,1,,,,0,38.62,0.011,0.004,49,ready,9
2026-10-08 23:25:22.052,531.73,20261008_231630,toey,rest,,,,,161.1,101.5,1,,,,0,38.63,0.021,0.01,67,ready,9
2026-10-08 23:25:22.250,531.93,20261008_231630,toey,rest,,,,,161.1,101.5,1,,,,0,38.63,0.021,0.01,67,ready,9
2026-10-08 23:25:22.461,532.14,20261008_231630,toey,rest,,,,,161.1,101.5,1,,,,0,38.63,0.019,0.009,68,ready,9
2026-10-08 23:25:22.661,532.34,20261008_231630,toey,rest,,,,,,,1,,,,0,38.63,0.017,0.009,58,ready,9
2026-10-08 23:25:22.869,532.54,20261008_231630,toey,rest,,,,,,,1,,,,0,38.63,0.017,0.007,43,ready,9
2026-10-08 23:25:23.076,532.75,20261008_231630,toey,rest,,,,,,,1,,,,0,38.63,0.016,0.007,37,ready,9
2026-10-08 23:25:23.276,532.95,20261008_231630,toey,rest,,,,,,,1,,,,0,38.64,0.015,0.007,33,ready,9
2026-10-08 23:25:23.484,533.16,20261008_231630,toey,rest,,,,,84.8,,1,,,,0,38.65,0.014,0.006,28,ready,8
2026-10-08 23:25:23.689,533.36,20261008_231630,toey,rest,,,,,84.8,,1,,,,0,38.64,0.013,0.006,25,ready,8
2026-10-08 23:25:23.893,533.57,20261008_231630,toey,rest,,,,,107.6,,1,,,,0,38.64,0.012,0.005,24,ready,8
2026-10-08 23:25:24.098,533.77,20261008_231630,toey,rest,,,,,107.6,,1,,,,0,38.64,0.012,0.005,23,ready,9
2026-10-08 23:25:24.304,533.98,20261008_231630,toey,rest,,,,,122.9,,1,,,,0,38.64,0.011,0.005,25,ready,9
2026-10-08 23:25:24.513,534.19,20261008_231630,toey,rest,,,,,122.9,,1,,,,0,38.64,0.011,0.005,26,ready,8
2026-10-08 23:25:24.717,534.39,20261008_231630,toey,rest,,,,,143.1,266.1,1,,,,0,38.64,0.01,0.005,31,ready,8
2026-10-08 23:25:24.922,534.6,20261008_231630,toey,rest,,,,,143.1,266.1,1,,,,0,38.64,0.01,0.005,35,ready,8
2026-10-08 23:25:25.129,534.8,20261008_231630,toey,rest,,,,,143.1,243.2,1,,,,0,38.64,0.01,0.005,38,ready,8
2026-10-08 23:25:25.335,535.01,20261008_231630,toey,rest,,,,,143.1,243.2,1,,,,0,38.64,0.011,0.005,41,ready,9
2026-10-08 23:25:25.544,535.22,20261008_231630,toey,rest,,,,,143.1,243.2,1,,,,0,38.64,0.01,0.005,43,ready,9
2026-10-08 23:25:25.751,535.43,20261008_231630,toey,rest,,,,,143.1,243.2,1,,,,0,38.64,0.01,0.005,44,ready,9
2026-10-08 23:25:25.956,535.63,20261008_231630,toey,rest,,,,,143.1,243.2,1,,,,0,38.64,0.01,0.004,46,ready,9
2026-10-08 23:25:26.155,535.83,20261008_231630,toey,rest,,,,,143.1,243.2,1,,,,0,38.64,0.01,0.004,47,ready,9
2026-10-08 23:25:26.381,536.06,20261008_231630,toey,rest,,,,,143.1,243.2,1,,,,0,38.64,0.01,0.004,48,ready,9
2026-10-08 23:25:26.588,536.26,20261008_231630,toey,rest,,,,,143.1,243.2,1,,,,0,38.64,0.009,0.003,49,ready,9
2026-10-08 23:25:26.799,536.47,20261008_231630,toey,rest,,,,,143.1,243.2,1,,,,0,38.59,0.009,0.004,49,ready,8
2026-10-08 23:25:27.011,536.69,20261008_231630,toey,rest,,,,,144.5,243.2,1,,,,0,38.6,0.009,0.004,50,ready,8
2026-10-08 23:25:27.189,536.86,20261008_231630,toey,rest,,,,,144.5,243.2,1,,,,0,38.6,0.01,0.004,51,ready,9
2026-10-08 23:25:27.403,537.08,20261008_231630,toey,rest,,,,,144.5,243.2,1,,,,0,38.61,0.01,0.004,51,ready,9
2026-10-08 23:25:27.613,537.29,20261008_231630,toey,rest,,,,,144.5,243.2,1,,,,0,38.58,0.009,0.004,52,ready,8
2026-10-08 23:25:27.819,537.49,20261008_231630,toey,rest,,,,,144.5,243.2,1,,,,0,38.55,0.009,0.004,52,ready,8
2026-10-08 23:25:28.024,537.7,20261008_231630,toey,rest,,,,,144.5,243.2,1,,,,0,38.55,0.008,0.004,52,ready,8
2026-10-08 23:25:28.226,537.9,20261008_231630,toey,rest,,,,,144.5,243.2,1,,,,0,38.56,0.009,0.004,53,ready,8
2026-10-08 23:25:28.422,538.1,20261008_231630,toey,recovery,19,618,manual,truth,144.5,243.2,1,,,,0,38.57,0.008,0.005,53,ready,8
2026-10-08 23:25:28.622,538.3,20261008_231630,toey,question,19,618,manual,truth,150.0,243.2,1,,,,0,38.58,0.008,0.005,54,question,8
2026-10-08 23:25:28.829,538.5,20261008_231630,toey,question,19,618,manual,truth,150.0,243.2,1,,,,0,38.58,0.008,0.005,55,question,8
2026-10-08 23:25:29.095,538.77,20261008_231630,toey,question,19,618,manual,truth,150.0,227.6,1,,,,0,38.58,0.008,0.006,56,question,8
2026-10-08 23:25:29.244,538.92,20261008_231630,toey,question,19,618,manual,truth,150.0,227.6,1,,,,0,38.59,0.008,0.006,56,question,8
2026-10-08 23:25:29.458,539.13,20261008_231630,toey,question,19,618,manual,truth,152.3,216.2,1,,,,0,38.59,0.009,0.005,57,question,9
2026-10-08 23:25:29.710,539.39,20261008_231630,toey,question,19,618,manual,truth,152.3,216.2,1,,,,0,38.59,0.008,0.006,58,question,9
2026-10-08 23:25:29.863,539.54,20261008_231630,toey,question,19,618,manual,truth,152.3,216.2,1,,,,0,38.6,0.009,0.005,59,question,9
2026-10-08 23:25:30.067,539.74,20261008_231630,toey,question,19,618,manual,truth,152.3,216.2,1,,,,0,38.6,0.009,0.005,59,question,9
2026-10-08 23:25:30.276,539.95,20261008_231630,toey,question,19,618,manual,truth,152.3,216.2,1,,,,0,38.6,0.008,0.006,60,question,9
2026-10-08 23:25:30.484,540.16,20261008_231630,toey,question,19,618,manual,truth,152.3,216.2,1,,,,0,38.61,0.008,0.006,60,question,9
2026-10-08 23:25:30.693,540.37,20261008_231630,toey,question,19,618,manual,truth,152.3,216.2,1,,,,0,38.61,0.008,0.006,60,question,9
2026-10-08 23:25:30.893,540.57,20261008_231630,toey,question,19,618,manual,truth,,,1,,,,0,38.61,0.007,0.006,51,question,9
2026-10-08 23:25:31.104,540.78,20261008_231630,toey,question,19,618,manual,truth,,,1,,,,0,38.61,0.008,0.006,43,question,9
2026-10-08 23:25:31.312,540.99,20261008_231630,toey,question,19,618,manual,truth,134.1,,1,,,,0,38.61,0.008,0.005,43,question,9
2026-10-08 23:25:31.514,541.19,20261008_231630,toey,question,19,618,manual,truth,134.1,,1,,,,0,38.62,0.008,0.006,43,question,9
2026-10-08 23:25:31.723,541.4,20261008_231630,toey,question,19,618,manual,truth,124.3,,1,,,,0,38.62,0.008,0.005,41,question,9
2026-10-08 23:25:31.960,541.64,20261008_231630,toey,question,19,618,manual,truth,124.3,,1,,,,0,38.56,0.007,0.005,40,question,9
2026-10-08 23:25:32.137,541.81,20261008_231630,toey,question,19,618,manual,truth,124.3,,1,,,,0,38.56,0.008,0.005,38,question,8
2026-10-08 23:25:32.343,542.02,20261008_231630,toey,question,19,618,manual,truth,124.3,,1,,,,0,38.57,0.008,0.005,37,question,9
2026-10-08 23:25:32.548,542.22,20261008_231630,toey,question,19,618,manual,truth,124.3,,1,,,,0,38.57,0.008,0.004,37,question,9
2026-10-08 23:25:32.753,542.43,20261008_231630,toey,question,19,618,manual,truth,124.3,,1,,,,0,38.58,0.007,0.005,36,question,9
2026-10-08 23:25:32.961,542.64,20261008_231630,toey,question,19,618,manual,truth,123.6,,1,,,,0,38.58,0.007,0.005,35,question,9
2026-10-08 23:25:33.167,542.84,20261008_231630,toey,question,19,618,manual,truth,123.6,,1,,,,0,38.59,0.008,0.004,35,question,9
2026-10-08 23:25:33.401,543.08,20261008_231630,toey,question,19,618,manual,truth,124.3,,1,,,,0,38.59,0.009,0.005,34,question,9
2026-10-08 23:25:33.582,543.26,20261008_231630,toey,question,19,618,manual,truth,124.3,,1,,,,0,38.59,0.009,0.005,34,question,9
2026-10-08 23:25:33.792,543.47,20261008_231630,toey,question,19,618,manual,truth,124.3,,1,,,,0,38.59,0.008,0.005,34,question,9
2026-10-08 23:25:34.008,543.68,20261008_231630,toey,question,19,618,manual,truth,124.3,193.4,1,,,,0,38.6,0.008,0.004,34,question,9
2026-10-08 23:25:34.204,543.88,20261008_231630,toey,question,19,618,manual,truth,124.3,193.4,1,,,,0,38.6,0.008,0.005,33,question,9
2026-10-08 23:25:34.406,544.08,20261008_231630,toey,question,19,618,manual,truth,124.3,193.4,1,,,,0,38.6,0.009,0.005,33,question,9
2026-10-08 23:25:34.614,544.29,20261008_231630,toey,question,19,618,manual,truth,124.3,193.4,1,,,,0,38.6,0.009,0.005,33,question,9
2026-10-08 23:25:34.826,544.5,20261008_231630,toey,question,19,618,manual,truth,124.3,193.4,1,,,,0,38.6,0.009,0.005,33,question,9
2026-10-08 23:25:35.043,544.72,20261008_231630,toey,question,19,618,manual,truth,124.3,193.4,1,,,,0,38.61,0.009,0.005,33,question,9
2026-10-08 23:25:35.238,544.91,20261008_231630,toey,question,19,618,manual,truth,124.3,193.4,1,,,,0,38.61,0.01,0.005,33,question,9
2026-10-08 23:25:35.448,545.12,20261008_231630,toey,question,19,618,manual,truth,124.3,193.4,1,,,,0,38.61,0.01,0.005,33,question,9
2026-10-08 23:25:35.660,545.33,20261008_231630,toey,question,19,618,manual,truth,124.3,193.4,1,,,,0,38.61,0.011,0.006,33,question,9
2026-10-08 23:25:35.862,545.54,20261008_231630,toey,question,19,618,manual,truth,124.3,193.4,1,,,,0,38.59,0.011,0.005,33,question,9
2026-10-08 23:25:36.067,545.74,20261008_231630,toey,question,19,618,manual,truth,124.3,193.4,1,,,,0,38.59,0.011,0.005,33,question,9
2026-10-08 23:25:36.274,545.95,20261008_231630,toey,question,19,618,manual,truth,124.3,193.4,1,,,,0,38.53,0.01,0.005,33,question,8
2026-10-08 23:25:36.482,546.16,20261008_231630,toey,question,19,618,manual,truth,124.3,193.4,1,,,,0,38.54,0.012,0.005,33,question,8
2026-10-08 23:25:36.687,546.36,20261008_231630,toey,question,19,618,manual,truth,124.3,193.4,1,,,,0,38.55,0.012,0.005,33,question,8
2026-10-08 23:25:36.891,546.57,20261008_231630,toey,question,19,618,manual,truth,122.9,193.4,1,,,,0,38.56,0.012,0.005,33,question,9
2026-10-08 23:25:37.105,546.78,20261008_231630,toey,question,19,618,manual,truth,122.9,193.4,1,,,,0,38.56,0.013,0.008,33,question,9
2026-10-08 23:25:37.303,546.98,20261008_231630,toey,question,19,618,manual,truth,140.6,186.7,1,,,,0,38.57,0.017,0.009,36,question,9
2026-10-08 23:25:37.511,547.19,20261008_231630,toey,question,19,618,manual,truth,140.6,186.7,1,,,,0,38.57,0.016,0.009,39,question,9
2026-10-08 23:25:37.717,547.39,20261008_231630,toey,question,19,618,manual,truth,140.6,170.5,1,,,,0,38.58,0.017,0.009,41,question,9
2026-10-08 23:25:37.923,547.6,20261008_231630,toey,question,19,618,manual,truth,140.6,170.5,1,,,,0,38.58,0.016,0.008,43,question,9
2026-10-08 23:25:38.134,547.81,20261008_231630,toey,question,19,618,manual,truth,153.8,158.3,1,,,,0,38.58,0.016,0.008,47,question,9
2026-10-08 23:25:38.346,548.02,20261008_231630,toey,question,19,618,manual,truth,153.8,158.3,1,,,,0,38.58,0.015,0.007,50,question,9
2026-10-08 23:25:38.544,548.22,20261008_231630,toey,question,19,618,manual,truth,153.8,158.3,1,,,,0,38.59,0.017,0.007,53,question,9
2026-10-08 23:25:38.755,548.43,20261008_231630,toey,question,19,618,manual,truth,153.8,158.3,1,,,,0,38.59,0.018,0.007,55,question,9
2026-10-08 23:25:38.962,548.64,20261008_231630,toey,question,19,618,manual,truth,153.8,158.3,1,,,,0,38.59,0.017,0.007,57,question,9
2026-10-08 23:25:39.181,548.86,20261008_231630,toey,question,19,618,manual,truth,153.8,158.3,1,,,,0,38.6,0.019,0.008,58,question,9
2026-10-08 23:25:39.379,549.05,20261008_231630,toey,question,19,618,manual,truth,153.8,158.3,1,,,,0,38.6,0.017,0.007,60,question,9
2026-10-08 23:25:39.586,549.26,20261008_231630,toey,question,19,618,manual,truth,159.4,128.4,1,,,,0,38.6,0.017,0.008,61,question,9
2026-10-08 23:25:39.793,549.47,20261008_231630,toey,question,19,618,manual,truth,159.4,128.4,1,,,,0,38.6,0.016,0.007,63,question,9
2026-10-08 23:25:39.993,549.67,20261008_231630,toey,question,19,618,manual,truth,159.4,114.0,1,,,,0,38.6,0.015,0.007,64,question,9
2026-10-08 23:25:40.203,549.88,20261008_231630,toey,question,19,618,manual,truth,159.4,106.6,1,,,,0,38.6,0.014,0.006,65,question,9
2026-10-08 23:25:40.405,550.08,20261008_231630,toey,recovery,19,618,manual,truth,159.4,106.6,1,,,,0,38.61,0.013,0.006,66,ready,9
2026-10-08 23:25:40.610,550.28,20261008_231630,toey,recovery,19,618,manual,truth,159.4,106.6,1,,,,0,38.6,0.013,0.006,66,ready,9
2026-10-08 23:25:40.810,550.48,20261008_231630,toey,recovery,19,618,manual,truth,159.4,106.6,1,,,,0,38.61,0.012,0.005,67,ready,9
2026-10-08 23:25:41.017,550.69,20261008_231630,toey,recovery,19,618,manual,truth,159.4,106.6,1,,,,0,38.61,0.013,0.005,67,ready,9
2026-10-08 23:25:41.226,550.9,20261008_231630,toey,recovery,19,618,manual,truth,174.0,104.9,1,,,,0,38.61,0.013,0.005,70,ready,9
2026-10-08 23:25:41.435,551.11,20261008_231630,toey,recovery,19,618,manual,truth,174.0,104.9,1,,,,0,38.61,0.012,0.005,72,ready,9
2026-10-08 23:25:41.638,551.31,20261008_231630,toey,recovery,19,618,manual,truth,174.0,104.9,1,,,,0,38.62,0.012,0.005,73,ready,9
2026-10-08 23:25:41.842,551.52,20261008_231630,toey,recovery,19,618,manual,truth,174.0,104.9,1,,,,0,38.62,0.012,0.005,75,ready,9
2026-10-08 23:25:42.050,551.72,20261008_231630,toey,recovery,19,618,manual,truth,174.0,104.9,1,,,,0,38.59,0.011,0.005,76,ready,9
2026-10-08 23:25:42.307,551.98,20261008_231630,toey,recovery,19,618,manual,truth,174.0,75.8,1,,,,0,38.59,0.01,0.005,76,ready,9
2026-10-08 23:25:42.458,552.13,20261008_231630,toey,recovery,19,618,manual,truth,174.0,75.8,1,,,,0,38.59,0.011,0.005,77,ready,9
2026-10-08 23:25:42.666,552.34,20261008_231630,toey,recovery,19,618,manual,truth,174.0,75.8,1,,,,0,38.6,0.011,0.007,78,ready,9
2026-10-08 23:25:42.868,552.54,20261008_231630,toey,recovery,19,618,manual,truth,174.0,75.8,1,,,,0,38.6,0.01,0.007,78,ready,9
2026-10-08 23:25:43.076,552.75,20261008_231630,toey,rest,,,,,183.0,75.8,1,,,,0,38.6,0.01,0.008,79,ready,9
2026-10-08 23:25:43.312,552.99,20261008_231630,toey,rest,,,,,183.0,75.8,1,,,,0,38.6,0.01,0.007,81,ready,9
2026-10-08 23:25:43.488,553.16,20261008_231630,toey,rest,,,,,183.0,75.8,1,,,,0,38.62,0.011,0.007,81,ready,9
2026-10-08 23:25:43.696,553.37,20261008_231630,toey,rest,,,,,183.0,75.8,1,,,,0,38.62,0.01,0.006,83,ready,9
2026-10-08 23:25:43.902,553.58,20261008_231630,toey,rest,,,,,183.0,75.8,1,,,,0,38.62,0.011,0.006,83,ready,9
2026-10-08 23:25:44.108,553.78,20261008_231630,toey,rest,,,,,183.0,75.8,1,,,,0,38.62,0.012,0.006,84,ready,9
2026-10-08 23:25:44.311,553.99,20261008_231630,toey,rest,,,,,183.0,75.8,1,,,,0,38.62,0.013,0.006,84,ready,9
2026-10-08 23:25:44.560,554.24,20261008_231630,toey,rest,,,,,183.0,75.8,1,,,,0,38.63,0.012,0.006,84,ready,9
2026-10-08 23:25:44.730,554.4,20261008_231630,toey,rest,,,,,183.0,75.8,1,,,,0,38.62,0.013,0.005,85,ready,9
2026-10-08 23:25:44.926,554.6,20261008_231630,toey,rest,,,,,,,1,,,,0,38.63,0.012,0.005,71,ready,9
2026-10-08 23:25:45.132,554.81,20261008_231630,toey,question,20,619,manual,truth,128.4,,1,,,,0,38.63,0.013,0.005,65,question,9
2026-10-08 23:25:45.336,555.01,20261008_231630,toey,question,20,619,manual,truth,128.4,,1,,,,0,38.63,0.013,0.005,60,question,9
2026-10-08 23:25:45.541,555.22,20261008_231630,toey,question,20,619,manual,truth,128.4,,1,,,,0,38.63,0.012,0.005,56,question,9
2026-10-08 23:25:45.784,555.46,20261008_231630,toey,question,20,619,manual,truth,105.2,,1,,,,0,38.63,0.012,0.004,49,question,9
2026-10-08 23:25:45.951,555.63,20261008_231630,toey,question,20,619,manual,truth,105.2,,1,,,,0,38.63,0.013,0.005,44,question,9
2026-10-08 23:25:46.158,555.83,20261008_231630,toey,question,20,619,manual,truth,105.2,,1,,,,0,38.64,0.012,0.006,39,question,9
2026-10-08 23:25:46.380,556.06,20261008_231630,toey,question,20,619,manual,truth,110.6,,1,,,,0,38.58,0.012,0.005,36,question,9
2026-10-08 23:25:46.577,556.25,20261008_231630,toey,question,20,619,manual,truth,110.6,,1,,,,0,38.58,0.011,0.006,34,question,9
2026-10-08 23:25:46.782,556.46,20261008_231630,toey,question,20,619,manual,truth,110.6,,1,,,,0,38.59,0.011,0.005,31,question,9
2026-10-08 23:25:47.021,556.7,20261008_231630,toey,question,20,619,manual,truth,110.6,,1,,,,0,38.6,0.01,0.005,30,question,9
2026-10-08 23:25:47.196,556.87,20261008_231630,toey,question,20,619,manual,truth,110.6,,1,,,,0,38.6,0.01,0.005,28,question,9
2026-10-08 23:25:47.401,557.08,20261008_231630,toey,question,20,619,manual,truth,110.6,,1,,,,0,38.61,0.011,0.005,27,question,9
2026-10-08 23:25:47.602,557.28,20261008_231630,toey,question,20,619,manual,truth,116.6,,1,,,,0,38.61,0.01,0.005,27,question,9
2026-10-08 23:25:47.833,557.51,20261008_231630,toey,question,20,619,manual,truth,116.6,,1,,,,0,38.61,0.01,0.006,27,question,9
2026-10-08 23:25:48.015,557.69,20261008_231630,toey,question,20,619,manual,truth,116.6,,1,,,,0,38.61,0.009,0.005,27,question,9
2026-10-08 23:25:48.219,557.89,20261008_231630,toey,question,20,619,manual,truth,116.6,,1,,,,0,38.62,0.009,0.005,27,question,9
2026-10-08 23:25:48.447,558.12,20261008_231630,toey,question,20,619,manual,truth,136.4,,1,,,,0,38.62,0.012,0.005,30,question,9
2026-10-08 23:25:48.636,558.31,20261008_231630,toey,question,20,619,manual,truth,136.4,,1,,,,0,38.62,0.012,0.005,33,question,9
2026-10-08 23:25:48.839,558.51,20261008_231630,toey,question,20,619,manual,truth,132.1,168.1,1,,,,0,38.62,0.012,0.006,34,question,9
2026-10-08 23:25:49.061,558.74,20261008_231630,toey,question,20,619,manual,truth,132.1,168.1,1,,,,0,38.63,0.012,0.006,36,question,9
2026-10-08 23:25:49.264,558.94,20261008_231630,toey,question,20,619,manual,truth,136.4,159.6,1,,,,0,38.63,0.012,0.006,38,question,9
2026-10-08 23:25:49.460,559.13,20261008_231630,toey,question,20,619,manual,truth,136.4,159.6,1,,,,0,38.63,0.011,0.005,39,question,9
2026-10-08 23:25:49.668,559.34,20261008_231630,toey,question,20,619,manual,truth,139.0,145.9,1,,,,0,38.64,0.011,0.005,41,question,9
2026-10-08 23:25:49.879,559.55,20261008_231630,toey,question,20,619,manual,truth,139.0,145.9,1,,,,0,38.64,0.011,0.005,42,question,9
2026-10-08 23:25:50.083,559.76,20261008_231630,toey,question,20,619,manual,truth,139.0,141.3,1,,,,0,38.64,0.01,0.005,43,question,9
2026-10-08 23:25:50.297,559.97,20261008_231630,toey,question,20,619,manual,truth,139.0,141.3,1,,,,0,38.64,0.01,0.005,44,question,9
2026-10-08 23:25:50.497,560.17,20261008_231630,toey,question,20,619,manual,truth,139.0,141.3,1,,,,0,38.64,0.01,0.005,45,question,9
2026-10-08 23:25:50.698,560.37,20261008_231630,toey,question,20,619,manual,truth,139.0,141.3,1,,,,0,38.61,0.01,0.005,46,question,9
2026-10-08 23:25:50.897,560.57,20261008_231630,toey,question,20,619,manual,truth,139.0,141.3,1,,,,0,38.61,0.012,0.005,46,question,9
2026-10-08 23:25:51.101,560.78,20261008_231630,toey,question,20,619,manual,truth,139.0,141.3,1,,,,0,38.61,0.012,0.006,47,question,9
2026-10-08 23:25:51.312,560.99,20261008_231630,toey,question,20,619,manual,truth,139.0,141.3,1,,,,0,38.62,0.012,0.005,47,question,9
2026-10-08 23:25:51.512,561.19,20261008_231630,toey,question,20,619,manual,truth,170.3,141.3,1,,,,0,38.62,0.012,0.005,53,question,9
2026-10-08 23:25:51.722,561.4,20261008_231630,toey,question,20,619,manual,truth,170.3,141.3,1,,,,0,38.63,0.013,0.005,57,question,9
2026-10-08 23:25:51.920,561.6,20261008_231630,toey,question,20,619,manual,truth,170.3,141.3,1,,,,0,38.63,0.013,0.005,61,question,9
2026-10-08 23:25:52.134,561.81,20261008_231630,toey,question,20,619,manual,truth,170.3,141.3,1,,,,0,38.62,0.013,0.005,64,question,9
2026-10-08 23:25:52.339,562.01,20261008_231630,toey,question,20,619,manual,truth,170.3,141.3,1,,,,0,38.62,0.012,0.005,67,question,9
2026-10-08 23:25:52.544,562.22,20261008_231630,toey,question,20,619,manual,truth,170.3,141.3,1,,,,0,38.62,0.013,0.005,69,question,9
2026-10-08 23:25:52.748,562.42,20261008_231630,toey,question,20,619,manual,truth,170.3,141.3,1,,,,0,38.64,0.012,0.005,70,question,9
2026-10-08 23:25:52.950,562.62,20261008_231630,toey,question,20,619,manual,truth,170.3,141.3,1,,,,0,38.64,0.013,0.004,72,question,9
2026-10-08 23:25:53.158,562.83,20261008_231630,toey,question,20,619,manual,truth,170.3,141.3,1,,,,0,38.64,0.016,0.008,73,question,9
2026-10-08 23:25:53.362,563.04,20261008_231630,toey,question,20,619,manual,truth,170.3,141.3,1,,,,0,38.64,0.016,0.008,74,question,9
2026-10-08 23:25:53.569,563.24,20261008_231630,toey,question,20,619,manual,truth,170.3,141.3,1,,,,0,38.64,0.023,0.009,75,question,9
2026-10-08 23:25:53.770,563.45,20261008_231630,toey,question,20,619,manual,truth,170.3,141.3,1,,,,0,38.63,0.024,0.01,76,question,9
2026-10-08 23:25:53.979,563.65,20261008_231630,toey,question,20,619,manual,truth,170.3,141.3,1,,,,0,38.63,0.023,0.009,77,question,9
2026-10-08 23:25:54.188,563.86,20261008_231630,toey,question,20,619,manual,truth,170.3,141.3,1,,,,0,38.63,0.021,0.008,77,question,9
2026-10-08 23:25:54.400,564.07,20261008_231630,toey,question,20,619,manual,truth,170.3,141.3,1,,,,0,38.63,0.021,0.008,77,question,9
2026-10-08 23:25:54.604,564.28,20261008_231630,toey,question,20,619,manual,truth,170.3,141.3,1,,,,0,38.63,0.022,0.009,78,question,9
2026-10-08 23:25:54.812,564.49,20261008_231630,toey,question,20,619,manual,truth,170.3,141.3,1,,,,0,38.62,0.022,0.011,78,question,9
2026-10-08 23:25:55.009,564.68,20261008_231630,toey,question,20,619,manual,truth,,,1,,,,0,38.62,0.022,0.011,67,question,9
2026-10-08 23:25:55.209,564.88,20261008_231630,toey,question,20,619,manual,truth,,,1,,,,0,38.63,0.021,0.01,57,question,9
2026-10-08 23:25:55.515,565.19,20261008_231630,toey,question,20,619,manual,truth,,,1,,,,0,38.63,0.021,0.01,49,question,9
2026-10-08 23:25:55.621,565.3,20261008_231630,toey,question,20,619,manual,truth,,,1,,,,0,38.63,0.02,0.011,43,question,9
2026-10-08 23:25:55.834,565.51,20261008_231630,toey,question,20,619,manual,truth,93.2,,1,,,,0,38.63,0.024,0.011,38,question,9
2026-10-08 23:25:56.040,565.71,20261008_231630,toey,question,20,619,manual,truth,93.2,,1,,,,0,38.63,0.022,0.012,33,question,9
2026-10-08 23:25:58.218,567.89,20261008_231630,toey,recovery,20,619,manual,truth,114.6,273.8,1,,,,0,38.63,0.021,0.015,29,ready,9
2026-10-08 23:25:58.422,568.1,20261008_231630,toey,recovery,20,619,manual,truth,114.6,273.8,1,,,,0,38.63,0.022,0.016,29,ready,9
2026-10-08 23:25:58.626,568.3,20261008_231630,toey,recovery,20,619,manual,truth,114.6,273.8,1,,,,0,38.63,0.023,0.015,29,ready,9
2026-10-08 23:25:58.828,568.5,20261008_231630,toey,recovery,20,619,manual,truth,114.6,273.8,1,,,,0,38.63,0.023,0.017,28,ready,9
2026-10-08 23:25:59.053,568.73,20261008_231630,toey,recovery,20,619,manual,truth,114.6,273.8,1,,,,0,38.63,0.021,0.015,28,ready,9
2026-10-08 23:25:59.243,568.92,20261008_231630,toey,recovery,20,619,manual,truth,114.6,273.8,1,,,,0,38.63,0.02,0.014,28,ready,9
2026-10-08 23:25:59.446,569.12,20261008_231630,toey,recovery,20,619,manual,truth,114.6,273.8,1,,,,0,38.63,0.02,0.013,28,ready,9
2026-10-08 23:25:59.657,569.33,20261008_231630,toey,recovery,20,619,manual,truth,114.6,273.8,1,,,,0,38.63,0.019,0.012,27,ready,9
2026-10-08 23:25:59.856,569.53,20261008_231630,toey,recovery,20,619,manual,truth,114.6,273.8,1,,,,0,38.63,0.018,0.011,27,ready,9
2026-10-08 23:26:00.066,569.74,20261008_231630,toey,recovery,20,619,manual,truth,114.6,273.8,1,,,,0,38.63,0.016,0.01,27,ready,9
2026-10-08 23:26:00.270,569.95,20261008_231630,toey,recovery,20,619,manual,truth,114.6,273.8,1,,,,0,38.63,0.016,0.009,27,ready,9
2026-10-08 23:26:00.530,570.2,20261008_231630,toey,recovery,20,619,manual,truth,114.6,273.8,1,,,,0,38.63,0.015,0.009,27,ready,9
2026-10-08 23:26:00.684,570.36,20261008_231630,toey,recovery,20,619,manual,truth,114.6,273.8,1,,,,0,38.63,0.015,0.008,26,ready,9
2026-10-08 23:26:00.891,570.57,20261008_231630,toey,recovery,20,619,manual,truth,114.6,273.8,1,,,,0,38.63,0.014,0.008,26,ready,9
2026-10-08 23:26:01.145,570.82,20261008_231630,toey,recovery,20,619,manual,truth,114.6,273.8,1,,,,0,38.63,0.014,0.007,26,ready,9
2026-10-08 23:26:01.304,570.98,20261008_231630,toey,recovery,20,619,manual,truth,114.6,273.8,1,,,,0,38.63,0.013,0.006,26,ready,9
2026-10-08 23:26:01.510,571.18,20261008_231630,toey,recovery,20,619,manual,truth,114.6,273.8,1,,,,0,38.63,0.013,0.007,26,ready,9
2026-10-08 23:26:01.717,571.39,20261008_231630,toey,recovery,20,619,manual,truth,114.6,273.8,1,,,,0,38.63,0.013,0.006,26,ready,9
2026-10-08 23:26:01.924,571.6,20261008_231630,toey,recovery,20,619,manual,truth,114.6,273.8,1,,,,0,38.65,0.013,0.006,26,ready,9
2026-10-08 23:26:02.128,571.8,20261008_231630,toey,recovery,20,619,manual,truth,114.6,273.8,1,,,,0,38.61,0.012,0.006,26,ready,9
2026-10-08 23:26:02.335,572.01,20261008_231630,toey,recovery,20,619,manual,truth,114.6,273.8,1,,,,0,38.61,0.013,0.005,26,ready,9
2026-10-08 23:26:02.546,572.22,20261008_231630,toey,recovery,20,619,manual,truth,114.6,273.8,1,,,,0,38.61,0.013,0.005,26,ready,9
2026-10-08 23:26:02.751,572.43,20261008_231630,toey,recovery,20,619,manual,truth,114.6,273.8,1,,,,0,38.62,0.012,0.005,25,ready,9
2026-10-08 23:26:02.963,572.64,20261008_231630,toey,recovery,20,619,manual,truth,114.6,273.8,1,,,,0,38.62,0.011,0.004,25,ready,9
2026-10-08 23:26:03.157,572.83,20261008_231630,toey,recovery,20,619,manual,truth,114.6,273.8,1,,,,0,38.62,0.011,0.004,25,ready,9
2026-10-08 23:26:03.397,573.07,20261008_231630,toey,recovery,20,619,manual,truth,114.6,273.8,1,,,,0,38.62,0.017,0.009,25,ready,9
2026-10-08 23:26:03.693,573.37,20261008_231630,toey,rest,,,,,114.6,273.8,1,,,,0,38.63,0.018,0.008,26,ready,9
2026-10-08 23:26:03.780,573.46,20261008_231630,toey,rest,,,,,114.6,273.8,1,,,,0,38.63,0.016,0.008,26,ready,9
2026-10-08 23:26:03.985,573.66,20261008_231630,toey,rest,,,,,124.0,273.8,1,,,,0,38.63,0.015,0.007,27,ready,9
2026-10-08 23:26:04.198,573.87,20261008_231630,toey,rest,,,,,124.0,273.8,1,,,,0,38.64,0.014,0.006,28,ready,9
2026-10-08 23:26:04.395,574.07,20261008_231630,toey,rest,,,,,124.0,273.8,1,,,,0,38.64,0.014,0.006,29,ready,9
2026-10-08 23:26:04.601,574.28,20261008_231630,toey,rest,,,,,124.0,273.8,1,,,,0,38.64,0.013,0.006,30,ready,9
2026-10-08 23:26:04.805,574.48,20261008_231630,toey,rest,,,,,124.0,273.8,1,,,,0,38.64,0.013,0.006,31,ready,9
2026-10-08 23:26:05.013,574.69,20261008_231630,toey,rest,,,,,124.0,273.8,1,,,,0,38.64,0.012,0.005,31,ready,9
2026-10-08 23:26:05.240,574.92,20261008_231630,toey,rest,,,,,124.0,273.8,1,,,,0,38.64,0.012,0.005,32,ready,9
2026-10-08 23:26:05.416,575.09,20261008_231630,toey,rest,,,,,124.0,273.8,1,,,,0,38.64,0.011,0.005,32,ready,9
2026-10-08 23:26:05.616,575.29,20261008_231630,toey,rest,,,,,124.0,273.8,1,,,,0,38.64,0.012,0.005,32,ready,9
2026-10-08 23:26:05.818,575.49,20261008_231630,toey,rest,,,,,124.0,273.8,1,,,,0,38.64,0.011,0.004,32,ready,9
2026-10-08 23:26:06.016,575.69,20261008_231630,toey,rest,,,,,124.0,273.8,1,,,,0,38.64,0.014,0.006,33,ready,9
2026-10-08 23:26:06.223,575.9,20261008_231630,toey,rest,,,,,124.0,273.8,1,,,,0,38.61,0.018,0.007,33,ready,9
2026-10-08 23:26:06.428,576.1,20261008_231630,toey,rest,,,,,124.0,273.8,1,,,,0,38.6,0.017,0.009,33,ready,9
2026-10-08 23:26:06.636,576.31,20261008_231630,toey,rest,,,,,124.0,273.8,1,,,,0,38.6,0.016,0.009,33,ready,9
2026-10-08 23:26:06.836,576.51,20261008_231630,toey,rest,,,,,124.0,273.8,1,,,,0,38.61,0.015,0.008,34,ready,9
2026-10-08 23:26:07.036,576.71,20261008_231630,toey,rest,,,,,124.0,273.8,1,,,,0,38.55,0.014,0.008,34,ready,9
2026-10-08 23:26:07.236,576.91,20261008_231630,toey,rest,,,,,124.0,273.8,1,,,,0,38.56,0.013,0.007,34,ready,9
2026-10-08 23:26:07.436,577.11,20261008_231630,toey,rest,,,,,117.6,273.8,1,,,,0,38.56,0.012,0.007,33,ready,9
2026-10-08 23:26:07.648,577.32,20261008_231630,toey,rest,,,,,117.6,273.8,1,,,,0,38.57,0.012,0.007,32,ready,9
2026-10-08 23:26:07.850,577.52,20261008_231630,toey,rest,,,,,117.6,273.8,1,,,,0,38.58,0.011,0.006,31,ready,9
2026-10-08 23:26:08.057,577.73,20261008_231630,toey,rest,,,,,117.6,273.8,1,,,,0,38.58,0.011,0.006,30,ready,9
2026-10-08 23:26:08.265,577.94,20261008_231630,toey,rest,,,,,117.6,273.8,1,,,,0,38.58,0.01,0.005,30,ready,9
2026-10-08 23:26:08.473,578.15,20261008_231630,toey,question,21,620,manual,lie,117.6,273.8,1,,,,0,38.59,0.009,0.005,29,question,9
2026-10-08 23:26:08.676,578.35,20261008_231630,toey,question,21,620,manual,lie,117.6,273.8,1,,,,0,38.59,0.009,0.005,29,question,9
2026-10-08 23:26:08.879,578.55,20261008_231630,toey,question,21,620,manual,lie,117.6,273.8,1,,,,0,38.6,0.009,0.005,29,question,9
2026-10-08 23:26:09.077,578.75,20261008_231630,toey,question,21,620,manual,lie,117.6,273.8,1,,,,0,38.6,0.008,0.005,28,question,9
2026-10-08 23:26:09.276,578.95,20261008_231630,toey,question,21,620,manual,lie,117.6,273.8,1,,,,0,38.6,0.008,0.005,28,question,9
2026-10-08 23:26:09.478,579.15,20261008_231630,toey,question,21,620,manual,lie,117.6,273.8,1,,,,0,38.61,0.008,0.005,28,question,9
2026-10-08 23:26:09.689,579.36,20261008_231630,toey,question,21,620,manual,lie,117.6,273.8,1,,,,0,38.61,0.008,0.004,28,question,9
2026-10-08 23:26:09.891,579.57,20261008_231630,toey,question,21,620,manual,lie,117.6,273.8,1,,,,0,38.61,0.008,0.004,28,question,9
2026-10-08 23:26:10.101,579.78,20261008_231630,toey,question,21,620,manual,lie,117.6,273.8,1,,,,0,38.61,0.009,0.004,27,question,9
2026-10-08 23:26:10.305,579.98,20261008_231630,toey,question,21,620,manual,lie,117.6,273.8,1,,,,0,38.61,0.009,0.004,27,question,9
2026-10-08 23:26:10.510,580.18,20261008_231630,toey,question,21,620,manual,lie,117.6,273.8,1,,,,0,38.63,0.009,0.003,27,question,9
2026-10-08 23:26:10.737,580.41,20261008_231630,toey,question,21,620,manual,lie,117.6,273.8,1,,,,0,38.63,0.009,0.003,27,question,8
2026-10-08 23:26:10.925,580.6,20261008_231630,toey,question,21,620,manual,lie,117.6,273.8,1,,,,0,38.62,0.008,0.003,27,question,8
2026-10-08 23:26:11.134,580.81,20261008_231630,toey,question,21,620,manual,lie,117.6,273.8,1,,,,0,38.63,0.008,0.003,27,question,8
2026-10-08 23:26:11.336,581.01,20261008_231630,toey,question,21,620,manual,lie,115.4,247.3,1,,,,0,38.63,0.008,0.003,27,question,8
2026-10-08 23:26:11.540,581.21,20261008_231630,toey,question,21,620,manual,lie,115.4,247.3,1,,,,0,38.63,0.008,0.003,26,question,8
2026-10-08 23:26:11.748,581.42,20261008_231630,toey,question,21,620,manual,lie,115.4,247.3,1,,,,0,38.63,0.009,0.003,26,question,8
2026-10-08 23:26:11.958,581.63,20261008_231630,toey,question,21,620,manual,lie,115.4,247.3,1,,,,0,38.63,0.008,0.003,26,question,9
2026-10-08 23:26:12.165,581.84,20261008_231630,toey,question,21,620,manual,lie,115.4,247.3,1,,,,0,38.63,0.009,0.004,26,question,9
2026-10-08 23:26:12.373,582.05,20261008_231630,toey,question,21,620,manual,lie,115.4,247.3,1,,,,0,38.63,0.008,0.004,26,question,9
2026-10-08 23:26:12.567,582.24,20261008_231630,toey,question,21,620,manual,lie,115.4,,1,,,,0,38.63,0.008,0.004,26,question,9
2026-10-08 23:26:12.769,582.44,20261008_231630,toey,question,21,620,manual,lie,115.4,,1,,,,0,38.63,0.012,0.005,26,question,9
2026-10-08 23:26:12.975,582.65,20261008_231630,toey,question,21,620,manual,lie,115.4,,1,,,,0,38.63,0.012,0.006,26,question,9
2026-10-08 23:26:13.180,582.85,20261008_231630,toey,question,21,620,manual,lie,115.4,,1,,,,0,38.63,0.012,0.006,26,question,9
2026-10-08 23:26:13.384,583.06,20261008_231630,toey,question,21,620,manual,lie,116.5,,1,,,,0,38.63,0.012,0.006,26,question,9
2026-10-08 23:26:13.600,583.27,20261008_231630,toey,question,21,620,manual,lie,116.5,,1,,,,0,38.63,0.012,0.007,26,question,9
2026-10-08 23:26:13.810,583.48,20261008_231630,toey,question,21,620,manual,lie,116.5,,1,,,,0,38.63,0.011,0.006,26,question,9
2026-10-08 23:26:14.011,583.69,20261008_231630,toey,question,21,620,manual,lie,116.5,,1,,,,0,38.63,0.011,0.006,26,question,9
2026-10-08 23:26:14.210,583.89,20261008_231630,toey,question,21,620,manual,lie,116.5,,1,,,,0,38.63,0.011,0.006,26,question,9
2026-10-08 23:26:14.457,584.13,20261008_231630,toey,question,21,620,manual,lie,116.5,,1,,,,0,38.63,0.011,0.007,26,question,9
2026-10-08 23:26:14.621,584.3,20261008_231630,toey,question,21,620,manual,lie,116.5,,1,,,,0,38.63,0.011,0.008,26,question,9
2026-10-08 23:26:14.826,584.5,20261008_231630,toey,question,21,620,manual,lie,116.5,,1,,,,0,38.6,0.012,0.008,26,question,9
2026-10-08 23:26:15.035,584.71,20261008_231630,toey,question,21,620,manual,lie,124.6,,1,,,,0,38.61,0.012,0.008,28,question,9
2026-10-08 23:26:15.240,584.91,20261008_231630,toey,question,21,620,manual,lie,124.6,,1,,,,0,38.61,0.013,0.009,29,question,9
2026-10-08 23:26:15.450,585.12,20261008_231630,toey,question,21,620,manual,lie,126.8,,1,,,,0,38.61,0.012,0.009,30,question,9
2026-10-08 23:26:15.656,585.33,20261008_231630,toey,question,21,620,manual,lie,126.8,,1,,,,0,38.61,0.012,0.008,31,question,9
2026-10-08 23:26:15.870,585.54,20261008_231630,toey,question,21,620,manual,lie,137.5,,1,,,,0,38.62,0.017,0.008,34,question,9
2026-10-08 23:26:16.073,585.75,20261008_231630,toey,question,21,620,manual,lie,137.5,,1,,,,0,38.62,0.025,0.017,37,question,9
2026-10-08 23:26:16.274,585.95,20261008_231630,toey,question,21,620,manual,lie,156.4,55.0,1,,,,0,38.62,0.033,0.02,43,question,9
2026-10-08 23:26:16.479,586.15,20261008_231630,toey,question,21,620,manual,lie,156.4,55.0,1,,,,0,38.62,0.038,0.019,48,question,9
2026-10-08 23:26:16.684,586.36,20261008_231630,toey,question,21,620,manual,lie,156.4,55.0,1,,,,0,38.62,0.035,0.017,53,question,9
2026-10-08 23:26:16.894,586.57,20261008_231630,toey,question,21,620,manual,lie,156.4,55.0,1,,,,0,38.61,0.034,0.016,56,question,9
2026-10-08 23:26:17.099,586.77,20261008_231630,toey,question,21,620,manual,lie,156.4,55.0,1,,,,0,38.62,0.037,0.016,59,question,9
2026-10-08 23:26:17.306,586.98,20261008_231630,toey,question,21,620,manual,lie,166.9,55.0,1,,,,0,38.63,0.038,0.015,63,question,9
2026-10-08 23:26:17.517,587.19,20261008_231630,toey,question,21,620,manual,lie,166.9,55.0,1,,,,0,38.63,0.035,0.014,66,question,9
2026-10-08 23:26:17.724,587.4,20261008_231630,toey,question,21,620,manual,lie,166.9,55.0,1,,,,0,38.63,0.032,0.013,68,question,9
2026-10-08 23:26:17.931,587.61,20261008_231630,toey,question,21,620,manual,lie,166.9,55.0,1,,,,0,38.63,0.029,0.012,70,question,9
2026-10-08 23:26:18.138,587.81,20261008_231630,toey,question,21,620,manual,lie,171.4,55.0,1,,,,0,38.63,0.027,0.011,72,question,9
2026-10-08 23:26:18.345,588.02,20261008_231630,toey,question,21,620,manual,lie,171.4,55.0,1,,,,0,38.58,0.024,0.01,73,question,9
2026-10-08 23:26:18.552,588.23,20261008_231630,toey,question,21,620,manual,lie,171.4,55.0,1,,,,0,38.59,0.022,0.01,75,question,9
2026-10-08 23:26:18.758,588.43,20261008_231630,toey,question,21,620,manual,lie,171.4,55.0,1,,,,0,38.59,0.021,0.009,76,question,9
2026-10-08 23:26:18.966,588.64,20261008_231630,toey,question,21,620,manual,lie,171.4,55.0,1,,,,0,38.53,0.019,0.008,77,question,9
2026-10-08 23:26:19.174,588.85,20261008_231630,toey,question,21,620,manual,lie,171.4,55.0,1,,,,0,38.54,0.017,0.007,78,question,9
2026-10-08 23:26:19.384,589.06,20261008_231630,toey,question,21,620,manual,lie,171.4,55.0,1,,,,0,38.54,0.017,0.008,78,question,9
2026-10-08 23:26:19.588,589.26,20261008_231630,toey,question,21,620,manual,lie,171.4,55.0,1,,,,0,38.55,0.016,0.007,78,question,9
2026-10-08 23:26:19.795,589.47,20261008_231630,toey,question,21,620,manual,lie,171.4,55.0,1,,,,0,38.56,0.016,0.007,78,question,9
2026-10-08 23:26:20.004,589.68,20261008_231630,toey,question,21,620,manual,lie,171.4,55.0,1,,,,0,38.57,0.015,0.007,78,question,9
2026-10-08 23:26:20.211,589.89,20261008_231630,toey,recovery,21,620,manual,lie,171.4,55.0,1,,,,0,38.57,0.015,0.007,79,ready,9
2026-10-08 23:26:22.330,592.0,20261008_231630,toey,recovery,21,620,manual,lie,61.3,,1,,,,0,38.59,0.01,0.008,21,ready,9
2026-10-08 23:26:22.536,592.21,20261008_231630,toey,recovery,21,620,manual,lie,61.3,,1,,,,0,38.59,0.01,0.008,18,ready,9
2026-10-08 23:26:22.744,592.42,20261008_231630,toey,rest,,,,,61.3,,1,,,,0,38.6,0.01,0.007,15,ready,9
2026-10-08 23:26:22.959,592.63,20261008_231630,toey,rest,,,,,61.3,,1,,,,0,38.6,0.009,0.007,13,ready,9
2026-10-08 23:26:23.164,592.84,20261008_231630,toey,rest,,,,,60.0,,1,,,,0,38.61,0.01,0.007,12,ready,9
2026-10-08 23:26:23.363,593.04,20261008_231630,toey,rest,,,,,60.0,,1,,,,0,38.61,0.009,0.007,10,ready,9
2026-10-08 23:26:23.571,593.25,20261008_231630,toey,rest,,,,,60.0,,1,,,,0,38.61,0.009,0.007,9,ready,9
2026-10-08 23:26:23.776,593.45,20261008_231630,toey,rest,,,,,60.0,,1,,,,0,38.61,0.009,0.007,8,ready,9
2026-10-08 23:26:23.991,593.67,20261008_231630,toey,rest,,,,,61.3,,1,,,,0,38.61,0.008,0.007,7,ready,9
2026-10-08 23:26:24.182,593.86,20261008_231630,toey,rest,,,,,61.3,,1,,,,0,38.62,0.008,0.006,7,ready,9
2026-10-08 23:26:24.391,594.07,20261008_231630,toey,rest,,,,,61.3,,1,,,,0,38.61,0.009,0.006,6,ready,9
2026-10-08 23:26:24.598,594.27,20261008_231630,toey,rest,,,,,61.3,,1,,,,0,38.62,0.01,0.006,6,ready,9
2026-10-08 23:26:24.797,594.47,20261008_231630,toey,recovery,22,621,manual,truth,61.3,,1,,,,0,38.62,0.01,0.005,5,ready,9
2026-10-08 23:26:25.006,594.68,20261008_231630,toey,question,22,621,manual,truth,61.3,,1,,,,0,38.62,0.01,0.005,5,question,9
2026-10-08 23:26:25.214,594.89,20261008_231630,toey,question,22,621,manual,truth,60.0,220.5,1,,,,0,38.62,0.009,0.005,5,question,9
2026-10-08 23:26:25.420,595.1,20261008_231630,toey,question,22,621,manual,truth,60.0,220.5,1,,,,0,38.62,0.009,0.004,4,question,9
2026-10-08 23:26:25.626,595.3,20261008_231630,toey,question,22,621,manual,truth,60.0,220.5,1,,,,0,38.61,0.009,0.004,4,question,9
2026-10-08 23:26:26.028,595.7,20261008_231630,toey,question,22,621,manual,truth,60.0,220.5,1,,,,0,38.61,0.009,0.004,4,question,9
2026-10-08 23:26:26.036,595.71,20261008_231630,toey,question,22,621,manual,truth,60.0,220.5,1,,,,0,38.61,0.009,0.004,4,question,9
2026-10-08 23:26:26.242,595.92,20261008_231630,toey,question,22,621,manual,truth,52.2,198.1,1,,,,0,38.61,0.01,0.004,4,question,9
2026-10-08 23:26:26.454,596.13,20261008_231630,toey,question,22,621,manual,truth,52.2,198.1,1,,,,0,38.62,0.01,0.004,4,question,9
2026-10-08 23:26:26.654,596.33,20261008_231630,toey,question,22,621,manual,truth,52.2,198.1,1,,,,0,38.62,0.01,0.004,4,question,9
2026-10-08 23:26:26.955,596.63,20261008_231630,toey,question,22,621,manual,truth,52.2,198.1,1,,,,0,38.62,0.01,0.004,4,question,9
2026-10-08 23:26:27.059,596.73,20261008_231630,toey,question,22,621,manual,truth,52.2,198.1,1,,,,0,38.62,0.009,0.005,4,question,9
2026-10-08 23:26:27.272,596.95,20261008_231630,toey,question,22,621,manual,truth,52.2,198.1,1,,,,0,38.63,0.009,0.004,4,question,9
2026-10-08 23:26:27.580,597.25,20261008_231630,toey,question,22,621,manual,truth,52.2,198.1,1,,,,0,38.62,0.009,0.004,4,question,9
2026-10-08 23:26:27.671,597.35,20261008_231630,toey,question,22,621,manual,truth,52.2,198.1,1,,,,0,38.63,0.009,0.004,4,question,9
2026-10-08 23:26:27.876,597.55,20261008_231630,toey,question,22,621,manual,truth,52.2,198.1,1,,,,0,38.63,0.008,0.004,4,question,9
2026-10-08 23:26:28.078,597.75,20261008_231630,toey,question,22,621,manual,truth,52.2,198.1,1,,,,0,38.63,0.008,0.004,4,question,9
2026-10-08 23:26:28.283,597.96,20261008_231630,toey,question,22,621,manual,truth,52.2,198.1,1,,,,0,38.61,0.007,0.004,4,question,9
2026-10-08 23:26:28.492,598.17,20261008_231630,toey,question,22,621,manual,truth,52.2,198.1,1,,,,0,38.61,0.008,0.004,4,question,9
2026-10-08 23:26:28.696,598.37,20261008_231630,toey,question,22,621,manual,truth,52.2,198.1,1,,,,0,38.61,0.007,0.004,4,question,9
2026-10-08 23:26:28.906,598.58,20261008_231630,toey,question,22,621,manual,truth,52.2,198.1,1,,,,0,38.61,0.007,0.003,4,question,9
2026-10-08 23:26:29.113,598.79,20261008_231630,toey,question,22,621,manual,truth,52.2,198.1,1,,,,0,38.61,0.007,0.003,4,question,9
2026-10-08 23:26:29.314,598.99,20261008_231630,toey,question,22,621,manual,truth,52.2,198.1,1,,,,0,38.57,0.006,0.004,4,question,9
2026-10-08 23:26:29.522,599.2,20261008_231630,toey,question,22,621,manual,truth,52.2,198.1,1,,,,0,38.58,0.006,0.004,4,question,9
2026-10-08 23:26:29.731,599.41,20261008_231630,toey,question,22,621,manual,truth,66.7,180.8,1,,,,0,38.58,0.009,0.004,4,question,9
2026-10-08 23:26:29.935,599.61,20261008_231630,toey,question,22,621,manual,truth,66.7,180.8,1,,,,0,38.61,0.009,0.004,4,question,9
2026-10-08 23:26:30.143,599.82,20261008_231630,toey,question,22,621,manual,truth,66.7,180.8,1,,,,0,38.56,0.009,0.004,4,question,9
2026-10-08 23:26:30.350,600.03,20261008_231630,toey,question,22,621,manual,truth,66.7,180.8,1,,,,0,38.57,0.009,0.004,4,question,9
2026-10-08 23:26:30.553,600.23,20261008_231630,toey,question,22,621,manual,truth,66.7,180.8,1,,,,0,38.57,0.009,0.004,4,question,9
2026-10-08 23:26:30.770,600.45,20261008_231630,toey,question,22,621,manual,truth,66.7,180.8,1,,,,0,38.58,0.01,0.004,4,question,9
2026-10-08 23:26:30.971,600.65,20261008_231630,toey,question,22,621,manual,truth,52.2,211.0,1,,,,0,38.59,0.025,0.008,4,question,9
2026-10-08 23:26:31.177,600.85,20261008_231630,toey,question,22,621,manual,truth,52.2,211.0,1,,,,0,38.59,0.028,0.015,4,question,9
2026-10-08 23:26:31.391,601.07,20261008_231630,toey,question,22,621,manual,truth,52.2,211.0,1,,,,0,38.6,0.027,0.016,4,question,9
2026-10-08 23:26:31.595,601.27,20261008_231630,toey,question,22,621,manual,truth,52.2,211.0,1,,,,0,38.6,0.025,0.016,4,question,9
2026-10-08 23:26:31.821,601.5,20261008_231630,toey,question,22,621,manual,truth,73.3,229.5,1,,,,0,38.61,0.023,0.016,5,question,9
2026-10-08 23:26:32.009,601.68,20261008_231630,toey,question,22,621,manual,truth,73.3,229.5,1,,,,0,38.56,0.021,0.015,5,question,9
2026-10-08 23:26:32.395,602.07,20261008_231630,toey,question,22,621,manual,truth,73.3,229.5,1,,,,0,38.57,0.02,0.016,5,question,9
2026-10-08 23:26:34.391,604.07,20261008_231630,toey,question,22,621,manual,truth,73.3,218.5,1,,,,0,38.58,0.014,0.008,6,question,9
2026-10-08 23:26:34.595,604.27,20261008_231630,toey,question,22,621,manual,truth,73.3,218.5,1,,,,0,38.59,0.014,0.01,6,question,8
2026-10-08 23:26:34.788,604.46,20261008_231630,toey,question,22,621,manual,truth,73.3,218.5,1,,,,0,38.59,0.014,0.01,6,question,8
2026-10-08 23:26:34.991,604.67,20261008_231630,toey,question,22,621,manual,truth,73.3,218.5,1,,,,0,38.6,0.014,0.01,6,question,8
2026-10-08 23:26:35.198,604.87,20261008_231630,toey,question,22,621,manual,truth,73.3,218.5,1,,,,0,38.58,0.013,0.009,6,question,8
2026-10-08 23:26:35.404,605.08,20261008_231630,toey,question,22,621,manual,truth,73.3,218.6,1,,,,0,38.58,0.013,0.009,6,question,8
2026-10-08 23:26:35.609,605.28,20261008_231630,toey,question,22,621,manual,truth,73.3,218.6,1,,,,0,38.59,0.013,0.008,6,question,8
2026-10-08 23:26:35.813,605.49,20261008_231630,toey,question,22,621,manual,truth,73.3,218.6,1,,,,0,38.6,0.012,0.007,6,question,8
2026-10-08 23:26:36.071,605.75,20261008_231630,toey,question,22,621,manual,truth,73.3,218.6,1,,,,0,38.6,0.012,0.007,6,question,8
2026-10-08 23:26:36.224,605.9,20261008_231630,toey,question,22,621,manual,truth,73.3,215.6,1,,,,0,38.6,0.012,0.007,6,question,8
2026-10-08 23:26:36.437,606.11,20261008_231630,toey,question,22,621,manual,truth,73.3,215.6,1,,,,0,38.61,0.012,0.007,6,question,8
2026-10-08 23:26:36.643,606.32,20261008_231630,toey,recovery,22,621,manual,truth,73.3,215.6,1,,,,0,38.61,0.014,0.007,6,ready,8
2026-10-08 23:26:36.866,606.54,20261008_231630,toey,recovery,22,621,manual,truth,73.3,215.6,1,,,,0,38.61,0.014,0.007,6,ready,8
2026-10-08 23:26:37.052,606.73,20261008_231630,toey,recovery,22,621,manual,truth,73.3,215.6,1,,,,0,38.57,0.014,0.006,6,ready,9
2026-10-08 23:26:37.257,606.93,20261008_231630,toey,recovery,22,621,manual,truth,73.3,215.6,1,,,,0,38.58,0.014,0.006,6,ready,9
2026-10-08 23:26:37.465,607.14,20261008_231630,toey,recovery,22,621,manual,truth,73.3,215.6,1,,,,0,38.59,0.013,0.006,6,ready,9
2026-10-08 23:26:37.672,607.35,20261008_231630,toey,recovery,22,621,manual,truth,73.3,215.6,1,,,,0,38.6,0.012,0.006,6,ready,9
2026-10-08 23:26:37.876,607.55,20261008_231630,toey,recovery,22,621,manual,truth,85.6,211.0,1,,,,0,38.6,0.012,0.006,6,ready,9
2026-10-08 23:26:38.080,607.76,20261008_231630,toey,recovery,22,621,manual,truth,85.6,211.0,1,,,,0,38.61,0.011,0.006,7,ready,9
2026-10-08 23:26:38.288,607.96,20261008_231630,toey,recovery,22,621,manual,truth,85.6,211.0,1,,,,0,38.61,0.011,0.006,7,ready,9
2026-10-08 23:26:40.442,610.12,20261008_231630,toey,rest,,,,,153.6,,1,,,,0,38.62,0.022,0.008,21,ready,8
2026-10-08 23:26:40.636,610.31,20261008_231630,toey,rest,,,,,153.6,,1,,,,0,38.62,0.022,0.008,29,ready,8
2026-10-08 23:26:40.845,610.52,20261008_231630,toey,rest,,,,,151.2,,1,,,,0,38.63,0.02,0.009,35,ready,8
2026-10-08 23:26:41.056,610.73,20261008_231630,toey,rest,,,,,153.6,,1,,,,0,38.63,0.019,0.008,41,ready,8
2026-10-08 23:26:41.251,610.93,20261008_231630,toey,rest,,,,,153.6,,1,,,,0,38.63,0.018,0.008,45,ready,8
2026-10-08 23:26:41.493,611.17,20261008_231630,toey,rest,,,,,153.6,,1,,,,0,38.6,0.017,0.007,49,ready,8
2026-10-08 23:26:41.657,611.33,20261008_231630,toey,rest,,,,,153.6,,1,,,,0,38.54,0.016,0.007,52,ready,8
2026-10-08 23:26:41.862,611.54,20261008_231630,toey,rest,,,,,153.6,,1,,,,0,38.52,0.016,0.006,54,ready,8
2026-10-08 23:26:42.067,611.74,20261008_231630,toey,rest,,,,,153.6,,1,,,,0,38.52,0.015,0.006,56,ready,8
2026-10-08 23:26:42.277,611.95,20261008_231630,toey,rest,,,,,153.6,,1,,,,0,38.54,0.015,0.006,57,ready,8
2026-10-08 23:26:42.481,612.16,20261008_231630,toey,rest,,,,,153.6,,1,,,,0,38.55,0.014,0.006,59,ready,8
2026-10-08 23:26:42.696,612.37,20261008_231630,toey,rest,,,,,153.6,,1,,,,0,38.55,0.013,0.006,59,ready,8
2026-10-08 23:26:42.896,612.57,20261008_231630,toey,rest,,,,,153.6,,1,,,,0,38.57,0.012,0.006,61,ready,8
2026-10-08 23:26:43.106,612.78,20261008_231630,toey,rest,,,,,153.6,,1,,,,0,38.57,0.012,0.006,61,ready,8
2026-10-08 23:26:43.310,612.99,20261008_231630,toey,rest,,,,,153.6,,1,,,,0,38.58,0.012,0.006,62,ready,8
2026-10-08 23:26:43.516,613.19,20261008_231630,toey,rest,,,,,153.6,,1,,,,0,38.59,0.011,0.005,62,ready,8
2026-10-08 23:26:43.731,613.41,20261008_231630,toey,rest,,,,,,,1,,,,0,38.59,0.012,0.006,53,ready,8
2026-10-08 23:26:43.928,613.6,20261008_231630,toey,rest,,,,,,,1,,,,0,38.6,0.011,0.005,45,ready,8
2026-10-08 23:26:44.133,613.81,20261008_231630,toey,rest,,,,,129.3,,1,,,,0,38.6,0.011,0.005,44,ready,8
2026-10-08 23:26:44.338,614.01,20261008_231630,toey,rest,,,,,129.3,,1,,,,0,38.6,0.011,0.006,43,ready,8
2026-10-08 23:26:44.551,614.23,20261008_231630,toey,rest,,,,,135.1,,1,,,,0,38.61,0.011,0.005,43,ready,8
2026-10-08 23:26:44.753,614.43,20261008_231630,toey,rest,,,,,135.1,,1,,,,0,38.61,0.01,0.005,43,ready,8
2026-10-08 23:26:44.958,614.63,20261008_231630,toey,rest,,,,,144.1,,1,,,,0,38.61,0.009,0.005,45,ready,8
2026-10-08 23:26:45.164,614.84,20261008_231630,toey,rest,,,,,144.1,,1,,,,0,38.61,0.009,0.004,46,ready,8
2026-10-08 23:26:45.368,615.04,20261008_231630,toey,rest,,,,,154.4,130.0,1,,,,0,38.62,0.009,0.004,50,ready,8
2026-10-08 23:26:45.577,615.25,20261008_231630,toey,rest,,,,,171.9,118.0,1,,,,0,38.62,0.009,0.004,55,ready,8
2026-10-08 23:26:45.783,615.46,20261008_231630,toey,rest,,,,,171.9,118.0,1,,,,0,38.62,0.009,0.004,59,ready,8
2026-10-08 23:26:45.987,615.66,20261008_231630,toey,rest,,,,,171.9,118.0,1,,,,0,38.58,0.009,0.004,63,ready,8
2026-10-08 23:26:46.187,615.86,20261008_231630,toey,rest,,,,,171.9,118.0,1,,,,0,38.57,0.009,0.006,66,ready,8
2026-10-08 23:26:46.402,616.08,20261008_231630,toey,rest,,,,,171.9,118.0,1,,,,0,38.58,0.009,0.006,68,ready,8
2026-10-08 23:26:46.609,616.28,20261008_231630,toey,rest,,,,,171.9,118.0,1,,,,0,38.58,0.01,0.005,70,ready,8
2026-10-08 23:26:46.820,616.5,20261008_231630,toey,rest,,,,,171.9,118.0,1,,,,0,38.59,0.01,0.005,71,ready,8
2026-10-08 23:26:47.021,616.7,20261008_231630,toey,rest,,,,,171.9,118.0,1,,,,0,38.59,0.009,0.005,73,ready,9
2026-10-08 23:26:47.232,616.91,20261008_231630,toey,rest,,,,,171.9,118.0,1,,,,0,38.6,0.009,0.005,74,ready,9
2026-10-08 23:26:47.428,617.1,20261008_231630,toey,question,23,622,manual,truth,171.9,118.0,1,,,,0,38.6,0.009,0.004,75,question,9
2026-10-08 23:26:47.638,617.31,20261008_231630,toey,question,23,622,manual,truth,171.9,118.0,1,,,,0,38.6,0.009,0.004,75,question,9
2026-10-08 23:26:47.842,617.52,20261008_231630,toey,question,23,622,manual,truth,171.9,118.0,1,,,,0,38.61,0.009,0.004,76,question,9
2026-10-08 23:26:48.058,617.73,20261008_231630,toey,question,23,622,manual,truth,171.9,118.0,1,,,,0,38.61,0.009,0.004,76,question,9
2026-10-08 23:26:48.251,617.93,20261008_231630,toey,question,23,622,manual,truth,171.9,118.0,1,,,,0,38.62,0.008,0.004,77,question,9
2026-10-08 23:26:48.458,618.13,20261008_231630,toey,question,23,622,manual,truth,171.9,118.0,1,,,,0,38.62,0.009,0.004,77,question,9
2026-10-08 23:26:48.662,618.34,20261008_231630,toey,question,23,622,manual,truth,171.9,118.0,1,,,,0,38.57,0.008,0.004,77,question,9
2026-10-08 23:26:48.870,618.55,20261008_231630,toey,question,23,622,manual,truth,171.9,118.0,1,,,,0,38.58,0.008,0.003,77,question,9
2026-10-08 23:26:49.076,618.75,20261008_231630,toey,question,23,622,manual,truth,171.9,118.0,1,,,,0,38.59,0.008,0.004,78,question,9
2026-10-08 23:26:49.282,618.96,20261008_231630,toey,question,23,622,manual,truth,182.9,118.0,1,,,,0,38.59,0.008,0.003,79,question,9
2026-10-08 23:26:49.488,619.16,20261008_231630,toey,question,23,622,manual,truth,182.9,118.0,1,,,,0,38.6,0.009,0.003,80,question,9
2026-10-08 23:26:49.696,619.37,20261008_231630,toey,question,23,622,manual,truth,182.9,118.0,1,,,,0,38.61,0.01,0.003,82,question,9
2026-10-08 23:26:49.905,619.58,20261008_231630,toey,question,23,622,manual,truth,182.9,118.0,1,,,,0,38.62,0.01,0.004,83,question,9
2026-10-08 23:26:50.112,619.79,20261008_231630,toey,question,23,622,manual,truth,182.9,118.0,1,,,,0,38.61,0.011,0.004,83,question,9
2026-10-08 23:26:50.318,619.99,20261008_231630,toey,question,23,622,manual,truth,182.9,118.0,1,,,,0,38.57,0.011,0.004,83,question,9
2026-10-08 23:26:50.527,620.2,20261008_231630,toey,question,23,622,manual,truth,182.9,118.0,1,,,,0,38.58,0.012,0.006,84,question,9
2026-10-08 23:26:50.736,620.41,20261008_231630,toey,question,23,622,manual,truth,183.2,118.0,1,,,,0,38.58,0.021,0.007,84,question,9
2026-10-08 23:26:50.940,620.62,20261008_231630,toey,question,23,622,manual,truth,183.2,118.0,1,,,,0,38.59,0.02,0.009,85,question,9
2026-10-08 23:26:51.147,620.82,20261008_231630,toey,question,23,622,manual,truth,183.2,112.0,1,,,,0,38.59,0.021,0.011,85,question,9
2026-10-08 23:26:51.422,621.1,20261008_231630,toey,question,23,622,manual,truth,183.2,112.0,1,,,,0,38.6,0.02,0.012,86,question,9
2026-10-08 23:26:51.580,621.26,20261008_231630,toey,question,23,622,manual,truth,183.2,112.0,1,,,,0,38.6,0.019,0.011,86,question,9
2026-10-08 23:26:51.768,621.44,20261008_231630,toey,question,23,622,manual,truth,183.2,112.0,1,,,,0,38.61,0.018,0.01,86,question,9
2026-10-08 23:26:51.977,621.65,20261008_231630,toey,question,23,622,manual,truth,183.2,112.0,1,,,,0,38.61,0.017,0.009,86,question,9
2026-10-08 23:26:52.184,621.86,20261008_231630,toey,question,23,622,manual,truth,183.2,112.0,1,,,,0,38.61,0.016,0.009,86,question,9
2026-10-08 23:26:52.394,622.07,20261008_231630,toey,question,23,622,manual,truth,183.2,112.0,1,,,,0,38.61,0.016,0.009,86,question,9
2026-10-08 23:26:52.618,622.29,20261008_231630,toey,question,23,622,manual,truth,183.2,112.0,1,,,,0,38.61,0.015,0.009,86,question,9
2026-10-08 23:26:52.796,622.47,20261008_231630,toey,question,23,622,manual,truth,,,1,,,,0,38.61,0.015,0.009,73,question,9
2026-10-08 23:26:53.008,622.68,20261008_231630,toey,question,23,622,manual,truth,,,1,,,,0,38.61,0.015,0.009,62,question,9
2026-10-08 23:26:53.206,622.88,20261008_231630,toey,question,23,622,manual,truth,124.3,,1,,,,0,38.62,0.015,0.009,57,question,9
2026-10-08 23:26:53.415,623.09,20261008_231630,toey,question,23,622,manual,truth,124.3,,1,,,,0,38.62,0.018,0.008,53,question,9
2026-10-08 23:26:53.620,623.29,20261008_231630,toey,question,23,622,manual,truth,124.3,,1,,,,0,38.62,0.019,0.01,50,question,9
2026-10-08 23:26:53.879,623.55,20261008_231630,toey,question,23,622,manual,truth,129.1,,1,,,,0,38.62,0.017,0.009,48,question,9
2026-10-08 23:26:54.035,623.71,20261008_231630,toey,question,23,622,manual,truth,129.1,,1,,,,0,38.62,0.02,0.009,46,question,9
2026-10-08 23:26:54.239,623.91,20261008_231630,toey,question,23,622,manual,truth,129.1,,1,,,,0,38.62,0.021,0.009,45,question,9
2026-10-08 23:26:54.446,624.12,20261008_231630,toey,question,23,622,manual,truth,129.1,,1,,,,0,38.62,0.019,0.008,44,question,9
2026-10-08 23:26:54.651,624.33,20261008_231630,toey,question,23,622,manual,truth,121.8,,1,,,,0,38.61,0.018,0.008,42,question,9
2026-10-08 23:26:54.856,624.53,20261008_231630,toey,question,23,622,manual,truth,121.8,,1,,,,0,38.62,0.016,0.007,40,question,8
2026-10-08 23:26:55.065,624.74,20261008_231630,toey,question,23,622,manual,truth,129.1,,1,,,,0,38.62,0.015,0.007,40,question,8
2026-10-08 23:26:55.270,624.95,20261008_231630,toey,question,23,622,manual,truth,129.1,,1,,,,0,38.62,0.015,0.006,40,question,8
2026-10-08 23:26:55.481,625.16,20261008_231630,toey,question,23,622,manual,truth,129.1,82.0,1,,,,0,38.62,0.014,0.006,40,question,8
2026-10-08 23:26:55.681,625.36,20261008_231630,toey,question,23,622,manual,truth,129.1,82.0,1,,,,0,38.62,0.013,0.006,40,question,8
2026-10-08 23:26:55.889,625.56,20261008_231630,toey,question,23,622,manual,truth,129.1,82.0,1,,,,0,38.62,0.012,0.006,39,question,8
2026-10-08 23:26:56.096,625.77,20261008_231630,toey,question,23,622,manual,truth,129.1,82.0,1,,,,0,38.62,0.012,0.005,39,question,8
2026-10-08 23:26:56.309,625.98,20261008_231630,toey,question,23,622,manual,truth,129.1,82.0,1,,,,0,38.63,0.014,0.005,39,question,8
2026-10-08 23:26:56.513,626.19,20261008_231630,toey,question,23,622,manual,truth,129.1,82.0,1,,,,0,38.63,0.013,0.005,39,question,8
2026-10-08 23:26:56.745,626.42,20261008_231630,toey,question,23,622,manual,truth,141.0,82.0,1,,,,0,38.63,0.013,0.006,41,question,8
2026-10-08 23:26:56.921,626.6,20261008_231630,toey,question,23,622,manual,truth,141.0,82.0,1,,,,0,38.64,0.012,0.006,43,question,8
2026-10-08 23:26:57.156,626.83,20261008_231630,toey,question,23,622,manual,truth,147.1,73.7,1,,,,0,38.64,0.011,0.006,45,question,8
2026-10-08 23:26:57.331,627.01,20261008_231630,toey,question,23,622,manual,truth,147.1,73.7,1,,,,0,38.64,0.011,0.005,47,question,8
2026-10-08 23:26:57.565,627.24,20261008_231630,toey,question,23,622,manual,truth,147.1,73.7,1,,,,0,38.64,0.011,0.005,49,question,8
2026-10-08 23:26:57.742,627.42,20261008_231630,toey,question,23,622,manual,truth,147.1,73.7,1,,,,0,38.65,0.01,0.005,50,question,8
2026-10-08 23:26:57.976,627.65,20261008_231630,toey,question,23,622,manual,truth,147.1,73.7,1,,,,0,38.65,0.012,0.006,52,question,8
2026-10-08 23:26:58.385,628.06,20261008_231630,toey,question,23,622,manual,truth,147.1,73.7,1,,,,0,38.65,0.016,0.006,53,question,8
2026-10-08 23:26:58.386,628.06,20261008_231630,toey,question,23,622,manual,truth,147.1,73.7,1,,,,0,38.65,0.018,0.007,54,question,9
2026-10-08 23:26:58.564,628.24,20261008_231630,toey,question,23,622,manual,truth,147.1,76.2,1,,,,0,38.65,0.018,0.007,55,question,9
2026-10-08 23:26:58.898,628.57,20261008_231630,toey,question,23,622,manual,truth,147.1,76.2,1,,,,0,38.6,0.016,0.007,55,question,9
2026-10-08 23:26:58.973,628.65,20261008_231630,toey,question,23,622,manual,truth,147.1,76.2,1,,,,0,38.6,0.017,0.008,56,question,8
2026-10-08 23:26:59.175,628.85,20261008_231630,toey,recovery,23,622,manual,truth,147.1,76.2,1,,,,0,38.6,0.016,0.008,56,ready,8
2026-10-08 23:26:59.382,629.06,20261008_231630,toey,recovery,23,622,manual,truth,147.1,76.2,1,,,,0,38.6,0.016,0.008,56,ready,8
2026-10-08 23:26:59.586,629.26,20261008_231630,toey,recovery,23,622,manual,truth,147.1,76.2,1,,,,0,38.61,0.015,0.007,57,ready,8
2026-10-08 23:26:59.794,629.47,20261008_231630,toey,recovery,23,622,manual,truth,147.1,76.2,1,,,,0,38.61,0.015,0.007,57,ready,8
2026-10-08 23:26:59.998,629.67,20261008_231630,toey,recovery,23,622,manual,truth,153.8,70.8,1,,,,0,38.62,0.018,0.008,58,ready,8
2026-10-08 23:27:00.197,629.87,20261008_231630,toey,recovery,23,622,manual,truth,153.8,70.8,1,,,,0,38.55,0.017,0.007,60,ready,8
2026-10-08 23:27:00.404,630.08,20261008_231630,toey,recovery,23,622,manual,truth,143.0,76.6,1,,,,0,38.56,0.017,0.007,59,ready,8
2026-10-08 23:27:00.611,630.29,20261008_231630,toey,recovery,23,622,manual,truth,143.0,76.6,1,,,,0,38.57,0.016,0.006,58,ready,8
2026-10-08 23:27:00.817,630.49,20261008_231630,toey,recovery,23,622,manual,truth,143.0,76.6,1,,,,0,38.58,0.021,0.008,57,ready,8
2026-10-08 23:27:01.048,630.72,20261008_231630,toey,recovery,23,622,manual,truth,143.0,76.6,1,,,,0,38.58,0.047,0.023,58,ready,8
2026-10-08 23:27:01.229,630.9,20261008_231630,toey,recovery,23,622,manual,truth,143.0,76.6,1,,,,0,38.59,0.047,0.023,59,ready,8
2026-10-08 23:27:01.437,631.11,20261008_231630,toey,recovery,23,622,manual,truth,143.0,77.2,1,,,,0,38.59,0.051,0.023,59,ready,8
2026-10-08 23:27:01.645,631.32,20261008_231630,toey,recovery,23,622,manual,truth,143.0,77.2,1,,,,0,38.6,0.056,0.023,60,ready,8
2026-10-08 23:27:01.849,631.52,20261008_231630,toey,recovery,23,622,manual,truth,166.7,75.0,1,,,,0,38.6,0.055,0.021,64,ready,8
2026-10-08 23:27:02.071,631.75,20261008_231630,toey,recovery,23,622,manual,truth,166.7,75.0,1,,,,0,38.61,0.055,0.026,67,ready,8
2026-10-08 23:27:02.258,631.93,20261008_231630,toey,recovery,23,622,manual,truth,148.7,67.8,1,,,,0,38.61,0.061,0.032,68,ready,8
2026-10-08 23:27:02.468,632.14,20261008_231630,toey,recovery,23,622,manual,truth,148.7,67.8,1,,,,0,38.61,0.062,0.033,68,ready,8
2026-10-08 23:27:02.671,632.35,20261008_231630,toey,recovery,23,622,manual,truth,142.9,68.6,1,,,,0,38.62,0.06,0.033,67,ready,8
2026-10-08 23:27:02.877,632.55,20261008_231630,toey,recovery,23,622,manual,truth,142.9,68.6,1,,,,0,38.62,0.058,0.031,67,ready,8
2026-10-08 23:27:03.085,632.76,20261008_231630,toey,recovery,23,622,manual,truth,142.9,68.6,1,,,,0,38.62,0.053,0.028,66,ready,8
2026-10-08 23:27:03.289,632.96,20261008_231630,toey,recovery,23,622,manual,truth,142.9,68.6,1,,,,0,38.63,0.048,0.026,65,ready,8
2026-10-08 23:27:03.505,633.18,20261008_231630,toey,recovery,23,622,manual,truth,142.9,68.6,1,,,,0,38.63,0.045,0.024,64,ready,8
2026-10-08 23:27:03.711,633.39,20261008_231630,toey,recovery,23,622,manual,truth,148.7,68.6,1,,,,0,38.63,0.065,0.03,65,ready,8
2026-10-08 23:27:03.914,633.59,20261008_231630,toey,recovery,23,622,manual,truth,148.7,68.6,1,,,,0,38.63,0.068,0.03,67,ready,8
2026-10-08 23:27:04.123,633.8,20261008_231630,toey,recovery,23,622,manual,truth,148.7,68.6,1,,,,0,38.63,0.061,0.027,67,ready,8
2026-10-08 23:27:04.328,634.0,20261008_231630,toey,recovery,23,622,manual,truth,148.7,68.6,1,,,,0,38.61,0.052,0.023,68,ready,9
2026-10-08 23:27:06.530,636.2,20261008_231630,toey,rest,,,,,148.7,68.6,1,,,,0,38.61,0.022,0.011,63,ready,8
2026-10-08 23:27:06.750,636.42,20261008_231630,toey,rest,,,,,148.7,68.6,1,,,,0,38.62,0.02,0.01,63,ready,8
2026-10-08 23:27:06.942,636.62,20261008_231630,toey,rest,,,,,148.7,68.6,1,,,,0,38.62,0.022,0.01,63,ready,8
2026-10-08 23:27:07.149,636.82,20261008_231630,toey,rest,,,,,148.7,68.6,1,,,,0,38.62,0.025,0.011,62,ready,8
2026-10-08 23:27:07.357,637.03,20261008_231630,toey,rest,,,,,148.7,68.6,1,,,,0,38.63,0.022,0.009,62,ready,8
2026-10-08 23:27:07.564,637.24,20261008_231630,toey,rest,,,,,148.7,68.6,1,,,,0,38.63,0.02,0.008,62,ready,8
2026-10-08 23:27:07.771,637.45,20261008_231630,toey,rest,,,,,148.7,68.6,1,,,,0,38.63,0.018,0.008,61,ready,8
2026-10-08 23:27:07.977,637.65,20261008_231630,toey,rest,,,,,148.7,68.6,1,,,,0,38.63,0.017,0.007,61,ready,8
2026-10-08 23:27:08.185,637.86,20261008_231630,toey,rest,,,,,148.7,68.6,1,,,,0,38.63,0.017,0.007,61,ready,8
2026-10-08 23:27:08.389,638.06,20261008_231630,toey,rest,,,,,148.7,68.6,1,,,,0,38.63,0.016,0.007,61,ready,8
2026-10-08 23:27:08.597,638.27,20261008_231630,toey,rest,,,,,148.7,68.6,1,,,,0,38.63,0.015,0.006,60,ready,8
2026-10-08 23:27:08.803,638.48,20261008_231630,toey,rest,,,,,148.7,68.6,1,,,,0,38.63,0.018,0.006,60,ready,8
2026-10-08 23:27:09.033,638.71,20261008_231630,toey,rest,,,,,,,1,,,,0,38.64,0.024,0.01,52,ready,8
2026-10-08 23:27:09.207,638.88,20261008_231630,toey,rest,,,,,,,1,,,,0,38.58,0.025,0.012,46,ready,8
2026-10-08 23:27:09.417,639.09,20261008_231630,toey,rest,,,,,,,1,,,,0,38.59,0.032,0.015,41,ready,8
2026-10-08 23:27:09.622,639.3,20261008_231630,toey,rest,,,,,165.2,73.7,1,,,,0,38.6,0.043,0.017,48,ready,8
2026-10-08 23:27:09.829,639.5,20261008_231630,toey,rest,,,,,165.2,73.7,1,,,,0,38.6,0.041,0.016,54,ready,8
2026-10-08 23:27:10.047,639.72,20261008_231630,toey,rest,,,,,165.2,73.7,1,,,,0,38.56,0.041,0.016,58,ready,8
2026-10-08 23:27:10.262,639.94,20261008_231630,toey,rest,,,,,165.2,73.7,1,,,,0,38.57,0.037,0.015,62,ready,8
2026-10-08 23:27:10.463,640.14,20261008_231630,toey,rest,,,,,165.2,73.7,1,,,,0,38.58,0.035,0.015,65,ready,8
2026-10-08 23:27:10.663,640.34,20261008_231630,toey,rest,,,,,165.2,73.7,1,,,,0,38.58,0.033,0.014,67,ready,8
2026-10-08 23:27:10.868,640.54,20261008_231630,toey,rest,,,,,165.2,73.7,1,,,,0,38.59,0.03,0.013,69,ready,8
2026-10-08 23:27:11.073,640.75,20261008_231630,toey,rest,,,,,165.2,73.7,1,,,,0,38.59,0.029,0.012,70,ready,8
2026-10-08 23:27:11.285,640.96,20261008_231630,toey,rest,,,,,165.2,73.7,1,,,,0,38.6,0.027,0.011,72,ready,8
2026-10-08 23:27:11.494,641.17,20261008_231630,toey,rest,,,,,165.2,73.7,1,,,,0,38.6,0.025,0.011,72,ready,8
2026-10-08 23:27:11.684,641.36,20261008_231630,toey,rest,,,,,,,1,,,,0,38.6,0.025,0.01,62,ready,8
2026-10-08 23:27:11.900,641.57,20261008_231630,toey,rest,,,,,,,1,,,,0,38.61,0.024,0.01,54,ready,8
2026-10-08 23:27:12.092,641.77,20261008_231630,toey,rest,,,,,,,1,,,,0,38.61,0.023,0.01,47,ready,8
2026-10-08 23:27:12.310,641.99,20261008_231630,toey,rest,,,,,73.9,,1,,,,0,38.62,0.021,0.009,39,ready,8
2026-10-08 23:27:12.503,642.18,20261008_231630,toey,rest,,,,,73.9,,1,,,,0,38.62,0.02,0.008,33,ready,8
2026-10-08 23:27:12.719,642.39,20261008_231630,toey,rest,,,,,73.9,,1,,,,0,38.62,0.018,0.007,28,ready,8
2026-10-08 23:27:12.912,642.59,20261008_231630,toey,rest,,,,,73.9,,1,,,,0,38.62,0.017,0.007,24,ready,9
2026-10-08 23:27:13.124,642.8,20261008_231630,toey,rest,,,,,73.9,,1,,,,0,38.63,0.016,0.006,21,ready,9
2026-10-08 23:27:13.334,643.01,20261008_231630,toey,rest,,,,,73.9,,1,,,,0,38.63,0.015,0.006,18,ready,9
2026-10-08 23:27:13.531,643.21,20261008_231630,toey,rest,,,,,58.7,,1,,,,0,38.63,0.015,0.006,16,ready,8
2026-10-08 23:27:13.743,643.42,20261008_231630,toey,rest,,,,,58.7,,1,,,,0,38.63,0.014,0.008,14,ready,8
2026-10-08 23:27:13.942,643.62,20261008_231630,toey,rest,,,,,58.7,,1,,,,0,38.63,0.013,0.008,12,ready,8
2026-10-08 23:27:14.157,643.83,20261008_231630,toey,rest,,,,,58.7,,1,,,,0,38.64,0.013,0.007,10,ready,9
2026-10-08 23:27:14.365,644.04,20261008_231630,toey,rest,,,,,58.7,,1,,,,0,38.62,0.013,0.007,8,ready,8
2026-10-08 23:27:14.570,644.25,20261008_231630,toey,rest,,,,,58.7,,1,,,,0,38.62,0.013,0.007,7,ready,8
2026-10-08 23:27:14.773,644.45,20261008_231630,toey,rest,,,,,58.7,,1,,,,0,38.62,0.013,0.006,7,ready,8
2026-10-08 23:27:14.982,644.66,20261008_231630,toey,rest,,,,,58.7,,1,,,,0,38.62,0.013,0.008,6,ready,8
2026-10-08 23:27:15.190,644.87,20261008_231630,toey,rest,,,,,54.3,,1,,,,0,38.63,0.015,0.008,6,ready,8
2026-10-08 23:27:15.392,645.07,20261008_231630,toey,rest,,,,,54.3,,1,,,,0,38.63,0.016,0.009,5,ready,8
2026-10-08 23:27:15.602,645.28,20261008_231630,toey,rest,,,,,54.3,,1,,,,0,38.63,0.016,0.008,5,ready,8
2026-10-08 23:27:15.814,645.49,20261008_231630,toey,rest,,,,,54.3,,1,,,,0,38.64,0.017,0.009,5,ready,8
2026-10-08 23:27:16.016,645.69,20261008_231630,toey,rest,,,,,54.3,,1,,,,0,38.64,0.018,0.008,5,ready,8
2026-10-08 23:27:16.225,645.9,20261008_231630,toey,rest,,,,,54.3,,1,,,,0,38.64,0.017,0.008,5,ready,8
2026-10-08 23:27:16.475,646.15,20261008_231630,toey,rest,,,,,54.3,,1,,,,0,38.64,0.017,0.008,4,ready,8
2026-10-08 23:27:16.634,646.31,20261008_231630,toey,rest,,,,,54.3,,1,,,,0,38.65,0.018,0.008,4,ready,8
2026-10-08 23:27:16.842,646.52,20261008_231630,toey,rest,,,,,54.3,,1,,,,0,38.64,0.017,0.009,4,ready,8
2026-10-08 23:27:17.052,646.73,20261008_231630,toey,rest,,,,,54.3,,1,,,,0,38.65,0.016,0.009,4,ready,8
2026-10-08 23:27:17.259,646.93,20261008_231630,toey,rest,,,,,54.3,,1,,,,0,38.65,0.017,0.01,4,ready,8
2026-10-08 23:27:17.462,647.14,20261008_231630,toey,rest,,,,,54.3,,1,,,,0,38.65,0.017,0.01,4,ready,8
2026-10-08 23:27:17.673,647.35,20261008_231630,toey,rest,,,,,54.3,,1,,,,0,38.65,0.018,0.01,4,ready,8
2026-10-08 23:27:17.873,647.55,20261008_231630,toey,rest,,,,,54.3,,1,,,,0,38.65,0.02,0.01,4,ready,8
2026-10-08 23:27:18.079,647.75,20261008_231630,toey,rest,,,,,54.3,,1,,,,0,38.65,0.02,0.009,4,ready,8
2026-10-08 23:27:18.283,647.96,20261008_231630,toey,rest,,,,,54.3,,1,,,,0,38.65,0.02,0.009,4,ready,8
2026-10-08 23:27:18.498,648.17,20261008_231630,toey,recovery,24,623,manual,truth,54.3,,1,,,,0,38.65,0.019,0.008,4,ready,9
2026-10-08 23:27:20.606,650.28,20261008_231630,toey,question,24,623,manual,truth,54.3,,1,,,,0,38.62,0.013,0.005,4,question,8
2026-10-08 23:27:20.824,650.5,20261008_231630,toey,question,24,623,manual,truth,58.7,,1,,,,0,38.63,0.013,0.005,4,question,8
2026-10-08 23:27:21.010,650.68,20261008_231630,toey,question,24,623,manual,truth,58.7,,1,,,,0,38.63,0.013,0.005,4,question,8
2026-10-08 23:27:21.217,650.89,20261008_231630,toey,question,24,623,manual,truth,58.7,,1,,,,0,38.64,0.012,0.005,4,question,8
2026-10-08 23:27:21.427,651.1,20261008_231630,toey,question,24,623,manual,truth,58.7,,1,,,,0,38.64,0.011,0.004,4,question,8
2026-10-08 23:27:21.631,651.31,20261008_231630,toey,question,24,623,manual,truth,58.7,,1,,,,0,38.64,0.011,0.005,4,question,8
2026-10-08 23:27:21.870,651.55,20261008_231630,toey,question,24,623,manual,truth,58.7,,1,,,,0,38.64,0.011,0.005,4,question,8
2026-10-08 23:27:22.050,651.73,20261008_231630,toey,question,24,623,manual,truth,58.7,,1,,,,0,38.64,0.01,0.004,4,question,8
2026-10-08 23:27:22.260,651.93,20261008_231630,toey,question,24,623,manual,truth,58.7,,1,,,,0,38.64,0.011,0.004,4,question,8
2026-10-08 23:27:22.459,652.13,20261008_231630,toey,question,24,623,manual,truth,70.6,,1,,,,0,38.58,0.01,0.005,4,question,8
2026-10-08 23:27:22.660,652.34,20261008_231630,toey,question,24,623,manual,truth,70.6,,1,,,,0,38.59,0.01,0.005,4,question,8
2026-10-08 23:27:22.873,652.55,20261008_231630,toey,question,24,623,manual,truth,70.6,,1,,,,0,38.59,0.012,0.005,4,question,8
2026-10-08 23:27:23.076,652.75,20261008_231630,toey,question,24,623,manual,truth,70.6,,1,,,,0,38.6,0.011,0.005,4,question,8
2026-10-08 23:27:23.292,652.97,20261008_231630,toey,question,24,623,manual,truth,70.6,,1,,,,0,38.61,0.011,0.006,5,question,8
2026-10-08 23:27:23.491,653.17,20261008_231630,toey,question,24,623,manual,truth,70.6,,1,,,,0,38.61,0.012,0.006,5,question,8
2026-10-08 23:27:23.708,653.38,20261008_231630,toey,question,24,623,manual,truth,70.6,,1,,,,0,38.62,0.013,0.008,5,question,8
2026-10-08 23:27:23.916,653.59,20261008_231630,toey,question,24,623,manual,truth,70.6,,1,,,,0,38.62,0.014,0.007,5,question,8
2026-10-08 23:27:24.112,653.79,20261008_231630,toey,question,24,623,manual,truth,70.6,,1,,,,0,38.63,0.018,0.011,5,question,8
2026-10-08 23:27:24.337,654.01,20261008_231630,toey,question,24,623,manual,truth,70.6,,1,,,,0,38.59,0.017,0.012,5,question,8
2026-10-08 23:27:24.524,654.2,20261008_231630,toey,question,24,623,manual,truth,70.6,,1,,,,0,38.6,0.019,0.012,5,question,8
2026-10-08 23:27:24.731,654.41,20261008_231630,toey,question,24,623,manual,truth,70.6,,1,,,,0,38.6,0.019,0.012,5,question,8
2026-10-08 23:27:24.943,654.62,20261008_231630,toey,question,24,623,manual,truth,70.6,,1,,,,0,38.61,0.018,0.011,5,question,8
2026-10-08 23:27:25.145,654.82,20261008_231630,toey,question,24,623,manual,truth,67.1,,1,,,,0,38.61,0.017,0.011,5,question,8
2026-10-08 23:27:25.359,655.03,20261008_231630,toey,question,24,623,manual,truth,67.1,,1,,,,0,38.62,0.017,0.01,5,question,8
2026-10-08 23:27:25.561,655.24,20261008_231630,toey,question,24,623,manual,truth,67.1,,1,,,,0,38.62,0.016,0.01,5,question,8
2026-10-08 23:27:25.775,655.45,20261008_231630,toey,question,24,623,manual,truth,67.1,,1,,,,0,38.62,0.015,0.01,5,question,8
2026-10-08 23:27:25.973,655.65,20261008_231630,toey,question,24,623,manual,truth,67.1,,1,,,,0,38.62,0.015,0.009,5,question,8
2026-10-08 23:27:26.176,655.85,20261008_231630,toey,question,24,623,manual,truth,67.1,,1,,,,0,38.62,0.014,0.009,5,question,8
2026-10-08 23:27:26.390,656.07,20261008_231630,toey,question,24,623,manual,truth,67.1,,1,,,,0,38.63,0.013,0.008,5,question,8
2026-10-08 23:27:26.614,656.29,20261008_231630,toey,question,24,623,manual,truth,67.1,,1,,,,0,38.63,0.012,0.008,5,question,8
2026-10-08 23:27:26.790,656.46,20261008_231630,toey,question,24,623,manual,truth,67.1,,1,,,,0,38.63,0.012,0.007,5,question,8
2026-10-08 23:27:26.989,656.66,20261008_231630,toey,question,24,623,manual,truth,67.1,,1,,,,0,38.64,0.013,0.007,5,question,8
2026-10-08 23:27:27.194,656.87,20261008_231630,toey,question,24,623,manual,truth,67.1,,1,,,,0,38.64,0.014,0.008,4,question,8
2026-10-08 23:27:27.410,657.09,20261008_231630,toey,question,24,623,manual,truth,67.1,,1,,,,0,38.65,0.014,0.008,4,question,8
2026-10-08 23:27:27.603,657.28,20261008_231630,toey,question,24,623,manual,truth,67.1,,1,,,,0,38.65,0.013,0.007,4,question,8
2026-10-08 23:27:27.809,657.48,20261008_231630,toey,question,24,623,manual,truth,67.1,,1,,,,0,38.65,0.013,0.007,4,question,8
2026-10-08 23:27:28.014,657.69,20261008_231630,toey,question,24,623,manual,truth,67.1,,1,,,,0,38.65,0.013,0.007,4,question,8
2026-10-08 23:27:28.239,657.91,20261008_231630,toey,question,24,623,manual,truth,67.1,,1,,,,0,38.65,0.012,0.006,4,question,8
2026-10-08 23:27:28.444,658.12,20261008_231630,toey,question,24,623,manual,truth,67.1,,1,,,,0,38.62,0.012,0.006,4,question,8
2026-10-08 23:27:28.664,658.34,20261008_231630,toey,question,24,623,manual,truth,67.1,,1,,,,0,38.63,0.012,0.006,4,question,8
2026-10-08 23:27:32.655,662.33,20261008_231630,toey,recovery,24,623,manual,truth,67.1,,1,,,,0,38.63,0.02,0.008,5,ready,8
2026-10-08 23:27:32.854,662.53,20261008_231630,toey,recovery,24,623,manual,truth,67.1,,1,,,,0,38.63,0.02,0.008,5,ready,8
2026-10-08 23:27:33.062,662.74,20261008_231630,toey,recovery,24,623,manual,truth,67.1,,1,,,,0,38.63,0.018,0.007,5,ready,8
2026-10-08 23:27:33.310,662.98,20261008_231630,toey,recovery,24,623,manual,truth,67.1,,1,,,,0,38.63,0.017,0.007,5,ready,8
2026-10-08 23:27:33.507,663.18,20261008_231630,toey,recovery,24,623,manual,truth,67.1,,1,,,,0,38.64,0.015,0.006,5,ready,8
2026-10-08 23:27:33.688,663.36,20261008_231630,toey,recovery,24,623,manual,truth,67.1,,1,,,,0,38.64,0.017,0.006,5,ready,8
2026-10-08 23:27:33.893,663.57,20261008_231630,toey,rest,,,,,67.1,,1,,,,0,38.64,0.016,0.006,5,ready,9
2026-10-08 23:27:34.097,663.77,20261008_231630,toey,rest,,,,,67.1,,1,,,,0,38.65,0.015,0.006,5,ready,9
2026-10-08 23:27:34.303,663.98,20261008_231630,toey,rest,,,,,67.1,,1,,,,0,38.65,0.014,0.006,5,ready,9
2026-10-08 23:27:34.506,664.18,20261008_231630,toey,rest,,,,,67.1,,1,,,,0,38.65,0.013,0.007,5,ready,9
2026-10-08 23:27:34.713,664.39,20261008_231630,toey,rest,,,,,67.1,,1,,,,0,38.65,0.012,0.006,5,ready,9
2026-10-08 23:27:34.923,664.6,20261008_231630,toey,rest,,,,,67.1,,1,,,,0,38.65,0.012,0.006,5,ready,9
2026-10-08 23:27:35.127,664.8,20261008_231630,toey,rest,,,,,67.1,,1,,,,0,38.65,0.014,0.006,5,ready,9
2026-10-08 23:27:35.334,665.01,20261008_231630,toey,rest,,,,,67.1,,1,,,,0,38.65,0.014,0.006,5,ready,9
2026-10-08 23:27:35.556,665.23,20261008_231630,toey,rest,,,,,67.1,,1,,,,0,38.65,0.013,0.006,4,ready,9
2026-10-08 23:27:35.743,665.42,20261008_231630,toey,rest,,,,,67.1,,1,,,,0,38.67,0.012,0.006,4,ready,9
2026-10-08 23:27:35.949,665.62,20261008_231630,toey,rest,,,,,67.1,,1,,,,0,38.61,0.012,0.005,4,ready,9
2026-10-08 23:27:36.153,665.83,20261008_231630,toey,rest,,,,,67.1,,1,,,,0,38.62,0.011,0.005,4,ready,9
2026-10-08 23:27:36.354,666.03,20261008_231630,toey,rest,,,,,67.1,,1,,,,0,38.62,0.011,0.005,4,ready,9
2026-10-08 23:27:36.565,666.24,20261008_231630,toey,rest,,,,,67.1,,1,,,,0,38.63,0.011,0.006,4,ready,9
2026-10-08 23:27:36.768,666.44,20261008_231630,toey,rest,,,,,67.1,,1,,,,0,38.63,0.014,0.006,4,ready,9
2026-10-08 23:27:36.989,666.66,20261008_231630,toey,rest,,,,,67.1,,1,,,,0,38.63,0.013,0.006,4,ready,9
2026-10-08 23:27:37.178,666.85,20261008_231630,toey,rest,,,,,67.1,,1,,,,0,38.63,0.014,0.005,4,ready,9
2026-10-08 23:27:37.398,667.07,20261008_231630,toey,rest,,,,,67.1,,1,,,,0,38.63,0.014,0.006,4,ready,9
2026-10-08 23:27:37.594,667.27,20261008_231630,toey,rest,,,,,67.1,,1,,,,0,38.64,0.014,0.007,4,ready,9
2026-10-08 23:27:37.797,667.47,20261008_231630,toey,rest,,,,,67.1,,1,,,,0,38.64,0.014,0.007,4,ready,9
2026-10-08 23:27:38.004,667.68,20261008_231630,toey,rest,,,,,,,1,,,,0,38.64,0.014,0.006,6,ready,9
2026-10-08 23:27:38.213,667.89,20261008_231630,toey,rest,,,,,,,1,,,,0,38.64,0.014,0.006,7,ready,9
2026-10-08 23:27:38.474,668.15,20261008_231630,toey,rest,,,,,,,1,,,,0,38.64,0.013,0.005,7,ready,9
2026-10-08 23:27:38.657,668.33,20261008_231630,toey,rest,,,,,,,1,,,,0,38.64,0.023,0.013,9,ready,9
2026-10-08 23:27:38.879,668.55,20261008_231630,toey,rest,,,,,89.2,,1,,,,0,38.65,0.029,0.016,9,ready,9
2026-10-08 23:27:39.036,668.71,20261008_231630,toey,rest,,,,,89.2,,1,,,,0,38.65,0.027,0.016,10,ready,9
2026-10-08 23:27:39.246,668.92,20261008_231630,toey,rest,,,,,89.2,,1,,,,0,38.64,0.025,0.014,10,ready,9
2026-10-08 23:27:39.452,669.13,20261008_231630,toey,rest,,,,,82.9,,1,,,,0,38.65,0.023,0.013,10,ready,9
2026-10-08 23:27:39.752,669.43,20261008_231630,toey,rest,,,,,82.9,,1,,,,0,38.65,0.021,0.012,10,ready,9
2026-10-08 23:27:39.878,669.55,20261008_231630,toey,rest,,,,,82.9,,1,,,,0,38.65,0.018,0.01,9,ready,9
2026-10-08 23:27:40.084,669.76,20261008_231630,toey,rest,,,,,82.9,,1,,,,0,38.6,0.016,0.009,9,ready,9
2026-10-08 23:27:40.285,669.96,20261008_231630,toey,rest,,,,,82.9,,1,,,,0,38.61,0.015,0.008,9,ready,9
2026-10-08 23:27:40.497,670.17,20261008_231630,toey,rest,,,,,82.9,,1,,,,0,38.61,0.015,0.008,9,ready,9
2026-10-08 23:27:40.675,670.35,20261008_231630,toey,rest,,,,,82.9,,1,,,,0,38.62,0.014,0.008,9,ready,9
2026-10-08 23:27:40.873,670.55,20261008_231630,toey,rest,,,,,82.9,,1,,,,0,38.62,0.013,0.008,9,ready,9
2026-10-08 23:27:41.078,670.75,20261008_231630,toey,rest,,,,,82.9,,1,,,,0,38.63,0.013,0.008,9,ready,9
2026-10-08 23:27:41.274,670.95,20261008_231630,toey,rest,,,,,82.9,,1,,,,0,38.63,0.012,0.008,9,ready,9
2026-10-08 23:27:41.477,671.15,20261008_231630,toey,rest,,,,,82.9,,1,,,,0,38.63,0.011,0.007,8,ready,9
2026-10-08 23:27:41.678,671.35,20261008_231630,toey,rest,,,,,91.9,,1,,,,0,38.64,0.011,0.007,9,ready,9
2026-10-08 23:27:41.880,671.55,20261008_231630,toey,rest,,,,,91.9,,1,,,,0,38.64,0.01,0.007,9,ready,9
2026-10-08 23:27:42.088,671.76,20261008_231630,toey,rest,,,,,91.9,,1,,,,0,38.64,0.01,0.007,10,ready,9
2026-10-08 23:27:42.283,671.96,20261008_231630,toey,rest,,,,,91.9,,1,,,,0,38.64,0.011,0.006,10,ready,9
2026-10-08 23:27:42.484,672.16,20261008_231630,toey,rest,,,,,91.9,,1,,,,0,38.65,0.01,0.006,10,ready,9
2026-10-08 23:27:42.693,672.37,20261008_231630,toey,rest,,,,,91.9,,1,,,,0,38.65,0.01,0.006,10,ready,9
2026-10-08 23:27:42.897,672.57,20261008_231630,toey,rest,,,,,91.9,,1,,,,0,38.65,0.01,0.006,11,ready,9
2026-10-08 23:27:43.104,672.78,20261008_231630,toey,rest,,,,,91.9,,1,,,,0,38.65,0.011,0.006,11,ready,9
2026-10-08 23:27:43.315,672.99,20261008_231630,toey,rest,,,,,91.9,,1,,,,0,38.65,0.011,0.005,11,ready,9
2026-10-08 23:27:43.517,673.19,20261008_231630,toey,rest,,,,,91.9,,1,,,,0,38.65,0.011,0.005,11,ready,9
2026-10-08 23:27:43.725,673.4,20261008_231630,toey,rest,,,,,103.2,,1,,,,0,38.66,0.011,0.006,12,ready,9
2026-10-08 23:27:43.930,673.61,20261008_231630,toey,rest,,,,,103.2,,1,,,,0,38.66,0.011,0.006,13,ready,9
2026-10-08 23:27:44.133,673.81,20261008_231630,toey,rest,,,,,103.2,,1,,,,0,38.66,0.011,0.006,14,ready,9
2026-10-08 23:27:44.333,674.01,20261008_231630,toey,rest,,,,,103.2,,1,,,,0,38.6,0.01,0.005,14,ready,9
2026-10-08 23:27:44.540,674.22,20261008_231630,toey,rest,,,,,87.7,,1,,,,0,38.6,0.01,0.005,13,ready,9
2026-10-08 23:27:44.743,674.42,20261008_231630,toey,rest,,,,,87.7,,1,,,,0,38.61,0.009,0.005,13,ready,9
2026-10-08 23:27:44.974,674.65,20261008_231630,toey,rest,,,,,87.7,,1,,,,0,38.61,0.009,0.004,12,ready,9
2026-10-08 23:27:45.161,674.84,20261008_231630,toey,rest,,,,,100.7,152.5,1,,,,0,38.62,0.01,0.004,13,ready,9
2026-10-08 23:27:45.367,675.04,20261008_231630,toey,rest,,,,,100.7,152.5,1,,,,0,38.62,0.01,0.004,13,ready,9
2026-10-08 23:27:45.575,675.25,20261008_231630,toey,rest,,,,,100.7,152.5,1,,,,0,38.62,0.011,0.004,14,ready,9
2026-10-08 23:27:45.785,675.46,20261008_231630,toey,rest,,,,,100.7,152.5,1,,,,0,38.63,0.011,0.004,14,ready,9
2026-10-08 23:27:45.993,675.67,20261008_231630,toey,rest,,,,,100.7,152.5,1,,,,0,38.63,0.011,0.004,14,ready,9
2026-10-08 23:27:46.195,675.87,20261008_231630,toey,rest,,,,,100.7,152.5,1,,,,0,38.63,0.013,0.005,15,ready,9
2026-10-08 23:27:46.394,676.07,20261008_231630,toey,rest,,,,,100.7,152.5,1,,,,0,38.63,0.014,0.005,15,ready,9
2026-10-08 23:27:46.603,676.28,20261008_231630,toey,rest,,,,,100.7,152.5,1,,,,0,38.64,0.022,0.007,15,ready,9
2026-10-08 23:27:46.821,676.5,20261008_231630,toey,rest,,,,,100.7,152.5,1,,,,0,38.64,0.036,0.008,16,ready,9
2026-10-08 23:27:47.022,676.7,20261008_231630,toey,rest,,,,,100.7,152.5,1,,,,0,38.64,0.034,0.008,17,ready,9
2026-10-08 23:27:47.233,676.91,20261008_231630,toey,question,25,624,manual,truth,100.7,152.5,1,,,,0,38.64,0.036,0.009,17,question,9
2026-10-08 23:27:47.433,677.11,20261008_231630,toey,question,25,624,manual,truth,105.7,152.5,1,,,,0,38.65,0.038,0.01,18,question,9
2026-10-08 23:27:47.650,677.33,20261008_231630,toey,question,25,624,manual,truth,105.7,152.5,1,,,,0,38.62,0.053,0.018,20,question,9
2026-10-08 23:27:47.855,677.53,20261008_231630,toey,question,25,624,manual,truth,105.7,152.5,1,,,,0,38.56,0.054,0.022,21,question,9
2026-10-08 23:27:48.054,677.73,20261008_231630,toey,question,25,624,manual,truth,105.7,149.4,1,,,,0,38.58,0.061,0.028,22,question,9
2026-10-08 23:27:48.267,677.94,20261008_231630,toey,question,25,624,manual,truth,105.7,149.4,1,,,,0,38.59,0.053,0.025,23,question,9
2026-10-08 23:27:48.471,678.15,20261008_231630,toey,question,25,624,manual,truth,105.7,149.4,1,,,,0,38.59,0.049,0.023,24,question,9
2026-10-08 23:27:48.676,678.35,20261008_231630,toey,question,25,624,manual,truth,105.7,149.4,1,,,,0,38.59,0.047,0.022,24,question,8
2026-10-08 23:27:48.883,678.56,20261008_231630,toey,question,25,624,manual,truth,105.7,149.4,1,,,,0,38.6,0.045,0.021,24,question,8
2026-10-08 23:27:49.096,678.77,20261008_231630,toey,question,25,624,manual,truth,105.7,149.4,1,,,,0,38.61,0.041,0.019,24,question,8
2026-10-08 23:27:49.305,678.98,20261008_231630,toey,question,25,624,manual,truth,105.7,149.4,1,,,,0,38.61,0.038,0.017,24,question,8
2026-10-08 23:27:49.502,679.18,20261008_231630,toey,question,25,624,manual,truth,105.7,149.4,1,,,,0,38.62,0.035,0.016,24,question,8
2026-10-08 23:27:49.693,679.37,20261008_231630,toey,question,25,624,manual,truth,105.7,149.4,1,,,,0,38.62,0.033,0.014,23,question,8
2026-10-08 23:27:49.908,679.58,20261008_231630,toey,question,25,624,manual,truth,105.7,149.4,1,,,,0,38.63,0.03,0.013,23,question,8
2026-10-08 23:27:50.103,679.78,20261008_231630,toey,question,25,624,manual,truth,105.7,149.4,1,,,,0,38.63,0.028,0.012,23,question,8
2026-10-08 23:27:50.327,680.0,20261008_231630,toey,question,25,624,manual,truth,105.7,149.4,1,,,,0,38.63,0.025,0.011,22,question,8
2026-10-08 23:27:50.517,680.19,20261008_231630,toey,question,25,624,manual,truth,105.7,149.4,1,,,,0,38.63,0.024,0.01,22,question,8
2026-10-08 23:27:50.729,680.4,20261008_231630,toey,question,25,624,manual,truth,105.7,149.4,1,,,,0,38.63,0.022,0.009,22,question,8
2026-10-08 23:27:50.932,680.61,20261008_231630,toey,question,25,624,manual,truth,105.7,149.4,1,,,,0,38.64,0.02,0.009,21,question,8
2026-10-08 23:27:51.138,680.81,20261008_231630,toey,question,25,624,manual,truth,105.7,149.4,1,,,,0,38.64,0.018,0.008,21,question,8
2026-10-08 23:27:51.346,681.02,20261008_231630,toey,question,25,624,manual,truth,105.7,149.4,1,,,,0,38.64,0.019,0.008,21,question,8
2026-10-08 23:27:51.552,681.23,20261008_231630,toey,question,25,624,manual,truth,105.7,149.4,1,,,,0,38.65,0.019,0.008,21,question,8
2026-10-08 23:27:51.767,681.44,20261008_231630,toey,question,25,624,manual,truth,105.7,149.4,1,,,,0,38.65,0.018,0.008,21,question,8
2026-10-08 23:27:51.969,681.64,20261008_231630,toey,question,25,624,manual,truth,105.7,149.4,1,,,,0,38.65,0.017,0.007,20,question,9
2026-10-08 23:27:52.172,681.85,20261008_231630,toey,question,25,624,manual,truth,105.7,149.4,1,,,,0,38.65,0.016,0.007,20,question,9
2026-10-08 23:27:52.381,682.06,20261008_231630,toey,question,25,624,manual,truth,105.7,149.4,1,,,,0,38.65,0.015,0.007,20,question,8
2026-10-08 23:27:52.586,682.26,20261008_231630,toey,question,25,624,manual,truth,105.7,149.4,1,,,,0,38.65,0.015,0.007,20,question,9
2026-10-08 23:27:52.795,682.47,20261008_231630,toey,question,25,624,manual,truth,105.7,149.4,1,,,,0,38.58,0.021,0.01,20,question,9
2026-10-08 23:27:53.008,682.68,20261008_231630,toey,question,25,624,manual,truth,105.7,149.4,1,,,,0,38.57,0.024,0.011,20,question,8
2026-10-08 23:27:53.218,682.89,20261008_231630,toey,question,25,624,manual,truth,115.7,149.4,1,,,,0,38.58,0.028,0.012,22,question,8
2026-10-08 23:27:53.427,683.1,20261008_231630,toey,question,25,624,manual,truth,115.7,149.4,1,,,,0,38.58,0.03,0.014,23,question,8
2026-10-08 23:27:53.621,683.3,20261008_231630,toey,question,25,624,manual,truth,138.3,136.4,1,,,,0,38.59,0.029,0.013,28,question,8
2026-10-08 23:27:53.850,683.52,20261008_231630,toey,question,25,624,manual,truth,138.3,136.4,1,,,,0,38.59,0.027,0.013,33,question,8
2026-10-08 23:27:54.028,683.7,20261008_231630,toey,question,25,624,manual,truth,138.3,119.7,1,,,,0,38.6,0.025,0.012,36,question,8
2026-10-08 23:27:54.233,683.91,20261008_231630,toey,question,25,624,manual,truth,138.3,119.7,1,,,,0,38.61,0.023,0.011,39,question,8
2026-10-08 23:27:54.438,684.11,20261008_231630,toey,question,25,624,manual,truth,138.3,141.5,1,,,,0,38.61,0.021,0.01,41,question,8
2026-10-08 23:27:54.647,684.32,20261008_231630,toey,question,25,624,manual,truth,138.3,141.5,1,,,,0,38.62,0.02,0.009,42,question,8
2026-10-08 23:27:56.737,686.41,20261008_231630,toey,question,25,624,manual,truth,133.5,119.3,1,,,,0,38.65,0.014,0.006,44,question,8
2026-10-08 23:27:56.929,686.6,20261008_231630,toey,question,25,624,manual,truth,133.5,119.3,1,,,,0,38.67,0.014,0.006,44,question,8
2026-10-08 23:27:57.135,686.81,20261008_231630,toey,question,25,624,manual,truth,133.5,119.3,1,,,,0,38.67,0.013,0.006,44,question,8
2026-10-08 23:27:57.340,687.01,20261008_231630,toey,question,25,624,manual,truth,133.5,119.3,1,,,,0,38.67,0.013,0.005,43,question,8
2026-10-08 23:27:57.544,687.22,20261008_231630,toey,question,25,624,manual,truth,133.5,119.3,1,,,,0,38.64,0.012,0.005,43,question,8
2026-10-08 23:27:57.748,687.42,20261008_231630,toey,question,25,624,manual,truth,133.5,119.3,1,,,,0,38.64,0.012,0.005,43,question,8
2026-10-08 23:27:57.953,687.63,20261008_231630,toey,question,25,624,manual,truth,122.3,119.3,1,,,,0,38.65,0.012,0.006,41,question,8
2026-10-08 23:27:58.202,687.88,20261008_231630,toey,question,25,624,manual,truth,122.3,119.3,1,,,,0,38.65,0.011,0.007,39,question,8
2026-10-08 23:27:58.372,688.05,20261008_231630,toey,question,25,624,manual,truth,133.5,123.6,1,,,,0,38.65,0.011,0.006,40,question,8
2026-10-08 23:27:58.582,688.26,20261008_231630,toey,question,25,624,manual,truth,133.5,123.6,1,,,,0,38.65,0.011,0.007,40,question,8
2026-10-08 23:27:58.786,688.46,20261008_231630,toey,question,25,624,manual,truth,129.2,119.7,1,,,,0,38.65,0.011,0.006,40,question,8
2026-10-08 23:27:58.986,688.66,20261008_231630,toey,recovery,25,624,manual,truth,129.2,119.7,1,,,,0,38.66,0.01,0.006,40,ready,8
2026-10-08 23:27:59.189,688.86,20261008_231630,toey,recovery,25,624,manual,truth,129.2,118.1,1,,,,0,38.65,0.01,0.006,39,ready,8
2026-10-08 23:27:59.395,689.07,20261008_231630,toey,recovery,25,624,manual,truth,129.2,118.1,1,,,,0,38.65,0.011,0.006,39,ready,8
2026-10-08 23:27:59.628,689.3,20261008_231630,toey,recovery,25,624,manual,truth,129.2,127.0,1,,,,0,38.66,0.011,0.006,39,ready,8
2026-10-08 23:27:59.815,689.49,20261008_231630,toey,recovery,25,624,manual,truth,129.2,127.0,1,,,,0,38.66,0.01,0.006,39,ready,8
2026-10-08 23:28:00.029,689.7,20261008_231630,toey,recovery,25,624,manual,truth,159.0,130.0,1,,,,0,38.66,0.009,0.005,44,ready,8
2026-10-08 23:28:00.239,689.91,20261008_231630,toey,recovery,25,624,manual,truth,159.0,130.0,1,,,,0,38.66,0.009,0.005,48,ready,8
2026-10-08 23:28:00.434,690.11,20261008_231630,toey,recovery,25,624,manual,truth,159.0,130.0,1,,,,0,38.66,0.009,0.005,52,ready,8
2026-10-08 23:28:00.667,690.34,20261008_231630,toey,recovery,25,624,manual,truth,159.0,130.0,1,,,,0,38.66,0.01,0.004,55,ready,8
2026-10-08 23:28:00.852,690.53,20261008_231630,toey,recovery,25,624,manual,truth,159.0,130.0,1,,,,0,38.66,0.011,0.004,57,ready,9
2026-10-08 23:28:01.063,690.74,20261008_231630,toey,recovery,25,624,manual,truth,159.0,130.0,1,,,,0,38.66,0.01,0.004,59,ready,9
2026-10-08 23:28:01.265,690.94,20261008_231630,toey,recovery,25,624,manual,truth,159.0,130.0,1,,,,0,38.66,0.01,0.004,61,ready,9
2026-10-08 23:28:01.467,691.14,20261008_231630,toey,recovery,25,624,manual,truth,159.0,130.0,1,,,,0,38.66,0.01,0.005,62,ready,9
2026-10-08 23:28:01.669,691.34,20261008_231630,toey,recovery,25,624,manual,truth,159.0,130.0,1,,,,0,38.67,0.012,0.006,63,ready,9
2026-10-08 23:28:01.877,691.55,20261008_231630,toey,recovery,25,624,manual,truth,,,1,,,,0,38.67,0.015,0.006,54,ready,9
2026-10-08 23:28:02.084,691.76,20261008_231630,toey,recovery,25,624,manual,truth,,,1,,,,0,38.66,0.014,0.006,46,ready,9
2026-10-08 23:28:02.291,691.97,20261008_231630,toey,recovery,25,624,manual,truth,125.2,,1,,,,0,38.67,0.013,0.006,44,ready,9
2026-10-08 23:28:02.495,692.17,20261008_231630,toey,recovery,25,624,manual,truth,125.2,,1,,,,0,38.67,0.013,0.005,42,ready,9
2026-10-08 23:28:02.704,692.38,20261008_231630,toey,recovery,25,624,manual,truth,138.1,,1,,,,0,38.67,0.011,0.005,44,ready,9
2026-10-08 23:28:02.917,692.59,20261008_231630,toey,recovery,25,624,manual,truth,140.2,,1,,,,0,38.67,0.01,0.005,45,ready,9
2026-10-08 23:28:03.121,692.8,20261008_231630,toey,recovery,25,624,manual,truth,140.2,,1,,,,0,38.69,0.01,0.005,46,ready,9
2026-10-08 23:28:03.327,693.0,20261008_231630,toey,recovery,25,624,manual,truth,140.2,,1,,,,0,38.69,0.01,0.004,46,ready,9
2026-10-08 23:28:03.534,693.21,20261008_231630,toey,recovery,25,624,manual,truth,140.2,,1,,,,0,38.69,0.01,0.005,47,ready,9
2026-10-08 23:28:03.741,693.42,20261008_231630,toey,recovery,25,624,manual,truth,140.2,,1,,,,0,38.69,0.01,0.005,47,ready,9
2026-10-08 23:28:03.945,693.62,20261008_231630,toey,rest,,,,,138.1,,1,,,,0,38.68,0.011,0.006,47,ready,9
2026-10-08 23:28:04.152,693.83,20261008_231630,toey,rest,,,,,138.1,,1,,,,0,38.68,0.01,0.005,47,ready,9
2026-10-08 23:28:04.372,694.05,20261008_231630,toey,rest,,,,,142.3,127.7,1,,,,0,38.68,0.01,0.005,48,ready,9
2026-10-08 23:28:04.564,694.24,20261008_231630,toey,rest,,,,,142.3,127.7,1,,,,0,38.68,0.01,0.005,49,ready,9
2026-10-08 23:28:04.767,694.44,20261008_231630,toey,rest,,,,,142.3,127.7,1,,,,0,38.68,0.011,0.005,49,ready,9
2026-10-08 23:28:04.965,694.64,20261008_231630,toey,rest,,,,,142.3,127.7,1,,,,0,38.68,0.011,0.004,50,ready,9
2026-10-08 23:28:05.170,694.85,20261008_231630,toey,rest,,,,,142.3,127.7,1,,,,0,38.68,0.01,0.004,50,ready,9
2026-10-08 23:28:05.379,695.05,20261008_231630,toey,rest,,,,,170.7,125.1,1,,,,0,38.68,0.01,0.005,55,ready,9
2026-10-08 23:28:05.596,695.27,20261008_231630,toey,rest,,,,,170.7,125.1,1,,,,0,38.68,0.014,0.004,59,ready,9
2026-10-08 23:28:05.784,695.46,20261008_231630,toey,rest,,,,,172.3,115.3,1,,,,0,38.67,0.016,0.004,63,ready,9
2026-10-08 23:28:05.991,695.67,20261008_231630,toey,rest,,,,,172.3,115.3,1,,,,0,38.68,0.018,0.008,66,ready,9
2026-10-08 23:28:06.195,695.87,20261008_231630,toey,rest,,,,,172.3,112.4,1,,,,0,38.68,0.019,0.009,69,ready,9
2026-10-08 23:28:06.399,696.07,20261008_231630,toey,rest,,,,,172.3,112.4,1,,,,0,38.68,0.018,0.009,71,ready,9
2026-10-08 23:28:06.596,696.27,20261008_231630,toey,question,26,625,manual,truth,162.2,108.2,1,,,,0,38.69,0.017,0.009,71,question,9
2026-10-08 23:28:06.805,696.48,20261008_231630,toey,question,26,625,manual,truth,162.2,108.2,1,,,,0,38.69,0.016,0.008,71,question,9
2026-10-08 23:28:07.014,696.69,20261008_231630,toey,question,26,625,manual,truth,162.2,103.4,1,,,,0,38.69,0.017,0.009,72,question,9
2026-10-08 23:28:07.225,696.9,20261008_231630,toey,question,26,625,manual,truth,162.2,103.4,1,,,,0,38.69,0.019,0.01,72,question,9
2026-10-08 23:28:07.429,697.1,20261008_231630,toey,question,26,625,manual,truth,162.2,103.4,1,,,,0,38.65,0.022,0.009,72,question,9
2026-10-08 23:28:07.635,697.31,20261008_231630,toey,question,26,625,manual,truth,162.2,103.4,1,,,,0,38.65,0.021,0.008,72,question,8
2026-10-08 23:28:07.843,697.52,20261008_231630,toey,question,26,625,manual,truth,162.2,103.4,1,,,,0,38.65,0.02,0.008,72,question,8
2026-10-08 23:28:08.049,697.72,20261008_231630,toey,question,26,625,manual,truth,162.2,103.4,1,,,,0,38.65,0.019,0.008,72,question,9
2026-10-08 23:28:08.257,697.93,20261008_231630,toey,question,26,625,manual,truth,162.2,103.4,1,,,,0,38.66,0.017,0.008,72,question,8
2026-10-08 23:28:08.466,698.14,20261008_231630,toey,question,26,625,manual,truth,162.2,103.4,1,,,,0,38.66,0.017,0.007,72,question,8
2026-10-08 23:28:08.675,698.35,20261008_231630,toey,question,26,625,manual,truth,162.2,103.4,1,,,,0,38.66,0.016,0.007,72,question,8
2026-10-08 23:28:08.878,698.55,20261008_231630,toey,question,26,625,manual,truth,,,1,,,,0,38.67,0.015,0.006,61,question,8
2026-10-08 23:28:09.091,698.77,20261008_231630,toey,question,26,625,manual,truth,,,1,,,,0,38.67,0.016,0.006,52,question,8
2026-10-08 23:28:09.292,698.97,20261008_231630,toey,question,26,625,manual,truth,104.3,,1,,,,0,38.67,0.016,0.006,46,question,8
2026-10-08 23:28:09.492,699.17,20261008_231630,toey,question,26,625,manual,truth,104.3,,1,,,,0,38.67,0.015,0.005,41,question,8
2026-10-08 23:28:09.697,699.37,20261008_231630,toey,question,26,625,manual,truth,104.3,,1,,,,0,38.67,0.015,0.005,37,question,8
2026-10-08 23:28:09.905,699.58,20261008_231630,toey,question,26,625,manual,truth,105.3,,1,,,,0,38.67,0.014,0.005,34,question,9
2026-10-08 23:28:10.110,699.78,20261008_231630,toey,question,26,625,manual,truth,105.3,,1,,,,0,38.69,0.013,0.004,29,question,9
2026-10-08 23:28:10.375,700.05,20261008_231630,toey,question,26,625,manual,truth,105.3,,1,,,,0,38.69,0.012,0.004,27,question,9
2026-10-08 23:28:10.528,700.2,20261008_231630,toey,question,26,625,manual,truth,105.3,,1,,,,0,38.69,0.012,0.005,25,question,9
2026-10-08 23:28:10.730,700.4,20261008_231630,toey,question,26,625,manual,truth,105.3,,1,,,,0,38.7,0.011,0.005,24,question,9
2026-10-08 23:28:10.934,700.61,20261008_231630,toey,question,26,625,manual,truth,105.3,27.3,1,,,,0,38.7,0.01,0.004,23,question,9
2026-10-08 23:28:11.141,700.82,20261008_231630,toey,question,26,625,manual,truth,105.3,27.3,1,,,,0,38.68,0.011,0.004,22,question,9
2026-10-08 23:28:11.351,701.03,20261008_231630,toey,question,26,625,manual,truth,105.3,27.3,1,,,,0,38.68,0.01,0.004,22,question,9
2026-10-08 23:28:11.547,701.22,20261008_231630,toey,question,26,625,manual,truth,105.3,76.6,1,,,,0,38.61,0.011,0.004,21,question,8
2026-10-08 23:28:11.756,701.43,20261008_231630,toey,question,26,625,manual,truth,105.3,76.6,1,,,,0,38.57,0.011,0.004,20,question,9
2026-10-08 23:28:11.959,701.63,20261008_231630,toey,question,26,625,manual,truth,105.3,76.6,1,,,,0,38.58,0.01,0.004,20,question,8
2026-10-08 23:28:12.164,701.84,20261008_231630,toey,question,26,625,manual,truth,105.3,94.2,1,,,,0,38.59,0.011,0.004,20,question,9
2026-10-08 23:28:12.374,702.05,20261008_231630,toey,question,26,625,manual,truth,105.3,94.2,1,,,,0,38.6,0.013,0.004,20,question,9
2026-10-08 23:28:12.578,702.25,20261008_231630,toey,question,26,625,manual,truth,105.3,94.2,1,,,,0,38.61,0.014,0.005,19,question,9
2026-10-08 23:28:12.780,702.46,20261008_231630,toey,question,26,625,manual,truth,99.4,87.3,1,,,,0,38.63,0.013,0.005,19,question,8
2026-10-08 23:28:12.992,702.67,20261008_231630,toey,question,26,625,manual,truth,99.4,87.3,1,,,,0,38.64,0.013,0.004,18,question,8
2026-10-08 23:28:13.192,702.87,20261008_231630,toey,question,26,625,manual,truth,99.4,87.3,1,,,,0,38.64,0.013,0.004,18,question,8
2026-10-08 23:28:13.397,703.07,20261008_231630,toey,question,26,625,manual,truth,99.4,82.2,1,,,,0,38.64,0.013,0.005,17,question,8
2026-10-08 23:28:13.595,703.27,20261008_231630,toey,question,26,625,manual,truth,99.4,82.2,1,,,,0,38.64,0.012,0.005,17,question,8
2026-10-08 23:28:13.796,703.47,20261008_231630,toey,question,26,625,manual,truth,99.4,82.2,1,,,,0,38.64,0.011,0.005,16,question,9
2026-10-08 23:28:13.989,703.66,20261008_231630,toey,question,26,625,manual,truth,100.8,77.7,1,,,,0,38.64,0.011,0.005,16,question,8
2026-10-08 23:28:14.193,703.87,20261008_231630,toey,question,26,625,manual,truth,100.8,77.7,1,,,,0,38.64,0.01,0.004,16,question,9
2026-10-08 23:28:14.390,704.07,20261008_231630,toey,question,26,625,manual,truth,100.8,73.9,1,,,,0,38.64,0.011,0.004,16,question,9
2026-10-08 23:28:14.589,704.26,20261008_231630,toey,question,26,625,manual,truth,100.8,73.9,1,,,,0,38.65,0.01,0.004,16,question,9
2026-10-08 23:28:14.796,704.47,20261008_231630,toey,question,26,625,manual,truth,100.8,73.9,1,,,,0,38.65,0.01,0.004,16,question,9
2026-10-08 23:28:15.014,704.69,20261008_231630,toey,question,26,625,manual,truth,103.4,70.8,1,,,,0,38.66,0.01,0.004,16,question,9
2026-10-08 23:28:15.207,704.88,20261008_231630,toey,question,26,625,manual,truth,103.4,70.8,1,,,,0,38.66,0.009,0.004,16,question,9
2026-10-08 23:28:15.409,705.08,20261008_231630,toey,question,26,625,manual,truth,103.4,70.8,1,,,,0,38.66,0.009,0.004,16,question,9
2026-10-08 23:28:15.620,705.3,20261008_231630,toey,question,26,625,manual,truth,103.4,71.9,1,,,,0,38.66,0.009,0.004,17,question,9
2026-10-08 23:28:15.822,705.5,20261008_231630,toey,question,26,625,manual,truth,103.4,71.9,1,,,,0,38.66,0.008,0.005,17,question,9
2026-10-08 23:28:16.025,705.7,20261008_231630,toey,question,26,625,manual,truth,103.4,93.0,1,,,,0,38.59,0.008,0.005,17,question,9
2026-10-08 23:28:16.230,705.9,20261008_231630,toey,question,26,625,manual,truth,103.4,93.0,1,,,,0,38.6,0.009,0.005,17,question,9
2026-10-08 23:28:16.437,706.11,20261008_231630,toey,question,26,625,manual,truth,103.4,93.0,1,,,,0,38.6,0.009,0.005,17,question,9
2026-10-08 23:28:16.645,706.32,20261008_231630,toey,question,26,625,manual,truth,103.4,93.0,1,,,,0,38.61,0.008,0.005,17,question,9
2026-10-08 23:28:18.836,708.51,20261008_231630,toey,recovery,26,625,manual,truth,113.9,72.3,1,,,,0,38.65,0.009,0.004,22,ready,9
2026-10-08 23:28:19.028,708.7,20261008_231630,toey,recovery,26,625,manual,truth,113.9,72.3,1,,,,0,38.58,0.011,0.004,22,ready,8
2026-10-08 23:28:19.229,708.9,20261008_231630,toey,recovery,26,625,manual,truth,113.9,72.3,1,,,,0,38.6,0.012,0.004,23,ready,8
2026-10-08 23:28:19.435,709.11,20261008_231630,toey,recovery,26,625,manual,truth,113.9,72.3,1,,,,0,38.61,0.016,0.005,23,ready,8
2026-10-08 23:28:19.639,709.31,20261008_231630,toey,recovery,26,625,manual,truth,132.8,75.7,1,,,,0,38.61,0.016,0.006,27,ready,8
2026-10-08 23:28:19.843,709.52,20261008_231630,toey,recovery,26,625,manual,truth,132.8,75.7,1,,,,0,38.62,0.016,0.006,30,ready,8
2026-10-08 23:28:20.049,709.72,20261008_231630,toey,recovery,26,625,manual,truth,137.2,77.6,1,,,,0,38.63,0.015,0.006,33,ready,8
2026-10-08 23:28:20.305,709.98,20261008_231630,toey,recovery,26,625,manual,truth,137.2,77.6,1,,,,0,38.63,0.014,0.006,36,ready,8
2026-10-08 23:28:20.460,710.14,20261008_231630,toey,recovery,26,625,manual,truth,140.6,78.0,1,,,,0,38.63,0.014,0.005,38,ready,8
2026-10-08 23:28:20.714,710.39,20261008_231630,toey,recovery,26,625,manual,truth,140.6,78.0,1,,,,0,38.64,0.013,0.005,40,ready,9
2026-10-08 23:28:20.876,710.55,20261008_231630,toey,recovery,26,625,manual,truth,160.8,77.7,1,,,,0,38.64,0.015,0.006,46,ready,9
2026-10-08 23:28:21.081,710.76,20261008_231630,toey,recovery,26,625,manual,truth,160.8,77.7,1,,,,0,38.64,0.014,0.006,50,ready,9
2026-10-08 23:28:21.289,710.96,20261008_231630,toey,recovery,26,625,manual,truth,160.8,77.7,1,,,,0,38.65,0.013,0.006,54,ready,9
2026-10-08 23:28:21.497,711.17,20261008_231630,toey,recovery,26,625,manual,truth,160.8,77.7,1,,,,0,38.65,0.026,0.011,57,ready,9
2026-10-08 23:28:21.704,711.38,20261008_231630,toey,recovery,26,625,manual,truth,160.8,80.6,1,,,,0,38.65,0.028,0.012,60,ready,9
2026-10-08 23:28:21.909,711.58,20261008_231630,toey,recovery,26,625,manual,truth,160.8,80.6,1,,,,0,38.65,0.027,0.012,63,ready,9
2026-10-08 23:28:22.115,711.79,20261008_231630,toey,recovery,26,625,manual,truth,171.4,43.8,1,,,,0,38.66,0.025,0.012,66,ready,9
2026-10-08 23:28:22.320,712.0,20261008_231630,toey,recovery,26,625,manual,truth,171.4,43.8,1,,,,0,38.66,0.023,0.012,69,ready,9
2026-10-08 23:28:22.542,712.22,20261008_231630,toey,rest,,,,,171.4,43.8,1,,,,0,38.65,0.032,0.014,71,ready,9
2026-10-08 23:28:22.762,712.44,20261008_231630,toey,rest,,,,,171.4,43.8,1,,,,0,38.63,0.032,0.017,73,ready,8
2026-10-08 23:28:22.942,712.62,20261008_231630,toey,rest,,,,,171.4,43.8,1,,,,0,38.64,0.029,0.017,75,ready,8
2026-10-08 23:28:23.151,712.83,20261008_231630,toey,rest,,,,,171.4,43.8,1,,,,0,38.64,0.027,0.015,76,ready,8
2026-10-08 23:28:23.369,713.04,20261008_231630,toey,rest,,,,,171.4,43.8,1,,,,0,38.64,0.024,0.013,77,ready,8
2026-10-08 23:28:23.569,713.24,20261008_231630,toey,rest,,,,,171.4,45.2,1,,,,0,38.64,0.04,0.017,78,ready,8
2026-10-08 23:28:23.772,713.45,20261008_231630,toey,rest,,,,,171.4,45.2,1,,,,0,38.65,0.037,0.017,79,ready,8
2026-10-08 23:28:23.991,713.67,20261008_231630,toey,rest,,,,,171.4,44.9,1,,,,0,38.65,0.034,0.017,80,ready,9
2026-10-08 23:28:24.183,713.86,20261008_231630,toey,rest,,,,,171.4,44.9,1,,,,0,38.67,0.032,0.015,80,ready,9
2026-10-08 23:28:24.387,714.06,20261008_231630,toey,rest,,,,,171.4,44.9,1,,,,0,38.67,0.029,0.014,80,ready,9
2026-10-08 23:28:24.592,714.27,20261008_231630,toey,rest,,,,,171.4,44.9,1,,,,0,38.67,0.027,0.013,80,ready,9
2026-10-08 23:28:24.810,714.48,20261008_231630,toey,rest,,,,,171.4,44.9,1,,,,0,38.67,0.031,0.012,81,ready,9
2026-10-08 23:28:25.002,714.68,20261008_231630,toey,rest,,,,,171.4,44.9,1,,,,0,38.67,0.035,0.012,81,ready,9
2026-10-08 23:28:25.207,714.88,20261008_231630,toey,rest,,,,,171.4,44.9,1,,,,0,38.67,0.032,0.012,81,ready,9
2026-10-08 23:28:25.412,715.09,20261008_231630,toey,rest,,,,,171.4,44.9,1,,,,0,38.68,0.031,0.011,81,ready,9
2026-10-08 23:28:25.631,715.31,20261008_231630,toey,rest,,,,,171.4,34.1,1,,,,0,38.67,0.033,0.012,81,ready,9
2026-10-08 23:28:25.827,715.5,20261008_231630,toey,rest,,,,,171.4,34.1,1,,,,0,38.67,0.032,0.012,81,ready,9
2026-10-08 23:28:26.028,715.7,20261008_231630,toey,rest,,,,,171.4,34.1,1,,,,0,38.67,0.03,0.012,81,ready,9
2026-10-08 23:28:26.234,715.91,20261008_231630,toey,rest,,,,,171.4,34.1,1,,,,0,38.67,0.031,0.011,82,ready,9
2026-10-08 23:28:26.434,716.11,20261008_231630,toey,rest,,,,,171.4,34.1,1,,,,0,38.67,0.031,0.012,82,ready,9
2026-10-08 23:28:26.638,716.31,20261008_231630,toey,rest,,,,,171.4,34.1,1,,,,0,38.66,0.029,0.011,82,ready,9
2026-10-08 23:28:26.839,716.51,20261008_231630,toey,rest,,,,,171.4,34.1,1,,,,0,38.62,0.028,0.012,81,ready,9
2026-10-08 23:28:27.041,716.72,20261008_231630,toey,rest,,,,,166.7,36.3,1,,,,0,38.62,0.026,0.011,81,ready,9
2026-10-08 23:28:27.257,716.93,20261008_231630,toey,rest,,,,,166.7,36.3,1,,,,0,38.63,0.023,0.01,80,ready,9
2026-10-08 23:28:27.455,717.13,20261008_231630,toey,rest,,,,,166.7,36.3,1,,,,0,38.63,0.032,0.01,80,ready,9
2026-10-08 23:28:27.661,717.34,20261008_231630,toey,rest,,,,,166.7,36.3,1,,,,0,38.62,0.042,0.012,80,ready,9
2026-10-08 23:28:27.867,717.54,20261008_231630,toey,rest,,,,,166.7,36.3,1,,,,0,38.62,0.04,0.011,80,ready,9
2026-10-08 23:28:28.088,717.76,20261008_231630,toey,rest,,,,,166.7,36.3,1,,,,0,38.62,0.04,0.01,80,ready,9
2026-10-08 23:28:28.279,717.95,20261008_231630,toey,rest,,,,,166.7,36.3,1,,,,0,38.55,0.037,0.009,80,ready,9
2026-10-08 23:28:28.493,718.17,20261008_231630,toey,rest,,,,,166.7,36.3,1,,,,0,38.56,0.033,0.009,80,ready,9
2026-10-08 23:28:28.692,718.37,20261008_231630,toey,rest,,,,,166.7,36.3,1,,,,0,38.57,0.03,0.008,79,ready,9
2026-10-08 23:28:28.904,718.58,20261008_231630,toey,question,27,626,manual,truth,166.7,36.3,1,,,,0,38.58,0.028,0.007,79,question,9
2026-10-08 23:28:29.104,718.78,20261008_231630,toey,question,27,626,manual,truth,166.7,36.3,1,,,,0,38.58,0.025,0.007,79,question,9
2026-10-08 23:28:29.305,718.98,20261008_231630,toey,question,27,626,manual,truth,166.7,36.3,1,,,,0,38.59,0.023,0.008,79,question,8
2026-10-08 23:28:29.509,719.18,20261008_231630,toey,question,27,626,manual,truth,166.7,36.3,1,,,,0,38.59,0.022,0.007,78,question,8
2026-10-08 23:28:29.724,719.4,20261008_231630,toey,question,27,626,manual,truth,,,1,,,,0,38.6,0.021,0.007,67,question,8
2026-10-08 23:28:29.922,719.6,20261008_231630,toey,question,27,626,manual,truth,,,1,,,,0,38.6,0.019,0.006,57,question,8
2026-10-08 23:28:30.136,719.81,20261008_231630,toey,question,27,626,manual,truth,,,1,,,,0,38.61,0.017,0.006,49,question,9
2026-10-08 23:28:30.337,720.01,20261008_231630,toey,question,27,626,manual,truth,,,1,,,,0,38.61,0.016,0.006,42,question,9
2026-10-08 23:28:30.543,720.22,20261008_231630,toey,question,27,626,manual,truth,,,1,,,,0,38.62,0.015,0.006,37,question,9
2026-10-08 23:28:30.754,720.43,20261008_231630,toey,question,27,626,manual,truth,,,1,,,,0,38.62,0.014,0.005,32,question,9
2026-10-08 23:28:32.878,722.55,20261008_231630,toey,question,27,626,manual,truth,,,1,,,,0,38.59,0.012,0.005,13,question,9
2026-10-08 23:28:33.087,722.76,20261008_231630,toey,question,27,626,manual,truth,,,1,,,,0,38.61,0.012,0.005,12,question,9
2026-10-08 23:28:33.287,722.96,20261008_231630,toey,question,27,626,manual,truth,,,1,,,,0,38.61,0.012,0.006,12,question,9
2026-10-08 23:28:33.617,723.29,20261008_231630,toey,question,27,626,manual,truth,68.1,,1,,,,0,38.61,0.012,0.005,11,question,9
2026-10-08 23:28:33.701,723.38,20261008_231630,toey,question,27,626,manual,truth,68.1,,1,,,,0,38.62,0.012,0.005,9,question,9
2026-10-08 23:28:33.907,723.58,20261008_231630,toey,question,27,626,manual,truth,68.1,,1,,,,0,38.62,0.012,0.005,9,question,9
2026-10-08 23:28:34.119,723.79,20261008_231630,toey,question,27,626,manual,truth,94.0,,1,,,,0,38.62,0.012,0.005,9,question,9
2026-10-08 23:28:34.317,723.99,20261008_231630,toey,question,27,626,manual,truth,94.0,,1,,,,0,38.63,0.013,0.005,10,question,9
2026-10-08 23:28:34.526,724.2,20261008_231630,toey,question,27,626,manual,truth,94.0,,1,,,,0,38.63,0.012,0.005,10,question,9
2026-10-08 23:28:34.735,724.41,20261008_231630,toey,question,27,626,manual,truth,94.0,,1,,,,0,38.63,0.012,0.005,11,question,9
2026-10-08 23:28:34.939,724.61,20261008_231630,toey,question,27,626,manual,truth,94.0,,1,,,,0,38.64,0.011,0.005,11,question,9
2026-10-08 23:28:35.149,724.82,20261008_231630,toey,question,27,626,manual,truth,94.0,,1,,,,0,38.64,0.011,0.005,11,question,9
2026-10-08 23:28:35.350,725.03,20261008_231630,toey,question,27,626,manual,truth,94.0,,1,,,,0,38.64,0.01,0.006,11,question,9
2026-10-08 23:28:35.551,725.23,20261008_231630,toey,question,27,626,manual,truth,98.5,,1,,,,0,38.64,0.01,0.006,12,question,9
2026-10-08 23:28:35.759,725.43,20261008_231630,toey,question,27,626,manual,truth,98.5,,1,,,,0,38.65,0.01,0.006,12,question,9
2026-10-08 23:28:35.968,725.64,20261008_231630,toey,question,27,626,manual,truth,98.5,,1,,,,0,38.65,0.01,0.005,13,question,9
2026-10-08 23:28:36.175,725.85,20261008_231630,toey,question,27,626,manual,truth,102.0,,1,,,,0,38.65,0.01,0.005,13,question,9
2026-10-08 23:28:36.385,726.06,20261008_231630,toey,question,27,626,manual,truth,102.0,,1,,,,0,38.64,0.009,0.005,14,question,9
2026-10-08 23:28:36.586,726.26,20261008_231630,toey,question,27,626,manual,truth,102.0,,1,,,,0,38.57,0.009,0.005,15,question,9
2026-10-08 23:28:36.793,726.47,20261008_231630,toey,question,27,626,manual,truth,102.0,,1,,,,0,38.58,0.011,0.005,15,question,9
2026-10-08 23:28:36.996,726.67,20261008_231630,toey,question,27,626,manual,truth,102.0,,1,,,,0,38.58,0.01,0.005,15,question,9
2026-10-08 23:28:37.209,726.88,20261008_231630,toey,question,27,626,manual,truth,102.0,,1,,,,0,38.59,0.01,0.004,15,question,9
2026-10-08 23:28:37.407,727.08,20261008_231630,toey,question,27,626,manual,truth,103.3,,1,,,,0,38.59,0.01,0.005,16,question,9
2026-10-08 23:28:37.611,727.29,20261008_231630,toey,question,27,626,manual,truth,103.3,,1,,,,0,38.59,0.01,0.006,16,question,9
2026-10-08 23:28:37.827,727.5,20261008_231630,toey,question,27,626,manual,truth,103.3,,1,,,,0,38.6,0.009,0.005,16,question,9
2026-10-08 23:28:38.017,727.69,20261008_231630,toey,question,27,626,manual,truth,104.3,,1,,,,0,38.6,0.009,0.005,16,question,9
2026-10-08 23:28:38.222,727.9,20261008_231630,toey,question,27,626,manual,truth,104.3,,1,,,,0,38.6,0.01,0.005,17,question,9
2026-10-08 23:28:38.433,728.11,20261008_231630,toey,question,27,626,manual,truth,104.3,,1,,,,0,38.61,0.009,0.005,17,question,9
2026-10-08 23:28:38.633,728.31,20261008_231630,toey,question,27,626,manual,truth,104.7,65.8,1,,,,0,38.61,0.009,0.005,17,question,9
2026-10-08 23:28:38.836,728.51,20261008_231630,toey,question,27,626,manual,truth,104.7,65.8,1,,,,0,38.61,0.01,0.005,17,question,9
2026-10-08 23:28:39.043,728.72,20261008_231630,toey,question,27,626,manual,truth,104.7,65.8,1,,,,0,38.61,0.01,0.005,17,question,9
2026-10-08 23:28:39.251,728.93,20261008_231630,toey,question,27,626,manual,truth,104.7,65.8,1,,,,0,38.61,0.01,0.005,17,question,9
2026-10-08 23:28:39.451,729.13,20261008_231630,toey,question,27,626,manual,truth,104.7,65.8,1,,,,0,38.61,0.011,0.005,18,question,9
2026-10-08 23:28:39.659,729.33,20261008_231630,toey,question,27,626,manual,truth,104.7,65.8,1,,,,0,38.62,0.014,0.007,18,question,9
2026-10-08 23:28:39.873,729.55,20261008_231630,toey,question,27,626,manual,truth,104.7,65.8,1,,,,0,38.62,0.015,0.007,18,question,9
2026-10-08 23:28:40.071,729.75,20261008_231630,toey,question,27,626,manual,truth,104.7,92.7,1,,,,0,38.62,0.013,0.006,18,question,9
2026-10-08 23:28:40.372,730.05,20261008_231630,toey,question,27,626,manual,truth,104.7,92.7,1,,,,0,38.62,0.014,0.006,18,question,9
2026-10-08 23:28:40.487,730.16,20261008_231630,toey,question,27,626,manual,truth,104.7,109.4,1,,,,0,38.62,0.014,0.005,18,question,9
2026-10-08 23:28:40.685,730.36,20261008_231630,toey,recovery,27,626,manual,truth,104.7,109.4,1,,,,0,38.62,0.014,0.005,18,ready,9
2026-10-08 23:28:40.888,730.56,20261008_231630,toey,recovery,27,626,manual,truth,142.9,101.3,1,,,,0,38.55,0.013,0.005,24,ready,9
2026-10-08 23:28:41.095,730.77,20261008_231630,toey,recovery,27,626,manual,truth,142.9,101.3,1,,,,0,38.56,0.012,0.005,30,ready,9
2026-10-08 23:28:41.294,730.97,20261008_231630,toey,recovery,27,626,manual,truth,144.0,96.0,1,,,,0,38.57,0.011,0.005,34,ready,9
2026-10-08 23:28:41.502,731.18,20261008_231630,toey,recovery,27,626,manual,truth,144.0,96.0,1,,,,0,38.58,0.011,0.005,37,ready,9
2026-10-08 23:28:41.755,731.43,20261008_231630,toey,recovery,27,626,manual,truth,144.0,96.0,1,,,,0,38.58,0.01,0.005,40,ready,9
2026-10-08 23:28:41.910,731.59,20261008_231630,toey,recovery,27,626,manual,truth,144.0,96.0,1,,,,0,38.58,0.01,0.005,43,ready,9
2026-10-08 23:28:42.125,731.8,20261008_231630,toey,recovery,27,626,manual,truth,144.0,96.0,1,,,,0,38.59,0.01,0.005,45,ready,9
2026-10-08 23:28:42.526,732.2,20261008_231630,toey,recovery,27,626,manual,truth,144.0,96.0,1,,,,0,38.55,0.009,0.005,46,ready,9
2026-10-08 23:28:42.529,732.2,20261008_231630,toey,recovery,27,626,manual,truth,144.0,100.3,1,,,,0,38.56,0.009,0.005,47,ready,9
2026-10-08 23:28:42.731,732.41,20261008_231630,toey,recovery,27,626,manual,truth,144.0,100.3,1,,,,0,38.56,0.009,0.004,48,ready,9
2026-10-08 23:28:42.939,732.61,20261008_231630,toey,recovery,27,626,manual,truth,144.0,100.3,1,,,,0,38.57,0.009,0.005,49,ready,9
2026-10-08 23:28:43.150,732.83,20261008_231630,toey,recovery,27,626,manual,truth,144.0,100.3,1,,,,0,38.58,0.009,0.005,50,ready,9
2026-10-08 23:28:43.346,733.02,20261008_231630,toey,recovery,27,626,manual,truth,144.0,100.3,1,,,,0,38.58,0.009,0.004,50,ready,9
2026-10-08 23:28:43.561,733.24,20261008_231630,toey,recovery,27,626,manual,truth,144.0,100.3,1,,,,0,38.59,0.009,0.004,51,ready,9
2026-10-08 23:28:43.752,733.43,20261008_231630,toey,recovery,27,626,manual,truth,144.0,100.3,1,,,,0,38.59,0.009,0.004,51,ready,9
2026-10-08 23:28:43.961,733.64,20261008_231630,toey,recovery,27,626,manual,truth,144.0,107.6,1,,,,0,38.59,0.009,0.004,52,ready,9
2026-10-08 23:28:44.165,733.84,20261008_231630,toey,recovery,27,626,manual,truth,144.0,107.6,1,,,,0,38.6,0.01,0.004,52,ready,9
2026-10-08 23:28:44.372,734.05,20261008_231630,toey,recovery,27,626,manual,truth,160.7,102.2,1,,,,0,38.6,0.01,0.003,55,ready,9
2026-10-08 23:28:44.692,734.37,20261008_231630,toey,recovery,27,626,manual,truth,160.7,102.2,1,,,,0,38.6,0.011,0.004,58,ready,9
2026-10-08 23:28:44.830,734.51,20261008_231630,toey,recovery,27,626,manual,truth,130.3,109.9,1,,,,0,38.61,0.011,0.004,54,ready,9
2026-10-08 23:28:45.255,734.93,20261008_231630,toey,recovery,27,626,manual,truth,130.3,109.9,1,,,,0,38.61,0.01,0.004,49,ready,9
2026-10-08 23:28:45.406,735.08,20261008_231630,toey,recovery,27,626,manual,truth,130.3,109.9,1,,,,0,38.61,0.011,0.005,48,ready,9
2026-10-08 23:28:45.647,735.32,20261008_231630,toey,recovery,27,626,manual,truth,130.3,109.9,1,,,,0,38.62,0.013,0.006,46,ready,9
2026-10-08 23:28:45.853,735.53,20261008_231630,toey,recovery,27,626,manual,truth,130.3,109.9,1,,,,0,38.61,0.013,0.006,45,ready,9
2026-10-08 23:28:46.059,735.73,20261008_231630,toey,rest,,,,,130.3,109.9,1,,,,0,38.62,0.014,0.011,43,ready,9
2026-10-08 23:28:46.265,735.94,20261008_231630,toey,rest,,,,,130.3,109.9,1,,,,0,38.62,0.013,0.01,43,ready,9
2026-10-08 23:28:46.438,736.11,20261008_231630,toey,rest,,,,,130.3,109.9,1,,,,0,38.63,0.013,0.009,42,ready,9
2026-10-08 23:28:46.631,736.31,20261008_231630,toey,rest,,,,,130.3,109.9,1,,,,0,38.57,0.013,0.009,42,ready,9
2026-10-08 23:28:46.916,736.59,20261008_231630,toey,rest,,,,,130.3,109.9,1,,,,0,38.58,0.014,0.009,41,ready,9
2026-10-08 23:28:47.055,736.73,20261008_231630,toey,rest,,,,,130.3,109.9,1,,,,0,38.58,0.014,0.009,41,ready,9
2026-10-08 23:28:47.260,736.94,20261008_231630,toey,rest,,,,,130.3,117.5,1,,,,0,38.59,0.016,0.009,41,ready,9
2026-10-08 23:28:47.462,737.14,20261008_231630,toey,rest,,,,,130.3,117.5,1,,,,0,38.59,0.015,0.009,41,ready,9
2026-10-08 23:28:47.669,737.34,20261008_231630,toey,rest,,,,,130.3,117.5,1,,,,0,38.59,0.014,0.009,41,ready,9
2026-10-08 23:28:47.951,737.63,20261008_231630,toey,rest,,,,,130.3,117.5,1,,,,0,38.6,0.014,0.008,41,ready,9
2026-10-08 23:28:48.083,737.76,20261008_231630,toey,rest,,,,,130.3,117.5,1,,,,0,38.6,0.013,0.008,40,ready,9
2026-10-08 23:28:48.284,737.96,20261008_231630,toey,rest,,,,,166.6,117.5,1,,,,0,38.6,0.012,0.008,47,ready,9
2026-10-08 23:28:48.497,738.17,20261008_231630,toey,rest,,,,,166.6,117.5,1,,,,0,38.6,0.012,0.007,52,ready,9
2026-10-08 23:28:48.696,738.37,20261008_231630,toey,rest,,,,,138.3,108.6,1,,,,0,38.6,0.012,0.007,51,ready,9
2026-10-08 23:28:48.902,738.58,20261008_231630,toey,rest,,,,,138.3,108.6,1,,,,0,38.61,0.012,0.006,50,ready,9
2026-10-08 23:28:49.110,738.79,20261008_231630,toey,rest,,,,,138.3,87.7,1,,,,0,38.6,0.011,0.006,50,ready,9
2026-10-08 23:28:49.320,738.99,20261008_231630,toey,rest,,,,,138.3,87.7,1,,,,0,38.61,0.01,0.005,49,ready,9
2026-10-08 23:28:49.519,739.19,20261008_231630,toey,rest,,,,,138.3,87.7,1,,,,0,38.54,0.01,0.005,49,ready,9
2026-10-08 23:28:49.720,739.39,20261008_231630,toey,recovery,28,627,manual,lie,138.3,87.7,1,,,,0,38.55,0.01,0.005,49,ready,9
2026-10-08 23:28:49.920,739.59,20261008_231630,toey,question,28,627,manual,lie,138.3,87.7,1,,,,0,38.56,0.01,0.005,49,question,9
2026-10-08 23:28:50.129,739.8,20261008_231630,toey,question,28,627,manual,lie,138.3,87.7,1,,,,0,38.57,0.01,0.004,48,question,9
2026-10-08 23:28:50.334,740.01,20261008_231630,toey,question,28,627,manual,lie,138.3,94.7,1,,,,0,38.51,0.009,0.004,48,question,9
2026-10-08 23:28:50.545,740.22,20261008_231630,toey,question,28,627,manual,lie,138.3,94.7,1,,,,0,38.52,0.009,0.004,48,question,9
2026-10-08 23:28:50.752,740.43,20261008_231630,toey,question,28,627,manual,lie,138.3,94.7,1,,,,0,38.53,0.009,0.004,48,question,9
2026-10-08 23:28:50.953,740.63,20261008_231630,toey,question,28,627,manual,lie,138.3,99.2,1,,,,0,38.47,0.008,0.004,48,question,8
2026-10-08 23:28:51.162,740.84,20261008_231630,toey,question,28,627,manual,lie,138.3,103.1,1,,,,0,38.49,0.008,0.004,47,question,8
2026-10-08 23:28:51.373,741.05,20261008_231630,toey,question,28,627,manual,lie,138.3,103.1,1,,,,0,38.5,0.008,0.004,47,question,8
2026-10-08 23:28:51.579,741.25,20261008_231630,toey,question,28,627,manual,lie,138.3,103.1,1,,,,0,38.51,0.01,0.004,47,question,8
2026-10-08 23:28:51.784,741.46,20261008_231630,toey,question,28,627,manual,lie,138.3,103.1,1,,,,0,38.52,0.01,0.004,47,question,8
2026-10-08 23:28:51.990,741.67,20261008_231630,toey,question,28,627,manual,lie,138.3,103.1,1,,,,0,38.53,0.01,0.004,47,question,9
2026-10-08 23:28:52.199,741.87,20261008_231630,toey,question,28,627,manual,lie,142.9,103.1,1,,,,0,38.53,0.01,0.004,48,question,9
2026-10-08 23:28:52.406,742.08,20261008_231630,toey,question,28,627,manual,lie,142.9,103.1,1,,,,0,38.54,0.011,0.004,49,question,9
2026-10-08 23:28:52.639,742.31,20261008_231630,toey,question,28,627,manual,lie,128.8,105.5,1,,,,0,38.55,0.01,0.004,47,question,9
2026-10-08 23:28:52.821,742.5,20261008_231630,toey,question,28,627,manual,lie,158.9,109.8,1,,,,0,38.56,0.01,0.004,49,question,9
2026-10-08 23:28:53.030,742.7,20261008_231630,toey,question,28,627,manual,lie,158.9,109.8,1,,,,0,38.57,0.01,0.003,53,question,9
2026-10-08 23:28:53.232,742.91,20261008_231630,toey,question,28,627,manual,lie,158.9,99.9,1,,,,0,38.57,0.009,0.004,55,question,9
2026-10-08 23:28:53.441,743.12,20261008_231630,toey,question,28,627,manual,lie,158.9,99.9,1,,,,0,38.57,0.011,0.004,58,question,9
2026-10-08 23:28:53.645,743.32,20261008_231630,toey,question,28,627,manual,lie,153.8,95.1,1,,,,0,38.58,0.011,0.005,59,question,9
2026-10-08 23:28:53.851,743.53,20261008_231630,toey,question,28,627,manual,lie,153.8,95.1,1,,,,0,38.58,0.011,0.005,60,question,9
2026-10-08 23:28:54.059,743.73,20261008_231630,toey,question,28,627,manual,lie,153.8,100.5,1,,,,0,38.58,0.011,0.005,60,question,9
2026-10-08 23:28:54.267,743.94,20261008_231630,toey,question,28,627,manual,lie,153.8,100.5,1,,,,0,38.58,0.01,0.005,61,question,9
2026-10-08 23:28:54.470,744.15,20261008_231630,toey,question,28,627,manual,lie,153.8,100.5,1,,,,0,38.59,0.01,0.005,61,question,9
2026-10-08 23:28:54.678,744.35,20261008_231630,toey,question,28,627,manual,lie,153.8,100.5,1,,,,0,38.59,0.01,0.005,62,question,9
2026-10-08 23:28:54.881,744.56,20261008_231630,toey,question,28,627,manual,lie,153.8,100.5,1,,,,0,38.59,0.011,0.006,62,question,9
2026-10-08 23:28:55.081,744.76,20261008_231630,toey,question,28,627,manual,lie,153.8,100.5,1,,,,0,38.55,0.013,0.007,62,question,9
2026-10-08 23:28:55.280,744.96,20261008_231630,toey,question,28,627,manual,lie,153.8,100.5,1,,,,0,38.56,0.019,0.008,63,question,8
2026-10-08 23:28:55.489,745.16,20261008_231630,toey,question,28,627,manual,lie,153.8,100.5,1,,,,0,38.56,0.019,0.009,63,question,8
2026-10-08 23:28:55.696,745.37,20261008_231630,toey,question,28,627,manual,lie,,,1,,,,0,38.57,0.019,0.01,54,question,9
2026-10-08 23:28:55.902,745.58,20261008_231630,toey,question,28,627,manual,lie,,,1,,,,0,38.57,0.021,0.01,47,question,9
2026-10-08 23:28:56.142,745.82,20261008_231630,toey,question,28,627,manual,lie,126.6,,1,,,,0,38.57,0.023,0.01,45,question,9
2026-10-08 23:28:56.311,745.99,20261008_231630,toey,question,28,627,manual,lie,126.6,,1,,,,0,38.57,0.023,0.01,44,question,9
2026-10-08 23:28:56.518,746.19,20261008_231630,toey,question,28,627,manual,lie,139.5,,1,,,,0,38.58,0.024,0.01,46,question,9
2026-10-08 23:28:56.730,746.41,20261008_231630,toey,question,28,627,manual,lie,139.5,,1,,,,0,38.58,0.026,0.009,47,question,9
2026-10-08 23:28:56.950,746.63,20261008_231630,toey,question,28,627,manual,lie,139.5,,1,,,,0,38.58,0.027,0.01,48,question,9
2026-10-08 23:28:57.145,746.82,20261008_231630,toey,question,28,627,manual,lie,139.5,,1,,,,0,38.58,0.029,0.011,49,question,9
2026-10-08 23:28:57.340,747.01,20261008_231630,toey,question,28,627,manual,lie,139.5,,1,,,,0,38.58,0.027,0.011,50,question,9
2026-10-08 23:28:57.548,747.22,20261008_231630,toey,question,28,627,manual,lie,139.5,99.3,1,,,,0,38.52,0.025,0.011,50,question,9
2026-10-08 23:28:57.759,747.43,20261008_231630,toey,question,28,627,manual,lie,139.5,99.3,1,,,,0,38.53,0.023,0.01,50,question,9
2026-10-08 23:28:57.959,747.63,20261008_231630,toey,question,28,627,manual,lie,139.5,99.3,1,,,,0,38.53,0.021,0.01,51,question,9
2026-10-08 23:28:58.171,747.85,20261008_231630,toey,question,28,627,manual,lie,139.5,99.3,1,,,,0,38.54,0.021,0.009,51,question,9
2026-10-08 23:28:58.372,748.05,20261008_231630,toey,question,28,627,manual,lie,139.5,99.3,1,,,,0,38.54,0.02,0.009,51,question,9
2026-10-08 23:28:58.582,748.26,20261008_231630,toey,question,28,627,manual,lie,139.5,99.3,1,,,,0,38.55,0.02,0.011,51,question,9
2026-10-08 23:28:58.791,748.47,20261008_231630,toey,question,28,627,manual,lie,139.5,99.3,1,,,,0,38.55,0.019,0.012,51,question,9
2026-10-08 23:28:58.992,748.67,20261008_231630,toey,question,28,627,manual,lie,139.5,99.3,1,,,,0,38.56,0.018,0.012,51,question,9
2026-10-08 23:28:59.204,748.88,20261008_231630,toey,question,28,627,manual,lie,139.5,99.3,1,,,,0,38.56,0.017,0.012,51,question,9
2026-10-08 23:28:59.404,749.08,20261008_231630,toey,question,28,627,manual,lie,139.5,99.3,1,,,,0,38.55,0.019,0.013,51,question,9
2026-10-08 23:28:59.605,749.28,20261008_231630,toey,question,28,627,manual,lie,139.5,99.3,1,,,,0,38.53,0.019,0.014,51,question,9
2026-10-08 23:28:59.802,749.48,20261008_231630,toey,question,28,627,manual,lie,139.5,99.3,1,,,,0,38.54,0.018,0.014,51,question,9
2026-10-08 23:29:00.033,749.71,20261008_231630,toey,question,28,627,manual,lie,139.5,99.3,1,,,,0,38.54,0.016,0.013,51,question,9
2026-10-08 23:29:00.221,749.9,20261008_231630,toey,question,28,627,manual,lie,,,1,,,,0,38.55,0.043,0.014,41,question,9
2026-10-08 23:29:00.419,750.09,20261008_231630,toey,question,28,627,manual,lie,,,1,,,,0,38.55,0.043,0.014,41,question,9
2026-10-08 23:29:00.621,750.3,20261008_231630,toey,question,28,627,manual,lie,118.9,,1,,,,0,38.56,0.069,0.023,41,question,9
2026-10-08 23:29:00.828,750.5,20261008_231630,toey,question,28,627,manual,lie,118.9,,1,,,,0,38.56,0.067,0.025,41,question,9
2026-10-08 23:29:01.029,750.7,20261008_231630,toey,question,28,627,manual,lie,136.4,,1,,,,0,38.57,0.063,0.024,44,question,9
2026-10-08 23:29:01.236,750.91,20261008_231630,toey,question,28,627,manual,lie,136.4,,1,,,,0,38.57,0.059,0.023,47,question,9
2026-10-08 23:29:01.446,751.12,20261008_231630,toey,question,28,627,manual,lie,136.4,,1,,,,0,38.56,0.061,0.022,49,question,9
2026-10-08 23:29:01.653,751.33,20261008_231630,toey,recovery,28,627,manual,lie,136.4,,1,,,,0,38.56,0.075,0.024,51,ready,9
2026-10-08 23:29:01.860,751.53,20261008_231630,toey,recovery,28,627,manual,lie,140.9,,1,,,,0,38.54,0.07,0.024,53,ready,9
2026-10-08 23:29:02.084,751.76,20261008_231630,toey,recovery,28,627,manual,lie,140.9,,1,,,,0,38.54,0.068,0.025,55,ready,9
2026-10-08 23:29:02.269,751.94,20261008_231630,toey,recovery,28,627,manual,lie,140.9,,1,,,,0,38.55,0.065,0.023,57,ready,9
2026-10-08 23:29:02.697,752.37,20261008_231630,toey,recovery,28,627,manual,lie,140.9,,1,,,,0,38.55,0.06,0.022,58,ready,9
2026-10-08 23:29:02.697,752.37,20261008_231630,toey,recovery,28,627,manual,lie,140.9,,1,,,,0,38.56,0.062,0.026,59,ready,9
2026-10-08 23:29:02.884,752.56,20261008_231630,toey,recovery,28,627,manual,lie,140.9,,1,,,,0,38.56,0.064,0.025,60,ready,9
2026-10-08 23:29:03.089,752.76,20261008_231630,toey,recovery,28,627,manual,lie,140.9,,1,,,,0,38.56,0.059,0.023,60,ready,9
2026-10-08 23:29:03.293,752.97,20261008_231630,toey,recovery,28,627,manual,lie,140.9,,1,,,,0,38.57,0.054,0.021,60,ready,9
2026-10-08 23:29:03.500,753.17,20261008_231630,toey,recovery,28,627,manual,lie,140.9,,1,,,,0,38.57,0.049,0.019,60,ready,9
2026-10-08 23:29:03.720,753.39,20261008_231630,toey,recovery,28,627,manual,lie,140.9,,1,,,,0,38.57,0.044,0.018,60,ready,9
2026-10-08 23:29:03.909,753.58,20261008_231630,toey,recovery,28,627,manual,lie,140.9,,1,,,,0,38.57,0.04,0.016,59,ready,9
2026-10-08 23:29:04.115,753.79,20261008_231630,toey,recovery,28,627,manual,lie,140.9,,1,,,,0,38.58,0.037,0.015,59,ready,9
2026-10-08 23:29:04.319,753.99,20261008_231630,toey,recovery,28,627,manual,lie,140.9,,1,,,,0,38.58,0.034,0.014,58,ready,9
2026-10-08 23:29:04.529,754.2,20261008_231630,toey,recovery,28,627,manual,lie,140.9,,1,,,,0,38.58,0.031,0.013,58,ready,9
2026-10-08 23:29:04.727,754.4,20261008_231630,toey,recovery,28,627,manual,lie,140.9,,1,,,,0,38.55,0.029,0.012,57,ready,9
2026-10-08 23:29:04.926,754.6,20261008_231630,toey,recovery,28,627,manual,lie,140.9,,1,,,,0,38.55,0.026,0.011,57,ready,9
2026-10-08 23:29:05.136,754.81,20261008_231630,toey,recovery,28,627,manual,lie,140.9,,1,,,,0,38.55,0.024,0.01,56,ready,9
2026-10-08 23:29:05.344,755.02,20261008_231630,toey,recovery,28,627,manual,lie,140.9,,1,,,,0,38.56,0.022,0.009,55,ready,9
2026-10-08 23:29:05.551,755.23,20261008_231630,toey,recovery,28,627,manual,lie,140.9,,1,,,,0,38.56,0.021,0.008,55,ready,9
2026-10-08 23:29:05.769,755.44,20261008_231630,toey,recovery,28,627,manual,lie,140.9,,1,,,,0,38.57,0.02,0.008,55,ready,9
2026-10-08 23:29:05.964,755.64,20261008_231630,toey,recovery,28,627,manual,lie,140.9,,1,,,,0,38.57,0.02,0.008,54,ready,9
2026-10-08 23:29:06.169,755.84,20261008_231630,toey,recovery,28,627,manual,lie,140.9,,1,,,,0,38.57,0.018,0.009,54,ready,9
2026-10-08 23:29:06.377,756.05,20261008_231630,toey,recovery,28,627,manual,lie,140.9,,1,,,,0,38.57,0.018,0.008,53,ready,9
2026-10-08 23:29:06.591,756.27,20261008_231630,toey,recovery,28,627,manual,lie,140.9,,1,,,,0,38.57,0.018,0.008,53,ready,9
2026-10-08 23:29:06.787,756.46,20261008_231630,toey,recovery,28,627,manual,lie,140.9,,1,,,,0,38.57,0.032,0.011,54,ready,9
2026-10-08 23:29:06.996,756.67,20261008_231630,toey,recovery,28,627,manual,lie,140.9,,1,,,,0,38.57,0.038,0.017,54,ready,9
2026-10-08 23:29:07.212,756.89,20261008_231630,toey,rest,,,,,145.7,,1,,,,0,38.57,0.037,0.017,56,ready,9
2026-10-08 23:29:07.410,757.08,20261008_231630,toey,rest,,,,,145.7,,1,,,,0,38.57,0.035,0.016,57,ready,9
2026-10-08 23:29:07.616,757.29,20261008_231630,toey,rest,,,,,145.7,,1,,,,0,38.57,0.033,0.016,57,ready,9
2026-10-08 23:29:07.822,757.5,20261008_231630,toey,rest,,,,,145.7,,1,,,,0,38.57,0.03,0.014,58,ready,9
2026-10-08 23:29:08.026,757.7,20261008_231630,toey,rest,,,,,145.7,,1,,,,0,38.57,0.027,0.013,58,ready,9
2026-10-08 23:29:08.234,757.91,20261008_231630,toey,rest,,,,,145.7,,1,,,,0,38.57,0.026,0.013,58,ready,9
2026-10-08 23:29:08.453,758.13,20261008_231630,toey,rest,,,,,145.7,,1,,,,0,38.57,0.023,0.012,58,ready,9
2026-10-08 23:29:08.645,758.32,20261008_231630,toey,rest,,,,,145.7,,1,,,,0,38.57,0.021,0.01,58,ready,9
2026-10-08 23:29:08.847,758.52,20261008_231630,toey,rest,,,,,145.7,,1,,,,0,38.58,0.019,0.009,58,ready,9
2026-10-08 23:29:09.054,758.73,20261008_231630,toey,rest,,,,,145.7,,1,,,,0,38.56,0.018,0.008,58,ready,9
2026-10-08 23:29:09.258,758.93,20261008_231630,toey,rest,,,,,145.7,,1,,,,0,38.56,0.017,0.008,58,ready,9
2026-10-08 23:29:09.457,759.13,20261008_231630,toey,rest,,,,,145.7,,1,,,,0,38.56,0.016,0.007,57,ready,9
2026-10-08 23:29:09.659,759.33,20261008_231630,toey,rest,,,,,145.7,,1,,,,0,38.56,0.017,0.007,57,ready,9
2026-10-08 23:29:09.865,759.54,20261008_231630,toey,rest,,,,,145.7,,1,,,,0,38.57,0.016,0.007,57,ready,9
2026-10-08 23:29:10.068,759.74,20261008_231630,toey,question,29,628,manual,truth,145.7,,1,,,,0,38.57,0.016,0.006,57,question,9
2026-10-08 23:29:10.272,759.95,20261008_231630,toey,question,29,628,manual,truth,145.7,,1,,,,0,38.57,0.015,0.006,57,question,9
2026-10-08 23:29:10.472,760.15,20261008_231630,toey,question,29,628,manual,truth,,,1,,,,0,38.58,0.014,0.006,49,question,9
2026-10-08 23:29:10.672,760.35,20261008_231630,toey,question,29,628,manual,truth,,,1,,,,0,38.57,0.013,0.006,42,question,9
2026-10-08 23:29:10.876,760.55,20261008_231630,toey,question,29,628,manual,truth,,,1,,,,0,38.57,0.013,0.005,36,question,9
2026-10-08 23:29:11.089,760.76,20261008_231630,toey,question,29,628,manual,truth,,,1,,,,0,38.57,0.012,0.005,31,question,9
2026-10-08 23:29:11.406,761.08,20261008_231630,toey,question,29,628,manual,truth,,,1,,,,0,38.57,0.011,0.005,28,question,9
2026-10-08 23:29:11.496,761.17,20261008_231630,toey,question,29,628,manual,truth,,,1,,,,0,38.58,0.013,0.006,24,question,9
2026-10-08 23:29:11.706,761.38,20261008_231630,toey,question,29,628,manual,truth,,,1,,,,0,38.57,0.023,0.012,23,question,9
2026-10-08 23:29:11.905,761.58,20261008_231630,toey,question,29,628,manual,truth,164.4,,1,,,,0,38.57,0.023,0.015,32,question,9
2026-10-08 23:29:12.109,761.78,20261008_231630,toey,question,29,628,manual,truth,164.4,,1,,,,0,38.58,0.029,0.015,40,question,9
2026-10-08 23:29:12.316,761.99,20261008_231630,toey,question,29,628,manual,truth,164.4,,1,,,,0,38.58,0.036,0.018,47,question,9
2026-10-08 23:29:12.520,762.2,20261008_231630,toey,question,29,628,manual,truth,164.4,,1,,,,0,38.58,0.04,0.018,53,question,9
2026-10-08 23:29:12.725,762.4,20261008_231630,toey,question,29,628,manual,truth,164.4,,1,,,,0,38.58,0.04,0.017,57,question,9
2026-10-08 23:29:12.930,762.6,20261008_231630,toey,question,29,628,manual,truth,164.4,,1,,,,0,38.58,0.043,0.018,61,question,9
2026-10-08 23:29:13.140,762.82,20261008_231630,toey,question,29,628,manual,truth,163.3,74.1,1,,,,0,38.55,0.042,0.017,64,question,9
2026-10-08 23:29:13.345,763.02,20261008_231630,toey,question,29,628,manual,truth,163.3,74.1,1,,,,0,38.49,0.041,0.016,67,question,9
2026-10-08 23:29:13.557,763.23,20261008_231630,toey,question,29,628,manual,truth,152.1,68.9,1,,,,0,38.5,0.043,0.015,67,question,9
2026-10-08 23:29:13.760,763.43,20261008_231630,toey,question,29,628,manual,truth,152.1,68.9,1,,,,0,38.51,0.047,0.021,68,question,9
2026-10-08 23:29:13.968,763.64,20261008_231630,toey,question,29,628,manual,truth,152.1,68.9,1,,,,0,38.52,0.043,0.02,68,question,9
2026-10-08 23:29:14.172,763.85,20261008_231630,toey,question,29,628,manual,truth,152.1,68.9,1,,,,0,38.52,0.039,0.019,68,question,9
2026-10-08 23:29:14.375,764.05,20261008_231630,toey,question,29,628,manual,truth,152.1,68.9,1,,,,0,38.53,0.035,0.017,68,question,9
2026-10-08 23:29:14.575,764.25,20261008_231630,toey,question,29,628,manual,truth,152.1,68.9,1,,,,0,38.53,0.032,0.016,68,question,9
2026-10-08 23:29:14.780,764.46,20261008_231630,toey,question,29,628,manual,truth,152.1,68.9,1,,,,0,38.53,0.029,0.015,67,question,9
2026-10-08 23:29:14.986,764.66,20261008_231630,toey,question,29,628,manual,truth,152.1,68.9,1,,,,0,38.54,0.027,0.013,67,question,9
2026-10-08 23:29:15.189,764.86,20261008_231630,toey,question,29,628,manual,truth,152.1,68.9,1,,,,0,38.54,0.025,0.012,67,question,9
2026-10-08 23:29:15.397,765.07,20261008_231630,toey,question,29,628,manual,truth,152.1,68.9,1,,,,0,38.55,0.023,0.011,66,question,9
2026-10-08 23:29:15.608,765.28,20261008_231630,toey,question,29,628,manual,truth,152.1,68.9,1,,,,0,38.55,0.021,0.011,66,question,9
2026-10-08 23:29:15.809,765.48,20261008_231630,toey,question,29,628,manual,truth,152.1,68.9,1,,,,0,38.55,0.019,0.01,65,question,9
2026-10-08 23:29:16.014,765.69,20261008_231630,toey,question,29,628,manual,truth,152.1,68.9,1,,,,0,38.55,0.018,0.009,65,question,9
2026-10-08 23:29:16.225,765.9,20261008_231630,toey,question,29,628,manual,truth,152.1,68.9,1,,,,0,38.55,0.016,0.009,65,question,9
2026-10-08 23:29:16.427,766.1,20261008_231630,toey,question,29,628,manual,truth,152.1,68.9,1,,,,0,38.55,0.015,0.008,64,question,9
2026-10-08 23:29:16.641,766.32,20261008_231630,toey,question,29,628,manual,truth,152.1,68.9,1,,,,0,38.55,0.014,0.008,64,question,9
2026-10-08 23:29:16.844,766.52,20261008_231630,toey,question,29,628,manual,truth,152.1,68.9,1,,,,0,38.53,0.014,0.007,64,question,9
2026-10-08 23:29:17.044,766.72,20261008_231630,toey,question,29,628,manual,truth,152.1,68.9,1,,,,0,38.54,0.015,0.008,64,question,9
2026-10-08 23:29:17.246,766.92,20261008_231630,toey,question,29,628,manual,truth,152.1,68.9,1,,,,0,38.54,0.019,0.008,64,question,9
2026-10-08 23:29:17.446,767.12,20261008_231630,toey,question,29,628,manual,truth,152.1,68.9,1,,,,0,38.5,0.018,0.015,64,question,9
2026-10-08 23:29:17.654,767.33,20261008_231630,toey,question,29,628,manual,truth,156.1,68.9,1,,,,0,38.51,0.017,0.016,64,question,9
2026-10-08 23:29:17.859,767.53,20261008_231630,toey,question,29,628,manual,truth,156.1,68.9,1,,,,0,38.45,0.015,0.014,65,question,9
2026-10-08 23:29:18.064,767.74,20261008_231630,toey,question,29,628,manual,truth,156.1,68.9,1,,,,0,38.46,0.014,0.013,65,question,9
2026-10-08 23:29:18.269,767.94,20261008_231630,toey,question,29,628,manual,truth,156.1,68.9,1,,,,0,38.47,0.014,0.012,65,question,9
2026-10-08 23:29:18.474,768.15,20261008_231630,toey,question,29,628,manual,truth,156.1,68.9,1,,,,0,38.48,0.013,0.011,65,question,9
2026-10-08 23:29:18.695,768.37,20261008_231630,toey,question,29,628,manual,truth,156.1,68.9,1,,,,0,38.48,0.014,0.01,66,question,9
2026-10-08 23:29:18.886,768.56,20261008_231630,toey,question,29,628,manual,truth,156.1,68.9,1,,,,0,38.49,0.016,0.01,66,question,9
2026-10-08 23:29:19.087,768.76,20261008_231630,toey,question,29,628,manual,truth,156.1,68.9,1,,,,0,38.5,0.019,0.01,66,question,9
2026-10-08 23:29:19.285,768.96,20261008_231630,toey,question,29,628,manual,truth,156.1,68.9,1,,,,0,38.5,0.019,0.011,66,question,9
2026-10-08 23:29:19.490,769.17,20261008_231630,toey,question,29,628,manual,truth,156.1,68.9,1,,,,0,38.51,0.027,0.017,67,question,9
2026-10-08 23:29:19.687,769.36,20261008_231630,toey,question,29,628,manual,truth,156.1,68.9,1,,,,0,38.51,0.03,0.021,67,question,9
2026-10-08 23:29:19.888,769.56,20261008_231630,toey,question,29,628,manual,truth,156.1,68.9,1,,,,0,38.51,0.031,0.027,68,question,9
2026-10-08 23:29:20.088,769.76,20261008_231630,toey,question,29,628,manual,truth,152.1,68.9,1,,,,0,38.52,0.029,0.025,68,question,9
2026-10-08 23:29:20.288,769.96,20261008_231630,toey,question,29,628,manual,truth,152.1,68.9,1,,,,0,38.52,0.029,0.033,67,question,9
2026-10-08 23:29:20.486,770.16,20261008_231630,toey,question,29,628,manual,truth,137.2,44.4,1,,,,0,38.53,0.036,0.052,65,question,9
2026-10-08 23:29:20.690,770.37,20261008_231630,toey,question,29,628,manual,truth,137.2,44.4,1,,,,0,38.53,0.098,0.073,65,question,9
2026-10-08 23:29:20.899,770.57,20261008_231630,toey,question,29,628,manual,truth,137.2,44.4,1,,,,0,38.53,0.121,0.078,66,question,9
2026-10-08 23:29:21.108,770.78,20261008_231630,toey,question,29,628,manual,truth,137.2,44.4,1,,,,0,38.53,0.116,0.08,67,question,9
2026-10-08 23:29:21.310,770.99,20261008_231630,toey,question,29,628,manual,truth,137.2,44.4,1,,,,0,38.53,0.123,0.075,68,question,9
2026-10-08 23:29:21.518,771.19,20261008_231630,toey,question,29,628,manual,truth,137.2,44.4,1,,,,0,38.53,0.115,0.069,69,question,9
2026-10-08 23:29:21.726,771.4,20261008_231630,toey,question,29,628,manual,truth,137.2,47.7,1,,,,0,38.48,0.116,0.067,69,question,9
2026-10-08 23:29:21.959,771.63,20261008_231630,toey,recovery,29,628,manual,truth,137.2,47.7,1,,,,0,38.49,0.123,0.065,70,ready,9
2026-10-08 23:29:22.161,771.84,20261008_231630,toey,recovery,29,628,manual,truth,137.2,47.7,1,,,,0,38.51,0.124,0.063,70,ready,9
2026-10-08 23:29:22.368,772.04,20261008_231630,toey,recovery,29,628,manual,truth,137.2,47.7,1,,,,0,38.51,0.142,0.063,71,ready,9
2026-10-08 23:29:22.576,772.25,20261008_231630,toey,recovery,29,628,manual,truth,137.2,47.7,1,,,,0,38.51,0.134,0.058,72,ready,9
2026-10-08 23:29:22.785,772.46,20261008_231630,toey,recovery,29,628,manual,truth,137.2,47.7,1,,,,0,38.51,0.123,0.054,72,ready,9
2026-10-08 23:29:22.990,772.67,20261008_231630,toey,recovery,29,628,manual,truth,122.4,47.7,1,,,,0,38.51,0.119,0.051,70,ready,9
2026-10-08 23:29:23.204,772.88,20261008_231630,toey,recovery,29,628,manual,truth,122.4,47.7,1,,,,0,38.45,0.11,0.047,67,ready,9
2026-10-08 23:29:23.407,773.08,20261008_231630,toey,recovery,29,628,manual,truth,122.4,47.7,1,,,,0,38.46,0.105,0.044,65,ready,9
2026-10-08 23:29:23.654,773.33,20261008_231630,toey,recovery,29,628,manual,truth,117.9,53.9,1,,,,0,38.47,0.102,0.042,62,ready,9
2026-10-08 23:29:23.823,773.5,20261008_231630,toey,recovery,29,628,manual,truth,117.9,53.9,1,,,,0,38.48,0.093,0.038,59,ready,9
2026-10-08 23:29:24.030,773.71,20261008_231630,toey,recovery,29,628,manual,truth,117.9,53.9,1,,,,0,38.48,0.087,0.035,56,ready,9
2026-10-08 23:29:24.238,773.91,20261008_231630,toey,recovery,29,628,manual,truth,117.9,53.9,1,,,,0,38.49,0.085,0.033,54,ready,9
2026-10-08 23:29:24.450,774.12,20261008_231630,toey,recovery,29,628,manual,truth,117.9,53.9,1,,,,0,38.49,0.078,0.03,52,ready,9
2026-10-08 23:29:24.662,774.34,20261008_231630,toey,recovery,29,628,manual,truth,117.9,53.9,1,,,,0,38.5,0.074,0.028,50,ready,9
2026-10-08 23:29:24.874,774.55,20261008_231630,toey,recovery,29,628,manual,truth,117.9,53.9,1,,,,0,38.5,0.07,0.026,49,ready,9
2026-10-08 23:29:25.069,774.74,20261008_231630,toey,recovery,29,628,manual,truth,117.9,53.9,1,,,,0,38.51,0.064,0.024,47,ready,9
2026-10-08 23:29:29.101,778.78,20261008_231630,toey,rest,,,,,103.0,52.0,1,,,,0,38.48,0.241,0.082,51,ready,9
2026-10-08 23:29:29.306,778.98,20261008_231630,toey,rest,,,,,103.0,52.0,1,,,,0,38.48,0.243,0.082,52,ready,8
2026-10-08 23:29:29.513,779.19,20261008_231630,toey,rest,,,,,103.0,52.0,1,,,,0,38.49,0.236,0.082,54,ready,8
2026-10-08 23:29:29.718,779.39,20261008_231630,toey,rest,,,,,103.0,52.0,1,,,,0,38.49,0.228,0.075,54,ready,8
2026-10-08 23:29:29.937,779.61,20261008_231630,toey,rest,,,,,103.0,52.0,1,,,,0,38.5,0.242,0.075,55,ready,8
2026-10-08 23:29:30.123,779.8,20261008_231630,toey,rest,,,,,103.0,,1,,,,0,38.5,0.305,0.078,55,ready,9
2026-10-08 23:29:30.329,780.0,20261008_231630,toey,rest,,,,,103.0,,1,,,,0,38.5,0.278,0.074,55,ready,8
2026-10-08 23:29:30.534,780.21,20261008_231630,toey,rest,,,,,103.0,,1,,,,0,38.5,0.294,0.088,56,ready,8
2026-10-08 23:29:30.739,780.41,20261008_231630,toey,rest,,,,,106.1,,1,,,,0,38.5,0.287,0.104,56,ready,8
2026-10-08 23:29:30.944,780.62,20261008_231630,toey,rest,,,,,106.1,,1,,,,0,38.51,0.261,0.096,57,ready,8
2026-10-08 23:29:33.133,782.81,20261008_231630,toey,rest,,,,,124.5,79.9,1,,,,0,38.45,0.143,0.06,65,ready,9
2026-10-08 23:29:33.321,783.0,20261008_231630,toey,rest,,,,,124.5,79.9,1,,,,0,38.45,0.135,0.058,65,ready,9
2026-10-08 23:29:33.526,783.2,20261008_231630,toey,rest,,,,,124.5,79.9,1,,,,0,38.45,0.149,0.086,65,ready,9
2026-10-08 23:29:33.734,783.41,20261008_231630,toey,rest,,,,,124.5,79.9,1,,,,0,38.45,0.158,0.089,66,ready,9
2026-10-08 23:29:33.939,783.61,20261008_231630,toey,rest,,,,,124.5,79.9,1,,,,0,38.44,0.154,0.087,66,ready,9
2026-10-08 23:29:34.145,783.82,20261008_231630,toey,rest,,,,,124.5,79.9,1,,,,0,38.43,0.146,0.081,66,ready,9
2026-10-08 23:29:34.363,784.04,20261008_231630,toey,rest,,,,,124.5,79.9,1,,,,0,38.37,0.14,0.075,66,ready,9
2026-10-08 23:29:34.561,784.24,20261008_231630,toey,rest,,,,,124.5,79.9,1,,,,0,38.37,0.145,0.074,66,ready,9
2026-10-08 23:29:34.849,784.52,20261008_231630,toey,rest,,,,,124.5,79.9,1,,,,0,38.37,0.17,0.081,67,ready,9
2026-10-08 23:29:34.970,784.64,20261008_231630,toey,rest,,,,,124.5,79.9,1,,,,0,38.37,0.2,0.154,69,ready,9
2026-10-08 23:29:35.176,784.85,20261008_231630,toey,rest,,,,,124.5,79.9,1,,,,0,38.37,0.326,0.171,70,ready,9
2026-10-08 23:29:35.380,785.05,20261008_231630,toey,rest,,,,,124.5,79.9,1,,,,0,38.37,0.35,0.188,71,ready,9
2026-10-08 23:29:35.584,785.26,20261008_231630,toey,rest,,,,,124.5,79.9,1,,,,0,38.37,0.323,0.173,72,ready,9
2026-10-08 23:29:35.790,785.46,20261008_231630,toey,rest,,,,,,,1,,,,0,38.37,0.302,0.177,77,ready,9
2026-10-08 23:29:35.998,785.67,20261008_231630,toey,rest,,,,,,,1,,,,0,38.37,0.278,0.162,81,ready,9
2026-10-08 23:29:36.205,785.88,20261008_231630,toey,rest,,,,,,,1,,,,0,38.37,0.263,0.15,84,ready,9
2026-10-08 23:29:36.410,786.09,20261008_231630,toey,rest,,,,,,,1,,,,0,38.37,0.263,0.142,87,ready,9
2026-10-08 23:29:36.616,786.29,20261008_231630,toey,rest,,,,,,,1,,,,0,38.37,0.247,0.131,89,ready,9
2026-10-08 23:29:36.815,786.49,20261008_231630,toey,rest,,,,,,,1,,,,0,38.37,0.226,0.121,91,ready,9
2026-10-08 23:29:37.020,786.69,20261008_231630,toey,rest,,,,,,,1,,,,0,38.37,0.207,0.112,93,ready,9
2026-10-08 23:29:37.237,786.91,20261008_231630,toey,rest,,,,,,,1,,,,0,38.37,0.197,0.11,94,ready,9
2026-10-08 23:29:37.438,787.11,20261008_231630,toey,question,30,629,manual,lie,,,1,,,,0,38.38,0.179,0.102,95,question,9
2026-10-08 23:29:37.634,787.31,20261008_231630,toey,question,30,629,manual,lie,,,1,,,,0,38.37,0.163,0.094,95,question,9
2026-10-08 23:29:37.839,787.51,20261008_231630,toey,question,30,629,manual,lie,,,1,,,,0,38.36,0.149,0.086,96,question,9
2026-10-08 23:29:38.047,787.72,20261008_231630,toey,question,30,629,manual,lie,,,1,,,,0,38.33,0.138,0.079,95,question,8
2026-10-08 23:29:38.253,787.93,20261008_231630,toey,question,30,629,manual,lie,,,1,,,,0,38.34,0.128,0.072,95,question,8
2026-10-08 23:29:38.459,788.13,20261008_231630,toey,question,30,629,manual,lie,,,1,,,,0,38.35,0.119,0.07,94,question,8
2026-10-08 23:29:38.668,788.34,20261008_231630,toey,question,30,629,manual,lie,,,1,,,,0,38.29,0.125,0.067,93,question,8
2026-10-08 23:29:38.877,788.55,20261008_231630,toey,question,30,629,manual,lie,,,1,,,,0,38.3,0.116,0.062,92,question,8
2026-10-08 23:29:39.143,788.82,20261008_231630,toey,question,30,629,manual,lie,,,1,,,,0,38.31,0.107,0.056,91,question,8
2026-10-08 23:29:39.284,788.96,20261008_231630,toey,question,30,629,manual,lie,,,1,,,,0,38.32,0.099,0.051,89,question,8
2026-10-08 23:29:39.494,789.17,20261008_231630,toey,question,30,629,manual,lie,,,1,,,,0,38.32,0.091,0.048,86,question,8
2026-10-08 23:29:39.703,789.38,20261008_231630,toey,question,30,629,manual,lie,,,1,,,,0,38.34,0.084,0.044,82,question,8
2026-10-08 23:29:39.909,789.58,20261008_231630,toey,question,30,629,manual,lie,,,1,,,,0,38.34,0.078,0.041,79,question,8
2026-10-08 23:29:40.113,789.79,20261008_231630,toey,question,30,629,manual,lie,,,1,,,,0,38.35,0.072,0.037,75,question,8
2026-10-08 23:29:40.322,790.0,20261008_231630,toey,question,30,629,manual,lie,,,1,,,,0,38.36,0.067,0.034,70,question,8
2026-10-08 23:29:40.543,790.22,20261008_231630,toey,question,30,629,manual,lie,,,1,,,,0,38.36,0.061,0.031,66,question,8
2026-10-08 23:29:40.740,790.42,20261008_231630,toey,question,30,629,manual,lie,,,1,,,,0,38.3,0.056,0.028,61,question,9
2026-10-08 23:29:40.938,790.61,20261008_231630,toey,question,30,629,manual,lie,,,1,,,,0,38.31,0.051,0.025,56,question,9
2026-10-08 23:29:41.150,790.83,20261008_231630,toey,question,30,629,manual,lie,,,1,,,,0,38.28,0.044,0.021,48,question,8
2026-10-08 23:29:41.348,791.02,20261008_231630,toey,question,30,629,manual,lie,,,1,,,,0,38.3,0.044,0.02,45,question,8
2026-10-08 23:29:41.562,791.24,20261008_231630,toey,question,30,629,manual,lie,,,1,,,,0,38.31,0.041,0.018,41,question,8
2026-10-08 23:29:41.767,791.44,20261008_231630,toey,question,30,629,manual,lie,,,1,,,,0,38.32,0.037,0.017,38,question,8
2026-10-08 23:29:41.969,791.64,20261008_231630,toey,question,30,629,manual,lie,,,1,,,,0,38.33,0.034,0.015,35,question,8
2026-10-08 23:29:42.180,791.86,20261008_231630,toey,question,30,629,manual,lie,,,1,,,,0,38.35,0.031,0.014,32,question,8
2026-10-08 23:29:42.374,792.05,20261008_231630,toey,question,30,629,manual,lie,,,1,,,,0,38.35,0.029,0.013,30,question,8
2026-10-08 23:29:42.580,792.26,20261008_231630,toey,question,30,629,manual,lie,,,1,,,,0,38.36,0.027,0.012,28,question,8
2026-10-08 23:29:42.787,792.46,20261008_231630,toey,question,30,629,manual,lie,,,1,,,,0,38.35,0.025,0.011,26,question,8
2026-10-08 23:29:42.994,792.67,20261008_231630,toey,question,30,629,manual,lie,,,1,,,,0,38.33,0.024,0.011,24,question,8
2026-10-08 23:29:43.206,792.88,20261008_231630,toey,question,30,629,manual,lie,,,1,,,,0,38.34,0.025,0.011,22,question,8
2026-10-08 23:29:43.403,793.08,20261008_231630,toey,question,30,629,manual,lie,,,1,,,,0,38.35,0.024,0.011,21,question,8
2026-10-08 23:29:43.613,793.29,20261008_231630,toey,question,30,629,manual,lie,,,1,,,,0,38.36,0.023,0.01,20,question,8
2026-10-08 23:29:43.828,793.5,20261008_231630,toey,question,30,629,manual,lie,,,1,,,,0,38.36,0.022,0.01,19,question,8
2026-10-08 23:29:44.025,793.7,20261008_231630,toey,question,30,629,manual,lie,,,1,,,,0,38.37,0.023,0.01,18,question,8
2026-10-08 23:29:44.233,793.91,20261008_231630,toey,question,30,629,manual,lie,,,1,,,,0,38.37,0.022,0.01,18,question,8
2026-10-08 23:29:44.431,794.11,20261008_231630,toey,question,30,629,manual,lie,,,1,,,,0,38.38,0.036,0.012,19,question,8
2026-10-08 23:29:44.682,794.36,20261008_231630,toey,question,30,629,manual,lie,,,1,,,,0,38.39,0.035,0.011,19,question,9
2026-10-08 23:29:44.887,794.56,20261008_231630,toey,question,30,629,manual,lie,,,1,,,,0,38.33,0.032,0.011,20,question,8
2026-10-08 23:29:45.052,794.73,20261008_231630,toey,question,30,629,manual,lie,65.1,,1,,,,0,38.34,0.032,0.01,17,question,8
2026-10-08 23:29:45.259,794.93,20261008_231630,toey,question,30,629,manual,lie,65.1,,1,,,,0,38.35,0.031,0.01,15,question,8
2026-10-08 23:29:45.498,795.17,20261008_231630,toey,question,30,629,manual,lie,65.1,,1,,,,0,38.36,0.029,0.009,13,question,8
2026-10-08 23:29:45.673,795.35,20261008_231630,toey,question,30,629,manual,lie,77.4,,1,,,,0,38.37,0.028,0.009,12,question,8
2026-10-08 23:29:45.882,795.56,20261008_231630,toey,question,30,629,manual,lie,77.4,,1,,,,0,38.38,0.027,0.009,11,question,9
2026-10-08 23:29:46.088,795.76,20261008_231630,toey,question,30,629,manual,lie,77.4,,1,,,,0,38.39,0.025,0.009,10,question,9
2026-10-08 23:29:46.291,795.97,20261008_231630,toey,question,30,629,manual,lie,77.4,,1,,,,0,38.39,0.024,0.008,10,question,9
2026-10-08 23:29:46.505,796.18,20261008_231630,toey,question,30,629,manual,lie,75.9,,1,,,,0,38.4,0.023,0.008,9,question,9
2026-10-08 23:29:46.705,796.38,20261008_231630,toey,question,30,629,manual,lie,75.9,,1,,,,0,38.4,0.023,0.008,9,question,9
2026-10-08 23:29:46.903,796.58,20261008_231630,toey,question,30,629,manual,lie,75.9,,1,,,,0,38.41,0.024,0.012,9,question,9
2026-10-08 23:29:47.113,796.79,20261008_231630,toey,question,30,629,manual,lie,75.9,,1,,,,0,38.4,0.035,0.02,8,question,9
2026-10-08 23:29:47.330,797.01,20261008_231630,toey,question,30,629,manual,lie,77.4,,1,,,,0,38.36,0.039,0.021,8,question,9
2026-10-08 23:29:47.549,797.22,20261008_231630,toey,question,30,629,manual,lie,77.4,,1,,,,0,38.36,0.041,0.022,8,question,9
2026-10-08 23:29:47.750,797.43,20261008_231630,toey,question,30,629,manual,lie,77.4,,1,,,,0,38.36,0.039,0.021,8,question,9
2026-10-08 23:29:47.942,797.62,20261008_231630,toey,question,30,629,manual,lie,77.4,,1,,,,0,38.37,0.104,0.032,10,question,9
2026-10-08 23:29:48.146,797.82,20261008_231630,toey,question,30,629,manual,lie,77.4,,1,,,,0,38.37,0.113,0.039,11,question,9
2026-10-08 23:29:48.352,798.03,20261008_231630,toey,question,30,629,manual,lie,77.4,,1,,,,0,38.38,0.131,0.049,12,question,9
2026-10-08 23:29:48.548,798.22,20261008_231630,toey,question,30,629,manual,lie,77.4,,1,,,,0,38.39,0.169,0.066,15,question,9
2026-10-08 23:29:48.753,798.43,20261008_231630,toey,question,30,629,manual,lie,78.7,,1,,,,0,38.4,0.24,0.088,18,question,9
2026-10-08 23:29:48.969,798.64,20261008_231630,toey,question,30,629,manual,lie,78.7,,1,,,,0,38.4,0.287,0.117,20,question,9
2026-10-08 23:29:49.161,798.84,20261008_231630,toey,recovery,30,629,manual,lie,78.7,,1,,,,0,38.4,0.299,0.12,22,ready,9
2026-10-08 23:29:53.195,802.87,20261008_231630,toey,recovery,30,629,manual,lie,105.1,80.4,1,,,,0,38.38,0.089,0.044,36,ready,8
2026-10-08 23:29:53.398,803.07,20261008_231630,toey,rest,,,,,105.1,80.4,1,,,,0,38.39,0.084,0.041,35,ready,8
2026-10-08 23:29:53.602,803.28,20261008_231630,toey,rest,,,,,105.1,80.4,1,,,,0,38.39,0.08,0.042,35,ready,9
2026-10-08 23:29:53.808,803.48,20261008_231630,toey,rest,,,,,105.1,80.4,1,,,,0,38.4,0.074,0.039,34,ready,9
2026-10-08 23:29:54.017,803.69,20261008_231630,toey,rest,,,,,105.1,80.4,1,,,,0,38.41,0.067,0.035,33,ready,9
2026-10-08 23:29:54.227,803.9,20261008_231630,toey,rest,,,,,105.1,80.4,1,,,,0,38.41,0.061,0.033,32,ready,9
2026-10-08 23:29:54.431,804.11,20261008_231630,toey,rest,,,,,105.1,80.4,1,,,,0,38.41,0.056,0.03,31,ready,9
2026-10-08 23:29:54.639,804.31,20261008_231630,toey,rest,,,,,105.1,80.4,1,,,,0,38.41,0.052,0.028,30,ready,9
2026-10-08 23:29:54.838,804.51,20261008_231630,toey,rest,,,,,105.1,80.4,1,,,,0,38.41,0.047,0.025,29,ready,9
2026-10-08 23:29:55.124,804.8,20261008_231630,toey,rest,,,,,105.1,80.4,1,,,,0,38.42,0.042,0.023,28,ready,9
2026-10-08 23:29:55.256,804.93,20261008_231630,toey,rest,,,,,105.1,80.4,1,,,,0,38.42,0.035,0.019,26,ready,9
2026-10-08 23:29:55.458,805.13,20261008_231630,toey,rest,,,,,105.1,80.4,1,,,,0,38.42,0.032,0.018,25,ready,9
2026-10-08 23:29:55.664,805.34,20261008_231630,toey,rest,,,,,105.1,80.4,1,,,,0,38.42,0.03,0.016,25,ready,9
2026-10-08 23:29:55.870,805.55,20261008_231630,toey,rest,,,,,,,1,,,,0,38.42,0.027,0.015,23,ready,9
2026-10-08 23:29:56.076,805.75,20261008_231630,toey,rest,,,,,,,1,,,,0,38.42,0.025,0.013,22,ready,9
2026-10-08 23:29:56.281,805.96,20261008_231630,toey,rest,,,,,,,1,,,,0,38.42,0.022,0.012,21,ready,9
2026-10-08 23:29:56.494,806.17,20261008_231630,toey,rest,,,,,,,1,,,,0,38.36,0.021,0.012,19,ready,8
2026-10-08 23:29:56.696,806.37,20261008_231630,toey,rest,,,,,,,1,,,,0,38.36,0.019,0.011,18,ready,8
2026-10-08 23:29:56.903,806.58,20261008_231630,toey,rest,,,,,,,1,,,,0,38.37,0.018,0.01,17,ready,8
2026-10-08 23:29:57.107,806.78,20261008_231630,toey,rest,,,,,,,1,,,,0,38.38,0.018,0.009,17,ready,8
