time_iso,t_sec,run_id,subject,phase,question_no,watch_qid,mode,label,hr_bpm,hrv_ms,ppg_contact,gsr_us,gsr_tonic_us,gsr_phasic_us,gsr_contact,skin_temp_c,tremor_ms2,motion_ms2,stress_index,engine_state,battery_mv
2026-10-08 21:51:48.152,1.02,20261008_215147,toy,rest,,,,,91.3,38.7,1,,,,0,34.55,0.045,0.035,,idle,8
2026-10-08 21:51:48.358,1.22,20261008_215147,toy,rest,,,,,91.3,38.7,1,,,,0,34.56,0.042,0.031,,idle,8
2026-10-08 21:51:48.566,1.43,20261008_215147,toy,rest,,,,,91.3,38.7,1,,,,0,34.57,0.039,0.029,,idle,8
2026-10-08 21:51:48.774,1.64,20261008_215147,toy,rest,,,,,91.3,38.7,1,,,,0,34.58,0.036,0.026,,idle,8
2026-10-08 21:51:48.982,1.85,20261008_215147,toy,rest,,,,,94.3,40.5,1,,,,0,34.56,0.033,0.024,,idle,8
2026-10-08 21:51:49.189,2.05,20261008_215147,toy,rest,,,,,94.3,40.5,1,,,,0,34.56,0.032,0.023,,idle,8
2026-10-08 21:51:49.393,2.26,20261008_215147,toy,rest,,,,,94.3,40.5,1,,,,0,34.57,0.031,0.022,,idle,8
2026-10-08 21:51:49.597,2.46,20261008_215147,toy,rest,,,,,89.9,47.9,1,,,,0,34.58,0.031,0.021,,idle,8
2026-10-08 21:51:49.802,2.67,20261008_215147,toy,rest,,,,,89.9,47.9,1,,,,0,34.59,0.029,0.02,,idle,8
2026-10-08 21:51:50.017,2.88,20261008_215147,toy,rest,,,,,89.9,47.9,1,,,,0,34.6,0.028,0.018,,idle,8
2026-10-08 21:51:50.223,3.09,20261008_215147,toy,rest,,,,,89.9,47.9,1,,,,0,34.61,0.026,0.016,,idle,8
2026-10-08 21:51:50.427,3.29,20261008_215147,toy,rest,,,,,93.4,50.5,1,,,,0,34.62,0.024,0.015,,idle,8
2026-10-08 21:51:50.633,3.5,20261008_215147,toy,rest,,,,,93.4,50.5,1,,,,0,34.63,0.023,0.014,,idle,8
2026-10-08 21:51:50.829,3.7,20261008_215147,toy,rest,,,,,93.4,50.5,1,,,,0,34.62,0.022,0.012,,idle,8
2026-10-08 21:51:51.038,3.9,20261008_215147,toy,rest,,,,,93.4,44.6,1,,,,0,34.63,0.021,0.012,,idle,8
2026-10-08 21:51:51.243,4.11,20261008_215147,toy,rest,,,,,93.4,44.6,1,,,,0,34.64,0.021,0.013,,idle,8
2026-10-08 21:51:51.455,4.32,20261008_215147,toy,rest,,,,,93.4,44.6,1,,,,0,34.65,0.02,0.012,,idle,8
2026-10-08 21:51:51.661,4.53,20261008_215147,toy,rest,,,,,91.5,42.6,1,,,,0,34.66,0.019,0.011,,idle,8
2026-10-08 21:51:51.856,4.72,20261008_215147,toy,rest,,,,,91.5,42.6,1,,,,0,34.67,0.018,0.011,,idle,8
2026-10-08 21:51:52.076,4.94,20261008_215147,toy,rest,,,,,91.5,42.6,1,,,,0,34.67,0.019,0.01,,idle,8
2026-10-08 21:51:52.287,5.15,20261008_215147,toy,rest,,,,,91.5,42.6,1,,,,0,34.68,0.037,0.021,,idle,8
2026-10-08 21:51:52.492,5.36,20261008_215147,toy,rest,,,,,91.0,41.7,1,,,,0,34.69,0.039,0.024,,idle,8
2026-10-08 21:51:52.701,5.57,20261008_215147,toy,rest,,,,,91.0,41.7,1,,,,0,34.69,0.04,0.024,,idle,8
2026-10-08 21:51:52.884,5.75,20261008_215147,toy,rest,,,,,91.0,41.7,1,,,,0,34.7,0.041,0.023,,idle,8
2026-10-08 21:51:53.110,5.98,20261008_215147,toy,rest,,,,,91.0,41.7,1,,,,0,34.7,0.039,0.023,,idle,8
2026-10-08 21:51:53.297,6.16,20261008_215147,toy,rest,,,,,91.0,41.7,1,,,,0,34.72,0.037,0.022,,idle,8
2026-10-08 21:51:53.503,6.37,20261008_215147,toy,rest,,,,,91.0,41.7,1,,,,0,34.7,0.035,0.028,,idle,8
2026-10-08 21:51:53.710,6.58,20261008_215147,toy,rest,,,,,91.0,41.7,1,,,,0,34.71,0.045,0.042,,idle,8
2026-10-08 21:51:53.918,6.78,20261008_215147,toy,rest,,,,,91.0,41.7,1,,,,0,34.72,0.051,0.053,,idle,8
2026-10-08 21:51:54.123,6.99,20261008_215147,toy,rest,,,,,91.0,41.7,1,,,,0,34.72,0.07,0.054,,idle,8
2026-10-08 21:51:56.191,9.06,20261008_215147,toy,rest,,,,,89.4,44.9,1,,,,0,34.76,0.096,0.083,,idle,8
2026-10-08 21:51:56.390,9.26,20261008_215147,toy,rest,,,,,89.4,44.9,1,,,,0,34.76,0.119,0.089,,idle,8
2026-10-08 21:51:56.588,9.45,20261008_215147,toy,rest,,,,,89.4,44.9,1,,,,0,34.77,0.118,0.086,,idle,8
2026-10-08 21:51:56.796,9.66,20261008_215147,toy,rest,,,,,89.4,44.9,1,,,,0,34.77,0.137,0.097,,idle,8
2026-10-08 21:51:57.003,9.87,20261008_215147,toy,rest,,,,,89.4,44.9,1,,,,0,34.77,0.125,0.091,,idle,8
2026-10-08 21:51:57.412,10.28,20261008_215147,toy,rest,,,,,89.4,44.9,1,,,,0,34.77,0.116,0.083,,idle,8
2026-10-08 21:51:57.414,10.28,20261008_215147,toy,rest,,,,,89.4,45.6,1,,,,0,34.78,0.11,0.081,,idle,8
2026-10-08 21:51:57.628,10.49,20261008_215147,toy,rest,,,,,89.4,45.6,1,,,,0,34.78,0.1,0.073,,idle,8
2026-10-08 21:51:57.833,10.7,20261008_215147,toy,rest,,,,,89.4,45.6,1,,,,0,34.79,0.091,0.067,,idle,8
2026-10-08 21:51:58.141,11.01,20261008_215147,toy,rest,,,,,89.4,45.6,1,,,,0,34.79,0.083,0.061,,idle,8
2026-10-08 21:51:58.246,11.11,20261008_215147,toy,rest,,,,,89.4,45.6,1,,,,0,34.81,0.075,0.055,,idle,8
2026-10-08 21:51:58.448,11.31,20261008_215147,toy,rest,,,,,89.4,45.6,1,,,,0,34.81,0.068,0.05,,idle,8
2026-10-08 21:51:58.655,11.52,20261008_215147,toy,rest,,,,,89.4,45.6,1,,,,0,34.82,0.063,0.045,,idle,8
2026-10-08 21:51:58.861,11.73,20261008_215147,toy,rest,,,,,89.4,45.6,1,,,,0,34.8,0.057,0.041,,idle,8
2026-10-08 21:51:59.078,11.94,20261008_215147,toy,rest,,,,,89.4,45.6,1,,,,0,34.81,0.052,0.037,,idle,8
2026-10-08 21:51:59.274,12.14,20261008_215147,toy,rest,,,,,89.4,45.6,1,,,,0,34.82,0.047,0.034,,idle,8
2026-10-08 21:51:59.486,12.35,20261008_215147,toy,rest,,,,,89.4,45.6,1,,,,0,34.83,0.043,0.031,,idle,8
2026-10-08 21:51:59.688,12.55,20261008_215147,toy,rest,,,,,89.4,45.6,1,,,,0,34.84,0.039,0.028,,idle,8
2026-10-08 21:51:59.890,12.76,20261008_215147,toy,rest,,,,,89.4,45.6,1,,,,0,34.85,0.036,0.025,,idle,8
2026-10-08 21:52:00.093,12.96,20261008_215147,toy,rest,,,,,89.4,45.6,1,,,,0,34.85,0.033,0.023,,idle,8
2026-10-08 21:52:00.303,13.17,20261008_215147,toy,rest,,,,,89.4,45.6,1,,,,0,34.86,0.03,0.021,,idle,8
2026-10-08 21:52:00.508,13.37,20261008_215147,toy,rest,,,,,89.4,45.6,1,,,,0,34.87,0.027,0.019,,idle,8
2026-10-08 21:52:00.795,13.66,20261008_215147,toy,rest,,,,,89.4,45.6,1,,,,0,34.87,0.026,0.017,,idle,8
2026-10-08 21:52:00.917,13.78,20261008_215147,toy,rest,,,,,89.4,45.6,1,,,,0,34.88,0.027,0.016,,idle,8
2026-10-08 21:52:01.123,13.99,20261008_215147,toy,rest,,,,,89.4,45.6,1,,,,0,34.89,0.026,0.015,,idle,8
2026-10-08 21:52:01.328,14.19,20261008_215147,toy,rest,,,,,89.4,45.6,1,,,,0,34.91,0.024,0.014,,idle,8
2026-10-08 21:52:01.537,14.4,20261008_215147,toy,rest,,,,,89.4,45.6,1,,,,0,34.92,0.022,0.013,,idle,8
2026-10-08 21:52:01.746,14.61,20261008_215147,toy,rest,,,,,89.4,45.6,1,,,,0,34.93,0.022,0.011,,idle,8
2026-10-08 21:52:01.960,14.83,20261008_215147,toy,rest,,,,,,,1,,,,0,34.94,0.024,0.011,,idle,8
2026-10-08 21:52:02.405,15.27,20261008_215147,toy,rest,,,,,,,1,,,,0,34.95,0.036,0.021,,idle,8
2026-10-08 21:52:02.406,15.27,20261008_215147,toy,rest,,,,,87.6,,1,,,,0,34.96,0.041,0.03,,idle,8
2026-10-08 21:52:02.569,15.43,20261008_215147,toy,rest,,,,,176.1,,1,,,,0,34.97,0.041,0.028,,idle,8
2026-10-08 21:52:02.777,15.64,20261008_215147,toy,rest,,,,,176.1,,1,,,,0,34.97,0.039,0.026,,idle,8
2026-10-08 21:52:02.981,15.85,20261008_215147,toy,rest,,,,,176.1,,1,,,,0,34.98,0.036,0.024,,idle,8
2026-10-08 21:52:03.187,16.05,20261008_215147,toy,rest,,,,,176.1,,1,,,,0,34.96,0.033,0.022,,idle,8
2026-10-08 21:52:03.388,16.25,20261008_215147,toy,rest,,,,,176.1,,1,,,,0,34.96,0.031,0.021,,idle,8
2026-10-08 21:52:03.595,16.46,20261008_215147,toy,rest,,,,,176.1,,1,,,,0,34.97,0.029,0.019,,idle,8
2026-10-08 21:52:03.802,16.67,20261008_215147,toy,rest,,,,,176.1,,1,,,,0,34.98,0.029,0.018,,idle,8
2026-10-08 21:52:04.007,16.87,20261008_215147,toy,rest,,,,,165.4,,1,,,,0,34.99,0.029,0.017,,idle,8
2026-10-08 21:52:04.215,17.08,20261008_215147,toy,rest,,,,,165.4,,1,,,,0,34.99,0.029,0.015,,idle,8
2026-10-08 21:52:04.712,17.58,20261008_215147,toy,rest,,,,,156.0,,1,,,,0,34.99,0.029,0.019,,idle,8
2026-10-08 21:52:04.713,17.58,20261008_215147,toy,rest,,,,,156.0,,1,,,,0,34.99,0.029,0.021,,idle,8
2026-10-08 21:52:04.826,17.69,20261008_215147,toy,rest,,,,,156.0,,1,,,,0,35.0,0.034,0.026,,idle,8
2026-10-08 21:52:05.033,17.9,20261008_215147,toy,rest,,,,,156.0,,1,,,,0,35.01,0.044,0.039,,idle,8
2026-10-08 21:52:05.243,18.11,20261008_215147,toy,rest,,,,,156.0,,1,,,,0,35.02,0.05,0.047,,idle,8
2026-10-08 21:52:05.447,18.31,20261008_215147,toy,rest,,,,,156.0,,1,,,,0,35.03,0.066,0.049,,idle,8
2026-10-08 21:52:05.707,18.57,20261008_215147,toy,rest,,,,,156.0,,1,,,,0,35.03,0.066,0.046,,idle,8
2026-10-08 21:52:05.866,18.73,20261008_215147,toy,rest,,,,,156.0,379.4,1,,,,0,35.04,0.064,0.047,,idle,8
2026-10-08 21:52:06.062,18.93,20261008_215147,toy,rest,,,,,156.0,379.4,1,,,,0,35.05,0.079,0.061,,idle,8
2026-10-08 21:52:06.268,19.13,20261008_215147,toy,rest,,,,,152.7,341.5,1,,,,0,35.05,0.124,0.097,,idle,8
2026-10-08 21:52:06.473,19.34,20261008_215147,toy,rest,,,,,152.7,341.5,1,,,,0,35.06,0.17,0.175,,idle,8
2026-10-08 21:52:06.683,19.55,20261008_215147,toy,rest,,,,,152.7,341.5,1,,,,0,35.06,0.188,0.171,,idle,8
2026-10-08 21:52:06.892,19.76,20261008_215147,toy,rest,,,,,152.7,341.5,1,,,,0,35.07,0.173,0.156,,idle,9
2026-10-08 21:52:07.093,19.96,20261008_215147,toy,rest,,,,,152.7,341.5,1,,,,0,35.07,0.159,0.142,,idle,8
2026-10-08 21:52:07.298,20.16,20261008_215147,toy,rest,,,,,152.7,341.5,1,,,,0,35.06,0.145,0.129,,idle,8
2026-10-08 21:52:07.504,20.37,20261008_215147,toy,rest,,,,,152.7,341.5,1,,,,0,35.06,0.132,0.117,,idle,8
2026-10-08 21:52:07.713,20.58,20261008_215147,toy,rest,,,,,152.7,341.5,1,,,,0,35.07,0.121,0.106,,idle,8
2026-10-08 21:52:07.922,20.79,20261008_215147,toy,rest,,,,,152.7,341.5,1,,,,0,35.08,0.122,0.107,,idle,8
2026-10-08 21:52:08.129,21.0,20261008_215147,toy,baseline,,,,,152.7,341.5,1,,,,0,35.08,0.287,0.152,,baseline,8
2026-10-08 21:52:08.338,21.2,20261008_215147,toy,baseline,,,,,152.7,341.5,1,,,,0,35.09,0.336,0.195,,baseline,8
2026-10-08 21:52:08.554,21.42,20261008_215147,toy,baseline,,,,,152.7,341.5,1,,,,0,35.09,0.323,0.204,,baseline,8
2026-10-08 21:52:08.755,21.62,20261008_215147,toy,baseline,,,,,152.7,341.5,1,,,,0,35.1,0.299,0.189,,baseline,8
2026-10-08 21:52:08.954,21.82,20261008_215147,toy,baseline,,,,,151.0,341.5,1,,,,0,35.1,0.277,0.173,,baseline,8
2026-10-08 21:52:09.156,22.02,20261008_215147,toy,baseline,,,,,151.0,341.5,1,,,,0,35.11,0.24,0.151,,baseline,8
2026-10-08 21:52:09.365,22.23,20261008_215147,toy,baseline,,,,,151.0,341.5,1,,,,0,35.12,0.255,0.141,,baseline,8
2026-10-08 21:52:09.567,22.43,20261008_215147,toy,baseline,,,,,151.0,341.5,1,,,,0,35.12,0.235,0.132,,baseline,8
2026-10-08 21:52:09.804,22.67,20261008_215147,toy,baseline,,,,,151.0,341.5,1,,,,0,35.12,0.221,0.123,,baseline,8
2026-10-08 21:52:10.000,22.87,20261008_215147,toy,baseline,,,,,151.0,341.5,1,,,,0,35.13,0.204,0.112,,baseline,8
2026-10-08 21:52:10.176,23.04,20261008_215147,toy,baseline,,,,,151.0,341.5,1,,,,0,35.13,0.227,0.114,,baseline,8
2026-10-08 21:52:10.387,23.25,20261008_215147,toy,baseline,,,,,151.0,341.5,1,,,,0,35.13,0.251,0.112,,baseline,8
2026-10-08 21:52:10.592,23.46,20261008_215147,toy,baseline,,,,,151.0,341.5,1,,,,0,35.13,0.269,0.116,,baseline,8
2026-10-08 21:52:11.046,23.91,20261008_215147,toy,baseline,,,,,151.0,341.5,1,,,,0,35.14,0.258,0.11,,baseline,8
2026-10-08 21:52:11.048,23.91,20261008_215147,toy,baseline,,,,,151.0,341.5,1,,,,0,35.14,0.239,0.106,,baseline,8
2026-10-08 21:52:11.213,24.08,20261008_215147,toy,baseline,,,,,151.0,341.5,1,,,,0,35.14,0.218,0.099,,baseline,8
2026-10-08 21:52:11.416,24.28,20261008_215147,toy,baseline,,,,,151.0,341.5,1,,,,0,35.15,0.2,0.092,,baseline,8
2026-10-08 21:52:11.636,24.5,20261008_215147,toy,baseline,,,,,151.0,341.5,1,,,,0,35.15,0.184,0.085,,baseline,8
2026-10-08 21:52:11.852,24.72,20261008_215147,toy,baseline,,,,,,,1,,,,0,35.15,0.168,0.082,,baseline,8
2026-10-08 21:52:12.031,24.9,20261008_215147,toy,baseline,,,,,,,1,,,,0,35.17,0.279,0.13,,baseline,8
2026-10-08 21:52:12.240,25.11,20261008_215147,toy,baseline,,,,,,,1,,,,0,35.17,0.275,0.139,,baseline,8
2026-10-08 21:52:14.259,27.13,20261008_215147,toy,baseline,,,,,81.6,,1,,,,0,35.21,0.187,0.083,,baseline,8
2026-10-08 21:52:14.457,27.32,20261008_215147,toy,baseline,,,,,81.6,,1,,,,0,35.21,0.212,0.097,,baseline,8
2026-10-08 21:52:14.671,27.54,20261008_215147,toy,baseline,,,,,81.6,,1,,,,0,35.22,0.198,0.093,,baseline,8
2026-10-08 21:52:14.871,27.74,20261008_215147,toy,baseline,,,,,81.6,,1,,,,0,35.24,0.242,0.117,,baseline,8
2026-10-08 21:52:15.081,27.95,20261008_215147,toy,baseline,,,,,81.6,,1,,,,0,35.24,0.236,0.125,,baseline,8
2026-10-08 21:52:15.286,28.15,20261008_215147,toy,baseline,,,,,81.6,,1,,,,0,35.25,0.235,0.127,,baseline,8
2026-10-08 21:52:15.492,28.36,20261008_215147,toy,baseline,,,,,81.6,,1,,,,0,35.26,0.213,0.115,,baseline,9
2026-10-08 21:52:15.742,28.61,20261008_215147,toy,baseline,,,,,81.6,,1,,,,0,35.27,0.193,0.105,,baseline,8
2026-10-08 21:52:15.898,28.76,20261008_215147,toy,baseline,,,,,81.6,,1,,,,0,35.27,0.176,0.095,,baseline,8
2026-10-08 21:52:16.116,28.98,20261008_215147,toy,baseline,,,,,81.6,,1,,,,0,35.28,0.16,0.086,,baseline,8
2026-10-08 21:52:16.314,29.18,20261008_215147,toy,baseline,,,,,81.6,,1,,,,0,35.29,0.147,0.079,,baseline,8
2026-10-08 21:52:16.518,29.38,20261008_215147,toy,baseline,,,,,81.6,,1,,,,0,35.3,0.135,0.073,,baseline,8
2026-10-08 21:52:16.723,29.59,20261008_215147,toy,baseline,,,,,81.6,,1,,,,0,35.31,0.124,0.066,,baseline,8
2026-10-08 21:52:16.929,29.8,20261008_215147,toy,baseline,,,,,81.6,,1,,,,0,35.31,0.114,0.061,,baseline,8
2026-10-08 21:52:17.135,30.0,20261008_215147,toy,baseline,,,,,81.6,,1,,,,0,35.32,0.107,0.059,,baseline,8
2026-10-08 21:52:17.339,30.2,20261008_215147,toy,baseline,,,,,81.6,,1,,,,0,35.32,0.099,0.064,,baseline,8
2026-10-08 21:52:17.553,30.42,20261008_215147,toy,baseline,,,,,81.6,,1,,,,0,35.33,0.093,0.06,,baseline,8
2026-10-08 21:52:17.753,30.62,20261008_215147,toy,baseline,,,,,81.6,,1,,,,0,35.31,0.087,0.065,,baseline,8
2026-10-08 21:52:17.957,30.82,20261008_215147,toy,baseline,,,,,81.6,,1,,,,0,35.31,0.082,0.066,,baseline,8
2026-10-08 21:52:18.163,31.03,20261008_215147,toy,baseline,,,,,81.6,,1,,,,0,35.32,0.078,0.061,,baseline,8
2026-10-08 21:52:18.370,31.24,20261008_215147,toy,baseline,,,,,81.6,,1,,,,0,35.33,0.083,0.079,,baseline,8
2026-10-08 21:52:18.578,31.44,20261008_215147,toy,baseline,,,,,81.6,,1,,,,0,35.34,0.086,0.079,,baseline,8
2026-10-08 21:52:18.789,31.66,20261008_215147,toy,baseline,,,,,81.6,,1,,,,0,35.35,0.074,0.067,,baseline,8
2026-10-08 21:52:18.995,31.86,20261008_215147,toy,baseline,,,,,81.6,,1,,,,0,35.36,0.068,0.061,,baseline,8
2026-10-08 21:52:19.223,32.09,20261008_215147,toy,baseline,,,,,81.6,,1,,,,0,35.37,0.062,0.055,,baseline,8
2026-10-08 21:52:19.407,32.27,20261008_215147,toy,baseline,,,,,81.6,,1,,,,0,35.37,0.056,0.05,,baseline,8
2026-10-08 21:52:19.639,32.51,20261008_215147,toy,baseline,,,,,81.6,,1,,,,0,35.38,0.053,0.045,,baseline,8
2026-10-08 21:52:19.837,32.7,20261008_215147,toy,baseline,,,,,81.6,,1,,,,0,35.38,0.048,0.041,,baseline,8
2026-10-08 21:52:20.025,32.89,20261008_215147,toy,baseline,,,,,81.6,,1,,,,0,35.39,0.043,0.037,,baseline,8
2026-10-08 21:52:20.228,33.09,20261008_215147,toy,baseline,,,,,81.6,,1,,,,0,35.39,0.04,0.034,,baseline,8
2026-10-08 21:52:20.432,33.3,20261008_215147,toy,baseline,,,,,81.6,,1,,,,0,35.39,0.037,0.031,,baseline,8
2026-10-08 21:52:20.637,33.5,20261008_215147,toy,baseline,,,,,81.6,,1,,,,0,35.4,0.035,0.028,,baseline,8
2026-10-08 21:52:20.842,33.71,20261008_215147,toy,baseline,,,,,81.6,,1,,,,0,35.4,0.032,0.025,,baseline,8
2026-10-08 21:52:21.049,33.92,20261008_215147,toy,baseline,,,,,81.6,,1,,,,0,35.41,0.03,0.023,,baseline,8
2026-10-08 21:52:21.247,34.11,20261008_215147,toy,baseline,,,,,81.6,,1,,,,0,35.41,0.028,0.021,,baseline,8
2026-10-08 21:52:21.452,34.32,20261008_215147,toy,baseline,,,,,85.8,,1,,,,0,35.42,0.026,0.019,,baseline,8
2026-10-08 21:52:21.657,34.52,20261008_215147,toy,baseline,,,,,85.8,,1,,,,0,35.42,0.024,0.018,,baseline,8
2026-10-08 21:52:21.863,34.73,20261008_215147,toy,baseline,,,,,85.8,,1,,,,0,35.43,0.023,0.016,,baseline,8
2026-10-08 21:52:22.099,34.97,20261008_215147,toy,baseline,,,,,90.4,,1,,,,0,35.43,0.022,0.015,,baseline,8
2026-10-08 21:52:22.272,35.14,20261008_215147,toy,baseline,,,,,90.4,,1,,,,0,35.44,0.021,0.014,,baseline,8
2026-10-08 21:52:24.312,37.18,20261008_215147,toy,baseline,,,,,92.3,84.5,1,,,,0,35.46,0.017,0.007,,baseline,9
2026-10-08 21:52:24.509,37.38,20261008_215147,toy,baseline,,,,,92.3,84.5,1,,,,0,35.46,0.018,0.007,,baseline,9
2026-10-08 21:52:24.699,37.56,20261008_215147,toy,baseline,,,,,92.3,84.5,1,,,,0,35.46,0.02,0.011,,baseline,9
2026-10-08 21:52:24.899,37.76,20261008_215147,toy,baseline,,,,,94.8,86.0,1,,,,0,35.46,0.021,0.015,,baseline,9
2026-10-08 21:52:25.103,37.97,20261008_215147,toy,baseline,,,,,94.8,86.0,1,,,,0,35.46,0.021,0.015,,baseline,8
2026-10-08 21:52:25.312,38.18,20261008_215147,toy,baseline,,,,,94.8,86.0,1,,,,0,35.46,0.02,0.014,,baseline,9
2026-10-08 21:52:25.518,38.38,20261008_215147,toy,baseline,,,,,94.8,86.0,1,,,,0,35.46,0.019,0.012,,baseline,8
2026-10-08 21:52:25.726,38.59,20261008_215147,toy,baseline,,,,,94.8,86.0,1,,,,0,35.47,0.018,0.012,,baseline,8
2026-10-08 21:52:25.931,38.8,20261008_215147,toy,baseline,,,,,94.8,86.0,1,,,,0,35.47,0.018,0.011,,baseline,8
2026-10-08 21:52:26.138,39.0,20261008_215147,toy,baseline,,,,,93.7,86.0,1,,,,0,35.47,0.017,0.01,,baseline,8
2026-10-08 21:52:26.349,39.22,20261008_215147,toy,baseline,,,,,93.7,86.0,1,,,,0,35.47,0.016,0.009,,baseline,8
2026-10-08 21:52:26.551,39.42,20261008_215147,toy,baseline,,,,,93.7,86.0,1,,,,0,35.47,0.015,0.008,,baseline,8
2026-10-08 21:52:26.758,39.62,20261008_215147,toy,baseline,,,,,93.7,79.7,1,,,,0,35.47,0.015,0.007,,baseline,8
2026-10-08 21:52:26.963,39.83,20261008_215147,toy,baseline,,,,,93.7,79.7,1,,,,0,35.47,0.014,0.007,,baseline,8
2026-10-08 21:52:27.168,40.03,20261008_215147,toy,baseline,,,,,93.7,79.7,1,,,,0,35.48,0.014,0.007,,baseline,8
2026-10-08 21:52:27.379,40.25,20261008_215147,toy,baseline,,,,,93.7,74.6,1,,,,0,35.48,0.015,0.007,,baseline,8
2026-10-08 21:52:27.582,40.45,20261008_215147,toy,baseline,,,,,93.7,74.6,1,,,,0,35.49,0.015,0.006,,baseline,8
2026-10-08 21:52:27.788,40.65,20261008_215147,toy,baseline,,,,,93.7,74.6,1,,,,0,35.49,0.014,0.006,,baseline,8
2026-10-08 21:52:27.999,40.86,20261008_215147,toy,baseline,,,,,93.7,50.4,1,,,,0,35.49,0.016,0.006,,baseline,8
2026-10-08 21:52:28.206,41.07,20261008_215147,toy,baseline,,,,,93.7,50.4,1,,,,0,35.5,0.015,0.006,,baseline,8
2026-10-08 21:52:28.410,41.28,20261008_215147,toy,baseline,,,,,93.7,50.4,1,,,,0,35.5,0.014,0.006,,baseline,8
2026-10-08 21:52:28.621,41.49,20261008_215147,toy,baseline,,,,,93.2,40.8,1,,,,0,35.5,0.012,0.005,,baseline,8
2026-10-08 21:52:28.824,41.69,20261008_215147,toy,baseline,,,,,93.2,40.8,1,,,,0,35.5,0.014,0.005,,baseline,8
2026-10-08 21:52:29.039,41.9,20261008_215147,toy,baseline,,,,,93.2,40.8,1,,,,0,35.5,0.014,0.005,,baseline,8
2026-10-08 21:52:29.233,42.1,20261008_215147,toy,baseline,,,,,93.2,38.8,1,,,,0,35.5,0.015,0.006,,baseline,8
2026-10-08 21:52:29.446,42.31,20261008_215147,toy,baseline,,,,,93.2,38.8,1,,,,0,35.5,0.015,0.006,,baseline,8
2026-10-08 21:52:29.677,42.54,20261008_215147,toy,baseline,,,,,93.2,38.8,1,,,,0,35.52,0.015,0.006,,baseline,8
2026-10-08 21:52:29.850,42.72,20261008_215147,toy,baseline,,,,,93.6,35.7,1,,,,0,35.52,0.014,0.005,,baseline,8
2026-10-08 21:52:30.068,42.93,20261008_215147,toy,baseline,,,,,93.6,35.7,1,,,,0,35.52,0.014,0.005,,baseline,8
2026-10-08 21:52:30.261,43.13,20261008_215147,toy,baseline,,,,,93.6,35.7,1,,,,0,35.53,0.014,0.005,,baseline,8
2026-10-08 21:52:30.465,43.33,20261008_215147,toy,baseline,,,,,93.2,35.3,1,,,,0,35.53,0.013,0.004,,baseline,8
2026-10-08 21:52:30.658,43.52,20261008_215147,toy,baseline,,,,,93.2,35.3,1,,,,0,35.53,0.013,0.004,,baseline,8
2026-10-08 21:52:30.862,43.73,20261008_215147,toy,baseline,,,,,93.2,35.3,1,,,,0,35.53,0.015,0.004,,baseline,8
2026-10-08 21:52:31.068,43.93,20261008_215147,toy,baseline,,,,,93.2,35.3,1,,,,0,35.54,0.015,0.007,,baseline,8
2026-10-08 21:52:31.306,44.17,20261008_215147,toy,baseline,,,,,93.2,35.3,1,,,,0,35.55,0.018,0.012,,baseline,8
2026-10-08 21:52:31.479,44.35,20261008_215147,toy,baseline,,,,,93.2,35.3,1,,,,0,35.55,0.024,0.018,,baseline,8
2026-10-08 21:52:31.694,44.56,20261008_215147,toy,baseline,,,,,93.2,35.3,1,,,,0,35.56,0.03,0.018,,baseline,8
2026-10-08 21:52:31.888,44.75,20261008_215147,toy,baseline,,,,,93.2,35.3,1,,,,0,35.56,0.049,0.023,,baseline,8
2026-10-08 21:52:32.102,44.97,20261008_215147,toy,baseline,,,,,93.2,35.3,1,,,,0,35.57,0.062,0.043,,baseline,8
2026-10-08 21:52:32.303,45.17,20261008_215147,toy,baseline,,,,,93.2,35.3,1,,,,0,35.58,0.068,0.044,,baseline,8
2026-10-08 21:52:32.514,45.38,20261008_215147,toy,baseline,,,,,93.2,35.3,1,,,,0,35.59,0.066,0.04,,baseline,8
2026-10-08 21:52:32.732,45.6,20261008_215147,toy,baseline,,,,,93.2,35.3,1,,,,0,35.59,0.066,0.04,,baseline,8
2026-10-08 21:52:32.922,45.79,20261008_215147,toy,baseline,,,,,93.2,35.3,1,,,,0,35.59,0.061,0.036,,baseline,8
2026-10-08 21:52:33.162,46.03,20261008_215147,toy,baseline,,,,,91.3,37.0,1,,,,0,35.61,0.069,0.035,,baseline,8
2026-10-08 21:52:33.332,46.2,20261008_215147,toy,baseline,,,,,91.3,37.0,1,,,,0,35.61,0.077,0.036,,baseline,8
2026-10-08 21:52:33.559,46.43,20261008_215147,toy,baseline,,,,,91.3,37.0,1,,,,0,35.62,0.075,0.034,,baseline,8
2026-10-08 21:52:33.768,46.63,20261008_215147,toy,baseline,,,,,91.3,37.0,1,,,,0,35.63,0.07,0.032,,baseline,8
2026-10-08 21:52:33.948,46.81,20261008_215147,toy,baseline,,,,,91.3,37.0,1,,,,0,35.63,0.065,0.034,,baseline,8
2026-10-08 21:52:34.153,47.02,20261008_215147,toy,baseline,,,,,93.6,37.0,1,,,,0,35.64,0.062,0.035,,baseline,8
2026-10-08 21:52:34.361,47.23,20261008_215147,toy,baseline,,,,,93.6,37.0,1,,,,0,35.65,0.058,0.034,,baseline,8
2026-10-08 21:52:34.563,47.43,20261008_215147,toy,baseline,,,,,93.6,37.0,1,,,,0,35.65,0.054,0.031,,baseline,8
2026-10-08 21:52:34.769,47.64,20261008_215147,toy,baseline,,,,,93.6,37.0,1,,,,0,35.66,0.049,0.03,,baseline,8
2026-10-08 21:52:34.976,47.84,20261008_215147,toy,baseline,,,,,93.6,37.0,1,,,,0,35.67,0.047,0.027,,baseline,8
2026-10-08 21:52:35.183,48.05,20261008_215147,toy,baseline,,,,,93.6,37.0,1,,,,0,35.67,0.044,0.025,,baseline,8
2026-10-08 21:52:35.389,48.26,20261008_215147,toy,baseline,,,,,95.9,17.8,1,,,,0,35.66,0.04,0.023,,baseline,8
2026-10-08 21:52:35.597,48.46,20261008_215147,toy,baseline,,,,,95.9,17.8,1,,,,0,35.66,0.037,0.021,,baseline,8
2026-10-08 21:52:35.802,48.67,20261008_215147,toy,baseline,,,,,95.9,17.8,1,,,,0,35.67,0.034,0.019,,baseline,8
2026-10-08 21:52:36.022,48.89,20261008_215147,toy,baseline,,,,,95.9,17.8,1,,,,0,35.67,0.032,0.018,,baseline,8
2026-10-08 21:52:36.220,49.09,20261008_215147,toy,baseline,,,,,95.1,17.8,1,,,,0,35.68,0.031,0.016,,baseline,8
2026-10-08 21:52:36.430,49.3,20261008_215147,toy,baseline,,,,,95.1,17.8,1,,,,0,35.69,0.067,0.018,,baseline,8
2026-10-08 21:52:36.631,49.5,20261008_215147,toy,baseline,,,,,95.1,17.8,1,,,,0,35.69,0.095,0.064,,baseline,8
2026-10-08 21:52:36.842,49.71,20261008_215147,toy,baseline,,,,,95.1,20.3,1,,,,0,35.7,0.102,0.085,,baseline,8
2026-10-08 21:52:37.138,50.0,20261008_215147,toy,baseline,,,,,95.1,20.3,1,,,,0,35.7,0.143,0.124,,baseline,8
2026-10-08 21:52:37.248,50.11,20261008_215147,toy,baseline,,,,,95.1,20.3,1,,,,0,35.71,0.145,0.128,,baseline,8
2026-10-08 21:52:37.453,50.32,20261008_215147,toy,baseline,,,,,95.1,20.3,1,,,,0,35.71,0.136,0.117,,baseline,8
2026-10-08 21:52:37.657,50.52,20261008_215147,toy,baseline,,,,,95.1,20.3,1,,,,0,35.72,0.129,0.116,,baseline,8
2026-10-08 21:52:37.859,50.72,20261008_215147,toy,rest,,,,,95.1,20.3,1,,,,0,35.72,0.118,0.106,23,ready,8
2026-10-08 21:52:38.063,50.93,20261008_215147,toy,rest,,,,,95.1,20.3,1,,,,0,35.73,0.111,0.098,23,ready,8
2026-10-08 21:52:38.268,51.13,20261008_215147,toy,rest,,,,,95.1,20.3,1,,,,0,35.73,0.104,0.09,23,ready,8
2026-10-08 21:52:38.476,51.34,20261008_215147,toy,rest,,,,,99.1,21.6,1,,,,0,35.74,0.095,0.083,23,ready,8
2026-10-08 21:52:38.681,51.55,20261008_215147,toy,rest,,,,,99.1,21.6,1,,,,0,35.74,0.086,0.075,23,ready,8
2026-10-08 21:52:38.888,51.75,20261008_215147,toy,rest,,,,,99.1,21.6,1,,,,0,35.74,0.079,0.068,23,ready,8
2026-10-08 21:52:39.100,51.97,20261008_215147,toy,rest,,,,,99.1,21.6,1,,,,0,35.75,0.076,0.063,23,ready,8
2026-10-08 21:52:39.302,52.17,20261008_215147,toy,rest,,,,,99.1,21.6,1,,,,0,35.75,0.07,0.058,23,ready,8
2026-10-08 21:52:39.518,52.38,20261008_215147,toy,rest,,,,,99.1,21.6,1,,,,0,35.76,0.067,0.053,23,ready,8
2026-10-08 21:52:40.046,52.91,20261008_215147,toy,rest,,,,,99.1,21.6,1,,,,0,35.76,0.076,0.052,23,ready,8
2026-10-08 21:52:40.046,52.91,20261008_215147,toy,rest,,,,,99.1,21.6,1,,,,0,35.76,0.086,0.051,23,ready,8
2026-10-08 21:52:40.127,52.99,20261008_215147,toy,rest,,,,,99.1,21.6,1,,,,0,35.77,0.084,0.055,23,ready,9
2026-10-08 21:52:40.333,53.2,20261008_215147,toy,rest,,,,,99.1,21.6,1,,,,0,35.75,0.083,0.061,23,ready,9
2026-10-08 21:52:40.541,53.41,20261008_215147,toy,rest,,,,,99.1,21.6,1,,,,0,35.76,0.077,0.058,23,ready,9
2026-10-08 21:52:40.752,53.62,20261008_215147,toy,rest,,,,,99.1,21.6,1,,,,0,35.76,0.07,0.054,23,ready,9
2026-10-08 21:52:40.954,53.82,20261008_215147,toy,rest,,,,,99.1,21.6,1,,,,0,35.75,0.065,0.049,23,ready,9
2026-10-08 21:52:41.151,54.02,20261008_215147,toy,rest,,,,,95.1,23.3,1,,,,0,35.75,0.062,0.047,23,ready,8
2026-10-08 21:52:41.358,54.22,20261008_215147,toy,rest,,,,,95.1,23.3,1,,,,0,35.76,0.058,0.044,22,ready,8
2026-10-08 21:52:41.567,54.43,20261008_215147,toy,rest,,,,,95.1,23.3,1,,,,0,35.76,0.054,0.04,22,ready,8
2026-10-08 21:52:41.786,54.65,20261008_215147,toy,rest,,,,,95.1,123.1,1,,,,0,35.77,0.051,0.037,22,ready,8
2026-10-08 21:52:41.982,54.85,20261008_215147,toy,rest,,,,,95.1,123.1,1,,,,0,35.78,0.046,0.034,22,ready,8
2026-10-08 21:52:42.187,55.05,20261008_215147,toy,rest,,,,,95.1,123.1,1,,,,0,35.78,0.042,0.031,21,ready,8
2026-10-08 21:52:42.395,55.26,20261008_215147,toy,rest,,,,,95.1,123.1,1,,,,0,35.79,0.039,0.028,21,ready,8
2026-10-08 21:52:42.596,55.46,20261008_215147,toy,rest,,,,,95.1,123.1,1,,,,0,35.79,0.036,0.025,21,ready,8
2026-10-08 21:52:42.804,55.67,20261008_215147,toy,rest,,,,,95.5,137.4,1,,,,0,35.79,0.033,0.023,21,ready,8
2026-10-08 21:52:43.008,55.87,20261008_215147,toy,rest,,,,,95.5,137.4,1,,,,0,35.8,0.032,0.022,21,ready,8
2026-10-08 21:52:43.214,56.08,20261008_215147,toy,rest,,,,,95.5,137.4,1,,,,0,35.8,0.03,0.021,20,ready,8
2026-10-08 21:52:43.423,56.29,20261008_215147,toy,rest,,,,,95.5,137.9,1,,,,0,35.8,0.028,0.019,20,ready,8
2026-10-08 21:52:43.633,56.5,20261008_215147,toy,rest,,,,,95.5,137.9,1,,,,0,35.8,0.025,0.016,20,ready,8
2026-10-08 21:52:43.840,56.71,20261008_215147,toy,rest,,,,,95.5,137.9,1,,,,0,35.81,0.023,0.014,20,ready,8
2026-10-08 21:52:44.046,56.91,20261008_215147,toy,rest,,,,,95.5,137.9,1,,,,0,35.81,0.022,0.014,20,ready,8
2026-10-08 21:52:44.261,57.13,20261008_215147,toy,rest,,,,,95.5,137.9,1,,,,0,35.81,0.022,0.014,20,ready,8
2026-10-08 21:52:46.394,59.26,20261008_215147,toy,rest,,,,,96.3,104.3,1,,,,0,35.82,0.043,0.023,20,ready,8
2026-10-08 21:52:46.593,59.46,20261008_215147,toy,rest,,,,,96.3,97.7,1,,,,0,35.82,0.042,0.022,20,ready,8
2026-10-08 21:52:46.799,59.67,20261008_215147,toy,rest,,,,,96.3,97.7,1,,,,0,35.83,0.038,0.02,20,ready,8
2026-10-08 21:52:47.001,59.87,20261008_215147,toy,rest,,,,,96.3,97.7,1,,,,0,35.84,0.035,0.018,20,ready,8
2026-10-08 21:52:47.207,60.07,20261008_215147,toy,rest,,,,,96.3,97.8,1,,,,0,35.84,0.032,0.017,20,ready,8
2026-10-08 21:52:47.412,60.28,20261008_215147,toy,rest,,,,,96.3,97.8,1,,,,0,35.85,0.029,0.015,20,ready,8
2026-10-08 21:52:47.618,60.48,20261008_215147,toy,rest,,,,,96.3,97.8,1,,,,0,35.85,0.028,0.014,20,ready,8
2026-10-08 21:52:47.822,60.69,20261008_215147,toy,rest,,,,,96.8,92.2,1,,,,0,35.85,0.025,0.013,20,ready,8
2026-10-08 21:52:48.027,60.89,20261008_215147,toy,rest,,,,,96.8,92.2,1,,,,0,35.86,0.023,0.012,20,ready,8
2026-10-08 21:52:48.235,61.1,20261008_215147,toy,rest,,,,,96.8,92.2,1,,,,0,35.86,0.022,0.011,20,ready,8
2026-10-08 21:52:48.440,61.31,20261008_215147,toy,rest,,,,,96.8,92.2,1,,,,0,35.87,0.021,0.011,20,ready,8
2026-10-08 21:52:48.654,61.52,20261008_215147,toy,rest,,,,,96.8,92.2,1,,,,0,35.87,0.02,0.01,20,ready,8
2026-10-08 21:52:48.857,61.72,20261008_215147,toy,rest,,,,,96.0,92.2,1,,,,0,35.88,0.019,0.009,20,ready,8
2026-10-08 21:52:49.065,61.93,20261008_215147,toy,rest,,,,,96.0,92.2,1,,,,0,35.88,0.017,0.008,20,ready,8
2026-10-08 21:52:49.266,62.13,20261008_215147,toy,rest,,,,,96.0,20.5,1,,,,0,35.88,0.016,0.008,20,ready,8
2026-10-08 21:52:49.477,62.34,20261008_215147,toy,rest,,,,,96.0,20.5,1,,,,0,35.9,0.017,0.007,20,ready,8
2026-10-08 21:52:49.682,62.55,20261008_215147,toy,recovery,1,600,manual,lie,96.0,20.5,1,,,,0,35.9,0.019,0.009,20,ready,8
2026-10-08 21:52:49.887,62.75,20261008_215147,toy,question,1,600,manual,lie,96.2,20.6,1,,,,0,35.91,0.022,0.009,20,question,8
2026-10-08 21:52:50.101,62.97,20261008_215147,toy,question,1,600,manual,lie,96.2,20.6,1,,,,0,35.89,0.022,0.008,20,question,8
2026-10-08 21:52:50.312,63.18,20261008_215147,toy,question,1,600,manual,lie,96.2,20.6,1,,,,0,35.87,0.02,0.008,20,question,8
2026-10-08 21:52:50.513,63.38,20261008_215147,toy,question,1,600,manual,lie,96.2,20.6,1,,,,0,35.86,0.019,0.007,20,question,8
2026-10-08 21:52:50.728,63.59,20261008_215147,toy,question,1,600,manual,lie,96.0,19.9,1,,,,0,35.87,0.017,0.007,20,question,8
2026-10-08 21:52:50.922,63.79,20261008_215147,toy,question,1,600,manual,lie,96.0,19.9,1,,,,0,35.88,0.016,0.007,20,question,8
2026-10-08 21:52:51.130,64.0,20261008_215147,toy,question,1,600,manual,lie,96.0,19.9,1,,,,0,35.9,0.016,0.006,20,question,8
2026-10-08 21:52:51.336,64.2,20261008_215147,toy,question,1,600,manual,lie,96.0,17.4,1,,,,0,35.91,0.017,0.007,20,question,8
2026-10-08 21:52:51.544,64.41,20261008_215147,toy,question,1,600,manual,lie,96.0,17.4,1,,,,0,35.92,0.025,0.011,20,question,8
2026-10-08 21:52:51.746,64.61,20261008_215147,toy,question,1,600,manual,lie,96.0,17.4,1,,,,0,35.93,0.031,0.023,20,question,8
2026-10-08 21:52:51.956,64.82,20261008_215147,toy,question,1,600,manual,lie,93.0,21.1,1,,,,0,35.94,0.043,0.03,20,question,8
2026-10-08 21:52:52.160,65.03,20261008_215147,toy,question,1,600,manual,lie,93.0,21.1,1,,,,0,35.95,0.049,0.034,20,question,8
2026-10-08 21:52:52.393,65.26,20261008_215147,toy,question,1,600,manual,lie,93.0,21.1,1,,,,0,35.96,0.046,0.031,20,question,8
2026-10-08 21:52:52.574,65.44,20261008_215147,toy,question,1,600,manual,lie,96.1,60.8,1,,,,0,35.97,0.043,0.028,20,question,8
2026-10-08 21:52:52.778,65.64,20261008_215147,toy,question,1,600,manual,lie,96.1,60.8,1,,,,0,35.98,0.039,0.025,20,question,8
2026-10-08 21:52:52.986,65.85,20261008_215147,toy,question,1,600,manual,lie,96.1,60.8,1,,,,0,35.98,0.036,0.023,20,question,8
2026-10-08 21:52:53.196,66.06,20261008_215147,toy,question,1,600,manual,lie,96.1,60.8,1,,,,0,35.99,0.034,0.021,20,question,8
2026-10-08 21:52:53.403,66.27,20261008_215147,toy,question,1,600,manual,lie,96.1,60.8,1,,,,0,36.0,0.031,0.019,20,question,8
2026-10-08 21:52:53.609,66.48,20261008_215147,toy,question,1,600,manual,lie,96.1,60.8,1,,,,0,36.01,0.028,0.017,20,question,8
2026-10-08 21:52:53.816,66.68,20261008_215147,toy,question,1,600,manual,lie,96.1,60.8,1,,,,0,36.01,0.026,0.016,20,question,8
2026-10-08 21:52:54.024,66.89,20261008_215147,toy,question,1,600,manual,lie,93.7,64.0,1,,,,0,36.02,0.026,0.015,20,question,8
2026-10-08 21:52:54.239,67.11,20261008_215147,toy,question,1,600,manual,lie,93.7,64.0,1,,,,0,36.02,0.027,0.017,20,question,8
2026-10-08 21:52:54.437,67.3,20261008_215147,toy,question,1,600,manual,lie,93.7,64.0,1,,,,0,36.03,0.026,0.016,20,question,8
2026-10-08 21:52:54.647,67.51,20261008_215147,toy,question,1,600,manual,lie,95.1,63.9,1,,,,0,36.03,0.024,0.015,20,question,8
2026-10-08 21:52:54.858,67.72,20261008_215147,toy,question,1,600,manual,lie,95.1,63.9,1,,,,0,36.02,0.023,0.012,20,question,8
2026-10-08 21:52:55.061,67.93,20261008_215147,toy,question,1,600,manual,lie,95.1,63.9,1,,,,0,36.03,0.021,0.011,20,question,8
2026-10-08 21:52:55.271,68.14,20261008_215147,toy,question,1,600,manual,lie,95.1,67.0,1,,,,0,36.03,0.02,0.01,19,question,8
2026-10-08 21:52:55.475,68.34,20261008_215147,toy,question,1,600,manual,lie,95.1,67.0,1,,,,0,36.04,0.02,0.01,19,question,8
2026-10-08 21:52:55.682,68.55,20261008_215147,toy,question,1,600,manual,lie,95.1,67.0,1,,,,0,36.05,0.019,0.009,19,question,8
2026-10-08 21:52:55.887,68.75,20261008_215147,toy,question,1,600,manual,lie,95.1,67.0,1,,,,0,36.03,0.018,0.009,19,question,8
2026-10-08 21:52:56.095,68.96,20261008_215147,toy,question,1,600,manual,lie,95.1,67.0,1,,,,0,36.03,0.024,0.01,19,question,8
2026-10-08 21:52:56.302,69.17,20261008_215147,toy,question,1,600,manual,lie,95.1,71.6,1,,,,0,36.04,0.052,0.016,20,question,8
2026-10-08 21:52:56.504,69.37,20261008_215147,toy,question,1,600,manual,lie,95.1,71.6,1,,,,0,36.05,0.059,0.019,20,question,8
2026-10-08 21:52:56.709,69.58,20261008_215147,toy,question,1,600,manual,lie,95.1,71.6,1,,,,0,36.06,0.054,0.017,20,question,8
2026-10-08 21:52:56.916,69.78,20261008_215147,toy,question,1,600,manual,lie,95.1,71.6,1,,,,0,36.07,0.049,0.016,20,question,8
2026-10-08 21:52:57.130,70.0,20261008_215147,toy,question,1,600,manual,lie,95.1,67.5,1,,,,0,36.08,0.045,0.015,20,question,8
2026-10-08 21:52:57.325,70.19,20261008_215147,toy,question,1,600,manual,lie,95.1,67.5,1,,,,0,36.08,0.042,0.013,20,question,8
2026-10-08 21:52:57.532,70.4,20261008_215147,toy,question,1,600,manual,lie,96.8,69.4,1,,,,0,36.06,0.038,0.012,20,question,8
2026-10-08 21:52:57.737,70.6,20261008_215147,toy,question,1,600,manual,lie,96.8,69.4,1,,,,0,36.07,0.035,0.011,20,question,8
2026-10-08 21:52:57.945,70.81,20261008_215147,toy,question,1,600,manual,lie,96.8,69.4,1,,,,0,36.08,0.031,0.011,20,question,8
2026-10-08 21:52:58.156,71.02,20261008_215147,toy,question,1,600,manual,lie,101.6,69.3,1,,,,0,36.09,0.029,0.01,21,question,8
2026-10-08 21:52:58.363,71.23,20261008_215147,toy,question,1,600,manual,lie,101.6,69.3,1,,,,0,36.09,0.026,0.009,21,question,8
2026-10-08 21:52:58.567,71.43,20261008_215147,toy,question,1,600,manual,lie,101.6,69.3,1,,,,0,36.1,0.024,0.008,21,question,8
2026-10-08 21:52:58.777,71.64,20261008_215147,toy,question,1,600,manual,lie,101.6,69.3,1,,,,0,36.1,0.023,0.008,22,question,8
2026-10-08 21:52:58.979,71.85,20261008_215147,toy,question,1,600,manual,lie,96.8,84.1,1,,,,0,36.12,0.021,0.007,21,question,8
2026-10-08 21:52:59.187,72.05,20261008_215147,toy,question,1,600,manual,lie,96.8,84.1,1,,,,0,36.12,0.021,0.007,21,question,8
2026-10-08 21:52:59.394,72.26,20261008_215147,toy,question,1,600,manual,lie,96.8,84.1,1,,,,0,36.12,0.019,0.006,21,question,8
2026-10-08 21:52:59.609,72.47,20261008_215147,toy,question,1,600,manual,lie,96.8,84.8,1,,,,0,36.13,0.018,0.006,21,question,8
2026-10-08 21:52:59.805,72.67,20261008_215147,toy,question,1,600,manual,lie,96.8,84.8,1,,,,0,36.13,0.018,0.005,21,question,8
2026-10-08 21:53:00.015,72.88,20261008_215147,toy,question,1,600,manual,lie,96.8,84.8,1,,,,0,36.14,0.017,0.007,20,question,8
2026-10-08 21:53:00.217,73.08,20261008_215147,toy,question,1,600,manual,lie,101.6,96.8,1,,,,0,36.14,0.026,0.013,21,question,8
2026-10-08 21:53:00.427,73.29,20261008_215147,toy,question,1,600,manual,lie,101.6,96.8,1,,,,0,36.15,0.031,0.015,21,question,8
2026-10-08 21:53:00.629,73.5,20261008_215147,toy,question,1,600,manual,lie,101.6,96.8,1,,,,0,36.15,0.032,0.015,21,question,8
2026-10-08 21:53:00.885,73.75,20261008_215147,toy,question,1,600,manual,lie,101.6,96.8,1,,,,0,36.15,0.032,0.015,22,question,8
2026-10-08 21:53:01.041,73.91,20261008_215147,toy,question,1,600,manual,lie,86.8,90.1,1,,,,0,36.16,0.031,0.015,21,question,9
2026-10-08 21:53:01.247,74.11,20261008_215147,toy,question,1,600,manual,lie,86.8,90.1,1,,,,0,36.16,0.03,0.016,20,question,8
2026-10-08 21:53:01.514,74.38,20261008_215147,toy,question,1,600,manual,lie,86.8,86.6,1,,,,0,36.17,0.028,0.016,19,question,8
2026-10-08 21:53:01.663,74.53,20261008_215147,toy,recovery,1,600,manual,lie,86.8,86.6,1,,,,0,36.17,0.025,0.016,18,ready,8
2026-10-08 21:53:01.862,74.73,20261008_215147,toy,recovery,1,600,manual,lie,86.8,86.6,1,,,,0,36.17,0.025,0.016,18,ready,8
2026-10-08 21:53:02.068,74.93,20261008_215147,toy,recovery,1,600,manual,lie,86.8,86.6,1,,,,0,36.17,0.024,0.015,18,ready,8
2026-10-08 21:53:02.274,75.14,20261008_215147,toy,recovery,1,600,manual,lie,91.8,89.9,1,,,,0,36.18,0.022,0.013,18,ready,8
2026-10-08 21:53:02.484,75.35,20261008_215147,toy,recovery,1,600,manual,lie,91.8,89.9,1,,,,0,36.18,0.021,0.014,18,ready,8
2026-10-08 21:53:02.684,75.55,20261008_215147,toy,recovery,1,600,manual,lie,91.8,89.9,1,,,,0,36.18,0.02,0.013,18,ready,9
2026-10-08 21:53:02.884,75.75,20261008_215147,toy,recovery,1,600,manual,lie,91.8,89.9,1,,,,0,36.18,0.018,0.013,18,ready,9
2026-10-08 21:53:03.084,75.95,20261008_215147,toy,recovery,1,600,manual,lie,103.4,89.9,1,,,,0,36.19,0.016,0.011,20,ready,8
2026-10-08 21:53:03.290,76.16,20261008_215147,toy,recovery,1,600,manual,lie,103.4,89.9,1,,,,0,36.19,0.016,0.01,20,ready,8
2026-10-08 21:53:03.494,76.36,20261008_215147,toy,recovery,1,600,manual,lie,103.4,89.9,1,,,,0,36.19,0.015,0.01,21,ready,8
2026-10-08 21:53:03.700,76.57,20261008_215147,toy,recovery,1,600,manual,lie,103.4,89.9,1,,,,0,36.19,0.014,0.009,21,ready,8
2026-10-08 21:53:03.904,76.77,20261008_215147,toy,recovery,1,600,manual,lie,95.3,89.9,1,,,,0,36.19,0.013,0.008,21,ready,8
2026-10-08 21:53:04.104,76.97,20261008_215147,toy,recovery,1,600,manual,lie,95.3,89.9,1,,,,0,36.18,0.013,0.008,21,ready,8
2026-10-08 21:53:04.309,77.18,20261008_215147,toy,recovery,1,600,manual,lie,95.3,89.9,1,,,,0,36.19,0.012,0.008,20,ready,8
2026-10-08 21:53:04.517,77.38,20261008_215147,toy,recovery,1,600,manual,lie,95.3,89.9,1,,,,0,36.15,0.012,0.009,20,ready,8
2026-10-08 21:53:04.724,77.59,20261008_215147,toy,recovery,1,600,manual,lie,95.3,89.6,1,,,,0,36.16,0.012,0.009,20,ready,8
2026-10-08 21:53:04.929,77.8,20261008_215147,toy,recovery,1,600,manual,lie,95.3,89.6,1,,,,0,36.16,0.015,0.009,20,ready,8
2026-10-08 21:53:05.134,78.0,20261008_215147,toy,recovery,1,600,manual,lie,95.3,89.6,1,,,,0,36.17,0.016,0.009,20,ready,8
2026-10-08 21:53:05.334,78.2,20261008_215147,toy,recovery,1,600,manual,lie,95.3,88.0,1,,,,0,36.18,0.014,0.008,20,ready,9
2026-10-08 21:53:05.539,78.4,20261008_215147,toy,recovery,1,600,manual,lie,95.3,88.0,1,,,,0,36.18,0.013,0.008,20,ready,9
2026-10-08 21:53:05.746,78.61,20261008_215147,toy,recovery,1,600,manual,lie,95.3,88.0,1,,,,0,36.19,0.013,0.007,19,ready,9
2026-10-08 21:53:05.960,78.83,20261008_215147,toy,recovery,1,600,manual,lie,94.9,87.8,1,,,,0,36.19,0.012,0.007,19,ready,9
2026-10-08 21:53:06.162,79.03,20261008_215147,toy,recovery,1,600,manual,lie,94.9,87.8,1,,,,0,36.19,0.012,0.006,19,ready,9
2026-10-08 21:53:06.428,79.29,20261008_215147,toy,recovery,1,600,manual,lie,94.9,87.8,1,,,,0,36.2,0.011,0.006,19,ready,9
2026-10-08 21:53:06.570,79.44,20261008_215147,toy,recovery,1,600,manual,lie,94.9,75.3,1,,,,0,36.21,0.011,0.006,19,ready,9
2026-10-08 21:53:06.777,79.64,20261008_215147,toy,recovery,1,600,manual,lie,94.9,75.3,1,,,,0,36.21,0.013,0.005,19,ready,9
2026-10-08 21:53:07.043,79.91,20261008_215147,toy,recovery,1,600,manual,lie,94.9,75.3,1,,,,0,36.21,0.023,0.006,19,ready,9
2026-10-08 21:53:07.193,80.06,20261008_215147,toy,recovery,1,600,manual,lie,94.9,75.3,1,,,,0,36.22,0.023,0.01,19,ready,9
2026-10-08 21:53:07.398,80.26,20261008_215147,toy,recovery,1,600,manual,lie,94.9,75.3,1,,,,0,36.22,0.022,0.009,19,ready,9
2026-10-08 21:53:07.597,80.46,20261008_215147,toy,recovery,1,600,manual,lie,94.9,75.3,1,,,,0,36.22,0.021,0.009,19,ready,9
2026-10-08 21:53:07.862,80.73,20261008_215147,toy,recovery,1,600,manual,lie,94.9,75.3,1,,,,0,36.23,0.02,0.008,19,ready,9
2026-10-08 21:53:08.005,80.87,20261008_215147,toy,recovery,1,600,manual,lie,94.9,75.3,1,,,,0,36.24,0.019,0.008,19,ready,9
2026-10-08 21:53:08.218,81.08,20261008_215147,toy,recovery,1,600,manual,lie,94.9,78.8,1,,,,0,36.24,0.018,0.007,19,ready,9
2026-10-08 21:53:08.419,81.29,20261008_215147,toy,recovery,1,600,manual,lie,94.9,78.8,1,,,,0,36.24,0.018,0.007,19,ready,8
2026-10-08 21:53:08.627,81.49,20261008_215147,toy,recovery,1,600,manual,lie,94.9,78.8,1,,,,0,36.24,0.016,0.007,19,ready,8
2026-10-08 21:53:08.834,81.7,20261008_215147,toy,recovery,1,600,manual,lie,94.9,78.8,1,,,,0,36.22,0.022,0.01,19,ready,8
2026-10-08 21:53:09.039,81.91,20261008_215147,toy,recovery,1,600,manual,lie,94.9,66.3,1,,,,0,36.23,0.046,0.023,19,ready,8
2026-10-08 21:53:09.245,82.11,20261008_215147,toy,recovery,1,600,manual,lie,94.9,66.3,1,,,,0,36.24,0.048,0.023,20,ready,8
2026-10-08 21:53:09.454,82.32,20261008_215147,toy,recovery,1,600,manual,lie,94.9,66.3,1,,,,0,36.24,0.044,0.021,20,ready,8
2026-10-08 21:53:09.662,82.53,20261008_215147,toy,recovery,1,600,manual,lie,94.9,66.3,1,,,,0,36.25,0.04,0.02,20,ready,8
2026-10-08 21:53:09.869,82.74,20261008_215147,toy,recovery,1,600,manual,lie,94.9,66.3,1,,,,0,36.26,0.037,0.019,20,ready,8
2026-10-08 21:53:10.117,82.98,20261008_215147,toy,recovery,1,600,manual,lie,94.9,66.3,1,,,,0,36.27,0.035,0.019,20,ready,8
2026-10-08 21:53:10.285,83.15,20261008_215147,toy,recovery,1,600,manual,lie,94.9,66.3,1,,,,0,36.29,0.032,0.017,20,ready,8
2026-10-08 21:53:10.490,83.36,20261008_215147,toy,recovery,1,600,manual,lie,94.9,66.3,1,,,,0,36.28,0.031,0.016,20,ready,8
2026-10-08 21:53:10.834,83.7,20261008_215147,toy,recovery,1,600,manual,lie,,,1,,,,0,36.29,0.029,0.015,19,ready,8
2026-10-08 21:53:10.904,83.77,20261008_215147,toy,recovery,1,600,manual,lie,,,1,,,,0,36.29,0.035,0.016,18,ready,8
2026-10-08 21:53:11.109,83.98,20261008_215147,toy,recovery,1,600,manual,lie,,,1,,,,0,36.3,0.041,0.025,18,ready,8
2026-10-08 21:53:11.312,84.18,20261008_215147,toy,recovery,1,600,manual,lie,131.5,,1,,,,0,36.3,0.038,0.026,22,ready,8
2026-10-08 21:53:11.526,84.39,20261008_215147,toy,recovery,1,600,manual,lie,131.5,,1,,,,0,36.31,0.036,0.024,25,ready,8
2026-10-08 21:53:12.118,84.98,20261008_215147,toy,recovery,1,600,manual,lie,139.6,,1,,,,0,36.32,0.032,0.021,32,ready,9
2026-10-08 21:53:12.161,85.03,20261008_215147,toy,recovery,1,600,manual,lie,139.6,,1,,,,0,36.33,0.031,0.02,34,ready,9
2026-10-08 21:53:12.472,85.34,20261008_215147,toy,recovery,1,600,manual,lie,139.6,,1,,,,0,36.33,0.03,0.019,37,ready,9
2026-10-08 21:53:12.536,85.4,20261008_215147,toy,recovery,1,600,manual,lie,139.6,,1,,,,0,36.34,0.028,0.018,38,ready,9
2026-10-08 21:53:12.742,85.61,20261008_215147,toy,recovery,1,600,manual,lie,139.6,,1,,,,0,36.34,0.029,0.018,39,ready,9
2026-10-08 21:53:12.946,85.81,20261008_215147,toy,recovery,1,600,manual,lie,139.6,,1,,,,0,36.32,0.036,0.019,41,ready,9
2026-10-08 21:53:13.185,86.05,20261008_215147,toy,rest,,,,,139.6,,1,,,,0,36.29,0.034,0.018,42,ready,8
2026-10-08 21:53:13.355,86.22,20261008_215147,toy,rest,,,,,139.6,,1,,,,0,36.3,0.031,0.017,42,ready,8
2026-10-08 21:53:13.560,86.43,20261008_215147,toy,rest,,,,,,,1,,,,0,36.32,0.029,0.017,37,ready,8
2026-10-08 21:53:13.768,86.63,20261008_215147,toy,rest,,,,,,,1,,,,0,36.33,0.029,0.017,33,ready,8
2026-10-08 21:53:13.975,86.84,20261008_215147,toy,rest,,,,,,,1,,,,0,36.34,0.028,0.017,30,ready,8
2026-10-08 21:53:14.189,87.06,20261008_215147,toy,rest,,,,,,,1,,,,0,36.35,0.101,0.024,29,ready,8
2026-10-08 21:53:14.394,87.26,20261008_215147,toy,rest,,,,,84.8,,1,,,,0,36.36,0.303,0.192,28,ready,8
2026-10-08 21:53:14.600,87.47,20261008_215147,toy,rest,,,,,84.8,,1,,,,0,36.37,0.488,0.305,29,ready,8
2026-10-08 21:53:14.819,87.69,20261008_215147,toy,rest,,,,,89.7,,1,,,,0,36.37,0.61,0.442,32,ready,8
2026-10-08 21:53:15.024,87.89,20261008_215147,toy,rest,,,,,89.7,,1,,,,0,36.38,0.764,1.021,35,ready,8
2026-10-08 21:53:15.235,88.1,20261008_215147,toy,rest,,,,,89.7,,1,,,,0,36.39,0.837,1.375,39,ready,8
2026-10-08 21:53:15.426,88.29,20261008_215147,toy,rest,,,,,89.7,,1,,,,0,36.39,0.767,1.263,41,ready,8
2026-10-08 21:53:15.633,88.5,20261008_215147,toy,rest,,,,,88.9,,1,,,,0,36.4,0.705,1.172,43,ready,8
2026-10-08 21:53:15.840,88.71,20261008_215147,toy,rest,,,,,88.9,,1,,,,0,36.4,0.646,1.064,43,ready,8
2026-10-08 21:53:16.040,88.91,20261008_215147,toy,rest,,,,,88.9,,1,,,,0,36.4,0.59,0.965,43,ready,8
2026-10-08 21:53:16.245,89.11,20261008_215147,toy,rest,,,,,88.9,,1,,,,0,36.4,0.542,0.9,42,ready,8
2026-10-08 21:53:16.449,89.32,20261008_215147,toy,rest,,,,,88.0,185.7,1,,,,0,36.41,0.494,0.854,41,ready,8
2026-10-08 21:53:20.514,93.38,20261008_215147,toy,rest,,,,,102.8,198.4,1,,,,0,36.45,0.829,0.832,63,ready,9
2026-10-08 21:53:20.718,93.58,20261008_215147,toy,rest,,,,,102.8,198.4,1,,,,0,36.45,0.753,0.757,62,ready,9
2026-10-08 21:53:20.923,93.79,20261008_215147,toy,rest,,,,,102.8,198.4,1,,,,0,36.45,0.686,0.688,61,ready,8
2026-10-08 21:53:21.129,93.99,20261008_215147,toy,rest,,,,,102.8,198.4,1,,,,0,36.46,0.624,0.625,60,ready,8
2026-10-08 21:53:21.338,94.2,20261008_215147,toy,rest,,,,,102.8,198.4,1,,,,0,36.46,0.559,0.562,57,ready,9
2026-10-08 21:53:21.586,94.45,20261008_215147,toy,rest,,,,,102.8,198.4,1,,,,0,36.47,0.831,0.77,58,ready,9
2026-10-08 21:53:21.811,94.68,20261008_215147,toy,rest,,,,,102.8,198.4,1,,,,0,36.47,0.766,0.785,58,ready,9
2026-10-08 21:53:21.948,94.81,20261008_215147,toy,rest,,,,,102.8,198.4,1,,,,0,36.46,0.707,0.714,58,ready,9
2026-10-08 21:53:22.159,95.03,20261008_215147,toy,rest,,,,,102.8,198.4,1,,,,0,36.46,0.647,0.667,58,ready,9
2026-10-08 21:53:22.363,95.23,20261008_215147,toy,rest,,,,,102.8,198.4,1,,,,0,36.47,0.6,1.058,57,ready,9
2026-10-08 21:53:22.575,95.44,20261008_215147,toy,rest,,,,,102.8,198.4,1,,,,0,36.47,1.41,1.458,58,ready,9
2026-10-08 21:53:22.779,95.65,20261008_215147,toy,rest,,,,,102.8,198.4,1,,,,0,36.47,1.372,1.524,59,ready,9
2026-10-08 21:53:22.983,95.85,20261008_215147,toy,rest,,,,,102.8,198.4,1,,,,0,36.48,1.255,1.393,60,ready,9
2026-10-08 21:53:23.191,96.06,20261008_215147,toy,rest,,,,,102.8,198.4,1,,,,0,36.48,1.139,1.266,60,ready,9
2026-10-08 21:53:23.397,96.26,20261008_215147,toy,rest,,,,,102.8,198.4,1,,,,0,36.48,1.033,1.15,61,ready,9
2026-10-08 21:53:23.602,96.47,20261008_215147,toy,rest,,,,,102.8,198.4,1,,,,0,36.48,0.954,1.062,61,ready,9
2026-10-08 21:53:23.809,96.68,20261008_215147,toy,rest,,,,,102.8,198.4,1,,,,0,36.5,0.978,1.128,62,ready,9
2026-10-08 21:53:24.018,96.88,20261008_215147,toy,rest,,,,,102.8,198.4,1,,,,0,36.47,0.956,1.15,62,ready,8
2026-10-08 21:53:24.224,97.09,20261008_215147,toy,rest,,,,,110.0,202.1,1,,,,0,36.47,0.881,1.048,63,ready,8
2026-10-08 21:53:24.432,97.3,20261008_215147,toy,rest,,,,,110.0,202.1,1,,,,0,36.47,0.8,0.951,64,ready,8
2026-10-08 21:53:26.530,99.4,20261008_215147,toy,rest,,,,,110.0,202.1,1,,,,0,36.5,0.298,0.351,49,ready,9
2026-10-08 21:53:26.737,99.6,20261008_215147,toy,rest,,,,,110.0,202.1,1,,,,0,36.5,0.27,0.317,47,ready,9
2026-10-08 21:53:26.944,99.81,20261008_215147,toy,rest,,,,,110.0,202.1,1,,,,0,36.5,0.244,0.287,45,ready,9
2026-10-08 21:53:27.150,100.02,20261008_215147,toy,rest,,,,,110.0,202.1,1,,,,0,36.48,0.221,0.26,44,ready,9
2026-10-08 21:53:27.360,100.23,20261008_215147,toy,rest,,,,,,,1,,,,0,36.49,0.2,0.235,44,ready,9
2026-10-08 21:53:27.567,100.43,20261008_215147,toy,rest,,,,,,,1,,,,0,36.49,0.165,0.193,42,ready,9
2026-10-08 21:53:27.772,100.64,20261008_215147,toy,rest,,,,,,,1,,,,0,36.5,0.15,0.174,40,ready,9
2026-10-08 21:53:28.035,100.9,20261008_215147,toy,rest,,,,,,,1,,,,0,36.5,0.136,0.158,38,ready,9
2026-10-08 21:53:28.185,101.05,20261008_215147,toy,rest,,,,,,,1,,,,0,36.5,0.124,0.143,36,ready,9
2026-10-08 21:53:28.387,101.25,20261008_215147,toy,rest,,,,,,,1,,,,0,36.51,0.112,0.129,34,ready,9
2026-10-08 21:53:28.632,101.5,20261008_215147,toy,rest,,,,,,,1,,,,0,36.51,0.102,0.117,33,ready,9
2026-10-08 21:53:28.796,101.66,20261008_215147,toy,rest,,,,,,,1,,,,0,36.51,0.093,0.106,31,ready,9
2026-10-08 21:53:29.002,101.87,20261008_215147,toy,rest,,,,,,,1,,,,0,36.51,0.085,0.096,29,ready,8
2026-10-08 21:53:29.203,102.07,20261008_215147,toy,rest,,,,,,,1,,,,0,36.52,0.078,0.087,28,ready,9
2026-10-08 21:53:29.410,102.28,20261008_215147,toy,rest,,,,,,,1,,,,0,36.52,0.073,0.079,26,ready,9
2026-10-08 21:53:29.617,102.48,20261008_215147,toy,rest,,,,,102.8,202.1,1,,,,0,36.52,0.066,0.071,26,ready,9
2026-10-08 21:53:29.823,102.69,20261008_215147,toy,rest,,,,,102.8,202.1,1,,,,0,36.52,0.06,0.065,26,ready,9
2026-10-08 21:53:30.029,102.9,20261008_215147,toy,rest,,,,,102.8,202.1,1,,,,0,36.52,0.056,0.059,25,ready,9
2026-10-08 21:53:30.236,103.1,20261008_215147,toy,rest,,,,,97.6,189.1,1,,,,0,36.52,0.051,0.053,25,ready,9
2026-10-08 21:53:30.498,103.36,20261008_215147,toy,rest,,,,,97.6,189.1,1,,,,0,36.52,0.047,0.048,24,ready,9
2026-10-08 21:53:30.651,103.52,20261008_215147,toy,rest,,,,,97.6,189.1,1,,,,0,36.51,0.044,0.044,24,ready,9
2026-10-08 21:53:30.903,103.77,20261008_215147,toy,rest,,,,,95.6,187.1,1,,,,0,36.51,0.041,0.04,23,ready,9
2026-10-08 21:53:31.070,103.94,20261008_215147,toy,rest,,,,,95.6,187.1,1,,,,0,36.51,0.038,0.036,23,ready,9
2026-10-08 21:53:31.278,104.14,20261008_215147,toy,rest,,,,,95.6,187.1,1,,,,0,36.51,0.037,0.033,22,ready,9
2026-10-08 21:53:31.481,104.35,20261008_215147,toy,rest,,,,,95.6,187.1,1,,,,0,36.51,0.036,0.03,22,ready,9
2026-10-08 21:53:31.720,104.59,20261008_215147,toy,rest,,,,,95.6,164.0,1,,,,0,36.52,0.034,0.027,21,ready,9
2026-10-08 21:53:31.894,104.76,20261008_215147,toy,rest,,,,,95.6,164.0,1,,,,0,36.52,0.032,0.025,21,ready,9
2026-10-08 21:53:32.132,105.0,20261008_215147,toy,rest,,,,,95.6,160.8,1,,,,0,36.52,0.03,0.023,21,ready,9
2026-10-08 21:53:32.303,105.17,20261008_215147,toy,rest,,,,,95.6,160.8,1,,,,0,36.52,0.029,0.021,21,ready,9
2026-10-08 21:53:32.507,105.37,20261008_215147,toy,rest,,,,,95.6,160.8,1,,,,0,36.52,0.029,0.022,21,ready,9
2026-10-08 21:53:32.712,105.58,20261008_215147,toy,rest,,,,,95.6,160.8,1,,,,0,36.52,0.03,0.02,20,ready,9
2026-10-08 21:53:32.922,105.79,20261008_215147,toy,rest,,,,,95.6,160.8,1,,,,0,36.52,0.028,0.018,20,ready,9
2026-10-08 21:53:33.157,106.02,20261008_215147,toy,rest,,,,,95.6,160.8,1,,,,0,36.53,0.031,0.018,20,ready,9
2026-10-08 21:53:33.325,106.19,20261008_215147,toy,rest,,,,,95.6,160.8,1,,,,0,36.53,0.036,0.021,20,ready,9
2026-10-08 21:53:33.527,106.39,20261008_215147,toy,rest,,,,,95.6,158.7,1,,,,0,36.53,0.046,0.026,20,ready,9
2026-10-08 21:53:33.734,106.6,20261008_215147,toy,rest,,,,,95.6,158.7,1,,,,0,36.54,0.055,0.028,20,ready,9
2026-10-08 21:53:33.940,106.81,20261008_215147,toy,rest,,,,,95.6,158.7,1,,,,0,36.51,0.061,0.038,21,ready,9
2026-10-08 21:53:34.150,107.02,20261008_215147,toy,rest,,,,,95.6,158.7,1,,,,0,36.51,0.07,0.05,21,ready,9
2026-10-08 21:53:34.357,107.22,20261008_215147,toy,rest,,,,,95.6,158.7,1,,,,0,36.52,0.076,0.068,21,ready,9
2026-10-08 21:53:34.571,107.44,20261008_215147,toy,rest,,,,,95.6,158.7,1,,,,0,36.53,0.07,0.061,21,ready,8
2026-10-08 21:53:34.773,107.64,20261008_215147,toy,rest,,,,,95.6,158.7,1,,,,0,36.53,0.07,0.058,21,ready,9
2026-10-08 21:53:34.969,107.84,20261008_215147,toy,rest,,,,,95.6,158.7,1,,,,0,36.53,0.07,0.053,21,ready,9
2026-10-08 21:53:35.168,108.03,20261008_215147,toy,rest,,,,,95.6,158.7,1,,,,0,36.53,0.073,0.052,21,ready,9
2026-10-08 21:53:35.368,108.23,20261008_215147,toy,rest,,,,,95.6,158.7,1,,,,0,36.54,0.068,0.048,21,ready,9
2026-10-08 21:53:35.569,108.44,20261008_215147,toy,rest,,,,,95.6,158.7,1,,,,0,36.54,0.063,0.045,21,ready,9
2026-10-08 21:53:35.830,108.7,20261008_215147,toy,rest,,,,,95.6,158.7,1,,,,0,36.53,0.064,0.043,21,ready,9
2026-10-08 21:53:36.022,108.89,20261008_215147,toy,rest,,,,,95.6,158.7,1,,,,0,36.53,0.065,0.04,21,ready,9
2026-10-08 21:53:36.171,109.04,20261008_215147,toy,rest,,,,,95.6,158.7,1,,,,0,36.54,0.064,0.04,21,ready,9
2026-10-08 21:53:36.369,109.24,20261008_215147,toy,rest,,,,,95.6,158.7,1,,,,0,36.54,0.069,0.037,21,ready,9
2026-10-08 21:53:36.568,109.43,20261008_215147,toy,rest,,,,,96.2,115.1,1,,,,0,36.54,0.065,0.034,21,ready,9
2026-10-08 21:53:36.781,109.65,20261008_215147,toy,rest,,,,,96.2,115.1,1,,,,0,36.55,0.063,0.031,21,ready,9
2026-10-08 21:53:36.983,109.85,20261008_215147,toy,rest,,,,,96.2,115.1,1,,,,0,36.55,0.061,0.029,21,ready,9
2026-10-08 21:53:37.192,110.06,20261008_215147,toy,rest,,,,,96.2,115.1,1,,,,0,36.55,0.06,0.028,21,ready,9
2026-10-08 21:53:37.393,110.26,20261008_215147,toy,rest,,,,,96.2,115.1,1,,,,0,36.55,0.061,0.025,21,ready,9
2026-10-08 21:53:37.599,110.47,20261008_215147,toy,rest,,,,,100.7,124.9,1,,,,0,36.56,0.056,0.024,22,ready,9
2026-10-08 21:53:37.800,110.67,20261008_215147,toy,rest,,,,,100.7,124.9,1,,,,0,36.57,0.055,0.027,22,ready,9
2026-10-08 21:53:38.020,110.89,20261008_215147,toy,rest,,,,,100.7,124.9,1,,,,0,36.55,0.053,0.03,22,ready,8
2026-10-08 21:53:38.212,111.08,20261008_215147,toy,rest,,,,,100.7,124.9,1,,,,0,36.55,0.051,0.029,22,ready,8
2026-10-08 21:53:38.418,111.28,20261008_215147,toy,rest,,,,,100.7,124.9,1,,,,0,36.55,0.047,0.026,22,ready,8
2026-10-08 21:53:38.618,111.48,20261008_215147,toy,rest,,,,,100.7,124.9,1,,,,0,36.56,0.044,0.024,22,ready,9
2026-10-08 21:53:38.829,111.7,20261008_215147,toy,rest,,,,,100.7,124.9,1,,,,0,36.56,0.046,0.023,23,ready,9
2026-10-08 21:53:39.034,111.9,20261008_215147,toy,rest,,,,,100.7,124.9,1,,,,0,36.56,0.043,0.021,23,ready,8
2026-10-08 21:53:39.239,112.1,20261008_215147,toy,rest,,,,,100.7,124.9,1,,,,0,36.57,0.049,0.021,23,ready,8
2026-10-08 21:53:39.442,112.31,20261008_215147,toy,rest,,,,,100.7,124.9,1,,,,0,36.57,0.069,0.042,23,ready,8
2026-10-08 21:53:39.650,112.52,20261008_215147,toy,rest,,,,,100.7,124.9,1,,,,0,36.57,0.07,0.046,23,ready,9
2026-10-08 21:53:39.857,112.72,20261008_215147,toy,rest,,,,,,,1,,,,0,36.58,0.074,0.058,22,ready,9
2026-10-08 21:53:40.068,112.93,20261008_215147,toy,rest,,,,,,,1,,,,0,36.58,0.072,0.059,22,ready,9
2026-10-08 21:53:40.272,113.14,20261008_215147,toy,rest,,,,,,,1,,,,0,36.58,0.072,0.058,22,ready,9
2026-10-08 21:53:40.480,113.35,20261008_215147,toy,rest,,,,,112.8,,1,,,,0,36.58,0.068,0.053,23,ready,9
2026-10-08 21:53:40.677,113.54,20261008_215147,toy,rest,,,,,112.8,,1,,,,0,36.59,0.064,0.048,24,ready,9
2026-10-08 21:53:40.881,113.75,20261008_215147,toy,rest,,,,,112.8,,1,,,,0,36.59,0.064,0.051,25,ready,9
2026-10-08 21:53:41.089,113.95,20261008_215147,toy,rest,,,,,96.5,,1,,,,0,36.59,0.06,0.05,25,ready,9
2026-10-08 21:53:41.297,114.16,20261008_215147,toy,rest,,,,,96.5,,1,,,,0,36.6,0.066,0.049,24,ready,9
2026-10-08 21:53:41.505,114.37,20261008_215147,toy,rest,,,,,96.5,,1,,,,0,36.6,0.067,0.045,24,ready,9
2026-10-08 21:53:41.711,114.58,20261008_215147,toy,recovery,2,601,manual,truth,96.8,,1,,,,0,36.61,0.063,0.047,23,ready,9
2026-10-08 21:53:41.928,114.79,20261008_215147,toy,question,2,601,manual,truth,96.8,,1,,,,0,36.61,0.059,0.044,23,question,9
2026-10-08 21:53:42.119,114.99,20261008_215147,toy,question,2,601,manual,truth,96.8,,1,,,,0,36.62,0.054,0.041,23,question,9
2026-10-08 21:53:42.330,115.2,20261008_215147,toy,question,2,601,manual,truth,96.8,,1,,,,0,36.62,0.05,0.038,22,question,9
2026-10-08 21:53:42.537,115.4,20261008_215147,toy,question,2,601,manual,truth,96.8,,1,,,,0,36.63,0.046,0.034,22,question,9
2026-10-08 21:53:42.741,115.61,20261008_215147,toy,question,2,601,manual,truth,96.8,,1,,,,0,36.63,0.044,0.032,22,question,9
2026-10-08 21:53:42.948,115.81,20261008_215147,toy,question,2,601,manual,truth,96.8,,1,,,,0,36.64,0.041,0.031,22,question,9
2026-10-08 21:53:43.156,116.02,20261008_215147,toy,question,2,601,manual,truth,96.8,,1,,,,0,36.64,0.038,0.031,22,question,9
2026-10-08 21:53:43.367,116.23,20261008_215147,toy,question,2,601,manual,truth,96.8,,1,,,,0,36.64,0.044,0.037,21,question,9
2026-10-08 21:53:43.566,116.43,20261008_215147,toy,question,2,601,manual,truth,96.8,,1,,,,0,36.64,0.049,0.038,21,question,9
2026-10-08 21:53:43.768,116.63,20261008_215147,toy,question,2,601,manual,truth,96.8,,1,,,,0,36.65,0.047,0.035,21,question,9
2026-10-08 21:53:44.008,116.87,20261008_215147,toy,question,2,601,manual,truth,97.0,,1,,,,0,36.66,0.086,0.091,22,question,9
2026-10-08 21:53:44.178,117.04,20261008_215147,toy,question,2,601,manual,truth,97.0,,1,,,,0,36.66,0.081,0.085,22,question,9
2026-10-08 21:53:44.387,117.25,20261008_215147,toy,question,2,601,manual,truth,96.5,160.0,1,,,,0,36.66,0.075,0.078,22,question,9
2026-10-08 21:53:44.590,117.46,20261008_215147,toy,question,2,601,manual,truth,96.5,160.0,1,,,,0,36.66,0.07,0.071,22,question,9
2026-10-08 21:53:44.796,117.66,20261008_215147,toy,question,2,601,manual,truth,96.5,160.0,1,,,,0,36.67,0.065,0.067,22,question,9
2026-10-08 21:53:45.001,117.87,20261008_215147,toy,question,2,601,manual,truth,96.5,160.0,1,,,,0,36.67,0.061,0.062,22,question,9
2026-10-08 21:53:45.264,118.13,20261008_215147,toy,question,2,601,manual,truth,96.5,160.0,1,,,,0,36.68,0.057,0.057,22,question,9
2026-10-08 21:53:45.410,118.28,20261008_215147,toy,question,2,601,manual,truth,96.5,160.0,1,,,,0,36.68,0.054,0.054,22,question,9
2026-10-08 21:53:45.613,118.48,20261008_215147,toy,question,2,601,manual,truth,96.5,160.0,1,,,,0,36.68,0.051,0.05,21,question,9
2026-10-08 21:53:45.817,118.68,20261008_215147,toy,question,2,601,manual,truth,96.5,160.0,1,,,,0,36.69,0.048,0.046,21,question,9
2026-10-08 21:53:46.024,118.89,20261008_215147,toy,question,2,601,manual,truth,97.0,160.0,1,,,,0,36.7,0.044,0.042,21,question,9
2026-10-08 21:53:46.229,119.1,20261008_215147,toy,question,2,601,manual,truth,97.0,160.0,1,,,,0,36.68,0.041,0.038,21,question,9
2026-10-08 21:53:46.466,119.33,20261008_215147,toy,question,2,601,manual,truth,97.0,160.0,1,,,,0,36.68,0.039,0.034,21,question,9
2026-10-08 21:53:46.644,119.51,20261008_215147,toy,question,2,601,manual,truth,97.0,181.3,1,,,,0,36.69,0.04,0.032,21,question,8
2026-10-08 21:53:46.850,119.72,20261008_215147,toy,question,2,601,manual,truth,97.0,181.3,1,,,,0,36.69,0.041,0.031,21,question,9
2026-10-08 21:53:47.055,119.92,20261008_215147,toy,question,2,601,manual,truth,97.0,181.3,1,,,,0,36.7,0.038,0.03,21,question,9
2026-10-08 21:53:47.259,120.13,20261008_215147,toy,question,2,601,manual,truth,97.0,181.3,1,,,,0,36.7,0.048,0.037,21,question,9
2026-10-08 21:53:47.489,120.36,20261008_215147,toy,question,2,601,manual,truth,88.9,167.2,1,,,,0,36.71,0.05,0.036,21,question,9
2026-10-08 21:53:47.675,120.54,20261008_215147,toy,question,2,601,manual,truth,88.9,167.2,1,,,,0,36.71,0.048,0.035,20,question,9
2026-10-08 21:53:47.879,120.75,20261008_215147,toy,question,2,601,manual,truth,88.9,167.2,1,,,,0,36.71,0.05,0.033,20,question,9
2026-10-08 21:53:48.104,120.97,20261008_215147,toy,question,2,601,manual,truth,88.9,157.9,1,,,,0,36.72,0.047,0.031,19,question,9
2026-10-08 21:53:48.303,121.17,20261008_215147,toy,question,2,601,manual,truth,88.9,157.9,1,,,,0,36.72,0.046,0.034,19,question,9
2026-10-08 21:53:48.502,121.37,20261008_215147,toy,question,2,601,manual,truth,88.9,157.9,1,,,,0,36.73,0.047,0.032,19,question,9
2026-10-08 21:53:48.708,121.57,20261008_215147,toy,question,2,601,manual,truth,99.6,148.0,1,,,,0,36.73,0.045,0.029,19,question,9
2026-10-08 21:53:48.920,121.79,20261008_215147,toy,question,2,601,manual,truth,99.6,148.0,1,,,,0,36.73,0.043,0.026,20,question,9
2026-10-08 21:53:49.127,121.99,20261008_215147,toy,question,2,601,manual,truth,99.6,148.0,1,,,,0,36.73,0.04,0.025,20,question,9
2026-10-08 21:53:49.334,122.2,20261008_215147,toy,question,2,601,manual,truth,99.6,148.0,1,,,,0,36.74,0.04,0.024,21,question,9
2026-10-08 21:53:49.539,122.41,20261008_215147,toy,question,2,601,manual,truth,99.6,148.0,1,,,,0,36.74,0.042,0.022,21,question,9
2026-10-08 21:53:49.746,122.61,20261008_215147,toy,question,2,601,manual,truth,99.6,148.0,1,,,,0,36.74,0.041,0.02,21,question,9
2026-10-08 21:53:49.951,122.82,20261008_215147,toy,question,2,601,manual,truth,99.6,148.0,1,,,,0,36.75,0.039,0.018,21,question,9
2026-10-08 21:53:50.158,123.02,20261008_215147,toy,question,2,601,manual,truth,99.6,148.0,1,,,,0,36.75,0.035,0.017,21,question,9
2026-10-08 21:53:50.367,123.23,20261008_215147,toy,question,2,601,manual,truth,99.6,148.0,1,,,,0,36.76,0.031,0.015,22,question,9
2026-10-08 21:53:50.579,123.44,20261008_215147,toy,question,2,601,manual,truth,99.6,148.0,1,,,,0,36.77,0.033,0.014,22,question,9
2026-10-08 21:53:50.871,123.74,20261008_215147,toy,question,2,601,manual,truth,99.6,148.0,1,,,,0,36.72,0.034,0.013,22,question,9
2026-10-08 21:53:50.988,123.85,20261008_215147,toy,question,2,601,manual,truth,,,1,,,,0,36.72,0.032,0.012,20,question,8
2026-10-08 21:53:51.199,124.06,20261008_215147,toy,question,2,601,manual,truth,,,1,,,,0,36.73,0.031,0.011,19,question,9
2026-10-08 21:53:51.406,124.27,20261008_215147,toy,question,2,601,manual,truth,,,1,,,,0,36.73,0.029,0.01,18,question,9
2026-10-08 21:53:51.613,124.48,20261008_215147,toy,question,2,601,manual,truth,64.1,,1,,,,0,36.74,0.028,0.01,17,question,8
2026-10-08 21:53:51.818,124.68,20261008_215147,toy,question,2,601,manual,truth,64.1,,1,,,,0,36.75,0.029,0.009,15,question,9
2026-10-08 21:53:52.022,124.89,20261008_215147,toy,question,2,601,manual,truth,64.1,,1,,,,0,36.75,0.027,0.009,14,question,8
2026-10-08 21:53:52.226,125.09,20261008_215147,toy,question,2,601,manual,truth,64.1,,1,,,,0,36.76,0.026,0.009,13,question,8
2026-10-08 21:53:52.431,125.3,20261008_215147,toy,question,2,601,manual,truth,94.0,,1,,,,0,36.76,0.026,0.008,14,question,9
2026-10-08 21:53:52.638,125.5,20261008_215147,toy,question,2,601,manual,truth,94.0,,1,,,,0,36.77,0.025,0.009,15,question,9
2026-10-08 21:53:52.842,125.71,20261008_215147,toy,question,2,601,manual,truth,94.0,,1,,,,0,36.77,0.024,0.009,16,question,9
2026-10-08 21:53:53.048,125.91,20261008_215147,toy,question,2,601,manual,truth,94.0,,1,,,,0,36.76,0.024,0.009,17,question,9
2026-10-08 21:53:53.252,126.12,20261008_215147,toy,question,2,601,manual,truth,94.0,,1,,,,0,36.77,0.027,0.008,17,question,9
2026-10-08 21:53:53.458,126.32,20261008_215147,toy,question,2,601,manual,truth,94.0,,1,,,,0,36.77,0.029,0.008,17,question,9
2026-10-08 21:53:53.661,126.53,20261008_215147,toy,recovery,2,601,manual,truth,94.0,,1,,,,0,36.78,0.03,0.008,18,ready,9
2026-10-08 21:53:53.942,126.81,20261008_215147,toy,recovery,2,601,manual,truth,94.0,,1,,,,0,36.78,0.028,0.008,18,ready,9
2026-10-08 21:53:54.147,127.01,20261008_215147,toy,recovery,2,601,manual,truth,94.0,,1,,,,0,36.79,0.028,0.008,18,ready,8
2026-10-08 21:53:54.283,127.15,20261008_215147,toy,recovery,2,601,manual,truth,96.5,,1,,,,0,36.78,0.027,0.007,19,ready,8
2026-10-08 21:53:54.491,127.36,20261008_215147,toy,recovery,2,601,manual,truth,96.5,,1,,,,0,36.79,0.026,0.007,19,ready,8
2026-10-08 21:53:54.696,127.56,20261008_215147,toy,recovery,2,601,manual,truth,96.5,,1,,,,0,36.79,0.025,0.007,19,ready,8
2026-10-08 21:53:54.970,127.84,20261008_215147,toy,recovery,2,601,manual,truth,99.3,,1,,,,0,36.79,0.027,0.007,20,ready,8
2026-10-08 21:53:55.110,127.98,20261008_215147,toy,recovery,2,601,manual,truth,99.3,,1,,,,0,36.8,0.026,0.006,20,ready,8
2026-10-08 21:53:55.317,128.18,20261008_215147,toy,recovery,2,601,manual,truth,99.3,,1,,,,0,36.8,0.026,0.006,20,ready,8
2026-10-08 21:53:55.518,128.38,20261008_215147,toy,recovery,2,601,manual,truth,99.3,,1,,,,0,36.81,0.03,0.007,20,ready,8
2026-10-08 21:53:55.726,128.59,20261008_215147,toy,recovery,2,601,manual,truth,99.3,,1,,,,0,36.81,0.03,0.007,21,ready,8
2026-10-08 21:53:55.935,128.8,20261008_215147,toy,recovery,2,601,manual,truth,99.3,,1,,,,0,36.81,0.03,0.007,21,ready,8
2026-10-08 21:53:56.146,129.01,20261008_215147,toy,recovery,2,601,manual,truth,99.3,,1,,,,0,36.82,0.03,0.007,21,ready,8
2026-10-08 21:53:56.340,129.21,20261008_215147,toy,recovery,2,601,manual,truth,99.3,,1,,,,0,36.81,0.034,0.008,21,ready,9
2026-10-08 21:53:56.547,129.41,20261008_215147,toy,recovery,2,601,manual,truth,99.3,,1,,,,0,36.82,0.039,0.009,21,ready,9
2026-10-08 21:53:56.756,129.62,20261008_215147,toy,rest,,,,,99.8,,1,,,,0,36.83,0.041,0.01,21,ready,9
2026-10-08 21:53:56.962,129.83,20261008_215147,toy,rest,,,,,99.8,,1,,,,0,36.83,0.04,0.01,22,ready,9
2026-10-08 21:53:57.167,130.03,20261008_215147,toy,rest,,,,,99.8,,1,,,,0,36.83,0.037,0.01,22,ready,9
2026-10-08 21:53:57.371,130.24,20261008_215147,toy,rest,,,,,101.1,335.0,1,,,,0,36.83,0.037,0.009,22,ready,8
2026-10-08 21:53:57.577,130.44,20261008_215147,toy,rest,,,,,101.1,335.0,1,,,,0,36.84,0.035,0.009,22,ready,9
2026-10-08 21:53:57.785,130.65,20261008_215147,toy,rest,,,,,101.1,335.0,1,,,,0,36.84,0.035,0.01,22,ready,9
2026-10-08 21:53:57.997,130.86,20261008_215147,toy,question,3,602,manual,lie,101.1,335.0,1,,,,0,36.84,0.039,0.012,22,question,9
2026-10-08 21:53:58.195,131.06,20261008_215147,toy,question,3,602,manual,lie,101.1,335.0,1,,,,0,36.84,0.036,0.011,22,question,9
2026-10-08 21:53:58.397,131.26,20261008_215147,toy,question,3,602,manual,lie,101.9,335.0,1,,,,0,36.85,0.037,0.011,23,question,9
2026-10-08 21:53:58.654,131.52,20261008_215147,toy,question,3,602,manual,lie,101.9,335.0,1,,,,0,36.85,0.042,0.025,23,question,9
2026-10-08 21:53:58.855,131.72,20261008_215147,toy,question,3,602,manual,lie,101.9,335.0,1,,,,0,36.85,0.082,0.05,23,question,9
2026-10-08 21:53:59.061,131.93,20261008_215147,toy,question,3,602,manual,lie,101.9,335.0,1,,,,0,36.85,0.083,0.053,23,question,9
2026-10-08 21:53:59.221,132.09,20261008_215147,toy,question,3,602,manual,lie,101.9,335.0,1,,,,0,36.84,0.095,0.05,24,question,8
2026-10-08 21:53:59.425,132.29,20261008_215147,toy,question,3,602,manual,lie,101.9,335.0,1,,,,0,36.84,0.12,0.121,24,question,8
2026-10-08 21:53:59.630,132.5,20261008_215147,toy,question,3,602,manual,lie,101.9,335.0,1,,,,0,36.84,0.147,0.167,25,question,9
2026-10-08 21:53:59.837,132.7,20261008_215147,toy,question,3,602,manual,lie,101.9,335.0,1,,,,0,36.84,0.152,0.239,26,question,9
2026-10-08 21:54:00.045,132.91,20261008_215147,toy,question,3,602,manual,lie,101.9,335.0,1,,,,0,36.85,0.157,0.456,26,question,8
2026-10-08 21:54:00.252,133.12,20261008_215147,toy,question,3,602,manual,lie,101.9,335.0,1,,,,0,36.85,0.152,0.428,26,question,8
2026-10-08 21:54:00.456,133.32,20261008_215147,toy,question,3,602,manual,lie,101.9,335.0,1,,,,0,36.83,0.667,0.645,32,question,9
2026-10-08 21:54:00.660,133.53,20261008_215147,toy,question,3,602,manual,lie,101.9,335.0,1,,,,0,36.82,0.617,0.615,35,question,8
2026-10-08 21:54:00.869,133.74,20261008_215147,toy,question,3,602,manual,lie,101.9,335.0,1,,,,0,36.83,0.576,0.563,38,question,8
2026-10-08 21:54:01.065,133.93,20261008_215147,toy,question,3,602,manual,lie,101.9,335.0,1,,,,0,36.83,0.53,0.518,40,question,8
2026-10-08 21:54:01.276,134.14,20261008_215147,toy,question,3,602,manual,lie,102.8,335.0,1,,,,0,36.83,0.488,0.483,41,question,8
2026-10-08 21:54:01.481,134.35,20261008_215147,toy,question,3,602,manual,lie,102.8,335.0,1,,,,0,36.84,0.443,0.439,41,question,8
2026-10-08 21:54:01.679,134.54,20261008_215147,toy,question,3,602,manual,lie,102.8,335.0,1,,,,0,36.84,0.406,0.397,41,question,8
2026-10-08 21:54:01.886,134.75,20261008_215147,toy,question,3,602,manual,lie,109.4,299.8,1,,,,0,36.84,0.371,0.36,42,question,8
2026-10-08 21:54:02.095,134.96,20261008_215147,toy,question,3,602,manual,lie,109.4,299.8,1,,,,0,36.85,0.337,0.328,42,question,8
2026-10-08 21:54:02.303,135.17,20261008_215147,toy,question,3,602,manual,lie,109.4,299.8,1,,,,0,36.85,0.306,0.297,41,question,8
2026-10-08 21:54:02.507,135.37,20261008_215147,toy,question,3,602,manual,lie,109.4,299.8,1,,,,0,36.85,0.283,0.269,41,question,8
2026-10-08 21:54:02.717,135.58,20261008_215147,toy,question,3,602,manual,lie,109.4,299.8,1,,,,0,36.85,0.259,0.244,40,question,8
2026-10-08 21:54:02.922,135.79,20261008_215147,toy,question,3,602,manual,lie,109.4,299.8,1,,,,0,36.86,0.235,0.221,40,question,8
2026-10-08 21:54:03.157,136.02,20261008_215147,toy,question,3,602,manual,lie,109.4,299.8,1,,,,0,36.86,0.214,0.2,39,question,8
2026-10-08 21:54:03.337,136.2,20261008_215147,toy,question,3,602,manual,lie,109.4,299.8,1,,,,0,36.86,0.194,0.181,38,question,8
2026-10-08 21:54:03.540,136.41,20261008_215147,toy,question,3,602,manual,lie,109.4,299.8,1,,,,0,36.86,0.178,0.164,37,question,8
2026-10-08 21:54:03.763,136.63,20261008_215147,toy,question,3,602,manual,lie,109.4,299.8,1,,,,0,36.85,0.162,0.149,36,question,8
2026-10-08 21:54:03.951,136.82,20261008_215147,toy,question,3,602,manual,lie,109.4,299.8,1,,,,0,36.85,0.148,0.135,36,question,8
2026-10-08 21:54:04.160,137.03,20261008_215147,toy,question,3,602,manual,lie,109.4,299.8,1,,,,0,36.85,0.137,0.122,35,question,8
2026-10-08 21:54:04.375,137.24,20261008_215147,toy,question,3,602,manual,lie,109.4,299.8,1,,,,0,36.86,0.124,0.11,34,question,8
2026-10-08 21:54:04.570,137.44,20261008_215147,toy,question,3,602,manual,lie,109.4,299.8,1,,,,0,36.86,0.113,0.1,34,question,8
2026-10-08 21:54:04.778,137.64,20261008_215147,toy,question,3,602,manual,lie,109.4,299.8,1,,,,0,36.87,0.103,0.091,33,question,8
2026-10-08 21:54:04.983,137.85,20261008_215147,toy,question,3,602,manual,lie,109.4,299.8,1,,,,0,36.85,0.094,0.082,32,question,8
2026-10-08 21:54:05.221,138.09,20261008_215147,toy,question,3,602,manual,lie,109.4,299.8,1,,,,0,36.86,0.087,0.075,32,question,8
2026-10-08 21:54:05.389,138.26,20261008_215147,toy,question,3,602,manual,lie,109.4,299.8,1,,,,0,36.86,0.08,0.068,31,question,8
2026-10-08 21:54:05.619,138.49,20261008_215147,toy,question,3,602,manual,lie,109.4,299.8,1,,,,0,36.87,0.074,0.061,31,question,8
2026-10-08 21:54:05.800,138.67,20261008_215147,toy,question,3,602,manual,lie,98.5,24.4,1,,,,0,36.87,0.097,0.061,30,question,8
2026-10-08 21:54:06.023,138.89,20261008_215147,toy,question,3,602,manual,lie,98.5,24.4,1,,,,0,36.88,0.086,0.053,28,question,8
2026-10-08 21:54:06.203,139.07,20261008_215147,toy,question,3,602,manual,lie,98.5,46.1,1,,,,0,36.89,0.086,0.049,27,question,8
2026-10-08 21:54:06.410,139.28,20261008_215147,toy,question,3,602,manual,lie,98.5,46.1,1,,,,0,36.89,0.083,0.045,26,question,8
2026-10-08 21:54:06.641,139.51,20261008_215147,toy,question,3,602,manual,lie,98.5,46.1,1,,,,0,36.89,0.076,0.041,26,question,8
2026-10-08 21:54:10.734,143.6,20261008_215147,toy,recovery,3,602,manual,lie,96.8,53.8,1,,,,0,36.93,0.039,0.015,21,ready,9
2026-10-08 21:54:10.931,143.8,20261008_215147,toy,recovery,3,602,manual,lie,96.8,53.8,1,,,,0,36.93,0.038,0.014,21,ready,9
2026-10-08 21:54:11.137,144.0,20261008_215147,toy,recovery,3,602,manual,lie,96.8,95.2,1,,,,0,36.94,0.035,0.013,21,ready,9
2026-10-08 21:54:11.332,144.2,20261008_215147,toy,recovery,3,602,manual,lie,96.8,95.2,1,,,,0,36.94,0.032,0.012,21,ready,9
2026-10-08 21:54:11.540,144.41,20261008_215147,toy,recovery,3,602,manual,lie,96.8,95.2,1,,,,0,36.94,0.032,0.011,21,ready,9
2026-10-08 21:54:11.748,144.61,20261008_215147,toy,recovery,3,602,manual,lie,99.5,87.2,1,,,,0,36.96,0.03,0.011,21,ready,9
2026-10-08 21:54:11.954,144.82,20261008_215147,toy,recovery,3,602,manual,lie,99.5,87.2,1,,,,0,36.95,0.031,0.01,21,ready,9
2026-10-08 21:54:12.169,145.04,20261008_215147,toy,recovery,3,602,manual,lie,99.5,87.2,1,,,,0,36.96,0.029,0.009,21,ready,9
2026-10-08 21:54:12.373,145.24,20261008_215147,toy,recovery,3,602,manual,lie,99.0,86.6,1,,,,0,36.96,0.028,0.008,21,ready,9
2026-10-08 21:54:12.577,145.44,20261008_215147,toy,recovery,3,602,manual,lie,99.0,86.6,1,,,,0,36.96,0.031,0.008,21,ready,9
2026-10-08 21:54:12.782,145.65,20261008_215147,toy,recovery,3,602,manual,lie,99.0,86.6,1,,,,0,36.96,0.04,0.01,21,ready,9
2026-10-08 21:54:12.986,145.85,20261008_215147,toy,recovery,3,602,manual,lie,99.0,80.4,1,,,,0,36.97,0.039,0.009,21,ready,9
2026-10-08 21:54:13.198,146.06,20261008_215147,toy,recovery,3,602,manual,lie,99.0,80.4,1,,,,0,36.98,0.037,0.009,22,ready,9
2026-10-08 21:54:13.401,146.27,20261008_215147,toy,recovery,3,602,manual,lie,99.0,80.4,1,,,,0,36.98,0.035,0.008,22,ready,9
2026-10-08 21:54:13.604,146.47,20261008_215147,toy,recovery,3,602,manual,lie,99.0,75.9,1,,,,0,36.98,0.034,0.008,22,ready,9
2026-10-08 21:54:13.810,146.68,20261008_215147,toy,recovery,3,602,manual,lie,99.0,75.9,1,,,,0,36.98,0.034,0.008,22,ready,9
2026-10-08 21:54:14.017,146.88,20261008_215147,toy,recovery,3,602,manual,lie,99.0,75.9,1,,,,0,36.98,0.034,0.008,22,ready,9
2026-10-08 21:54:14.224,147.09,20261008_215147,toy,recovery,3,602,manual,lie,99.0,88.0,1,,,,0,36.99,0.034,0.008,22,ready,9
2026-10-08 21:54:14.433,147.3,20261008_215147,toy,recovery,3,602,manual,lie,99.0,88.0,1,,,,0,36.99,0.032,0.008,22,ready,9
2026-10-08 21:54:14.729,147.6,20261008_215147,toy,recovery,3,602,manual,lie,99.0,88.0,1,,,,0,36.99,0.033,0.008,22,ready,9
2026-10-08 21:54:14.847,147.71,20261008_215147,toy,recovery,3,602,manual,lie,99.0,88.0,1,,,,0,36.99,0.031,0.008,22,ready,9
2026-10-08 21:54:15.051,147.92,20261008_215147,toy,recovery,3,602,manual,lie,99.0,88.0,1,,,,0,36.99,0.033,0.008,22,ready,9
2026-10-08 21:54:15.263,148.13,20261008_215147,toy,rest,,,,,99.0,88.0,1,,,,0,37.0,0.035,0.01,22,ready,9
2026-10-08 21:54:15.463,148.33,20261008_215147,toy,rest,,,,,98.3,88.2,1,,,,0,37.01,0.038,0.011,22,ready,8
2026-10-08 21:54:15.669,148.54,20261008_215147,toy,rest,,,,,98.3,88.2,1,,,,0,37.02,0.035,0.01,22,ready,8
2026-10-08 21:54:15.874,148.74,20261008_215147,toy,rest,,,,,98.3,88.2,1,,,,0,37.02,0.035,0.01,21,ready,8
2026-10-08 21:54:16.085,148.95,20261008_215147,toy,rest,,,,,96.6,87.2,1,,,,0,37.03,0.033,0.01,21,ready,8
2026-10-08 21:54:16.351,149.22,20261008_215147,toy,rest,,,,,96.6,87.2,1,,,,0,37.04,0.034,0.01,21,ready,8
2026-10-08 21:54:16.533,149.4,20261008_215147,toy,rest,,,,,98.3,105.7,1,,,,0,37.04,0.035,0.01,21,ready,8
2026-10-08 21:54:16.732,149.6,20261008_215147,toy,question,4,603,manual,truth,98.3,105.7,1,,,,0,37.05,0.034,0.009,21,question,8
2026-10-08 21:54:16.969,149.84,20261008_215147,toy,question,4,603,manual,truth,98.3,105.7,1,,,,0,37.06,0.033,0.009,21,question,8
2026-10-08 21:54:17.154,150.02,20261008_215147,toy,question,4,603,manual,truth,98.3,105.7,1,,,,0,37.06,0.031,0.008,21,question,8
2026-10-08 21:54:17.352,150.22,20261008_215147,toy,question,4,603,manual,truth,98.3,105.7,1,,,,0,37.07,0.031,0.008,21,question,8
2026-10-08 21:54:17.567,150.43,20261008_215147,toy,question,4,603,manual,truth,98.3,105.7,1,,,,0,37.07,0.031,0.008,21,question,8
2026-10-08 21:54:17.756,150.62,20261008_215147,toy,question,4,603,manual,truth,98.3,105.7,1,,,,0,37.08,0.029,0.007,21,question,8
2026-10-08 21:54:18.031,150.9,20261008_215147,toy,question,4,603,manual,truth,98.3,105.7,1,,,,0,37.08,0.028,0.007,21,question,8
2026-10-08 21:54:18.199,151.07,20261008_215147,toy,question,4,603,manual,truth,98.3,105.7,1,,,,0,37.08,0.027,0.007,21,question,8
2026-10-08 21:54:18.396,151.26,20261008_215147,toy,question,4,603,manual,truth,98.3,105.7,1,,,,0,37.08,0.025,0.008,21,question,8
2026-10-08 21:54:18.574,151.44,20261008_215147,toy,question,4,603,manual,truth,98.3,100.3,1,,,,0,37.09,0.026,0.008,21,question,8
2026-10-08 21:54:18.795,151.66,20261008_215147,toy,question,4,603,manual,truth,98.3,100.3,1,,,,0,37.09,0.03,0.008,21,question,8
2026-10-08 21:54:19.012,151.88,20261008_215147,toy,question,4,603,manual,truth,98.3,100.3,1,,,,0,37.09,0.037,0.009,21,question,9
2026-10-08 21:54:19.217,152.08,20261008_215147,toy,question,4,603,manual,truth,98.3,100.3,1,,,,0,37.1,0.04,0.009,21,question,9
2026-10-08 21:54:19.423,152.29,20261008_215147,toy,question,4,603,manual,truth,95.8,81.0,1,,,,0,37.11,0.04,0.01,21,question,9
2026-10-08 21:54:19.626,152.49,20261008_215147,toy,question,4,603,manual,truth,95.8,81.0,1,,,,0,37.11,0.04,0.01,21,question,9
2026-10-08 21:54:19.834,152.7,20261008_215147,toy,question,4,603,manual,truth,95.8,81.0,1,,,,0,37.11,0.042,0.01,21,question,9
2026-10-08 21:54:20.046,152.91,20261008_215147,toy,question,4,603,manual,truth,97.9,81.5,1,,,,0,37.12,0.041,0.01,21,question,9
2026-10-08 21:54:20.200,153.07,20261008_215147,toy,question,4,603,manual,truth,97.9,81.5,1,,,,0,37.12,0.037,0.009,21,question,9
2026-10-08 21:54:20.404,153.27,20261008_215147,toy,question,4,603,manual,truth,97.9,81.5,1,,,,0,37.1,0.034,0.008,21,question,9
2026-10-08 21:54:20.613,153.48,20261008_215147,toy,question,4,603,manual,truth,97.8,81.5,1,,,,0,37.1,0.036,0.008,21,question,9
2026-10-08 21:54:22.780,155.65,20261008_215147,toy,question,4,603,manual,truth,96.0,85.7,1,,,,0,37.14,0.039,0.01,21,question,8
2026-10-08 21:54:22.965,155.83,20261008_215147,toy,question,4,603,manual,truth,96.0,85.7,1,,,,0,37.15,0.036,0.009,21,question,8
2026-10-08 21:54:23.177,156.04,20261008_215147,toy,question,4,603,manual,truth,96.0,85.7,1,,,,0,37.15,0.033,0.008,21,question,8
2026-10-08 21:54:23.383,156.25,20261008_215147,toy,question,4,603,manual,truth,96.0,69.5,1,,,,0,37.15,0.034,0.008,21,question,8
2026-10-08 21:54:23.589,156.46,20261008_215147,toy,question,4,603,manual,truth,96.0,69.5,1,,,,0,37.16,0.033,0.008,21,question,8
2026-10-08 21:54:23.796,156.66,20261008_215147,toy,question,4,603,manual,truth,96.0,69.5,1,,,,0,37.16,0.031,0.007,21,question,8
2026-10-08 21:54:24.003,156.87,20261008_215147,toy,question,4,603,manual,truth,96.0,69.6,1,,,,0,37.16,0.029,0.007,20,question,8
2026-10-08 21:54:24.208,157.07,20261008_215147,toy,question,4,603,manual,truth,96.0,69.6,1,,,,0,37.16,0.031,0.007,20,question,8
2026-10-08 21:54:24.450,157.32,20261008_215147,toy,question,4,603,manual,truth,96.0,89.1,1,,,,0,37.17,0.033,0.008,20,question,8
2026-10-08 21:54:24.625,157.49,20261008_215147,toy,question,4,603,manual,truth,96.0,89.1,1,,,,0,37.17,0.033,0.007,20,question,8
2026-10-08 21:54:24.828,157.69,20261008_215147,toy,question,4,603,manual,truth,96.0,89.1,1,,,,0,37.17,0.032,0.007,20,question,8
2026-10-08 21:54:25.036,157.9,20261008_215147,toy,question,4,603,manual,truth,96.0,89.1,1,,,,0,37.17,0.032,0.007,20,question,8
2026-10-08 21:54:25.243,158.11,20261008_215147,toy,question,4,603,manual,truth,95.3,135.7,1,,,,0,37.18,0.031,0.007,20,question,8
2026-10-08 21:54:25.448,158.31,20261008_215147,toy,question,4,603,manual,truth,95.3,135.7,1,,,,0,37.18,0.031,0.007,20,question,8
2026-10-08 21:54:25.655,158.52,20261008_215147,toy,question,4,603,manual,truth,95.3,135.7,1,,,,0,37.19,0.036,0.007,20,question,8
2026-10-08 21:54:25.864,158.73,20261008_215147,toy,question,4,603,manual,truth,96.8,141.6,1,,,,0,37.18,0.036,0.008,20,question,8
2026-10-08 21:54:26.068,158.93,20261008_215147,toy,question,4,603,manual,truth,96.8,141.6,1,,,,0,37.18,0.035,0.007,20,question,8
2026-10-08 21:54:26.268,159.13,20261008_215147,toy,question,4,603,manual,truth,96.8,141.6,1,,,,0,37.19,0.034,0.008,20,question,8
2026-10-08 21:54:26.484,159.35,20261008_215147,toy,question,4,603,manual,truth,96.8,141.6,1,,,,0,37.19,0.035,0.007,20,question,8
2026-10-08 21:54:26.689,159.56,20261008_215147,toy,question,4,603,manual,truth,96.8,141.2,1,,,,0,37.19,0.039,0.009,20,question,8
2026-10-08 21:54:26.884,159.75,20261008_215147,toy,question,4,603,manual,truth,96.8,141.2,1,,,,0,37.19,0.036,0.008,21,question,8
2026-10-08 21:54:27.089,159.96,20261008_215147,toy,question,4,603,manual,truth,96.9,140.8,1,,,,0,37.19,0.034,0.008,21,question,8
2026-10-08 21:54:27.294,160.16,20261008_215147,toy,question,4,603,manual,truth,96.9,140.8,1,,,,0,37.19,0.033,0.007,21,question,8
2026-10-08 21:54:27.498,160.36,20261008_215147,toy,question,4,603,manual,truth,96.9,140.8,1,,,,0,37.19,0.03,0.007,21,question,8
2026-10-08 21:54:27.704,160.57,20261008_215147,toy,question,4,603,manual,truth,95.4,141.3,1,,,,0,37.19,0.03,0.007,20,question,8
2026-10-08 21:54:27.909,160.77,20261008_215147,toy,question,4,603,manual,truth,95.4,141.3,1,,,,0,37.19,0.03,0.008,20,question,8
2026-10-08 21:54:28.142,161.01,20261008_215147,toy,question,4,603,manual,truth,95.4,141.3,1,,,,0,37.19,0.036,0.008,20,question,8
2026-10-08 21:54:28.318,161.18,20261008_215147,toy,question,4,603,manual,truth,95.4,141.3,1,,,,0,37.19,0.037,0.009,20,question,8
2026-10-08 21:54:28.555,161.42,20261008_215147,toy,recovery,4,603,manual,truth,95.4,141.3,1,,,,0,37.19,0.037,0.011,20,ready,8
2026-10-08 21:54:28.727,161.59,20261008_215147,toy,recovery,4,603,manual,truth,95.4,141.3,1,,,,0,37.2,0.049,0.015,20,ready,8
2026-10-08 21:54:28.932,161.8,20261008_215147,toy,recovery,4,603,manual,truth,95.4,141.3,1,,,,0,37.2,0.049,0.015,20,ready,8
2026-10-08 21:54:29.140,162.01,20261008_215147,toy,recovery,4,603,manual,truth,95.4,141.3,1,,,,0,37.2,0.057,0.016,20,ready,8
2026-10-08 21:54:29.343,162.21,20261008_215147,toy,recovery,4,603,manual,truth,95.4,141.3,1,,,,0,37.2,0.054,0.015,20,ready,8
2026-10-08 21:54:29.798,162.66,20261008_215147,toy,recovery,4,603,manual,truth,95.4,141.3,1,,,,0,37.2,0.051,0.014,21,ready,8
2026-10-08 21:54:29.799,162.67,20261008_215147,toy,recovery,4,603,manual,truth,95.4,141.3,1,,,,0,37.21,0.048,0.013,20,ready,8
2026-10-08 21:54:29.967,162.83,20261008_215147,toy,recovery,4,603,manual,truth,92.9,141.3,1,,,,0,37.21,0.047,0.013,20,ready,8
2026-10-08 21:54:30.171,163.04,20261008_215147,toy,recovery,4,603,manual,truth,92.9,141.3,1,,,,0,37.21,0.045,0.012,20,ready,8
2026-10-08 21:54:30.377,163.24,20261008_215147,toy,recovery,4,603,manual,truth,92.9,141.3,1,,,,0,37.21,0.042,0.011,20,ready,8
2026-10-08 21:54:30.581,163.45,20261008_215147,toy,recovery,4,603,manual,truth,92.9,142.2,1,,,,0,37.21,0.039,0.01,20,ready,9
2026-10-08 21:54:30.793,163.66,20261008_215147,toy,recovery,4,603,manual,truth,92.9,142.2,1,,,,0,37.22,0.038,0.01,20,ready,9
2026-10-08 21:54:31.000,163.87,20261008_215147,toy,recovery,4,603,manual,truth,92.9,142.2,1,,,,0,37.22,0.036,0.01,20,ready,9
2026-10-08 21:54:31.224,164.09,20261008_215147,toy,rest,,,,,92.9,142.2,1,,,,0,37.22,0.034,0.009,19,ready,9
2026-10-08 21:54:31.414,164.28,20261008_215147,toy,rest,,,,,92.3,141.5,1,,,,0,37.22,0.034,0.009,19,ready,9
2026-10-08 21:54:31.619,164.48,20261008_215147,toy,rest,,,,,92.3,141.5,1,,,,0,37.22,0.036,0.01,19,ready,9
2026-10-08 21:54:31.824,164.69,20261008_215147,toy,rest,,,,,92.3,142.9,1,,,,0,37.23,0.034,0.009,19,ready,9
2026-10-08 21:54:32.028,164.89,20261008_215147,toy,rest,,,,,92.3,142.9,1,,,,0,37.23,0.035,0.01,19,ready,9
2026-10-08 21:54:32.231,165.1,20261008_215147,toy,recovery,5,604,manual,lie,92.3,142.9,1,,,,0,37.24,0.036,0.01,19,ready,9
2026-10-08 21:54:32.441,165.31,20261008_215147,toy,question,5,604,manual,lie,92.3,142.9,1,,,,0,37.24,0.036,0.009,19,question,8
2026-10-08 21:54:32.653,165.52,20261008_215147,toy,question,5,604,manual,lie,92.3,138.3,1,,,,0,37.24,0.038,0.009,19,question,8
2026-10-08 21:54:34.817,167.68,20261008_215147,toy,question,5,604,manual,lie,97.7,59.7,1,,,,0,37.24,0.034,0.008,20,question,8
2026-10-08 21:54:35.024,167.89,20261008_215147,toy,question,5,604,manual,lie,95.9,61.4,1,,,,0,37.24,0.036,0.008,20,question,8
2026-10-08 21:54:35.228,168.09,20261008_215147,toy,question,5,604,manual,lie,95.9,61.4,1,,,,0,37.25,0.033,0.008,20,question,8
2026-10-08 21:54:35.435,168.3,20261008_215147,toy,question,5,604,manual,lie,95.9,61.4,1,,,,0,37.25,0.032,0.008,20,question,8
2026-10-08 21:54:35.925,168.79,20261008_215147,toy,question,5,604,manual,lie,95.9,61.4,1,,,,0,37.24,0.03,0.007,20,question,8
2026-10-08 21:54:35.925,168.79,20261008_215147,toy,question,5,604,manual,lie,95.9,67.8,1,,,,0,37.24,0.029,0.007,20,question,8
2026-10-08 21:54:36.049,168.92,20261008_215147,toy,question,5,604,manual,lie,95.9,67.8,1,,,,0,37.24,0.031,0.007,20,question,8
2026-10-08 21:54:36.263,169.13,20261008_215147,toy,question,5,604,manual,lie,95.9,67.8,1,,,,0,37.24,0.03,0.007,20,question,8
2026-10-08 21:54:36.465,169.33,20261008_215147,toy,question,5,604,manual,lie,97.0,76.2,1,,,,0,37.25,0.028,0.007,20,question,8
2026-10-08 21:54:36.666,169.53,20261008_215147,toy,question,5,604,manual,lie,97.0,76.2,1,,,,0,37.25,0.032,0.008,20,question,9
2026-10-08 21:54:36.875,169.74,20261008_215147,toy,question,5,604,manual,lie,97.0,76.2,1,,,,0,37.25,0.037,0.009,20,question,9
2026-10-08 21:54:37.088,169.95,20261008_215147,toy,question,5,604,manual,lie,97.0,76.2,1,,,,0,37.25,0.037,0.009,20,question,9
2026-10-08 21:54:37.290,170.16,20261008_215147,toy,question,5,604,manual,lie,97.0,76.2,1,,,,0,37.25,0.036,0.009,20,question,9
2026-10-08 21:54:37.493,170.36,20261008_215147,toy,question,5,604,manual,lie,97.0,76.2,1,,,,0,37.26,0.033,0.008,21,question,9
2026-10-08 21:54:38.107,170.97,20261008_215147,toy,question,5,604,manual,lie,97.0,76.2,1,,,,0,37.23,0.033,0.008,21,question,8
2026-10-08 21:54:38.117,170.98,20261008_215147,toy,question,5,604,manual,lie,97.0,76.2,1,,,,0,37.24,0.033,0.007,21,question,8
2026-10-08 21:54:38.621,171.49,20261008_215147,toy,question,5,604,manual,lie,97.0,78.6,1,,,,0,37.24,0.032,0.007,21,question,8
2026-10-08 21:54:38.622,171.49,20261008_215147,toy,question,5,604,manual,lie,97.0,78.6,1,,,,0,37.24,0.031,0.007,21,question,8
2026-10-08 21:54:38.780,171.65,20261008_215147,toy,question,5,604,manual,lie,97.0,78.6,1,,,,0,37.25,0.03,0.007,21,question,8
2026-10-08 21:54:38.939,171.81,20261008_215147,toy,question,5,604,manual,lie,97.0,77.6,1,,,,0,37.25,0.028,0.007,21,question,8
2026-10-08 21:54:39.146,172.01,20261008_215147,toy,question,5,604,manual,lie,97.0,77.6,1,,,,0,37.25,0.029,0.007,21,question,8
2026-10-08 21:54:39.349,172.22,20261008_215147,toy,question,5,604,manual,lie,97.0,77.6,1,,,,0,37.25,0.029,0.007,21,question,8
2026-10-08 21:54:39.555,172.42,20261008_215147,toy,question,5,604,manual,lie,98.6,71.1,1,,,,0,37.25,0.029,0.007,21,question,8
2026-10-08 21:54:39.776,172.64,20261008_215147,toy,question,5,604,manual,lie,98.6,71.1,1,,,,0,37.26,0.028,0.007,21,question,9
2026-10-08 21:54:39.973,172.84,20261008_215147,toy,question,5,604,manual,lie,98.6,59.0,1,,,,0,37.26,0.027,0.007,21,question,9
2026-10-08 21:54:40.177,173.04,20261008_215147,toy,question,5,604,manual,lie,98.6,59.0,1,,,,0,37.27,0.025,0.006,21,question,9
2026-10-08 21:54:40.383,173.25,20261008_215147,toy,question,5,604,manual,lie,98.6,59.0,1,,,,0,37.24,0.023,0.006,21,question,8
2026-10-08 21:54:40.589,173.46,20261008_215147,toy,question,5,604,manual,lie,98.5,58.9,1,,,,0,37.25,0.027,0.007,21,question,8
2026-10-08 21:54:40.832,173.7,20261008_215147,toy,question,5,604,manual,lie,98.5,58.9,1,,,,0,37.25,0.03,0.008,21,question,8
2026-10-08 21:54:40.999,173.87,20261008_215147,toy,question,5,604,manual,lie,98.5,58.9,1,,,,0,37.25,0.038,0.009,21,question,8
2026-10-08 21:54:41.205,174.07,20261008_215147,toy,question,5,604,manual,lie,98.5,58.9,1,,,,0,37.26,0.047,0.01,21,question,8
2026-10-08 21:54:41.403,174.27,20261008_215147,toy,question,5,604,manual,lie,98.3,57.8,1,,,,0,37.26,0.045,0.01,21,question,8
2026-10-08 21:54:41.607,174.47,20261008_215147,toy,question,5,604,manual,lie,98.3,57.8,1,,,,0,37.27,0.041,0.009,21,question,8
2026-10-08 21:54:41.815,174.68,20261008_215147,toy,question,5,604,manual,lie,98.3,57.8,1,,,,0,37.28,0.04,0.009,21,question,8
2026-10-08 21:54:42.025,174.89,20261008_215147,toy,question,5,604,manual,lie,98.3,56.5,1,,,,0,37.28,0.038,0.009,21,question,8
2026-10-08 21:54:42.229,175.1,20261008_215147,toy,question,5,604,manual,lie,98.3,56.5,1,,,,0,37.28,0.039,0.009,21,question,9
2026-10-08 21:54:42.434,175.3,20261008_215147,toy,question,5,604,manual,lie,98.3,56.5,1,,,,0,37.28,0.036,0.009,21,question,9
2026-10-08 21:54:42.643,175.51,20261008_215147,toy,question,5,604,manual,lie,98.3,54.4,1,,,,0,37.29,0.038,0.01,21,question,9
2026-10-08 21:54:42.852,175.72,20261008_215147,toy,question,5,604,manual,lie,98.3,54.4,1,,,,0,37.29,0.038,0.009,21,question,9
2026-10-08 21:54:44.851,177.72,20261008_215147,toy,recovery,5,604,manual,lie,100.0,37.8,1,,,,0,37.33,0.039,0.011,22,ready,8
2026-10-08 21:54:45.048,177.91,20261008_215147,toy,recovery,5,604,manual,lie,100.0,37.8,1,,,,0,37.34,0.046,0.013,22,ready,8
2026-10-08 21:54:45.256,178.12,20261008_215147,toy,recovery,5,604,manual,lie,106.7,37.8,1,,,,0,37.35,0.047,0.013,23,ready,8
2026-10-08 21:54:45.453,178.32,20261008_215147,toy,recovery,5,604,manual,lie,106.7,37.8,1,,,,0,37.35,0.044,0.012,23,ready,8
2026-10-08 21:54:45.658,178.52,20261008_215147,toy,recovery,5,604,manual,lie,106.7,37.8,1,,,,0,37.35,0.041,0.011,24,ready,9
2026-10-08 21:54:46.360,179.23,20261008_215147,toy,recovery,5,604,manual,lie,106.7,37.8,1,,,,0,37.36,0.038,0.01,24,ready,9
2026-10-08 21:54:46.361,179.23,20261008_215147,toy,recovery,5,604,manual,lie,106.7,37.8,1,,,,0,37.37,0.038,0.01,25,ready,9
2026-10-08 21:54:46.475,179.34,20261008_215147,toy,recovery,5,604,manual,lie,106.7,37.8,1,,,,0,37.37,0.037,0.01,25,ready,9
2026-10-08 21:54:46.679,179.54,20261008_215147,toy,recovery,5,604,manual,lie,106.7,37.8,1,,,,0,37.38,0.037,0.009,25,ready,9
2026-10-08 21:54:46.897,179.76,20261008_215147,toy,recovery,5,604,manual,lie,106.7,37.8,1,,,,0,37.38,0.036,0.009,25,ready,9
2026-10-08 21:54:47.426,180.29,20261008_215147,toy,recovery,5,604,manual,lie,119.9,39.6,1,,,,0,37.39,0.045,0.022,27,ready,9
2026-10-08 21:54:47.489,180.36,20261008_215147,toy,recovery,5,604,manual,lie,120.0,63.4,1,,,,0,37.4,0.076,0.061,28,ready,9
2026-10-08 21:54:47.702,180.57,20261008_215147,toy,rest,,,,,120.0,63.4,1,,,,0,37.41,0.139,0.075,30,ready,9
2026-10-08 21:54:47.905,180.77,20261008_215147,toy,rest,,,,,120.0,63.4,1,,,,0,37.39,0.156,0.089,32,ready,8
2026-10-08 21:54:48.113,180.98,20261008_215147,toy,rest,,,,,120.0,63.4,1,,,,0,37.4,0.156,0.279,33,ready,8
2026-10-08 21:54:48.321,181.19,20261008_215147,toy,rest,,,,,119.9,105.8,1,,,,0,37.4,0.147,0.311,34,ready,8
2026-10-08 21:54:48.527,181.39,20261008_215147,toy,rest,,,,,119.9,131.7,1,,,,0,37.41,0.367,0.481,37,ready,8
2026-10-08 21:54:48.725,181.59,20261008_215147,toy,question,6,605,manual,truth,119.9,131.7,1,,,,0,37.41,0.389,0.487,40,question,8
2026-10-08 21:54:48.933,181.8,20261008_215147,toy,question,6,605,manual,truth,119.9,131.7,1,,,,0,37.38,0.398,0.458,42,question,8
2026-10-08 21:54:49.133,182.0,20261008_215147,toy,question,6,605,manual,truth,122.8,137.5,1,,,,0,37.39,0.696,0.587,47,question,8
2026-10-08 21:54:49.339,182.21,20261008_215147,toy,question,6,605,manual,truth,122.8,137.5,1,,,,0,37.4,0.924,0.67,52,question,8
2026-10-08 21:54:49.650,182.52,20261008_215147,toy,question,6,605,manual,truth,159.2,145.4,1,,,,0,37.41,0.838,0.608,59,question,8
2026-10-08 21:54:49.752,182.62,20261008_215147,toy,question,6,605,manual,truth,159.2,145.4,1,,,,0,37.41,0.76,0.558,64,question,8
2026-10-08 21:54:49.956,182.82,20261008_215147,toy,question,6,605,manual,truth,144.7,146.6,1,,,,0,37.41,0.689,0.506,67,question,8
2026-10-08 21:54:50.163,183.03,20261008_215147,toy,question,6,605,manual,truth,144.7,146.6,1,,,,0,37.42,0.625,0.458,69,question,8
2026-10-08 21:54:50.369,183.23,20261008_215147,toy,question,6,605,manual,truth,144.7,146.7,1,,,,0,37.42,0.566,0.415,70,question,8
2026-10-08 21:54:50.672,183.54,20261008_215147,toy,question,6,605,manual,truth,144.7,146.7,1,,,,0,37.42,0.512,0.375,71,question,8
2026-10-08 21:54:50.803,183.67,20261008_215147,toy,question,6,605,manual,truth,144.7,146.4,1,,,,0,37.43,0.463,0.34,71,question,8
2026-10-08 21:54:52.890,185.76,20261008_215147,toy,question,6,605,manual,truth,144.7,146.4,1,,,,0,37.47,0.16,0.114,61,question,8
2026-10-08 21:54:53.093,185.96,20261008_215147,toy,question,6,605,manual,truth,160.5,146.4,1,,,,0,37.47,0.146,0.103,62,question,8
2026-10-08 21:54:53.289,186.16,20261008_215147,toy,question,6,605,manual,truth,160.5,146.4,1,,,,0,37.48,0.133,0.093,63,question,8
2026-10-08 21:54:53.495,186.36,20261008_215147,toy,question,6,605,manual,truth,144.7,142.5,1,,,,0,37.48,0.12,0.085,61,question,8
2026-10-08 21:54:53.705,186.57,20261008_215147,toy,question,6,605,manual,truth,144.7,142.5,1,,,,0,37.49,0.109,0.077,60,question,8
2026-10-08 21:54:53.904,186.77,20261008_215147,toy,question,6,605,manual,truth,144.7,142.5,1,,,,0,37.47,0.099,0.069,58,question,9
2026-10-08 21:54:54.114,186.98,20261008_215147,toy,question,6,605,manual,truth,144.7,142.5,1,,,,0,37.48,0.091,0.063,57,question,9
2026-10-08 21:54:54.327,187.19,20261008_215147,toy,question,6,605,manual,truth,144.7,142.5,1,,,,0,37.48,0.082,0.057,56,question,8
2026-10-08 21:54:54.523,187.39,20261008_215147,toy,question,6,605,manual,truth,144.7,142.5,1,,,,0,37.48,0.075,0.052,56,question,9
2026-10-08 21:54:54.736,187.6,20261008_215147,toy,question,6,605,manual,truth,144.7,142.5,1,,,,0,37.49,0.069,0.047,55,question,9
2026-10-08 21:54:56.901,189.77,20261008_215147,toy,question,6,605,manual,truth,99.1,,1,,,,0,37.52,0.036,0.019,26,question,9
2026-10-08 21:54:57.108,189.97,20261008_215147,toy,question,6,605,manual,truth,100.4,,1,,,,0,37.52,0.033,0.017,25,question,9
2026-10-08 21:54:57.304,190.17,20261008_215147,toy,question,6,605,manual,truth,100.4,,1,,,,0,37.53,0.031,0.016,24,question,9
2026-10-08 21:54:57.514,190.38,20261008_215147,toy,question,6,605,manual,truth,100.4,,1,,,,0,37.53,0.03,0.014,24,question,8
2026-10-08 21:54:57.738,190.6,20261008_215147,toy,question,6,605,manual,truth,99.1,80.2,1,,,,0,37.53,0.03,0.013,24,question,8
2026-10-08 21:54:57.921,190.79,20261008_215147,toy,question,6,605,manual,truth,99.1,80.2,1,,,,0,37.53,0.034,0.016,23,question,8
2026-10-08 21:54:58.132,191.0,20261008_215147,toy,question,6,605,manual,truth,99.1,80.2,1,,,,0,37.5,0.035,0.016,23,question,8
2026-10-08 21:54:58.338,191.2,20261008_215147,toy,question,6,605,manual,truth,99.1,80.2,1,,,,0,37.51,0.035,0.016,23,question,8
2026-10-08 21:54:58.542,191.41,20261008_215147,toy,question,6,605,manual,truth,99.1,80.2,1,,,,0,37.51,0.032,0.016,23,question,8
2026-10-08 21:54:58.746,191.61,20261008_215147,toy,question,6,605,manual,truth,99.1,80.2,1,,,,0,37.51,0.036,0.016,22,question,8
2026-10-08 21:54:58.952,191.82,20261008_215147,toy,question,6,605,manual,truth,99.1,80.2,1,,,,0,37.51,0.042,0.018,22,question,8
2026-10-08 21:54:59.165,192.03,20261008_215147,toy,question,6,605,manual,truth,99.1,80.2,1,,,,0,37.52,0.039,0.021,22,question,8
2026-10-08 21:54:59.363,192.23,20261008_215147,toy,question,6,605,manual,truth,99.1,80.2,1,,,,0,37.52,0.038,0.019,22,question,8
2026-10-08 21:54:59.574,192.44,20261008_215147,toy,question,6,605,manual,truth,101.6,80.2,1,,,,0,37.52,0.037,0.018,22,question,8
2026-10-08 21:54:59.775,192.64,20261008_215147,toy,question,6,605,manual,truth,101.6,80.2,1,,,,0,37.53,0.041,0.018,22,question,8
2026-10-08 21:54:59.983,192.85,20261008_215147,toy,question,6,605,manual,truth,101.6,80.2,1,,,,0,37.53,0.04,0.017,23,question,8
2026-10-08 21:55:00.188,193.05,20261008_215147,toy,question,6,605,manual,truth,101.6,80.2,1,,,,0,37.53,0.039,0.018,23,question,8
2026-10-08 21:55:00.393,193.26,20261008_215147,toy,question,6,605,manual,truth,99.1,75.3,1,,,,0,37.54,0.036,0.016,23,question,8
2026-10-08 21:55:00.603,193.47,20261008_215147,toy,recovery,6,605,manual,truth,99.1,75.3,1,,,,0,37.54,0.037,0.016,22,ready,8
2026-10-08 21:55:00.815,193.68,20261008_215147,toy,recovery,6,605,manual,truth,99.1,75.3,1,,,,0,37.54,0.035,0.016,22,ready,8
2026-10-08 21:55:01.021,193.89,20261008_215147,toy,recovery,6,605,manual,truth,99.1,75.3,1,,,,0,37.54,0.032,0.015,22,ready,8
2026-10-08 21:55:01.235,194.1,20261008_215147,toy,recovery,6,605,manual,truth,99.1,75.3,1,,,,0,37.54,0.03,0.014,22,ready,8
2026-10-08 21:55:01.435,194.3,20261008_215147,toy,recovery,6,605,manual,truth,99.1,75.3,1,,,,0,37.54,0.03,0.014,22,ready,8
2026-10-08 21:55:01.643,194.51,20261008_215147,toy,recovery,6,605,manual,truth,99.1,75.3,1,,,,0,37.55,0.028,0.014,22,ready,8
2026-10-08 21:55:01.857,194.72,20261008_215147,toy,recovery,6,605,manual,truth,99.1,75.3,1,,,,0,37.55,0.027,0.013,22,ready,8
2026-10-08 21:55:02.059,194.93,20261008_215147,toy,recovery,6,605,manual,truth,99.1,75.3,1,,,,0,37.55,0.027,0.012,22,ready,8
2026-10-08 21:55:02.260,195.13,20261008_215147,toy,recovery,6,605,manual,truth,99.1,75.3,1,,,,0,37.55,0.026,0.011,22,ready,8
2026-10-08 21:55:02.469,195.34,20261008_215147,toy,recovery,6,605,manual,truth,,,1,,,,0,37.55,0.029,0.014,20,ready,8
2026-10-08 21:55:02.674,195.54,20261008_215147,toy,recovery,6,605,manual,truth,,,1,,,,0,37.56,0.031,0.015,19,ready,8
2026-10-08 21:55:03.195,196.06,20261008_215147,toy,rest,,,,,,,1,,,,0,37.56,0.041,0.016,19,ready,8
2026-10-08 21:55:03.197,196.06,20261008_215147,toy,rest,,,,,122.8,,1,,,,0,37.56,0.041,0.015,22,ready,8
2026-10-08 21:55:03.315,196.18,20261008_215147,toy,rest,,,,,122.8,,1,,,,0,37.56,0.039,0.015,26,ready,8
2026-10-08 21:55:03.503,196.37,20261008_215147,toy,rest,,,,,97.1,,1,,,,0,37.55,0.039,0.015,25,ready,8
2026-10-08 21:55:03.716,196.58,20261008_215147,toy,rest,,,,,97.1,,1,,,,0,37.55,0.037,0.014,24,ready,8
2026-10-08 21:55:03.990,196.86,20261008_215147,toy,rest,,,,,97.1,,1,,,,0,37.56,0.039,0.013,24,ready,8
2026-10-08 21:55:04.119,196.99,20261008_215147,toy,question,7,606,manual,truth,100.1,,1,,,,0,37.55,0.037,0.013,23,question,8
2026-10-08 21:55:04.321,197.19,20261008_215147,toy,question,7,606,manual,truth,100.1,,1,,,,0,37.56,0.035,0.013,23,question,8
2026-10-08 21:55:04.532,197.4,20261008_215147,toy,question,7,606,manual,truth,103.1,138.3,1,,,,0,37.57,0.035,0.013,23,question,8
2026-10-08 21:55:04.741,197.61,20261008_215147,toy,question,7,606,manual,truth,103.1,138.3,1,,,,0,37.57,0.033,0.014,23,question,8
2026-10-08 21:55:04.942,197.81,20261008_215147,toy,question,7,606,manual,truth,103.1,138.3,1,,,,0,37.58,0.031,0.013,23,question,8
2026-10-08 21:55:05.147,198.01,20261008_215147,toy,question,7,606,manual,truth,103.1,138.3,1,,,,0,37.58,0.032,0.012,23,question,8
2026-10-08 21:55:05.350,198.22,20261008_215147,toy,question,7,606,manual,truth,103.1,138.3,1,,,,0,37.58,0.029,0.011,23,question,8
2026-10-08 21:55:05.563,198.43,20261008_215147,toy,question,7,606,manual,truth,103.1,138.3,1,,,,0,37.58,0.028,0.01,23,question,8
2026-10-08 21:55:05.793,198.66,20261008_215147,toy,question,7,606,manual,truth,103.1,138.3,1,,,,0,37.58,0.028,0.01,23,question,8
2026-10-08 21:55:05.970,198.84,20261008_215147,toy,question,7,606,manual,truth,99.4,138.3,1,,,,0,37.58,0.03,0.009,23,question,8
2026-10-08 21:55:06.242,199.11,20261008_215147,toy,question,7,606,manual,truth,99.4,138.3,1,,,,0,37.59,0.028,0.009,23,question,8
2026-10-08 21:55:06.390,199.26,20261008_215147,toy,question,7,606,manual,truth,99.4,138.3,1,,,,0,37.59,0.027,0.008,23,question,8
2026-10-08 21:55:06.591,199.46,20261008_215147,toy,question,7,606,manual,truth,99.4,123.7,1,,,,0,37.59,0.027,0.008,22,question,8
2026-10-08 21:55:06.790,199.66,20261008_215147,toy,question,7,606,manual,truth,99.4,123.7,1,,,,0,37.59,0.027,0.008,22,question,8
2026-10-08 21:55:08.965,201.83,20261008_215147,toy,question,7,606,manual,truth,103.4,118.3,1,,,,0,37.61,0.027,0.007,24,question,8
2026-10-08 21:55:09.166,202.03,20261008_215147,toy,question,7,606,manual,truth,103.4,118.3,1,,,,0,37.61,0.025,0.007,24,question,8
2026-10-08 21:55:09.369,202.24,20261008_215147,toy,question,7,606,manual,truth,103.4,116.9,1,,,,0,37.61,0.025,0.008,24,question,8
2026-10-08 21:55:09.572,202.44,20261008_215147,toy,question,7,606,manual,truth,103.4,116.9,1,,,,0,37.61,0.027,0.01,24,question,8
2026-10-08 21:55:09.782,202.65,20261008_215147,toy,question,7,606,manual,truth,103.4,116.0,1,,,,0,37.61,0.026,0.01,24,question,8
2026-10-08 21:55:09.987,202.85,20261008_215147,toy,question,7,606,manual,truth,103.4,116.0,1,,,,0,37.61,0.025,0.01,24,question,8
2026-10-08 21:55:10.197,203.06,20261008_215147,toy,question,7,606,manual,truth,103.4,116.0,1,,,,0,37.61,0.028,0.01,24,question,8
2026-10-08 21:55:10.397,203.26,20261008_215147,toy,question,7,606,manual,truth,103.4,116.0,1,,,,0,37.59,0.032,0.01,24,question,8
2026-10-08 21:55:10.609,203.48,20261008_215147,toy,question,7,606,manual,truth,103.4,116.0,1,,,,0,37.59,0.032,0.01,24,question,8
2026-10-08 21:55:10.818,203.68,20261008_215147,toy,question,7,606,manual,truth,101.3,122.3,1,,,,0,37.6,0.03,0.009,23,question,8
2026-10-08 21:55:12.965,205.83,20261008_215147,toy,question,7,606,manual,truth,101.8,127.1,1,,,,0,37.59,0.038,0.011,23,question,8
2026-10-08 21:55:13.167,206.03,20261008_215147,toy,question,7,606,manual,truth,101.8,127.1,1,,,,0,37.59,0.038,0.011,23,question,8
2026-10-08 21:55:13.396,206.26,20261008_215147,toy,question,7,606,manual,truth,101.8,127.1,1,,,,0,37.6,0.037,0.01,23,question,8
2026-10-08 21:55:13.583,206.45,20261008_215147,toy,question,7,606,manual,truth,101.8,127.1,1,,,,0,37.6,0.035,0.01,23,question,8
2026-10-08 21:55:13.789,206.66,20261008_215147,toy,question,7,606,manual,truth,101.8,127.1,1,,,,0,37.6,0.034,0.01,23,question,8
2026-10-08 21:55:13.983,206.85,20261008_215147,toy,question,7,606,manual,truth,101.8,127.1,1,,,,0,37.61,0.031,0.01,23,question,8
2026-10-08 21:55:14.187,207.05,20261008_215147,toy,question,7,606,manual,truth,101.8,127.1,1,,,,0,37.61,0.03,0.01,23,question,8
2026-10-08 21:55:14.393,207.26,20261008_215147,toy,question,7,606,manual,truth,101.8,127.1,1,,,,0,37.61,0.031,0.01,23,question,8
2026-10-08 21:55:14.599,207.47,20261008_215147,toy,question,7,606,manual,truth,101.8,127.1,1,,,,0,37.61,0.033,0.011,23,question,8
2026-10-08 21:55:14.805,207.67,20261008_215147,toy,question,7,606,manual,truth,101.8,127.1,1,,,,0,37.61,0.033,0.01,23,question,8
2026-10-08 21:55:15.003,207.87,20261008_215147,toy,question,7,606,manual,truth,100.6,128.0,1,,,,0,37.62,0.032,0.009,23,question,8
2026-10-08 21:55:15.205,208.07,20261008_215147,toy,question,7,606,manual,truth,100.6,128.0,1,,,,0,37.62,0.034,0.009,23,question,8
2026-10-08 21:55:15.406,208.27,20261008_215147,toy,question,7,606,manual,truth,100.6,128.0,1,,,,0,37.62,0.035,0.01,23,question,8
2026-10-08 21:55:15.610,208.48,20261008_215147,toy,question,7,606,manual,truth,100.6,110.5,1,,,,0,37.62,0.036,0.01,23,question,8
2026-10-08 21:55:15.816,208.68,20261008_215147,toy,question,7,606,manual,truth,100.6,110.5,1,,,,0,37.62,0.036,0.009,23,question,8
2026-10-08 21:55:16.051,208.92,20261008_215147,toy,recovery,7,606,manual,truth,100.6,110.5,1,,,,0,37.62,0.037,0.01,23,ready,8
2026-10-08 21:55:16.228,209.09,20261008_215147,toy,recovery,7,606,manual,truth,100.6,104.5,1,,,,0,37.62,0.038,0.01,23,ready,8
2026-10-08 21:55:16.425,209.29,20261008_215147,toy,recovery,7,606,manual,truth,100.6,104.5,1,,,,0,37.63,0.038,0.01,23,ready,8
2026-10-08 21:55:16.629,209.5,20261008_215147,toy,recovery,7,606,manual,truth,100.6,104.5,1,,,,0,37.63,0.035,0.01,23,ready,8
2026-10-08 21:55:16.835,209.7,20261008_215147,toy,recovery,7,606,manual,truth,100.6,104.5,1,,,,0,37.63,0.04,0.012,23,ready,8
2026-10-08 21:55:17.045,209.91,20261008_215147,toy,recovery,7,606,manual,truth,100.6,104.5,1,,,,0,37.63,0.04,0.014,23,ready,8
2026-10-08 21:55:17.249,210.12,20261008_215147,toy,recovery,7,606,manual,truth,100.6,104.5,1,,,,0,37.64,0.039,0.013,23,ready,8
2026-10-08 21:55:17.457,210.32,20261008_215147,toy,recovery,7,606,manual,truth,100.6,104.5,1,,,,0,37.64,0.038,0.012,23,ready,8
2026-10-08 21:55:18.144,211.01,20261008_215147,toy,rest,,,,,96.5,110.7,1,,,,0,37.63,0.035,0.011,22,ready,9
2026-10-08 21:55:18.145,211.01,20261008_215147,toy,rest,,,,,96.5,110.7,1,,,,0,37.63,0.033,0.011,22,ready,9
2026-10-08 21:55:18.264,211.13,20261008_215147,toy,rest,,,,,98.4,111.2,1,,,,0,37.63,0.032,0.011,22,ready,9
2026-10-08 21:55:18.469,211.34,20261008_215147,toy,rest,,,,,98.4,111.2,1,,,,0,37.63,0.034,0.011,22,ready,9
2026-10-08 21:55:18.967,211.83,20261008_215147,toy,rest,,,,,98.4,111.2,1,,,,0,37.63,0.034,0.01,21,ready,9
2026-10-08 21:55:18.968,211.83,20261008_215147,toy,rest,,,,,98.4,111.2,1,,,,0,37.63,0.031,0.01,21,ready,9
2026-10-08 21:55:19.076,211.94,20261008_215147,toy,rest,,,,,98.4,112.4,1,,,,0,37.63,0.029,0.009,21,ready,9
2026-10-08 21:55:19.275,212.14,20261008_215147,toy,rest,,,,,98.4,112.4,1,,,,0,37.64,0.027,0.008,21,ready,9
2026-10-08 21:55:19.486,212.35,20261008_215147,toy,rest,,,,,98.4,112.4,1,,,,0,37.63,0.031,0.009,21,ready,9
2026-10-08 21:55:19.688,212.55,20261008_215147,toy,rest,,,,,98.4,112.4,1,,,,0,37.63,0.031,0.009,21,ready,9
2026-10-08 21:55:19.891,212.76,20261008_215147,toy,rest,,,,,98.4,112.4,1,,,,0,37.63,0.03,0.009,21,ready,9
2026-10-08 21:55:20.095,212.96,20261008_215147,toy,rest,,,,,98.4,47.4,1,,,,0,37.63,0.031,0.009,21,ready,9
2026-10-08 21:55:20.322,213.19,20261008_215147,toy,rest,,,,,98.4,47.4,1,,,,0,37.63,0.032,0.01,21,ready,9
2026-10-08 21:55:20.514,213.38,20261008_215147,toy,rest,,,,,98.4,47.4,1,,,,0,37.63,0.031,0.009,21,ready,9
2026-10-08 21:55:20.714,213.58,20261008_215147,toy,rest,,,,,96.8,43.3,1,,,,0,37.63,0.03,0.008,21,ready,9
2026-10-08 21:55:20.925,213.79,20261008_215147,toy,rest,,,,,96.8,43.3,1,,,,0,37.63,0.031,0.009,21,ready,9
2026-10-08 21:55:21.126,213.99,20261008_215147,toy,rest,,,,,96.8,43.3,1,,,,0,37.64,0.031,0.01,21,ready,9
2026-10-08 21:55:21.333,214.2,20261008_215147,toy,rest,,,,,96.8,43.3,1,,,,0,37.64,0.03,0.009,21,ready,9
2026-10-08 21:55:21.533,214.4,20261008_215147,toy,rest,,,,,98.4,43.3,1,,,,0,37.64,0.03,0.009,21,ready,9
2026-10-08 21:55:21.738,214.6,20261008_215147,toy,rest,,,,,98.4,43.3,1,,,,0,37.64,0.03,0.008,21,ready,9
2026-10-08 21:55:22.240,215.11,20261008_215147,toy,rest,,,,,98.4,43.3,1,,,,0,37.66,0.032,0.009,21,ready,9
2026-10-08 21:55:22.242,215.11,20261008_215147,toy,rest,,,,,98.4,43.3,1,,,,0,37.65,0.03,0.009,21,ready,9
2026-10-08 21:55:22.413,215.28,20261008_215147,toy,rest,,,,,98.4,43.3,1,,,,0,37.65,0.029,0.008,21,ready,9
2026-10-08 21:55:22.565,215.43,20261008_215147,toy,rest,,,,,96.9,36.9,1,,,,0,37.65,0.03,0.008,21,ready,9
2026-10-08 21:55:22.776,215.64,20261008_215147,toy,rest,,,,,96.9,36.9,1,,,,0,37.65,0.028,0.008,21,ready,9
2026-10-08 21:55:22.979,215.84,20261008_215147,toy,rest,,,,,96.9,36.9,1,,,,0,37.65,0.027,0.007,21,ready,9
2026-10-08 21:55:23.180,216.05,20261008_215147,toy,recovery,8,607,manual,lie,96.9,37.4,1,,,,0,37.65,0.025,0.007,21,ready,9
2026-10-08 21:55:23.384,216.25,20261008_215147,toy,question,8,607,manual,lie,96.9,37.4,1,,,,0,37.65,0.024,0.006,21,question,9
2026-10-08 21:55:23.602,216.47,20261008_215147,toy,question,8,607,manual,lie,96.9,37.4,1,,,,0,37.65,0.025,0.008,21,question,9
2026-10-08 21:55:23.804,216.67,20261008_215147,toy,question,8,607,manual,lie,96.9,44.1,1,,,,0,37.65,0.028,0.008,21,question,9
2026-10-08 21:55:24.010,216.88,20261008_215147,toy,question,8,607,manual,lie,96.9,44.1,1,,,,0,37.65,0.03,0.007,21,question,9
2026-10-08 21:55:24.275,217.14,20261008_215147,toy,question,8,607,manual,lie,100.9,48.6,1,,,,0,37.65,0.029,0.007,21,question,9
2026-10-08 21:55:24.955,217.82,20261008_215147,toy,question,8,607,manual,lie,100.9,48.6,1,,,,0,37.66,0.025,0.007,21,question,9
2026-10-08 21:55:24.957,217.82,20261008_215147,toy,question,8,607,manual,lie,100.9,48.6,1,,,,0,37.65,0.026,0.008,21,question,9
2026-10-08 21:55:25.042,217.91,20261008_215147,toy,question,8,607,manual,lie,96.9,47.4,1,,,,0,37.66,0.025,0.007,21,question,9
2026-10-08 21:55:25.293,218.16,20261008_215147,toy,question,8,607,manual,lie,96.9,47.4,1,,,,0,37.66,0.027,0.007,21,question,9
2026-10-08 21:55:25.509,218.37,20261008_215147,toy,question,8,607,manual,lie,96.9,47.4,1,,,,0,37.66,0.026,0.007,21,question,9
2026-10-08 21:55:25.711,218.58,20261008_215147,toy,question,8,607,manual,lie,98.9,46.3,1,,,,0,37.66,0.025,0.007,21,question,9
2026-10-08 21:55:25.914,218.78,20261008_215147,toy,question,8,607,manual,lie,98.9,46.3,1,,,,0,37.66,0.024,0.008,21,question,9
2026-10-08 21:55:26.102,218.97,20261008_215147,toy,question,8,607,manual,lie,98.9,46.3,1,,,,0,37.66,0.023,0.008,21,question,9
2026-10-08 21:55:26.323,219.19,20261008_215147,toy,question,8,607,manual,lie,98.9,45.8,1,,,,0,37.64,0.021,0.008,21,question,9
2026-10-08 21:55:26.528,219.39,20261008_215147,toy,question,8,607,manual,lie,98.9,45.8,1,,,,0,37.64,0.024,0.008,21,question,9
2026-10-08 21:55:26.735,219.6,20261008_215147,toy,question,8,607,manual,lie,98.9,45.8,1,,,,0,37.64,0.028,0.009,21,question,9
2026-10-08 21:55:26.940,219.81,20261008_215147,toy,question,8,607,manual,lie,98.9,49.5,1,,,,0,37.64,0.029,0.009,21,question,9
2026-10-08 21:55:33.034,225.9,20261008_215147,toy,question,8,607,manual,lie,97.7,90.7,1,,,,0,37.7,0.033,0.01,21,question,9
2026-10-08 21:55:33.239,226.11,20261008_215147,toy,question,8,607,manual,lie,97.9,89.3,1,,,,0,37.7,0.034,0.011,21,question,9
2026-10-08 21:55:33.448,226.31,20261008_215147,toy,question,8,607,manual,lie,97.9,89.3,1,,,,0,37.71,0.033,0.011,21,question,9
2026-10-08 21:55:33.659,226.52,20261008_215147,toy,question,8,607,manual,lie,99.6,92.8,1,,,,0,37.71,0.033,0.01,21,question,9
2026-10-08 21:55:33.863,226.73,20261008_215147,toy,question,8,607,manual,lie,99.6,92.8,1,,,,0,37.72,0.03,0.009,21,question,9
2026-10-08 21:55:34.075,226.94,20261008_215147,toy,question,8,607,manual,lie,99.6,92.8,1,,,,0,37.74,0.033,0.01,21,question,9
2026-10-08 21:55:34.275,227.14,20261008_215147,toy,question,8,607,manual,lie,99.4,95.8,1,,,,0,37.73,0.032,0.01,21,question,9
2026-10-08 21:55:34.484,227.35,20261008_215147,toy,question,8,607,manual,lie,99.4,95.8,1,,,,0,37.73,0.03,0.009,21,question,8
2026-10-08 21:55:34.690,227.56,20261008_215147,toy,question,8,607,manual,lie,99.6,96.2,1,,,,0,37.74,0.026,0.008,21,question,8
2026-10-08 21:55:34.907,227.77,20261008_215147,toy,question,8,607,manual,lie,99.6,96.2,1,,,,0,37.73,0.026,0.01,21,question,8
2026-10-08 21:55:35.111,227.98,20261008_215147,toy,recovery,8,607,manual,lie,99.6,96.2,1,,,,0,37.73,0.026,0.009,21,ready,8
2026-10-08 21:55:35.304,228.17,20261008_215147,toy,recovery,8,607,manual,lie,99.6,96.2,1,,,,0,37.73,0.026,0.009,21,ready,8
2026-10-08 21:55:35.508,228.37,20261008_215147,toy,recovery,8,607,manual,lie,99.6,96.2,1,,,,0,37.74,0.025,0.009,22,ready,8
2026-10-08 21:55:35.721,228.59,20261008_215147,toy,recovery,8,607,manual,lie,99.6,96.2,1,,,,0,37.74,0.028,0.009,22,ready,8
2026-10-08 21:55:35.922,228.79,20261008_215147,toy,recovery,8,607,manual,lie,99.6,96.2,1,,,,0,37.74,0.026,0.008,22,ready,8
2026-10-08 21:55:36.134,229.0,20261008_215147,toy,recovery,8,607,manual,lie,99.6,96.2,1,,,,0,37.74,0.027,0.008,22,ready,8
2026-10-08 21:55:36.331,229.2,20261008_215147,toy,recovery,8,607,manual,lie,99.9,101.2,1,,,,0,37.74,0.026,0.009,22,ready,8
2026-10-08 21:55:36.537,229.4,20261008_215147,toy,recovery,8,607,manual,lie,99.9,101.2,1,,,,0,37.74,0.026,0.008,22,ready,8
2026-10-08 21:55:36.740,229.61,20261008_215147,toy,recovery,8,607,manual,lie,99.9,101.2,1,,,,0,37.75,0.029,0.009,22,ready,8
2026-10-08 21:55:36.946,229.81,20261008_215147,toy,recovery,8,607,manual,lie,99.9,100.2,1,,,,0,37.75,0.028,0.009,22,ready,8
2026-10-08 21:55:37.151,230.02,20261008_215147,toy,recovery,8,607,manual,lie,99.9,100.2,1,,,,0,37.75,0.025,0.008,22,ready,8
2026-10-08 21:55:37.365,230.23,20261008_215147,toy,rest,,,,,99.9,116.6,1,,,,0,37.76,0.024,0.007,22,ready,9
2026-10-08 21:55:37.567,230.43,20261008_215147,toy,rest,,,,,99.9,116.6,1,,,,0,37.76,0.022,0.007,22,ready,9
2026-10-08 21:55:37.774,230.64,20261008_215147,toy,rest,,,,,99.9,116.6,1,,,,0,37.76,0.023,0.007,22,ready,9
2026-10-08 21:55:37.980,230.85,20261008_215147,toy,rest,,,,,99.9,116.6,1,,,,0,37.77,0.023,0.007,22,ready,9
2026-10-08 21:55:38.183,231.05,20261008_215147,toy,rest,,,,,99.9,116.6,1,,,,0,37.77,0.023,0.006,22,ready,9
2026-10-08 21:55:38.392,231.26,20261008_215147,toy,question,9,608,manual,truth,103.5,107.9,1,,,,0,37.77,0.023,0.006,22,question,8
2026-10-08 21:55:38.593,231.46,20261008_215147,toy,question,9,608,manual,truth,103.5,107.9,1,,,,0,37.77,0.023,0.006,22,question,8
2026-10-08 21:55:38.797,231.66,20261008_215147,toy,question,9,608,manual,truth,103.5,107.9,1,,,,0,37.77,0.022,0.006,22,question,8
2026-10-08 21:55:39.014,231.88,20261008_215147,toy,question,9,608,manual,truth,103.5,107.9,1,,,,0,37.77,0.024,0.007,23,question,8
2026-10-08 21:55:39.553,232.42,20261008_215147,toy,question,9,608,manual,truth,103.5,107.9,1,,,,0,37.77,0.025,0.008,23,question,8
2026-10-08 21:55:39.554,232.42,20261008_215147,toy,question,9,608,manual,truth,99.9,87.7,1,,,,0,37.78,0.027,0.008,23,question,9
2026-10-08 21:55:39.623,232.49,20261008_215147,toy,question,9,608,manual,truth,99.9,87.7,1,,,,0,37.79,0.026,0.007,22,question,9
2026-10-08 21:55:39.827,232.69,20261008_215147,toy,question,9,608,manual,truth,99.9,87.7,1,,,,0,37.79,0.025,0.007,22,question,8
2026-10-08 21:55:40.043,232.91,20261008_215147,toy,question,9,608,manual,truth,97.8,86.8,1,,,,0,37.79,0.025,0.007,22,question,9
2026-10-08 21:55:40.242,233.11,20261008_215147,toy,question,9,608,manual,truth,97.8,86.8,1,,,,0,37.79,0.026,0.007,22,question,9
2026-10-08 21:55:40.448,233.31,20261008_215147,toy,question,9,608,manual,truth,97.8,86.8,1,,,,0,37.79,0.025,0.007,22,question,9
2026-10-08 21:55:40.655,233.52,20261008_215147,toy,question,9,608,manual,truth,97.8,81.5,1,,,,0,37.8,0.024,0.006,21,question,9
2026-10-08 21:55:40.859,233.73,20261008_215147,toy,question,9,608,manual,truth,97.8,81.5,1,,,,0,37.8,0.024,0.006,21,question,9
2026-10-08 21:55:41.074,233.94,20261008_215147,toy,question,9,608,manual,truth,97.8,81.5,1,,,,0,37.8,0.026,0.007,21,question,9
2026-10-08 21:55:41.274,234.14,20261008_215147,toy,question,9,608,manual,truth,97.8,83.5,1,,,,0,37.8,0.024,0.006,21,question,9
2026-10-08 21:55:41.482,234.35,20261008_215147,toy,question,9,608,manual,truth,97.8,83.5,1,,,,0,37.8,0.025,0.006,21,question,9
2026-10-08 21:55:41.687,234.55,20261008_215147,toy,question,9,608,manual,truth,97.8,83.5,1,,,,0,37.8,0.028,0.008,21,question,9
2026-10-08 21:55:41.896,234.76,20261008_215147,toy,question,9,608,manual,truth,97.1,78.3,1,,,,0,37.81,0.026,0.008,21,question,9
2026-10-08 21:55:42.105,234.97,20261008_215147,toy,question,9,608,manual,truth,97.1,78.3,1,,,,0,37.82,0.024,0.008,21,question,9
2026-10-08 21:55:42.321,235.19,20261008_215147,toy,question,9,608,manual,truth,97.1,78.3,1,,,,0,37.82,0.024,0.008,21,question,9
2026-10-08 21:55:42.531,235.4,20261008_215147,toy,question,9,608,manual,truth,97.1,78.3,1,,,,0,37.82,0.025,0.008,21,question,9
2026-10-08 21:55:42.727,235.59,20261008_215147,toy,question,9,608,manual,truth,97.1,78.1,1,,,,0,37.83,0.023,0.008,21,question,9
2026-10-08 21:55:42.930,235.8,20261008_215147,toy,question,9,608,manual,truth,97.1,78.1,1,,,,0,37.83,0.023,0.008,21,question,9
2026-10-08 21:55:43.137,236.0,20261008_215147,toy,question,9,608,manual,truth,97.1,78.1,1,,,,0,37.83,0.032,0.01,21,question,9
2026-10-08 21:55:43.342,236.21,20261008_215147,toy,question,9,608,manual,truth,98.4,90.2,1,,,,0,37.83,0.037,0.01,21,question,9
2026-10-08 21:55:43.546,236.41,20261008_215147,toy,question,9,608,manual,truth,98.4,90.2,1,,,,0,37.81,0.039,0.01,21,question,8
2026-10-08 21:55:43.754,236.62,20261008_215147,toy,question,9,608,manual,truth,98.4,90.2,1,,,,0,37.81,0.038,0.01,21,question,8
2026-10-08 21:55:43.960,236.83,20261008_215147,toy,question,9,608,manual,truth,101.2,84.6,1,,,,0,37.81,0.036,0.011,21,question,9
2026-10-08 21:55:44.161,237.03,20261008_215147,toy,question,9,608,manual,truth,101.2,84.6,1,,,,0,37.81,0.036,0.011,22,question,9
2026-10-08 21:55:44.370,237.24,20261008_215147,toy,question,9,608,manual,truth,101.2,84.6,1,,,,0,37.82,0.039,0.011,22,question,9
2026-10-08 21:55:44.575,237.44,20261008_215147,toy,question,9,608,manual,truth,101.2,84.6,1,,,,0,37.82,0.042,0.011,22,question,9
2026-10-08 21:55:44.781,237.65,20261008_215147,toy,question,9,608,manual,truth,101.2,89.8,1,,,,0,37.82,0.041,0.01,22,question,9
2026-10-08 21:55:44.988,237.85,20261008_215147,toy,question,9,608,manual,truth,101.2,89.8,1,,,,0,37.82,0.042,0.011,22,question,9
2026-10-08 21:55:47.093,239.96,20261008_215147,toy,question,9,608,manual,truth,101.2,63.8,1,,,,0,37.84,0.033,0.008,23,question,9
2026-10-08 21:55:47.297,240.16,20261008_215147,toy,question,9,608,manual,truth,101.2,63.8,1,,,,0,37.84,0.031,0.008,23,question,9
2026-10-08 21:55:47.488,240.35,20261008_215147,toy,question,9,608,manual,truth,101.2,63.8,1,,,,0,37.84,0.03,0.008,23,question,9
2026-10-08 21:55:47.700,240.57,20261008_215147,toy,question,9,608,manual,truth,101.2,63.8,1,,,,0,37.84,0.029,0.008,23,question,9
2026-10-08 21:55:47.903,240.77,20261008_215147,toy,question,9,608,manual,truth,101.2,63.8,1,,,,0,37.84,0.03,0.007,23,question,9
2026-10-08 21:55:48.109,240.97,20261008_215147,toy,question,9,608,manual,truth,101.2,63.8,1,,,,0,37.84,0.028,0.007,23,question,9
2026-10-08 21:55:48.325,241.19,20261008_215147,toy,question,9,608,manual,truth,101.2,63.8,1,,,,0,37.84,0.026,0.007,23,question,9
2026-10-08 21:55:48.518,241.38,20261008_215147,toy,question,9,608,manual,truth,101.2,63.8,1,,,,0,37.84,0.026,0.008,22,question,9
2026-10-08 21:55:48.724,241.59,20261008_215147,toy,question,9,608,manual,truth,101.2,63.8,1,,,,0,37.84,0.026,0.007,22,question,9
2026-10-08 21:55:48.936,241.8,20261008_215147,toy,question,9,608,manual,truth,101.2,63.8,1,,,,0,37.84,0.03,0.007,22,question,9
2026-10-08 21:55:53.110,245.98,20261008_215147,toy,recovery,9,608,manual,truth,96.7,102.6,1,,,,0,37.87,0.031,0.01,21,ready,9
2026-10-08 21:55:53.303,246.17,20261008_215147,toy,recovery,9,608,manual,truth,96.7,102.6,1,,,,0,37.87,0.037,0.012,21,ready,9
2026-10-08 21:55:53.511,246.38,20261008_215147,toy,recovery,9,608,manual,truth,96.7,99.3,1,,,,0,37.87,0.036,0.012,21,ready,9
2026-10-08 21:55:53.719,246.59,20261008_215147,toy,recovery,9,608,manual,truth,96.7,99.3,1,,,,0,37.87,0.034,0.012,21,ready,9
2026-10-08 21:55:53.920,246.79,20261008_215147,toy,recovery,9,608,manual,truth,96.7,99.3,1,,,,0,37.87,0.038,0.017,21,ready,9
2026-10-08 21:55:54.396,247.26,20261008_215147,toy,rest,,,,,98.5,95.7,1,,,,0,37.87,0.044,0.018,21,ready,9
2026-10-08 21:55:54.397,247.26,20261008_215147,toy,rest,,,,,98.5,95.7,1,,,,0,37.85,0.042,0.016,21,ready,9
2026-10-08 21:55:54.531,247.4,20261008_215147,toy,rest,,,,,98.5,95.7,1,,,,0,37.85,0.04,0.015,21,ready,9
2026-10-08 21:55:54.735,247.6,20261008_215147,toy,rest,,,,,99.3,90.3,1,,,,0,37.82,0.038,0.014,21,ready,9
2026-10-08 21:55:54.942,247.81,20261008_215147,toy,rest,,,,,99.3,90.3,1,,,,0,37.83,0.035,0.013,21,ready,9
2026-10-08 21:55:55.156,248.02,20261008_215147,toy,rest,,,,,99.3,90.3,1,,,,0,37.83,0.035,0.012,21,ready,9
2026-10-08 21:55:55.356,248.22,20261008_215147,toy,recovery,10,609,manual,truth,99.3,90.3,1,,,,0,37.82,0.034,0.011,21,ready,9
2026-10-08 21:55:55.560,248.43,20261008_215147,toy,question,10,609,manual,truth,99.3,90.3,1,,,,0,37.82,0.031,0.011,22,question,9
2026-10-08 21:55:55.773,248.64,20261008_215147,toy,question,10,609,manual,truth,99.3,90.3,1,,,,0,37.83,0.029,0.01,22,question,9
2026-10-08 21:55:55.968,248.83,20261008_215147,toy,question,10,609,manual,truth,99.3,90.3,1,,,,0,37.84,0.029,0.01,22,question,9
2026-10-08 21:55:56.172,249.04,20261008_215147,toy,question,10,609,manual,truth,99.3,90.3,1,,,,0,37.84,0.028,0.009,22,question,9
2026-10-08 21:55:56.385,249.25,20261008_215147,toy,question,10,609,manual,truth,99.3,90.3,1,,,,0,37.85,0.027,0.009,22,question,9
2026-10-08 21:55:56.590,249.46,20261008_215147,toy,question,10,609,manual,truth,102.0,95.1,1,,,,0,37.85,0.026,0.009,22,question,9
2026-10-08 21:55:56.804,249.67,20261008_215147,toy,question,10,609,manual,truth,102.0,95.1,1,,,,0,37.85,0.027,0.008,22,question,9
2026-10-08 21:55:57.000,249.87,20261008_215147,toy,question,10,609,manual,truth,102.0,95.1,1,,,,0,37.86,0.026,0.009,22,question,9
2026-10-08 21:55:57.206,250.07,20261008_215147,toy,question,10,609,manual,truth,102.0,95.1,1,,,,0,37.86,0.027,0.009,22,question,9
2026-10-08 21:55:57.411,250.28,20261008_215147,toy,question,10,609,manual,truth,102.0,95.1,1,,,,0,37.87,0.028,0.009,22,question,9
2026-10-08 21:55:58.028,250.89,20261008_215147,toy,question,10,609,manual,truth,99.3,85.2,1,,,,0,37.87,0.027,0.008,22,question,9
2026-10-08 21:55:58.105,250.97,20261008_215147,toy,question,10,609,manual,truth,99.3,85.2,1,,,,0,37.87,0.026,0.008,22,question,9
2026-10-08 21:55:58.106,250.97,20261008_215147,toy,question,10,609,manual,truth,99.3,85.2,1,,,,0,37.88,0.024,0.008,22,question,9
2026-10-08 21:55:58.251,251.12,20261008_215147,toy,question,10,609,manual,truth,100.0,63.4,1,,,,0,37.88,0.025,0.008,22,question,9
2026-10-08 21:55:58.467,251.33,20261008_215147,toy,question,10,609,manual,truth,100.0,63.4,1,,,,0,37.89,0.025,0.008,22,question,9
2026-10-08 21:55:58.636,251.5,20261008_215147,toy,question,10,609,manual,truth,100.0,63.4,1,,,,0,37.84,0.024,0.008,22,question,9
2026-10-08 21:55:58.852,251.72,20261008_215147,toy,question,10,609,manual,truth,100.0,62.1,1,,,,0,37.85,0.025,0.008,22,question,9
2026-10-08 21:55:59.054,251.92,20261008_215147,toy,question,10,609,manual,truth,100.0,62.1,1,,,,0,37.85,0.025,0.008,22,question,9
2026-10-08 21:55:59.267,252.13,20261008_215147,toy,question,10,609,manual,truth,100.0,62.1,1,,,,0,37.86,0.034,0.008,22,question,9
2026-10-08 21:55:59.473,252.34,20261008_215147,toy,question,10,609,manual,truth,100.0,58.6,1,,,,0,37.87,0.035,0.008,22,question,9
2026-10-08 21:55:59.688,252.55,20261008_215147,toy,question,10,609,manual,truth,100.0,58.6,1,,,,0,37.87,0.036,0.008,22,question,9
2026-10-08 21:55:59.895,252.76,20261008_215147,toy,question,10,609,manual,truth,100.0,49.3,1,,,,0,37.88,0.036,0.008,22,question,9
2026-10-08 21:56:00.105,252.97,20261008_215147,toy,question,10,609,manual,truth,100.0,49.3,1,,,,0,37.88,0.037,0.01,22,question,9
2026-10-08 21:56:00.302,253.17,20261008_215147,toy,question,10,609,manual,truth,100.0,49.3,1,,,,0,37.88,0.037,0.009,22,question,9
2026-10-08 21:56:00.499,253.37,20261008_215147,toy,question,10,609,manual,truth,100.0,47.8,1,,,,0,37.89,0.035,0.009,22,question,9
2026-10-08 21:56:00.705,253.57,20261008_215147,toy,question,10,609,manual,truth,100.0,47.8,1,,,,0,37.89,0.032,0.008,22,question,9
2026-10-08 21:56:00.914,253.78,20261008_215147,toy,question,10,609,manual,truth,100.0,47.8,1,,,,0,37.89,0.031,0.009,22,question,9
2026-10-08 21:56:01.115,253.98,20261008_215147,toy,question,10,609,manual,truth,100.0,62.2,1,,,,0,37.89,0.033,0.008,22,question,9
2026-10-08 21:56:01.320,254.19,20261008_215147,toy,question,10,609,manual,truth,100.0,62.2,1,,,,0,37.9,0.032,0.008,22,question,9
2026-10-08 21:56:01.522,254.39,20261008_215147,toy,question,10,609,manual,truth,100.9,59.2,1,,,,0,37.9,0.032,0.008,22,question,9
2026-10-08 21:56:01.725,254.59,20261008_215147,toy,question,10,609,manual,truth,100.9,59.2,1,,,,0,37.9,0.03,0.008,22,question,9
2026-10-08 21:56:01.930,254.8,20261008_215147,toy,question,10,609,manual,truth,100.9,59.2,1,,,,0,37.9,0.028,0.008,22,question,9
2026-10-08 21:56:02.136,255.0,20261008_215147,toy,question,10,609,manual,truth,119.2,59.2,1,,,,0,37.9,0.029,0.008,24,question,9
2026-10-08 21:56:02.350,255.22,20261008_215147,toy,question,10,609,manual,truth,127.5,62.3,1,,,,0,37.9,0.03,0.008,26,question,9
2026-10-08 21:56:02.547,255.41,20261008_215147,toy,question,10,609,manual,truth,127.5,62.3,1,,,,0,37.91,0.031,0.008,28,question,9
2026-10-08 21:56:02.763,255.63,20261008_215147,toy,question,10,609,manual,truth,127.5,62.3,1,,,,0,37.9,0.029,0.008,30,question,9
2026-10-08 21:56:02.966,255.83,20261008_215147,toy,question,10,609,manual,truth,127.5,62.3,1,,,,0,37.9,0.028,0.007,31,question,9
2026-10-08 21:56:03.184,256.05,20261008_215147,toy,question,10,609,manual,truth,127.5,91.4,1,,,,0,37.9,0.028,0.007,33,question,9
2026-10-08 21:56:03.477,256.34,20261008_215147,toy,question,10,609,manual,truth,127.5,91.4,1,,,,0,37.9,0.029,0.008,33,question,9
2026-10-08 21:56:03.586,256.45,20261008_215147,toy,question,10,609,manual,truth,127.5,91.4,1,,,,0,37.9,0.031,0.008,34,question,9
2026-10-08 21:56:03.790,256.66,20261008_215147,toy,question,10,609,manual,truth,127.5,87.3,1,,,,0,37.9,0.03,0.007,35,question,9
2026-10-08 21:56:04.002,256.87,20261008_215147,toy,question,10,609,manual,truth,127.5,87.3,1,,,,0,37.91,0.091,0.012,36,question,9
2026-10-08 21:56:04.204,257.07,20261008_215147,toy,question,10,609,manual,truth,118.4,90.4,1,,,,0,37.91,0.109,0.02,36,question,9
2026-10-08 21:56:04.406,257.27,20261008_215147,toy,question,10,609,manual,truth,118.4,90.4,1,,,,0,37.91,0.099,0.019,36,question,9
2026-10-08 21:56:04.613,257.48,20261008_215147,toy,question,10,609,manual,truth,118.4,90.4,1,,,,0,37.91,0.091,0.018,36,question,9
2026-10-08 21:56:04.818,257.68,20261008_215147,toy,question,10,609,manual,truth,118.4,90.4,1,,,,0,37.91,0.084,0.016,35,question,9
2026-10-08 21:56:05.022,257.89,20261008_215147,toy,question,10,609,manual,truth,118.4,90.4,1,,,,0,37.91,0.077,0.015,35,question,9
2026-10-08 21:56:05.231,258.1,20261008_215147,toy,question,10,609,manual,truth,118.4,90.4,1,,,,0,37.91,0.07,0.014,35,question,9
2026-10-08 21:56:05.435,258.3,20261008_215147,toy,question,10,609,manual,truth,118.4,90.4,1,,,,0,37.92,0.064,0.013,35,question,9
2026-10-08 21:56:05.647,258.51,20261008_215147,toy,question,10,609,manual,truth,101.8,94.8,1,,,,0,37.92,0.06,0.013,33,question,9
2026-10-08 21:56:05.846,258.71,20261008_215147,toy,question,10,609,manual,truth,101.8,94.8,1,,,,0,37.92,0.056,0.012,31,question,9
2026-10-08 21:56:06.052,258.92,20261008_215147,toy,question,10,609,manual,truth,101.8,94.8,1,,,,0,37.92,0.051,0.011,30,question,9
2026-10-08 21:56:06.266,259.13,20261008_215147,toy,question,10,609,manual,truth,101.8,95.7,1,,,,0,37.92,0.044,0.01,28,question,9
2026-10-08 21:56:06.470,259.34,20261008_215147,toy,question,10,609,manual,truth,101.8,95.7,1,,,,0,37.92,0.041,0.01,27,question,9
2026-10-08 21:56:06.676,259.54,20261008_215147,toy,question,10,609,manual,truth,101.8,96.4,1,,,,0,37.93,0.038,0.01,26,question,9
2026-10-08 21:56:06.903,259.77,20261008_215147,toy,question,10,609,manual,truth,101.8,96.4,1,,,,0,37.93,0.035,0.009,26,question,9
2026-10-08 21:56:07.097,259.96,20261008_215147,toy,question,10,609,manual,truth,101.8,96.4,1,,,,0,37.89,0.034,0.009,25,question,9
2026-10-08 21:56:07.296,260.16,20261008_215147,toy,recovery,10,609,manual,truth,101.6,96.4,1,,,,0,37.9,0.031,0.008,25,ready,9
2026-10-08 21:56:07.498,260.36,20261008_215147,toy,recovery,10,609,manual,truth,101.6,96.4,1,,,,0,37.9,0.029,0.008,24,ready,9
2026-10-08 21:56:07.701,260.57,20261008_215147,toy,recovery,10,609,manual,truth,101.6,95.9,1,,,,0,37.91,0.027,0.008,24,ready,9
2026-10-08 21:56:07.907,260.77,20261008_215147,toy,recovery,10,609,manual,truth,101.6,95.9,1,,,,0,37.92,0.026,0.008,24,ready,9
2026-10-08 21:56:08.115,260.98,20261008_215147,toy,recovery,10,609,manual,truth,101.6,95.9,1,,,,0,37.87,0.025,0.008,24,ready,8
2026-10-08 21:56:08.317,261.18,20261008_215147,toy,recovery,10,609,manual,truth,101.6,107.0,1,,,,0,37.87,0.024,0.007,23,ready,8
2026-10-08 21:56:08.526,261.39,20261008_215147,toy,recovery,10,609,manual,truth,101.6,107.0,1,,,,0,37.88,0.024,0.007,23,ready,8
2026-10-08 21:56:08.731,261.6,20261008_215147,toy,recovery,10,609,manual,truth,101.6,107.0,1,,,,0,37.89,0.022,0.007,23,ready,8
2026-10-08 21:56:08.936,261.8,20261008_215147,toy,recovery,10,609,manual,truth,101.6,107.3,1,,,,0,37.89,0.021,0.007,23,ready,8
2026-10-08 21:56:09.148,262.01,20261008_215147,toy,recovery,10,609,manual,truth,101.6,107.3,1,,,,0,37.9,0.023,0.007,23,ready,8
2026-10-08 21:56:09.346,262.21,20261008_215147,toy,recovery,10,609,manual,truth,101.6,107.3,1,,,,0,37.9,0.023,0.008,23,ready,8
2026-10-08 21:56:09.552,262.42,20261008_215147,toy,recovery,10,609,manual,truth,101.6,107.3,1,,,,0,37.9,0.024,0.01,23,ready,8
2026-10-08 21:56:09.756,262.62,20261008_215147,toy,recovery,10,609,manual,truth,101.6,107.3,1,,,,0,37.91,0.025,0.012,23,ready,8
2026-10-08 21:56:10.271,263.14,20261008_215147,toy,recovery,10,609,manual,truth,101.6,109.5,1,,,,0,37.91,0.035,0.015,23,ready,8
2026-10-08 21:56:10.272,263.14,20261008_215147,toy,recovery,10,609,manual,truth,101.6,109.5,1,,,,0,37.92,0.037,0.017,23,ready,8
2026-10-08 21:56:10.371,263.24,20261008_215147,toy,recovery,10,609,manual,truth,101.6,109.5,1,,,,0,37.92,0.039,0.018,23,ready,8
2026-10-08 21:56:10.577,263.44,20261008_215147,toy,recovery,10,609,manual,truth,103.5,83.1,1,,,,0,37.92,0.05,0.023,23,ready,8
2026-10-08 21:56:10.786,263.65,20261008_215147,toy,rest,,,,,103.5,83.1,1,,,,0,37.92,0.051,0.021,23,ready,8
2026-10-08 21:56:10.989,263.86,20261008_215147,toy,rest,,,,,103.5,84.9,1,,,,0,37.93,0.047,0.019,24,ready,8
2026-10-08 21:56:11.196,264.06,20261008_215147,toy,rest,,,,,103.5,84.9,1,,,,0,37.93,0.043,0.018,24,ready,8
2026-10-08 21:56:11.457,264.32,20261008_215147,toy,rest,,,,,103.5,84.9,1,,,,0,37.93,0.04,0.017,24,ready,8
2026-10-08 21:56:11.611,264.48,20261008_215147,toy,rest,,,,,103.5,84.9,1,,,,0,37.93,0.038,0.016,24,ready,8
2026-10-08 21:56:11.817,264.68,20261008_215147,toy,rest,,,,,103.5,84.9,1,,,,0,37.93,0.036,0.015,24,ready,9
2026-10-08 21:56:12.019,264.89,20261008_215147,toy,recovery,11,610,manual,truth,103.5,84.9,1,,,,0,37.94,0.035,0.014,24,ready,9
2026-10-08 21:56:12.249,265.12,20261008_215147,toy,question,11,610,manual,truth,103.5,84.9,1,,,,0,37.94,0.033,0.013,24,question,9
2026-10-08 21:56:12.486,265.35,20261008_215147,toy,question,11,610,manual,truth,103.5,85.1,1,,,,0,37.95,0.03,0.012,24,question,9
2026-10-08 21:56:12.794,265.66,20261008_215147,toy,question,11,610,manual,truth,103.5,85.1,1,,,,0,37.95,0.032,0.011,24,question,9
2026-10-08 21:56:12.846,265.71,20261008_215147,toy,question,11,610,manual,truth,103.5,85.1,1,,,,0,37.95,0.031,0.011,24,question,9
2026-10-08 21:56:13.051,265.92,20261008_215147,toy,question,11,610,manual,truth,100.5,80.2,1,,,,0,37.95,0.034,0.011,23,question,9
2026-10-08 21:56:13.260,266.13,20261008_215147,toy,question,11,610,manual,truth,100.5,80.2,1,,,,0,37.95,0.038,0.017,23,question,9
2026-10-08 21:56:13.467,266.33,20261008_215147,toy,question,11,610,manual,truth,108.0,95.7,1,,,,0,37.95,0.04,0.023,24,question,9
2026-10-08 21:56:13.670,266.54,20261008_215147,toy,question,11,610,manual,truth,108.0,95.7,1,,,,0,37.96,0.045,0.028,24,question,9
2026-10-08 21:56:13.877,266.74,20261008_215147,toy,question,11,610,manual,truth,119.7,95.3,1,,,,0,37.93,0.044,0.03,26,question,9
2026-10-08 21:56:14.085,266.95,20261008_215147,toy,question,11,610,manual,truth,137.1,95.7,1,,,,0,37.94,0.045,0.029,30,question,9
2026-10-08 21:56:14.294,267.16,20261008_215147,toy,question,11,610,manual,truth,137.1,95.7,1,,,,0,37.94,0.042,0.026,33,question,9
2026-10-08 21:56:14.495,267.36,20261008_215147,toy,question,11,610,manual,truth,137.1,95.7,1,,,,0,37.95,0.04,0.025,35,question,9
2026-10-08 21:56:14.706,267.57,20261008_215147,toy,question,11,610,manual,truth,137.1,95.7,1,,,,0,37.95,0.039,0.023,37,question,9
2026-10-08 21:56:14.905,267.77,20261008_215147,toy,question,11,610,manual,truth,137.1,95.7,1,,,,0,37.95,0.037,0.021,38,question,9
2026-10-08 21:56:15.119,267.99,20261008_215147,toy,question,11,610,manual,truth,137.1,95.7,1,,,,0,37.95,0.035,0.019,39,question,9
2026-10-08 21:56:15.317,268.18,20261008_215147,toy,question,11,610,manual,truth,137.1,95.7,1,,,,0,37.95,0.033,0.018,40,question,9
2026-10-08 21:56:15.526,268.39,20261008_215147,toy,question,11,610,manual,truth,137.1,95.7,1,,,,0,37.95,0.033,0.016,41,question,9
2026-10-08 21:56:15.748,268.61,20261008_215147,toy,question,11,610,manual,truth,137.1,95.7,1,,,,0,37.95,0.032,0.015,41,question,9
2026-10-08 21:56:15.928,268.79,20261008_215147,toy,question,11,610,manual,truth,,,1,,,,0,37.96,0.031,0.014,37,question,9
2026-10-08 21:56:16.138,269.0,20261008_215147,toy,question,11,610,manual,truth,,,1,,,,0,37.96,0.03,0.013,33,question,9
2026-10-08 21:56:16.338,269.2,20261008_215147,toy,question,11,610,manual,truth,,,1,,,,0,37.96,0.028,0.012,29,question,9
2026-10-08 21:56:16.543,269.41,20261008_215147,toy,question,11,610,manual,truth,99.1,,1,,,,0,37.97,0.028,0.011,28,question,9
2026-10-08 21:56:16.741,269.61,20261008_215147,toy,question,11,610,manual,truth,99.1,,1,,,,0,37.97,0.026,0.01,27,question,8
2026-10-08 21:56:17.017,269.88,20261008_215147,toy,question,11,610,manual,truth,99.1,,1,,,,0,37.97,0.026,0.01,26,question,8
2026-10-08 21:56:17.154,270.02,20261008_215147,toy,question,11,610,manual,truth,99.9,,1,,,,0,37.97,0.025,0.009,25,question,9
2026-10-08 21:56:21.202,274.07,20261008_215147,toy,question,11,610,manual,truth,100.5,27.4,1,,,,0,37.95,0.031,0.009,23,question,9
2026-10-08 21:56:21.403,274.27,20261008_215147,toy,question,11,610,manual,truth,100.5,27.4,1,,,,0,37.95,0.032,0.008,23,question,9
2026-10-08 21:56:21.610,274.48,20261008_215147,toy,question,11,610,manual,truth,100.5,27.4,1,,,,0,37.96,0.044,0.01,23,question,9
2026-10-08 21:56:21.819,274.69,20261008_215147,toy,question,11,610,manual,truth,100.5,27.4,1,,,,0,37.96,0.046,0.011,23,question,9
2026-10-08 21:56:22.029,274.9,20261008_215147,toy,question,11,610,manual,truth,100.5,27.4,1,,,,0,37.96,0.045,0.011,23,question,9
2026-10-08 21:56:22.239,275.1,20261008_215147,toy,question,11,610,manual,truth,100.5,27.4,1,,,,0,37.97,0.043,0.01,23,question,9
2026-10-08 21:56:22.442,275.31,20261008_215147,toy,question,11,610,manual,truth,100.5,27.4,1,,,,0,37.97,0.041,0.01,23,question,9
2026-10-08 21:56:22.649,275.52,20261008_215147,toy,question,11,610,manual,truth,100.5,27.4,1,,,,0,37.94,0.039,0.011,23,question,8
2026-10-08 21:56:22.850,275.72,20261008_215147,toy,question,11,610,manual,truth,99.1,27.4,1,,,,0,37.95,0.037,0.01,23,question,9
2026-10-08 21:56:23.138,276.0,20261008_215147,toy,question,11,610,manual,truth,99.1,27.4,1,,,,0,37.95,0.039,0.012,22,question,8
2026-10-08 21:56:23.266,276.13,20261008_215147,toy,question,11,610,manual,truth,99.1,27.4,1,,,,0,37.96,0.039,0.011,22,question,8
2026-10-08 21:56:23.469,276.34,20261008_215147,toy,question,11,610,manual,truth,99.1,29.3,1,,,,0,37.96,0.036,0.01,22,question,8
2026-10-08 21:56:23.683,276.55,20261008_215147,toy,question,11,610,manual,truth,99.1,29.3,1,,,,0,37.96,0.034,0.01,22,question,8
2026-10-08 21:56:23.883,276.75,20261008_215147,toy,question,11,610,manual,truth,99.1,29.3,1,,,,0,37.97,0.032,0.009,22,question,8
2026-10-08 21:56:24.088,276.95,20261008_215147,toy,recovery,11,610,manual,truth,99.1,28.9,1,,,,0,37.97,0.032,0.009,22,ready,8
2026-10-08 21:56:24.294,277.16,20261008_215147,toy,recovery,11,610,manual,truth,99.1,28.9,1,,,,0,37.97,0.029,0.008,22,ready,8
2026-10-08 21:56:24.501,277.37,20261008_215147,toy,recovery,11,610,manual,truth,99.1,28.9,1,,,,0,37.97,0.029,0.008,22,ready,8
2026-10-08 21:56:24.707,277.57,20261008_215147,toy,recovery,11,610,manual,truth,99.1,28.6,1,,,,0,37.97,0.027,0.008,22,ready,8
2026-10-08 21:56:24.913,277.78,20261008_215147,toy,recovery,11,610,manual,truth,99.1,28.6,1,,,,0,37.97,0.027,0.008,22,ready,8
2026-10-08 21:56:25.117,277.98,20261008_215147,toy,recovery,11,610,manual,truth,103.1,44.5,1,,,,0,37.98,0.029,0.008,22,ready,8
2026-10-08 21:56:25.331,278.2,20261008_215147,toy,recovery,11,610,manual,truth,103.1,44.5,1,,,,0,37.98,0.032,0.008,22,ready,8
2026-10-08 21:56:25.533,278.4,20261008_215147,toy,recovery,11,610,manual,truth,103.1,44.5,1,,,,0,37.98,0.031,0.009,22,ready,9
2026-10-08 21:56:25.738,278.6,20261008_215147,toy,recovery,11,610,manual,truth,103.1,44.5,1,,,,0,37.98,0.035,0.009,23,ready,9
2026-10-08 21:56:25.943,278.81,20261008_215147,toy,recovery,11,610,manual,truth,103.1,44.5,1,,,,0,37.99,0.037,0.009,23,ready,9
2026-10-08 21:56:26.152,279.02,20261008_215147,toy,recovery,11,610,manual,truth,103.1,47.3,1,,,,0,37.99,0.036,0.012,23,ready,9
2026-10-08 21:56:26.357,279.22,20261008_215147,toy,recovery,11,610,manual,truth,103.1,47.3,1,,,,0,37.99,0.035,0.014,23,ready,9
2026-10-08 21:56:26.564,279.43,20261008_215147,toy,recovery,11,610,manual,truth,100.6,46.8,1,,,,0,37.99,0.047,0.017,23,ready,9
2026-10-08 21:56:26.774,279.64,20261008_215147,toy,recovery,11,610,manual,truth,100.6,46.8,1,,,,0,37.99,0.046,0.016,23,ready,9
2026-10-08 21:56:26.982,279.85,20261008_215147,toy,recovery,11,610,manual,truth,100.6,46.8,1,,,,0,37.99,0.045,0.017,23,ready,8
2026-10-08 21:56:27.188,280.05,20261008_215147,toy,rest,,,,,100.7,43.7,1,,,,0,38.01,0.05,0.02,23,ready,8
2026-10-08 21:56:27.401,280.27,20261008_215147,toy,rest,,,,,100.7,43.7,1,,,,0,38.01,0.048,0.019,23,ready,8
2026-10-08 21:56:27.607,280.47,20261008_215147,toy,rest,,,,,100.7,43.7,1,,,,0,38.01,0.047,0.017,23,ready,8
2026-10-08 21:56:27.807,280.67,20261008_215147,toy,rest,,,,,100.6,39.3,1,,,,0,38.01,0.044,0.016,23,ready,9
2026-10-08 21:56:28.013,280.88,20261008_215147,toy,rest,,,,,100.6,39.3,1,,,,0,38.0,0.043,0.015,23,ready,9
2026-10-08 21:56:28.222,281.09,20261008_215147,toy,rest,,,,,100.6,39.3,1,,,,0,38.0,0.04,0.014,23,ready,8
2026-10-08 21:56:28.429,281.3,20261008_215147,toy,recovery,12,611,manual,lie,100.6,37.2,1,,,,0,38.0,0.037,0.014,23,ready,8
2026-10-08 21:56:28.624,281.49,20261008_215147,toy,question,12,611,manual,lie,100.6,37.2,1,,,,0,38.0,0.035,0.014,23,question,8
2026-10-08 21:56:28.847,281.71,20261008_215147,toy,question,12,611,manual,lie,100.6,37.2,1,,,,0,38.0,0.035,0.013,23,question,9
2026-10-08 21:56:29.044,281.91,20261008_215147,toy,question,12,611,manual,lie,100.6,37.2,1,,,,0,38.0,0.036,0.013,23,question,9
2026-10-08 21:56:29.244,282.11,20261008_215147,toy,question,12,611,manual,lie,100.7,39.3,1,,,,0,38.0,0.035,0.012,23,question,9
2026-10-08 21:56:29.458,282.32,20261008_215147,toy,question,12,611,manual,lie,100.7,39.3,1,,,,0,38.0,0.034,0.012,23,question,9
2026-10-08 21:56:29.926,282.79,20261008_215147,toy,question,12,611,manual,lie,100.7,39.3,1,,,,0,38.0,0.035,0.012,23,question,9
2026-10-08 21:56:29.927,282.79,20261008_215147,toy,question,12,611,manual,lie,100.7,50.0,1,,,,0,38.0,0.033,0.011,23,question,9
2026-10-08 21:56:30.073,282.94,20261008_215147,toy,question,12,611,manual,lie,100.7,50.0,1,,,,0,38.0,0.032,0.011,22,question,9
2026-10-08 21:56:30.412,283.28,20261008_215147,toy,question,12,611,manual,lie,100.7,50.0,1,,,,0,38.0,0.033,0.011,22,question,9
2026-10-08 21:56:30.495,283.36,20261008_215147,toy,question,12,611,manual,lie,100.2,48.6,1,,,,0,38.0,0.032,0.011,22,question,9
2026-10-08 21:56:30.694,283.56,20261008_215147,toy,question,12,611,manual,lie,100.2,48.6,1,,,,0,38.0,0.031,0.01,22,question,9
2026-10-08 21:56:30.907,283.77,20261008_215147,toy,question,12,611,manual,lie,100.2,48.6,1,,,,0,38.0,0.029,0.01,22,question,9
2026-10-08 21:56:31.094,283.96,20261008_215147,toy,question,12,611,manual,lie,100.8,47.9,1,,,,0,38.0,0.029,0.009,22,question,9
2026-10-08 21:56:31.294,284.16,20261008_215147,toy,question,12,611,manual,lie,100.8,47.9,1,,,,0,38.0,0.03,0.009,22,question,9
2026-10-08 21:56:31.524,284.39,20261008_215147,toy,question,12,611,manual,lie,100.8,47.9,1,,,,0,38.01,0.028,0.01,22,question,9
2026-10-08 21:56:31.713,284.58,20261008_215147,toy,question,12,611,manual,lie,100.8,47.9,1,,,,0,38.01,0.027,0.009,22,question,9
2026-10-08 21:56:31.913,284.78,20261008_215147,toy,question,12,611,manual,lie,100.8,47.9,1,,,,0,38.01,0.026,0.008,22,question,9
2026-10-08 21:56:32.123,284.99,20261008_215147,toy,question,12,611,manual,lie,100.2,50.0,1,,,,0,38.01,0.024,0.008,22,question,9
2026-10-08 21:56:32.328,285.19,20261008_215147,toy,question,12,611,manual,lie,100.2,50.0,1,,,,0,38.02,0.026,0.008,22,question,9
2026-10-08 21:56:32.661,285.53,20261008_215147,toy,question,12,611,manual,lie,100.2,50.0,1,,,,0,38.0,0.027,0.008,22,question,9
2026-10-08 21:56:32.802,285.67,20261008_215147,toy,question,12,611,manual,lie,100.2,40.4,1,,,,0,38.0,0.027,0.008,22,question,9
2026-10-08 21:56:32.967,285.83,20261008_215147,toy,question,12,611,manual,lie,100.2,40.4,1,,,,0,38.0,0.026,0.008,22,question,9
2026-10-08 21:56:33.224,286.09,20261008_215147,toy,question,12,611,manual,lie,100.2,38.3,1,,,,0,38.0,0.027,0.008,22,question,9
2026-10-08 21:56:33.484,286.35,20261008_215147,toy,question,12,611,manual,lie,100.2,38.3,1,,,,0,38.01,0.029,0.008,22,question,9
2026-10-08 21:56:33.637,286.5,20261008_215147,toy,question,12,611,manual,lie,100.2,38.3,1,,,,0,38.01,0.028,0.007,22,question,9
2026-10-08 21:56:33.839,286.71,20261008_215147,toy,question,12,611,manual,lie,99.1,38.4,1,,,,0,38.01,0.03,0.011,22,question,8
2026-10-08 21:56:33.992,286.86,20261008_215147,toy,question,12,611,manual,lie,99.1,38.4,1,,,,0,38.01,0.028,0.012,22,question,8
2026-10-08 21:56:34.197,287.06,20261008_215147,toy,question,12,611,manual,lie,99.1,38.4,1,,,,0,38.01,0.032,0.012,22,question,8
2026-10-08 21:56:34.486,287.35,20261008_215147,toy,question,12,611,manual,lie,99.1,40.3,1,,,,0,38.01,0.033,0.012,22,question,8
2026-10-08 21:56:34.910,287.78,20261008_215147,toy,question,12,611,manual,lie,99.1,40.3,1,,,,0,38.02,0.034,0.014,22,question,8
2026-10-08 21:56:34.910,287.78,20261008_215147,toy,question,12,611,manual,lie,99.1,40.3,1,,,,0,38.02,0.032,0.013,22,question,8
2026-10-08 21:56:35.057,287.92,20261008_215147,toy,question,12,611,manual,lie,99.1,44.1,1,,,,0,38.02,0.031,0.012,22,question,8
2026-10-08 21:56:35.220,288.09,20261008_215147,toy,question,12,611,manual,lie,99.1,44.1,1,,,,0,38.02,0.028,0.011,22,question,9
2026-10-08 21:56:35.408,288.27,20261008_215147,toy,question,12,611,manual,lie,99.1,44.1,1,,,,0,38.02,0.028,0.011,22,question,9
2026-10-08 21:56:35.613,288.48,20261008_215147,toy,question,12,611,manual,lie,99.1,47.5,1,,,,0,38.02,0.027,0.01,22,question,9
2026-10-08 21:56:35.820,288.69,20261008_215147,toy,question,12,611,manual,lie,99.1,47.5,1,,,,0,38.03,0.025,0.01,22,question,9
2026-10-08 21:56:36.025,288.89,20261008_215147,toy,question,12,611,manual,lie,99.1,47.5,1,,,,0,38.03,0.024,0.01,21,question,9
2026-10-08 21:56:36.243,289.11,20261008_215147,toy,question,12,611,manual,lie,99.1,47.5,1,,,,0,38.03,0.03,0.01,21,question,9
2026-10-08 21:56:36.435,289.3,20261008_215147,toy,question,12,611,manual,lie,97.7,47.9,1,,,,0,38.04,0.034,0.013,21,question,9
2026-10-08 21:56:36.640,289.51,20261008_215147,toy,question,12,611,manual,lie,97.7,47.9,1,,,,0,38.06,0.039,0.014,21,question,9
2026-10-08 21:56:36.842,289.71,20261008_215147,toy,question,12,611,manual,lie,97.7,47.9,1,,,,0,38.05,0.049,0.014,21,question,9
2026-10-08 21:56:37.053,289.92,20261008_215147,toy,question,12,611,manual,lie,95.4,35.7,1,,,,0,38.05,0.048,0.014,21,question,9
2026-10-08 21:56:37.256,290.12,20261008_215147,toy,question,12,611,manual,lie,95.4,35.7,1,,,,0,38.05,0.044,0.013,21,question,9
2026-10-08 21:56:37.464,290.33,20261008_215147,toy,question,12,611,manual,lie,95.4,35.7,1,,,,0,38.05,0.042,0.013,21,question,9
2026-10-08 21:56:37.676,290.54,20261008_215147,toy,question,12,611,manual,lie,95.4,36.2,1,,,,0,38.05,0.041,0.012,21,question,9
2026-10-08 21:56:37.876,290.74,20261008_215147,toy,question,12,611,manual,lie,95.4,36.2,1,,,,0,38.05,0.038,0.011,21,question,8
2026-10-08 21:56:38.083,290.95,20261008_215147,toy,question,12,611,manual,lie,95.4,36.2,1,,,,0,38.05,0.036,0.011,21,question,8
2026-10-08 21:56:38.291,291.16,20261008_215147,toy,question,12,611,manual,lie,98.0,36.0,1,,,,0,38.03,0.035,0.01,21,question,9
2026-10-08 21:56:38.494,291.36,20261008_215147,toy,question,12,611,manual,lie,98.0,36.0,1,,,,0,38.03,0.032,0.01,21,question,9
2026-10-08 21:56:38.704,291.57,20261008_215147,toy,question,12,611,manual,lie,98.0,36.0,1,,,,0,38.03,0.032,0.01,21,question,9
2026-10-08 21:56:38.911,291.78,20261008_215147,toy,question,12,611,manual,lie,98.0,34.4,1,,,,0,38.04,0.03,0.009,21,question,9
2026-10-08 21:56:39.122,291.99,20261008_215147,toy,question,12,611,manual,lie,98.0,34.4,1,,,,0,38.02,0.029,0.009,21,question,9
2026-10-08 21:56:39.325,292.19,20261008_215147,toy,question,12,611,manual,lie,98.0,34.4,1,,,,0,38.02,0.03,0.009,21,question,9
2026-10-08 21:56:39.531,292.4,20261008_215147,toy,question,12,611,manual,lie,98.4,31.1,1,,,,0,38.03,0.029,0.009,21,question,9
2026-10-08 21:56:39.736,292.6,20261008_215147,toy,question,12,611,manual,lie,98.4,31.1,1,,,,0,38.04,0.031,0.009,21,question,9
2026-10-08 21:56:39.942,292.81,20261008_215147,toy,question,12,611,manual,lie,98.4,31.1,1,,,,0,38.04,0.03,0.009,21,question,9
2026-10-08 21:56:40.152,293.02,20261008_215147,toy,question,12,611,manual,lie,98.4,32.7,1,,,,0,38.05,0.03,0.009,21,question,9
2026-10-08 21:56:40.357,293.22,20261008_215147,toy,recovery,12,611,manual,lie,98.4,32.7,1,,,,0,38.05,0.029,0.009,21,ready,9
2026-10-08 21:56:40.563,293.43,20261008_215147,toy,recovery,12,611,manual,lie,98.4,32.7,1,,,,0,38.05,0.029,0.009,21,ready,9
2026-10-08 21:56:40.757,293.62,20261008_215147,toy,recovery,12,611,manual,lie,98.4,32.7,1,,,,0,38.06,0.027,0.009,21,ready,9
2026-10-08 21:56:40.963,293.83,20261008_215147,toy,recovery,12,611,manual,lie,98.4,32.7,1,,,,0,38.06,0.027,0.008,21,ready,9
2026-10-08 21:56:41.168,294.03,20261008_215147,toy,recovery,12,611,manual,lie,98.4,32.7,1,,,,0,38.06,0.027,0.008,21,ready,9
2026-10-08 21:56:43.269,296.14,20261008_215147,toy,recovery,12,611,manual,lie,98.8,36.9,1,,,,0,38.06,0.035,0.011,21,ready,9
2026-10-08 21:56:43.471,296.34,20261008_215147,toy,rest,,,,,98.8,36.9,1,,,,0,38.06,0.034,0.012,21,ready,9
2026-10-08 21:56:43.680,296.55,20261008_215147,toy,rest,,,,,98.8,36.9,1,,,,0,38.07,0.033,0.011,21,ready,9
2026-10-08 21:56:43.890,296.76,20261008_215147,toy,rest,,,,,98.8,32.5,1,,,,0,38.07,0.037,0.013,21,ready,9
2026-10-08 21:56:44.094,296.96,20261008_215147,toy,rest,,,,,98.8,32.5,1,,,,0,38.08,0.037,0.013,22,ready,9
2026-10-08 21:56:44.300,297.17,20261008_215147,toy,rest,,,,,100.8,53.5,1,,,,0,38.08,0.038,0.012,22,ready,9
2026-10-08 21:56:44.511,297.38,20261008_215147,toy,rest,,,,,100.8,53.5,1,,,,0,38.08,0.039,0.012,22,ready,9
2026-10-08 21:56:44.718,297.58,20261008_215147,toy,recovery,13,612,manual,lie,100.8,53.5,1,,,,0,38.08,0.038,0.011,22,ready,9
2026-10-08 21:56:44.940,297.81,20261008_215147,toy,question,13,612,manual,lie,100.8,53.5,1,,,,0,38.09,0.066,0.035,22,question,9
2026-10-08 21:56:45.119,297.98,20261008_215147,toy,question,13,612,manual,lie,100.8,53.5,1,,,,0,38.09,0.092,0.055,23,question,9
2026-10-08 21:56:45.324,298.19,20261008_215147,toy,question,13,612,manual,lie,100.8,53.5,1,,,,0,38.09,0.118,0.158,23,question,9
2026-10-08 21:56:45.531,298.4,20261008_215147,toy,question,13,612,manual,lie,105.0,56.8,1,,,,0,38.1,0.152,0.186,25,question,9
2026-10-08 21:56:45.738,298.6,20261008_215147,toy,question,13,612,manual,lie,105.0,56.8,1,,,,0,38.1,0.147,0.171,25,question,9
2026-10-08 21:56:45.944,298.81,20261008_215147,toy,question,13,612,manual,lie,105.0,56.8,1,,,,0,38.1,0.187,0.219,27,question,9
2026-10-08 21:56:46.170,299.04,20261008_215147,toy,question,13,612,manual,lie,105.0,56.8,1,,,,0,38.09,0.242,0.228,28,question,9
2026-10-08 21:56:46.386,299.25,20261008_215147,toy,question,13,612,manual,lie,105.0,56.8,1,,,,0,38.08,0.269,0.457,29,question,9
2026-10-08 21:56:46.577,299.44,20261008_215147,toy,question,13,612,manual,lie,105.0,56.8,1,,,,0,38.08,0.278,0.514,30,question,9
2026-10-08 21:56:46.770,299.64,20261008_215147,toy,question,13,612,manual,lie,,,1,,,,0,38.09,0.262,0.484,35,question,9
2026-10-08 21:56:46.980,299.85,20261008_215147,toy,question,13,612,manual,lie,,,1,,,,0,38.1,0.245,0.44,39,question,9
2026-10-08 21:56:47.210,300.08,20261008_215147,toy,question,13,612,manual,lie,137.2,,1,,,,0,38.12,0.229,0.405,42,question,9
2026-10-08 21:56:47.393,300.26,20261008_215147,toy,question,13,612,manual,lie,137.2,,1,,,,0,38.12,0.21,0.367,44,question,9
2026-10-08 21:56:47.611,300.48,20261008_215147,toy,question,13,612,manual,lie,165.2,,1,,,,0,38.12,0.216,0.324,53,question,9
2026-10-08 21:56:47.809,300.67,20261008_215147,toy,question,13,612,manual,lie,144.0,,1,,,,0,38.13,0.258,0.314,54,question,9
2026-10-08 21:56:48.019,300.89,20261008_215147,toy,question,13,612,manual,lie,144.0,,1,,,,0,38.13,0.307,0.298,56,question,9
2026-10-08 21:56:48.215,301.08,20261008_215147,toy,question,13,612,manual,lie,161.3,143.2,1,,,,0,38.14,0.288,0.271,59,question,9
2026-10-08 21:56:48.426,301.29,20261008_215147,toy,question,13,612,manual,lie,161.3,143.2,1,,,,0,38.14,0.261,0.245,62,question,9
2026-10-08 21:56:48.623,301.49,20261008_215147,toy,question,13,612,manual,lie,161.3,129.2,1,,,,0,38.15,0.236,0.222,63,question,9
2026-10-08 21:56:48.833,301.7,20261008_215147,toy,question,13,612,manual,lie,161.3,129.2,1,,,,0,38.15,0.214,0.201,64,question,9
2026-10-08 21:56:49.035,301.9,20261008_215147,toy,question,13,612,manual,lie,161.3,129.2,1,,,,0,38.16,0.194,0.182,65,question,9
2026-10-08 21:56:49.251,302.12,20261008_215147,toy,question,13,612,manual,lie,161.3,129.2,1,,,,0,38.16,0.177,0.165,66,question,9
2026-10-08 21:56:49.444,302.31,20261008_215147,toy,question,13,612,manual,lie,161.3,129.2,1,,,,0,38.16,0.16,0.149,66,question,9
2026-10-08 21:56:49.651,302.52,20261008_215147,toy,question,13,612,manual,lie,161.3,129.2,1,,,,0,38.17,0.145,0.135,66,question,9
2026-10-08 21:56:49.868,302.73,20261008_215147,toy,question,13,612,manual,lie,161.3,129.2,1,,,,0,38.17,0.132,0.122,66,question,9
2026-10-08 21:56:50.060,302.93,20261008_215147,toy,question,13,612,manual,lie,161.3,129.2,1,,,,0,38.17,0.12,0.111,66,question,9
2026-10-08 21:56:50.509,303.38,20261008_215147,toy,question,13,612,manual,lie,161.3,129.2,1,,,,0,38.17,0.109,0.1,66,question,9
2026-10-08 21:56:50.510,303.38,20261008_215147,toy,question,13,612,manual,lie,161.3,129.2,1,,,,0,38.17,0.099,0.091,65,question,9
2026-10-08 21:56:50.670,303.54,20261008_215147,toy,question,13,612,manual,lie,161.3,129.2,1,,,,0,38.18,0.09,0.082,65,question,9
2026-10-08 21:56:50.875,303.74,20261008_215147,toy,question,13,612,manual,lie,161.3,129.2,1,,,,0,38.18,0.081,0.074,65,question,9
2026-10-08 21:56:51.084,303.95,20261008_215147,toy,question,13,612,manual,lie,,,1,,,,0,38.18,0.074,0.067,57,question,9
2026-10-08 21:56:51.299,304.17,20261008_215147,toy,question,13,612,manual,lie,,,1,,,,0,38.18,0.067,0.061,50,question,9
2026-10-08 21:56:51.507,304.37,20261008_215147,toy,question,13,612,manual,lie,,,1,,,,0,38.18,0.061,0.055,44,question,9
2026-10-08 21:56:51.744,304.61,20261008_215147,toy,question,13,612,manual,lie,,,1,,,,0,38.19,0.055,0.05,39,question,9
2026-10-08 21:56:51.910,304.78,20261008_215147,toy,question,13,612,manual,lie,,,1,,,,0,38.19,0.051,0.045,35,question,9
2026-10-08 21:56:52.115,304.98,20261008_215147,toy,question,13,612,manual,lie,,,1,,,,0,38.19,0.047,0.041,32,question,9
2026-10-08 21:56:52.318,305.18,20261008_215147,toy,question,13,612,manual,lie,,,1,,,,0,38.2,0.042,0.037,29,question,9
2026-10-08 21:56:52.524,305.39,20261008_215147,toy,question,13,612,manual,lie,,,1,,,,0,38.2,0.039,0.034,26,question,9
2026-10-08 21:56:52.733,305.6,20261008_215147,toy,question,13,612,manual,lie,,,1,,,,0,38.2,0.037,0.031,24,question,9
2026-10-08 21:56:52.939,305.81,20261008_215147,toy,question,13,612,manual,lie,,,1,,,,0,38.2,0.034,0.028,23,question,9
2026-10-08 21:56:53.151,306.02,20261008_215147,toy,question,13,612,manual,lie,,,1,,,,0,38.2,0.031,0.025,21,question,9
2026-10-08 21:56:53.364,306.23,20261008_215147,toy,question,13,612,manual,lie,,,1,,,,0,38.21,0.029,0.023,20,question,9
2026-10-08 21:56:53.559,306.43,20261008_215147,toy,question,13,612,manual,lie,,,1,,,,0,38.21,0.027,0.021,19,question,9
2026-10-08 21:56:53.767,306.63,20261008_215147,toy,question,13,612,manual,lie,,,1,,,,0,38.21,0.025,0.019,18,question,9
2026-10-08 21:56:54.285,307.15,20261008_215147,toy,question,13,612,manual,lie,,,1,,,,0,38.21,0.035,0.021,17,question,9
2026-10-08 21:56:54.286,307.15,20261008_215147,toy,question,13,612,manual,lie,,,1,,,,0,38.21,0.089,0.056,18,question,9
2026-10-08 21:56:54.389,307.26,20261008_215147,toy,question,13,612,manual,lie,49.1,,1,,,,0,38.21,0.091,0.058,16,question,9
2026-10-08 21:56:54.676,307.54,20261008_215147,toy,question,13,612,manual,lie,49.1,,1,,,,0,38.21,0.079,0.048,13,question,9
2026-10-08 21:56:54.804,307.67,20261008_215147,toy,question,13,612,manual,lie,49.1,,1,,,,0,38.21,0.073,0.044,12,question,9
2026-10-08 21:56:55.086,307.95,20261008_215147,toy,question,13,612,manual,lie,50.8,,1,,,,0,38.22,0.066,0.04,11,question,9
2026-10-08 21:56:55.213,308.08,20261008_215147,toy,question,13,612,manual,lie,50.8,,1,,,,0,38.22,0.06,0.037,11,question,9
2026-10-08 21:56:55.412,308.28,20261008_215147,toy,question,13,612,manual,lie,50.8,,1,,,,0,38.21,0.055,0.033,10,question,9
2026-10-08 21:56:55.619,308.49,20261008_215147,toy,question,13,612,manual,lie,50.8,,1,,,,0,38.18,0.051,0.03,9,question,9
2026-10-08 21:56:55.826,308.69,20261008_215147,toy,question,13,612,manual,lie,50.8,,1,,,,0,38.18,0.046,0.028,9,question,9
2026-10-08 21:56:56.029,308.9,20261008_215147,toy,question,13,612,manual,lie,55.2,,1,,,,0,38.18,0.042,0.025,9,question,9
2026-10-08 21:56:56.236,309.1,20261008_215147,toy,question,13,612,manual,lie,55.2,,1,,,,0,38.19,0.039,0.023,9,question,9
2026-10-08 21:56:56.441,309.31,20261008_215147,toy,question,13,612,manual,lie,55.2,,1,,,,0,38.17,0.035,0.021,8,question,9
2026-10-08 21:56:56.647,309.51,20261008_215147,toy,recovery,13,612,manual,lie,55.2,,1,,,,0,38.18,0.032,0.019,8,ready,9
2026-10-08 21:56:56.846,309.71,20261008_215147,toy,recovery,13,612,manual,lie,60.3,,1,,,,0,38.18,0.03,0.018,8,ready,9
2026-10-08 21:56:57.049,309.91,20261008_215147,toy,recovery,13,612,manual,lie,60.3,,1,,,,0,38.15,0.028,0.016,8,ready,9
2026-10-08 21:56:57.254,310.12,20261008_215147,toy,recovery,13,612,manual,lie,60.3,,1,,,,0,38.16,0.026,0.015,8,ready,9
2026-10-08 21:56:57.459,310.33,20261008_215147,toy,recovery,13,612,manual,lie,60.3,,1,,,,0,38.18,0.024,0.013,8,ready,9
2026-10-08 21:56:57.663,310.53,20261008_215147,toy,recovery,13,612,manual,lie,66.8,272.9,1,,,,0,38.2,0.025,0.013,9,ready,9
2026-10-08 21:56:57.869,310.74,20261008_215147,toy,recovery,13,612,manual,lie,66.8,272.9,1,,,,0,38.19,0.025,0.012,9,ready,9
2026-10-08 21:56:58.077,310.94,20261008_215147,toy,recovery,13,612,manual,lie,66.8,272.9,1,,,,0,38.2,0.027,0.013,9,ready,9
2026-10-08 21:56:58.284,311.15,20261008_215147,toy,recovery,13,612,manual,lie,66.8,272.9,1,,,,0,38.2,0.026,0.012,9,ready,9
2026-10-08 21:56:58.490,311.36,20261008_215147,toy,recovery,13,612,manual,lie,66.8,272.9,1,,,,0,38.21,0.024,0.011,9,ready,9
2026-10-08 21:56:58.699,311.56,20261008_215147,toy,recovery,13,612,manual,lie,66.8,272.9,1,,,,0,38.21,0.022,0.01,10,ready,9
2026-10-08 21:56:59.170,312.04,20261008_215147,toy,rest,,,,,66.8,272.9,1,,,,0,38.22,0.023,0.01,10,ready,9
2026-10-08 21:56:59.171,312.04,20261008_215147,toy,rest,,,,,66.8,272.9,1,,,,0,38.22,0.022,0.01,10,ready,9
2026-10-08 21:56:59.317,312.18,20261008_215147,toy,rest,,,,,66.8,272.9,1,,,,0,38.22,0.021,0.009,10,ready,9
2026-10-08 21:56:59.519,312.39,20261008_215147,toy,rest,,,,,,,1,,,,0,38.22,0.021,0.009,10,ready,9
2026-10-08 21:56:59.729,312.59,20261008_215147,toy,rest,,,,,,,1,,,,0,38.22,0.02,0.008,11,ready,9
2026-10-08 21:56:59.933,312.8,20261008_215147,toy,rest,,,,,,,1,,,,0,38.22,0.02,0.008,11,ready,9
2026-10-08 21:57:00.141,313.01,20261008_215147,toy,question,14,613,manual,lie,,,1,,,,0,38.22,0.02,0.008,12,question,9
2026-10-08 21:57:00.414,313.28,20261008_215147,toy,question,14,613,manual,lie,,,1,,,,0,38.23,0.019,0.007,12,question,9
2026-10-08 21:57:00.556,313.42,20261008_215147,toy,question,14,613,manual,lie,,,1,,,,0,38.23,0.019,0.007,12,question,9
2026-10-08 21:57:00.970,313.84,20261008_215147,toy,question,14,613,manual,lie,65.0,,1,,,,0,38.23,0.02,0.007,12,question,9
2026-10-08 21:57:00.971,313.84,20261008_215147,toy,question,14,613,manual,lie,65.0,,1,,,,0,38.23,0.018,0.006,11,question,9
2026-10-08 21:57:01.412,314.28,20261008_215147,toy,question,14,613,manual,lie,65.0,,1,,,,0,38.23,0.017,0.006,11,question,9
2026-10-08 21:57:01.413,314.28,20261008_215147,toy,question,14,613,manual,lie,98.4,,1,,,,0,38.23,0.017,0.006,13,question,9
2026-10-08 21:57:01.582,314.45,20261008_215147,toy,question,14,613,manual,lie,98.4,,1,,,,0,38.21,0.017,0.006,14,question,9
2026-10-08 21:57:01.785,314.65,20261008_215147,toy,question,14,613,manual,lie,98.4,,1,,,,0,38.21,0.017,0.005,15,question,9
2026-10-08 21:57:02.048,314.91,20261008_215147,toy,question,14,613,manual,lie,96.5,,1,,,,0,38.21,0.017,0.005,16,question,9
2026-10-08 21:57:02.193,315.06,20261008_215147,toy,question,14,613,manual,lie,96.5,,1,,,,0,38.21,0.017,0.005,17,question,9
2026-10-08 21:57:02.417,315.28,20261008_215147,toy,question,14,613,manual,lie,96.5,,1,,,,0,38.22,0.016,0.005,17,question,9
2026-10-08 21:57:02.607,315.47,20261008_215147,toy,question,14,613,manual,lie,97.4,443.8,1,,,,0,38.22,0.015,0.005,18,question,9
2026-10-08 21:57:02.811,315.68,20261008_215147,toy,question,14,613,manual,lie,97.4,443.8,1,,,,0,38.22,0.015,0.005,18,question,9
2026-10-08 21:57:03.021,315.89,20261008_215147,toy,question,14,613,manual,lie,97.4,443.8,1,,,,0,38.23,0.014,0.004,19,question,9
2026-10-08 21:57:03.279,316.15,20261008_215147,toy,question,14,613,manual,lie,97.4,443.8,1,,,,0,38.23,0.014,0.006,19,question,9
2026-10-08 21:57:03.431,316.3,20261008_215147,toy,question,14,613,manual,lie,97.4,397.0,1,,,,0,38.23,0.014,0.007,19,question,9
2026-10-08 21:57:03.633,316.5,20261008_215147,toy,question,14,613,manual,lie,97.4,397.0,1,,,,0,38.23,0.014,0.006,19,question,9
2026-10-08 21:57:03.839,316.71,20261008_215147,toy,question,14,613,manual,lie,97.4,397.0,1,,,,0,38.23,0.015,0.007,19,question,9
2026-10-08 21:57:04.047,316.91,20261008_215147,toy,question,14,613,manual,lie,98.1,362.4,1,,,,0,38.24,0.018,0.007,20,question,9
2026-10-08 21:57:04.403,317.27,20261008_215147,toy,question,14,613,manual,lie,98.1,362.4,1,,,,0,38.24,0.018,0.007,20,question,9
2026-10-08 21:57:04.460,317.33,20261008_215147,toy,question,14,613,manual,lie,98.1,362.4,1,,,,0,38.24,0.017,0.006,20,question,9
2026-10-08 21:57:04.662,317.53,20261008_215147,toy,question,14,613,manual,lie,98.1,362.4,1,,,,0,38.24,0.016,0.006,20,question,9
2026-10-08 21:57:04.914,317.78,20261008_215147,toy,question,14,613,manual,lie,98.1,362.4,1,,,,0,38.25,0.016,0.006,20,question,9
2026-10-08 21:57:05.068,317.93,20261008_215147,toy,question,14,613,manual,lie,98.1,362.4,1,,,,0,38.25,0.015,0.007,20,question,9
2026-10-08 21:57:05.279,318.14,20261008_215147,toy,question,14,613,manual,lie,98.1,362.4,1,,,,0,38.25,0.014,0.006,20,question,9
2026-10-08 21:57:05.478,318.34,20261008_215147,toy,question,14,613,manual,lie,98.1,362.4,1,,,,0,38.25,0.013,0.006,20,question,9
2026-10-08 21:57:05.969,318.84,20261008_215147,toy,question,14,613,manual,lie,,,1,,,,0,38.25,0.014,0.006,19,question,9
2026-10-08 21:57:05.970,318.84,20261008_215147,toy,question,14,613,manual,lie,,,1,,,,0,38.26,0.013,0.006,18,question,9
2026-10-08 21:57:06.089,318.95,20261008_215147,toy,question,14,613,manual,lie,,,1,,,,0,38.26,0.013,0.006,17,question,9
2026-10-08 21:57:06.293,319.16,20261008_215147,toy,question,14,613,manual,lie,120.5,,1,,,,0,38.23,0.016,0.008,20,question,9
2026-10-08 21:57:06.498,319.36,20261008_215147,toy,question,14,613,manual,lie,120.5,,1,,,,0,38.23,0.019,0.008,22,question,9
2026-10-08 21:57:06.701,319.57,20261008_215147,toy,question,14,613,manual,lie,120.5,,1,,,,0,38.23,0.018,0.008,24,question,9
2026-10-08 21:57:06.910,319.78,20261008_215147,toy,question,14,613,manual,lie,99.9,,1,,,,0,38.23,0.017,0.007,23,question,9
2026-10-08 21:57:07.404,320.27,20261008_215147,toy,question,14,613,manual,lie,99.9,,1,,,,0,38.24,0.016,0.007,23,question,9
2026-10-08 21:57:07.406,320.27,20261008_215147,toy,question,14,613,manual,lie,99.9,,1,,,,0,38.23,0.018,0.006,23,question,9
2026-10-08 21:57:07.527,320.39,20261008_215147,toy,question,14,613,manual,lie,99.9,,1,,,,0,38.23,0.017,0.006,23,question,9
2026-10-08 21:57:07.728,320.59,20261008_215147,toy,question,14,613,manual,lie,99.9,,1,,,,0,38.24,0.018,0.006,22,question,9
2026-10-08 21:57:07.936,320.8,20261008_215147,toy,question,14,613,manual,lie,99.9,,1,,,,0,38.24,0.022,0.006,22,question,9
2026-10-08 21:57:08.142,321.01,20261008_215147,toy,question,14,613,manual,lie,117.0,,1,,,,0,38.24,0.033,0.012,24,question,9
2026-10-08 21:57:08.396,321.26,20261008_215147,toy,question,14,613,manual,lie,117.0,,1,,,,0,38.24,0.036,0.014,25,question,9
2026-10-08 21:57:08.553,321.42,20261008_215147,toy,question,14,613,manual,lie,117.0,,1,,,,0,38.24,0.034,0.014,26,question,9
2026-10-08 21:57:08.760,321.63,20261008_215147,toy,question,14,613,manual,lie,100.2,,1,,,,0,38.24,0.032,0.013,26,question,9
2026-10-08 21:57:09.011,321.88,20261008_215147,toy,question,14,613,manual,lie,100.2,,1,,,,0,38.24,0.03,0.012,25,question,9
2026-10-08 21:57:09.171,322.04,20261008_215147,toy,question,14,613,manual,lie,100.2,,1,,,,0,38.25,0.029,0.011,24,question,9
2026-10-08 21:57:09.380,322.25,20261008_215147,toy,question,14,613,manual,lie,100.2,155.4,1,,,,0,38.25,0.027,0.011,24,question,9
2026-10-08 21:57:09.625,322.49,20261008_215147,toy,question,14,613,manual,lie,100.2,155.4,1,,,,0,38.25,0.025,0.01,24,question,9
2026-10-08 21:57:09.791,322.66,20261008_215147,toy,question,14,613,manual,lie,100.2,155.4,1,,,,0,38.25,0.026,0.009,23,question,9
2026-10-08 21:57:10.000,322.87,20261008_215147,toy,question,14,613,manual,lie,100.2,155.4,1,,,,0,38.25,0.024,0.009,23,question,9
2026-10-08 21:57:10.211,323.08,20261008_215147,toy,question,14,613,manual,lie,100.2,155.4,1,,,,0,38.25,0.023,0.008,23,question,9
2026-10-08 21:57:10.410,323.28,20261008_215147,toy,question,14,613,manual,lie,100.2,155.4,1,,,,0,38.26,0.022,0.007,23,question,9
2026-10-08 21:57:10.648,323.51,20261008_215147,toy,question,14,613,manual,lie,100.2,155.4,1,,,,0,38.26,0.02,0.007,22,question,9
2026-10-08 21:57:10.818,323.68,20261008_215147,toy,question,14,613,manual,lie,100.2,155.4,1,,,,0,38.26,0.019,0.006,22,question,9
2026-10-08 21:57:11.019,323.89,20261008_215147,toy,question,14,613,manual,lie,100.2,155.4,1,,,,0,38.26,0.019,0.006,22,question,9
2026-10-08 21:57:11.228,324.09,20261008_215147,toy,question,14,613,manual,lie,100.2,155.4,1,,,,0,38.26,0.017,0.006,22,question,9
2026-10-08 21:57:11.436,324.3,20261008_215147,toy,question,14,613,manual,lie,100.2,155.4,1,,,,0,38.27,0.016,0.005,22,question,9
2026-10-08 21:57:11.642,324.51,20261008_215147,toy,question,14,613,manual,lie,100.2,155.4,1,,,,0,38.28,0.015,0.005,22,question,9
2026-10-08 21:57:11.854,324.72,20261008_215147,toy,recovery,14,613,manual,lie,,,1,,,,0,38.28,0.016,0.005,20,ready,9
2026-10-08 21:57:12.064,324.93,20261008_215147,toy,recovery,14,613,manual,lie,,,1,,,,0,38.28,0.016,0.005,20,ready,9
2026-10-08 21:57:12.265,325.13,20261008_215147,toy,recovery,14,613,manual,lie,,,1,,,,0,38.28,0.016,0.005,19,ready,9
2026-10-08 21:57:12.463,325.33,20261008_215147,toy,recovery,14,613,manual,lie,108.1,,1,,,,0,38.28,0.015,0.004,19,ready,9
2026-10-08 21:57:12.699,325.56,20261008_215147,toy,recovery,14,613,manual,lie,108.1,,1,,,,0,38.28,0.014,0.004,20,ready,9
2026-10-08 21:57:12.901,325.77,20261008_215147,toy,recovery,14,613,manual,lie,154.8,,1,,,,0,38.28,0.016,0.006,27,ready,9
2026-10-08 21:57:13.084,325.95,20261008_215147,toy,recovery,14,613,manual,lie,154.8,,1,,,,0,38.28,0.016,0.007,32,ready,9
2026-10-08 21:57:13.293,326.16,20261008_215147,toy,recovery,14,613,manual,lie,149.2,,1,,,,0,38.29,0.016,0.007,35,ready,9
2026-10-08 21:57:13.494,326.36,20261008_215147,toy,recovery,14,613,manual,lie,149.2,,1,,,,0,38.29,0.016,0.007,38,ready,9
2026-10-08 21:57:13.700,326.57,20261008_215147,toy,recovery,14,613,manual,lie,154.8,252.8,1,,,,0,38.29,0.021,0.011,41,ready,9
2026-10-08 21:57:13.912,326.78,20261008_215147,toy,recovery,14,613,manual,lie,154.8,252.8,1,,,,0,38.29,0.02,0.011,44,ready,9
2026-10-08 21:57:14.113,326.98,20261008_215147,toy,recovery,14,613,manual,lie,154.8,252.8,1,,,,0,38.29,0.021,0.011,46,ready,9
2026-10-08 21:57:14.318,327.18,20261008_215147,toy,recovery,14,613,manual,lie,154.8,252.8,1,,,,0,38.29,0.021,0.011,48,ready,9
2026-10-08 21:57:14.530,327.4,20261008_215147,toy,recovery,14,613,manual,lie,154.8,252.8,1,,,,0,38.29,0.023,0.012,49,ready,9
2026-10-08 21:57:14.746,327.61,20261008_215147,toy,rest,,,,,154.8,252.8,1,,,,0,38.29,0.022,0.012,50,ready,9
2026-10-08 21:57:14.936,327.8,20261008_215147,toy,rest,,,,,154.8,252.8,1,,,,0,38.29,0.021,0.011,51,ready,9
2026-10-08 21:57:15.134,328.0,20261008_215147,toy,rest,,,,,154.8,252.8,1,,,,0,38.29,0.021,0.01,52,ready,9
2026-10-08 21:57:15.334,328.2,20261008_215147,toy,rest,,,,,154.8,252.8,1,,,,0,38.29,0.02,0.01,53,ready,9
2026-10-08 21:57:15.534,328.4,20261008_215147,toy,rest,,,,,154.8,252.8,1,,,,0,38.29,0.019,0.009,53,ready,9
2026-10-08 21:57:15.977,328.84,20261008_215147,toy,rest,,,,,154.8,252.8,1,,,,0,38.29,0.017,0.008,54,ready,9
2026-10-08 21:57:15.978,328.84,20261008_215147,toy,rest,,,,,,,1,,,,0,38.29,0.016,0.008,46,ready,9
2026-10-08 21:57:16.155,329.02,20261008_215147,toy,question,15,614,manual,unknown,100.3,,1,,,,0,38.29,0.016,0.007,42,question,9
2026-10-08 21:57:16.353,329.22,20261008_215147,toy,question,15,614,manual,unknown,100.3,,1,,,,0,38.29,0.016,0.007,38,question,9
2026-10-08 21:57:16.562,329.43,20261008_215147,toy,question,15,614,manual,unknown,168.1,,1,,,,0,38.29,0.018,0.007,43,question,9
2026-10-08 21:57:16.763,329.63,20261008_215147,toy,question,15,614,manual,unknown,168.1,,1,,,,0,38.29,0.017,0.007,47,question,9
2026-10-08 21:57:16.974,329.84,20261008_215147,toy,question,15,614,manual,unknown,168.1,,1,,,,0,38.29,0.016,0.006,50,question,9
2026-10-08 21:57:17.174,330.04,20261008_215147,toy,question,15,614,manual,unknown,168.1,,1,,,,0,38.29,0.015,0.006,52,question,9
2026-10-08 21:57:17.374,330.24,20261008_215147,toy,question,15,614,manual,unknown,165.4,,1,,,,0,38.29,0.015,0.006,54,question,9
2026-10-08 21:57:17.580,330.45,20261008_215147,toy,question,15,614,manual,unknown,165.4,,1,,,,0,38.29,0.015,0.006,56,question,9
2026-10-08 21:57:17.785,330.65,20261008_215147,toy,question,15,614,manual,unknown,165.4,,1,,,,0,38.29,0.014,0.006,57,question,9
2026-10-08 21:57:17.993,330.86,20261008_215147,toy,question,15,614,manual,unknown,165.4,,1,,,,0,38.3,0.014,0.008,58,question,9
2026-10-08 21:57:18.198,331.06,20261008_215147,toy,question,15,614,manual,unknown,165.4,,1,,,,0,38.3,0.017,0.008,59,question,9
2026-10-08 21:57:18.407,331.27,20261008_215147,toy,question,15,614,manual,unknown,165.4,,1,,,,0,38.3,0.017,0.007,59,question,9
2026-10-08 21:57:18.613,331.48,20261008_215147,toy,question,15,614,manual,unknown,165.4,,1,,,,0,38.3,0.016,0.007,60,question,9
2026-10-08 21:57:18.821,331.69,20261008_215147,toy,question,15,614,manual,unknown,165.4,,1,,,,0,38.3,0.016,0.007,60,question,9
2026-10-08 21:57:19.025,331.89,20261008_215147,toy,question,15,614,manual,unknown,165.4,,1,,,,0,38.3,0.015,0.007,61,question,9
2026-10-08 21:57:19.243,332.11,20261008_215147,toy,question,15,614,manual,unknown,165.4,,1,,,,0,38.3,0.016,0.007,61,question,9
2026-10-08 21:57:19.445,332.31,20261008_215147,toy,question,15,614,manual,unknown,165.4,,1,,,,0,38.3,0.016,0.006,61,question,9
2026-10-08 21:57:19.648,332.51,20261008_215147,toy,question,15,614,manual,unknown,165.4,,1,,,,0,38.3,0.016,0.006,62,question,9
2026-10-08 21:57:19.882,332.75,20261008_215147,toy,question,15,614,manual,unknown,165.4,,1,,,,0,38.31,0.016,0.005,62,question,9
2026-10-08 21:57:20.063,332.93,20261008_215147,toy,question,15,614,manual,unknown,,,1,,,,0,38.31,0.016,0.005,46,question,9
2026-10-08 21:57:20.274,333.14,20261008_215147,toy,question,15,614,manual,unknown,,,1,,,,0,38.31,0.015,0.005,40,question,9
2026-10-08 21:57:20.473,333.34,20261008_215147,toy,question,15,614,manual,unknown,95.8,,1,,,,0,38.31,0.018,0.005,36,question,9
2026-10-08 21:57:20.684,333.55,20261008_215147,toy,question,15,614,manual,unknown,95.8,,1,,,,0,38.31,0.017,0.005,33,question,9
2026-10-08 21:57:20.897,333.76,20261008_215147,toy,question,15,614,manual,unknown,95.8,,1,,,,0,38.31,0.016,0.005,31,question,9
2026-10-08 21:57:21.096,333.96,20261008_215147,toy,question,15,614,manual,unknown,97.5,,1,,,,0,38.31,0.016,0.005,29,question,9
2026-10-08 21:57:21.400,334.27,20261008_215147,toy,question,15,614,manual,unknown,97.5,,1,,,,0,38.31,0.015,0.005,27,question,9
2026-10-08 21:57:21.508,334.37,20261008_215147,toy,question,15,614,manual,unknown,97.5,,1,,,,0,38.31,0.016,0.005,26,question,9
2026-10-08 21:57:21.715,334.58,20261008_215147,toy,question,15,614,manual,unknown,97.9,,1,,,,0,38.31,0.014,0.005,25,question,9
2026-10-08 21:57:21.924,334.79,20261008_215147,toy,question,15,614,manual,unknown,97.9,,1,,,,0,38.31,0.014,0.005,24,question,9
2026-10-08 21:57:22.134,335.0,20261008_215147,toy,question,15,614,manual,unknown,97.9,,1,,,,0,38.31,0.014,0.005,23,question,9
2026-10-08 21:57:22.342,335.21,20261008_215147,toy,question,15,614,manual,unknown,97.9,,1,,,,0,38.31,0.014,0.005,23,question,9
2026-10-08 21:57:22.546,335.41,20261008_215147,toy,question,15,614,manual,unknown,97.9,,1,,,,0,38.31,0.013,0.004,22,question,9
2026-10-08 21:57:22.754,335.62,20261008_215147,toy,question,15,614,manual,unknown,97.9,,1,,,,0,38.31,0.013,0.004,22,question,9
2026-10-08 21:57:22.962,335.83,20261008_215147,toy,question,15,614,manual,unknown,97.9,,1,,,,0,38.31,0.015,0.004,22,question,9
2026-10-08 21:57:23.478,336.34,20261008_215147,toy,question,15,614,manual,unknown,97.9,,1,,,,0,38.31,0.014,0.004,22,question,9
2026-10-08 21:57:23.478,336.34,20261008_215147,toy,question,15,614,manual,unknown,97.9,,1,,,,0,38.31,0.013,0.004,21,question,9
2026-10-08 21:57:23.582,336.45,20261008_215147,toy,question,15,614,manual,unknown,98.4,,1,,,,0,38.31,0.012,0.004,21,question,9
2026-10-08 21:57:23.791,336.66,20261008_215147,toy,question,15,614,manual,unknown,98.4,,1,,,,0,38.31,0.013,0.004,21,question,9
2026-10-08 21:57:23.993,336.86,20261008_215147,toy,question,15,614,manual,unknown,98.4,,1,,,,0,38.32,0.013,0.003,21,question,9
2026-10-08 21:57:24.222,337.09,20261008_215147,toy,question,15,614,manual,unknown,98.6,19.2,1,,,,0,38.29,0.014,0.005,21,question,9
2026-10-08 21:57:24.410,337.28,20261008_215147,toy,question,15,614,manual,unknown,98.6,19.2,1,,,,0,38.27,0.014,0.005,21,question,9
2026-10-08 21:57:24.615,337.48,20261008_215147,toy,question,15,614,manual,unknown,98.6,19.2,1,,,,0,38.27,0.018,0.005,21,question,9
2026-10-08 21:57:24.827,337.69,20261008_215147,toy,question,15,614,manual,unknown,98.6,32.5,1,,,,0,38.27,0.017,0.005,21,question,9
2026-10-08 21:57:25.031,337.9,20261008_215147,toy,question,15,614,manual,unknown,98.6,32.5,1,,,,0,38.28,0.02,0.005,21,question,9
2026-10-08 21:57:25.236,338.1,20261008_215147,toy,question,15,614,manual,unknown,98.6,32.5,1,,,,0,38.28,0.026,0.013,21,question,9
2026-10-08 21:57:25.443,338.31,20261008_215147,toy,question,15,614,manual,unknown,98.6,34.3,1,,,,0,38.28,0.028,0.014,21,question,9
2026-10-08 21:57:25.681,338.55,20261008_215147,toy,question,15,614,manual,unknown,98.6,34.3,1,,,,0,38.29,0.028,0.017,21,question,9
2026-10-08 21:57:25.857,338.72,20261008_215147,toy,question,15,614,manual,unknown,98.6,34.3,1,,,,0,38.29,0.029,0.02,21,question,9
2026-10-08 21:57:26.063,338.93,20261008_215147,toy,question,15,614,manual,unknown,99.7,31.8,1,,,,0,38.3,0.032,0.021,21,question,9
2026-10-08 21:57:26.274,339.14,20261008_215147,toy,question,15,614,manual,unknown,99.7,31.8,1,,,,0,38.3,0.031,0.022,21,question,9
2026-10-08 21:57:26.477,339.34,20261008_215147,toy,question,15,614,manual,unknown,99.7,30.1,1,,,,0,38.3,0.034,0.021,22,question,9
2026-10-08 21:57:26.685,339.55,20261008_215147,toy,question,15,614,manual,unknown,99.7,30.1,1,,,,0,38.3,0.033,0.02,22,question,9
2026-10-08 21:57:26.893,339.76,20261008_215147,toy,question,15,614,manual,unknown,99.7,30.1,1,,,,0,38.3,0.036,0.018,22,question,9
2026-10-08 21:57:27.104,339.97,20261008_215147,toy,question,15,614,manual,unknown,99.7,55.9,1,,,,0,38.3,0.037,0.017,22,question,9
2026-10-08 21:57:27.312,340.18,20261008_215147,toy,question,15,614,manual,unknown,99.7,55.9,1,,,,0,38.31,0.036,0.017,22,question,9
2026-10-08 21:57:27.514,340.38,20261008_215147,toy,question,15,614,manual,unknown,100.8,53.8,1,,,,0,38.31,0.041,0.016,22,question,9
2026-10-08 21:57:27.724,340.59,20261008_215147,toy,question,15,614,manual,unknown,100.8,53.8,1,,,,0,38.31,0.043,0.015,22,question,9
2026-10-08 21:57:27.947,340.81,20261008_215147,toy,recovery,15,614,manual,unknown,100.8,53.8,1,,,,0,38.31,0.051,0.014,22,ready,9
2026-10-08 21:57:28.148,341.01,20261008_215147,toy,recovery,15,614,manual,unknown,104.3,69.5,1,,,,0,38.31,0.052,0.016,23,ready,9
2026-10-08 21:57:28.351,341.22,20261008_215147,toy,recovery,15,614,manual,unknown,104.3,69.5,1,,,,0,38.31,0.049,0.015,23,ready,9
2026-10-08 21:57:28.555,341.42,20261008_215147,toy,recovery,15,614,manual,unknown,129.3,85.6,1,,,,0,38.31,0.047,0.015,26,ready,9
2026-10-08 21:57:28.778,341.64,20261008_215147,toy,recovery,15,614,manual,unknown,138.0,87.6,1,,,,0,38.31,0.054,0.017,30,ready,9
2026-10-08 21:57:28.967,341.83,20261008_215147,toy,recovery,15,614,manual,unknown,138.0,87.6,1,,,,0,38.31,0.057,0.019,33,ready,9
2026-10-08 21:57:29.171,342.04,20261008_215147,toy,recovery,15,614,manual,unknown,138.0,87.6,1,,,,0,38.31,0.053,0.021,35,ready,9
2026-10-08 21:57:29.371,342.24,20261008_215147,toy,rest,,,,,138.0,87.6,1,,,,0,38.31,0.05,0.019,37,ready,9
2026-10-08 21:57:29.580,342.45,20261008_215147,toy,rest,,,,,138.0,87.6,1,,,,0,38.31,0.046,0.019,39,ready,9
2026-10-08 21:57:29.780,342.65,20261008_215147,toy,rest,,,,,138.0,87.6,1,,,,0,38.31,0.046,0.02,40,ready,9
2026-10-08 21:57:29.989,342.85,20261008_215147,toy,rest,,,,,138.0,87.6,1,,,,0,38.31,0.045,0.02,41,ready,9
2026-10-08 21:57:30.207,343.07,20261008_215147,toy,rest,,,,,138.0,87.6,1,,,,0,38.31,0.055,0.031,42,ready,9
2026-10-08 21:57:30.403,343.27,20261008_215147,toy,rest,,,,,138.0,87.6,1,,,,0,38.32,0.053,0.038,42,ready,9
2026-10-08 21:57:30.606,343.47,20261008_215147,toy,rest,,,,,138.0,87.6,1,,,,0,38.32,0.052,0.035,43,ready,9
2026-10-08 21:57:30.828,343.69,20261008_215147,toy,rest,,,,,138.0,87.6,1,,,,0,38.32,0.048,0.033,44,ready,9
2026-10-08 21:57:31.014,343.88,20261008_215147,toy,rest,,,,,138.0,87.6,1,,,,0,38.32,0.045,0.03,44,ready,9
2026-10-08 21:57:31.221,344.09,20261008_215147,toy,rest,,,,,138.0,87.6,1,,,,0,38.32,0.041,0.028,44,ready,9
2026-10-08 21:57:31.423,344.29,20261008_215147,toy,rest,,,,,138.0,87.6,1,,,,0,38.32,0.038,0.025,44,ready,9
2026-10-08 21:57:31.639,344.51,20261008_215147,toy,rest,,,,,138.0,87.6,1,,,,0,38.31,0.035,0.023,44,ready,9
2026-10-08 21:57:31.843,344.71,20261008_215147,toy,rest,,,,,138.0,87.6,1,,,,0,38.31,0.04,0.026,44,ready,9
2026-10-08 21:57:32.045,344.91,20261008_215147,toy,rest,,,,,138.0,87.6,1,,,,0,38.31,0.045,0.03,45,ready,9
2026-10-08 21:57:32.254,345.12,20261008_215147,toy,rest,,,,,138.0,87.6,1,,,,0,38.31,0.044,0.029,45,ready,9
2026-10-08 21:57:32.461,345.33,20261008_215147,toy,rest,,,,,138.0,87.6,1,,,,0,38.31,0.042,0.027,45,ready,9
2026-10-08 21:57:32.667,345.53,20261008_215147,toy,rest,,,,,138.0,87.6,1,,,,0,38.32,0.043,0.026,45,ready,9
2026-10-08 21:57:32.889,345.76,20261008_215147,toy,rest,,,,,138.0,87.6,1,,,,0,38.32,0.042,0.024,45,ready,9
2026-10-08 21:57:33.079,345.95,20261008_215147,toy,rest,,,,,138.0,87.6,1,,,,0,38.32,0.046,0.023,45,ready,9
2026-10-08 21:57:33.287,346.15,20261008_215147,toy,rest,,,,,138.0,87.6,1,,,,0,38.32,0.07,0.03,45,ready,9
2026-10-08 21:57:33.489,346.36,20261008_215147,toy,rest,,,,,139.5,91.9,1,,,,0,38.32,0.068,0.033,46,ready,9
2026-10-08 21:57:33.704,346.57,20261008_215147,toy,rest,,,,,144.0,98.1,1,,,,0,38.33,0.062,0.031,47,ready,9
2026-10-08 21:57:33.900,346.77,20261008_215147,toy,rest,,,,,144.0,98.1,1,,,,0,38.33,0.053,0.027,48,ready,9
2026-10-08 21:57:34.112,346.98,20261008_215147,toy,rest,,,,,144.0,98.1,1,,,,0,38.34,0.049,0.025,48,ready,9
2026-10-08 21:57:34.307,347.17,20261008_215147,toy,question,16,615,manual,truth,144.0,98.1,1,,,,0,38.34,0.045,0.023,48,question,9
2026-10-08 21:57:34.524,347.39,20261008_215147,toy,question,16,615,manual,truth,144.0,98.1,1,,,,0,38.34,0.041,0.021,49,question,9
2026-10-08 21:57:34.719,347.59,20261008_215147,toy,question,16,615,manual,truth,144.0,98.1,1,,,,0,38.34,0.038,0.019,49,question,9
2026-10-08 21:57:34.922,347.79,20261008_215147,toy,question,16,615,manual,truth,144.0,98.1,1,,,,0,38.34,0.035,0.017,49,question,9
2026-10-08 21:57:35.225,348.09,20261008_215147,toy,question,16,615,manual,truth,144.0,98.1,1,,,,0,38.34,0.032,0.016,49,question,9
2026-10-08 21:57:35.341,348.21,20261008_215147,toy,question,16,615,manual,truth,144.0,98.1,1,,,,0,38.34,0.03,0.014,49,question,9
2026-10-08 21:57:35.539,348.41,20261008_215147,toy,question,16,615,manual,truth,,,1,,,,0,38.34,0.028,0.014,42,question,9
2026-10-08 21:57:35.746,348.61,20261008_215147,toy,question,16,615,manual,truth,,,1,,,,0,38.34,0.026,0.013,37,question,9
2026-10-08 21:57:35.957,348.82,20261008_215147,toy,question,16,615,manual,truth,,,1,,,,0,38.34,0.026,0.012,33,question,9
2026-10-08 21:57:36.159,349.03,20261008_215147,toy,question,16,615,manual,truth,97.2,,1,,,,0,38.34,0.026,0.011,31,question,9
2026-10-08 21:57:36.372,349.24,20261008_215147,toy,question,16,615,manual,truth,97.2,,1,,,,0,38.34,0.025,0.012,29,question,9
2026-10-08 21:57:36.604,349.47,20261008_215147,toy,question,16,615,manual,truth,97.2,,1,,,,0,38.33,0.027,0.012,27,question,9
2026-10-08 21:57:36.891,349.76,20261008_215147,toy,question,16,615,manual,truth,97.6,,1,,,,0,38.34,0.026,0.011,26,question,9
2026-10-08 21:57:36.985,349.85,20261008_215147,toy,question,16,615,manual,truth,97.6,,1,,,,0,38.34,0.025,0.01,25,question,9
2026-10-08 21:57:37.256,350.12,20261008_215147,toy,question,16,615,manual,truth,97.6,,1,,,,0,38.34,0.024,0.009,24,question,9
2026-10-08 21:57:37.406,350.27,20261008_215147,toy,question,16,615,manual,truth,97.2,,1,,,,0,38.34,0.023,0.009,24,question,9
2026-10-08 21:57:37.605,350.47,20261008_215147,toy,question,16,615,manual,truth,97.2,,1,,,,0,38.34,0.022,0.008,23,question,9
2026-10-08 21:57:37.810,350.68,20261008_215147,toy,question,16,615,manual,truth,97.2,,1,,,,0,38.34,0.021,0.007,23,question,9
2026-10-08 21:57:38.017,350.88,20261008_215147,toy,question,16,615,manual,truth,97.6,125.7,1,,,,0,38.34,0.02,0.007,22,question,9
2026-10-08 21:57:38.536,351.4,20261008_215147,toy,question,16,615,manual,truth,97.6,125.7,1,,,,0,38.34,0.022,0.009,22,question,9
2026-10-08 21:57:38.537,351.4,20261008_215147,toy,question,16,615,manual,truth,97.6,125.7,1,,,,0,38.33,0.026,0.013,22,question,9
2026-10-08 21:57:38.638,351.5,20261008_215147,toy,question,16,615,manual,truth,98.3,112.5,1,,,,0,38.33,0.024,0.012,22,question,9
2026-10-08 21:57:38.854,351.72,20261008_215147,toy,question,16,615,manual,truth,98.3,112.5,1,,,,0,38.33,0.025,0.011,21,question,9
2026-10-08 21:57:39.055,351.92,20261008_215147,toy,question,16,615,manual,truth,98.3,112.5,1,,,,0,38.33,0.024,0.01,21,question,9
2026-10-08 21:57:39.270,352.14,20261008_215147,toy,question,16,615,manual,truth,98.3,112.5,1,,,,0,38.33,0.028,0.01,21,question,9
2026-10-08 21:57:39.471,352.34,20261008_215147,toy,question,16,615,manual,truth,98.3,102.8,1,,,,0,38.34,0.026,0.009,21,question,9
2026-10-08 21:57:39.668,352.53,20261008_215147,toy,question,16,615,manual,truth,98.3,102.8,1,,,,0,38.34,0.024,0.009,21,question,9
2026-10-08 21:57:39.872,352.74,20261008_215147,toy,question,16,615,manual,truth,98.3,102.8,1,,,,0,38.34,0.022,0.008,21,question,9
2026-10-08 21:57:40.078,352.94,20261008_215147,toy,question,16,615,manual,truth,97.7,95.7,1,,,,0,38.34,0.023,0.009,21,question,9
2026-10-08 21:57:40.285,353.15,20261008_215147,toy,question,16,615,manual,truth,97.7,95.7,1,,,,0,38.34,0.022,0.01,21,question,9
2026-10-08 21:57:40.497,353.36,20261008_215147,toy,question,16,615,manual,truth,97.7,95.7,1,,,,0,38.34,0.02,0.009,21,question,9
2026-10-08 21:57:40.700,353.57,20261008_215147,toy,question,16,615,manual,truth,97.9,90.1,1,,,,0,38.35,0.02,0.008,21,question,9
2026-10-08 21:57:40.905,353.77,20261008_215147,toy,question,16,615,manual,truth,97.9,103.6,1,,,,0,38.35,0.035,0.012,21,question,9
2026-10-08 21:57:41.109,353.98,20261008_215147,toy,question,16,615,manual,truth,97.9,103.6,1,,,,0,38.35,0.033,0.011,21,question,9
2026-10-08 21:57:41.321,354.19,20261008_215147,toy,question,16,615,manual,truth,97.9,103.6,1,,,,0,38.35,0.03,0.01,21,question,9
2026-10-08 21:57:41.520,354.39,20261008_215147,toy,question,16,615,manual,truth,97.9,103.6,1,,,,0,38.35,0.028,0.01,21,question,9
2026-10-08 21:57:41.726,354.59,20261008_215147,toy,question,16,615,manual,truth,97.7,146.5,1,,,,0,38.35,0.026,0.009,21,question,9
2026-10-08 21:57:41.933,354.8,20261008_215147,toy,question,16,615,manual,truth,97.7,146.5,1,,,,0,38.35,0.024,0.01,21,question,9
2026-10-08 21:57:42.124,354.99,20261008_215147,toy,question,16,615,manual,truth,97.7,146.5,1,,,,0,38.35,0.022,0.009,21,question,9
2026-10-08 21:57:42.340,355.21,20261008_215147,toy,question,16,615,manual,truth,93.9,145.9,1,,,,0,38.35,0.021,0.008,20,question,9
2026-10-08 21:57:42.533,355.4,20261008_215147,toy,question,16,615,manual,truth,93.9,145.9,1,,,,0,38.36,0.02,0.007,20,question,9
2026-10-08 21:57:42.740,355.61,20261008_215147,toy,question,16,615,manual,truth,93.9,145.9,1,,,,0,38.34,0.019,0.007,20,question,9
2026-10-08 21:57:42.950,355.82,20261008_215147,toy,question,16,615,manual,truth,97.9,146.3,1,,,,0,38.34,0.018,0.007,20,question,9
2026-10-08 21:57:43.153,356.02,20261008_215147,toy,question,16,615,manual,truth,97.9,146.3,1,,,,0,38.34,0.017,0.007,20,question,9
2026-10-08 21:57:43.361,356.23,20261008_215147,toy,question,16,615,manual,truth,97.9,146.3,1,,,,0,38.34,0.016,0.006,20,question,9
2026-10-08 21:57:43.568,356.43,20261008_215147,toy,question,16,615,manual,truth,97.9,146.3,1,,,,0,38.34,0.016,0.006,20,question,9
2026-10-08 21:57:43.771,356.64,20261008_215147,toy,question,16,615,manual,truth,99.5,150.2,1,,,,0,38.35,0.015,0.006,20,question,9
2026-10-08 21:57:43.975,356.84,20261008_215147,toy,question,16,615,manual,truth,99.5,150.2,1,,,,0,38.34,0.013,0.006,21,question,9
2026-10-08 21:57:44.234,357.1,20261008_215147,toy,question,16,615,manual,truth,99.5,150.2,1,,,,0,38.34,0.013,0.006,21,question,9
2026-10-08 21:57:44.389,357.25,20261008_215147,toy,question,16,615,manual,truth,99.5,150.2,1,,,,0,38.35,0.014,0.006,21,question,9
2026-10-08 21:57:44.667,357.53,20261008_215147,toy,question,16,615,manual,truth,95.1,147.0,1,,,,0,38.35,0.014,0.005,20,question,9
2026-10-08 21:57:44.855,357.72,20261008_215147,toy,question,16,615,manual,truth,95.1,147.0,1,,,,0,38.35,0.014,0.005,20,question,9
2026-10-08 21:57:44.999,357.87,20261008_215147,toy,question,16,615,manual,truth,95.1,147.0,1,,,,0,38.35,0.013,0.005,20,question,9
2026-10-08 21:57:45.199,358.07,20261008_215147,toy,question,16,615,manual,truth,98.2,143.1,1,,,,0,38.35,0.013,0.005,20,question,9
2026-10-08 21:57:45.409,358.28,20261008_215147,toy,question,16,615,manual,truth,98.2,143.1,1,,,,0,38.35,0.012,0.004,20,question,9
2026-10-08 21:57:45.610,358.48,20261008_215147,toy,question,16,615,manual,truth,98.2,143.1,1,,,,0,38.35,0.014,0.005,20,question,9
2026-10-08 21:57:45.818,358.68,20261008_215147,toy,question,16,615,manual,truth,98.9,143.1,1,,,,0,38.35,0.014,0.006,20,question,9
2026-10-08 21:57:46.025,358.89,20261008_215147,toy,question,16,615,manual,truth,98.9,143.1,1,,,,0,38.35,0.013,0.005,20,question,9
2026-10-08 21:57:46.223,359.09,20261008_215147,toy,recovery,16,615,manual,truth,98.9,143.1,1,,,,0,38.35,0.012,0.005,20,ready,9
2026-10-08 21:57:46.433,359.3,20261008_215147,toy,recovery,16,615,manual,truth,98.9,143.1,1,,,,0,38.33,0.013,0.005,21,ready,9
2026-10-08 21:57:46.640,359.51,20261008_215147,toy,recovery,16,615,manual,truth,98.9,143.1,1,,,,0,38.33,0.014,0.005,21,ready,9
2026-10-08 21:57:46.849,359.72,20261008_215147,toy,recovery,16,615,manual,truth,98.9,144.4,1,,,,0,38.33,0.014,0.005,21,ready,9
2026-10-08 21:57:47.058,359.92,20261008_215147,toy,recovery,16,615,manual,truth,98.9,144.4,1,,,,0,38.33,0.013,0.005,21,ready,9
2026-10-08 21:57:47.263,360.13,20261008_215147,toy,recovery,16,615,manual,truth,98.9,144.4,1,,,,0,38.34,0.013,0.004,21,ready,9
2026-10-08 21:57:47.475,360.34,20261008_215147,toy,recovery,16,615,manual,truth,99.3,146.2,1,,,,0,38.34,0.012,0.005,21,ready,9
2026-10-08 21:57:47.674,360.54,20261008_215147,toy,recovery,16,615,manual,truth,99.3,146.2,1,,,,0,38.34,0.012,0.004,21,ready,9
2026-10-08 21:57:47.882,360.75,20261008_215147,toy,recovery,16,615,manual,truth,99.3,146.2,1,,,,0,38.34,0.011,0.004,21,ready,9
2026-10-08 21:57:48.088,360.95,20261008_215147,toy,recovery,16,615,manual,truth,99.3,146.2,1,,,,0,38.34,0.011,0.005,21,ready,9
2026-10-08 21:57:48.292,361.16,20261008_215147,toy,recovery,16,615,manual,truth,99.3,146.2,1,,,,0,38.35,0.012,0.005,21,ready,9
2026-10-08 21:57:48.506,361.37,20261008_215147,toy,recovery,16,615,manual,truth,99.3,142.2,1,,,,0,38.35,0.016,0.01,21,ready,9
2026-10-08 21:57:48.704,361.57,20261008_215147,toy,recovery,16,615,manual,truth,99.3,142.2,1,,,,0,38.35,0.021,0.012,21,ready,9
2026-10-08 21:57:48.916,361.78,20261008_215147,toy,recovery,16,615,manual,truth,99.3,142.2,1,,,,0,38.35,0.021,0.011,21,ready,9
2026-10-08 21:57:49.131,362.0,20261008_215147,toy,recovery,16,615,manual,truth,101.0,87.7,1,,,,0,38.35,0.02,0.011,21,ready,9
2026-10-08 21:57:49.368,362.23,20261008_215147,toy,rest,,,,,101.0,87.7,1,,,,0,38.35,0.019,0.009,21,ready,9
2026-10-08 21:57:49.529,362.4,20261008_215147,toy,rest,,,,,99.3,79.0,1,,,,0,38.35,0.018,0.008,21,ready,9
2026-10-08 21:57:49.733,362.6,20261008_215147,toy,rest,,,,,99.3,79.0,1,,,,0,38.35,0.017,0.008,21,ready,9
2026-10-08 21:57:49.942,362.81,20261008_215147,toy,rest,,,,,99.3,79.0,1,,,,0,38.35,0.016,0.007,21,ready,9
2026-10-08 21:57:50.147,363.01,20261008_215147,toy,rest,,,,,97.1,78.1,1,,,,0,38.35,0.015,0.007,21,ready,9
2026-10-08 21:57:50.368,363.23,20261008_215147,toy,recovery,17,616,manual,lie,97.1,78.1,1,,,,0,38.35,0.015,0.007,21,ready,9
2026-10-08 21:57:50.575,363.44,20261008_215147,toy,question,17,616,manual,lie,97.1,78.1,1,,,,0,38.32,0.015,0.007,21,question,9
2026-10-08 21:57:50.770,363.64,20261008_215147,toy,question,17,616,manual,lie,96.8,74.2,1,,,,0,38.32,0.015,0.006,21,question,9
2026-10-08 21:57:51.188,364.05,20261008_215147,toy,question,17,616,manual,lie,96.8,74.2,1,,,,0,38.33,0.015,0.006,20,question,9
2026-10-08 21:57:51.190,364.06,20261008_215147,toy,question,17,616,manual,lie,96.8,74.2,1,,,,0,38.33,0.015,0.006,20,question,9
2026-10-08 21:57:51.383,364.25,20261008_215147,toy,question,17,616,manual,lie,97.1,52.7,1,,,,0,38.34,0.014,0.006,20,question,9
2026-10-08 21:57:51.588,364.45,20261008_215147,toy,question,17,616,manual,lie,97.1,52.7,1,,,,0,38.34,0.015,0.006,20,question,9
2026-10-08 21:57:51.801,364.67,20261008_215147,toy,question,17,616,manual,lie,97.1,52.7,1,,,,0,38.35,0.014,0.005,20,question,9
2026-10-08 21:57:52.323,365.19,20261008_215147,toy,question,17,616,manual,lie,97.1,52.7,1,,,,0,38.35,0.015,0.005,20,question,9
2026-10-08 21:57:52.366,365.23,20261008_215147,toy,question,17,616,manual,lie,95.8,57.7,1,,,,0,38.35,0.015,0.005,20,question,9
2026-10-08 21:57:52.406,365.27,20261008_215147,toy,question,17,616,manual,lie,95.8,57.7,1,,,,0,38.37,0.014,0.005,20,question,9
2026-10-08 21:57:52.614,365.48,20261008_215147,toy,question,17,616,manual,lie,95.8,57.7,1,,,,0,38.37,0.014,0.005,20,question,9
2026-10-08 21:57:52.838,365.7,20261008_215147,toy,question,17,616,manual,lie,95.4,57.7,1,,,,0,38.37,0.015,0.005,20,question,9
2026-10-08 21:57:53.029,365.9,20261008_215147,toy,question,17,616,manual,lie,95.4,57.7,1,,,,0,38.37,0.014,0.005,20,question,9
2026-10-08 21:57:53.257,366.12,20261008_215147,toy,question,17,616,manual,lie,95.4,57.7,1,,,,0,38.37,0.013,0.005,20,question,9
2026-10-08 21:57:53.443,366.31,20261008_215147,toy,question,17,616,manual,lie,95.4,57.7,1,,,,0,38.37,0.012,0.005,20,question,9
2026-10-08 21:57:55.594,368.46,20261008_215147,toy,question,17,616,manual,lie,94.6,82.6,1,,,,0,38.36,0.023,0.016,19,question,9
2026-10-08 21:57:55.786,368.65,20261008_215147,toy,question,17,616,manual,lie,94.6,82.6,1,,,,0,38.36,0.021,0.014,19,question,9
2026-10-08 21:57:56.013,368.88,20261008_215147,toy,question,17,616,manual,lie,94.6,82.6,1,,,,0,38.35,0.02,0.014,19,question,9
2026-10-08 21:57:56.219,369.08,20261008_215147,toy,question,17,616,manual,lie,95.3,86.8,1,,,,0,38.35,0.019,0.013,19,question,9
2026-10-08 21:57:56.427,369.29,20261008_215147,toy,question,17,616,manual,lie,95.3,86.8,1,,,,0,38.36,0.018,0.012,19,question,9
2026-10-08 21:57:56.613,369.48,20261008_215147,toy,question,17,616,manual,lie,95.3,86.8,1,,,,0,38.36,0.016,0.011,19,question,9
2026-10-08 21:57:56.818,369.68,20261008_215147,toy,question,17,616,manual,lie,94.6,94.8,1,,,,0,38.35,0.016,0.01,19,question,9
2026-10-08 21:57:57.026,369.89,20261008_215147,toy,question,17,616,manual,lie,94.6,94.8,1,,,,0,38.35,0.015,0.01,19,question,9
2026-10-08 21:57:57.231,370.1,20261008_215147,toy,question,17,616,manual,lie,94.6,94.8,1,,,,0,38.35,0.014,0.009,19,question,9
2026-10-08 21:57:57.446,370.31,20261008_215147,toy,question,17,616,manual,lie,94.6,93.8,1,,,,0,38.36,0.014,0.009,19,question,9
2026-10-08 21:57:57.651,370.52,20261008_215147,toy,question,17,616,manual,lie,94.6,93.8,1,,,,0,38.36,0.014,0.008,19,question,9
2026-10-08 21:57:57.964,370.83,20261008_215147,toy,question,17,616,manual,lie,94.6,93.8,1,,,,0,38.36,0.013,0.007,19,question,9
2026-10-08 21:57:58.062,370.93,20261008_215147,toy,question,17,616,manual,lie,97.7,94.0,1,,,,0,38.34,0.013,0.007,19,question,9
2026-10-08 21:57:58.268,371.13,20261008_215147,toy,question,17,616,manual,lie,97.7,94.0,1,,,,0,38.34,0.013,0.007,19,question,9
2026-10-08 21:57:58.572,371.44,20261008_215147,toy,question,17,616,manual,lie,97.7,94.0,1,,,,0,38.34,0.012,0.006,20,question,9
2026-10-08 21:57:58.679,371.55,20261008_215147,toy,question,17,616,manual,lie,98.3,93.9,1,,,,0,38.34,0.013,0.006,20,question,9
2026-10-08 21:57:58.883,371.75,20261008_215147,toy,question,17,616,manual,lie,98.3,93.9,1,,,,0,38.34,0.013,0.006,20,question,9
2026-10-08 21:57:59.089,371.96,20261008_215147,toy,question,17,616,manual,lie,98.3,93.9,1,,,,0,38.34,0.014,0.006,20,question,9
2026-10-08 21:57:59.299,372.17,20261008_215147,toy,question,17,616,manual,lie,98.3,91.6,1,,,,0,38.34,0.013,0.006,20,question,9
2026-10-08 21:57:59.501,372.37,20261008_215147,toy,question,17,616,manual,lie,98.3,91.6,1,,,,0,38.35,0.012,0.006,20,question,9
2026-10-08 21:57:59.710,372.58,20261008_215147,toy,question,17,616,manual,lie,98.3,91.6,1,,,,0,38.35,0.012,0.005,20,question,9
2026-10-08 21:57:59.918,372.78,20261008_215147,toy,question,17,616,manual,lie,98.3,89.0,1,,,,0,38.35,0.014,0.005,20,question,9
2026-10-08 21:58:00.121,372.99,20261008_215147,toy,question,17,616,manual,lie,98.3,89.0,1,,,,0,38.35,0.013,0.005,20,question,9
2026-10-08 21:58:00.329,373.2,20261008_215147,toy,question,17,616,manual,lie,98.3,89.0,1,,,,0,38.35,0.013,0.005,20,question,9
2026-10-08 21:58:00.536,373.4,20261008_215147,toy,question,17,616,manual,lie,98.1,89.0,1,,,,0,38.35,0.012,0.005,20,question,9
2026-10-08 21:58:00.745,373.61,20261008_215147,toy,question,17,616,manual,lie,98.1,89.0,1,,,,0,38.35,0.013,0.004,20,question,9
2026-10-08 21:58:00.951,373.82,20261008_215147,toy,question,17,616,manual,lie,98.1,89.0,1,,,,0,38.35,0.012,0.004,20,question,9
2026-10-08 21:58:01.163,374.03,20261008_215147,toy,question,17,616,manual,lie,98.3,88.9,1,,,,0,38.36,0.012,0.004,20,question,9
2026-10-08 21:58:01.368,374.23,20261008_215147,toy,question,17,616,manual,lie,98.3,88.9,1,,,,0,38.36,0.014,0.004,20,question,9
2026-10-08 21:58:01.568,374.43,20261008_215147,toy,question,17,616,manual,lie,98.3,88.9,1,,,,0,38.36,0.013,0.004,20,question,9
2026-10-08 21:58:01.776,374.64,20261008_215147,toy,question,17,616,manual,lie,98.1,64.7,1,,,,0,38.36,0.012,0.004,20,question,9
2026-10-08 21:58:01.978,374.84,20261008_215147,toy,question,17,616,manual,lie,98.1,64.7,1,,,,0,38.37,0.012,0.004,20,question,9
2026-10-08 21:58:02.183,375.05,20261008_215147,toy,question,17,616,manual,lie,98.1,64.7,1,,,,0,38.37,0.014,0.004,20,question,9
2026-10-08 21:58:02.396,375.26,20261008_215147,toy,recovery,17,616,manual,lie,97.9,62.4,1,,,,0,38.37,0.015,0.004,20,ready,9
2026-10-08 21:58:02.600,375.47,20261008_215147,toy,recovery,17,616,manual,lie,97.9,62.4,1,,,,0,38.37,0.014,0.004,20,ready,9
2026-10-08 21:58:02.810,375.68,20261008_215147,toy,recovery,17,616,manual,lie,98.1,52.5,1,,,,0,38.37,0.013,0.004,20,ready,9
2026-10-08 21:58:03.012,375.88,20261008_215147,toy,recovery,17,616,manual,lie,98.1,52.5,1,,,,0,38.37,0.014,0.004,20,ready,9
2026-10-08 21:58:03.294,376.16,20261008_215147,toy,recovery,17,616,manual,lie,98.1,52.5,1,,,,0,38.37,0.013,0.004,20,ready,8
2026-10-08 21:58:03.419,376.29,20261008_215147,toy,recovery,17,616,manual,lie,99.0,30.9,1,,,,0,38.33,0.013,0.004,21,ready,8
2026-10-08 21:58:03.623,376.49,20261008_215147,toy,recovery,17,616,manual,lie,99.0,30.9,1,,,,0,38.34,0.012,0.004,21,ready,8
2026-10-08 21:58:03.828,376.69,20261008_215147,toy,recovery,17,616,manual,lie,99.0,30.9,1,,,,0,38.34,0.014,0.006,21,ready,8
2026-10-08 21:58:04.034,376.9,20261008_215147,toy,recovery,17,616,manual,lie,99.0,30.9,1,,,,0,38.34,0.015,0.007,21,ready,8
2026-10-08 21:58:04.246,377.11,20261008_215147,toy,recovery,17,616,manual,lie,99.0,30.9,1,,,,0,38.34,0.031,0.019,21,ready,8
2026-10-08 21:58:04.443,377.31,20261008_215147,toy,recovery,17,616,manual,lie,99.0,30.9,1,,,,0,38.35,0.043,0.032,21,ready,8
2026-10-08 21:58:04.949,377.82,20261008_215147,toy,rest,,,,,99.0,30.9,1,,,,0,38.35,0.04,0.031,21,ready,8
2026-10-08 21:58:04.950,377.82,20261008_215147,toy,rest,,,,,99.0,30.9,1,,,,0,38.35,0.037,0.029,21,ready,8
2026-10-08 21:58:05.060,377.93,20261008_215147,toy,rest,,,,,,,1,,,,0,38.36,0.035,0.026,20,ready,8
2026-10-08 21:58:05.271,378.14,20261008_215147,toy,rest,,,,,,,1,,,,0,38.36,0.033,0.025,19,ready,8
2026-10-08 21:58:05.468,378.33,20261008_215147,toy,rest,,,,,151.1,,1,,,,0,38.35,0.031,0.023,25,ready,8
2026-10-08 21:58:05.693,378.56,20261008_215147,toy,rest,,,,,151.1,,1,,,,0,38.35,0.03,0.022,31,ready,8
2026-10-08 21:58:05.893,378.76,20261008_215147,toy,question,18,617,manual,truth,151.1,,1,,,,0,38.35,0.028,0.021,35,question,8
2026-10-08 21:58:06.104,378.97,20261008_215147,toy,question,18,617,manual,truth,151.1,,1,,,,0,38.34,0.026,0.019,38,question,8
2026-10-08 21:58:06.298,379.16,20261008_215147,toy,question,18,617,manual,truth,140.9,,1,,,,0,38.34,0.025,0.018,40,question,8
2026-10-08 21:58:06.510,379.38,20261008_215147,toy,question,18,617,manual,truth,140.9,,1,,,,0,38.35,0.023,0.016,41,question,8
2026-10-08 21:58:06.712,379.58,20261008_215147,toy,question,18,617,manual,truth,140.9,,1,,,,0,38.35,0.021,0.015,42,question,8
2026-10-08 21:58:06.918,379.78,20261008_215147,toy,question,18,617,manual,truth,140.9,,1,,,,0,38.35,0.02,0.014,42,question,8
2026-10-08 21:58:07.176,380.04,20261008_215147,toy,question,18,617,manual,truth,140.9,,1,,,,0,38.35,0.018,0.013,43,question,8
2026-10-08 21:58:07.383,380.25,20261008_215147,toy,question,18,617,manual,truth,140.9,,1,,,,0,38.36,0.017,0.012,44,question,8
2026-10-08 21:58:07.524,380.39,20261008_215147,toy,question,18,617,manual,truth,140.9,,1,,,,0,38.36,0.017,0.011,44,question,8
2026-10-08 21:58:07.731,380.6,20261008_215147,toy,question,18,617,manual,truth,140.9,,1,,,,0,38.36,0.016,0.01,44,question,8
2026-10-08 21:58:07.940,380.81,20261008_215147,toy,question,18,617,manual,truth,140.9,,1,,,,0,38.36,0.015,0.009,45,question,8
2026-10-08 21:58:08.144,381.01,20261008_215147,toy,question,18,617,manual,truth,140.9,,1,,,,0,38.37,0.015,0.009,45,question,8
2026-10-08 21:58:08.360,381.23,20261008_215147,toy,question,18,617,manual,truth,,,1,,,,0,38.36,0.014,0.008,39,question,8
2026-10-08 21:58:08.919,381.79,20261008_215147,toy,question,18,617,manual,truth,,,1,,,,0,38.36,0.013,0.007,34,question,8
2026-10-08 21:58:08.921,381.79,20261008_215147,toy,question,18,617,manual,truth,,,1,,,,0,38.36,0.014,0.007,30,question,8
2026-10-08 21:58:08.976,381.84,20261008_215147,toy,question,18,617,manual,truth,95.0,,1,,,,0,38.36,0.014,0.007,28,question,8
2026-10-08 21:58:09.175,382.04,20261008_215147,toy,question,18,617,manual,truth,95.0,,1,,,,0,38.37,0.013,0.007,27,question,8
2026-10-08 21:58:09.393,382.26,20261008_215147,toy,question,18,617,manual,truth,96.2,,1,,,,0,38.37,0.015,0.006,24,question,8
2026-10-08 21:58:09.598,382.46,20261008_215147,toy,question,18,617,manual,truth,96.2,,1,,,,0,38.38,0.016,0.006,23,question,8
2026-10-08 21:58:09.809,382.67,20261008_215147,toy,question,18,617,manual,truth,96.2,,1,,,,0,38.38,0.022,0.01,23,question,8
2026-10-08 21:58:10.049,382.91,20261008_215147,toy,question,18,617,manual,truth,97.5,,1,,,,0,38.38,0.037,0.02,22,question,8
2026-10-08 21:58:10.223,383.09,20261008_215147,toy,question,18,617,manual,truth,97.5,,1,,,,0,38.39,0.037,0.021,22,question,8
2026-10-08 21:58:10.453,383.32,20261008_215147,toy,question,18,617,manual,truth,97.5,,1,,,,0,38.38,0.035,0.02,22,question,8
2026-10-08 21:58:10.631,383.5,20261008_215147,toy,question,18,617,manual,truth,96.8,26.2,1,,,,0,38.39,0.033,0.019,22,question,8
2026-10-08 21:58:10.834,383.7,20261008_215147,toy,question,18,617,manual,truth,96.8,26.2,1,,,,0,38.39,0.032,0.018,22,question,8
2026-10-08 21:58:11.041,383.91,20261008_215147,toy,question,18,617,manual,truth,96.8,26.2,1,,,,0,38.38,0.034,0.016,21,question,8
2026-10-08 21:58:11.263,384.13,20261008_215147,toy,question,18,617,manual,truth,98.8,25.1,1,,,,0,38.38,0.036,0.015,21,question,8
2026-10-08 21:58:11.463,384.33,20261008_215147,toy,question,18,617,manual,truth,98.8,25.1,1,,,,0,38.38,0.034,0.015,21,question,8
2026-10-08 21:58:11.652,384.52,20261008_215147,toy,question,18,617,manual,truth,98.8,25.1,1,,,,0,38.38,0.031,0.014,21,question,8
2026-10-08 21:58:13.668,386.53,20261008_215147,toy,question,18,617,manual,truth,100.9,18.9,1,,,,0,38.37,0.019,0.007,22,question,8
2026-10-08 21:58:13.874,386.74,20261008_215147,toy,question,18,617,manual,truth,100.9,18.9,1,,,,0,38.37,0.019,0.007,22,question,8
2026-10-08 21:58:14.084,386.95,20261008_215147,toy,question,18,617,manual,truth,100.9,18.9,1,,,,0,38.37,0.018,0.007,22,question,8
2026-10-08 21:58:14.291,387.16,20261008_215147,toy,question,18,617,manual,truth,100.9,18.9,1,,,,0,38.37,0.017,0.006,22,question,8
2026-10-08 21:58:14.492,387.36,20261008_215147,toy,question,18,617,manual,truth,101.6,18.9,1,,,,0,38.37,0.015,0.006,22,question,8
2026-10-08 21:58:14.700,387.57,20261008_215147,toy,question,18,617,manual,truth,101.6,18.9,1,,,,0,38.38,0.018,0.007,22,question,8
2026-10-08 21:58:14.917,387.78,20261008_215147,toy,question,18,617,manual,truth,101.6,18.9,1,,,,0,38.38,0.018,0.006,22,question,8
2026-10-08 21:58:15.116,387.98,20261008_215147,toy,question,18,617,manual,truth,102.6,18.0,1,,,,0,38.38,0.017,0.006,22,question,8
2026-10-08 21:58:15.328,388.19,20261008_215147,toy,question,18,617,manual,truth,102.6,18.0,1,,,,0,38.38,0.017,0.006,22,question,8
2026-10-08 21:58:15.522,388.39,20261008_215147,toy,question,18,617,manual,truth,104.5,44.6,1,,,,0,38.38,0.017,0.007,22,question,8
2026-10-08 21:58:15.730,388.6,20261008_215147,toy,question,18,617,manual,truth,104.5,44.6,1,,,,0,38.38,0.016,0.006,23,question,8
2026-10-08 21:58:15.939,388.81,20261008_215147,toy,question,18,617,manual,truth,104.5,44.6,1,,,,0,38.38,0.014,0.006,23,question,8
2026-10-08 21:58:16.147,389.01,20261008_215147,toy,question,18,617,manual,truth,105.3,44.5,1,,,,0,38.38,0.014,0.006,23,question,8
2026-10-08 21:58:16.352,389.22,20261008_215147,toy,question,18,617,manual,truth,105.3,44.5,1,,,,0,38.38,0.015,0.005,23,question,8
2026-10-08 21:58:16.561,389.43,20261008_215147,toy,question,18,617,manual,truth,105.3,44.5,1,,,,0,38.38,0.014,0.005,23,question,8
2026-10-08 21:58:16.761,389.63,20261008_215147,toy,question,18,617,manual,truth,105.3,44.5,1,,,,0,38.38,0.014,0.005,23,question,8
2026-10-08 21:58:16.965,389.83,20261008_215147,toy,question,18,617,manual,truth,105.3,46.4,1,,,,0,38.38,0.014,0.005,24,question,8
2026-10-08 21:58:17.175,390.04,20261008_215147,toy,question,18,617,manual,truth,105.3,46.4,1,,,,0,38.38,0.016,0.005,24,question,8
2026-10-08 21:58:17.381,390.25,20261008_215147,toy,question,18,617,manual,truth,105.3,46.4,1,,,,0,38.39,0.015,0.005,24,question,8
2026-10-08 21:58:17.586,390.45,20261008_215147,toy,question,18,617,manual,truth,104.5,45.2,1,,,,0,38.39,0.014,0.005,24,question,8
2026-10-08 21:58:17.796,390.66,20261008_215147,toy,recovery,18,617,manual,truth,104.5,45.2,1,,,,0,38.39,0.014,0.005,24,ready,8
2026-10-08 21:58:17.995,390.86,20261008_215147,toy,recovery,18,617,manual,truth,104.5,45.2,1,,,,0,38.39,0.014,0.005,24,ready,8
2026-10-08 21:58:18.204,391.07,20261008_215147,toy,recovery,18,617,manual,truth,133.8,69.6,1,,,,0,38.39,0.014,0.005,27,ready,8
2026-10-08 21:58:18.403,391.27,20261008_215147,toy,recovery,18,617,manual,truth,133.8,69.6,1,,,,0,38.39,0.014,0.005,29,ready,8
2026-10-08 21:58:18.610,391.48,20261008_215147,toy,recovery,18,617,manual,truth,133.8,71.3,1,,,,0,38.41,0.013,0.004,31,ready,8
2026-10-08 21:58:18.815,391.68,20261008_215147,toy,recovery,18,617,manual,truth,133.8,73.0,1,,,,0,38.4,0.013,0.005,33,ready,8
2026-10-08 21:58:19.056,391.92,20261008_215147,toy,recovery,18,617,manual,truth,133.8,73.0,1,,,,0,38.4,0.013,0.005,34,ready,8
2026-10-08 21:58:19.228,392.09,20261008_215147,toy,recovery,18,617,manual,truth,133.8,73.0,1,,,,0,38.4,0.013,0.005,36,ready,8
2026-10-08 21:58:19.435,392.3,20261008_215147,toy,recovery,18,617,manual,truth,134.8,78.9,1,,,,0,38.4,0.013,0.005,37,ready,8
2026-10-08 21:58:19.638,392.5,20261008_215147,toy,recovery,18,617,manual,truth,134.8,78.9,1,,,,0,38.4,0.018,0.006,38,ready,8
2026-10-08 21:58:19.841,392.71,20261008_215147,toy,recovery,18,617,manual,truth,149.1,81.3,1,,,,0,38.4,0.018,0.007,42,ready,9
2026-10-08 21:58:20.046,392.91,20261008_215147,toy,recovery,18,617,manual,truth,149.1,81.3,1,,,,0,38.41,0.018,0.007,44,ready,9
2026-10-08 21:58:20.382,393.25,20261008_215147,toy,recovery,18,617,manual,truth,149.1,81.3,1,,,,0,38.41,0.019,0.01,45,ready,9
2026-10-08 21:58:20.456,393.32,20261008_215147,toy,recovery,18,617,manual,truth,149.1,81.3,1,,,,0,38.4,0.027,0.019,47,ready,9
2026-10-08 21:58:20.690,393.56,20261008_215147,toy,recovery,18,617,manual,truth,151.3,81.3,1,,,,0,38.4,0.028,0.023,48,ready,9
2026-10-08 21:58:20.866,393.73,20261008_215147,toy,recovery,18,617,manual,truth,151.3,81.3,1,,,,0,38.4,0.03,0.023,49,ready,9
2026-10-08 21:58:21.103,393.97,20261008_215147,toy,rest,,,,,151.3,85.5,1,,,,0,38.41,0.031,0.021,50,ready,9
2026-10-08 21:58:21.304,394.17,20261008_215147,toy,rest,,,,,151.3,85.5,1,,,,0,38.4,0.033,0.021,51,ready,9
2026-10-08 21:58:21.489,394.35,20261008_215147,toy,rest,,,,,151.3,84.9,1,,,,0,38.4,0.03,0.019,51,ready,9
2026-10-08 21:58:21.694,394.56,20261008_215147,toy,rest,,,,,151.3,84.9,1,,,,0,38.4,0.028,0.018,52,ready,9
2026-10-08 21:58:21.922,394.79,20261008_215147,toy,rest,,,,,155.2,84.8,1,,,,0,38.4,0.026,0.016,52,ready,9
2026-10-08 21:58:22.111,394.98,20261008_215147,toy,rest,,,,,155.2,84.8,1,,,,0,38.4,0.024,0.015,53,ready,9
2026-10-08 21:58:22.321,395.19,20261008_215147,toy,recovery,19,618,manual,lie,155.2,84.8,1,,,,0,38.4,0.022,0.014,54,ready,9
2026-10-08 21:58:22.525,395.39,20261008_215147,toy,question,19,618,manual,lie,155.2,84.8,1,,,,0,38.4,0.021,0.014,54,question,9
2026-10-08 21:58:22.726,395.59,20261008_215147,toy,question,19,618,manual,lie,155.2,84.8,1,,,,0,38.4,0.019,0.013,54,question,9
2026-10-08 21:58:23.149,396.02,20261008_215147,toy,question,19,618,manual,lie,155.2,84.8,1,,,,0,38.4,0.019,0.011,55,question,9
2026-10-08 21:58:23.151,396.02,20261008_215147,toy,question,19,618,manual,lie,155.2,84.8,1,,,,0,38.4,0.017,0.01,55,question,9
2026-10-08 21:58:23.353,396.22,20261008_215147,toy,question,19,618,manual,lie,155.2,84.8,1,,,,0,38.4,0.017,0.01,55,question,9
2026-10-08 21:58:23.556,396.42,20261008_215147,toy,question,19,618,manual,lie,155.2,84.8,1,,,,0,38.4,0.016,0.009,55,question,9
2026-10-08 21:58:23.762,396.63,20261008_215147,toy,question,19,618,manual,lie,155.2,84.8,1,,,,0,38.4,0.016,0.008,55,question,9
2026-10-08 21:58:23.973,396.84,20261008_215147,toy,question,19,618,manual,lie,,,1,,,,0,38.4,0.015,0.008,48,question,9
2026-10-08 21:58:24.509,397.38,20261008_215147,toy,question,19,618,manual,lie,,,1,,,,0,38.4,0.015,0.009,41,question,9
2026-10-08 21:58:24.510,397.38,20261008_215147,toy,question,19,618,manual,lie,,,1,,,,0,38.4,0.015,0.008,36,question,9
2026-10-08 21:58:24.589,397.46,20261008_215147,toy,question,19,618,manual,lie,95.8,,1,,,,0,38.4,0.015,0.008,33,question,9
2026-10-08 21:58:24.794,397.66,20261008_215147,toy,question,19,618,manual,lie,95.8,,1,,,,0,38.4,0.014,0.008,31,question,9
2026-10-08 21:58:25.005,397.87,20261008_215147,toy,question,19,618,manual,lie,95.8,,1,,,,0,38.4,0.013,0.008,29,question,9
2026-10-08 21:58:25.206,398.07,20261008_215147,toy,question,19,618,manual,lie,100.1,,1,,,,0,38.4,0.014,0.008,27,question,9
2026-10-08 21:58:25.413,398.28,20261008_215147,toy,question,19,618,manual,lie,100.1,,1,,,,0,38.4,0.013,0.008,26,question,9
2026-10-08 21:58:25.622,398.49,20261008_215147,toy,question,19,618,manual,lie,100.1,,1,,,,0,38.4,0.012,0.007,25,question,9
2026-10-08 21:58:25.834,398.7,20261008_215147,toy,question,19,618,manual,lie,98.2,,1,,,,0,38.4,0.019,0.013,24,question,9
2026-10-08 21:58:26.037,398.9,20261008_215147,toy,question,19,618,manual,lie,98.2,,1,,,,0,38.41,0.024,0.015,24,question,9
2026-10-08 21:58:26.337,399.2,20261008_215147,toy,question,19,618,manual,lie,100.1,46.3,1,,,,0,38.41,0.023,0.014,23,question,9
2026-10-08 21:58:26.445,399.31,20261008_215147,toy,question,19,618,manual,lie,100.1,46.3,1,,,,0,38.41,0.022,0.014,23,question,9
2026-10-08 21:58:26.654,399.52,20261008_215147,toy,question,19,618,manual,lie,100.1,46.3,1,,,,0,38.41,0.021,0.013,23,question,9
2026-10-08 21:58:26.857,399.72,20261008_215147,toy,question,19,618,manual,lie,97.0,42.8,1,,,,0,38.41,0.02,0.012,22,question,9
2026-10-08 21:58:27.062,399.93,20261008_215147,toy,question,19,618,manual,lie,97.0,42.8,1,,,,0,38.38,0.018,0.011,22,question,9
2026-10-08 21:58:27.274,400.14,20261008_215147,toy,question,19,618,manual,lie,97.0,42.8,1,,,,0,38.38,0.018,0.01,21,question,8
2026-10-08 21:58:27.472,400.34,20261008_215147,toy,question,19,618,manual,lie,97.0,42.8,1,,,,0,38.38,0.016,0.01,21,question,8
2026-10-08 21:58:27.676,400.54,20261008_215147,toy,question,19,618,manual,lie,97.0,42.8,1,,,,0,38.39,0.015,0.009,21,question,8
2026-10-08 21:58:27.886,400.75,20261008_215147,toy,question,19,618,manual,lie,101.0,42.8,1,,,,0,38.39,0.014,0.008,21,question,8
2026-10-08 21:58:28.086,400.95,20261008_215147,toy,question,19,618,manual,lie,101.0,42.8,1,,,,0,38.39,0.014,0.008,21,question,8
2026-10-08 21:58:28.292,401.16,20261008_215147,toy,question,19,618,manual,lie,101.0,42.8,1,,,,0,38.39,0.013,0.007,21,question,8
2026-10-08 21:58:28.503,401.37,20261008_215147,toy,question,19,618,manual,lie,99.1,68.1,1,,,,0,38.39,0.014,0.008,21,question,8
2026-10-08 21:58:28.729,401.59,20261008_215147,toy,question,19,618,manual,lie,99.1,68.1,1,,,,0,38.4,0.014,0.007,21,question,8
2026-10-08 21:58:28.906,401.77,20261008_215147,toy,question,19,618,manual,lie,99.1,68.1,1,,,,0,38.4,0.014,0.007,21,question,8
2026-10-08 21:58:29.112,401.98,20261008_215147,toy,question,19,618,manual,lie,101.0,63.5,1,,,,0,38.4,0.013,0.006,21,question,8
2026-10-08 21:58:29.323,402.19,20261008_215147,toy,question,19,618,manual,lie,101.0,63.5,1,,,,0,38.4,0.012,0.007,21,question,9
2026-10-08 21:58:29.521,402.39,20261008_215147,toy,question,19,618,manual,lie,101.0,63.5,1,,,,0,38.4,0.011,0.007,21,question,8
2026-10-08 21:58:29.955,402.82,20261008_215147,toy,question,19,618,manual,lie,101.0,63.5,1,,,,0,38.4,0.012,0.006,21,question,8
2026-10-08 21:58:29.956,402.82,20261008_215147,toy,question,19,618,manual,lie,101.0,63.5,1,,,,0,38.41,0.012,0.006,22,question,8
2026-10-08 21:58:30.140,403.01,20261008_215147,toy,question,19,618,manual,lie,101.1,63.5,1,,,,0,38.41,0.012,0.005,22,question,8
2026-10-08 21:58:30.347,403.21,20261008_215147,toy,question,19,618,manual,lie,101.1,63.5,1,,,,0,38.41,0.011,0.005,22,question,8
2026-10-08 21:58:30.592,403.46,20261008_215147,toy,question,19,618,manual,lie,101.1,63.5,1,,,,0,38.41,0.011,0.006,22,question,8
2026-10-08 21:58:30.761,403.63,20261008_215147,toy,question,19,618,manual,lie,101.1,61.2,1,,,,0,38.41,0.013,0.005,22,question,8
2026-10-08 21:58:31.266,404.13,20261008_215147,toy,question,19,618,manual,lie,101.1,61.2,1,,,,0,38.41,0.012,0.005,22,question,8
2026-10-08 21:58:31.267,404.13,20261008_215147,toy,question,19,618,manual,lie,101.1,61.2,1,,,,0,38.4,0.012,0.005,22,question,8
2026-10-08 21:58:31.386,404.25,20261008_215147,toy,question,19,618,manual,lie,99.6,58.8,1,,,,0,38.43,0.011,0.005,22,question,8
2026-10-08 21:58:31.593,404.46,20261008_215147,toy,question,19,618,manual,lie,99.6,58.8,1,,,,0,38.41,0.012,0.006,21,question,8
2026-10-08 21:58:33.772,406.64,20261008_215147,toy,question,19,618,manual,lie,99.6,55.2,1,,,,0,38.42,0.009,0.004,21,question,8
2026-10-08 21:58:33.979,406.85,20261008_215147,toy,question,19,618,manual,lie,98.8,54.4,1,,,,0,38.42,0.012,0.004,21,question,8
2026-10-08 21:58:34.186,407.05,20261008_215147,toy,question,19,618,manual,lie,98.8,54.4,1,,,,0,38.42,0.013,0.004,21,question,8
2026-10-08 21:58:34.395,407.26,20261008_215147,toy,recovery,19,618,manual,lie,99.6,64.2,1,,,,0,38.43,0.012,0.004,21,ready,8
2026-10-08 21:58:34.601,407.47,20261008_215147,toy,recovery,19,618,manual,lie,99.6,64.2,1,,,,0,38.42,0.012,0.004,21,ready,8
2026-10-08 21:58:34.801,407.67,20261008_215147,toy,recovery,19,618,manual,lie,100.1,71.5,1,,,,0,38.43,0.012,0.004,21,ready,8
2026-10-08 21:58:34.995,407.86,20261008_215147,toy,recovery,19,618,manual,lie,100.1,71.5,1,,,,0,38.44,0.012,0.004,21,ready,8
2026-10-08 21:58:35.194,408.06,20261008_215147,toy,recovery,19,618,manual,lie,100.1,71.5,1,,,,0,38.44,0.012,0.005,21,ready,8
2026-10-08 21:58:35.434,408.3,20261008_215147,toy,recovery,19,618,manual,lie,100.1,71.5,1,,,,0,38.44,0.011,0.005,21,ready,8
2026-10-08 21:58:35.608,408.47,20261008_215147,toy,recovery,19,618,manual,lie,100.1,71.5,1,,,,0,38.43,0.013,0.006,21,ready,8
2026-10-08 21:58:35.814,408.68,20261008_215147,toy,recovery,19,618,manual,lie,100.1,71.5,1,,,,0,38.43,0.016,0.007,21,ready,8
2026-10-08 21:58:36.051,408.92,20261008_215147,toy,recovery,19,618,manual,lie,100.1,71.5,1,,,,0,38.43,0.017,0.008,21,ready,8
2026-10-08 21:58:36.219,409.08,20261008_215147,toy,recovery,19,618,manual,lie,100.1,71.5,1,,,,0,38.43,0.019,0.009,21,ready,8
2026-10-08 21:58:36.564,409.43,20261008_215147,toy,recovery,19,618,manual,lie,100.1,71.5,1,,,,0,38.44,0.019,0.009,21,ready,8
2026-10-08 21:58:36.643,409.51,20261008_215147,toy,recovery,19,618,manual,lie,100.1,71.5,1,,,,0,38.45,0.018,0.01,21,ready,9
2026-10-08 21:58:36.841,409.71,20261008_215147,toy,recovery,19,618,manual,lie,100.1,71.5,1,,,,0,38.44,0.025,0.013,21,ready,9
2026-10-08 21:58:37.048,409.91,20261008_215147,toy,recovery,19,618,manual,lie,100.1,71.5,1,,,,0,38.45,0.026,0.014,22,ready,9
2026-10-08 21:58:37.256,410.12,20261008_215147,toy,recovery,19,618,manual,lie,100.1,71.5,1,,,,0,38.45,0.037,0.014,22,ready,9
2026-10-08 21:58:37.459,410.33,20261008_215147,toy,recovery,19,618,manual,lie,100.1,71.5,1,,,,0,38.45,0.035,0.015,22,ready,9
2026-10-08 21:58:37.668,410.53,20261008_215147,toy,recovery,19,618,manual,lie,100.1,71.5,1,,,,0,38.45,0.032,0.014,22,ready,9
2026-10-08 21:58:37.873,410.74,20261008_215147,toy,rest,,,,,104.2,56.4,1,,,,0,38.45,0.03,0.013,22,ready,9
2026-10-08 21:58:38.081,410.95,20261008_215147,toy,rest,,,,,104.2,56.4,1,,,,0,38.45,0.028,0.012,23,ready,9
2026-10-08 21:58:38.293,411.16,20261008_215147,toy,rest,,,,,104.2,56.4,1,,,,0,38.44,0.028,0.012,23,ready,9
2026-10-08 21:58:38.489,411.36,20261008_215147,toy,rest,,,,,104.2,56.8,1,,,,0,38.44,0.026,0.011,23,ready,9
2026-10-08 21:58:38.693,411.56,20261008_215147,toy,recovery,20,619,manual,truth,104.2,56.8,1,,,,0,38.44,0.024,0.01,23,ready,9
2026-10-08 21:58:38.897,411.76,20261008_215147,toy,question,20,619,manual,truth,104.2,56.8,1,,,,0,38.44,0.022,0.009,23,question,9
2026-10-08 21:58:39.098,411.96,20261008_215147,toy,question,20,619,manual,truth,104.2,56.8,1,,,,0,38.44,0.02,0.008,23,question,9
2026-10-08 21:58:39.308,412.17,20261008_215147,toy,question,20,619,manual,truth,104.2,56.8,1,,,,0,38.44,0.019,0.008,23,question,9
2026-10-08 21:58:39.513,412.38,20261008_215147,toy,question,20,619,manual,truth,104.2,56.3,1,,,,0,38.45,0.017,0.007,23,question,9
2026-10-08 21:58:39.709,412.58,20261008_215147,toy,question,20,619,manual,truth,104.2,56.3,1,,,,0,38.45,0.018,0.007,23,question,9
2026-10-08 21:58:39.917,412.78,20261008_215147,toy,question,20,619,manual,truth,104.2,56.3,1,,,,0,38.45,0.017,0.007,23,question,9
2026-10-08 21:58:40.109,412.98,20261008_215147,toy,question,20,619,manual,truth,104.2,56.3,1,,,,0,38.45,0.016,0.007,23,question,9
2026-10-08 21:58:40.315,413.18,20261008_215147,toy,question,20,619,manual,truth,104.2,56.3,1,,,,0,38.45,0.016,0.006,23,question,9
2026-10-08 21:58:40.522,413.39,20261008_215147,toy,question,20,619,manual,truth,104.2,59.3,1,,,,0,38.45,0.016,0.006,23,question,9
2026-10-08 21:58:40.721,413.59,20261008_215147,toy,question,20,619,manual,truth,104.2,59.3,1,,,,0,38.45,0.015,0.005,23,question,8
2026-10-08 21:58:40.926,413.79,20261008_215147,toy,question,20,619,manual,truth,104.2,59.3,1,,,,0,38.45,0.014,0.006,23,question,8
2026-10-08 21:58:41.132,414.0,20261008_215147,toy,question,20,619,manual,truth,99.3,59.4,1,,,,0,38.45,0.015,0.005,23,question,8
2026-10-08 21:58:41.335,414.2,20261008_215147,toy,question,20,619,manual,truth,99.3,59.4,1,,,,0,38.45,0.015,0.005,23,question,8
2026-10-08 21:58:41.540,414.41,20261008_215147,toy,question,20,619,manual,truth,99.3,59.4,1,,,,0,38.45,0.014,0.005,22,question,8
2026-10-08 21:58:41.741,414.61,20261008_215147,toy,question,20,619,manual,truth,98.4,55.0,1,,,,0,38.45,0.014,0.005,22,question,8
2026-10-08 21:58:43.836,416.7,20261008_215147,toy,question,20,619,manual,truth,98.4,43.9,1,,,,0,38.46,0.026,0.011,21,question,8
2026-10-08 21:58:44.035,416.9,20261008_215147,toy,question,20,619,manual,truth,98.4,43.9,1,,,,0,38.43,0.024,0.01,21,question,8
2026-10-08 21:58:44.242,417.11,20261008_215147,toy,question,20,619,manual,truth,98.8,71.2,1,,,,0,38.43,0.022,0.01,21,question,8
2026-10-08 21:58:44.445,417.31,20261008_215147,toy,question,20,619,manual,truth,98.8,71.2,1,,,,0,38.44,0.022,0.01,21,question,8
2026-10-08 21:58:44.648,417.51,20261008_215147,toy,question,20,619,manual,truth,98.8,71.2,1,,,,0,38.43,0.02,0.009,21,question,8
2026-10-08 21:58:44.853,417.72,20261008_215147,toy,question,20,619,manual,truth,99.8,89.2,1,,,,0,38.44,0.019,0.008,21,question,8
2026-10-08 21:58:45.477,418.34,20261008_215147,toy,question,20,619,manual,truth,99.8,89.2,1,,,,0,38.44,0.018,0.008,21,question,8
2026-10-08 21:58:45.478,418.34,20261008_215147,toy,question,20,619,manual,truth,99.8,89.2,1,,,,0,38.44,0.017,0.007,21,question,8
2026-10-08 21:58:45.479,418.35,20261008_215147,toy,question,20,619,manual,truth,103.4,84.1,1,,,,0,38.45,0.016,0.007,22,question,8
2026-10-08 21:58:45.673,418.54,20261008_215147,toy,question,20,619,manual,truth,103.4,84.1,1,,,,0,38.45,0.015,0.006,22,question,8
2026-10-08 21:58:45.885,418.75,20261008_215147,toy,question,20,619,manual,truth,103.4,84.1,1,,,,0,38.45,0.014,0.006,22,question,8
2026-10-08 21:58:46.082,418.95,20261008_215147,toy,question,20,619,manual,truth,99.8,84.5,1,,,,0,38.44,0.015,0.006,22,question,8
2026-10-08 21:58:46.286,419.15,20261008_215147,toy,question,20,619,manual,truth,99.8,84.5,1,,,,0,38.44,0.016,0.006,22,question,8
2026-10-08 21:58:46.498,419.36,20261008_215147,toy,question,20,619,manual,truth,99.8,84.5,1,,,,0,38.43,0.017,0.006,22,question,8
2026-10-08 21:58:46.696,419.56,20261008_215147,toy,question,20,619,manual,truth,99.8,79.7,1,,,,0,38.44,0.015,0.006,22,question,8
2026-10-08 21:58:46.916,419.78,20261008_215147,toy,question,20,619,manual,truth,99.8,79.7,1,,,,0,38.44,0.016,0.005,22,question,8
2026-10-08 21:58:47.114,419.98,20261008_215147,toy,question,20,619,manual,truth,99.8,79.7,1,,,,0,38.44,0.014,0.005,22,question,8
2026-10-08 21:58:47.316,420.18,20261008_215147,toy,question,20,619,manual,truth,99.2,78.8,1,,,,0,38.44,0.014,0.005,21,question,8
2026-10-08 21:58:47.835,420.7,20261008_215147,toy,question,20,619,manual,truth,99.2,78.8,1,,,,0,38.45,0.013,0.005,21,question,8
2026-10-08 21:58:47.836,420.7,20261008_215147,toy,question,20,619,manual,truth,99.2,75.6,1,,,,0,38.44,0.014,0.005,21,question,8
2026-10-08 21:58:47.932,420.8,20261008_215147,toy,question,20,619,manual,truth,99.2,75.6,1,,,,0,38.41,0.014,0.004,21,question,8
2026-10-08 21:58:48.147,421.01,20261008_215147,toy,question,20,619,manual,truth,99.2,75.6,1,,,,0,38.42,0.016,0.004,21,question,8
2026-10-08 21:58:48.544,421.41,20261008_215147,toy,question,20,619,manual,truth,98.4,76.6,1,,,,0,38.42,0.016,0.004,21,question,8
2026-10-08 21:58:48.553,421.42,20261008_215147,toy,question,20,619,manual,truth,98.4,76.6,1,,,,0,38.43,0.016,0.004,21,question,8
2026-10-08 21:58:48.753,421.62,20261008_215147,toy,question,20,619,manual,truth,98.4,76.6,1,,,,0,38.43,0.016,0.005,21,question,8
2026-10-08 21:58:48.952,421.82,20261008_215147,toy,question,20,619,manual,truth,98.4,76.9,1,,,,0,38.43,0.017,0.006,21,question,8
2026-10-08 21:58:49.163,422.03,20261008_215147,toy,question,20,619,manual,truth,98.4,76.9,1,,,,0,38.44,0.015,0.006,21,question,8
2026-10-08 21:58:49.362,422.23,20261008_215147,toy,question,20,619,manual,truth,98.4,76.9,1,,,,0,38.44,0.015,0.006,21,question,8
2026-10-08 21:58:49.566,422.43,20261008_215147,toy,question,20,619,manual,truth,98.4,73.5,1,,,,0,38.45,0.014,0.006,21,question,8
2026-10-08 21:58:50.046,422.91,20261008_215147,toy,question,20,619,manual,truth,98.4,73.5,1,,,,0,38.45,0.017,0.006,21,question,8
2026-10-08 21:58:50.046,422.91,20261008_215147,toy,question,20,619,manual,truth,98.4,73.5,1,,,,0,38.46,0.016,0.006,21,question,8
2026-10-08 21:58:50.186,423.05,20261008_215147,toy,question,20,619,manual,truth,98.4,73.5,1,,,,0,38.46,0.015,0.006,21,question,8
2026-10-08 21:58:50.395,423.26,20261008_215147,toy,question,20,619,manual,truth,97.9,73.1,1,,,,0,38.46,0.015,0.005,21,question,8
2026-10-08 21:58:50.632,423.5,20261008_215147,toy,recovery,20,619,manual,truth,97.9,73.1,1,,,,0,38.46,0.014,0.005,21,ready,8
2026-10-08 21:58:50.814,423.68,20261008_215147,toy,recovery,20,619,manual,truth,97.9,73.1,1,,,,0,38.47,0.013,0.005,21,ready,8
2026-10-08 21:58:51.013,423.88,20261008_215147,toy,recovery,20,619,manual,truth,97.9,73.1,1,,,,0,38.46,0.013,0.004,21,ready,8
2026-10-08 21:58:51.223,424.09,20261008_215147,toy,recovery,20,619,manual,truth,97.9,73.1,1,,,,0,38.46,0.014,0.005,20,ready,8
2026-10-08 21:58:51.426,424.29,20261008_215147,toy,recovery,20,619,manual,truth,97.9,73.1,1,,,,0,38.46,0.013,0.004,20,ready,8
2026-10-08 21:58:51.630,424.5,20261008_215147,toy,recovery,20,619,manual,truth,97.9,73.1,1,,,,0,38.46,0.013,0.004,20,ready,8
2026-10-08 21:58:51.831,424.7,20261008_215147,toy,recovery,20,619,manual,truth,97.9,55.9,1,,,,0,38.46,0.013,0.004,20,ready,8
2026-10-08 21:58:52.031,424.9,20261008_215147,toy,recovery,20,619,manual,truth,97.9,55.9,1,,,,0,38.46,0.014,0.004,20,ready,8
2026-10-08 21:58:52.243,425.11,20261008_215147,toy,recovery,20,619,manual,truth,97.9,55.9,1,,,,0,38.46,0.015,0.004,20,ready,8
2026-10-08 21:58:52.447,425.31,20261008_215147,toy,recovery,20,619,manual,truth,97.2,25.4,1,,,,0,38.47,0.015,0.005,20,ready,8
2026-10-08 21:58:52.652,425.52,20261008_215147,toy,recovery,20,619,manual,truth,97.2,25.4,1,,,,0,38.47,0.015,0.009,20,ready,8
2026-10-08 21:58:52.859,425.73,20261008_215147,toy,recovery,20,619,manual,truth,97.2,25.4,1,,,,0,38.47,0.024,0.018,20,ready,8
2026-10-08 21:58:53.070,425.94,20261008_215147,toy,recovery,20,619,manual,truth,97.9,28.8,1,,,,0,38.47,0.027,0.02,20,ready,8
2026-10-08 21:58:53.275,426.14,20261008_215147,toy,recovery,20,619,manual,truth,97.9,28.8,1,,,,0,38.47,0.027,0.019,20,ready,8
2026-10-08 21:58:53.482,426.35,20261008_215147,toy,recovery,20,619,manual,truth,99.8,50.5,1,,,,0,38.47,0.029,0.018,21,ready,8
2026-10-08 21:58:53.683,426.55,20261008_215147,toy,recovery,20,619,manual,truth,99.8,50.5,1,,,,0,38.47,0.027,0.016,21,ready,8
2026-10-08 21:58:53.896,426.76,20261008_215147,toy,rest,,,,,99.8,50.5,1,,,,0,38.47,0.028,0.017,21,ready,8
2026-10-08 21:58:54.175,427.04,20261008_215147,toy,rest,,,,,99.8,50.5,1,,,,0,38.47,0.029,0.018,21,ready,8
2026-10-08 21:58:54.302,427.17,20261008_215147,toy,rest,,,,,99.8,50.5,1,,,,0,38.47,0.027,0.017,21,ready,8
2026-10-08 21:58:54.510,427.38,20261008_215147,toy,rest,,,,,99.8,53.2,1,,,,0,38.47,0.025,0.015,21,ready,8
2026-10-08 21:58:54.710,427.58,20261008_215147,toy,rest,,,,,99.8,53.2,1,,,,0,38.47,0.023,0.014,21,ready,8
2026-10-08 21:58:54.919,427.79,20261008_215147,toy,rest,,,,,99.8,53.2,1,,,,0,38.46,0.023,0.013,21,ready,8
2026-10-08 21:58:55.125,427.99,20261008_215147,toy,rest,,,,,99.8,53.2,1,,,,0,38.47,0.022,0.012,21,ready,8
2026-10-08 21:58:55.331,428.2,20261008_215147,toy,rest,,,,,99.8,53.2,1,,,,0,38.47,0.02,0.011,21,ready,8
2026-10-08 21:58:55.543,428.41,20261008_215147,toy,recovery,21,620,manual,truth,101.2,56.3,1,,,,0,38.44,0.019,0.01,22,ready,8
2026-10-08 21:58:55.741,428.61,20261008_215147,toy,question,21,620,manual,truth,101.2,56.3,1,,,,0,38.44,0.019,0.009,22,question,8
2026-10-08 21:58:55.945,428.81,20261008_215147,toy,question,21,620,manual,truth,101.2,56.3,1,,,,0,38.44,0.018,0.009,22,question,8
2026-10-08 21:58:56.144,429.01,20261008_215147,toy,question,21,620,manual,truth,101.2,55.3,1,,,,0,38.44,0.017,0.009,22,question,8
2026-10-08 21:58:56.351,429.22,20261008_215147,toy,question,21,620,manual,truth,101.2,55.3,1,,,,0,38.44,0.017,0.009,22,question,8
2026-10-08 21:58:56.562,429.43,20261008_215147,toy,question,21,620,manual,truth,98.7,53.4,1,,,,0,38.44,0.018,0.008,22,question,8
2026-10-08 21:58:56.760,429.63,20261008_215147,toy,question,21,620,manual,truth,98.7,53.4,1,,,,0,38.45,0.018,0.008,22,question,8
2026-10-08 21:58:56.964,429.83,20261008_215147,toy,question,21,620,manual,truth,98.7,53.4,1,,,,0,38.45,0.017,0.007,21,question,8
2026-10-08 21:58:57.177,430.04,20261008_215147,toy,question,21,620,manual,truth,98.7,53.0,1,,,,0,38.45,0.017,0.007,21,question,8
2026-10-08 21:58:57.381,430.25,20261008_215147,toy,question,21,620,manual,truth,98.7,53.0,1,,,,0,38.45,0.017,0.007,21,question,8
2026-10-08 21:58:57.582,430.45,20261008_215147,toy,question,21,620,manual,truth,98.7,53.0,1,,,,0,38.45,0.016,0.007,21,question,8
2026-10-08 21:58:57.864,430.73,20261008_215147,toy,question,21,620,manual,truth,99.7,52.7,1,,,,0,38.44,0.015,0.007,21,question,8
2026-10-08 21:58:57.994,430.86,20261008_215147,toy,question,21,620,manual,truth,99.7,52.7,1,,,,0,38.44,0.015,0.006,21,question,8
2026-10-08 21:58:58.192,431.06,20261008_215147,toy,question,21,620,manual,truth,99.7,52.7,1,,,,0,38.44,0.016,0.006,21,question,8
2026-10-08 21:58:58.395,431.26,20261008_215147,toy,question,21,620,manual,truth,99.7,52.7,1,,,,0,38.45,0.014,0.006,21,question,8
2026-10-08 21:58:58.601,431.47,20261008_215147,toy,question,21,620,manual,truth,99.7,52.7,1,,,,0,38.45,0.014,0.005,21,question,8
2026-10-08 21:58:58.815,431.68,20261008_215147,toy,question,21,620,manual,truth,99.7,52.7,1,,,,0,38.45,0.014,0.006,21,question,8
2026-10-08 21:58:59.012,431.88,20261008_215147,toy,question,21,620,manual,truth,99.7,52.7,1,,,,0,38.45,0.014,0.005,21,question,8
2026-10-08 21:58:59.219,432.08,20261008_215147,toy,question,21,620,manual,truth,99.7,50.6,1,,,,0,38.45,0.013,0.005,21,question,8
2026-10-08 21:58:59.428,432.29,20261008_215147,toy,question,21,620,manual,truth,99.7,50.6,1,,,,0,38.46,0.012,0.005,21,question,8
2026-10-08 21:58:59.625,432.49,20261008_215147,toy,question,21,620,manual,truth,99.7,50.6,1,,,,0,38.46,0.013,0.005,21,question,8
2026-10-08 21:58:59.834,432.7,20261008_215147,toy,question,21,620,manual,truth,100.3,50.9,1,,,,0,38.46,0.012,0.005,21,question,8
2026-10-08 21:59:00.070,432.94,20261008_215147,toy,question,21,620,manual,truth,100.3,50.9,1,,,,0,38.46,0.011,0.005,21,question,8
2026-10-08 21:59:00.244,433.11,20261008_215147,toy,question,21,620,manual,truth,100.3,50.9,1,,,,0,38.46,0.011,0.005,21,question,8
2026-10-08 21:59:00.450,433.32,20261008_215147,toy,question,21,620,manual,truth,100.3,47.9,1,,,,0,38.47,0.014,0.006,21,question,8
2026-10-08 21:59:00.660,433.53,20261008_215147,toy,question,21,620,manual,truth,100.3,47.9,1,,,,0,38.47,0.014,0.006,21,question,8
2026-10-08 21:59:00.869,433.73,20261008_215147,toy,question,21,620,manual,truth,100.3,47.9,1,,,,0,38.47,0.013,0.005,21,question,8
2026-10-08 21:59:01.076,433.94,20261008_215147,toy,question,21,620,manual,truth,100.3,15.4,1,,,,0,38.47,0.013,0.005,21,question,8
2026-10-08 21:59:01.279,434.15,20261008_215147,toy,question,21,620,manual,truth,100.3,15.4,1,,,,0,38.47,0.015,0.005,21,question,8
2026-10-08 21:59:01.492,434.36,20261008_215147,toy,question,21,620,manual,truth,100.3,15.4,1,,,,0,38.47,0.016,0.006,21,question,8
2026-10-08 21:59:01.694,434.56,20261008_215147,toy,question,21,620,manual,truth,100.3,18.0,1,,,,0,38.48,0.02,0.011,21,question,8
2026-10-08 21:59:01.903,434.77,20261008_215147,toy,question,21,620,manual,truth,100.3,18.0,1,,,,0,38.48,0.019,0.01,22,question,8
2026-10-08 21:59:02.106,434.97,20261008_215147,toy,question,21,620,manual,truth,100.3,18.0,1,,,,0,38.48,0.019,0.009,22,question,8
2026-10-08 21:59:02.308,435.17,20261008_215147,toy,question,21,620,manual,truth,100.3,24.1,1,,,,0,38.48,0.018,0.009,22,question,8
2026-10-08 21:59:02.517,435.38,20261008_215147,toy,question,21,620,manual,truth,100.3,24.1,1,,,,0,38.48,0.019,0.008,22,question,8
2026-10-08 21:59:02.725,435.59,20261008_215147,toy,question,21,620,manual,truth,100.3,24.1,1,,,,0,38.49,0.025,0.012,22,question,8
2026-10-08 21:59:02.930,435.8,20261008_215147,toy,question,21,620,manual,truth,100.3,25.0,1,,,,0,38.49,0.025,0.012,22,question,8
2026-10-08 21:59:03.132,436.0,20261008_215147,toy,question,21,620,manual,truth,100.3,25.0,1,,,,0,38.49,0.024,0.011,22,question,8
2026-10-08 21:59:03.342,436.21,20261008_215147,toy,question,21,620,manual,truth,100.3,41.1,1,,,,0,38.49,0.022,0.01,22,question,8
2026-10-08 21:59:03.544,436.41,20261008_215147,toy,question,21,620,manual,truth,100.3,41.1,1,,,,0,38.49,0.02,0.01,22,question,8
2026-10-08 21:59:03.750,436.62,20261008_215147,toy,question,21,620,manual,truth,100.3,41.1,1,,,,0,38.49,0.02,0.009,22,question,8
2026-10-08 21:59:03.960,436.83,20261008_215147,toy,question,21,620,manual,truth,99.3,61.6,1,,,,0,38.49,0.02,0.009,22,question,8
2026-10-08 21:59:04.178,437.04,20261008_215147,toy,question,21,620,manual,truth,99.3,61.6,1,,,,0,38.49,0.019,0.008,22,question,8
2026-10-08 21:59:04.384,437.25,20261008_215147,toy,question,21,620,manual,truth,99.3,61.6,1,,,,0,38.49,0.018,0.008,21,question,8
2026-10-08 21:59:04.580,437.45,20261008_215147,toy,question,21,620,manual,truth,99.3,61.7,1,,,,0,38.5,0.022,0.008,21,question,8
2026-10-08 21:59:04.792,437.66,20261008_215147,toy,question,21,620,manual,truth,99.3,61.7,1,,,,0,38.5,0.05,0.02,22,question,8
2026-10-08 21:59:04.995,437.86,20261008_215147,toy,question,21,620,manual,truth,99.3,88.6,1,,,,0,38.5,0.048,0.025,22,question,9
2026-10-08 21:59:05.201,438.07,20261008_215147,toy,question,21,620,manual,truth,99.3,88.6,1,,,,0,38.51,0.046,0.023,22,question,9
2026-10-08 21:59:05.416,438.28,20261008_215147,toy,question,21,620,manual,truth,99.3,88.6,1,,,,0,38.5,0.042,0.021,22,question,8
2026-10-08 21:59:05.613,438.48,20261008_215147,toy,question,21,620,manual,truth,99.3,88.6,1,,,,0,38.51,0.039,0.02,22,question,9
2026-10-08 21:59:05.852,438.72,20261008_215147,toy,question,21,620,manual,truth,99.3,88.6,1,,,,0,38.51,0.037,0.018,22,question,9
2026-10-08 21:59:06.022,438.89,20261008_215147,toy,question,21,620,manual,truth,99.3,88.6,1,,,,0,38.51,0.034,0.017,22,question,9
2026-10-08 21:59:06.230,439.1,20261008_215147,toy,question,21,620,manual,truth,99.3,88.6,1,,,,0,38.53,0.033,0.016,22,question,9
2026-10-08 21:59:06.430,439.3,20261008_215147,toy,question,21,620,manual,truth,97.4,92.5,1,,,,0,38.51,0.031,0.016,22,question,8
2026-10-08 21:59:06.639,439.51,20261008_215147,toy,question,21,620,manual,truth,97.4,92.5,1,,,,0,38.51,0.028,0.015,21,question,8
2026-10-08 21:59:06.839,439.71,20261008_215147,toy,question,21,620,manual,truth,97.4,92.5,1,,,,0,38.51,0.026,0.014,21,question,9
2026-10-08 21:59:07.044,439.91,20261008_215147,toy,question,21,620,manual,truth,97.4,92.1,1,,,,0,38.48,0.024,0.013,21,question,8
2026-10-08 21:59:07.297,440.16,20261008_215147,toy,question,21,620,manual,truth,97.4,92.1,1,,,,0,38.49,0.022,0.012,21,question,8
2026-10-08 21:59:07.458,440.32,20261008_215147,toy,recovery,21,620,manual,truth,98.2,97.2,1,,,,0,38.49,0.021,0.011,21,ready,8
2026-10-08 21:59:07.660,440.53,20261008_215147,toy,recovery,21,620,manual,truth,98.2,97.2,1,,,,0,38.49,0.02,0.01,21,ready,8
2026-10-08 21:59:07.860,440.73,20261008_215147,toy,recovery,21,620,manual,truth,98.2,97.2,1,,,,0,38.49,0.019,0.01,21,ready,8
2026-10-08 21:59:08.068,440.93,20261008_215147,toy,recovery,21,620,manual,truth,101.6,100.2,1,,,,0,38.5,0.019,0.01,21,ready,8
2026-10-08 21:59:08.277,441.14,20261008_215147,toy,recovery,21,620,manual,truth,101.6,100.2,1,,,,0,38.5,0.022,0.01,21,ready,8
2026-10-08 21:59:08.480,441.35,20261008_215147,toy,recovery,21,620,manual,truth,101.6,100.2,1,,,,0,38.5,0.021,0.01,22,ready,8
2026-10-08 21:59:08.694,441.56,20261008_215147,toy,recovery,21,620,manual,truth,101.2,99.6,1,,,,0,38.5,0.023,0.011,22,ready,8
2026-10-08 21:59:08.896,441.76,20261008_215147,toy,recovery,21,620,manual,truth,101.2,99.6,1,,,,0,38.5,0.022,0.011,22,ready,8
2026-10-08 21:59:09.104,441.97,20261008_215147,toy,recovery,21,620,manual,truth,101.2,99.6,1,,,,0,38.5,0.021,0.01,22,ready,8
2026-10-08 21:59:09.336,442.2,20261008_215147,toy,recovery,21,620,manual,truth,101.6,98.0,1,,,,0,38.5,0.021,0.01,22,ready,8
2026-10-08 21:59:09.516,442.38,20261008_215147,toy,recovery,21,620,manual,truth,101.6,98.0,1,,,,0,38.5,0.02,0.009,22,ready,8
2026-10-08 21:59:09.720,442.59,20261008_215147,toy,recovery,21,620,manual,truth,101.6,98.0,1,,,,0,38.51,0.02,0.009,22,ready,8
2026-10-08 21:59:09.927,442.79,20261008_215147,toy,recovery,21,620,manual,truth,101.6,97.7,1,,,,0,38.51,0.032,0.016,22,ready,8
2026-10-08 21:59:10.141,443.01,20261008_215147,toy,recovery,21,620,manual,truth,101.6,97.7,1,,,,0,38.51,0.037,0.02,22,ready,8
2026-10-08 21:59:10.355,443.22,20261008_215147,toy,recovery,21,620,manual,truth,101.6,97.7,1,,,,0,38.5,0.036,0.02,22,ready,8
2026-10-08 21:59:10.579,443.45,20261008_215147,toy,recovery,21,620,manual,truth,101.6,93.2,1,,,,0,38.5,0.033,0.022,23,ready,8
2026-10-08 21:59:10.764,443.63,20261008_215147,toy,rest,,,,,101.6,93.2,1,,,,0,38.5,0.031,0.02,23,ready,8
2026-10-08 21:59:10.975,443.84,20261008_215147,toy,rest,,,,,102.0,85.6,1,,,,0,38.5,0.028,0.018,23,ready,8
2026-10-08 21:59:11.177,444.04,20261008_215147,toy,rest,,,,,109.9,85.7,1,,,,0,38.5,0.024,0.015,23,ready,8
2026-10-08 21:59:11.714,444.58,20261008_215147,toy,rest,,,,,109.9,85.7,1,,,,0,38.43,0.023,0.014,24,ready,8
2026-10-08 21:59:11.716,444.58,20261008_215147,toy,rest,,,,,109.9,85.7,1,,,,0,38.44,0.022,0.014,24,ready,8
2026-10-08 21:59:11.798,444.66,20261008_215147,toy,rest,,,,,109.9,85.7,1,,,,0,38.45,0.022,0.013,25,ready,8
2026-10-08 21:59:12.003,444.87,20261008_215147,toy,rest,,,,,109.9,85.7,1,,,,0,38.45,0.02,0.012,25,ready,8
2026-10-08 21:59:12.209,445.08,20261008_215147,toy,question,22,621,manual,lie,109.9,56.6,1,,,,0,38.46,0.02,0.011,25,question,8
2026-10-08 21:59:12.420,445.29,20261008_215147,toy,question,22,621,manual,lie,109.9,56.6,1,,,,0,38.46,0.02,0.01,26,question,8
2026-10-08 21:59:12.626,445.49,20261008_215147,toy,question,22,621,manual,lie,109.9,56.6,1,,,,0,38.47,0.019,0.01,26,question,8
2026-10-08 21:59:12.836,445.7,20261008_215147,toy,question,22,621,manual,lie,109.9,54.0,1,,,,0,38.48,0.018,0.01,26,question,8
2026-10-08 21:59:13.050,445.92,20261008_215147,toy,question,22,621,manual,lie,109.9,54.0,1,,,,0,38.48,0.019,0.01,26,question,8
2026-10-08 21:59:13.249,446.11,20261008_215147,toy,question,22,621,manual,lie,109.9,54.0,1,,,,0,38.48,0.018,0.009,26,question,8
2026-10-08 21:59:13.450,446.32,20261008_215147,toy,question,22,621,manual,lie,102.2,54.5,1,,,,0,38.48,0.018,0.009,25,question,8
2026-10-08 21:59:13.648,446.51,20261008_215147,toy,question,22,621,manual,lie,102.2,54.5,1,,,,0,38.49,0.016,0.008,25,question,8
2026-10-08 21:59:13.858,446.72,20261008_215147,toy,question,22,621,manual,lie,102.2,54.5,1,,,,0,38.49,0.016,0.007,24,question,8
2026-10-08 21:59:14.062,446.93,20261008_215147,toy,question,22,621,manual,lie,102.2,54.5,1,,,,0,38.49,0.015,0.007,24,question,8
2026-10-08 21:59:14.269,447.14,20261008_215147,toy,question,22,621,manual,lie,102.2,54.5,1,,,,0,38.5,0.014,0.007,24,question,8
2026-10-08 21:59:14.477,447.34,20261008_215147,toy,question,22,621,manual,lie,102.2,54.5,1,,,,0,38.5,0.013,0.007,24,question,8
2026-10-08 21:59:14.680,447.55,20261008_215147,toy,question,22,621,manual,lie,102.2,54.5,1,,,,0,38.5,0.015,0.007,23,question,8
2026-10-08 21:59:15.195,448.06,20261008_215147,toy,question,22,621,manual,lie,102.2,54.5,1,,,,0,38.5,0.015,0.006,23,question,8
2026-10-08 21:59:15.196,448.06,20261008_215147,toy,question,22,621,manual,lie,102.2,54.5,1,,,,0,38.49,0.014,0.006,23,question,8
2026-10-08 21:59:15.302,448.17,20261008_215147,toy,question,22,621,manual,lie,101.5,47.3,1,,,,0,38.49,0.014,0.005,23,question,8
2026-10-08 21:59:15.507,448.37,20261008_215147,toy,question,22,621,manual,lie,101.5,47.3,1,,,,0,38.49,0.013,0.005,23,question,8
2026-10-08 21:59:15.708,448.57,20261008_215147,toy,question,22,621,manual,lie,101.5,47.3,1,,,,0,38.52,0.013,0.005,23,question,8
2026-10-08 21:59:15.938,448.8,20261008_215147,toy,question,22,621,manual,lie,101.2,39.7,1,,,,0,38.51,0.012,0.005,22,question,9
2026-10-08 21:59:16.120,448.99,20261008_215147,toy,question,22,621,manual,lie,101.2,39.7,1,,,,0,38.51,0.012,0.004,22,question,9
2026-10-08 21:59:16.834,449.7,20261008_215147,toy,question,22,621,manual,lie,100.9,39.7,1,,,,0,38.51,0.011,0.004,22,question,9
2026-10-08 21:59:16.835,449.7,20261008_215147,toy,question,22,621,manual,lie,100.9,39.7,1,,,,0,38.51,0.01,0.004,22,question,9
2026-10-08 21:59:16.937,449.8,20261008_215147,toy,question,22,621,manual,lie,100.9,39.7,1,,,,0,38.51,0.013,0.004,22,question,9
2026-10-08 21:59:17.158,450.02,20261008_215147,toy,question,22,621,manual,lie,100.9,40.4,1,,,,0,38.51,0.012,0.004,22,question,9
2026-10-08 21:59:17.756,450.62,20261008_215147,toy,question,22,621,manual,lie,100.9,40.4,1,,,,0,38.52,0.012,0.004,22,question,9
2026-10-08 21:59:17.757,450.62,20261008_215147,toy,question,22,621,manual,lie,100.9,40.4,1,,,,0,38.51,0.011,0.004,22,question,9
2026-10-08 21:59:17.760,450.63,20261008_215147,toy,question,22,621,manual,lie,100.6,40.7,1,,,,0,38.52,0.013,0.004,22,question,9
2026-10-08 21:59:17.959,450.82,20261008_215147,toy,question,22,621,manual,lie,100.6,40.7,1,,,,0,38.52,0.012,0.004,22,question,9
2026-10-08 21:59:18.168,451.03,20261008_215147,toy,question,22,621,manual,lie,100.6,40.7,1,,,,0,38.52,0.011,0.004,22,question,9
2026-10-08 21:59:18.442,451.31,20261008_215147,toy,question,22,621,manual,lie,100.6,36.4,1,,,,0,38.52,0.011,0.004,22,question,9
2026-10-08 21:59:18.585,451.45,20261008_215147,toy,question,22,621,manual,lie,100.6,36.4,1,,,,0,38.52,0.011,0.004,22,question,9
2026-10-08 21:59:18.786,451.65,20261008_215147,toy,question,22,621,manual,lie,100.6,23.5,1,,,,0,38.52,0.011,0.004,22,question,9
2026-10-08 21:59:19.001,451.87,20261008_215147,toy,question,22,621,manual,lie,100.6,23.5,1,,,,0,38.53,0.011,0.004,22,question,9
2026-10-08 21:59:19.203,452.07,20261008_215147,toy,question,22,621,manual,lie,100.6,23.5,1,,,,0,38.53,0.017,0.006,22,question,9
2026-10-08 21:59:19.407,452.27,20261008_215147,toy,question,22,621,manual,lie,99.4,37.6,1,,,,0,38.53,0.027,0.011,22,question,9
2026-10-08 21:59:19.645,452.51,20261008_215147,toy,question,22,621,manual,lie,99.4,37.6,1,,,,0,38.54,0.026,0.01,22,question,9
2026-10-08 21:59:19.819,452.68,20261008_215147,toy,question,22,621,manual,lie,99.4,37.6,1,,,,0,38.51,0.025,0.01,22,question,9
2026-10-08 21:59:20.039,452.91,20261008_215147,toy,question,22,621,manual,lie,100.2,38.0,1,,,,0,38.51,0.025,0.009,22,question,8
2026-10-08 21:59:20.253,453.12,20261008_215147,toy,question,22,621,manual,lie,100.2,38.0,1,,,,0,38.52,0.029,0.01,22,question,8
2026-10-08 21:59:20.439,453.3,20261008_215147,toy,question,22,621,manual,lie,100.2,38.0,1,,,,0,38.52,0.027,0.009,22,question,8
2026-10-08 21:59:20.930,453.8,20261008_215147,toy,question,22,621,manual,lie,100.2,37.5,1,,,,0,38.52,0.025,0.008,22,question,8
2026-10-08 21:59:20.932,453.8,20261008_215147,toy,question,22,621,manual,lie,100.2,37.5,1,,,,0,38.53,0.024,0.008,22,question,8
2026-10-08 21:59:21.051,453.92,20261008_215147,toy,question,22,621,manual,lie,100.2,37.5,1,,,,0,38.53,0.022,0.007,22,question,8
2026-10-08 21:59:21.256,454.12,20261008_215147,toy,question,22,621,manual,lie,100.2,36.9,1,,,,0,38.53,0.02,0.006,22,question,8
2026-10-08 21:59:21.462,454.33,20261008_215147,toy,question,22,621,manual,lie,100.2,36.9,1,,,,0,38.53,0.019,0.006,22,question,8
2026-10-08 21:59:21.677,454.54,20261008_215147,toy,question,22,621,manual,lie,100.2,36.9,1,,,,0,38.53,0.019,0.006,22,question,8
2026-10-08 21:59:21.877,454.74,20261008_215147,toy,question,22,621,manual,lie,100.0,35.2,1,,,,0,38.52,0.019,0.006,22,question,8
2026-10-08 21:59:22.085,454.95,20261008_215147,toy,question,22,621,manual,lie,100.0,35.2,1,,,,0,38.52,0.019,0.006,22,question,8
2026-10-08 21:59:22.335,455.2,20261008_215147,toy,question,22,621,manual,lie,100.0,35.2,1,,,,0,38.52,0.018,0.006,22,question,8
2026-10-08 21:59:22.495,455.36,20261008_215147,toy,question,22,621,manual,lie,100.2,35.9,1,,,,0,38.52,0.017,0.006,22,question,8
2026-10-08 21:59:22.700,455.57,20261008_215147,toy,question,22,621,manual,lie,100.2,35.9,1,,,,0,38.52,0.016,0.005,22,question,8
2026-10-08 21:59:22.907,455.77,20261008_215147,toy,question,22,621,manual,lie,100.2,35.9,1,,,,0,38.53,0.015,0.005,22,question,8
2026-10-08 21:59:23.117,455.98,20261008_215147,toy,question,22,621,manual,lie,100.0,36.6,1,,,,0,38.52,0.017,0.005,22,question,9
2026-10-08 21:59:23.320,456.19,20261008_215147,toy,question,22,621,manual,lie,100.0,36.6,1,,,,0,38.53,0.016,0.005,22,question,9
2026-10-08 21:59:23.768,456.63,20261008_215147,toy,question,22,621,manual,lie,100.0,36.6,1,,,,0,38.53,0.015,0.005,21,question,8
2026-10-08 21:59:23.769,456.64,20261008_215147,toy,question,22,621,manual,lie,99.7,36.0,1,,,,0,38.53,0.015,0.005,21,question,9
2026-10-08 21:59:23.941,456.81,20261008_215147,toy,question,22,621,manual,lie,99.7,36.0,1,,,,0,38.53,0.015,0.005,21,question,9
2026-10-08 21:59:24.149,457.02,20261008_215147,toy,recovery,22,621,manual,lie,99.7,36.0,1,,,,0,38.54,0.014,0.005,21,ready,8
2026-10-08 21:59:24.357,457.22,20261008_215147,toy,recovery,22,621,manual,lie,99.7,36.0,1,,,,0,38.55,0.013,0.005,21,ready,8
2026-10-08 21:59:24.566,457.43,20261008_215147,toy,recovery,22,621,manual,lie,99.4,62.4,1,,,,0,38.56,0.015,0.005,21,ready,8
2026-10-08 21:59:24.772,457.64,20261008_215147,toy,recovery,22,621,manual,lie,99.4,62.4,1,,,,0,38.56,0.014,0.004,21,ready,9
2026-10-08 21:59:24.976,457.84,20261008_215147,toy,recovery,22,621,manual,lie,99.4,62.4,1,,,,0,38.56,0.013,0.005,21,ready,8
2026-10-08 21:59:25.185,458.05,20261008_215147,toy,recovery,22,621,manual,lie,99.7,83.9,1,,,,0,38.56,0.019,0.007,21,ready,8
2026-10-08 21:59:25.392,458.26,20261008_215147,toy,recovery,22,621,manual,lie,99.7,83.9,1,,,,0,38.55,0.019,0.008,21,ready,8
2026-10-08 21:59:25.601,458.47,20261008_215147,toy,recovery,22,621,manual,lie,99.4,82.6,1,,,,0,38.55,0.028,0.015,21,ready,8
2026-10-08 21:59:25.868,458.73,20261008_215147,toy,recovery,22,621,manual,lie,99.4,82.6,1,,,,0,38.56,0.033,0.017,21,ready,8
2026-10-08 21:59:26.075,458.94,20261008_215147,toy,recovery,22,621,manual,lie,99.4,82.6,1,,,,0,38.56,0.03,0.016,21,ready,8
2026-10-08 21:59:26.226,459.09,20261008_215147,toy,rest,,,,,99.7,78.2,1,,,,0,38.56,0.028,0.014,21,ready,8
2026-10-08 21:59:26.428,459.29,20261008_215147,toy,rest,,,,,99.7,78.2,1,,,,0,38.56,0.026,0.013,22,ready,8
2026-10-08 21:59:26.656,459.52,20261008_215147,toy,rest,,,,,99.7,78.2,1,,,,0,38.56,0.025,0.012,22,ready,8
2026-10-08 21:59:26.843,459.71,20261008_215147,toy,rest,,,,,99.7,78.2,1,,,,0,38.56,0.023,0.011,22,ready,8
2026-10-08 21:59:27.148,460.01,20261008_215147,toy,rest,,,,,99.7,78.2,1,,,,0,38.56,0.029,0.011,22,ready,8
2026-10-08 21:59:27.278,460.14,20261008_215147,toy,rest,,,,,99.7,78.2,1,,,,0,38.56,0.027,0.01,22,ready,8
2026-10-08 21:59:27.567,460.43,20261008_215147,toy,rest,,,,,99.0,80.9,1,,,,0,38.56,0.025,0.01,22,ready,8
2026-10-08 21:59:27.685,460.55,20261008_215147,toy,rest,,,,,99.0,80.9,1,,,,0,38.56,0.023,0.009,21,ready,8
2026-10-08 21:59:27.868,460.73,20261008_215147,toy,rest,,,,,99.0,80.9,1,,,,0,38.56,0.021,0.009,21,ready,8
2026-10-08 21:59:28.071,460.94,20261008_215147,toy,question,23,622,manual,truth,99.0,90.6,1,,,,0,38.56,0.021,0.008,21,question,9
2026-10-08 21:59:28.277,461.14,20261008_215147,toy,question,23,622,manual,truth,99.0,90.6,1,,,,0,38.56,0.019,0.007,21,question,9
2026-10-08 21:59:28.801,461.67,20261008_215147,toy,question,23,622,manual,truth,99.0,90.6,1,,,,0,38.56,0.018,0.007,21,question,9
2026-10-08 21:59:28.821,461.69,20261008_215147,toy,question,23,622,manual,truth,99.0,91.0,1,,,,0,38.56,0.017,0.006,21,question,9
2026-10-08 21:59:28.908,461.77,20261008_215147,toy,question,23,622,manual,truth,99.0,91.0,1,,,,0,38.56,0.016,0.006,21,question,9
2026-10-08 21:59:29.102,461.97,20261008_215147,toy,question,23,622,manual,truth,99.0,91.0,1,,,,0,38.56,0.016,0.006,21,question,9
2026-10-08 21:59:29.305,462.17,20261008_215147,toy,question,23,622,manual,truth,99.6,91.0,1,,,,0,38.56,0.015,0.006,21,question,8
2026-10-08 21:59:29.841,462.71,20261008_215147,toy,question,23,622,manual,truth,99.6,91.0,1,,,,0,38.57,0.014,0.005,21,question,8
2026-10-08 21:59:29.842,462.71,20261008_215147,toy,question,23,622,manual,truth,99.6,91.0,1,,,,0,38.58,0.014,0.005,21,question,8
2026-10-08 21:59:29.908,462.77,20261008_215147,toy,question,23,622,manual,truth,99.6,90.8,1,,,,0,38.55,0.016,0.005,21,question,8
2026-10-08 21:59:30.119,462.99,20261008_215147,toy,question,23,622,manual,truth,99.6,90.8,1,,,,0,38.55,0.015,0.004,21,question,8
2026-10-08 21:59:30.336,463.2,20261008_215147,toy,question,23,622,manual,truth,99.6,90.8,1,,,,0,38.55,0.015,0.004,21,question,8
2026-10-08 21:59:30.546,463.41,20261008_215147,toy,question,23,622,manual,truth,101.8,90.5,1,,,,0,38.55,0.022,0.006,21,question,8
2026-10-08 21:59:31.205,464.07,20261008_215147,toy,question,23,622,manual,truth,101.8,90.5,1,,,,0,38.56,0.027,0.009,22,question,8
2026-10-08 21:59:31.207,464.07,20261008_215147,toy,question,23,622,manual,truth,101.8,91.9,1,,,,0,38.56,0.026,0.01,22,question,8
2026-10-08 21:59:31.358,464.22,20261008_215147,toy,question,23,622,manual,truth,101.8,91.9,1,,,,0,38.57,0.024,0.009,22,question,8
2026-10-08 21:59:31.602,464.47,20261008_215147,toy,question,23,622,manual,truth,101.8,91.9,1,,,,0,38.57,0.022,0.009,22,question,8
2026-10-08 21:59:31.783,464.65,20261008_215147,toy,question,23,622,manual,truth,101.8,74.5,1,,,,0,38.57,0.02,0.009,22,question,8
2026-10-08 21:59:32.012,464.88,20261008_215147,toy,question,23,622,manual,truth,101.8,74.5,1,,,,0,38.57,0.02,0.009,22,question,8
2026-10-08 21:59:32.206,465.07,20261008_215147,toy,question,23,622,manual,truth,101.8,74.5,1,,,,0,38.57,0.02,0.009,22,question,8
2026-10-08 21:59:32.421,465.29,20261008_215147,toy,question,23,622,manual,truth,104.2,47.9,1,,,,0,38.58,0.02,0.009,23,question,8
2026-10-08 21:59:32.627,465.49,20261008_215147,toy,question,23,622,manual,truth,104.2,47.9,1,,,,0,38.57,0.019,0.009,23,question,8
2026-10-08 21:59:32.831,465.7,20261008_215147,toy,question,23,622,manual,truth,102.7,47.7,1,,,,0,38.57,0.021,0.009,23,question,9
2026-10-08 21:59:33.035,465.9,20261008_215147,toy,question,23,622,manual,truth,102.7,47.7,1,,,,0,38.58,0.019,0.009,23,question,9
2026-10-08 21:59:33.253,466.12,20261008_215147,toy,question,23,622,manual,truth,102.7,47.7,1,,,,0,38.58,0.02,0.009,23,question,9
2026-10-08 21:59:33.435,466.3,20261008_215147,toy,question,23,622,manual,truth,99.5,47.9,1,,,,0,38.58,0.028,0.012,23,question,9
2026-10-08 21:59:33.635,466.5,20261008_215147,toy,question,23,622,manual,truth,99.5,47.9,1,,,,0,38.55,0.038,0.014,23,question,9
2026-10-08 21:59:33.833,466.7,20261008_215147,toy,question,23,622,manual,truth,99.5,47.9,1,,,,0,38.55,0.041,0.015,22,question,8
2026-10-08 21:59:34.074,466.94,20261008_215147,toy,question,23,622,manual,truth,99.5,46.4,1,,,,0,38.55,0.038,0.013,22,question,8
2026-10-08 21:59:34.524,467.39,20261008_215147,toy,question,23,622,manual,truth,99.5,46.4,1,,,,0,38.55,0.034,0.012,22,question,8
2026-10-08 21:59:34.526,467.39,20261008_215147,toy,question,23,622,manual,truth,99.5,46.4,1,,,,0,38.56,0.032,0.012,22,question,8
2026-10-08 21:59:34.657,467.52,20261008_215147,toy,question,23,622,manual,truth,102.7,35.4,1,,,,0,38.54,0.03,0.013,22,question,8
2026-10-08 21:59:34.863,467.73,20261008_215147,toy,question,23,622,manual,truth,102.7,35.4,1,,,,0,38.54,0.028,0.012,23,question,8
2026-10-08 21:59:35.068,467.93,20261008_215147,toy,question,23,622,manual,truth,102.7,35.4,1,,,,0,38.54,0.026,0.011,23,question,8
2026-10-08 21:59:35.282,468.15,20261008_215147,toy,question,23,622,manual,truth,99.5,41.0,1,,,,0,38.55,0.025,0.01,22,question,8
2026-10-08 21:59:35.482,468.35,20261008_215147,toy,question,23,622,manual,truth,99.5,41.0,1,,,,0,38.54,0.023,0.01,22,question,9
2026-10-08 21:59:35.688,468.55,20261008_215147,toy,question,23,622,manual,truth,99.5,41.0,1,,,,0,38.54,0.021,0.009,22,question,9
2026-10-08 21:59:35.896,468.76,20261008_215147,toy,question,23,622,manual,truth,97.9,40.9,1,,,,0,38.54,0.019,0.008,22,question,9
2026-10-08 21:59:36.117,468.98,20261008_215147,toy,question,23,622,manual,truth,97.9,40.9,1,,,,0,38.55,0.02,0.008,22,question,9
2026-10-08 21:59:36.313,469.18,20261008_215147,toy,question,23,622,manual,truth,97.9,40.9,1,,,,0,38.55,0.019,0.007,21,question,9
2026-10-08 21:59:36.517,469.38,20261008_215147,toy,question,23,622,manual,truth,97.9,40.9,1,,,,0,38.55,0.017,0.007,21,question,9
2026-10-08 21:59:36.795,469.66,20261008_215147,toy,question,23,622,manual,truth,97.9,40.9,1,,,,0,38.56,0.026,0.009,21,question,9
2026-10-08 21:59:36.954,469.82,20261008_215147,toy,question,23,622,manual,truth,100.4,64.7,1,,,,0,38.56,0.027,0.01,21,question,9
2026-10-08 21:59:37.138,470.0,20261008_215147,toy,question,23,622,manual,truth,100.4,64.7,1,,,,0,38.56,0.026,0.009,21,question,9
2026-10-08 21:59:37.349,470.22,20261008_215147,toy,question,23,622,manual,truth,100.4,63.0,1,,,,0,38.57,0.025,0.009,22,question,9
2026-10-08 21:59:37.548,470.41,20261008_215147,toy,question,23,622,manual,truth,100.4,63.0,1,,,,0,38.57,0.023,0.008,22,question,9
2026-10-08 21:59:37.754,470.62,20261008_215147,toy,question,23,622,manual,truth,100.4,63.0,1,,,,0,38.57,0.021,0.008,22,question,9
2026-10-08 21:59:37.971,470.84,20261008_215147,toy,question,23,622,manual,truth,100.4,63.0,1,,,,0,38.57,0.02,0.008,22,question,9
2026-10-08 21:59:38.168,471.03,20261008_215147,toy,question,23,622,manual,truth,100.4,63.0,1,,,,0,38.54,0.019,0.007,22,question,9
2026-10-08 21:59:38.373,471.24,20261008_215147,toy,question,23,622,manual,truth,100.4,63.0,1,,,,0,38.54,0.019,0.007,22,question,9
2026-10-08 21:59:38.587,471.45,20261008_215147,toy,question,23,622,manual,truth,100.4,63.0,1,,,,0,38.54,0.018,0.007,22,question,9
2026-10-08 21:59:38.788,471.65,20261008_215147,toy,question,23,622,manual,truth,100.4,63.0,1,,,,0,38.55,0.017,0.007,22,question,9
2026-10-08 21:59:39.249,472.12,20261008_215147,toy,question,23,622,manual,truth,100.4,66.1,1,,,,0,38.55,0.015,0.006,22,question,9
2026-10-08 21:59:39.249,472.12,20261008_215147,toy,question,23,622,manual,truth,100.4,66.1,1,,,,0,38.56,0.015,0.006,22,question,9
2026-10-08 21:59:39.413,472.28,20261008_215147,toy,question,23,622,manual,truth,101.3,64.8,1,,,,0,38.56,0.015,0.006,22,question,9
2026-10-08 21:59:39.615,472.48,20261008_215147,toy,question,23,622,manual,truth,101.3,64.8,1,,,,0,38.56,0.014,0.005,22,question,9
2026-10-08 21:59:40.081,472.95,20261008_215147,toy,recovery,23,622,manual,truth,101.3,64.8,1,,,,0,38.57,0.016,0.005,22,ready,9
2026-10-08 21:59:40.086,472.95,20261008_215147,toy,recovery,23,622,manual,truth,101.3,64.8,1,,,,0,38.57,0.016,0.005,22,ready,9
2026-10-08 21:59:42.116,474.98,20261008_215147,toy,recovery,23,622,manual,truth,101.3,60.6,1,,,,0,38.58,0.024,0.018,22,ready,9
2026-10-08 21:59:42.311,475.18,20261008_215147,toy,recovery,23,622,manual,truth,101.3,60.6,1,,,,0,38.56,0.023,0.017,22,ready,9
2026-10-08 21:59:42.517,475.38,20261008_215147,toy,recovery,23,622,manual,truth,101.3,60.6,1,,,,0,38.56,0.023,0.016,22,ready,9
2026-10-08 21:59:42.721,475.59,20261008_215147,toy,rest,,,,,101.3,60.6,1,,,,0,38.58,0.024,0.015,22,ready,9
2026-10-08 21:59:43.018,475.88,20261008_215147,toy,rest,,,,,101.3,60.6,1,,,,0,38.58,0.022,0.013,22,ready,9
2026-10-08 21:59:43.132,476.0,20261008_215147,toy,rest,,,,,101.3,60.6,1,,,,0,38.58,0.021,0.012,22,ready,9
2026-10-08 21:59:43.338,476.2,20261008_215147,toy,rest,,,,,101.3,60.6,1,,,,0,38.58,0.02,0.011,22,ready,9
2026-10-08 21:59:43.539,476.41,20261008_215147,toy,rest,,,,,101.3,60.6,1,,,,0,38.58,0.019,0.011,22,ready,9
2026-10-08 21:59:43.738,476.6,20261008_215147,toy,question,24,623,manual,lie,,,1,,,,0,38.59,0.018,0.011,20,question,9
2026-10-08 21:59:43.948,476.81,20261008_215147,toy,question,24,623,manual,lie,,,1,,,,0,38.59,0.018,0.01,19,question,9
2026-10-08 21:59:44.150,477.02,20261008_215147,toy,question,24,623,manual,lie,,,1,,,,0,38.59,0.017,0.009,18,question,9
2026-10-08 21:59:44.360,477.23,20261008_215147,toy,question,24,623,manual,lie,121.9,,1,,,,0,38.61,0.016,0.008,21,question,9
2026-10-08 21:59:44.579,477.45,20261008_215147,toy,question,24,623,manual,lie,121.9,,1,,,,0,38.6,0.015,0.008,23,question,9
2026-10-08 21:59:44.764,477.63,20261008_215147,toy,question,24,623,manual,lie,121.9,,1,,,,0,38.58,0.014,0.007,25,question,9
2026-10-08 21:59:44.967,477.83,20261008_215147,toy,question,24,623,manual,lie,102.7,,1,,,,0,38.58,0.014,0.006,24,question,9
2026-10-08 21:59:45.220,478.09,20261008_215147,toy,question,24,623,manual,lie,102.7,,1,,,,0,38.58,0.013,0.006,24,question,9
2026-10-08 21:59:45.378,478.24,20261008_215147,toy,question,24,623,manual,lie,102.7,,1,,,,0,38.58,0.013,0.006,24,question,9
2026-10-08 21:59:45.587,478.45,20261008_215147,toy,question,24,623,manual,lie,102.4,,1,,,,0,38.59,0.013,0.006,24,question,9
2026-10-08 21:59:45.792,478.66,20261008_215147,toy,question,24,623,manual,lie,102.4,,1,,,,0,38.59,0.012,0.005,23,question,9
2026-10-08 21:59:45.999,478.86,20261008_215147,toy,question,24,623,manual,lie,102.4,,1,,,,0,38.59,0.012,0.005,23,question,9
2026-10-08 21:59:48.146,481.01,20261008_215147,toy,question,24,623,manual,lie,103.4,76.5,1,,,,0,38.61,0.013,0.005,22,question,9
2026-10-08 21:59:48.396,481.26,20261008_215147,toy,question,24,623,manual,lie,103.4,76.5,1,,,,0,38.62,0.026,0.011,23,question,9
2026-10-08 21:59:48.535,481.4,20261008_215147,toy,question,24,623,manual,lie,104.1,83.8,1,,,,0,38.62,0.037,0.017,23,question,9
2026-10-08 21:59:48.754,481.62,20261008_215147,toy,question,24,623,manual,lie,104.1,83.8,1,,,,0,38.61,0.036,0.017,23,question,9
2026-10-08 21:59:48.979,481.84,20261008_215147,toy,question,24,623,manual,lie,104.1,83.8,1,,,,0,38.61,0.035,0.015,23,question,9
2026-10-08 21:59:49.158,482.02,20261008_215147,toy,question,24,623,manual,lie,104.1,83.8,1,,,,0,38.61,0.032,0.014,23,question,9
2026-10-08 21:59:49.365,482.23,20261008_215147,toy,question,24,623,manual,lie,106.5,83.8,1,,,,0,38.61,0.029,0.013,24,question,9
2026-10-08 21:59:49.573,482.44,20261008_215147,toy,question,24,623,manual,lie,106.5,83.8,1,,,,0,38.61,0.027,0.012,24,question,9
2026-10-08 21:59:49.778,482.64,20261008_215147,toy,question,24,623,manual,lie,106.5,83.8,1,,,,0,38.62,0.026,0.011,24,question,9
2026-10-08 21:59:49.997,482.86,20261008_215147,toy,question,24,623,manual,lie,106.5,83.8,1,,,,0,38.62,0.025,0.01,24,question,9
2026-10-08 21:59:50.194,483.06,20261008_215147,toy,question,24,623,manual,lie,106.5,83.8,1,,,,0,38.61,0.022,0.009,24,question,9
2026-10-08 21:59:50.395,483.26,20261008_215147,toy,question,24,623,manual,lie,106.5,83.8,1,,,,0,38.62,0.021,0.008,25,question,9
2026-10-08 21:59:50.602,483.47,20261008_215147,toy,question,24,623,manual,lie,106.5,83.8,1,,,,0,38.62,0.022,0.008,25,question,9
2026-10-08 21:59:50.808,483.67,20261008_215147,toy,question,24,623,manual,lie,106.5,83.8,1,,,,0,38.61,0.02,0.008,25,question,9
2026-10-08 21:59:51.304,484.17,20261008_215147,toy,question,24,623,manual,lie,106.5,78.4,1,,,,0,38.58,0.019,0.007,25,question,9
2026-10-08 21:59:51.305,484.17,20261008_215147,toy,question,24,623,manual,lie,106.5,78.4,1,,,,0,38.59,0.017,0.007,25,question,9
2026-10-08 21:59:51.420,484.29,20261008_215147,toy,question,24,623,manual,lie,106.5,78.4,1,,,,0,38.56,0.018,0.007,25,question,9
2026-10-08 21:59:51.627,484.49,20261008_215147,toy,question,24,623,manual,lie,102.7,43.9,1,,,,0,38.57,0.017,0.006,24,question,9
2026-10-08 21:59:51.835,484.7,20261008_215147,toy,question,24,623,manual,lie,102.7,43.9,1,,,,0,38.57,0.016,0.006,24,question,9
2026-10-08 21:59:52.044,484.91,20261008_215147,toy,question,24,623,manual,lie,102.7,43.9,1,,,,0,38.58,0.014,0.005,24,question,9
2026-10-08 21:59:52.251,485.12,20261008_215147,toy,question,24,623,manual,lie,102.7,43.5,1,,,,0,38.57,0.015,0.005,24,question,9
2026-10-08 21:59:52.461,485.33,20261008_215147,toy,question,24,623,manual,lie,102.7,43.5,1,,,,0,38.57,0.015,0.005,23,question,9
2026-10-08 21:59:52.666,485.53,20261008_215147,toy,question,24,623,manual,lie,102.7,43.5,1,,,,0,38.58,0.013,0.005,23,question,9
2026-10-08 21:59:52.868,485.73,20261008_215147,toy,question,24,623,manual,lie,100.2,48.3,1,,,,0,38.58,0.013,0.005,23,question,9
2026-10-08 21:59:53.394,486.26,20261008_215147,toy,question,24,623,manual,lie,100.2,48.3,1,,,,0,38.58,0.013,0.005,23,question,9
2026-10-08 21:59:53.395,486.26,20261008_215147,toy,question,24,623,manual,lie,100.2,48.3,1,,,,0,38.59,0.012,0.005,22,question,9
2026-10-08 21:59:53.484,486.35,20261008_215147,toy,question,24,623,manual,lie,102.7,53.2,1,,,,0,38.59,0.012,0.005,22,question,9
2026-10-08 21:59:53.696,486.56,20261008_215147,toy,question,24,623,manual,lie,102.7,53.2,1,,,,0,38.59,0.012,0.005,22,question,9
2026-10-08 21:59:53.898,486.76,20261008_215147,toy,question,24,623,manual,lie,102.7,53.2,1,,,,0,38.6,0.012,0.005,22,question,9
2026-10-08 21:59:54.108,486.97,20261008_215147,toy,question,24,623,manual,lie,102.7,53.9,1,,,,0,38.61,0.013,0.005,22,question,9
2026-10-08 21:59:54.393,487.26,20261008_215147,toy,question,24,623,manual,lie,102.7,53.9,1,,,,0,38.61,0.012,0.005,23,question,9
2026-10-08 21:59:54.524,487.39,20261008_215147,toy,question,24,623,manual,lie,102.7,53.9,1,,,,0,38.61,0.012,0.005,23,question,9
2026-10-08 21:59:54.715,487.58,20261008_215147,toy,question,24,623,manual,lie,104.7,56.7,1,,,,0,38.61,0.014,0.005,23,question,9
2026-10-08 21:59:55.309,488.18,20261008_215147,toy,question,24,623,manual,lie,104.7,56.7,1,,,,0,38.62,0.015,0.006,23,question,9
2026-10-08 21:59:55.309,488.18,20261008_215147,toy,question,24,623,manual,lie,99.6,60.3,1,,,,0,38.62,0.017,0.008,23,question,9
2026-10-08 21:59:55.329,488.2,20261008_215147,toy,question,24,623,manual,lie,99.6,60.3,1,,,,0,38.62,0.017,0.008,22,question,9
2026-10-08 21:59:55.555,488.42,20261008_215147,toy,recovery,24,623,manual,lie,99.6,60.3,1,,,,0,38.63,0.017,0.008,22,ready,9
2026-10-08 21:59:55.765,488.63,20261008_215147,toy,recovery,24,623,manual,lie,104.7,53.0,1,,,,0,38.63,0.016,0.008,22,ready,9
2026-10-08 21:59:55.963,488.83,20261008_215147,toy,recovery,24,623,manual,lie,104.7,53.0,1,,,,0,38.62,0.015,0.007,23,ready,9
2026-10-08 21:59:56.208,489.07,20261008_215147,toy,recovery,24,623,manual,lie,102.2,51.4,1,,,,0,38.62,0.015,0.007,23,ready,9
2026-10-08 21:59:56.367,489.23,20261008_215147,toy,recovery,24,623,manual,lie,102.2,51.4,1,,,,0,38.62,0.014,0.007,23,ready,9
2026-10-08 21:59:56.580,489.45,20261008_215147,toy,recovery,24,623,manual,lie,102.2,51.4,1,,,,0,38.62,0.014,0.006,23,ready,9
2026-10-08 21:59:56.777,489.64,20261008_215147,toy,recovery,24,623,manual,lie,102.2,51.4,1,,,,0,38.6,0.015,0.007,23,ready,9
2026-10-08 21:59:56.971,489.84,20261008_215147,toy,recovery,24,623,manual,lie,102.2,51.4,1,,,,0,38.6,0.014,0.008,23,ready,9
2026-10-08 21:59:57.513,490.38,20261008_215147,toy,recovery,24,623,manual,lie,102.2,51.4,1,,,,0,38.6,0.015,0.008,22,ready,9
2026-10-08 21:59:57.513,490.38,20261008_215147,toy,recovery,24,623,manual,lie,102.2,51.4,1,,,,0,38.57,0.018,0.009,23,ready,9
2026-10-08 21:59:57.590,490.46,20261008_215147,toy,recovery,24,623,manual,lie,102.2,51.4,1,,,,0,38.58,0.016,0.008,23,ready,9
2026-10-08 21:59:57.790,490.66,20261008_215147,toy,recovery,24,623,manual,lie,102.2,51.4,1,,,,0,38.58,0.02,0.01,23,ready,9
2026-10-08 21:59:57.995,490.86,20261008_215147,toy,recovery,24,623,manual,lie,102.2,51.4,1,,,,0,38.58,0.025,0.011,23,ready,9
2026-10-08 21:59:58.202,491.07,20261008_215147,toy,recovery,24,623,manual,lie,102.2,51.4,1,,,,0,38.59,0.024,0.011,23,ready,9
2026-10-08 21:59:58.413,491.28,20261008_215147,toy,rest,,,,,102.2,51.4,1,,,,0,38.59,0.022,0.01,23,ready,9
2026-10-08 21:59:58.622,491.49,20261008_215147,toy,rest,,,,,102.2,53.1,1,,,,0,38.59,0.023,0.01,23,ready,9
2026-10-08 21:59:58.832,491.7,20261008_215147,toy,rest,,,,,102.2,53.1,1,,,,0,38.6,0.022,0.011,23,ready,9
2026-10-08 21:59:59.041,491.91,20261008_215147,toy,rest,,,,,102.2,53.1,1,,,,0,38.6,0.068,0.03,23,ready,9
2026-10-08 21:59:59.243,492.11,20261008_215147,toy,rest,,,,,102.2,53.1,1,,,,0,38.61,0.069,0.027,23,ready,9
2026-10-08 21:59:59.457,492.32,20261008_215147,toy,rest,,,,,102.2,54.4,1,,,,0,38.61,0.063,0.025,23,ready,9
2026-10-08 21:59:59.658,492.52,20261008_215147,toy,rest,,,,,102.2,54.4,1,,,,0,38.61,0.059,0.023,24,ready,9
2026-10-08 21:59:59.865,492.73,20261008_215147,toy,rest,,,,,102.2,54.4,1,,,,0,38.61,0.055,0.021,24,ready,9
2026-10-08 22:00:00.061,492.93,20261008_215147,toy,rest,,,,,102.2,54.4,1,,,,0,38.61,0.051,0.019,24,ready,9
2026-10-08 22:00:00.324,493.19,20261008_215147,toy,rest,,,,,102.2,57.2,1,,,,0,38.59,0.05,0.018,24,ready,8
2026-10-08 22:00:00.476,493.34,20261008_215147,toy,rest,,,,,102.2,57.2,1,,,,0,38.56,0.047,0.017,24,ready,8
2026-10-08 22:00:00.675,493.54,20261008_215147,toy,rest,,,,,102.2,57.2,1,,,,0,38.57,0.044,0.017,24,ready,8
2026-10-08 22:00:00.881,493.75,20261008_215147,toy,rest,,,,,102.2,57.2,1,,,,0,38.58,0.041,0.017,24,ready,8
2026-10-08 22:00:01.109,493.98,20261008_215147,toy,rest,,,,,105.1,56.5,1,,,,0,38.59,0.038,0.016,24,ready,8
2026-10-08 22:00:01.296,494.16,20261008_215147,toy,rest,,,,,105.1,56.5,1,,,,0,38.56,0.036,0.015,24,ready,8
2026-10-08 22:00:01.500,494.37,20261008_215147,toy,rest,,,,,105.1,56.5,1,,,,0,38.57,0.033,0.014,24,ready,8
2026-10-08 22:00:01.715,494.58,20261008_215147,toy,recovery,25,624,manual,lie,105.1,56.5,1,,,,0,38.57,0.03,0.014,24,ready,8
2026-10-08 22:00:01.939,494.81,20261008_215147,toy,question,25,624,manual,lie,105.1,65.8,1,,,,0,38.57,0.028,0.013,24,question,8
2026-10-08 22:00:02.161,495.03,20261008_215147,toy,question,25,624,manual,lie,105.1,65.8,1,,,,0,38.54,0.026,0.011,24,question,8
2026-10-08 22:00:02.313,495.18,20261008_215147,toy,question,25,624,manual,lie,105.1,65.8,1,,,,0,38.55,0.024,0.01,24,question,8
2026-10-08 22:00:02.523,495.39,20261008_215147,toy,question,25,624,manual,lie,98.9,67.3,1,,,,0,38.56,0.024,0.01,24,question,8
2026-10-08 22:00:02.784,495.65,20261008_215147,toy,question,25,624,manual,lie,98.9,67.3,1,,,,0,38.56,0.023,0.009,23,question,8
2026-10-08 22:00:02.991,495.86,20261008_215147,toy,question,25,624,manual,lie,98.9,67.3,1,,,,0,38.57,0.021,0.008,23,question,8
2026-10-08 22:00:03.198,496.06,20261008_215147,toy,question,25,624,manual,lie,100.6,65.0,1,,,,0,38.58,0.02,0.008,23,question,8
2026-10-08 22:00:03.344,496.21,20261008_215147,toy,question,25,624,manual,lie,100.6,65.0,1,,,,0,38.58,0.019,0.007,22,question,8
2026-10-08 22:00:03.612,496.48,20261008_215147,toy,question,25,624,manual,lie,100.6,65.0,1,,,,0,38.58,0.017,0.007,22,question,8
2026-10-08 22:00:03.747,496.61,20261008_215147,toy,question,25,624,manual,lie,100.6,58.3,1,,,,0,38.59,0.019,0.007,22,question,8
2026-10-08 22:00:04.244,497.11,20261008_215147,toy,question,25,624,manual,lie,100.6,58.3,1,,,,0,38.6,0.018,0.006,22,question,8
2026-10-08 22:00:04.245,497.11,20261008_215147,toy,question,25,624,manual,lie,98.9,51.9,1,,,,0,38.6,0.017,0.006,22,question,8
2026-10-08 22:00:04.355,497.22,20261008_215147,toy,question,25,624,manual,lie,98.9,51.9,1,,,,0,38.6,0.016,0.006,22,question,8
2026-10-08 22:00:04.557,497.42,20261008_215147,toy,question,25,624,manual,lie,98.9,51.9,1,,,,0,38.6,0.015,0.006,22,question,8
2026-10-08 22:00:04.760,497.63,20261008_215147,toy,question,25,624,manual,lie,98.9,50.6,1,,,,0,38.61,0.016,0.006,21,question,8
2026-10-08 22:00:04.952,497.82,20261008_215147,toy,question,25,624,manual,lie,98.9,50.6,1,,,,0,38.61,0.016,0.006,21,question,8
2026-10-08 22:00:05.583,498.45,20261008_215147,toy,question,25,624,manual,lie,98.9,50.6,1,,,,0,38.61,0.016,0.006,21,question,8
2026-10-08 22:00:05.584,498.45,20261008_215147,toy,question,25,624,manual,lie,100.6,47.9,1,,,,0,38.59,0.015,0.006,21,question,8
2026-10-08 22:00:05.627,498.49,20261008_215147,toy,question,25,624,manual,lie,100.6,47.9,1,,,,0,38.57,0.014,0.006,21,question,8
2026-10-08 22:00:05.955,498.82,20261008_215147,toy,question,25,624,manual,lie,100.6,47.9,1,,,,0,38.58,0.013,0.006,21,question,8
2026-10-08 22:00:05.969,498.84,20261008_215147,toy,question,25,624,manual,lie,98.6,46.0,1,,,,0,38.58,0.015,0.006,21,question,8
2026-10-08 22:00:06.172,499.04,20261008_215147,toy,question,25,624,manual,lie,98.6,46.0,1,,,,0,38.59,0.015,0.009,21,question,8
2026-10-08 22:00:06.662,499.53,20261008_215147,toy,question,25,624,manual,lie,98.6,46.0,1,,,,0,38.57,0.015,0.009,21,question,8
2026-10-08 22:00:06.664,499.53,20261008_215147,toy,question,25,624,manual,lie,98.6,44.0,1,,,,0,38.58,0.017,0.009,21,question,8
2026-10-08 22:00:06.787,499.65,20261008_215147,toy,question,25,624,manual,lie,98.6,44.0,1,,,,0,38.58,0.016,0.008,21,question,8
2026-10-08 22:00:06.995,499.86,20261008_215147,toy,question,25,624,manual,lie,98.6,44.0,1,,,,0,38.58,0.015,0.008,21,question,8
2026-10-08 22:00:07.204,500.07,20261008_215147,toy,question,25,624,manual,lie,98.9,42.3,1,,,,0,38.59,0.014,0.008,21,question,8
2026-10-08 22:00:07.411,500.28,20261008_215147,toy,question,25,624,manual,lie,98.9,42.3,1,,,,0,38.59,0.016,0.007,21,question,8
2026-10-08 22:00:07.617,500.48,20261008_215147,toy,question,25,624,manual,lie,98.9,42.3,1,,,,0,38.6,0.016,0.007,21,question,8
2026-10-08 22:00:07.823,500.69,20261008_215147,toy,question,25,624,manual,lie,100.8,40.3,1,,,,0,38.6,0.015,0.006,21,question,8
2026-10-08 22:00:08.034,500.9,20261008_215147,toy,question,25,624,manual,lie,100.8,40.3,1,,,,0,38.61,0.015,0.006,21,question,8
2026-10-08 22:00:08.244,501.11,20261008_215147,toy,question,25,624,manual,lie,100.8,40.3,1,,,,0,38.61,0.016,0.006,21,question,8
2026-10-08 22:00:08.445,501.31,20261008_215147,toy,question,25,624,manual,lie,102.4,21.0,1,,,,0,38.61,0.016,0.005,22,question,8
2026-10-08 22:00:08.653,501.52,20261008_215147,toy,question,25,624,manual,lie,102.4,21.0,1,,,,0,38.62,0.032,0.013,22,question,8
2026-10-08 22:00:08.856,501.72,20261008_215147,toy,question,25,624,manual,lie,102.4,21.0,1,,,,0,38.62,0.033,0.015,22,question,8
2026-10-08 22:00:09.063,501.93,20261008_215147,toy,question,25,624,manual,lie,102.4,15.6,1,,,,0,38.62,0.034,0.015,22,question,8
2026-10-08 22:00:09.270,502.14,20261008_215147,toy,question,25,624,manual,lie,102.4,15.6,1,,,,0,38.62,0.032,0.014,22,question,8
2026-10-08 22:00:09.473,502.34,20261008_215147,toy,question,25,624,manual,lie,102.4,15.6,1,,,,0,38.62,0.039,0.017,23,question,8
2026-10-08 22:00:09.673,502.54,20261008_215147,toy,question,25,624,manual,lie,102.4,41.3,1,,,,0,38.6,0.036,0.016,23,question,8
2026-10-08 22:00:09.885,502.75,20261008_215147,toy,question,25,624,manual,lie,102.4,41.3,1,,,,0,38.6,0.033,0.015,23,question,8
2026-10-08 22:00:10.087,502.95,20261008_215147,toy,question,25,624,manual,lie,102.4,41.3,1,,,,0,38.61,0.03,0.014,23,question,8
2026-10-08 22:00:10.293,503.16,20261008_215147,toy,question,25,624,manual,lie,102.4,47.7,1,,,,0,38.61,0.028,0.013,23,question,8
2026-10-08 22:00:10.502,503.37,20261008_215147,toy,question,25,624,manual,lie,102.4,47.7,1,,,,0,38.61,0.035,0.016,23,question,8
2026-10-08 22:00:10.706,503.57,20261008_215147,toy,question,25,624,manual,lie,102.4,47.7,1,,,,0,38.61,0.034,0.015,23,question,8
2026-10-08 22:00:10.912,503.78,20261008_215147,toy,question,25,624,manual,lie,102.4,47.7,1,,,,0,38.61,0.031,0.014,23,question,8
2026-10-08 22:00:11.155,504.02,20261008_215147,toy,question,25,624,manual,lie,102.4,47.7,1,,,,0,38.62,0.028,0.013,23,question,8
2026-10-08 22:00:11.327,504.19,20261008_215147,toy,question,25,624,manual,lie,102.4,47.7,1,,,,0,38.62,0.026,0.012,23,question,8
2026-10-08 22:00:11.537,504.4,20261008_215147,toy,question,25,624,manual,lie,99.2,48.2,1,,,,0,38.62,0.025,0.011,23,question,8
2026-10-08 22:00:11.741,504.61,20261008_215147,toy,question,25,624,manual,lie,99.2,48.2,1,,,,0,38.61,0.021,0.01,22,question,8
2026-10-08 22:00:11.953,504.82,20261008_215147,toy,question,25,624,manual,lie,99.2,48.0,1,,,,0,38.62,0.02,0.009,22,question,8
2026-10-08 22:00:12.157,505.02,20261008_215147,toy,question,25,624,manual,lie,99.2,48.0,1,,,,0,38.62,0.019,0.008,22,question,8
2026-10-08 22:00:12.361,505.23,20261008_215147,toy,question,25,624,manual,lie,99.2,48.0,1,,,,0,38.62,0.018,0.008,22,question,8
2026-10-08 22:00:12.586,505.45,20261008_215147,toy,question,25,624,manual,lie,99.2,47.8,1,,,,0,38.62,0.016,0.007,22,question,8
2026-10-08 22:00:12.786,505.65,20261008_215147,toy,question,25,624,manual,lie,99.2,47.8,1,,,,0,38.62,0.016,0.007,22,question,8
2026-10-08 22:00:13.124,505.99,20261008_215147,toy,question,25,624,manual,lie,99.2,47.8,1,,,,0,38.62,0.016,0.007,21,question,8
2026-10-08 22:00:13.191,506.06,20261008_215147,toy,question,25,624,manual,lie,100.0,48.1,1,,,,0,38.62,0.015,0.007,21,question,8
2026-10-08 22:00:13.393,506.26,20261008_215147,toy,question,25,624,manual,lie,100.0,48.1,1,,,,0,38.63,0.015,0.007,21,question,8
2026-10-08 22:00:13.599,506.47,20261008_215147,toy,recovery,25,624,manual,lie,100.0,48.1,1,,,,0,38.61,0.015,0.007,21,ready,8
2026-10-08 22:00:13.815,506.68,20261008_215147,toy,recovery,25,624,manual,lie,99.2,50.4,1,,,,0,38.59,0.014,0.006,21,ready,8
2026-10-08 22:00:14.018,506.88,20261008_215147,toy,recovery,25,624,manual,lie,99.2,50.4,1,,,,0,38.59,0.013,0.006,21,ready,8
2026-10-08 22:00:14.219,507.09,20261008_215147,toy,recovery,25,624,manual,lie,99.2,50.4,1,,,,0,38.6,0.014,0.006,21,ready,8
2026-10-08 22:00:14.419,507.28,20261008_215147,toy,recovery,25,624,manual,lie,100.0,59.3,1,,,,0,38.6,0.014,0.006,21,ready,8
2026-10-08 22:00:14.660,507.53,20261008_215147,toy,recovery,25,624,manual,lie,100.0,59.3,1,,,,0,38.6,0.013,0.006,21,ready,8
2026-10-08 22:00:14.828,507.69,20261008_215147,toy,recovery,25,624,manual,lie,100.0,59.3,1,,,,0,38.62,0.013,0.007,21,ready,8
2026-10-08 22:00:15.265,508.13,20261008_215147,toy,recovery,25,624,manual,lie,100.0,59.3,1,,,,0,38.62,0.013,0.006,21,ready,8
2026-10-08 22:00:15.267,508.13,20261008_215147,toy,recovery,25,624,manual,lie,100.0,59.3,1,,,,0,38.62,0.012,0.006,21,ready,8
2026-10-08 22:00:15.449,508.32,20261008_215147,toy,recovery,25,624,manual,lie,100.8,62.2,1,,,,0,38.62,0.011,0.005,21,ready,8
2026-10-08 22:00:15.655,508.52,20261008_215147,toy,recovery,25,624,manual,lie,100.8,62.2,1,,,,0,38.62,0.014,0.005,21,ready,8
2026-10-08 22:00:15.866,508.73,20261008_215147,toy,recovery,25,624,manual,lie,100.8,62.2,1,,,,0,38.62,0.016,0.005,21,ready,8
2026-10-08 22:00:16.071,508.94,20261008_215147,toy,recovery,25,624,manual,lie,101.7,62.8,1,,,,0,38.62,0.045,0.014,22,ready,8
2026-10-08 22:00:16.276,509.14,20261008_215147,toy,recovery,25,624,manual,lie,101.7,62.8,1,,,,0,38.62,0.082,0.027,22,ready,8
2026-10-08 22:00:16.485,509.35,20261008_215147,toy,recovery,25,624,manual,lie,101.7,62.8,1,,,,0,38.62,0.075,0.026,23,ready,8
2026-10-08 22:00:17.006,509.87,20261008_215147,toy,rest,,,,,100.8,53.3,1,,,,0,38.62,0.07,0.024,23,ready,8
2026-10-08 22:00:17.007,509.87,20261008_215147,toy,rest,,,,,100.8,53.3,1,,,,0,38.63,0.064,0.022,23,ready,8
2026-10-08 22:00:17.104,509.97,20261008_215147,toy,rest,,,,,100.8,53.3,1,,,,0,38.63,0.058,0.02,23,ready,8
2026-10-08 22:00:17.326,510.19,20261008_215147,toy,rest,,,,,100.8,47.6,1,,,,0,38.63,0.053,0.019,23,ready,8
2026-10-08 22:00:17.572,510.44,20261008_215147,toy,rest,,,,,100.8,47.6,1,,,,0,38.63,0.049,0.017,23,ready,8
2026-10-08 22:00:17.724,510.59,20261008_215147,toy,recovery,26,625,manual,lie,100.8,47.6,1,,,,0,38.62,0.045,0.016,23,ready,8
2026-10-08 22:00:17.934,510.8,20261008_215147,toy,question,26,625,manual,lie,99.2,46.6,1,,,,0,38.63,0.041,0.014,23,question,8
2026-10-08 22:00:18.159,511.03,20261008_215147,toy,question,26,625,manual,lie,99.2,46.6,1,,,,0,38.63,0.038,0.013,23,question,8
2026-10-08 22:00:18.353,511.22,20261008_215147,toy,question,26,625,manual,lie,99.2,46.6,1,,,,0,38.63,0.035,0.012,23,question,8
2026-10-08 22:00:18.559,511.42,20261008_215147,toy,question,26,625,manual,lie,99.2,48.0,1,,,,0,38.63,0.033,0.011,22,question,8
2026-10-08 22:00:18.769,511.64,20261008_215147,toy,question,26,625,manual,lie,99.2,48.0,1,,,,0,38.63,0.028,0.01,22,question,8
2026-10-08 22:00:18.969,511.84,20261008_215147,toy,question,26,625,manual,lie,99.2,48.0,1,,,,0,38.6,0.025,0.009,22,question,8
2026-10-08 22:00:19.178,512.04,20261008_215147,toy,question,26,625,manual,lie,99.2,50.6,1,,,,0,38.61,0.023,0.009,22,question,8
2026-10-08 22:00:19.378,512.24,20261008_215147,toy,question,26,625,manual,lie,99.2,50.6,1,,,,0,38.61,0.021,0.008,22,question,8
2026-10-08 22:00:19.583,512.45,20261008_215147,toy,question,26,625,manual,lie,99.2,50.6,1,,,,0,38.61,0.022,0.008,22,question,8
2026-10-08 22:00:19.795,512.66,20261008_215147,toy,question,26,625,manual,lie,101.1,75.7,1,,,,0,38.62,0.02,0.007,22,question,8
2026-10-08 22:00:19.998,512.86,20261008_215147,toy,question,26,625,manual,lie,101.1,75.7,1,,,,0,38.62,0.019,0.007,22,question,8
2026-10-08 22:00:20.205,513.07,20261008_215147,toy,question,26,625,manual,lie,101.1,75.7,1,,,,0,38.62,0.017,0.006,22,question,8
2026-10-08 22:00:20.410,513.28,20261008_215147,toy,question,26,625,manual,lie,101.1,75.7,1,,,,0,38.62,0.018,0.006,22,question,8
2026-10-08 22:00:20.615,513.48,20261008_215147,toy,question,26,625,manual,lie,101.1,75.7,1,,,,0,38.62,0.017,0.007,22,question,8
2026-10-08 22:00:20.815,513.68,20261008_215147,toy,question,26,625,manual,lie,103.4,80.1,1,,,,0,38.62,0.016,0.006,22,question,8
2026-10-08 22:00:21.019,513.89,20261008_215147,toy,question,26,625,manual,lie,103.4,80.1,1,,,,0,38.63,0.015,0.006,22,question,8
2026-10-08 22:00:21.225,514.09,20261008_215147,toy,question,26,625,manual,lie,103.4,80.1,1,,,,0,38.63,0.025,0.008,22,question,8
2026-10-08 22:00:21.442,514.31,20261008_215147,toy,question,26,625,manual,lie,103.4,77.8,1,,,,0,38.63,0.023,0.01,23,question,8
2026-10-08 22:00:21.701,514.57,20261008_215147,toy,question,26,625,manual,lie,103.4,77.8,1,,,,0,38.63,0.022,0.009,23,question,8
2026-10-08 22:00:21.838,514.7,20261008_215147,toy,question,26,625,manual,lie,103.4,77.8,1,,,,0,38.64,0.021,0.009,23,question,8
2026-10-08 22:00:22.044,514.91,20261008_215147,toy,question,26,625,manual,lie,102.1,68.7,1,,,,0,38.64,0.025,0.013,23,question,8
2026-10-08 22:00:22.253,515.12,20261008_215147,toy,question,26,625,manual,lie,102.1,68.7,1,,,,0,38.64,0.024,0.012,23,question,8
2026-10-08 22:00:22.462,515.33,20261008_215147,toy,question,26,625,manual,lie,102.1,68.7,1,,,,0,38.64,0.024,0.012,23,question,8
2026-10-08 22:00:22.748,515.61,20261008_215147,toy,question,26,625,manual,lie,101.6,65.0,1,,,,0,38.64,0.023,0.011,23,question,8
2026-10-08 22:00:22.874,515.74,20261008_215147,toy,question,26,625,manual,lie,101.6,65.0,1,,,,0,38.64,0.022,0.01,23,question,8
2026-10-08 22:00:23.082,515.95,20261008_215147,toy,question,26,625,manual,lie,101.6,65.0,1,,,,0,38.64,0.021,0.009,23,question,8
2026-10-08 22:00:23.289,516.16,20261008_215147,toy,question,26,625,manual,lie,102.1,64.3,1,,,,0,38.64,0.039,0.019,23,question,8
2026-10-08 22:00:23.493,516.36,20261008_215147,toy,question,26,625,manual,lie,102.1,64.3,1,,,,0,38.61,0.038,0.021,23,question,8
2026-10-08 22:00:23.701,516.57,20261008_215147,toy,question,26,625,manual,lie,102.1,64.3,1,,,,0,38.61,0.036,0.02,23,question,8
2026-10-08 22:00:23.905,516.77,20261008_215147,toy,question,26,625,manual,lie,101.8,59.7,1,,,,0,38.62,0.033,0.019,23,question,8
2026-10-08 22:00:24.117,516.98,20261008_215147,toy,question,26,625,manual,lie,101.8,59.7,1,,,,0,38.62,0.03,0.017,23,question,8
2026-10-08 22:00:24.319,517.19,20261008_215147,toy,question,26,625,manual,lie,101.8,59.7,1,,,,0,38.62,0.029,0.016,23,question,8
2026-10-08 22:00:24.526,517.39,20261008_215147,toy,question,26,625,manual,lie,101.6,59.8,1,,,,0,38.62,0.027,0.014,23,question,8
2026-10-08 22:00:24.732,517.6,20261008_215147,toy,question,26,625,manual,lie,101.6,59.8,1,,,,0,38.62,0.025,0.013,23,question,8
2026-10-08 22:00:24.933,517.8,20261008_215147,toy,question,26,625,manual,lie,101.6,59.8,1,,,,0,38.63,0.023,0.012,23,question,8
2026-10-08 22:00:25.149,518.02,20261008_215147,toy,question,26,625,manual,lie,100.2,60.1,1,,,,0,38.63,0.023,0.011,23,question,8
2026-10-08 22:00:25.420,518.29,20261008_215147,toy,question,26,625,manual,lie,100.2,60.1,1,,,,0,38.63,0.021,0.01,22,question,8
2026-10-08 22:00:25.554,518.42,20261008_215147,toy,question,26,625,manual,lie,100.2,60.1,1,,,,0,38.63,0.02,0.009,22,question,8
2026-10-08 22:00:25.762,518.63,20261008_215147,toy,question,26,625,manual,lie,101.7,58.4,1,,,,0,38.63,0.019,0.01,22,question,8
2026-10-08 22:00:25.973,518.84,20261008_215147,toy,question,26,625,manual,lie,101.7,58.4,1,,,,0,38.63,0.019,0.009,22,question,8
2026-10-08 22:00:26.163,519.03,20261008_215147,toy,question,26,625,manual,lie,101.7,58.4,1,,,,0,38.63,0.018,0.009,22,question,8
2026-10-08 22:00:26.366,519.23,20261008_215147,toy,question,26,625,manual,lie,101.1,55.4,1,,,,0,38.63,0.017,0.008,22,question,8
2026-10-08 22:00:26.866,519.73,20261008_215147,toy,question,26,625,manual,lie,101.1,55.4,1,,,,0,38.63,0.016,0.008,22,question,8
2026-10-08 22:00:26.866,519.73,20261008_215147,toy,question,26,625,manual,lie,100.2,14.9,1,,,,0,38.63,0.015,0.007,22,question,8
2026-10-08 22:00:26.974,519.84,20261008_215147,toy,question,26,625,manual,lie,100.2,14.9,1,,,,0,38.63,0.016,0.007,22,question,8
2026-10-08 22:00:27.184,520.05,20261008_215147,toy,question,26,625,manual,lie,100.2,14.9,1,,,,0,38.63,0.017,0.007,22,question,8
2026-10-08 22:00:27.395,520.26,20261008_215147,toy,question,26,625,manual,lie,101.1,16.0,1,,,,0,38.64,0.017,0.007,22,question,8
2026-10-08 22:00:27.598,520.46,20261008_215147,toy,question,26,625,manual,lie,101.1,16.0,1,,,,0,38.64,0.016,0.006,22,question,8
2026-10-08 22:00:27.804,520.67,20261008_215147,toy,question,26,625,manual,lie,101.1,16.0,1,,,,0,38.64,0.016,0.007,22,question,8
2026-10-08 22:00:28.016,520.88,20261008_215147,toy,question,26,625,manual,lie,101.7,15.8,1,,,,0,38.64,0.015,0.006,22,question,8
2026-10-08 22:00:28.216,521.08,20261008_215147,toy,question,26,625,manual,lie,101.7,15.8,1,,,,0,38.64,0.013,0.006,22,question,9
2026-10-08 22:00:28.425,521.29,20261008_215147,toy,question,26,625,manual,lie,101.7,15.8,1,,,,0,38.64,0.014,0.006,22,question,9
2026-10-08 22:00:28.636,521.5,20261008_215147,toy,question,26,625,manual,lie,101.1,17.2,1,,,,0,38.64,0.014,0.005,22,question,8
2026-10-08 22:00:29.182,522.05,20261008_215147,toy,question,26,625,manual,lie,101.1,17.2,1,,,,0,38.64,0.013,0.005,22,question,8
2026-10-08 22:00:29.183,522.05,20261008_215147,toy,question,26,625,manual,lie,101.1,17.2,1,,,,0,38.64,0.014,0.005,22,question,8
2026-10-08 22:00:29.259,522.13,20261008_215147,toy,question,26,625,manual,lie,99.1,16.8,1,,,,0,38.64,0.014,0.005,22,question,8
2026-10-08 22:00:29.468,522.33,20261008_215147,toy,question,26,625,manual,lie,99.1,16.8,1,,,,0,38.64,0.013,0.005,22,question,8
2026-10-08 22:00:29.656,522.52,20261008_215147,toy,recovery,26,625,manual,lie,99.1,16.8,1,,,,0,38.64,0.012,0.004,21,ready,8
2026-10-08 22:00:29.867,522.73,20261008_215147,toy,recovery,26,625,manual,lie,102.7,18.6,1,,,,0,38.65,0.012,0.005,22,ready,8
2026-10-08 22:00:30.107,522.97,20261008_215147,toy,recovery,26,625,manual,lie,102.7,18.6,1,,,,0,38.65,0.012,0.005,22,ready,8
2026-10-08 22:00:30.286,523.15,20261008_215147,toy,recovery,26,625,manual,lie,102.7,18.6,1,,,,0,38.64,0.011,0.005,22,ready,8
2026-10-08 22:00:30.469,523.33,20261008_215147,toy,recovery,26,625,manual,lie,98.9,33.9,1,,,,0,38.65,0.013,0.005,22,ready,9
2026-10-08 22:00:30.674,523.54,20261008_215147,toy,recovery,26,625,manual,lie,98.9,33.9,1,,,,0,38.65,0.014,0.005,22,ready,8
2026-10-08 22:00:30.880,523.75,20261008_215147,toy,recovery,26,625,manual,lie,98.9,33.9,1,,,,0,38.65,0.018,0.007,21,ready,9
2026-10-08 22:00:31.088,523.95,20261008_215147,toy,recovery,26,625,manual,lie,98.9,39.9,1,,,,0,38.65,0.025,0.008,21,ready,9
2026-10-08 22:00:31.294,524.16,20261008_215147,toy,recovery,26,625,manual,lie,98.9,39.9,1,,,,0,38.65,0.026,0.008,21,ready,9
2026-10-08 22:00:31.554,524.42,20261008_215147,toy,recovery,26,625,manual,lie,98.9,39.9,1,,,,0,38.65,0.035,0.011,21,ready,9
2026-10-08 22:00:31.707,524.57,20261008_215147,toy,recovery,26,625,manual,lie,98.9,39.9,1,,,,0,38.65,0.042,0.018,22,ready,9
2026-10-08 22:00:31.941,524.81,20261008_215147,toy,rest,,,,,98.9,39.9,1,,,,0,38.65,0.041,0.02,22,ready,9
2026-10-08 22:00:32.137,525.0,20261008_215147,toy,rest,,,,,98.9,39.9,1,,,,0,38.65,0.038,0.019,22,ready,9
2026-10-08 22:00:32.322,525.19,20261008_215147,toy,rest,,,,,98.9,39.9,1,,,,0,38.66,0.035,0.018,22,ready,9
2026-10-08 22:00:32.813,525.68,20261008_215147,toy,rest,,,,,99.8,41.3,1,,,,0,38.66,0.033,0.016,22,ready,9
2026-10-08 22:00:32.814,525.68,20261008_215147,toy,rest,,,,,99.8,41.3,1,,,,0,38.66,0.032,0.016,22,ready,9
2026-10-08 22:00:32.945,525.81,20261008_215147,toy,rest,,,,,99.8,41.3,1,,,,0,38.67,0.03,0.015,22,ready,9
2026-10-08 22:00:33.149,526.01,20261008_215147,toy,rest,,,,,99.8,41.3,1,,,,0,38.64,0.028,0.015,22,ready,8
2026-10-08 22:00:33.365,526.23,20261008_215147,toy,rest,,,,,99.8,41.3,1,,,,0,38.64,0.029,0.014,22,ready,8
2026-10-08 22:00:33.842,526.71,20261008_215147,toy,rest,,,,,99.8,41.3,1,,,,0,38.64,0.028,0.014,22,ready,8
2026-10-08 22:00:33.843,526.71,20261008_215147,toy,rest,,,,,99.8,41.3,1,,,,0,38.63,0.027,0.013,22,ready,9
2026-10-08 22:00:33.978,526.84,20261008_215147,toy,rest,,,,,99.8,41.3,1,,,,0,38.63,0.026,0.013,22,ready,9
2026-10-08 22:00:34.178,527.04,20261008_215147,toy,rest,,,,,100.6,43.5,1,,,,0,38.62,0.026,0.012,22,ready,9
2026-10-08 22:00:36.393,529.26,20261008_215147,toy,question,27,626,manual,truth,100.6,49.1,1,,,,0,38.63,0.019,0.008,22,question,9
2026-10-08 22:00:36.593,529.46,20261008_215147,toy,question,27,626,manual,truth,100.6,49.1,1,,,,0,38.63,0.019,0.008,22,question,9
2026-10-08 22:00:36.798,529.66,20261008_215147,toy,question,27,626,manual,truth,100.6,49.1,1,,,,0,38.63,0.018,0.007,22,question,9
2026-10-08 22:00:37.014,529.88,20261008_215147,toy,question,27,626,manual,truth,100.6,49.1,1,,,,0,38.63,0.018,0.007,22,question,9
2026-10-08 22:00:37.215,530.08,20261008_215147,toy,question,27,626,manual,truth,100.6,49.1,1,,,,0,38.63,0.017,0.007,22,question,9
2026-10-08 22:00:37.450,530.32,20261008_215147,toy,question,27,626,manual,truth,100.6,49.1,1,,,,0,38.63,0.015,0.006,22,question,9
2026-10-08 22:00:37.626,530.49,20261008_215147,toy,question,27,626,manual,truth,100.6,52.1,1,,,,0,38.64,0.019,0.007,22,question,9
2026-10-08 22:00:37.835,530.7,20261008_215147,toy,question,27,626,manual,truth,100.6,52.1,1,,,,0,38.64,0.017,0.006,22,question,9
2026-10-08 22:00:38.043,530.91,20261008_215147,toy,question,27,626,manual,truth,100.6,52.1,1,,,,0,38.64,0.017,0.006,22,question,9
2026-10-08 22:00:38.246,531.11,20261008_215147,toy,question,27,626,manual,truth,103.0,52.4,1,,,,0,38.64,0.017,0.006,22,question,9
2026-10-08 22:00:38.446,531.31,20261008_215147,toy,question,27,626,manual,truth,103.0,52.4,1,,,,0,38.62,0.018,0.007,22,question,9
2026-10-08 22:00:38.656,531.52,20261008_215147,toy,question,27,626,manual,truth,103.0,52.4,1,,,,0,38.62,0.021,0.009,22,question,9
2026-10-08 22:00:38.859,531.73,20261008_215147,toy,question,27,626,manual,truth,103.0,52.4,1,,,,0,38.63,0.029,0.019,23,question,9
2026-10-08 22:00:39.065,531.93,20261008_215147,toy,question,27,626,manual,truth,103.0,52.4,1,,,,0,38.63,0.031,0.019,23,question,9
2026-10-08 22:00:39.271,532.14,20261008_215147,toy,question,27,626,manual,truth,103.0,52.4,1,,,,0,38.63,0.029,0.017,23,question,9
2026-10-08 22:00:39.475,532.34,20261008_215147,toy,question,27,626,manual,truth,103.0,52.4,1,,,,0,38.63,0.027,0.016,23,question,9
2026-10-08 22:00:39.680,532.55,20261008_215147,toy,question,27,626,manual,truth,103.0,52.4,1,,,,0,38.63,0.025,0.015,23,question,9
2026-10-08 22:00:39.887,532.75,20261008_215147,toy,question,27,626,manual,truth,103.0,52.4,1,,,,0,38.63,0.024,0.014,23,question,9
2026-10-08 22:00:40.088,532.95,20261008_215147,toy,question,27,626,manual,truth,102.8,56.5,1,,,,0,38.64,0.022,0.013,23,question,9
2026-10-08 22:00:40.297,533.16,20261008_215147,toy,question,27,626,manual,truth,102.8,56.5,1,,,,0,38.64,0.021,0.011,23,question,9
2026-10-08 22:00:40.500,533.37,20261008_215147,toy,question,27,626,manual,truth,102.8,56.5,1,,,,0,38.64,0.019,0.01,23,question,9
2026-10-08 22:00:40.708,533.57,20261008_215147,toy,question,27,626,manual,truth,100.5,57.4,1,,,,0,38.64,0.02,0.01,23,question,9
2026-10-08 22:00:40.917,533.78,20261008_215147,toy,question,27,626,manual,truth,100.5,57.4,1,,,,0,38.64,0.019,0.009,23,question,9
2026-10-08 22:00:41.127,533.99,20261008_215147,toy,question,27,626,manual,truth,100.5,57.4,1,,,,0,38.64,0.018,0.009,22,question,9
2026-10-08 22:00:41.329,534.2,20261008_215147,toy,question,27,626,manual,truth,100.5,55.6,1,,,,0,38.64,0.026,0.016,22,question,9
2026-10-08 22:00:41.538,534.4,20261008_215147,toy,question,27,626,manual,truth,100.5,55.6,1,,,,0,38.64,0.035,0.018,22,question,9
2026-10-08 22:00:42.131,535.0,20261008_215147,toy,question,27,626,manual,truth,102.8,38.2,1,,,,0,38.61,0.031,0.015,23,question,9
2026-10-08 22:00:42.161,535.03,20261008_215147,toy,question,27,626,manual,truth,102.8,38.2,1,,,,0,38.61,0.029,0.014,23,question,9
2026-10-08 22:00:42.363,535.23,20261008_215147,toy,question,27,626,manual,truth,102.8,38.2,1,,,,0,38.61,0.027,0.014,23,question,9
2026-10-08 22:00:42.567,535.43,20261008_215147,toy,question,27,626,manual,truth,98.8,22.6,1,,,,0,38.62,0.024,0.012,22,question,9
2026-10-08 22:00:42.773,535.64,20261008_215147,toy,question,27,626,manual,truth,98.8,22.6,1,,,,0,38.61,0.022,0.011,22,question,9
2026-10-08 22:00:42.976,535.84,20261008_215147,toy,question,27,626,manual,truth,98.8,22.6,1,,,,0,38.61,0.022,0.011,22,question,9
2026-10-08 22:00:43.181,536.05,20261008_215147,toy,question,27,626,manual,truth,98.8,32.8,1,,,,0,38.61,0.02,0.01,22,question,9
2026-10-08 22:00:43.386,536.25,20261008_215147,toy,question,27,626,manual,truth,98.8,32.8,1,,,,0,38.62,0.019,0.009,22,question,9
2026-10-08 22:00:43.595,536.46,20261008_215147,toy,question,27,626,manual,truth,98.8,32.8,1,,,,0,38.62,0.018,0.008,22,question,9
2026-10-08 22:00:43.831,536.7,20261008_215147,toy,question,27,626,manual,truth,98.5,38.7,1,,,,0,38.62,0.019,0.008,21,question,9
2026-10-08 22:00:44.005,536.87,20261008_215147,toy,question,27,626,manual,truth,98.5,38.7,1,,,,0,38.63,0.018,0.008,21,question,9
2026-10-08 22:00:44.214,537.08,20261008_215147,toy,question,27,626,manual,truth,98.5,38.7,1,,,,0,38.63,0.016,0.007,21,question,9
2026-10-08 22:00:44.428,537.29,20261008_215147,toy,question,27,626,manual,truth,99.1,36.5,1,,,,0,38.63,0.015,0.007,21,question,9
2026-10-08 22:00:48.466,541.33,20261008_215147,toy,recovery,27,626,manual,truth,98.8,35.5,1,,,,0,38.65,0.014,0.005,20,ready,9
2026-10-08 22:00:48.668,541.53,20261008_215147,toy,recovery,27,626,manual,truth,98.8,35.5,1,,,,0,38.65,0.014,0.005,21,ready,9
2026-10-08 22:00:48.869,541.74,20261008_215147,toy,recovery,27,626,manual,truth,98.8,35.5,1,,,,0,38.66,0.014,0.005,21,ready,9
2026-10-08 22:00:49.066,541.93,20261008_215147,toy,recovery,27,626,manual,truth,98.8,35.5,1,,,,0,38.65,0.014,0.005,21,ready,9
2026-10-08 22:00:49.271,542.14,20261008_215147,toy,recovery,27,626,manual,truth,99.1,41.2,1,,,,0,38.65,0.014,0.005,21,ready,9
2026-10-08 22:00:49.484,542.35,20261008_215147,toy,recovery,27,626,manual,truth,99.1,41.2,1,,,,0,38.62,0.013,0.004,21,ready,9
2026-10-08 22:00:49.689,542.56,20261008_215147,toy,recovery,27,626,manual,truth,100.7,47.8,1,,,,0,38.64,0.014,0.005,21,ready,9
2026-10-08 22:00:49.894,542.76,20261008_215147,toy,recovery,27,626,manual,truth,100.7,47.8,1,,,,0,38.63,0.013,0.005,21,ready,9
2026-10-08 22:00:50.101,542.97,20261008_215147,toy,recovery,27,626,manual,truth,100.7,47.8,1,,,,0,38.62,0.013,0.005,21,ready,9
2026-10-08 22:00:50.310,543.18,20261008_215147,toy,recovery,27,626,manual,truth,100.7,47.8,1,,,,0,38.63,0.032,0.012,21,ready,9
2026-10-08 22:00:50.514,543.38,20261008_215147,toy,recovery,27,626,manual,truth,100.7,47.8,1,,,,0,38.63,0.051,0.027,22,ready,9
2026-10-08 22:00:50.719,543.58,20261008_215147,toy,recovery,27,626,manual,truth,100.7,47.8,1,,,,0,38.63,0.054,0.033,22,ready,9
2026-10-08 22:00:50.924,543.79,20261008_215147,toy,recovery,27,626,manual,truth,100.7,47.8,1,,,,0,38.63,0.05,0.031,22,ready,9
2026-10-08 22:00:51.324,544.19,20261008_215147,toy,recovery,27,626,manual,truth,100.7,47.8,1,,,,0,38.63,0.046,0.028,22,ready,9
2026-10-08 22:00:51.339,544.21,20261008_215147,toy,recovery,27,626,manual,truth,,,1,,,,0,38.64,0.043,0.026,21,ready,9
2026-10-08 22:00:51.541,544.41,20261008_215147,toy,rest,,,,,,,1,,,,0,38.64,0.039,0.023,20,ready,9
2026-10-08 22:00:51.743,544.61,20261008_215147,toy,rest,,,,,,,1,,,,0,38.64,0.036,0.021,19,ready,9
2026-10-08 22:00:51.954,544.82,20261008_215147,toy,rest,,,,,126.4,,1,,,,0,38.64,0.034,0.019,22,ready,9
2026-10-08 22:00:52.150,545.02,20261008_215147,toy,rest,,,,,126.4,,1,,,,0,38.64,0.032,0.018,25,ready,9
2026-10-08 22:00:52.367,545.23,20261008_215147,toy,rest,,,,,126.4,,1,,,,0,38.64,0.029,0.016,27,ready,9
2026-10-08 22:00:56.477,549.34,20261008_215147,toy,question,28,627,manual,truth,102.6,,1,,,,0,38.65,0.044,0.026,23,question,9
2026-10-08 22:00:56.678,549.54,20261008_215147,toy,question,28,627,manual,truth,102.6,,1,,,,0,38.66,0.042,0.024,24,question,9
2026-10-08 22:00:56.881,549.75,20261008_215147,toy,question,28,627,manual,truth,102.6,,1,,,,0,38.66,0.04,0.022,24,question,9
2026-10-08 22:00:57.090,549.96,20261008_215147,toy,question,28,627,manual,truth,102.6,,1,,,,0,38.66,0.037,0.02,24,question,9
2026-10-08 22:00:57.299,550.17,20261008_215147,toy,question,28,627,manual,truth,,,1,,,,0,38.66,0.034,0.019,22,question,9
2026-10-08 22:00:57.500,550.37,20261008_215147,toy,question,28,627,manual,truth,,,1,,,,0,38.66,0.031,0.017,21,question,9
2026-10-08 22:00:57.875,550.74,20261008_215147,toy,question,28,627,manual,truth,,,1,,,,0,38.66,0.029,0.016,19,question,9
2026-10-08 22:00:57.913,550.78,20261008_215147,toy,question,28,627,manual,truth,,,1,,,,0,38.66,0.027,0.015,18,question,9
2026-10-08 22:00:58.119,550.99,20261008_215147,toy,question,28,627,manual,truth,121.7,,1,,,,0,38.67,0.026,0.014,21,question,9
2026-10-08 22:00:58.327,551.19,20261008_215147,toy,question,28,627,manual,truth,121.7,,1,,,,0,38.67,0.024,0.014,23,question,9
2026-10-08 22:00:58.533,551.4,20261008_215147,toy,question,28,627,manual,truth,105.8,,1,,,,0,38.67,0.023,0.013,24,question,9
2026-10-08 22:00:58.738,551.6,20261008_215147,toy,question,28,627,manual,truth,105.8,,1,,,,0,38.67,0.022,0.012,24,question,9
2026-10-08 22:00:58.955,551.82,20261008_215147,toy,question,28,627,manual,truth,105.8,,1,,,,0,38.67,0.022,0.012,24,question,9
2026-10-08 22:00:59.155,552.02,20261008_215147,toy,question,28,627,manual,truth,105.8,,1,,,,0,38.67,0.023,0.011,24,question,9
2026-10-08 22:00:59.359,552.22,20261008_215147,toy,question,28,627,manual,truth,101.3,,1,,,,0,38.67,0.023,0.01,24,question,9
2026-10-08 22:00:59.568,552.43,20261008_215147,toy,question,28,627,manual,truth,101.3,,1,,,,0,38.67,0.023,0.01,23,question,9
2026-10-08 22:00:59.817,552.68,20261008_215147,toy,question,28,627,manual,truth,103.0,131.3,1,,,,0,38.66,0.024,0.014,23,question,9
2026-10-08 22:00:59.988,552.85,20261008_215147,toy,question,28,627,manual,truth,103.0,131.3,1,,,,0,38.66,0.025,0.013,23,question,9
2026-10-08 22:01:00.194,553.06,20261008_215147,toy,question,28,627,manual,truth,103.0,131.3,1,,,,0,38.66,0.023,0.012,23,question,9
2026-10-08 22:01:00.399,553.26,20261008_215147,toy,question,28,627,manual,truth,100.0,117.7,1,,,,0,38.67,0.024,0.013,23,question,9
2026-10-08 22:01:00.606,553.47,20261008_215147,toy,question,28,627,manual,truth,100.0,117.7,1,,,,0,38.67,0.025,0.013,23,question,9
2026-10-08 22:01:00.807,553.67,20261008_215147,toy,question,28,627,manual,truth,103.0,119.4,1,,,,0,38.66,0.024,0.012,23,question,9
2026-10-08 22:01:01.013,553.88,20261008_215147,toy,question,28,627,manual,truth,103.0,119.4,1,,,,0,38.67,0.028,0.014,23,question,9
2026-10-08 22:01:01.221,554.09,20261008_215147,toy,question,28,627,manual,truth,103.0,119.4,1,,,,0,38.67,0.027,0.014,23,question,9
2026-10-08 22:01:01.423,554.29,20261008_215147,toy,question,28,627,manual,truth,103.0,119.4,1,,,,0,38.67,0.026,0.013,23,question,9
2026-10-08 22:01:01.637,554.5,20261008_215147,toy,question,28,627,manual,truth,103.0,119.4,1,,,,0,38.67,0.024,0.012,23,question,9
2026-10-08 22:01:01.838,554.7,20261008_215147,toy,question,28,627,manual,truth,103.0,119.4,1,,,,0,38.67,0.022,0.011,23,question,9
2026-10-08 22:01:02.039,554.91,20261008_215147,toy,question,28,627,manual,truth,103.0,119.4,1,,,,0,38.67,0.02,0.01,23,question,9
2026-10-08 22:01:02.248,555.11,20261008_215147,toy,question,28,627,manual,truth,100.7,119.4,1,,,,0,38.67,0.019,0.009,23,question,9
2026-10-08 22:01:02.456,555.32,20261008_215147,toy,question,28,627,manual,truth,100.7,119.4,1,,,,0,38.64,0.018,0.008,23,question,9
2026-10-08 22:01:02.658,555.52,20261008_215147,toy,question,28,627,manual,truth,100.7,119.4,1,,,,0,38.64,0.017,0.008,23,question,9
2026-10-08 22:01:02.867,555.73,20261008_215147,toy,question,28,627,manual,truth,103.0,110.7,1,,,,0,38.65,0.016,0.008,23,question,9
2026-10-08 22:01:03.072,555.94,20261008_215147,toy,question,28,627,manual,truth,103.0,110.7,1,,,,0,38.65,0.016,0.007,23,question,9
2026-10-08 22:01:03.278,556.14,20261008_215147,toy,question,28,627,manual,truth,103.7,105.8,1,,,,0,38.64,0.015,0.007,23,question,9
2026-10-08 22:01:03.480,556.35,20261008_215147,toy,question,28,627,manual,truth,103.7,105.8,1,,,,0,38.65,0.014,0.006,23,question,9
2026-10-08 22:01:03.688,556.55,20261008_215147,toy,question,28,627,manual,truth,103.7,105.8,1,,,,0,38.65,0.014,0.006,23,question,9
2026-10-08 22:01:03.894,556.76,20261008_215147,toy,question,28,627,manual,truth,103.7,105.9,1,,,,0,38.65,0.014,0.006,23,question,9
2026-10-08 22:01:04.099,556.96,20261008_215147,toy,question,28,627,manual,truth,103.7,105.9,1,,,,0,38.65,0.013,0.006,23,question,9
2026-10-08 22:01:04.304,557.17,20261008_215147,toy,question,28,627,manual,truth,103.7,105.9,1,,,,0,38.65,0.012,0.005,23,question,9
2026-10-08 22:01:04.506,557.37,20261008_215147,toy,recovery,28,627,manual,truth,103.7,105.9,1,,,,0,38.66,0.011,0.005,23,ready,9
2026-10-08 22:01:04.712,557.58,20261008_215147,toy,recovery,28,627,manual,truth,100.7,101.5,1,,,,0,38.66,0.012,0.005,23,ready,9
2026-10-08 22:01:04.921,557.79,20261008_215147,toy,recovery,28,627,manual,truth,100.7,101.5,1,,,,0,38.66,0.011,0.005,22,ready,9
2026-10-08 22:01:05.142,558.01,20261008_215147,toy,recovery,28,627,manual,truth,102.3,69.7,1,,,,0,38.66,0.012,0.004,22,ready,9
2026-10-08 22:01:05.327,558.19,20261008_215147,toy,recovery,28,627,manual,truth,102.3,69.7,1,,,,0,38.66,0.012,0.004,22,ready,9
2026-10-08 22:01:05.544,558.41,20261008_215147,toy,recovery,28,627,manual,truth,102.3,69.7,1,,,,0,38.66,0.011,0.004,22,ready,9
2026-10-08 22:01:05.734,558.6,20261008_215147,toy,recovery,28,627,manual,truth,100.1,68.0,1,,,,0,38.66,0.011,0.004,22,ready,9
2026-10-08 22:01:05.942,558.81,20261008_215147,toy,recovery,28,627,manual,truth,100.1,68.0,1,,,,0,38.67,0.011,0.005,22,ready,9
2026-10-08 22:01:06.146,559.01,20261008_215147,toy,recovery,28,627,manual,truth,100.1,68.0,1,,,,0,38.67,0.012,0.004,22,ready,9
2026-10-08 22:01:06.354,559.22,20261008_215147,toy,recovery,28,627,manual,truth,100.1,67.7,1,,,,0,38.67,0.011,0.004,22,ready,9
2026-10-08 22:01:06.562,559.43,20261008_215147,toy,recovery,28,627,manual,truth,100.1,67.7,1,,,,0,38.67,0.01,0.004,22,ready,9
2026-10-08 22:01:06.768,559.63,20261008_215147,toy,recovery,28,627,manual,truth,100.1,67.7,1,,,,0,38.67,0.01,0.004,22,ready,9
2026-10-08 22:01:06.987,559.85,20261008_215147,toy,recovery,28,627,manual,truth,100.1,75.9,1,,,,0,38.67,0.014,0.005,22,ready,9
2026-10-08 22:01:07.188,560.05,20261008_215147,toy,rest,,,,,100.1,75.9,1,,,,0,38.68,0.025,0.008,22,ready,9
2026-10-08 22:01:07.388,560.25,20261008_215147,toy,rest,,,,,100.1,75.9,1,,,,0,38.68,0.034,0.021,22,ready,9
2026-10-08 22:01:07.594,560.46,20261008_215147,toy,rest,,,,,102.3,82.3,1,,,,0,38.68,0.051,0.028,22,ready,9
2026-10-08 22:01:07.802,560.67,20261008_215147,toy,rest,,,,,102.3,82.3,1,,,,0,38.67,0.054,0.028,23,ready,9
2026-10-08 22:01:08.003,560.87,20261008_215147,toy,rest,,,,,100.1,73.5,1,,,,0,38.67,0.222,0.277,24,ready,9
2026-10-08 22:01:08.220,561.09,20261008_215147,toy,rest,,,,,100.1,73.5,1,,,,0,38.67,0.324,0.458,26,ready,9
2026-10-08 22:01:08.419,561.29,20261008_215147,toy,rest,,,,,106.9,89.5,1,,,,0,38.67,0.379,0.863,29,ready,9
2026-10-08 22:01:08.624,561.49,20261008_215147,toy,rest,,,,,106.9,89.5,1,,,,0,38.67,0.393,0.787,32,ready,9
2026-10-08 22:01:08.835,561.7,20261008_215147,toy,rest,,,,,106.9,89.5,1,,,,0,38.68,0.363,0.714,33,ready,9
2026-10-08 22:01:09.038,561.9,20261008_215147,toy,rest,,,,,106.9,89.5,1,,,,0,38.68,0.332,0.649,35,ready,9
2026-10-08 22:01:09.244,562.11,20261008_215147,toy,rest,,,,,106.9,89.5,1,,,,0,38.68,0.306,0.62,35,ready,9
2026-10-08 22:01:09.453,562.32,20261008_215147,toy,rest,,,,,106.9,89.5,1,,,,0,38.69,0.296,0.582,36,ready,9
2026-10-08 22:01:09.657,562.52,20261008_215147,toy,rest,,,,,106.9,89.5,1,,,,0,38.69,1.02,0.743,41,ready,9
2026-10-08 22:01:09.876,562.74,20261008_215147,toy,rest,,,,,106.9,89.5,1,,,,0,38.69,1.14,0.724,46,ready,9
2026-10-08 22:01:10.067,562.93,20261008_215147,toy,rest,,,,,106.9,89.5,1,,,,0,38.69,1.042,0.659,50,ready,9
2026-10-08 22:01:10.272,563.14,20261008_215147,toy,rest,,,,,106.9,93.7,1,,,,0,38.69,0.943,0.6,53,ready,9
2026-10-08 22:01:10.484,563.35,20261008_215147,toy,rest,,,,,106.9,93.7,1,,,,0,38.69,0.853,0.545,55,ready,9
2026-10-08 22:01:10.686,563.55,20261008_215147,toy,rest,,,,,106.9,93.7,1,,,,0,38.69,0.772,0.495,57,ready,9
2026-10-08 22:01:11.306,564.17,20261008_215147,toy,rest,,,,,106.9,93.7,1,,,,0,38.69,0.699,0.45,57,ready,9
2026-10-08 22:01:11.307,564.17,20261008_215147,toy,rest,,,,,106.9,93.7,1,,,,0,38.69,0.633,0.408,57,ready,9
2026-10-08 22:01:11.308,564.17,20261008_215147,toy,rest,,,,,106.9,93.7,1,,,,0,38.7,0.573,0.37,56,ready,9
2026-10-08 22:01:11.511,564.38,20261008_215147,toy,rest,,,,,106.9,93.7,1,,,,0,38.69,0.519,0.334,55,ready,9
2026-10-08 22:01:11.718,564.58,20261008_215147,toy,rest,,,,,106.9,96.6,1,,,,0,38.69,0.469,0.303,54,ready,9
2026-10-08 22:01:11.923,564.79,20261008_215147,toy,rest,,,,,106.9,96.6,1,,,,0,38.71,0.425,0.274,52,ready,9
2026-10-08 22:01:12.124,564.99,20261008_215147,toy,rest,,,,,106.9,96.6,1,,,,0,38.69,0.385,0.248,51,ready,9
2026-10-08 22:01:12.346,565.21,20261008_215147,toy,rest,,,,,107.5,90.9,1,,,,0,38.69,0.35,0.225,49,ready,9
2026-10-08 22:01:12.537,565.4,20261008_215147,toy,rest,,,,,107.5,90.9,1,,,,0,38.7,0.317,0.205,47,ready,9
2026-10-08 22:01:12.745,565.61,20261008_215147,toy,rest,,,,,107.5,90.9,1,,,,0,38.69,0.289,0.188,46,ready,9
2026-10-08 22:01:12.951,565.82,20261008_215147,toy,rest,,,,,107.5,90.9,1,,,,0,38.69,0.272,0.175,44,ready,9
2026-10-08 22:01:13.156,566.02,20261008_215147,toy,rest,,,,,107.5,90.9,1,,,,0,38.69,0.249,0.163,43,ready,9
2026-10-08 22:01:13.362,566.23,20261008_215147,toy,rest,,,,,107.5,90.9,1,,,,0,38.69,0.227,0.149,41,ready,9
2026-10-08 22:01:14.125,566.99,20261008_215147,toy,rest,,,,,107.5,89.2,1,,,,0,38.69,0.205,0.136,40,ready,9
2026-10-08 22:01:14.141,567.01,20261008_215147,toy,rest,,,,,107.5,89.2,1,,,,0,38.69,0.186,0.124,39,ready,9
2026-10-08 22:01:14.142,567.01,20261008_215147,toy,rest,,,,,107.5,89.2,1,,,,0,38.69,0.169,0.113,37,ready,9
2026-10-08 22:01:14.191,567.06,20261008_215147,toy,rest,,,,,107.5,89.2,1,,,,0,38.69,0.153,0.102,36,ready,9
2026-10-08 22:01:14.404,567.27,20261008_215147,toy,rest,,,,,107.5,89.2,1,,,,0,38.69,0.128,0.085,34,ready,9
2026-10-08 22:01:14.601,567.47,20261008_215147,toy,rest,,,,,107.5,89.2,1,,,,0,38.69,0.12,0.078,34,ready,9
2026-10-08 22:01:14.811,567.68,20261008_215147,toy,rest,,,,,107.5,94.5,1,,,,0,38.69,0.113,0.073,33,ready,9
2026-10-08 22:01:15.017,567.88,20261008_215147,toy,rest,,,,,107.5,94.5,1,,,,0,38.69,0.105,0.068,32,ready,9
2026-10-08 22:01:15.222,568.09,20261008_215147,toy,rest,,,,,111.3,95.5,1,,,,0,38.69,0.103,0.064,32,ready,9
2026-10-08 22:01:15.432,568.3,20261008_215147,toy,rest,,,,,111.3,95.5,1,,,,0,38.69,0.095,0.058,32,ready,9
2026-10-08 22:01:15.636,568.5,20261008_215147,toy,rest,,,,,111.3,95.5,1,,,,0,38.69,0.093,0.054,32,ready,9
2026-10-08 22:01:15.859,568.73,20261008_215147,toy,rest,,,,,111.3,97.6,1,,,,0,38.69,0.143,0.084,32,ready,9
2026-10-08 22:01:16.054,568.92,20261008_215147,toy,rest,,,,,111.3,97.6,1,,,,0,38.7,0.14,0.084,32,ready,9
2026-10-08 22:01:16.254,569.12,20261008_215147,toy,rest,,,,,118.8,103.5,1,,,,0,38.7,0.138,0.089,33,ready,9
2026-10-08 22:01:16.466,569.33,20261008_215147,toy,rest,,,,,118.8,103.5,1,,,,0,38.7,0.141,0.092,34,ready,9
2026-10-08 22:01:16.728,569.59,20261008_215147,toy,rest,,,,,118.8,103.5,1,,,,0,38.7,0.134,0.085,34,ready,9
2026-10-08 22:01:16.934,569.8,20261008_215147,toy,rest,,,,,121.9,104.5,1,,,,0,38.7,0.124,0.092,35,ready,9
2026-10-08 22:01:17.141,570.01,20261008_215147,toy,rest,,,,,121.9,104.5,1,,,,0,38.7,0.122,0.09,36,ready,9
2026-10-08 22:01:17.341,570.21,20261008_215147,toy,rest,,,,,121.9,104.5,1,,,,0,38.7,0.157,0.118,37,ready,9
2026-10-08 22:01:17.537,570.4,20261008_215147,toy,rest,,,,,121.9,104.5,1,,,,0,38.7,0.152,0.108,37,ready,9
2026-10-08 22:01:17.753,570.62,20261008_215147,toy,rest,,,,,121.9,104.5,1,,,,0,38.7,0.143,0.1,38,ready,9
2026-10-08 22:01:17.956,570.82,20261008_215147,toy,rest,,,,,121.9,104.5,1,,,,0,38.71,0.132,0.093,38,ready,9
2026-10-08 22:01:18.161,571.03,20261008_215147,toy,rest,,,,,121.9,104.5,1,,,,0,38.71,0.121,0.085,38,ready,9
2026-10-08 22:01:18.372,571.24,20261008_215147,toy,rest,,,,,121.9,104.5,1,,,,0,38.71,0.11,0.077,38,ready,9
2026-10-08 22:01:18.537,571.4,20261008_215147,toy,rest,,,,,121.9,104.5,1,,,,0,38.71,0.101,0.072,38,ready,9
2026-10-08 22:01:20.643,573.51,20261008_215147,toy,rest,,,,,,,1,,,,0,38.68,0.039,0.026,20,ready,9
2026-10-08 22:01:20.838,573.7,20261008_215147,toy,rest,,,,,,,1,,,,0,38.68,0.037,0.024,19,ready,9
2026-10-08 22:01:21.048,573.91,20261008_215147,toy,rest,,,,,,,1,,,,0,38.69,0.034,0.022,18,ready,9
2026-10-08 22:01:21.251,574.12,20261008_215147,toy,rest,,,,,,,1,,,,0,38.69,0.031,0.02,18,ready,9
2026-10-08 22:01:21.457,574.32,20261008_215147,toy,rest,,,,,,,1,,,,0,38.69,0.028,0.018,17,ready,9
2026-10-08 22:01:21.670,574.54,20261008_215147,toy,rest,,,,,,,1,,,,0,38.67,0.026,0.016,16,ready,9
2026-10-08 22:01:21.875,574.74,20261008_215147,toy,rest,,,,,,,1,,,,0,38.67,0.024,0.015,16,ready,9
2026-10-08 22:01:22.079,574.94,20261008_215147,toy,rest,,,,,,,1,,,,0,38.68,0.023,0.014,16,ready,9
2026-10-08 22:01:22.345,575.21,20261008_215147,toy,rest,,,,,,,1,,,,0,38.68,0.023,0.013,15,ready,9
2026-10-08 22:01:22.549,575.42,20261008_215147,toy,rest,,,,,,,1,,,,0,38.68,0.021,0.012,15,ready,9
2026-10-08 22:01:22.700,575.57,20261008_215147,toy,rest,,,,,,,1,,,,0,38.68,0.037,0.017,15,ready,9
2026-10-08 22:01:22.969,575.84,20261008_215147,toy,rest,,,,,72.8,,1,,,,0,38.68,0.078,0.025,15,ready,9
2026-10-08 22:01:23.114,575.98,20261008_215147,toy,rest,,,,,72.8,,1,,,,0,38.68,0.073,0.03,14,ready,9
2026-10-08 22:01:23.317,576.18,20261008_215147,toy,rest,,,,,74.3,,1,,,,0,38.68,0.067,0.029,14,ready,9
2026-10-08 22:01:23.574,576.44,20261008_215147,toy,rest,,,,,74.3,,1,,,,0,38.68,0.062,0.029,14,ready,9
2026-10-08 22:01:23.730,576.6,20261008_215147,toy,rest,,,,,74.3,,1,,,,0,38.69,0.058,0.027,14,ready,9
2026-10-08 22:01:23.937,576.8,20261008_215147,toy,rest,,,,,74.3,,1,,,,0,38.69,0.055,0.025,13,ready,9
2026-10-08 22:01:24.145,577.01,20261008_215147,toy,rest,,,,,73.7,,1,,,,0,38.69,0.05,0.023,13,ready,9
2026-10-08 22:01:24.354,577.22,20261008_215147,toy,recovery,29,628,manual,truth,73.7,,1,,,,0,38.69,0.046,0.022,13,ready,8
2026-10-08 22:01:24.558,577.42,20261008_215147,toy,question,29,628,manual,truth,73.7,,1,,,,0,38.7,0.042,0.02,13,question,9
2026-10-08 22:01:24.767,577.63,20261008_215147,toy,question,29,628,manual,truth,74.3,,1,,,,0,38.71,0.038,0.019,13,question,8
2026-10-08 22:01:25.243,578.11,20261008_215147,toy,question,29,628,manual,truth,74.3,,1,,,,0,38.71,0.035,0.017,13,question,9
2026-10-08 22:01:25.243,578.11,20261008_215147,toy,question,29,628,manual,truth,74.3,,1,,,,0,38.71,0.032,0.016,13,question,9
2026-10-08 22:01:25.402,578.27,20261008_215147,toy,question,29,628,manual,truth,74.3,,1,,,,0,38.71,0.029,0.014,13,question,9
2026-10-08 22:01:25.631,578.5,20261008_215147,toy,question,29,628,manual,truth,74.3,,1,,,,0,38.71,0.027,0.013,12,question,9
2026-10-08 22:01:25.850,578.72,20261008_215147,toy,question,29,628,manual,truth,73.1,355.2,1,,,,0,38.7,0.025,0.012,12,question,9
2026-10-08 22:01:26.015,578.88,20261008_215147,toy,question,29,628,manual,truth,73.1,355.2,1,,,,0,38.68,0.024,0.011,12,question,8
2026-10-08 22:01:26.215,579.08,20261008_215147,toy,question,29,628,manual,truth,73.1,355.2,1,,,,0,38.68,0.023,0.01,12,question,8
2026-10-08 22:01:26.419,579.28,20261008_215147,toy,question,29,628,manual,truth,98.6,357.6,1,,,,0,38.68,0.022,0.01,14,question,9
2026-10-08 22:01:26.644,579.51,20261008_215147,toy,question,29,628,manual,truth,98.6,357.6,1,,,,0,38.69,0.019,0.008,16,question,9
2026-10-08 22:01:26.832,579.7,20261008_215147,toy,question,29,628,manual,truth,98.6,326.5,1,,,,0,38.69,0.018,0.008,17,question,9
2026-10-08 22:01:27.037,579.9,20261008_215147,toy,question,29,628,manual,truth,98.6,326.5,1,,,,0,38.7,0.017,0.007,18,question,8
2026-10-08 22:01:27.382,580.25,20261008_215147,toy,question,29,628,manual,truth,98.6,326.5,1,,,,0,38.7,0.016,0.007,18,question,8
2026-10-08 22:01:27.451,580.32,20261008_215147,toy,question,29,628,manual,truth,99.2,302.3,1,,,,0,38.7,0.016,0.007,19,question,8
2026-10-08 22:01:27.656,580.52,20261008_215147,toy,question,29,628,manual,truth,99.2,302.3,1,,,,0,38.7,0.015,0.007,19,question,8
2026-10-08 22:01:27.863,580.73,20261008_215147,toy,question,29,628,manual,truth,99.2,302.3,1,,,,0,38.7,0.015,0.006,19,question,8
2026-10-08 22:01:28.082,580.95,20261008_215147,toy,question,29,628,manual,truth,99.2,282.8,1,,,,0,38.71,0.015,0.006,20,question,8
2026-10-08 22:01:28.271,581.14,20261008_215147,toy,question,29,628,manual,truth,99.2,282.8,1,,,,0,38.71,0.016,0.007,20,question,8
2026-10-08 22:01:28.477,581.34,20261008_215147,toy,question,29,628,manual,truth,99.2,282.8,1,,,,0,38.71,0.016,0.007,20,question,8
2026-10-08 22:01:28.681,581.55,20261008_215147,toy,question,29,628,manual,truth,99.2,282.8,1,,,,0,38.71,0.018,0.008,20,question,8
2026-10-08 22:01:28.886,581.75,20261008_215147,toy,question,29,628,manual,truth,99.2,282.8,1,,,,0,38.72,0.023,0.013,21,question,8
2026-10-08 22:01:29.102,581.97,20261008_215147,toy,question,29,628,manual,truth,99.2,282.8,1,,,,0,38.72,0.024,0.013,21,question,8
2026-10-08 22:01:29.297,582.16,20261008_215147,toy,question,29,628,manual,truth,99.2,282.8,1,,,,0,38.72,0.026,0.013,21,question,8
2026-10-08 22:01:29.510,582.38,20261008_215147,toy,question,29,628,manual,truth,99.2,282.8,1,,,,0,38.72,0.025,0.012,21,question,8
2026-10-08 22:01:29.715,582.58,20261008_215147,toy,question,29,628,manual,truth,99.2,282.8,1,,,,0,38.72,0.026,0.012,21,question,8
2026-10-08 22:01:29.921,582.79,20261008_215147,toy,question,29,628,manual,truth,99.3,282.8,1,,,,0,38.72,0.025,0.011,21,question,8
2026-10-08 22:01:30.129,582.99,20261008_215147,toy,question,29,628,manual,truth,99.3,282.8,1,,,,0,38.69,0.024,0.01,21,question,8
2026-10-08 22:01:30.332,583.2,20261008_215147,toy,question,29,628,manual,truth,99.3,282.8,1,,,,0,38.7,0.024,0.011,21,question,8
2026-10-08 22:01:30.536,583.4,20261008_215147,toy,question,29,628,manual,truth,99.2,266.6,1,,,,0,38.7,0.026,0.012,21,question,8
2026-10-08 22:01:30.744,583.61,20261008_215147,toy,question,29,628,manual,truth,99.2,266.6,1,,,,0,38.7,0.026,0.012,21,question,8
2026-10-08 22:01:30.947,583.81,20261008_215147,toy,question,29,628,manual,truth,99.2,266.6,1,,,,0,38.71,0.027,0.012,21,question,8
2026-10-08 22:01:31.156,584.02,20261008_215147,toy,question,29,628,manual,truth,99.2,252.9,1,,,,0,38.72,0.025,0.011,21,question,8
2026-10-08 22:01:31.362,584.23,20261008_215147,toy,question,29,628,manual,truth,99.2,252.9,1,,,,0,38.72,0.024,0.011,21,question,8
2026-10-08 22:01:31.567,584.43,20261008_215147,toy,question,29,628,manual,truth,99.2,252.9,1,,,,0,38.72,0.024,0.01,21,question,8
2026-10-08 22:01:31.776,584.64,20261008_215147,toy,question,29,628,manual,truth,99.2,252.9,1,,,,0,38.72,0.023,0.009,21,question,8
2026-10-08 22:01:31.979,584.85,20261008_215147,toy,question,29,628,manual,truth,99.2,252.9,1,,,,0,38.72,0.021,0.009,21,question,8
2026-10-08 22:01:32.187,585.05,20261008_215147,toy,question,29,628,manual,truth,99.2,252.9,1,,,,0,38.72,0.021,0.008,21,question,8
2026-10-08 22:01:32.393,585.26,20261008_215147,toy,question,29,628,manual,truth,,,1,,,,0,38.72,0.02,0.008,20,question,8
2026-10-08 22:01:32.597,585.46,20261008_215147,toy,question,29,628,manual,truth,,,1,,,,0,38.72,0.02,0.008,19,question,8
2026-10-08 22:01:32.804,585.67,20261008_215147,toy,question,29,628,manual,truth,,,1,,,,0,38.73,0.025,0.013,18,question,8
2026-10-08 22:01:33.012,585.88,20261008_215147,toy,question,29,628,manual,truth,118.8,,1,,,,0,38.73,0.024,0.017,20,question,8
2026-10-08 22:01:33.217,586.08,20261008_215147,toy,question,29,628,manual,truth,118.8,,1,,,,0,38.73,0.027,0.022,22,question,8
2026-10-08 22:01:33.427,586.29,20261008_215147,toy,question,29,628,manual,truth,107.5,,1,,,,0,38.73,0.023,0.019,24,question,8
2026-10-08 22:01:33.631,586.5,20261008_215147,toy,question,29,628,manual,truth,107.5,,1,,,,0,38.73,0.023,0.018,25,question,8
2026-10-08 22:01:33.837,586.7,20261008_215147,toy,question,29,628,manual,truth,107.5,,1,,,,0,38.73,0.021,0.016,25,question,8
2026-10-08 22:01:34.044,586.91,20261008_215147,toy,question,29,628,manual,truth,105.4,,1,,,,0,38.73,0.02,0.015,25,question,8
2026-10-08 22:01:34.249,587.12,20261008_215147,toy,question,29,628,manual,truth,105.4,,1,,,,0,38.74,0.02,0.014,25,question,8
2026-10-08 22:01:34.449,587.32,20261008_215147,toy,question,29,628,manual,truth,105.4,,1,,,,0,38.74,0.021,0.015,24,question,8
2026-10-08 22:01:34.658,587.52,20261008_215147,toy,question,29,628,manual,truth,103.4,131.7,1,,,,0,38.74,0.024,0.015,24,question,8
2026-10-08 22:01:35.241,588.11,20261008_215147,toy,question,29,628,manual,truth,103.4,131.7,1,,,,0,38.74,0.022,0.016,24,question,8
2026-10-08 22:01:35.243,588.11,20261008_215147,toy,question,29,628,manual,truth,103.4,131.7,1,,,,0,38.74,0.022,0.015,24,question,8
2026-10-08 22:01:35.279,588.15,20261008_215147,toy,question,29,628,manual,truth,103.4,123.3,1,,,,0,38.74,0.021,0.013,24,question,8
2026-10-08 22:01:35.478,588.34,20261008_215147,toy,question,29,628,manual,truth,103.4,123.3,1,,,,0,38.74,0.02,0.012,24,question,8
2026-10-08 22:01:35.687,588.55,20261008_215147,toy,question,29,628,manual,truth,103.4,123.3,1,,,,0,38.74,0.018,0.011,24,question,8
2026-10-08 22:01:35.899,588.76,20261008_215147,toy,question,29,628,manual,truth,103.4,114.6,1,,,,0,38.74,0.017,0.01,24,question,8
2026-10-08 22:01:36.098,588.96,20261008_215147,toy,question,29,628,manual,truth,103.4,114.6,1,,,,0,38.74,0.016,0.01,23,question,8
2026-10-08 22:01:36.303,589.17,20261008_215147,toy,recovery,29,628,manual,truth,103.4,114.6,1,,,,0,38.73,0.016,0.01,23,ready,8
2026-10-08 22:01:36.510,589.38,20261008_215147,toy,recovery,29,628,manual,truth,103.4,114.6,1,,,,0,38.74,0.015,0.01,23,ready,8
2026-10-08 22:01:36.714,589.58,20261008_215147,toy,recovery,29,628,manual,truth,103.4,114.6,1,,,,0,38.74,0.021,0.012,23,ready,8
2026-10-08 22:01:36.919,589.79,20261008_215147,toy,recovery,29,628,manual,truth,103.4,114.6,1,,,,0,38.74,0.022,0.014,23,ready,8
2026-10-08 22:01:37.127,589.99,20261008_215147,toy,recovery,29,628,manual,truth,103.4,114.6,1,,,,0,38.74,0.021,0.013,23,ready,8
2026-10-08 22:01:37.335,590.2,20261008_215147,toy,recovery,29,628,manual,truth,103.4,114.6,1,,,,0,38.73,0.019,0.012,23,ready,8
2026-10-08 22:01:37.607,590.47,20261008_215147,toy,recovery,29,628,manual,truth,103.4,114.6,1,,,,0,38.73,0.019,0.012,23,ready,8
2026-10-08 22:01:37.746,590.61,20261008_215147,toy,recovery,29,628,manual,truth,103.4,114.6,1,,,,0,38.73,0.02,0.011,23,ready,8
2026-10-08 22:01:37.956,590.82,20261008_215147,toy,recovery,29,628,manual,truth,103.4,114.6,1,,,,0,38.73,0.022,0.012,23,ready,8
2026-10-08 22:01:38.215,591.08,20261008_215147,toy,recovery,29,628,manual,truth,103.4,114.6,1,,,,0,38.73,0.022,0.018,23,ready,8
2026-10-08 22:01:38.420,591.29,20261008_215147,toy,recovery,29,628,manual,truth,103.4,114.6,1,,,,0,38.73,0.022,0.026,23,ready,8
2026-10-08 22:01:38.579,591.45,20261008_215147,toy,recovery,29,628,manual,truth,103.4,114.6,1,,,,0,38.73,0.064,0.057,24,ready,8
2026-10-08 22:01:38.776,591.64,20261008_215147,toy,recovery,29,628,manual,truth,103.4,114.6,1,,,,0,38.73,0.07,0.066,24,ready,8
2026-10-08 22:01:38.985,591.85,20261008_215147,toy,recovery,29,628,manual,truth,103.4,114.6,1,,,,0,38.73,0.065,0.061,24,ready,8
2026-10-08 22:01:39.189,592.05,20261008_215147,toy,recovery,29,628,manual,truth,103.4,114.6,1,,,,0,38.73,0.059,0.056,24,ready,8
2026-10-08 22:01:39.445,592.31,20261008_215147,toy,rest,,,,,107.3,114.6,1,,,,0,38.73,0.054,0.052,25,ready,8
2026-10-08 22:01:39.608,592.47,20261008_215147,toy,rest,,,,,107.3,114.6,1,,,,0,38.73,0.049,0.047,25,ready,8
2026-10-08 22:01:39.813,592.68,20261008_215147,toy,rest,,,,,108.3,107.2,1,,,,0,38.73,0.045,0.042,25,ready,8
2026-10-08 22:01:40.016,592.88,20261008_215147,toy,rest,,,,,108.3,107.2,1,,,,0,38.7,0.041,0.039,26,ready,8
2026-10-08 22:01:40.225,593.09,20261008_215147,toy,rest,,,,,108.3,107.2,1,,,,0,38.71,0.037,0.035,26,ready,8
2026-10-08 22:01:40.429,593.3,20261008_215147,toy,rest,,,,,108.3,107.2,1,,,,0,38.71,0.034,0.032,26,ready,8
2026-10-08 22:01:40.635,593.5,20261008_215147,toy,rest,,,,,108.3,107.2,1,,,,0,38.71,0.031,0.029,26,ready,8
2026-10-08 22:01:40.841,593.71,20261008_215147,toy,rest,,,,,108.3,107.2,1,,,,0,38.71,0.029,0.026,26,ready,8
2026-10-08 22:01:41.064,593.93,20261008_215147,toy,rest,,,,,108.3,107.2,1,,,,0,38.72,0.027,0.024,26,ready,8
2026-10-08 22:01:41.256,594.12,20261008_215147,toy,rest,,,,,108.3,107.2,1,,,,0,38.7,0.023,0.02,26,ready,8
2026-10-08 22:01:41.467,594.33,20261008_215147,toy,rest,,,,,107.3,107.2,1,,,,0,38.71,0.022,0.018,26,ready,8
2026-10-08 22:01:41.665,594.53,20261008_215147,toy,rest,,,,,107.3,107.2,1,,,,0,38.71,0.02,0.017,26,ready,8
2026-10-08 22:01:41.880,594.75,20261008_215147,toy,rest,,,,,107.3,107.2,1,,,,0,38.72,0.019,0.015,26,ready,8
2026-10-08 22:01:42.081,594.95,20261008_215147,toy,rest,,,,,107.3,100.3,1,,,,0,38.72,0.034,0.02,26,ready,8
2026-10-08 22:01:42.285,595.15,20261008_215147,toy,rest,,,,,107.3,100.3,1,,,,0,38.72,0.038,0.023,26,ready,8
2026-10-08 22:01:42.495,595.36,20261008_215147,toy,rest,,,,,136.5,79.8,1,,,,0,38.73,0.037,0.022,29,ready,8
2026-10-08 22:01:42.698,595.56,20261008_215147,toy,rest,,,,,136.5,79.8,1,,,,0,38.73,0.034,0.02,32,ready,8
2026-10-08 22:01:42.906,595.77,20261008_215147,toy,rest,,,,,138.3,76.2,1,,,,0,38.73,0.031,0.019,34,ready,8
2026-10-08 22:01:43.109,595.98,20261008_215147,toy,rest,,,,,138.3,76.2,1,,,,0,38.74,0.029,0.017,36,ready,8
2026-10-08 22:01:43.315,596.18,20261008_215147,toy,rest,,,,,138.3,82.3,1,,,,0,38.74,0.028,0.016,38,ready,8
2026-10-08 22:01:43.530,596.4,20261008_215147,toy,rest,,,,,138.3,82.3,1,,,,0,38.74,0.027,0.015,39,ready,8
2026-10-08 22:01:43.732,596.6,20261008_215147,toy,rest,,,,,138.3,82.3,1,,,,0,38.74,0.026,0.015,40,ready,8
2026-10-08 22:01:43.930,596.8,20261008_215147,toy,rest,,,,,138.3,82.3,1,,,,0,38.74,0.024,0.014,41,ready,8
2026-10-08 22:01:44.141,597.01,20261008_215147,toy,rest,,,,,138.3,82.3,1,,,,0,38.74,0.023,0.013,41,ready,9
2026-10-08 22:01:44.347,597.21,20261008_215147,toy,rest,,,,,138.3,82.3,1,,,,0,38.74,0.021,0.012,42,ready,8
2026-10-08 22:01:44.553,597.42,20261008_215147,toy,rest,,,,,138.3,82.3,1,,,,0,38.75,0.022,0.012,42,ready,8
2026-10-08 22:01:44.759,597.62,20261008_215147,toy,rest,,,,,138.3,82.3,1,,,,0,38.75,0.022,0.012,43,ready,8
2026-10-08 22:01:44.972,597.84,20261008_215147,toy,rest,,,,,138.3,82.3,1,,,,0,38.75,0.022,0.011,43,ready,8
2026-10-08 22:01:45.170,598.04,20261008_215147,toy,rest,,,,,,,1,,,,0,38.75,0.021,0.011,38,ready,8
2026-10-08 22:01:45.392,598.26,20261008_215147,toy,rest,,,,,,,1,,,,0,38.75,0.02,0.01,33,ready,8
2026-10-08 22:01:45.581,598.45,20261008_215147,toy,recovery,30,629,manual,lie,,,1,,,,0,38.75,0.019,0.009,30,ready,8
2026-10-08 22:01:45.780,598.65,20261008_215147,toy,question,30,629,manual,lie,102.9,,1,,,,0,38.76,0.018,0.008,28,question,8
2026-10-08 22:01:46.016,598.88,20261008_215147,toy,question,30,629,manual,lie,102.9,,1,,,,0,38.75,0.016,0.008,27,question,8
2026-10-08 22:01:46.195,599.06,20261008_215147,toy,question,30,629,manual,lie,102.9,,1,,,,0,38.75,0.015,0.007,27,question,9
2026-10-08 22:01:46.407,599.27,20261008_215147,toy,question,30,629,manual,lie,101.8,,1,,,,0,38.76,0.017,0.007,26,question,9
2026-10-08 22:01:46.611,599.48,20261008_215147,toy,question,30,629,manual,lie,101.8,,1,,,,0,38.76,0.017,0.007,25,question,9
2026-10-08 22:01:48.708,601.57,20261008_215147,toy,question,30,629,manual,lie,101.8,80.2,1,,,,0,38.77,0.02,0.009,23,question,9
2026-10-08 22:01:48.907,601.77,20261008_215147,toy,question,30,629,manual,lie,101.8,80.2,1,,,,0,38.77,0.021,0.008,23,question,9
2026-10-08 22:01:49.111,601.98,20261008_215147,toy,question,30,629,manual,lie,101.8,80.2,1,,,,0,38.77,0.02,0.008,23,question,9
2026-10-08 22:01:49.330,602.2,20261008_215147,toy,question,30,629,manual,lie,100.2,89.6,1,,,,0,38.77,0.02,0.008,22,question,9
2026-10-08 22:01:49.523,602.39,20261008_215147,toy,question,30,629,manual,lie,100.2,89.6,1,,,,0,38.77,0.019,0.007,22,question,9
2026-10-08 22:01:49.999,602.86,20261008_215147,toy,question,30,629,manual,lie,100.2,89.6,1,,,,0,38.78,0.019,0.007,22,question,9
2026-10-08 22:01:50.001,602.87,20261008_215147,toy,question,30,629,manual,lie,100.2,89.6,1,,,,0,38.78,0.018,0.007,22,question,9
2026-10-08 22:01:50.142,603.01,20261008_215147,toy,question,30,629,manual,lie,100.2,89.6,1,,,,0,38.78,0.017,0.006,22,question,9
2026-10-08 22:01:50.368,603.23,20261008_215147,toy,question,30,629,manual,lie,107.1,89.6,1,,,,0,38.78,0.016,0.006,22,question,9
2026-10-08 22:01:50.559,603.43,20261008_215147,toy,question,30,629,manual,lie,107.1,89.6,1,,,,0,38.79,0.017,0.006,23,question,9
2026-10-08 22:01:50.763,603.63,20261008_215147,toy,question,30,629,manual,lie,107.1,89.6,1,,,,0,38.79,0.017,0.006,23,question,9
2026-10-08 22:01:50.970,603.84,20261008_215147,toy,question,30,629,manual,lie,107.1,83.3,1,,,,0,38.79,0.021,0.01,24,question,9
2026-10-08 22:01:51.172,604.04,20261008_215147,toy,question,30,629,manual,lie,107.1,83.3,1,,,,0,38.79,0.03,0.017,24,question,9
2026-10-08 22:01:51.380,604.25,20261008_215147,toy,question,30,629,manual,lie,107.1,87.9,1,,,,0,38.79,0.028,0.016,24,question,9
2026-10-08 22:01:51.589,604.46,20261008_215147,toy,question,30,629,manual,lie,107.1,87.9,1,,,,0,38.79,0.029,0.015,24,question,9
2026-10-08 22:01:51.791,604.66,20261008_215147,toy,question,30,629,manual,lie,111.1,83.1,1,,,,0,38.79,0.027,0.015,25,question,9
2026-10-08 22:01:51.997,604.86,20261008_215147,toy,question,30,629,manual,lie,111.1,83.1,1,,,,0,38.8,0.025,0.014,25,question,9
2026-10-08 22:01:52.198,605.06,20261008_215147,toy,question,30,629,manual,lie,111.1,83.1,1,,,,0,38.8,0.024,0.012,26,question,9
2026-10-08 22:01:52.789,605.66,20261008_215147,toy,question,30,629,manual,lie,111.1,83.1,1,,,,0,38.8,0.023,0.012,26,question,8
2026-10-08 22:01:52.825,605.69,20261008_215147,toy,question,30,629,manual,lie,111.1,87.1,1,,,,0,38.8,0.021,0.011,26,question,8
2026-10-08 22:01:53.028,605.89,20261008_215147,toy,question,30,629,manual,lie,111.1,87.1,1,,,,0,38.79,0.021,0.01,27,question,8
2026-10-08 22:01:53.246,606.11,20261008_215147,toy,question,30,629,manual,lie,111.1,87.1,1,,,,0,38.79,0.02,0.009,27,question,8
2026-10-08 22:01:53.442,606.31,20261008_215147,toy,question,30,629,manual,lie,111.1,88.2,1,,,,0,38.79,0.018,0.009,27,question,9
2026-10-08 22:01:53.641,606.51,20261008_215147,toy,question,30,629,manual,lie,111.1,88.2,1,,,,0,38.79,0.017,0.008,27,question,9
2026-10-08 22:01:53.862,606.73,20261008_215147,toy,question,30,629,manual,lie,111.1,88.2,1,,,,0,38.8,0.017,0.008,27,question,8
2026-10-08 22:01:54.054,606.92,20261008_215147,toy,question,30,629,manual,lie,106.4,88.7,1,,,,0,38.8,0.015,0.007,26,question,8
2026-10-08 22:01:54.258,607.12,20261008_215147,toy,question,30,629,manual,lie,106.4,88.7,1,,,,0,38.8,0.015,0.007,26,question,8
2026-10-08 22:01:54.472,607.34,20261008_215147,toy,question,30,629,manual,lie,106.4,88.7,1,,,,0,38.8,0.014,0.008,26,question,8
2026-10-08 22:01:54.671,607.54,20261008_215147,toy,question,30,629,manual,lie,101.0,68.2,1,,,,0,38.8,0.017,0.008,25,question,8
2026-10-08 22:01:54.881,607.75,20261008_215147,toy,question,30,629,manual,lie,101.0,68.2,1,,,,0,38.8,0.016,0.007,25,question,8
2026-10-08 22:01:55.087,607.95,20261008_215147,toy,question,30,629,manual,lie,101.0,71.5,1,,,,0,38.8,0.016,0.007,24,question,8
2026-10-08 22:01:55.296,608.16,20261008_215147,toy,question,30,629,manual,lie,101.0,71.5,1,,,,0,38.8,0.016,0.006,23,question,8
2026-10-08 22:01:55.523,608.39,20261008_215147,toy,question,30,629,manual,lie,101.0,71.5,1,,,,0,38.8,0.015,0.006,23,question,8
2026-10-08 22:01:55.939,608.81,20261008_215147,toy,question,30,629,manual,lie,101.0,68.6,1,,,,0,38.81,0.014,0.006,23,question,8
2026-10-08 22:01:55.940,608.81,20261008_215147,toy,question,30,629,manual,lie,101.0,68.6,1,,,,0,38.8,0.014,0.006,23,question,8
2026-10-08 22:01:56.118,608.98,20261008_215147,toy,question,30,629,manual,lie,101.0,68.6,1,,,,0,38.8,0.013,0.005,22,question,8
2026-10-08 22:01:56.321,609.19,20261008_215147,toy,question,30,629,manual,lie,103.6,54.9,1,,,,0,38.8,0.012,0.005,23,question,8
2026-10-08 22:01:56.531,609.4,20261008_215147,toy,question,30,629,manual,lie,103.6,54.9,1,,,,0,38.8,0.011,0.005,23,question,8
2026-10-08 22:01:56.737,609.6,20261008_215147,toy,question,30,629,manual,lie,103.6,54.9,1,,,,0,38.8,0.011,0.005,23,question,8
2026-10-08 22:01:56.956,609.82,20261008_215147,toy,question,30,629,manual,lie,101.3,52.3,1,,,,0,38.8,0.01,0.005,23,question,8
2026-10-08 22:01:57.159,610.03,20261008_215147,toy,question,30,629,manual,lie,101.3,52.3,1,,,,0,38.8,0.011,0.005,22,question,8
2026-10-08 22:01:57.364,610.23,20261008_215147,toy,question,30,629,manual,lie,101.3,52.3,1,,,,0,38.81,0.011,0.005,22,question,8
2026-10-08 22:01:57.574,610.44,20261008_215147,toy,recovery,30,629,manual,lie,101.3,52.3,1,,,,0,38.81,0.012,0.005,22,ready,8
2026-10-08 22:01:57.763,610.63,20261008_215147,toy,recovery,30,629,manual,lie,101.3,52.3,1,,,,0,38.81,0.012,0.005,22,ready,8
2026-10-08 22:01:57.970,610.84,20261008_215147,toy,recovery,30,629,manual,lie,101.3,52.3,1,,,,0,38.81,0.012,0.004,22,ready,8
2026-10-08 22:01:58.191,611.06,20261008_215147,toy,recovery,30,629,manual,lie,101.3,52.3,1,,,,0,38.79,0.011,0.004,22,ready,9
2026-10-08 22:01:58.381,611.25,20261008_215147,toy,recovery,30,629,manual,lie,101.3,52.3,1,,,,0,38.8,0.01,0.004,22,ready,9
2026-10-08 22:01:58.586,611.45,20261008_215147,toy,recovery,30,629,manual,lie,103.6,54.7,1,,,,0,38.8,0.012,0.004,22,ready,9
2026-10-08 22:01:58.793,611.66,20261008_215147,toy,recovery,30,629,manual,lie,103.6,54.7,1,,,,0,38.8,0.012,0.004,22,ready,9
2026-10-08 22:01:59.001,611.87,20261008_215147,toy,recovery,30,629,manual,lie,103.6,54.7,1,,,,0,38.8,0.011,0.004,22,ready,9
2026-10-08 22:01:59.212,612.08,20261008_215147,toy,recovery,30,629,manual,lie,103.6,41.5,1,,,,0,38.8,0.011,0.004,23,ready,9
2026-10-08 22:01:59.419,612.28,20261008_215147,toy,recovery,30,629,manual,lie,103.6,41.5,1,,,,0,38.77,0.018,0.005,23,ready,8
2026-10-08 22:01:59.623,612.49,20261008_215147,toy,recovery,30,629,manual,lie,103.6,41.5,1,,,,0,38.78,0.021,0.005,23,ready,8
2026-10-08 22:01:59.830,612.7,20261008_215147,toy,recovery,30,629,manual,lie,103.6,42.0,1,,,,0,38.78,0.023,0.005,23,ready,8
2026-10-08 22:02:00.034,612.9,20261008_215147,toy,recovery,30,629,manual,lie,103.6,42.0,1,,,,0,38.79,0.024,0.009,23,ready,8
2026-10-08 22:02:00.246,613.11,20261008_215147,toy,recovery,30,629,manual,lie,103.6,42.0,1,,,,0,38.79,0.025,0.013,23,ready,8
2026-10-08 22:02:00.450,613.32,20261008_215147,toy,rest,,,,,103.7,41.1,1,,,,0,38.8,0.023,0.013,23,ready,8
2026-10-08 22:02:00.659,613.53,20261008_215147,toy,rest,,,,,103.7,41.1,1,,,,0,38.8,0.025,0.012,23,ready,8
2026-10-08 22:02:00.863,613.73,20261008_215147,toy,rest,,,,,104.4,51.7,1,,,,0,38.8,0.032,0.016,23,ready,9
2026-10-08 22:02:01.072,613.94,20261008_215147,toy,rest,,,,,104.4,51.7,1,,,,0,38.81,0.033,0.015,24,ready,9
2026-10-08 22:02:01.282,614.15,20261008_215147,toy,rest,,,,,104.4,51.7,1,,,,0,38.81,0.031,0.014,24,ready,9
2026-10-08 22:02:01.488,614.35,20261008_215147,toy,rest,,,,,104.4,51.7,1,,,,0,38.8,0.029,0.013,24,ready,9
2026-10-08 22:02:01.959,614.83,20261008_215147,toy,rest,,,,,103.7,99.7,1,,,,0,38.8,0.028,0.012,24,ready,9
2026-10-08 22:02:01.960,614.83,20261008_215147,toy,rest,,,,,103.7,99.7,1,,,,0,38.81,0.025,0.011,24,ready,9
2026-10-08 22:02:02.111,614.98,20261008_215147,toy,rest,,,,,102.1,108.5,1,,,,0,38.81,0.028,0.011,24,ready,9
2026-10-08 22:02:02.310,615.18,20261008_215147,toy,rest,,,,,102.1,108.5,1,,,,0,38.81,0.027,0.012,23,ready,9
2026-10-08 22:02:02.518,615.38,20261008_215147,toy,rest,,,,,102.1,108.5,1,,,,0,38.81,0.025,0.012,23,ready,9
2026-10-08 22:02:02.987,615.85,20261008_215147,toy,rest,,,,,102.1,107.3,1,,,,0,38.82,0.024,0.012,23,ready,9
2026-10-08 22:02:02.988,615.85,20261008_215147,toy,rest,,,,,102.1,107.3,1,,,,0,38.81,0.022,0.011,23,ready,9
2026-10-08 22:02:03.140,616.01,20261008_215147,toy,rest,,,,,102.1,117.9,1,,,,0,38.81,0.021,0.011,23,ready,9
2026-10-08 22:02:03.335,616.2,20261008_215147,toy,rest,,,,,102.1,117.9,1,,,,0,38.81,0.02,0.01,23,ready,9
2026-10-08 22:02:03.540,616.41,20261008_215147,toy,rest,,,,,102.1,117.9,1,,,,0,38.82,0.019,0.01,23,ready,8
2026-10-08 22:02:03.750,616.62,20261008_215147,toy,rest,,,,,102.1,117.9,1,,,,0,38.82,0.018,0.009,23,ready,8
2026-10-08 22:02:04.031,616.9,20261008_215147,toy,rest,,,,,102.1,117.9,1,,,,0,38.82,0.016,0.009,23,ready,8
2026-10-08 22:02:04.163,617.03,20261008_215147,toy,rest,,,,,102.1,117.9,1,,,,0,38.82,0.015,0.009,23,ready,8
2026-10-08 22:02:04.370,617.24,20261008_215147,toy,rest,,,,,102.1,117.9,1,,,,0,38.82,0.017,0.008,23,ready,8
2026-10-08 22:02:04.575,617.44,20261008_215147,toy,rest,,,,,101.6,123.9,1,,,,0,38.82,0.016,0.008,23,ready,8
2026-10-08 22:02:04.785,617.65,20261008_215147,toy,rest,,,,,101.6,123.9,1,,,,0,38.78,0.015,0.008,22,ready,8
2026-10-08 22:02:04.997,617.86,20261008_215147,toy,rest,,,,,101.6,123.9,1,,,,0,38.78,0.014,0.007,22,ready,8
2026-10-08 22:02:05.202,618.07,20261008_215147,toy,rest,,,,,101.6,123.9,1,,,,0,38.79,0.016,0.007,22,ready,9
2026-10-08 22:02:05.422,618.29,20261008_215147,toy,rest,,,,,101.6,123.9,1,,,,0,38.79,0.014,0.007,22,ready,8
2026-10-08 22:02:05.610,618.48,20261008_215147,toy,rest,,,,,101.6,123.9,1,,,,0,38.79,0.134,0.096,23,ready,8
2026-10-08 22:02:06.102,618.97,20261008_215147,toy,rest,,,,,101.6,123.9,1,,,,0,38.8,0.242,0.436,25,ready,8
2026-10-08 22:02:06.102,618.97,20261008_215147,toy,rest,,,,,101.6,123.9,1,,,,0,38.8,0.259,0.708,26,ready,8
2026-10-08 22:02:06.232,619.1,20261008_215147,toy,rest,,,,,101.6,123.9,1,,,,0,38.8,0.262,0.902,27,ready,8
2026-10-08 22:02:06.458,619.32,20261008_215147,toy,rest,,,,,101.6,123.9,1,,,,0,38.8,0.269,0.874,29,ready,8
2026-10-08 22:02:06.927,619.79,20261008_215147,toy,rest,,,,,101.6,123.9,1,,,,0,38.8,0.605,1.183,33,ready,9
2026-10-08 22:02:06.928,619.79,20261008_215147,toy,rest,,,,,101.6,123.9,1,,,,0,38.8,0.627,1.106,36,ready,9
2026-10-08 22:02:07.072,619.94,20261008_215147,toy,rest,,,,,101.6,123.9,1,,,,0,38.78,0.584,1.005,39,ready,8
2026-10-08 22:02:07.272,620.14,20261008_215147,toy,rest,,,,,101.6,123.9,1,,,,0,38.78,0.532,0.92,40,ready,8
2026-10-08 22:02:07.483,620.35,20261008_215147,toy,rest,,,,,101.6,123.9,1,,,,0,38.78,0.507,0.839,41,ready,8
2026-10-08 22:02:07.685,620.55,20261008_215147,toy,rest,,,,,101.6,123.9,1,,,,0,38.78,0.501,0.77,42,ready,9
2026-10-08 22:02:07.892,620.76,20261008_215147,toy,rest,,,,,101.6,139.1,1,,,,0,38.75,0.456,0.697,42,ready,8
2026-10-08 22:02:08.092,620.96,20261008_215147,toy,rest,,,,,101.6,139.1,1,,,,0,38.75,0.415,0.633,42,ready,8
2026-10-08 22:02:08.301,621.17,20261008_215147,toy,rest,,,,,101.6,139.1,1,,,,0,38.75,0.376,0.573,41,ready,8
2026-10-08 22:02:08.510,621.38,20261008_215147,toy,rest,,,,,101.6,142.9,1,,,,0,38.76,0.308,0.469,40,ready,8
2026-10-08 22:02:08.715,621.58,20261008_215147,toy,rest,,,,,101.6,142.9,1,,,,0,38.77,0.279,0.425,39,ready,8
2026-10-08 22:02:10.807,623.67,20261008_215147,toy,rest,,,,,99.4,110.7,1,,,,0,38.78,0.104,0.156,28,ready,8
2026-10-08 22:02:10.998,623.86,20261008_215147,toy,rest,,,,,99.4,110.7,1,,,,0,38.78,0.095,0.142,27,ready,8
2026-10-08 22:02:11.203,624.07,20261008_215147,toy,rest,,,,,99.4,110.7,1,,,,0,38.79,0.086,0.128,27,ready,8
2026-10-08 22:02:11.412,624.28,20261008_215147,toy,rest,,,,,99.4,110.7,1,,,,0,38.79,0.078,0.116,26,ready,8
2026-10-08 22:02:11.617,624.48,20261008_215147,toy,rest,,,,,99.4,110.7,1,,,,0,38.79,0.072,0.105,26,ready,8
2026-10-08 22:02:11.823,624.69,20261008_215147,toy,rest,,,,,99.4,110.7,1,,,,0,38.79,0.065,0.095,25,ready,8
2026-10-08 22:02:12.033,624.9,20261008_215147,toy,rest,,,,,99.4,110.7,1,,,,0,38.79,0.059,0.086,25,ready,8
2026-10-08 22:02:12.235,625.1,20261008_215147,toy,rest,,,,,99.4,110.7,1,,,,0,38.79,0.054,0.078,24,ready,8
2026-10-08 22:02:12.442,625.31,20261008_215147,toy,rest,,,,,99.4,110.7,1,,,,0,38.8,0.049,0.07,24,ready,8
2026-10-08 22:02:12.646,625.51,20261008_215147,toy,rest,,,,,99.4,110.7,1,,,,0,38.8,0.045,0.064,24,ready,8
2026-10-08 22:02:12.853,625.72,20261008_215147,toy,rest,,,,,99.4,110.7,1,,,,0,38.8,0.042,0.058,23,ready,8
2026-10-08 22:02:13.057,625.92,20261008_215147,toy,rest,,,,,99.4,110.7,1,,,,0,38.8,0.046,0.053,23,ready,8
2026-10-08 22:02:13.265,626.13,20261008_215147,toy,rest,,,,,99.4,110.7,1,,,,0,38.8,0.079,0.056,23,ready,8
2026-10-08 22:02:13.472,626.34,20261008_215147,toy,rest,,,,,99.4,110.7,1,,,,0,38.78,0.105,0.064,24,ready,8
2026-10-08 22:02:13.988,626.85,20261008_215147,toy,rest,,,,,,,1,,,,0,38.78,0.111,0.078,24,ready,8
2026-10-08 22:02:13.988,626.85,20261008_215147,toy,rest,,,,,,,1,,,,0,38.78,0.148,0.141,25,ready,8
2026-10-08 22:02:14.087,626.95,20261008_215147,toy,rest,,,,,,,1,,,,0,38.78,0.199,0.217,29,ready,8
2026-10-08 22:02:14.310,627.18,20261008_215147,toy,rest,,,,,,,1,,,,0,38.78,0.21,0.283,32,ready,8
2026-10-08 22:02:14.495,627.36,20261008_215147,toy,rest,,,,,,,1,,,,0,38.75,0.226,0.261,35,ready,8
2026-10-08 22:02:14.706,627.57,20261008_215147,toy,rest,,,,,67.6,,1,,,,0,38.75,0.223,0.262,31,ready,8
2026-10-08 22:02:14.915,627.78,20261008_215147,toy,rest,,,,,67.6,,1,,,,0,38.76,0.244,0.241,28,ready,8
2026-10-08 22:02:15.119,627.98,20261008_215147,toy,rest,,,,,72.8,,1,,,,0,38.76,0.27,0.491,27,ready,8
2026-10-08 22:02:15.325,628.19,20261008_215147,toy,rest,,,,,72.8,,1,,,,0,38.77,0.551,0.572,27,ready,8
2026-10-08 22:02:15.528,628.39,20261008_215147,toy,rest,,,,,72.8,,1,,,,0,38.77,0.916,1.012,30,ready,8
2026-10-08 22:02:15.734,628.6,20261008_215147,toy,rest,,,,,81.1,,1,,,,0,38.77,0.923,0.919,33,ready,8
2026-10-08 22:02:15.945,628.81,20261008_215147,toy,rest,,,,,81.1,,1,,,,0,38.77,0.828,0.794,39,ready,8
2026-10-08 22:02:16.208,629.07,20261008_215147,toy,rest,,,,,91.6,316.0,1,,,,0,38.77,0.763,0.745,41,ready,9
2026-10-08 22:02:16.352,629.22,20261008_215147,toy,rest,,,,,91.6,316.0,1,,,,0,38.77,0.698,0.679,43,ready,9
2026-10-08 22:02:16.562,629.43,20261008_215147,toy,rest,,,,,91.6,316.0,1,,,,0,38.77,0.72,0.656,44,ready,9
2026-10-08 22:02:16.766,629.63,20261008_215147,toy,rest,,,,,91.6,316.0,1,,,,0,38.77,0.719,0.633,45,ready,8
2026-10-08 22:02:16.972,629.84,20261008_215147,toy,rest,,,,,91.6,316.0,1,,,,0,38.77,0.66,0.576,46,ready,8
2026-10-08 22:02:17.182,630.05,20261008_215147,toy,rest,,,,,91.6,316.0,1,,,,0,38.77,0.604,0.53,46,ready,9
2026-10-08 22:02:17.394,630.26,20261008_215147,toy,rest,,,,,91.6,316.0,1,,,,0,38.77,0.557,0.482,45,ready,9
2026-10-08 22:02:17.592,630.46,20261008_215147,toy,rest,,,,,91.6,316.0,1,,,,0,38.78,0.507,0.44,44,ready,9
2026-10-08 22:02:17.797,630.66,20261008_215147,toy,rest,,,,,91.6,316.0,1,,,,0,38.76,0.461,0.402,43,ready,9
2026-10-08 22:02:18.002,630.87,20261008_215147,toy,rest,,,,,91.6,284.5,1,,,,0,38.77,0.423,0.37,41,ready,9
2026-10-08 22:02:18.212,631.08,20261008_215147,toy,rest,,,,,91.6,284.5,1,,,,0,38.77,0.414,0.36,40,ready,9
2026-10-08 22:02:18.419,631.29,20261008_215147,toy,rest,,,,,91.6,284.5,1,,,,0,38.77,0.382,0.338,39,ready,9
2026-10-08 22:02:18.625,631.49,20261008_215147,toy,rest,,,,,91.6,284.5,1,,,,0,38.77,0.347,0.308,37,ready,9
2026-10-08 22:02:18.824,631.69,20261008_215147,toy,rest,,,,,91.6,284.5,1,,,,0,38.77,0.315,0.282,36,ready,9
2026-10-08 22:02:19.075,631.94,20261008_215147,toy,rest,,,,,91.6,284.5,1,,,,0,38.77,0.287,0.259,34,ready,9
2026-10-08 22:02:19.242,632.11,20261008_215147,toy,rest,,,,,91.6,284.5,1,,,,0,38.78,0.261,0.236,33,ready,9
2026-10-08 22:02:19.448,632.31,20261008_215147,toy,rest,,,,,91.6,284.5,1,,,,0,38.78,0.239,0.215,32,ready,9
2026-10-08 22:02:19.661,632.53,20261008_215147,toy,rest,,,,,91.6,284.5,1,,,,0,38.78,0.271,0.199,31,ready,9
2026-10-08 22:02:19.862,632.73,20261008_215147,toy,rest,,,,,91.6,284.5,1,,,,0,38.78,0.281,0.188,31,ready,9
2026-10-08 22:02:20.098,632.96,20261008_215147,toy,rest,,,,,91.6,284.5,1,,,,0,38.78,0.307,0.176,30,ready,9
2026-10-08 22:02:20.269,633.14,20261008_215147,toy,rest,,,,,91.6,284.5,1,,,,0,38.78,0.285,0.16,30,ready,9
2026-10-08 22:02:20.476,633.34,20261008_215147,toy,rest,,,,,91.6,284.5,1,,,,0,38.78,0.281,0.154,30,ready,9
2026-10-08 22:02:20.714,633.58,20261008_215147,toy,rest,,,,,91.6,284.5,1,,,,0,38.79,0.27,0.147,29,ready,9
2026-10-08 22:02:20.891,633.76,20261008_215147,toy,rest,,,,,98.6,261.1,1,,,,0,38.79,0.25,0.137,29,ready,9
2026-10-08 22:02:21.096,633.96,20261008_215147,toy,rest,,,,,98.6,261.1,1,,,,0,38.79,0.229,0.127,29,ready,9
2026-10-08 22:02:21.295,634.16,20261008_215147,toy,rest,,,,,112.7,241.8,1,,,,0,38.8,0.21,0.116,31,ready,9
2026-10-08 22:02:21.531,634.4,20261008_215147,toy,rest,,,,,112.7,241.8,1,,,,0,38.8,0.193,0.106,32,ready,9
2026-10-08 22:02:21.713,634.58,20261008_215147,toy,rest,,,,,125.2,226.4,1,,,,0,38.8,0.657,0.147,39,ready,9
2026-10-08 22:02:21.917,634.78,20261008_215147,toy,rest,,,,,125.2,226.4,1,,,,0,38.8,0.62,0.149,44,ready,9
2026-10-08 22:02:22.125,634.99,20261008_215147,toy,rest,,,,,128.5,217.0,1,,,,0,38.79,0.589,0.159,48,ready,9
2026-10-08 22:02:22.325,635.19,20261008_215147,toy,rest,,,,,128.5,217.0,1,,,,0,38.79,0.557,0.148,52,ready,9
2026-10-08 22:02:22.524,635.39,20261008_215147,toy,rest,,,,,,,0,,,,0,38.79,0.676,0.193,60,ready,9
2026-10-08 22:02:22.738,635.6,20261008_215147,toy,rest,,,,,,,0,,,,0,38.79,0.809,0.303,67,ready,9
2026-10-08 22:02:22.943,635.81,20261008_215147,toy,rest,,,,,,,0,,,,0,38.78,0.755,0.305,78,ready,9
2026-10-08 22:02:23.147,636.01,20261008_215147,toy,rest,,,,,,,0,,,,0,38.78,0.725,0.298,82,ready,9
2026-10-08 22:02:23.354,636.22,20261008_215147,toy,rest,,,,,,,0,1.099,0.494,0.605,1,38.77,0.669,0.411,85,ready,63
2026-10-08 22:02:23.563,636.43,20261008_215147,toy,rest,,,,,,,0,1.867,0.51,1.357,1,38.76,0.651,0.507,87,ready,86
2026-10-08 22:02:23.764,636.63,20261008_215147,toy,rest,,,,,,,0,1.743,0.528,1.215,1,38.76,0.616,0.54,89,ready,95
2026-10-08 22:02:23.968,636.83,20261008_215147,toy,rest,,,,,,,0,1.444,0.54,0.904,1,38.75,0.613,0.543,90,ready,108
2026-10-08 22:02:24.296,637.16,20261008_215147,toy,rest,,,,,,,0,1.822,0.556,1.266,1,38.74,0.595,0.584,91,ready,136
2026-10-08 22:02:24.383,637.25,20261008_215147,toy,rest,,,,,,,0,2.116,0.576,1.54,1,38.73,0.63,0.753,92,ready,163
2026-10-08 22:02:24.843,637.71,20261008_215147,toy,rest,,,,,,,0,2.372,0.599,1.773,1,38.72,0.971,0.814,94,ready,192
2026-10-08 22:02:24.844,637.71,20261008_215147,toy,rest,,,,,,,0,2.177,0.621,1.556,1,38.71,0.935,0.783,95,ready,203
2026-10-08 22:02:24.986,637.85,20261008_215147,toy,rest,,,,,,,0,1.577,0.636,0.941,1,38.7,0.866,0.718,96,ready,217
2026-10-08 22:02:25.185,638.05,20261008_215147,toy,rest,,,,,,,0,2.464,0.655,1.809,1,38.69,0.921,0.675,96,ready,272
2026-10-08 22:02:25.385,638.25,20261008_215147,toy,rest,,,,,,,0,5.948,0.708,5.241,1,38.68,0.878,0.629,97,ready,299
2026-10-08 22:02:25.586,638.45,20261008_215147,toy,rest,,,,,,,0,4.057,0.758,3.298,1,38.67,0.879,0.572,97,ready,288
2026-10-08 22:02:25.793,638.66,20261008_215147,toy,rest,,,,,,,0,2.505,0.786,1.719,1,38.67,0.918,0.552,98,ready,277
2026-10-08 22:02:26.087,638.95,20261008_215147,toy,rest,,,,,,,1,,,,0,38.66,0.913,0.503,98,ready,266
2026-10-08 22:02:26.208,639.07,20261008_215147,toy,rest,,,,,,,1,,,,0,38.68,0.828,0.459,98,ready,256
2026-10-08 22:02:26.416,639.28,20261008_215147,toy,rest,,,,,,,1,,,,0,38.67,0.749,0.421,98,ready,246
2026-10-08 22:02:26.613,639.48,20261008_215147,toy,rest,,,,,,,1,,,,0,38.66,0.678,0.384,98,ready,237
2026-10-08 22:02:26.817,639.68,20261008_215147,toy,rest,,,,,,,1,,,,0,38.65,0.613,0.348,98,ready,228
2026-10-08 22:02:27.024,639.89,20261008_215147,toy,rest,,,,,,,1,,,,0,38.65,0.555,0.316,97,ready,219
2026-10-08 22:02:27.233,640.1,20261008_215147,toy,rest,,,,,,,1,,,,0,38.64,0.502,0.286,96,ready,211
2026-10-08 22:02:27.443,640.31,20261008_215147,toy,rest,,,,,,,1,,,,0,38.63,0.455,0.259,95,ready,203
2026-10-08 22:02:27.650,640.52,20261008_215147,toy,rest,,,,,,,1,,,,0,38.63,0.411,0.234,93,ready,196
2026-10-08 22:02:27.899,640.76,20261008_215147,toy,rest,,,,,,,1,,,,0,38.63,0.372,0.212,90,ready,188
2026-10-08 22:02:28.071,640.94,20261008_215147,toy,rest,,,,,,,1,,,,0,38.62,0.337,0.192,87,ready,181
2026-10-08 22:02:28.265,641.13,20261008_215147,toy,rest,,,,,,,1,,,,0,38.62,0.305,0.174,83,ready,174
2026-10-08 22:02:28.470,641.34,20261008_215147,toy,rest,,,,,,,1,,,,0,38.62,0.276,0.157,79,ready,168
2026-10-08 22:02:28.677,641.54,20261008_215147,toy,rest,,,,,,,1,,,,0,38.61,0.25,0.142,74,ready,162
2026-10-08 22:02:28.897,641.76,20261008_215147,toy,rest,,,,,,,1,,,,0,38.61,0.226,0.129,70,ready,156
2026-10-08 22:02:29.093,641.96,20261008_215147,toy,rest,,,,,,,1,,,,0,38.61,0.204,0.117,65,ready,150
2026-10-08 22:02:29.315,642.18,20261008_215147,toy,rest,,,,,,,1,,,,0,38.61,0.185,0.106,61,ready,144
2026-10-08 22:02:29.874,642.74,20261008_215147,toy,rest,,,,,,,1,,,,0,38.58,0.167,0.096,56,ready,139
2026-10-08 22:02:29.875,642.74,20261008_215147,toy,rest,,,,,,,1,,,,0,38.58,0.151,0.086,52,ready,134
2026-10-08 22:02:29.952,642.82,20261008_215147,toy,rest,,,,,,,1,,,,0,38.59,0.137,0.078,48,ready,129
2026-10-08 22:02:30.125,642.99,20261008_215147,toy,rest,,,,,,,1,,,,0,38.59,0.124,0.071,44,ready,124
2026-10-08 22:02:30.740,643.61,20261008_215147,toy,rest,,,,,,,1,,,,0,38.59,0.112,0.064,41,ready,120
2026-10-08 22:02:30.740,643.61,20261008_215147,toy,rest,,,,,,,1,,,,0,38.61,0.102,0.058,38,ready,115
2026-10-08 22:02:30.762,643.63,20261008_215147,toy,rest,,,,,,,1,,,,0,38.6,0.092,0.053,35,ready,111
2026-10-08 22:02:31.006,643.87,20261008_215147,toy,rest,,,,,,,1,,,,0,38.6,0.075,0.043,30,ready,103
2026-10-08 22:02:31.223,644.09,20261008_215147,toy,rest,,,,,,,1,,,,0,38.6,0.068,0.039,28,ready,100
2026-10-08 22:02:31.428,644.29,20261008_215147,toy,rest,,,,,100.8,,1,,,,0,38.6,0.062,0.035,28,ready,96
2026-10-08 22:02:32.225,645.09,20261008_215147,toy,rest,,,,,100.8,,1,,,,0,38.59,0.051,0.029,26,ready,89
2026-10-08 22:02:32.226,645.09,20261008_215147,toy,rest,,,,,100.0,,1,,,,0,38.6,0.429,0.09,29,ready,86
2026-10-08 22:02:32.227,645.09,20261008_215147,toy,rest,,,,,100.0,,1,,,,0,38.59,0.433,0.116,31,ready,83
2026-10-08 22:02:32.392,645.26,20261008_215147,toy,rest,,,,,100.0,,1,,,,0,38.58,0.778,0.272,36,ready,80
2026-10-08 22:02:32.597,645.46,20261008_215147,toy,rest,,,,,,,0,,,,0,38.58,0.777,0.336,48,ready,77
2026-10-08 22:02:32.798,645.66,20261008_215147,toy,rest,,,,,,,0,,,,0,38.58,0.733,0.328,57,ready,75
2026-10-08 22:02:33.009,645.88,20261008_215147,toy,rest,,,,,,,0,,,,0,38.58,0.686,0.373,64,ready,72
2026-10-08 22:02:33.212,646.08,20261008_215147,toy,rest,,,,,,,0,,,,0,38.58,0.668,0.385,70,ready,70
2026-10-08 22:02:33.422,646.29,20261008_215147,toy,rest,,,,,,,0,,,,0,38.57,0.625,0.517,75,ready,67
2026-10-08 22:02:33.623,646.49,20261008_215147,toy,rest,,,,,,,0,,,,0,38.57,0.66,0.616,79,ready,65
2026-10-08 22:02:33.853,646.72,20261008_215147,toy,rest,,,,,,,0,,,,0,38.57,0.675,0.882,83,ready,63
2026-10-08 22:02:34.041,646.91,20261008_215147,toy,rest,,,,,,,0,,,,0,38.57,0.656,1.122,86,ready,61
2026-10-08 22:02:34.245,647.11,20261008_215147,toy,rest,,,,,,,0,,,,0,38.56,0.669,1.146,88,ready,59
2026-10-08 22:02:34.453,647.32,20261008_215147,toy,rest,,,,,,,0,,,,0,38.56,0.663,1.087,90,ready,57
2026-10-08 22:02:34.661,647.53,20261008_215147,toy,rest,,,,,,,0,,,,0,38.55,0.62,1.034,91,ready,55
2026-10-08 22:02:34.866,647.73,20261008_215147,toy,rest,,,,,,,0,,,,0,38.51,0.583,0.959,92,ready,53
2026-10-08 22:02:35.532,648.4,20261008_215147,toy,rest,,,,,,,0,,,,0,38.48,0.679,0.925,94,ready,49
2026-10-08 22:02:35.534,648.4,20261008_215147,toy,rest,,,,,,,0,,,,0,38.47,0.635,0.844,95,ready,48
2026-10-08 22:02:35.694,648.56,20261008_215147,toy,rest,,,,,,,0,,,,0,38.45,0.581,0.774,95,ready,46
2026-10-08 22:02:35.898,648.76,20261008_215147,toy,rest,,,,,,,0,,,,0,38.44,0.602,0.718,95,ready,45
2026-10-08 22:02:36.103,648.97,20261008_215147,toy,rest,,,,,,,0,,,,0,38.43,0.596,0.659,95,ready,43
2026-10-08 22:02:36.312,649.18,20261008_215147,toy,rest,,,,,,,0,,,,0,38.42,0.545,0.607,95,ready,42
2026-10-08 22:02:36.516,649.38,20261008_215147,toy,rest,,,,,,,0,,,,0,38.42,0.501,0.549,94,ready,41
2026-10-08 22:02:36.723,649.59,20261008_215147,toy,rest,,,,,,,0,,,,0,38.41,0.465,0.5,93,ready,40
2026-10-08 22:02:36.932,649.8,20261008_215147,toy,rest,,,,,,,0,,,,0,38.41,0.427,0.453,92,ready,38
2026-10-08 22:02:37.144,650.01,20261008_215147,toy,rest,,,,,,,0,,,,0,38.41,0.359,0.376,87,ready,36
2026-10-08 22:02:37.407,650.27,20261008_215147,toy,rest,,,,,,,0,,,,0,38.4,0.334,0.343,85,ready,35
2026-10-08 22:02:37.553,650.42,20261008_215147,toy,rest,,,,,,,0,,,,0,38.41,0.305,0.312,81,ready,34
2026-10-08 22:02:37.757,650.62,20261008_215147,toy,rest,,,,,,,0,,,,0,38.42,0.276,0.283,77,ready,33
2026-10-08 22:02:37.963,650.83,20261008_215147,toy,rest,,,,,,,0,,,,0,38.43,0.252,0.257,73,ready,32
2026-10-08 22:02:38.174,651.04,20261008_215147,toy,rest,,,,,,,0,,,,0,38.44,0.23,0.235,69,ready,31
2026-10-08 22:02:38.376,651.24,20261008_215147,toy,rest,,,,,,,0,,,,0,38.45,0.215,0.215,65,ready,30
2026-10-08 22:02:38.581,651.45,20261008_215147,toy,rest,,,,,,,0,,,,0,38.46,0.197,0.197,61,ready,29
2026-10-08 22:02:38.787,651.65,20261008_215147,toy,rest,,,,,,,0,,,,0,38.48,0.183,0.182,57,ready,29
2026-10-08 22:02:38.992,651.86,20261008_215147,toy,rest,,,,,,,0,,,,0,38.48,0.167,0.167,53,ready,28
2026-10-08 22:02:39.192,652.06,20261008_215147,toy,rest,,,,,,,0,,,,0,38.48,0.156,0.152,50,ready,27
2026-10-08 22:02:39.402,652.27,20261008_215147,toy,rest,,,,,,,0,,,,0,38.49,0.182,0.177,48,ready,26
2026-10-08 22:02:39.613,652.48,20261008_215147,toy,rest,,,,,,,0,,,,0,38.5,0.211,0.244,48,ready,26
2026-10-08 22:02:39.862,652.73,20261008_215147,toy,rest,,,,,,,0,,,,0,38.52,0.211,0.264,47,ready,25
2026-10-08 22:02:40.022,652.89,20261008_215147,toy,rest,,,,,,,0,,,,0,38.53,0.208,0.241,47,ready,24
2026-10-08 22:02:40.227,653.09,20261008_215147,toy,rest,,,,,,,0,,,,0,38.54,0.19,0.219,46,ready,24
2026-10-08 22:02:40.434,653.3,20261008_215147,toy,rest,,,,,,,0,,,,0,38.55,0.177,0.199,44,ready,23
2026-10-08 22:02:40.643,653.51,20261008_215147,toy,rest,,,,,,,0,,,,0,38.55,0.166,0.18,43,ready,23
2026-10-08 22:02:40.851,653.72,20261008_215147,toy,rest,,,,,,,0,,,,0,38.56,0.155,0.165,41,ready,22
2026-10-08 22:02:41.057,653.92,20261008_215147,toy,rest,,,,,,,0,,,,0,38.57,0.158,0.169,40,ready,21
2026-10-08 22:02:41.262,654.13,20261008_215147,toy,rest,,,,,,,0,,,,0,38.57,0.167,0.172,39,ready,21
2026-10-08 22:02:41.472,654.34,20261008_215147,toy,rest,,,,,,,0,,,,0,38.58,0.164,0.161,39,ready,20
2026-10-08 22:02:41.677,654.54,20261008_215147,toy,rest,,,,,,,0,,,,0,38.58,0.156,0.149,38,ready,20
2026-10-08 22:02:41.886,654.75,20261008_215147,toy,rest,,,,,,,0,,,,0,38.59,0.143,0.135,37,ready,20
2026-10-08 22:02:42.088,654.95,20261008_215147,toy,rest,,,,,,,0,,,,0,38.6,0.134,0.125,35,ready,19
2026-10-08 22:02:42.292,655.16,20261008_215147,toy,rest,,,,,,,0,,,,0,38.6,0.159,0.122,35,ready,19
2026-10-08 22:02:42.497,655.36,20261008_215147,toy,rest,,,,,,,0,,,,0,38.6,0.162,0.13,35,ready,18
2026-10-08 22:02:42.701,655.57,20261008_215147,toy,rest,,,,,,,0,,,,0,38.61,0.148,0.135,35,ready,18
2026-10-08 22:02:44.938,657.8,20261008_215147,toy,rest,,,,,,,0,,,,0,38.65,0.095,0.1,26,ready,15
