time_iso,t_sec,run_id,subject,phase,question_no,watch_qid,mode,label,hr_bpm,hrv_ms,ppg_contact,gsr_us,gsr_tonic_us,gsr_phasic_us,gsr_contact,skin_temp_c,tremor_ms2,motion_ms2,stress_index,engine_state,battery_mv
2026-10-08 13:47:06.006,0.13,20261008_134705,วิว,rest,,,,,84.5,,1,,,,0,37.95,0.049,0.031,,idle,8
2026-10-08 13:47:06.206,0.33,20261008_134705,วิว,rest,,,,,84.5,,1,,,,0,37.95,0.049,0.031,,idle,8
2026-10-08 13:47:06.410,0.53,20261008_134705,วิว,rest,,,,,84.5,,1,,,,0,37.91,0.049,0.031,,idle,8
2026-10-08 13:47:06.615,0.74,20261008_134705,วิว,rest,,,,,84.5,,1,,,,0,37.9,0.049,0.031,,idle,8
2026-10-08 13:47:06.821,0.94,20261008_134705,วิว,rest,,,,,84.5,,1,,,,0,37.91,0.049,0.031,,idle,8
2026-10-08 13:47:07.018,1.14,20261008_134705,วิว,rest,,,,,84.5,,1,,,,0,37.92,0.049,0.031,,idle,8
2026-10-08 13:47:07.226,1.35,20261008_134705,วิว,rest,,,,,84.5,,1,,,,0,37.93,0.049,0.031,,idle,8
2026-10-08 13:47:07.426,1.55,20261008_134705,วิว,rest,,,,,84.5,,1,,,,0,37.93,0.049,0.031,,idle,8
2026-10-08 13:47:07.628,1.75,20261008_134705,วิว,rest,,,,,84.5,,1,,,,0,37.93,0.049,0.031,,idle,8
2026-10-08 13:47:07.836,1.96,20261008_134705,วิว,rest,,,,,84.5,,1,,,,0,37.94,0.049,0.031,,idle,8
2026-10-08 13:47:08.037,2.16,20261008_134705,วิว,rest,,,,,84.5,,1,,,,0,37.94,0.049,0.031,,idle,8
2026-10-08 13:47:08.241,2.36,20261008_134705,วิว,rest,,,,,84.5,,1,,,,0,37.95,0.049,0.031,,idle,8
2026-10-08 13:47:08.446,2.57,20261008_134705,วิว,rest,,,,,84.5,,1,,,,0,37.95,0.049,0.031,,idle,8
2026-10-08 13:47:08.648,2.77,20261008_134705,วิว,rest,,,,,84.5,,1,,,,0,37.95,0.049,0.031,,idle,8
2026-10-08 13:47:08.853,2.97,20261008_134705,วิว,rest,,,,,84.5,,1,,,,0,37.95,0.049,0.031,,idle,8
2026-10-08 13:47:09.059,3.18,20261008_134705,วิว,rest,,,,,84.5,,1,,,,0,37.96,0.049,0.031,,idle,8
2026-10-08 13:47:09.257,3.38,20261008_134705,วิว,rest,,,,,84.5,,1,,,,0,37.96,0.049,0.031,,idle,8
2026-10-08 13:47:09.459,3.58,20261008_134705,วิว,rest,,,,,84.5,,1,,,,0,37.96,0.049,0.031,,idle,8
2026-10-08 13:47:09.664,3.78,20261008_134705,วิว,rest,,,,,84.5,,1,,,,0,37.96,0.049,0.031,,idle,8
2026-10-08 13:47:09.866,3.99,20261008_134705,วิว,rest,,,,,84.5,,1,,,,0,37.96,0.049,0.031,,idle,8
2026-10-08 13:47:10.066,4.19,20261008_134705,วิว,baseline,,,,,84.5,,1,,,,0,37.96,0.049,0.031,,baseline,8
2026-10-08 13:47:10.271,4.39,20261008_134705,วิว,baseline,,,,,84.5,,1,,,,0,37.97,0.049,0.031,,baseline,8
2026-10-08 13:47:10.484,4.61,20261008_134705,วิว,baseline,,,,,84.5,,1,,,,0,37.97,0.049,0.031,,baseline,8
2026-10-08 13:47:10.677,4.8,20261008_134705,วิว,baseline,,,,,84.5,,1,,,,0,37.97,0.049,0.031,,baseline,8
2026-10-08 13:47:10.880,5.0,20261008_134705,วิว,baseline,,,,,84.5,,1,,,,0,37.97,0.049,0.031,,baseline,8
2026-10-08 13:47:11.090,5.21,20261008_134705,วิว,baseline,,,,,84.5,,1,,,,0,37.97,0.049,0.031,,baseline,8
2026-10-08 13:47:11.289,5.41,20261008_134705,วิว,baseline,,,,,84.5,,1,,,,0,37.9,0.049,0.031,,baseline,8
2026-10-08 13:47:11.490,5.61,20261008_134705,วิว,baseline,,,,,84.5,,1,,,,0,37.91,0.049,0.031,,baseline,8
2026-10-08 13:47:11.695,5.82,20261008_134705,วิว,baseline,,,,,84.5,,1,,,,0,37.92,0.049,0.031,,baseline,8
2026-10-08 13:47:11.897,6.02,20261008_134705,วิว,baseline,,,,,84.5,,1,,,,0,37.93,0.049,0.031,,baseline,8
2026-10-08 13:47:14.025,8.15,20261008_134705,วิว,baseline,,,,,84.5,,1,,,,0,37.97,0.049,0.031,,baseline,8
2026-10-08 13:47:14.216,8.34,20261008_134705,วิว,baseline,,,,,84.5,,1,,,,0,37.97,0.049,0.031,,baseline,8
2026-10-08 13:47:14.422,8.54,20261008_134705,วิว,baseline,,,,,84.5,,1,,,,0,37.98,0.049,0.031,,baseline,8
2026-10-08 13:47:14.623,8.74,20261008_134705,วิว,baseline,,,,,84.5,,1,,,,0,37.98,0.049,0.031,,baseline,8
2026-10-08 13:47:14.833,8.95,20261008_134705,วิว,baseline,,,,,84.5,,1,,,,0,37.98,0.049,0.031,,baseline,8
2026-10-08 13:47:15.038,9.16,20261008_134705,วิว,baseline,,,,,84.5,,1,,,,0,37.98,0.049,0.031,,baseline,8
2026-10-08 13:47:15.235,9.36,20261008_134705,วิว,baseline,,,,,84.5,,1,,,,0,37.99,0.049,0.031,,baseline,8
2026-10-08 13:47:15.435,9.56,20261008_134705,วิว,baseline,,,,,84.5,,1,,,,0,37.99,0.049,0.031,,baseline,8
2026-10-08 13:47:15.642,9.76,20261008_134705,วิว,baseline,,,,,84.5,,1,,,,0,37.99,0.049,0.031,,baseline,8
2026-10-08 13:47:15.843,9.96,20261008_134705,วิว,baseline,,,,,84.5,,1,,,,0,38.0,0.049,0.031,,baseline,8
2026-10-08 13:47:16.048,10.17,20261008_134705,วิว,baseline,,,,,84.5,,1,,,,0,38.0,0.049,0.031,,baseline,8
2026-10-08 13:47:16.251,10.37,20261008_134705,วิว,baseline,,,,,84.5,,1,,,,0,38.0,0.049,0.031,,baseline,8
2026-10-08 13:47:16.452,10.57,20261008_134705,วิว,baseline,,,,,84.5,,1,,,,0,38.02,0.049,0.031,,baseline,8
2026-10-08 13:47:16.655,10.78,20261008_134705,วิว,baseline,,,,,84.5,,1,,,,0,37.94,0.049,0.031,,baseline,8
2026-10-08 13:47:16.861,10.98,20261008_134705,วิว,baseline,,,,,84.5,,1,,,,0,37.95,0.049,0.031,,baseline,8
2026-10-08 13:47:17.065,11.19,20261008_134705,วิว,baseline,,,,,84.5,,1,,,,0,37.96,0.049,0.031,,baseline,8
2026-10-08 13:47:17.270,11.39,20261008_134705,วิว,baseline,,,,,84.5,,1,,,,0,37.97,0.049,0.031,,baseline,8
2026-10-08 13:47:17.472,11.59,20261008_134705,วิว,baseline,,,,,84.5,,1,,,,0,37.98,0.049,0.031,,baseline,8
2026-10-08 13:47:17.675,11.8,20261008_134705,วิว,baseline,,,,,84.5,,1,,,,0,37.99,0.049,0.031,,baseline,8
2026-10-08 13:47:17.883,12.0,20261008_134705,วิว,baseline,,,,,84.5,,1,,,,0,37.99,0.049,0.031,,baseline,8
2026-10-08 13:47:18.084,12.2,20261008_134705,วิว,baseline,,,,,84.5,,1,,,,0,37.99,0.049,0.031,,baseline,8
2026-10-08 13:47:18.292,12.41,20261008_134705,วิว,baseline,,,,,84.5,,1,,,,0,38.0,0.049,0.031,,baseline,8
2026-10-08 13:47:18.491,12.61,20261008_134705,วิว,baseline,,,,,84.5,,1,,,,0,38.0,0.049,0.031,,baseline,8
2026-10-08 13:47:18.693,12.81,20261008_134705,วิว,baseline,,,,,84.5,,1,,,,0,38.0,0.049,0.031,,baseline,8
2026-10-08 13:47:18.896,13.02,20261008_134705,วิว,baseline,,,,,84.5,,1,,,,0,38.01,0.049,0.031,,baseline,8
2026-10-08 13:47:19.101,13.22,20261008_134705,วิว,baseline,,,,,84.5,,1,,,,0,38.01,0.049,0.031,,baseline,8
2026-10-08 13:47:19.303,13.42,20261008_134705,วิว,baseline,,,,,84.5,,1,,,,0,38.01,0.049,0.031,,baseline,8
2026-10-08 13:47:19.511,13.63,20261008_134705,วิว,baseline,,,,,84.5,,1,,,,0,38.02,0.049,0.031,,baseline,8
2026-10-08 13:47:19.712,13.83,20261008_134705,วิว,baseline,,,,,84.5,,1,,,,0,38.02,0.049,0.031,,baseline,8
2026-10-08 13:47:19.915,14.04,20261008_134705,วิว,baseline,,,,,84.5,,1,,,,0,38.02,0.049,0.031,,baseline,8
2026-10-08 13:47:20.116,14.24,20261008_134705,วิว,baseline,,,,,84.5,,1,,,,0,38.03,0.049,0.031,,baseline,8
2026-10-08 13:47:20.322,14.44,20261008_134705,วิว,baseline,,,,,84.5,,1,,,,0,38.03,0.049,0.031,,baseline,8
2026-10-08 13:47:20.522,14.64,20261008_134705,วิว,baseline,,,,,84.5,,1,,,,0,38.03,0.049,0.031,,baseline,8
2026-10-08 13:47:20.726,14.85,20261008_134705,วิว,baseline,,,,,84.5,,1,,,,0,38.03,0.049,0.031,,baseline,8
2026-10-08 13:47:20.933,15.05,20261008_134705,วิว,baseline,,,,,84.5,,1,,,,0,37.99,0.049,0.031,,baseline,8
2026-10-08 13:47:21.139,15.26,20261008_134705,วิว,baseline,,,,,84.5,,1,,,,0,37.99,0.049,0.031,,baseline,8
2026-10-08 13:47:21.336,15.46,20261008_134705,วิว,baseline,,,,,84.5,,1,,,,0,38.0,0.049,0.031,,baseline,8
2026-10-08 13:47:21.545,15.67,20261008_134705,วิว,baseline,,,,,84.5,,1,,,,0,38.0,0.049,0.031,,baseline,8
2026-10-08 13:47:21.742,15.86,20261008_134705,วิว,baseline,,,,,84.5,,1,,,,0,38.01,0.049,0.031,,baseline,8
2026-10-08 13:47:21.945,16.07,20261008_134705,วิว,baseline,,,,,84.5,,1,,,,0,38.01,0.049,0.031,,baseline,8
2026-10-08 13:47:22.151,16.27,20261008_134705,วิว,baseline,,,,,84.5,,1,,,,0,38.02,0.049,0.031,,baseline,8
2026-10-08 13:47:22.353,16.47,20261008_134705,วิว,baseline,,,,,84.5,,1,,,,0,38.02,0.049,0.031,,baseline,8
2026-10-08 13:47:22.560,16.68,20261008_134705,วิว,baseline,,,,,84.5,,1,,,,0,38.02,0.049,0.031,,baseline,8
2026-10-08 13:47:22.763,16.88,20261008_134705,วิว,baseline,,,,,84.5,,1,,,,0,38.02,0.049,0.031,,baseline,8
2026-10-08 13:47:22.965,17.09,20261008_134705,วิว,baseline,,,,,84.5,,1,,,,0,38.02,0.049,0.031,,baseline,8
2026-10-08 13:47:23.172,17.29,20261008_134705,วิว,baseline,,,,,84.5,,1,,,,0,38.03,0.049,0.031,,baseline,8
2026-10-08 13:47:23.375,17.5,20261008_134705,วิว,baseline,,,,,84.5,,1,,,,0,38.04,0.049,0.031,,baseline,8
2026-10-08 13:47:23.576,17.7,20261008_134705,วิว,baseline,,,,,84.5,,1,,,,0,38.04,0.049,0.031,,baseline,8
2026-10-08 13:47:23.785,17.91,20261008_134705,วิว,baseline,,,,,84.5,,1,,,,0,38.05,0.049,0.031,,baseline,8
2026-10-08 13:47:23.984,18.1,20261008_134705,วิว,baseline,,,,,84.5,,1,,,,0,38.05,0.049,0.031,,baseline,8
2026-10-08 13:47:24.189,18.31,20261008_134705,วิว,baseline,,,,,84.5,,1,,,,0,38.05,0.049,0.031,,baseline,8
2026-10-08 13:47:24.393,18.51,20261008_134705,วิว,baseline,,,,,84.5,,1,,,,0,38.05,0.049,0.031,,baseline,8
2026-10-08 13:47:24.594,18.72,20261008_134705,วิว,baseline,,,,,84.5,,1,,,,0,38.05,0.049,0.031,,baseline,8
2026-10-08 13:47:24.795,18.92,20261008_134705,วิว,baseline,,,,,84.5,,1,,,,0,38.06,0.049,0.031,,baseline,8
2026-10-08 13:47:25.001,19.12,20261008_134705,วิว,baseline,,,,,84.5,,1,,,,0,37.97,0.049,0.031,,baseline,8
2026-10-08 13:47:25.204,19.32,20261008_134705,วิว,baseline,,,,,84.5,,1,,,,0,37.98,0.049,0.031,,baseline,8
2026-10-08 13:47:25.406,19.53,20261008_134705,วิว,baseline,,,,,84.5,,1,,,,0,38.0,0.049,0.031,,baseline,8
2026-10-08 13:47:25.616,19.74,20261008_134705,วิว,baseline,,,,,84.5,,1,,,,0,38.0,0.049,0.031,,baseline,8
2026-10-08 13:47:25.813,19.93,20261008_134705,วิว,baseline,,,,,84.5,,1,,,,0,38.01,0.049,0.031,,baseline,8
2026-10-08 13:47:26.015,20.14,20261008_134705,วิว,baseline,,,,,84.5,,1,,,,0,38.02,0.049,0.031,,baseline,8
2026-10-08 13:47:28.080,22.2,20261008_134705,วิว,baseline,,,,,84.5,,1,,,,0,38.03,0.049,0.031,,baseline,8
2026-10-08 13:47:28.282,22.4,20261008_134705,วิว,baseline,,,,,84.5,,1,,,,0,38.03,0.049,0.031,,baseline,7
2026-10-08 13:47:28.487,22.61,20261008_134705,วิว,baseline,,,,,84.5,,1,,,,0,38.03,0.049,0.031,,baseline,7
2026-10-08 13:47:28.698,22.82,20261008_134705,วิว,baseline,,,,,84.5,,1,,,,0,38.03,0.049,0.031,,baseline,7
2026-10-08 13:47:28.889,23.01,20261008_134705,วิว,baseline,,,,,84.5,,1,,,,0,38.03,0.049,0.031,,baseline,7
2026-10-08 13:47:29.096,23.22,20261008_134705,วิว,baseline,,,,,84.5,,1,,,,0,38.02,0.049,0.031,,baseline,7
2026-10-08 13:47:29.294,23.41,20261008_134705,วิว,baseline,,,,,84.5,,1,,,,0,38.02,0.049,0.031,,baseline,7
2026-10-08 13:47:29.495,23.62,20261008_134705,วิว,baseline,,,,,84.5,,1,,,,0,38.02,0.049,0.031,,baseline,7
2026-10-08 13:47:29.697,23.82,20261008_134705,วิว,baseline,,,,,84.5,,1,,,,0,38.01,0.049,0.031,,baseline,7
2026-10-08 13:47:29.902,24.02,20261008_134705,วิว,baseline,,,,,84.5,,1,,,,0,37.99,0.049,0.031,,baseline,7
2026-10-08 13:47:30.105,24.23,20261008_134705,วิว,baseline,,,,,84.5,,1,,,,0,37.99,0.049,0.031,,baseline,7
2026-10-08 13:47:30.309,24.43,20261008_134705,วิว,baseline,,,,,84.5,,1,,,,0,37.99,0.049,0.031,,baseline,7
2026-10-08 13:47:30.511,24.63,20261008_134705,วิว,baseline,,,,,84.5,,1,,,,0,37.99,0.049,0.031,,baseline,7
2026-10-08 13:47:30.714,24.83,20261008_134705,วิว,baseline,,,,,84.5,,1,,,,0,37.99,0.049,0.031,,baseline,7
2026-10-08 13:47:30.916,25.04,20261008_134705,วิว,baseline,,,,,84.5,,1,,,,0,37.99,0.049,0.031,,baseline,7
2026-10-08 13:47:31.118,25.24,20261008_134705,วิว,baseline,,,,,84.5,,1,,,,0,37.99,0.049,0.031,,baseline,7
2026-10-08 13:47:31.323,25.44,20261008_134705,วิว,baseline,,,,,84.5,,1,,,,0,37.99,0.049,0.031,,baseline,7
2026-10-08 13:47:31.523,25.64,20261008_134705,วิว,baseline,,,,,84.5,,1,,,,0,37.99,0.049,0.031,,baseline,7
2026-10-08 13:47:31.727,25.85,20261008_134705,วิว,baseline,,,,,84.5,,1,,,,0,37.99,0.049,0.031,,baseline,7
2026-10-08 13:47:31.928,26.05,20261008_134705,วิว,baseline,,,,,84.5,,1,,,,0,37.99,0.049,0.031,,baseline,7
2026-10-08 13:47:32.137,26.26,20261008_134705,วิว,baseline,,,,,84.5,,1,,,,0,37.99,0.049,0.031,,baseline,7
2026-10-08 13:47:32.341,26.46,20261008_134705,วิว,baseline,,,,,84.5,,1,,,,0,37.99,0.049,0.031,,baseline,7
2026-10-08 13:47:32.542,26.66,20261008_134705,วิว,baseline,,,,,84.5,,1,,,,0,37.99,0.049,0.031,,baseline,7
2026-10-08 13:47:32.749,26.87,20261008_134705,วิว,baseline,,,,,84.5,,1,,,,0,38.0,0.049,0.031,,baseline,7
2026-10-08 13:47:32.944,27.07,20261008_134705,วิว,baseline,,,,,84.5,,1,,,,0,37.99,0.049,0.031,,baseline,7
2026-10-08 13:47:33.147,27.27,20261008_134705,วิว,baseline,,,,,84.5,,1,,,,0,37.99,0.049,0.031,,baseline,8
2026-10-08 13:47:33.351,27.47,20261008_134705,วิว,baseline,,,,,84.5,,1,,,,0,38.0,0.049,0.031,,baseline,8
2026-10-08 13:47:33.554,27.67,20261008_134705,วิว,baseline,,,,,84.5,,1,,,,0,37.99,0.049,0.031,,baseline,8
2026-10-08 13:47:33.756,27.88,20261008_134705,วิว,baseline,,,,,84.5,,1,,,,0,37.99,0.049,0.031,,baseline,8
2026-10-08 13:47:33.961,28.08,20261008_134705,วิว,baseline,,,,,84.5,,1,,,,0,37.99,0.049,0.031,,baseline,8
2026-10-08 13:47:34.162,28.28,20261008_134705,วิว,baseline,,,,,84.5,,1,,,,0,37.93,0.049,0.031,,baseline,8
2026-10-08 13:47:34.366,28.49,20261008_134705,วิว,baseline,,,,,84.5,,1,,,,0,37.9,0.049,0.031,,baseline,8
2026-10-08 13:47:34.566,28.69,20261008_134705,วิว,baseline,,,,,84.5,,1,,,,0,37.91,0.049,0.031,,baseline,8
2026-10-08 13:47:34.772,28.89,20261008_134705,วิว,baseline,,,,,84.5,,1,,,,0,37.91,0.049,0.031,,baseline,8
2026-10-08 13:47:34.973,29.09,20261008_134705,วิว,baseline,,,,,84.5,,1,,,,0,37.92,0.049,0.031,,baseline,8
2026-10-08 13:47:35.176,29.3,20261008_134705,วิว,baseline,,,,,84.5,,1,,,,0,37.92,0.049,0.031,,baseline,8
2026-10-08 13:47:35.384,29.5,20261008_134705,วิว,baseline,,,,,84.5,,1,,,,0,37.94,0.049,0.031,,baseline,8
2026-10-08 13:47:35.587,29.71,20261008_134705,วิว,baseline,,,,,84.5,,1,,,,0,37.95,0.049,0.031,,baseline,8
2026-10-08 13:47:35.791,29.91,20261008_134705,วิว,baseline,,,,,84.5,,1,,,,0,37.95,0.049,0.031,,baseline,8
2026-10-08 13:47:35.991,30.11,20261008_134705,วิว,baseline,,,,,84.5,,1,,,,0,37.95,0.049,0.031,,baseline,8
2026-10-08 13:47:38.097,32.22,20261008_134705,วิว,baseline,,,,,84.5,,1,,,,0,37.98,0.049,0.031,,baseline,8
2026-10-08 13:47:38.296,32.42,20261008_134705,วิว,baseline,,,,,84.5,,1,,,,0,37.98,0.049,0.031,,baseline,8
2026-10-08 13:47:38.498,32.62,20261008_134705,วิว,baseline,,,,,84.5,,1,0.063,0.063,0.0,1,37.98,0.049,0.031,,baseline,8
2026-10-08 13:47:38.701,32.82,20261008_134705,วิว,baseline,,,,,84.5,,1,0.064,0.063,0.0,1,37.99,0.049,0.031,,baseline,8
2026-10-08 13:47:38.906,33.03,20261008_134705,วิว,baseline,,,,,84.5,,1,0.064,0.063,0.0,1,37.99,0.049,0.031,,baseline,8
2026-10-08 13:47:39.113,33.23,20261008_134705,วิว,baseline,,,,,84.5,,1,0.064,0.063,0.0,1,37.99,0.049,0.031,,baseline,9
2026-10-08 13:47:39.312,33.43,20261008_134705,วิว,baseline,,,,,84.5,,1,0.064,0.064,0.001,1,37.99,0.049,0.031,,baseline,9
2026-10-08 13:47:39.522,33.64,20261008_134705,วิว,baseline,,,,,84.5,,1,0.065,0.064,0.001,1,38.0,0.049,0.031,,baseline,9
2026-10-08 13:47:39.720,33.84,20261008_134705,วิว,baseline,,,,,84.5,,1,0.066,0.064,0.002,1,38.0,0.049,0.031,,baseline,9
2026-10-08 13:47:39.926,34.05,20261008_134705,วิว,rest,,,,,84.5,,1,0.066,0.064,0.003,1,38.0,0.049,0.031,23,ready,9
2026-10-08 13:47:40.130,34.25,20261008_134705,วิว,rest,,,,,84.5,,1,0.067,0.064,0.003,1,38.01,0.049,0.031,23,ready,9
2026-10-08 13:47:40.335,34.46,20261008_134705,วิว,rest,,,,,84.5,,1,0.067,0.064,0.003,1,38.01,0.049,0.031,23,ready,9
2026-10-08 13:47:40.539,34.66,20261008_134705,วิว,rest,,,,,84.5,,1,0.067,0.064,0.003,1,38.0,0.049,0.031,23,ready,9
2026-10-08 13:47:40.741,34.86,20261008_134705,วิว,rest,,,,,84.5,,1,0.067,0.064,0.003,1,38.0,0.049,0.031,23,ready,9
2026-10-08 13:47:40.943,35.06,20261008_134705,วิว,rest,,,,,84.5,,1,0.067,0.064,0.003,1,38.0,0.049,0.031,23,ready,10
2026-10-08 13:47:41.149,35.27,20261008_134705,วิว,rest,,,,,84.5,,1,0.066,0.064,0.002,1,38.02,0.049,0.031,23,ready,10
2026-10-08 13:47:41.357,35.48,20261008_134705,วิว,rest,,,,,84.5,,1,,,,0,37.94,0.049,0.031,23,ready,10
2026-10-08 13:47:41.554,35.68,20261008_134705,วิว,rest,,,,,84.5,,1,0.065,0.065,-0.0,1,37.94,0.049,0.031,23,ready,10
2026-10-08 13:47:41.759,35.88,20261008_134705,วิว,rest,,,,,84.5,,1,0.064,0.065,-0.001,1,37.95,0.049,0.031,23,ready,10
2026-10-08 13:47:41.965,36.09,20261008_134705,วิว,rest,,,,,84.5,,1,0.063,0.065,-0.002,1,37.95,0.049,0.031,23,ready,10
2026-10-08 13:47:42.164,36.29,20261008_134705,วิว,rest,,,,,84.5,,1,0.063,0.065,-0.002,1,37.96,0.049,0.031,23,ready,10
2026-10-08 13:47:42.374,36.5,20261008_134705,วิว,rest,,,,,84.5,,1,0.062,0.065,-0.003,1,37.96,0.049,0.031,23,ready,10
2026-10-08 13:47:42.572,36.69,20261008_134705,วิว,rest,,,,,84.5,,1,0.062,0.062,0.0,1,37.97,0.049,0.031,23,ready,10
2026-10-08 13:47:42.775,36.9,20261008_134705,วิว,rest,,,,,84.5,,1,,,,0,37.97,0.049,0.031,23,ready,9
2026-10-08 13:47:42.979,37.1,20261008_134705,วิว,rest,,,,,84.5,,1,,,,0,37.98,0.049,0.031,23,ready,9
2026-10-08 13:47:43.181,37.3,20261008_134705,วิว,rest,,,,,84.5,,1,0.063,0.063,0.0,1,37.99,0.049,0.031,23,ready,9
2026-10-08 13:47:43.383,37.5,20261008_134705,วิว,rest,,,,,84.5,,1,,,,0,37.99,0.049,0.031,23,ready,9
2026-10-08 13:47:43.588,37.71,20261008_134705,วิว,rest,,,,,84.5,,1,,,,0,38.0,0.049,0.031,23,ready,9
2026-10-08 13:47:43.791,37.91,20261008_134705,วิว,rest,,,,,84.5,,1,,,,0,38.0,0.049,0.031,23,ready,9
2026-10-08 13:47:43.994,38.11,20261008_134705,วิว,rest,,,,,84.5,,1,,,,0,38.0,0.049,0.031,23,ready,9
2026-10-08 13:47:44.198,38.32,20261008_134705,วิว,rest,,,,,84.5,,1,,,,0,38.01,0.049,0.031,23,ready,9
2026-10-08 13:47:44.402,38.52,20261008_134705,วิว,rest,,,,,84.5,,1,,,,0,38.01,0.049,0.031,23,ready,9
2026-10-08 13:47:44.603,38.72,20261008_134705,วิว,rest,,,,,84.5,,1,,,,0,38.02,0.049,0.031,23,ready,9
2026-10-08 13:47:44.808,38.93,20261008_134705,วิว,rest,,,,,84.5,,1,,,,0,38.02,0.049,0.031,23,ready,9
2026-10-08 13:47:45.014,39.14,20261008_134705,วิว,rest,,,,,84.5,,1,,,,0,38.02,0.049,0.031,23,ready,9
2026-10-08 13:47:45.214,39.33,20261008_134705,วิว,rest,,,,,84.5,,1,,,,0,38.02,0.049,0.031,23,ready,9
2026-10-08 13:47:45.418,39.54,20261008_134705,วิว,rest,,,,,84.5,,1,,,,0,38.01,0.049,0.031,23,ready,9
2026-10-08 13:47:45.622,39.74,20261008_134705,วิว,rest,,,,,84.5,,1,,,,0,37.94,0.049,0.031,23,ready,9
2026-10-08 13:47:45.822,39.94,20261008_134705,วิว,rest,,,,,84.5,,1,,,,0,37.95,0.049,0.031,23,ready,8
2026-10-08 13:47:46.040,40.16,20261008_134705,วิว,rest,,,,,84.5,,1,,,,0,37.96,0.049,0.031,23,ready,8
2026-10-08 13:47:46.230,40.35,20261008_134705,วิว,rest,,,,,84.5,,1,,,,0,37.97,0.049,0.031,23,ready,8
2026-10-08 13:47:46.432,40.55,20261008_134705,วิว,rest,,,,,84.5,,1,,,,0,37.97,0.049,0.031,23,ready,8
2026-10-08 13:47:46.638,40.76,20261008_134705,วิว,rest,,,,,84.5,,1,,,,0,37.98,0.049,0.031,23,ready,8
2026-10-08 13:47:46.842,40.96,20261008_134705,วิว,rest,,,,,84.5,,1,0.062,0.062,0.0,1,37.99,0.049,0.031,23,ready,8
2026-10-08 13:47:47.042,41.16,20261008_134705,วิว,rest,,,,,84.5,,1,0.062,0.062,0.0,1,38.0,0.049,0.031,23,ready,8
2026-10-08 13:47:47.252,41.37,20261008_134705,วิว,rest,,,,,84.5,,1,,,,0,38.01,0.049,0.031,23,ready,9
2026-10-08 13:47:47.451,41.57,20261008_134705,วิว,rest,,,,,84.5,,1,,,,0,38.01,0.049,0.031,23,ready,9
2026-10-08 13:47:47.653,41.77,20261008_134705,วิว,rest,,,,,84.5,,1,,,,0,38.02,0.049,0.031,23,ready,9
2026-10-08 13:47:47.860,41.98,20261008_134705,วิว,rest,,,,,84.5,,1,0.062,0.062,0.0,1,38.02,0.049,0.031,23,ready,9
2026-10-08 13:47:48.062,42.18,20261008_134705,วิว,rest,,,,,84.5,,1,0.062,0.062,0.0,1,38.02,0.049,0.031,23,ready,9
2026-10-08 13:47:48.268,42.39,20261008_134705,วิว,rest,,,,,84.5,,1,0.062,0.062,0.0,1,38.02,0.049,0.031,23,ready,9
2026-10-08 13:47:48.470,42.59,20261008_134705,วิว,rest,,,,,84.5,,1,0.062,0.062,0.0,1,38.02,0.049,0.031,23,ready,9
2026-10-08 13:47:48.672,42.79,20261008_134705,วิว,rest,,,,,84.5,,1,0.062,0.062,0.0,1,38.02,0.049,0.031,23,ready,9
2026-10-08 13:47:48.878,43.0,20261008_134705,วิว,rest,,,,,84.5,,1,0.062,0.062,0.0,1,38.02,0.049,0.031,23,ready,9
2026-10-08 13:47:49.080,43.2,20261008_134705,วิว,rest,,,,,84.5,,1,0.063,0.062,0.001,1,38.02,0.049,0.031,23,ready,9
2026-10-08 13:47:49.282,43.4,20261008_134705,วิว,rest,,,,,84.5,,1,0.063,0.062,0.0,1,38.02,0.049,0.031,23,ready,9
2026-10-08 13:47:49.488,43.61,20261008_134705,วิว,rest,,,,,84.5,,1,,,,0,38.02,0.049,0.031,23,ready,9
2026-10-08 13:47:49.691,43.81,20261008_134705,วิว,rest,,,,,84.5,,1,,,,0,37.93,0.049,0.031,23,ready,9
2026-10-08 13:47:49.892,44.01,20261008_134705,วิว,rest,,,,,84.5,,1,,,,0,37.93,0.049,0.031,23,ready,9
2026-10-08 13:47:50.098,44.22,20261008_134705,วิว,rest,,,,,84.5,,1,0.062,0.062,0.0,1,37.94,0.049,0.031,23,ready,9
2026-10-08 13:47:52.166,46.29,20261008_134705,วิว,rest,,,,,84.5,,1,0.066,0.062,0.005,1,37.99,0.049,0.031,23,ready,10
2026-10-08 13:47:52.365,46.49,20261008_134705,วิว,rest,,,,,84.5,,1,0.069,0.062,0.007,1,38.0,0.049,0.031,23,ready,10
2026-10-08 13:47:52.568,46.69,20261008_134705,วิว,rest,,,,,84.5,,1,0.07,0.062,0.008,1,38.0,0.049,0.031,23,ready,10
2026-10-08 13:47:52.776,46.9,20261008_134705,วิว,rest,,,,,84.5,,1,0.07,0.062,0.008,1,38.0,0.049,0.031,23,ready,10
2026-10-08 13:47:52.977,47.1,20261008_134705,วิว,rest,,,,,84.5,,1,0.07,0.062,0.007,1,37.98,0.049,0.031,23,ready,10
2026-10-08 13:47:53.181,47.3,20261008_134705,วิว,rest,,,,,84.5,,1,0.071,0.062,0.008,1,37.98,0.049,0.031,23,ready,10
2026-10-08 13:47:53.382,47.5,20261008_134705,วิว,rest,,,,,84.5,,1,0.072,0.063,0.009,1,37.98,0.049,0.031,23,ready,10
2026-10-08 13:47:53.586,47.71,20261008_134705,วิว,rest,,,,,84.5,,1,0.071,0.063,0.009,1,37.98,0.049,0.031,23,ready,10
2026-10-08 13:47:53.787,47.91,20261008_134705,วิว,rest,,,,,84.5,,1,0.07,0.063,0.007,1,37.98,0.049,0.031,23,ready,10
2026-10-08 13:47:53.992,48.11,20261008_134705,วิว,rest,,,,,84.5,,1,0.07,0.063,0.007,1,37.98,0.049,0.031,23,ready,10
2026-10-08 13:47:54.194,48.32,20261008_134705,วิว,rest,,,,,84.5,,1,0.069,0.063,0.006,1,37.98,0.049,0.031,23,ready,10
2026-10-08 13:47:54.397,48.52,20261008_134705,วิว,rest,,,,,84.5,,1,0.068,0.063,0.005,1,37.98,0.049,0.031,23,ready,10
2026-10-08 13:47:54.602,48.72,20261008_134705,วิว,rest,,,,,84.5,,1,0.068,0.063,0.005,1,37.89,0.049,0.031,23,ready,10
2026-10-08 13:47:54.807,48.93,20261008_134705,วิว,rest,,,,,84.5,,1,0.066,0.066,0.0,1,37.9,0.049,0.031,23,ready,10
2026-10-08 13:47:55.008,49.13,20261008_134705,วิว,rest,,,,,84.5,,1,0.066,0.066,-0.001,1,37.91,0.049,0.031,23,ready,10
2026-10-08 13:47:55.214,49.33,20261008_134705,วิว,rest,,,,,84.5,,1,,,,0,37.91,0.049,0.031,23,ready,10
2026-10-08 13:47:55.418,49.54,20261008_134705,วิว,rest,,,,,84.5,,1,,,,0,37.92,0.049,0.031,23,ready,10
2026-10-08 13:47:55.618,49.74,20261008_134705,วิว,rest,,,,,84.5,,1,,,,0,37.93,0.049,0.031,23,ready,10
2026-10-08 13:47:55.824,49.94,20261008_134705,วิว,rest,,,,,84.5,,1,,,,0,37.93,0.049,0.031,23,ready,10
2026-10-08 13:47:56.031,50.15,20261008_134705,วิว,rest,,,,,84.5,,1,,,,0,37.94,0.049,0.031,23,ready,10
2026-10-08 13:47:56.226,50.35,20261008_134705,วิว,rest,,,,,84.5,,1,,,,0,37.95,0.049,0.031,23,ready,10
2026-10-08 13:47:56.439,50.56,20261008_134705,วิว,rest,,,,,84.5,,1,,,,0,37.95,0.049,0.031,23,ready,10
2026-10-08 13:47:56.634,50.76,20261008_134705,วิว,rest,,,,,84.5,,1,,,,0,37.96,0.049,0.031,23,ready,10
2026-10-08 13:47:56.836,50.96,20261008_134705,วิว,rest,,,,,84.5,,1,,,,0,37.96,0.049,0.031,23,ready,10
2026-10-08 13:47:57.042,51.16,20261008_134705,วิว,rest,,,,,84.5,,1,,,,0,37.96,0.049,0.031,23,ready,10
2026-10-08 13:47:57.246,51.37,20261008_134705,วิว,rest,,,,,84.5,,1,,,,0,37.97,0.049,0.031,23,ready,9
2026-10-08 13:47:57.453,51.57,20261008_134705,วิว,rest,,,,,84.5,,1,,,,0,37.97,0.049,0.031,23,ready,9
2026-10-08 13:47:57.656,51.78,20261008_134705,วิว,rest,,,,,84.5,,1,,,,0,37.97,0.049,0.031,23,ready,9
2026-10-08 13:47:57.862,51.98,20261008_134705,วิว,rest,,,,,84.5,,1,,,,0,37.99,0.049,0.031,23,ready,9
2026-10-08 13:47:58.064,52.18,20261008_134705,วิว,rest,,,,,84.5,,1,,,,0,37.99,0.049,0.031,23,ready,9
2026-10-08 13:47:58.267,52.39,20261008_134705,วิว,rest,,,,,84.5,,1,,,,0,37.99,0.049,0.031,23,ready,9
2026-10-08 13:47:58.472,52.59,20261008_134705,วิว,rest,,,,,84.5,,1,,,,0,38.0,0.049,0.031,23,ready,9
2026-10-08 13:47:58.675,52.8,20261008_134705,วิว,rest,,,,,84.5,,1,,,,0,38.02,0.049,0.031,23,ready,9
2026-10-08 13:47:58.883,53.0,20261008_134705,วิว,rest,,,,,84.5,,1,,,,0,37.95,0.049,0.031,23,ready,9
2026-10-08 13:47:59.083,53.2,20261008_134705,วิว,rest,,,,,84.5,,1,,,,0,37.96,0.049,0.031,23,ready,9
2026-10-08 13:47:59.284,53.41,20261008_134705,วิว,rest,,,,,84.5,,1,,,,0,37.96,0.049,0.031,23,ready,9
2026-10-08 13:47:59.487,53.61,20261008_134705,วิว,rest,,,,,84.5,,1,,,,0,37.96,0.049,0.031,23,ready,9
2026-10-08 13:47:59.692,53.81,20261008_134705,วิว,rest,,,,,84.5,,1,,,,0,37.97,0.049,0.031,23,ready,9
2026-10-08 13:47:59.894,54.01,20261008_134705,วิว,rest,,,,,84.5,,1,,,,0,37.97,0.049,0.031,23,ready,9
2026-10-08 13:48:00.096,54.22,20261008_134705,วิว,rest,,,,,84.5,,1,,,,0,37.97,0.049,0.031,23,ready,9
2026-10-08 13:48:00.304,54.42,20261008_134705,วิว,rest,,,,,84.5,,1,,,,0,37.98,0.049,0.031,23,ready,9
2026-10-08 13:48:00.504,54.63,20261008_134705,วิว,rest,,,,,84.5,,1,,,,0,37.98,0.049,0.031,23,ready,9
2026-10-08 13:48:00.714,54.84,20261008_134705,วิว,rest,,,,,84.5,,1,,,,0,37.98,0.049,0.031,23,ready,9
2026-10-08 13:48:00.916,55.04,20261008_134705,วิว,rest,,,,,84.5,,1,,,,0,37.99,0.049,0.031,23,ready,9
2026-10-08 13:48:01.114,55.23,20261008_134705,วิว,rest,,,,,84.5,,1,,,,0,37.99,0.049,0.031,23,ready,9
2026-10-08 13:48:01.324,55.44,20261008_134705,วิว,rest,,,,,84.5,,1,,,,0,37.99,0.049,0.031,23,ready,9
2026-10-08 13:48:01.524,55.64,20261008_134705,วิว,rest,,,,,84.5,,1,,,,0,38.01,0.049,0.031,23,ready,9
2026-10-08 13:48:01.726,55.85,20261008_134705,วิว,rest,,,,,84.5,,1,,,,0,38.01,0.049,0.031,23,ready,9
2026-10-08 13:48:01.934,56.05,20261008_134705,วิว,rest,,,,,84.5,,1,,,,0,38.02,0.049,0.031,23,ready,9
2026-10-08 13:48:02.140,56.26,20261008_134705,วิว,rest,,,,,84.5,,1,,,,0,38.03,0.049,0.031,23,ready,9
2026-10-08 13:48:02.334,56.46,20261008_134705,วิว,rest,,,,,84.5,,1,,,,0,38.03,0.049,0.031,23,ready,9
2026-10-08 13:48:02.537,56.66,20261008_134705,วิว,rest,,,,,84.5,,1,,,,0,38.04,0.049,0.031,23,ready,9
2026-10-08 13:48:02.742,56.86,20261008_134705,วิว,rest,,,,,84.5,,1,,,,0,38.04,0.049,0.031,23,ready,9
2026-10-08 13:48:02.947,57.07,20261008_134705,วิว,rest,,,,,84.5,,1,,,,0,38.05,0.049,0.031,23,ready,9
2026-10-08 13:48:03.148,57.27,20261008_134705,วิว,rest,,,,,84.5,,1,,,,0,37.97,0.049,0.031,23,ready,9
2026-10-08 13:48:03.353,57.47,20261008_134705,วิว,rest,,,,,84.5,,1,,,,0,37.98,0.049,0.031,23,ready,8
2026-10-08 13:48:03.554,57.67,20261008_134705,วิว,rest,,,,,84.5,,1,,,,0,37.99,0.049,0.031,23,ready,8
2026-10-08 13:48:03.760,57.88,20261008_134705,วิว,rest,,,,,84.5,,1,,,,0,38.0,0.049,0.031,23,ready,9
2026-10-08 13:48:03.967,58.09,20261008_134705,วิว,rest,,,,,84.5,,1,,,,0,38.01,0.049,0.031,23,ready,8
2026-10-08 13:48:04.167,58.29,20261008_134705,วิว,rest,,,,,84.5,,1,,,,0,38.02,0.049,0.031,23,ready,8
2026-10-08 13:48:04.372,58.49,20261008_134705,วิว,rest,,,,,84.5,,1,,,,0,38.02,0.049,0.031,23,ready,8
2026-10-08 13:48:04.580,58.7,20261008_134705,วิว,rest,,,,,84.5,,1,0.065,0.065,0.001,1,38.03,0.049,0.031,23,ready,8
2026-10-08 13:48:04.781,58.9,20261008_134705,วิว,rest,,,,,84.5,,1,0.071,0.065,0.007,1,38.03,0.049,0.031,23,ready,8
2026-10-08 13:48:04.976,59.1,20261008_134705,วิว,rest,,,,,84.5,,1,0.082,0.065,0.017,1,38.03,0.049,0.031,23,ready,8
2026-10-08 13:48:05.182,59.3,20261008_134705,วิว,rest,,,,,84.5,,1,0.094,0.065,0.029,1,38.03,0.049,0.031,23,ready,8
2026-10-08 13:48:05.384,59.5,20261008_134705,วิว,rest,,,,,84.5,,1,0.109,0.066,0.043,1,38.02,0.049,0.031,23,ready,8
2026-10-08 13:48:05.586,59.71,20261008_134705,วิว,rest,,,,,84.5,,1,0.122,0.066,0.056,1,38.02,0.049,0.031,23,ready,8
2026-10-08 13:48:05.793,59.91,20261008_134705,วิว,rest,,,,,84.5,,1,0.145,0.067,0.078,1,38.02,0.049,0.031,23,ready,8
2026-10-08 13:48:05.994,60.12,20261008_134705,วิว,rest,,,,,84.5,,1,0.174,0.069,0.105,1,38.01,0.049,0.031,23,ready,8
2026-10-08 13:48:06.196,60.32,20261008_134705,วิว,rest,,,,,84.5,,1,0.2,0.07,0.129,1,38.01,0.049,0.031,23,ready,8
2026-10-08 13:48:06.402,60.52,20261008_134705,วิว,rest,,,,,84.5,,1,0.22,0.072,0.148,1,38.0,0.049,0.031,23,ready,8
2026-10-08 13:48:06.605,60.73,20261008_134705,วิว,rest,,,,,84.5,,1,0.233,0.074,0.159,1,38.0,0.049,0.031,23,ready,8
2026-10-08 13:48:06.806,60.93,20261008_134705,วิว,rest,,,,,84.5,,1,0.242,0.077,0.166,1,38.0,0.049,0.031,23,ready,8
2026-10-08 13:48:07.012,61.13,20261008_134705,วิว,rest,,,,,84.5,,1,0.249,0.079,0.17,1,37.99,0.049,0.031,23,ready,8
2026-10-08 13:48:07.214,61.33,20261008_134705,วิว,rest,,,,,84.5,,1,0.254,0.081,0.173,1,37.99,0.049,0.031,23,ready,8
2026-10-08 13:48:07.424,61.54,20261008_134705,วิว,rest,,,,,84.5,,1,0.257,0.084,0.174,1,37.88,0.049,0.031,23,ready,8
2026-10-08 13:48:07.625,61.75,20261008_134705,วิว,rest,,,,,84.5,,1,0.252,0.086,0.166,1,37.89,0.049,0.031,23,ready,8
2026-10-08 13:48:07.827,61.95,20261008_134705,วิว,rest,,,,,84.5,,1,0.255,0.088,0.167,1,37.89,0.049,0.031,23,ready,8
2026-10-08 13:48:08.032,62.15,20261008_134705,วิว,rest,,,,,84.5,,1,0.257,0.09,0.167,1,37.9,0.049,0.031,23,ready,8
2026-10-08 13:48:08.234,62.36,20261008_134705,วิว,rest,,,,,84.5,,1,0.261,0.092,0.168,1,37.9,0.049,0.031,23,ready,8
2026-10-08 13:48:08.436,62.56,20261008_134705,วิว,rest,,,,,84.5,,1,0.261,0.095,0.167,1,37.9,0.049,0.031,23,ready,8
2026-10-08 13:48:08.643,62.76,20261008_134705,วิว,rest,,,,,84.5,,1,0.261,0.097,0.164,1,37.88,0.049,0.031,23,ready,8
2026-10-08 13:48:08.844,62.96,20261008_134705,วิว,rest,,,,,84.5,,1,0.257,0.099,0.158,1,37.88,0.049,0.031,23,ready,8
2026-10-08 13:48:09.047,63.17,20261008_134705,วิว,rest,,,,,84.5,,1,0.252,0.101,0.151,1,37.89,0.049,0.031,23,ready,8
2026-10-08 13:48:09.252,63.37,20261008_134705,วิว,rest,,,,,84.5,,1,0.239,0.103,0.136,1,37.89,0.049,0.031,23,ready,8
2026-10-08 13:48:09.455,63.58,20261008_134705,วิว,rest,,,,,84.5,,1,0.229,0.105,0.124,1,37.89,0.049,0.031,23,ready,8
2026-10-08 13:48:09.662,63.78,20261008_134705,วิว,rest,,,,,84.5,,1,0.212,0.108,0.104,1,37.91,0.049,0.031,23,ready,8
2026-10-08 13:48:09.864,63.99,20261008_134705,วิว,rest,,,,,84.5,,1,0.208,0.109,0.099,1,37.91,0.049,0.031,23,ready,8
2026-10-08 13:48:10.067,64.19,20261008_134705,วิว,rest,,,,,84.5,,1,0.201,0.11,0.091,1,37.91,0.049,0.031,23,ready,8
2026-10-08 13:48:10.274,64.39,20261008_134705,วิว,rest,,,,,84.5,,1,0.196,0.111,0.085,1,37.92,0.049,0.031,23,ready,8
2026-10-08 13:48:10.476,64.6,20261008_134705,วิว,rest,,,,,84.5,,1,0.195,0.112,0.083,1,37.92,0.049,0.031,23,ready,8
2026-10-08 13:48:10.677,64.8,20261008_134705,วิว,rest,,,,,84.5,,1,0.196,0.114,0.083,1,37.93,0.049,0.031,23,ready,8
2026-10-08 13:48:10.882,65.0,20261008_134705,วิว,rest,,,,,84.5,,1,0.198,0.115,0.084,1,37.93,0.049,0.031,23,ready,8
2026-10-08 13:48:11.086,65.21,20261008_134705,วิว,rest,,,,,84.5,,1,0.2,0.116,0.084,1,37.93,0.049,0.031,23,ready,8
2026-10-08 13:48:11.288,65.41,20261008_134705,วิว,rest,,,,,84.5,,1,0.199,0.117,0.082,1,37.93,0.049,0.031,23,ready,8
2026-10-08 13:48:11.492,65.61,20261008_134705,วิว,rest,,,,,84.5,,1,0.199,0.118,0.081,1,37.95,0.049,0.031,23,ready,8
2026-10-08 13:48:11.696,65.82,20261008_134705,วิว,rest,,,,,84.5,,1,0.194,0.119,0.075,1,37.85,0.049,0.031,23,ready,8
2026-10-08 13:48:11.899,66.02,20261008_134705,วิว,rest,,,,,84.5,,1,0.2,0.12,0.08,1,37.86,0.049,0.031,23,ready,8
2026-10-08 13:48:12.104,66.22,20261008_134705,วิว,rest,,,,,84.5,,1,0.204,0.121,0.083,1,37.87,0.049,0.031,23,ready,8
2026-10-08 13:48:14.259,68.38,20261008_134705,วิว,rest,,,,,84.5,,1,0.248,0.134,0.114,1,37.93,0.049,0.031,23,ready,8
2026-10-08 13:48:14.464,68.58,20261008_134705,วิว,rest,,,,,84.5,,1,0.253,0.136,0.118,1,37.93,0.049,0.031,23,ready,8
2026-10-08 13:48:14.673,68.79,20261008_134705,วิว,baseline,,,,,84.5,,1,0.257,0.137,0.12,1,37.93,0.049,0.031,,baseline,8
2026-10-08 13:48:14.877,69.0,20261008_134705,วิว,baseline,,,,,84.5,,1,0.262,0.139,0.124,1,37.94,0.049,0.031,,baseline,8
2026-10-08 13:48:15.074,69.19,20261008_134705,วิว,baseline,,,,,84.5,,1,0.27,0.14,0.13,1,37.94,0.049,0.031,,baseline,8
2026-10-08 13:48:15.279,69.4,20261008_134705,วิว,baseline,,,,,84.5,,1,0.277,0.142,0.135,1,37.94,0.049,0.031,,baseline,8
2026-10-08 13:48:15.494,69.61,20261008_134705,วิว,baseline,,,,,84.5,,1,0.283,0.144,0.139,1,37.94,0.049,0.031,,baseline,8
2026-10-08 13:48:15.682,69.8,20261008_134705,วิว,baseline,,,,,84.5,,1,0.288,0.146,0.142,1,37.94,0.049,0.031,,baseline,8
2026-10-08 13:48:15.886,70.01,20261008_134705,วิว,baseline,,,,,84.5,,1,0.293,0.148,0.145,1,37.94,0.049,0.031,,baseline,8
2026-10-08 13:48:16.091,70.21,20261008_134705,วิว,baseline,,,,,84.5,,1,0.297,0.15,0.147,1,37.95,0.049,0.031,,baseline,8
2026-10-08 13:48:16.290,70.41,20261008_134705,วิว,baseline,,,,,84.5,,1,0.3,0.152,0.148,1,37.95,0.049,0.031,,baseline,8
2026-10-08 13:48:16.492,70.61,20261008_134705,วิว,baseline,,,,,84.5,,1,0.303,0.154,0.149,1,37.95,0.049,0.031,,baseline,8
2026-10-08 13:48:16.695,70.82,20261008_134705,วิว,baseline,,,,,84.5,,1,0.307,0.156,0.151,1,37.95,0.049,0.031,,baseline,8
2026-10-08 13:48:16.898,71.02,20261008_134705,วิว,baseline,,,,,84.5,,1,0.314,0.158,0.156,1,37.95,0.049,0.031,,baseline,8
2026-10-08 13:48:17.135,71.26,20261008_134705,วิว,baseline,,,,,84.5,,1,0.319,0.16,0.159,1,37.95,0.049,0.031,,baseline,8
2026-10-08 13:48:17.329,71.45,20261008_134705,วิว,baseline,,,,,84.5,,1,0.318,0.162,0.156,1,37.86,0.049,0.031,,baseline,8
2026-10-08 13:48:17.541,71.66,20261008_134705,วิว,baseline,,,,,84.5,,1,0.331,0.166,0.165,1,37.88,0.049,0.031,,baseline,8
2026-10-08 13:48:17.729,71.85,20261008_134705,วิว,baseline,,,,,84.5,,1,0.336,0.169,0.167,1,37.9,0.049,0.031,,baseline,8
2026-10-08 13:48:17.935,72.06,20261008_134705,วิว,baseline,,,,,84.5,,1,0.333,0.171,0.162,1,37.81,0.049,0.031,,baseline,8
2026-10-08 13:48:18.141,72.26,20261008_134705,วิว,baseline,,,,,84.5,,1,0.34,0.173,0.167,1,37.83,0.049,0.031,,baseline,8
2026-10-08 13:48:18.351,72.47,20261008_134705,วิว,baseline,,,,,84.5,,1,0.349,0.175,0.173,1,37.84,0.049,0.031,,baseline,8
2026-10-08 13:48:18.528,72.65,20261008_134705,วิว,baseline,,,,,84.5,,1,0.356,0.178,0.178,1,37.85,0.049,0.031,,baseline,8
2026-10-08 13:48:18.769,72.89,20261008_134705,วิว,baseline,,,,,84.5,,1,0.362,0.18,0.182,1,37.86,0.049,0.031,,baseline,8
2026-10-08 13:48:18.932,73.05,20261008_134705,วิว,baseline,,,,,84.5,,1,0.367,0.183,0.185,1,37.87,0.049,0.031,,baseline,8
2026-10-08 13:48:19.176,73.3,20261008_134705,วิว,baseline,,,,,84.5,,1,0.372,0.185,0.187,1,37.87,0.049,0.031,,baseline,8
2026-10-08 13:48:19.339,73.46,20261008_134705,วิว,baseline,,,,,84.5,,1,0.375,0.188,0.188,1,37.88,0.049,0.031,,baseline,8
2026-10-08 13:48:19.544,73.66,20261008_134705,วิว,baseline,,,,,84.5,,1,0.378,0.19,0.188,1,37.89,0.049,0.031,,baseline,8
2026-10-08 13:48:19.742,73.86,20261008_134705,วิว,baseline,,,,,84.5,,1,0.382,0.193,0.189,1,37.9,0.049,0.031,,baseline,8
2026-10-08 13:48:19.948,74.07,20261008_134705,วิว,baseline,,,,,84.5,,1,0.384,0.195,0.189,1,37.9,0.049,0.031,,baseline,8
2026-10-08 13:48:20.152,74.27,20261008_134705,วิว,baseline,,,,,84.5,,1,0.387,0.198,0.189,1,37.91,0.049,0.031,,baseline,8
2026-10-08 13:48:20.354,74.47,20261008_134705,วิว,baseline,,,,,84.5,,1,0.391,0.2,0.19,1,37.91,0.049,0.031,,baseline,8
2026-10-08 13:48:20.560,74.68,20261008_134705,วิว,baseline,,,,,84.5,,1,0.396,0.203,0.193,1,37.92,0.049,0.031,,baseline,8
2026-10-08 13:48:20.758,74.88,20261008_134705,วิว,baseline,,,,,84.5,,1,0.402,0.206,0.197,1,37.92,0.049,0.031,,baseline,8
2026-10-08 13:48:20.960,75.08,20261008_134705,วิว,baseline,,,,,84.5,,1,0.408,0.208,0.2,1,37.92,0.049,0.031,,baseline,8
2026-10-08 13:48:21.162,75.28,20261008_134705,วิว,baseline,,,,,84.5,,1,0.412,0.211,0.201,1,37.92,0.049,0.031,,baseline,8
2026-10-08 13:48:21.364,75.48,20261008_134705,วิว,baseline,,,,,84.5,,1,0.416,0.214,0.202,1,37.93,0.049,0.031,,baseline,8
2026-10-08 13:48:21.568,75.69,20261008_134705,วิว,baseline,,,,,84.5,,1,0.418,0.216,0.202,1,37.93,0.049,0.031,,baseline,8
2026-10-08 13:48:21.770,75.89,20261008_134705,วิว,baseline,,,,,84.5,,1,0.421,0.219,0.202,1,37.93,0.049,0.031,,baseline,8
2026-10-08 13:48:21.973,76.09,20261008_134705,วิว,baseline,,,,,84.5,,1,0.423,0.222,0.202,1,37.94,0.049,0.031,,baseline,8
2026-10-08 13:48:22.175,76.3,20261008_134705,วิว,baseline,,,,,84.5,,1,0.423,0.224,0.198,1,37.84,0.049,0.031,,baseline,8
2026-10-08 13:48:22.382,76.5,20261008_134705,วิว,baseline,,,,,84.5,,1,0.426,0.227,0.199,1,37.85,0.049,0.031,,baseline,8
2026-10-08 13:48:22.581,76.7,20261008_134705,วิว,baseline,,,,,84.5,,1,0.43,0.23,0.201,1,37.85,0.049,0.031,,baseline,8
2026-10-08 13:48:22.783,76.9,20261008_134705,วิว,baseline,,,,,84.5,,1,0.434,0.232,0.201,1,37.86,0.049,0.031,,baseline,8
2026-10-08 13:48:22.991,77.11,20261008_134705,วิว,baseline,,,,,84.5,,1,0.437,0.235,0.202,1,37.87,0.049,0.031,,baseline,8
2026-10-08 13:48:23.193,77.31,20261008_134705,วิว,baseline,,,,,84.5,,1,0.444,0.238,0.206,1,37.88,0.049,0.031,,baseline,8
2026-10-08 13:48:23.398,77.52,20261008_134705,วิว,baseline,,,,,84.5,,1,0.451,0.241,0.21,1,37.88,0.049,0.031,,baseline,8
2026-10-08 13:48:23.600,77.72,20261008_134705,วิว,baseline,,,,,84.5,,1,0.457,0.243,0.213,1,37.89,0.049,0.031,,baseline,8
2026-10-08 13:48:23.802,77.92,20261008_134705,วิว,baseline,,,,,84.5,,1,0.461,0.246,0.214,1,37.89,0.049,0.031,,baseline,8
2026-10-08 13:48:24.008,78.13,20261008_134705,วิว,baseline,,,,,84.5,,1,0.463,0.249,0.214,1,37.9,0.049,0.031,,baseline,8
2026-10-08 13:48:24.210,78.33,20261008_134705,วิว,baseline,,,,,84.5,,1,0.465,0.252,0.213,1,37.91,0.049,0.031,,baseline,8
2026-10-08 13:48:24.413,78.53,20261008_134705,วิว,baseline,,,,,84.5,,1,0.467,0.255,0.212,1,37.91,0.049,0.031,,baseline,8
2026-10-08 13:48:24.614,78.73,20261008_134705,วิว,baseline,,,,,84.5,,1,0.469,0.258,0.211,1,37.91,0.049,0.031,,baseline,8
2026-10-08 13:48:24.818,78.94,20261008_134705,วิว,baseline,,,,,84.5,,1,0.47,0.261,0.209,1,37.92,0.049,0.031,,baseline,8
2026-10-08 13:48:25.020,79.14,20261008_134705,วิว,baseline,,,,,84.5,,1,0.472,0.263,0.208,1,37.91,0.049,0.031,,baseline,8
2026-10-08 13:48:25.224,79.34,20261008_134705,วิว,baseline,,,,,84.5,,1,0.464,0.266,0.198,1,37.78,0.049,0.031,,baseline,8
2026-10-08 13:48:25.424,79.54,20261008_134705,วิว,baseline,,,,,84.5,,1,0.469,0.269,0.2,1,37.8,0.049,0.031,,baseline,8
2026-10-08 13:48:25.628,79.75,20261008_134705,วิว,baseline,,,,,84.5,,1,0.472,0.271,0.201,1,37.81,0.049,0.031,,baseline,8
2026-10-08 13:48:25.831,79.95,20261008_134705,วิว,baseline,,,,,84.5,,1,0.475,0.274,0.201,1,37.82,0.049,0.031,,baseline,8
2026-10-08 13:48:26.032,80.15,20261008_134705,วิว,baseline,,,,,84.5,,1,0.477,0.277,0.2,1,37.84,0.049,0.031,,baseline,8
2026-10-08 13:48:26.241,80.36,20261008_134705,วิว,baseline,,,,,84.5,,1,0.479,0.279,0.2,1,37.84,0.049,0.031,,baseline,8
2026-10-08 13:48:26.446,80.57,20261008_134705,วิว,baseline,,,,,84.5,,1,0.481,0.282,0.199,1,37.77,0.049,0.031,,baseline,8
2026-10-08 13:48:26.641,80.76,20261008_134705,วิว,baseline,,,,,84.5,,1,0.479,0.285,0.194,1,37.77,0.049,0.031,,baseline,8
2026-10-08 13:48:26.843,80.96,20261008_134705,วิว,baseline,,,,,84.5,,1,0.485,0.287,0.198,1,37.79,0.049,0.031,,baseline,8
2026-10-08 13:48:27.050,81.17,20261008_134705,วิว,baseline,,,,,84.5,,1,0.488,0.29,0.198,1,37.8,0.049,0.031,,baseline,8
2026-10-08 13:48:27.250,81.37,20261008_134705,วิว,baseline,,,,,84.5,,1,0.491,0.293,0.198,1,37.82,0.049,0.031,,baseline,8
2026-10-08 13:48:27.452,81.57,20261008_134705,วิว,baseline,,,,,84.5,,1,0.489,0.295,0.194,1,37.83,0.049,0.031,,baseline,8
2026-10-08 13:48:27.654,81.77,20261008_134705,วิว,baseline,,,,,84.5,,1,0.492,0.298,0.195,1,37.84,0.049,0.031,,baseline,8
2026-10-08 13:48:27.859,81.98,20261008_134705,วิว,baseline,,,,,84.5,,1,0.494,0.3,0.194,1,37.88,0.049,0.031,,baseline,8
2026-10-08 13:48:28.063,82.18,20261008_134705,วิว,baseline,,,,,84.5,,1,0.499,0.303,0.196,1,37.88,0.049,0.031,,baseline,8
2026-10-08 13:48:28.264,82.39,20261008_134705,วิว,baseline,,,,,84.5,,1,0.502,0.306,0.197,1,37.89,0.049,0.031,,baseline,8
2026-10-08 13:48:30.322,84.44,20261008_134705,วิว,baseline,,,,,84.5,,1,0.511,0.331,0.18,1,37.93,0.049,0.031,,baseline,8
2026-10-08 13:48:30.524,84.64,20261008_134705,วิว,baseline,,,,,84.5,,1,0.511,0.333,0.178,1,37.94,0.049,0.031,,baseline,8
2026-10-08 13:48:30.727,84.85,20261008_134705,วิว,baseline,,,,,84.5,,1,0.512,0.336,0.176,1,37.94,0.049,0.031,,baseline,8
2026-10-08 13:48:30.928,85.05,20261008_134705,วิว,baseline,,,,,84.5,,1,0.513,0.338,0.175,1,37.94,0.049,0.031,,baseline,8
2026-10-08 13:48:31.134,85.25,20261008_134705,วิว,baseline,,,,,84.5,,1,0.515,0.34,0.174,1,37.94,0.049,0.031,,baseline,8
2026-10-08 13:48:31.337,85.46,20261008_134705,วิว,baseline,,,,,84.5,,1,0.516,0.343,0.173,1,37.94,0.049,0.031,,baseline,8
2026-10-08 13:48:31.543,85.66,20261008_134705,วิว,baseline,,,,,84.5,,1,0.516,0.345,0.171,1,37.95,0.049,0.031,,baseline,8
2026-10-08 13:48:31.749,85.87,20261008_134705,วิว,baseline,,,,,84.5,,1,0.517,0.349,0.168,1,37.93,0.049,0.031,,baseline,8
2026-10-08 13:48:31.948,86.07,20261008_134705,วิว,baseline,,,,,84.5,,1,0.519,0.352,0.167,1,37.86,0.049,0.031,,baseline,8
2026-10-08 13:48:32.156,86.28,20261008_134705,วิว,baseline,,,,,84.5,,1,0.518,0.354,0.164,1,37.76,0.049,0.031,,baseline,8
2026-10-08 13:48:32.359,86.48,20261008_134705,วิว,baseline,,,,,84.5,,1,0.519,0.356,0.163,1,37.78,0.049,0.031,,baseline,8
2026-10-08 13:48:32.560,86.68,20261008_134705,วิว,baseline,,,,,84.5,,1,0.52,0.358,0.162,1,37.8,0.049,0.031,,baseline,8
2026-10-08 13:48:32.764,86.88,20261008_134705,วิว,baseline,,,,,84.5,,1,0.522,0.36,0.161,1,37.81,0.049,0.031,,baseline,8
2026-10-08 13:48:32.970,87.09,20261008_134705,วิว,baseline,,,,,84.5,,1,0.523,0.363,0.16,1,37.82,0.049,0.031,,baseline,8
2026-10-08 13:48:33.169,87.29,20261008_134705,วิว,baseline,,,,,84.5,,1,0.525,0.365,0.16,1,37.84,0.049,0.031,,baseline,8
2026-10-08 13:48:33.374,87.49,20261008_134705,วิว,baseline,,,,,84.5,,1,0.528,0.367,0.161,1,37.85,0.049,0.031,,baseline,8
2026-10-08 13:48:33.576,87.7,20261008_134705,วิว,baseline,,,,,84.5,,1,0.53,0.369,0.161,1,37.86,0.049,0.031,,baseline,8
2026-10-08 13:48:33.779,87.9,20261008_134705,วิว,baseline,,,,,84.5,,1,0.535,0.371,0.163,1,37.86,0.049,0.031,,baseline,8
2026-10-08 13:48:33.984,88.1,20261008_134705,วิว,baseline,,,,,84.5,,1,0.538,0.373,0.165,1,37.87,0.049,0.031,,baseline,8
2026-10-08 13:48:34.189,88.31,20261008_134705,วิว,baseline,,,,,84.5,,1,0.539,0.376,0.164,1,37.88,0.049,0.031,,baseline,8
2026-10-08 13:48:34.395,88.52,20261008_134705,วิว,baseline,,,,,84.5,,1,0.542,0.378,0.164,1,37.89,0.049,0.031,,baseline,8
2026-10-08 13:48:34.601,88.72,20261008_134705,วิว,baseline,,,,,84.5,,1,0.544,0.38,0.164,1,37.89,0.049,0.031,,baseline,8
2026-10-08 13:48:34.796,88.92,20261008_134705,วิว,baseline,,,,,84.5,,1,0.544,0.382,0.162,1,37.9,0.049,0.031,,baseline,8
2026-10-08 13:48:34.998,89.12,20261008_134705,วิว,baseline,,,,,84.5,,1,0.545,0.384,0.161,1,37.9,0.049,0.031,,baseline,8
2026-10-08 13:48:35.204,89.33,20261008_134705,วิว,baseline,,,,,84.5,,1,0.548,0.386,0.161,1,37.9,0.049,0.031,,baseline,8
2026-10-08 13:48:35.405,89.53,20261008_134705,วิว,baseline,,,,,84.5,,1,0.548,0.389,0.159,1,37.9,0.049,0.031,,baseline,8
2026-10-08 13:48:35.607,89.73,20261008_134705,วิว,baseline,,,,,84.5,,1,0.535,0.391,0.145,1,37.8,0.049,0.031,,baseline,8
2026-10-08 13:48:35.815,89.94,20261008_134705,วิว,baseline,,,,,84.5,,1,0.542,0.393,0.149,1,37.81,0.049,0.031,,baseline,8
2026-10-08 13:48:36.016,90.14,20261008_134705,วิว,baseline,,,,,84.5,,1,0.545,0.395,0.151,1,37.82,0.049,0.031,,baseline,8
2026-10-08 13:48:36.218,90.34,20261008_134705,วิว,baseline,,,,,84.5,,1,0.547,0.397,0.151,1,37.84,0.049,0.031,,baseline,8
2026-10-08 13:48:38.364,92.48,20261008_134705,วิว,baseline,,,,,84.5,,1,0.551,0.415,0.135,1,37.79,0.049,0.031,,baseline,8
2026-10-08 13:48:38.556,92.68,20261008_134705,วิว,baseline,,,,,84.5,,1,0.538,0.417,0.121,1,37.67,0.049,0.031,,baseline,8
2026-10-08 13:48:38.761,92.88,20261008_134705,วิว,baseline,,,,,84.5,,1,0.543,0.419,0.124,1,37.7,0.049,0.031,,baseline,8
2026-10-08 13:48:38.963,93.08,20261008_134705,วิว,baseline,,,,,84.5,,1,0.547,0.421,0.126,1,37.72,0.049,0.031,,baseline,8
2026-10-08 13:48:39.167,93.29,20261008_134705,วิว,baseline,,,,,84.5,,1,0.548,0.422,0.126,1,37.74,0.049,0.031,,baseline,8
2026-10-08 13:48:39.372,93.49,20261008_134705,วิว,baseline,,,,,84.5,,1,0.551,0.426,0.125,1,37.78,0.049,0.031,,baseline,8
2026-10-08 13:48:39.575,93.7,20261008_134705,วิว,baseline,,,,,84.5,,1,0.551,0.427,0.124,1,37.79,0.049,0.031,,baseline,8
2026-10-08 13:48:39.777,93.9,20261008_134705,วิว,baseline,,,,,84.5,,1,0.552,0.429,0.123,1,37.81,0.049,0.031,,baseline,8
2026-10-08 13:48:39.981,94.1,20261008_134705,วิว,baseline,,,,,84.5,,1,0.552,0.431,0.122,1,37.82,0.049,0.031,,baseline,8
2026-10-08 13:48:40.183,94.3,20261008_134705,วิว,baseline,,,,,84.5,,1,0.553,0.432,0.121,1,37.83,0.049,0.031,,baseline,8
2026-10-08 13:48:40.390,94.51,20261008_134705,วิว,baseline,,,,,84.5,,1,0.553,0.434,0.119,1,37.83,0.049,0.031,,baseline,8
2026-10-08 13:48:40.594,94.72,20261008_134705,วิว,baseline,,,,,84.5,,1,0.553,0.435,0.118,1,37.85,0.049,0.031,,baseline,8
2026-10-08 13:48:40.794,94.91,20261008_134705,วิว,baseline,,,,,84.5,,1,0.553,0.437,0.116,1,37.85,0.049,0.031,,baseline,8
2026-10-08 13:48:40.995,95.12,20261008_134705,วิว,baseline,,,,,84.5,,1,0.553,0.438,0.115,1,37.86,0.049,0.031,,baseline,8
2026-10-08 13:48:41.202,95.32,20261008_134705,วิว,baseline,,,,,84.5,,1,0.553,0.44,0.113,1,37.87,0.049,0.031,,baseline,8
2026-10-08 13:48:41.404,95.53,20261008_134705,วิว,baseline,,,,,84.5,,1,0.554,0.441,0.112,1,37.88,0.049,0.031,,baseline,8
2026-10-08 13:48:41.605,95.73,20261008_134705,วิว,baseline,,,,,84.5,,1,0.554,0.443,0.111,1,37.88,0.049,0.031,,baseline,8
2026-10-08 13:48:41.812,95.93,20261008_134705,วิว,baseline,,,,,84.5,,1,0.555,0.444,0.111,1,37.86,0.049,0.031,,baseline,8
2026-10-08 13:48:42.015,96.14,20261008_134705,วิว,baseline,,,,,84.5,,1,0.549,0.446,0.103,1,37.86,0.049,0.031,,baseline,8
2026-10-08 13:48:42.218,96.34,20261008_134705,วิว,baseline,,,,,84.5,,1,0.551,0.447,0.104,1,37.87,0.049,0.031,,baseline,8
2026-10-08 13:48:42.423,96.54,20261008_134705,วิว,baseline,,,,,84.5,,1,0.553,0.449,0.104,1,37.88,0.049,0.031,,baseline,8
2026-10-08 13:48:42.636,96.76,20261008_134705,วิว,baseline,,,,,84.5,,1,0.553,0.45,0.103,1,37.88,0.049,0.031,,baseline,8
2026-10-08 13:48:42.831,96.95,20261008_134705,วิว,baseline,,,,,84.5,,1,0.553,0.451,0.102,1,37.89,0.049,0.031,,baseline,8
2026-10-08 13:48:43.031,97.15,20261008_134705,วิว,baseline,,,,,84.5,,1,0.553,0.453,0.101,1,37.89,0.049,0.031,,baseline,8
2026-10-08 13:48:43.235,97.36,20261008_134705,วิว,baseline,,,,,84.5,,1,0.554,0.454,0.1,1,37.9,0.049,0.031,,baseline,8
2026-10-08 13:48:43.442,97.56,20261008_134705,วิว,baseline,,,,,84.5,,1,0.554,0.455,0.099,1,37.9,0.049,0.031,,baseline,8
2026-10-08 13:48:43.644,97.77,20261008_134705,วิว,baseline,,,,,84.5,,1,0.554,0.457,0.097,1,37.9,0.049,0.031,,baseline,8
2026-10-08 13:48:43.843,97.96,20261008_134705,วิว,baseline,,,,,84.5,,1,0.554,0.458,0.096,1,37.91,0.049,0.031,,baseline,8
2026-10-08 13:48:44.045,98.17,20261008_134705,วิว,baseline,,,,,84.5,,1,0.554,0.459,0.095,1,37.91,0.049,0.031,,baseline,8
2026-10-08 13:48:44.251,98.37,20261008_134705,วิว,baseline,,,,,84.5,,1,0.554,0.46,0.093,1,37.92,0.049,0.031,,baseline,8
2026-10-08 13:48:46.386,100.51,20261008_134705,วิว,rest,,,,,84.5,,1,0.553,0.472,0.081,1,37.93,0.049,0.031,32,ready,8
2026-10-08 13:48:46.587,100.71,20261008_134705,วิว,rest,,,,,84.5,,1,0.553,0.473,0.08,1,37.94,0.049,0.031,32,ready,8
2026-10-08 13:48:46.790,100.91,20261008_134705,วิว,rest,,,,,84.5,,1,0.553,0.474,0.079,1,37.94,0.049,0.031,32,ready,8
2026-10-08 13:48:46.990,101.11,20261008_134705,วิว,rest,,,,,84.5,,1,0.554,0.475,0.079,1,37.94,0.049,0.031,32,ready,8
2026-10-08 13:48:47.199,101.32,20261008_134705,วิว,rest,,,,,84.5,,1,0.554,0.476,0.077,1,37.94,0.049,0.031,32,ready,8
2026-10-08 13:48:47.404,101.53,20261008_134705,วิว,rest,,,,,84.5,,1,0.554,0.477,0.077,1,37.94,0.049,0.031,32,ready,8
2026-10-08 13:48:47.603,101.72,20261008_134705,วิว,rest,,,,,84.5,,1,0.554,0.478,0.076,1,37.94,0.049,0.031,32,ready,8
2026-10-08 13:48:47.813,101.93,20261008_134705,วิว,rest,,,,,84.5,,1,0.554,0.479,0.074,1,37.94,0.049,0.031,32,ready,8
2026-10-08 13:48:48.013,102.13,20261008_134705,วิว,rest,,,,,84.5,,1,0.552,0.48,0.072,1,37.93,0.049,0.031,32,ready,8
2026-10-08 13:48:48.219,102.34,20261008_134705,วิว,rest,,,,,84.5,,1,0.548,0.482,0.066,1,37.88,0.049,0.031,32,ready,8
2026-10-08 13:48:48.422,102.54,20261008_134705,วิว,rest,,,,,84.5,,1,0.551,0.483,0.068,1,37.89,0.049,0.031,32,ready,8
2026-10-08 13:48:48.621,102.74,20261008_134705,วิว,rest,,,,,84.5,,1,0.553,0.484,0.069,1,37.89,0.049,0.031,32,ready,8
2026-10-08 13:48:48.826,102.95,20261008_134705,วิว,rest,,,,,84.5,,1,0.554,0.485,0.069,1,37.9,0.049,0.031,32,ready,8
2026-10-08 13:48:49.028,103.15,20261008_134705,วิว,rest,,,,,84.5,,1,0.555,0.486,0.069,1,37.9,0.049,0.031,32,ready,8
2026-10-08 13:48:49.230,103.35,20261008_134705,วิว,rest,,,,,84.5,,1,0.555,0.487,0.069,1,37.91,0.049,0.031,32,ready,8
2026-10-08 13:48:49.436,103.56,20261008_134705,วิว,rest,,,,,84.5,,1,0.555,0.488,0.067,1,37.91,0.049,0.031,32,ready,8
2026-10-08 13:48:49.639,103.76,20261008_134705,วิว,rest,,,,,84.5,,1,0.555,0.488,0.066,1,37.91,0.049,0.031,32,ready,8
2026-10-08 13:48:49.841,103.96,20261008_134705,วิว,rest,,,,,84.5,,1,0.555,0.489,0.066,1,37.91,0.049,0.031,32,ready,8
2026-10-08 13:48:50.046,104.17,20261008_134705,วิว,rest,,,,,84.5,,1,0.556,0.49,0.065,1,37.92,0.049,0.031,32,ready,8
2026-10-08 13:48:50.248,104.37,20261008_134705,วิว,rest,,,,,84.5,,1,0.556,0.491,0.065,1,37.92,0.049,0.031,32,ready,8
2026-10-08 13:48:50.457,104.58,20261008_134705,วิว,question,1,600,manual,unknown,84.5,,1,0.556,0.492,0.064,1,37.92,0.049,0.031,32,question,8
2026-10-08 13:48:50.663,104.78,20261008_134705,วิว,question,1,600,manual,unknown,84.5,,1,0.556,0.493,0.063,1,37.93,0.049,0.031,32,question,8
2026-10-08 13:48:50.867,104.99,20261008_134705,วิว,question,1,600,manual,unknown,84.5,,1,0.555,0.494,0.061,1,37.93,0.049,0.031,32,question,8
2026-10-08 13:48:51.070,105.19,20261008_134705,วิว,question,1,600,manual,unknown,84.5,,1,0.554,0.494,0.06,1,37.93,0.049,0.031,32,question,8
2026-10-08 13:48:51.271,105.39,20261008_134705,วิว,question,1,600,manual,unknown,84.5,,1,0.554,0.495,0.059,1,37.93,0.049,0.031,32,question,8
2026-10-08 13:48:51.479,105.6,20261008_134705,วิว,question,1,600,manual,unknown,84.5,,1,0.554,0.496,0.058,1,37.93,0.049,0.031,32,question,8
2026-10-08 13:48:51.678,105.8,20261008_134705,วิว,question,1,600,manual,unknown,84.5,,1,0.553,0.497,0.057,1,37.93,0.049,0.031,32,question,8
2026-10-08 13:48:51.880,106.0,20261008_134705,วิว,question,1,600,manual,unknown,84.5,,1,0.553,0.497,0.056,1,37.94,0.049,0.031,32,question,8
2026-10-08 13:48:52.086,106.21,20261008_134705,วิว,question,1,600,manual,unknown,84.5,,1,0.553,0.498,0.055,1,37.94,0.049,0.031,32,question,8
2026-10-08 13:48:52.288,106.41,20261008_134705,วิว,question,1,600,manual,unknown,84.5,,1,0.553,0.499,0.054,1,37.85,0.049,0.031,32,question,8
2026-10-08 13:48:52.490,106.61,20261008_134705,วิว,question,1,600,manual,unknown,84.5,,1,0.546,0.5,0.046,1,37.84,0.049,0.031,32,question,8
2026-10-08 13:48:52.696,106.82,20261008_134705,วิว,question,1,600,manual,unknown,84.5,,1,0.548,0.5,0.048,1,37.85,0.049,0.031,32,question,8
2026-10-08 13:48:52.899,107.02,20261008_134705,วิว,question,1,600,manual,unknown,84.5,,1,0.549,0.501,0.049,1,37.86,0.049,0.031,32,question,8
2026-10-08 13:48:53.101,107.22,20261008_134705,วิว,question,1,600,manual,unknown,84.5,,1,0.549,0.501,0.047,1,37.86,0.049,0.031,32,question,8
2026-10-08 13:48:53.306,107.43,20261008_134705,วิว,question,1,600,manual,unknown,84.5,,1,0.55,0.502,0.048,1,37.87,0.049,0.031,32,question,8
2026-10-08 13:48:53.508,107.63,20261008_134705,วิว,question,1,600,manual,unknown,84.5,,1,0.551,0.503,0.048,1,37.88,0.049,0.031,32,question,8
2026-10-08 13:48:53.712,107.83,20261008_134705,วิว,question,1,600,manual,unknown,84.5,,1,0.551,0.503,0.047,1,37.88,0.049,0.031,32,question,8
2026-10-08 13:48:53.920,108.04,20261008_134705,วิว,question,1,600,manual,unknown,84.5,,1,0.551,0.504,0.047,1,37.89,0.049,0.031,32,question,8
2026-10-08 13:48:54.121,108.24,20261008_134705,วิว,question,1,600,manual,unknown,84.5,,1,0.55,0.505,0.045,1,37.9,0.049,0.031,32,question,8
2026-10-08 13:48:54.327,108.45,20261008_134705,วิว,question,1,600,manual,unknown,84.5,,1,0.55,0.505,0.044,1,37.9,0.049,0.031,32,question,8
2026-10-08 13:48:54.528,108.65,20261008_134705,วิว,question,1,600,manual,unknown,84.5,,1,0.549,0.506,0.044,1,37.9,0.049,0.031,32,question,8
2026-10-08 13:48:54.730,108.85,20261008_134705,วิว,question,1,600,manual,unknown,84.5,,1,0.549,0.506,0.043,1,37.91,0.049,0.031,32,question,8
2026-10-08 13:48:54.936,109.06,20261008_134705,วิว,question,1,600,manual,unknown,84.5,,1,0.548,0.507,0.041,1,37.91,0.049,0.031,32,question,8
2026-10-08 13:48:55.139,109.26,20261008_134705,วิว,question,1,600,manual,unknown,84.5,,1,0.547,0.507,0.04,1,37.91,0.049,0.031,31,question,8
2026-10-08 13:48:55.340,109.46,20261008_134705,วิว,question,1,600,manual,unknown,84.5,,1,0.547,0.508,0.039,1,37.92,0.049,0.031,31,question,8
2026-10-08 13:48:55.547,109.67,20261008_134705,วิว,question,1,600,manual,unknown,84.5,,1,0.544,0.508,0.035,1,37.92,0.049,0.031,31,question,8
2026-10-08 13:48:55.750,109.87,20261008_134705,วิว,question,1,600,manual,unknown,84.5,,1,0.544,0.509,0.035,1,37.92,0.049,0.031,31,question,8
2026-10-08 13:48:55.950,110.07,20261008_134705,วิว,question,1,600,manual,unknown,84.5,,1,0.54,0.509,0.03,1,37.92,0.049,0.031,31,question,8
2026-10-08 13:48:56.160,110.28,20261008_134705,วิว,question,1,600,manual,unknown,84.5,,1,0.539,0.51,0.029,1,37.93,0.049,0.031,31,question,8
2026-10-08 13:48:56.358,110.48,20261008_134705,วิว,question,1,600,manual,unknown,84.5,,1,0.536,0.51,0.026,1,37.93,0.049,0.031,31,question,8
2026-10-08 13:48:56.562,110.68,20261008_134705,วิว,question,1,600,manual,unknown,84.5,,1,0.532,0.51,0.022,1,37.94,0.049,0.031,30,question,8
2026-10-08 13:48:56.767,110.89,20261008_134705,วิว,question,1,600,manual,unknown,84.5,,1,0.529,0.511,0.018,1,37.84,0.049,0.031,30,question,8
2026-10-08 13:48:56.972,111.09,20261008_134705,วิว,question,1,600,manual,unknown,84.5,,1,0.528,0.511,0.017,1,37.85,0.049,0.031,30,question,8
2026-10-08 13:48:57.170,111.29,20261008_134705,วิว,question,1,600,manual,unknown,84.5,,1,0.526,0.511,0.015,1,37.86,0.049,0.031,30,question,8
2026-10-08 13:48:57.378,111.5,20261008_134705,วิว,question,1,600,manual,unknown,84.5,,1,0.525,0.511,0.014,1,37.87,0.049,0.031,30,question,8
2026-10-08 13:48:57.578,111.7,20261008_134705,วิว,question,1,600,manual,unknown,84.5,,1,0.525,0.512,0.014,1,37.87,0.049,0.031,29,question,8
2026-10-08 13:48:57.780,111.9,20261008_134705,วิว,question,1,600,manual,unknown,84.5,,1,0.524,0.512,0.013,1,37.88,0.049,0.031,29,question,8
2026-10-08 13:48:57.990,112.11,20261008_134705,วิว,question,1,600,manual,unknown,84.5,,1,0.523,0.512,0.011,1,37.89,0.049,0.031,29,question,8
2026-10-08 13:48:58.190,112.31,20261008_134705,วิว,question,1,600,manual,unknown,84.5,,1,0.523,0.512,0.011,1,37.89,0.049,0.031,29,question,8
2026-10-08 13:48:58.392,112.51,20261008_134705,วิว,question,1,600,manual,unknown,84.5,,1,0.522,0.512,0.01,1,37.9,0.049,0.031,29,question,8
2026-10-08 13:48:58.598,112.72,20261008_134705,วิว,question,1,600,manual,unknown,84.5,,1,0.522,0.512,0.009,1,37.9,0.049,0.031,29,question,8
2026-10-08 13:48:58.799,112.92,20261008_134705,วิว,question,1,600,manual,unknown,84.5,,1,0.521,0.512,0.009,1,37.91,0.049,0.031,29,question,8
2026-10-08 13:48:59.001,113.12,20261008_134705,วิว,question,1,600,manual,unknown,84.5,,1,0.52,0.512,0.008,1,37.91,0.049,0.031,28,question,8
2026-10-08 13:48:59.212,113.33,20261008_134705,วิว,question,1,600,manual,unknown,84.5,,1,0.52,0.513,0.007,1,37.91,0.049,0.031,28,question,8
2026-10-08 13:48:59.409,113.53,20261008_134705,วิว,question,1,600,manual,unknown,84.5,,1,0.52,0.513,0.007,1,37.89,0.049,0.031,28,question,8
2026-10-08 13:48:59.610,113.73,20261008_134705,วิว,question,1,600,manual,unknown,84.5,,1,0.519,0.513,0.006,1,37.9,0.049,0.031,28,question,8
2026-10-08 13:48:59.819,113.94,20261008_134705,วิว,question,1,600,manual,unknown,84.5,,1,0.518,0.513,0.006,1,37.91,0.049,0.031,28,question,8
2026-10-08 13:49:00.019,114.14,20261008_134705,วิว,question,1,600,manual,unknown,84.5,,1,0.518,0.513,0.005,1,37.91,0.049,0.031,28,question,8
2026-10-08 13:49:00.221,114.34,20261008_134705,วิว,question,1,600,manual,unknown,84.5,,1,0.518,0.513,0.005,1,37.92,0.049,0.031,28,question,8
2026-10-08 13:49:00.428,114.55,20261008_134705,วิว,question,1,600,manual,unknown,84.5,,1,0.518,0.513,0.005,1,37.92,0.049,0.031,28,question,8
2026-10-08 13:49:00.628,114.75,20261008_134705,วิว,question,1,600,manual,unknown,84.5,,1,0.518,0.513,0.004,1,37.92,0.049,0.031,28,question,8
2026-10-08 13:49:00.830,114.95,20261008_134705,วิว,question,1,600,manual,unknown,84.5,,1,0.517,0.513,0.004,1,37.93,0.049,0.031,28,question,8
2026-10-08 13:49:01.036,115.16,20261008_134705,วิว,question,1,600,manual,unknown,84.5,,1,0.518,0.513,0.005,1,37.93,0.049,0.031,28,question,8
2026-10-08 13:49:01.240,115.36,20261008_134705,วิว,question,1,600,manual,unknown,84.5,,1,0.518,0.513,0.004,1,37.93,0.049,0.031,28,question,8
2026-10-08 13:49:01.442,115.56,20261008_134705,วิว,question,1,600,manual,unknown,84.5,,1,0.517,0.513,0.004,1,37.93,0.049,0.031,28,question,8
2026-10-08 13:49:01.646,115.77,20261008_134705,วิว,question,1,600,manual,unknown,84.5,,1,0.517,0.513,0.004,1,37.93,0.049,0.031,28,question,8
2026-10-08 13:49:01.848,115.97,20261008_134705,วิว,question,1,600,manual,unknown,84.5,,1,0.517,0.514,0.003,1,37.93,0.049,0.031,28,question,8
2026-10-08 13:49:02.050,116.17,20261008_134705,วิว,question,1,600,manual,unknown,84.5,,1,0.516,0.514,0.003,1,37.93,0.049,0.031,28,question,8
2026-10-08 13:49:02.262,116.38,20261008_134705,วิว,recovery,1,600,manual,unknown,84.5,,1,0.516,0.514,0.002,1,37.94,0.049,0.031,28,ready,8
2026-10-08 13:49:04.470,118.59,20261008_134705,วิว,recovery,1,600,manual,unknown,84.5,,1,0.511,0.513,-0.003,1,37.88,0.049,0.031,27,ready,8
2026-10-08 13:49:04.665,118.79,20261008_134705,วิว,recovery,1,600,manual,unknown,84.5,,1,0.511,0.513,-0.003,1,37.88,0.049,0.031,27,ready,8
2026-10-08 13:49:04.872,118.99,20261008_134705,วิว,recovery,1,600,manual,unknown,84.5,,1,0.51,0.513,-0.003,1,37.89,0.049,0.031,27,ready,8
2026-10-08 13:49:05.072,119.19,20261008_134705,วิว,recovery,1,600,manual,unknown,84.5,,1,0.51,0.513,-0.004,1,37.9,0.049,0.031,27,ready,8
2026-10-08 13:49:05.276,119.4,20261008_134705,วิว,recovery,1,600,manual,unknown,84.5,,1,0.509,0.513,-0.004,1,37.9,0.049,0.031,27,ready,8
2026-10-08 13:49:05.481,119.6,20261008_134705,วิว,recovery,1,600,manual,unknown,84.5,,1,0.508,0.513,-0.005,1,37.91,0.049,0.031,27,ready,8
2026-10-08 13:49:05.685,119.81,20261008_134705,วิว,rest,,,,,84.5,,1,0.507,0.513,-0.006,1,37.92,0.049,0.031,27,ready,8
2026-10-08 13:49:05.885,120.01,20261008_134705,วิว,rest,,,,,84.5,,1,0.507,0.513,-0.006,1,37.92,0.049,0.031,27,ready,8
2026-10-08 13:49:06.090,120.21,20261008_134705,วิว,rest,,,,,84.5,,1,0.507,0.513,-0.006,1,37.92,0.049,0.031,27,ready,8
2026-10-08 13:49:06.294,120.42,20261008_134705,วิว,rest,,,,,84.5,,1,0.506,0.513,-0.007,1,37.92,0.049,0.031,27,ready,8
2026-10-08 13:49:06.496,120.62,20261008_134705,วิว,rest,,,,,84.5,,1,0.505,0.513,-0.007,1,37.92,0.049,0.031,27,ready,8
2026-10-08 13:49:06.700,120.82,20261008_134705,วิว,rest,,,,,84.5,,1,0.505,0.513,-0.007,1,37.92,0.049,0.031,27,ready,8
2026-10-08 13:49:06.905,121.03,20261008_134705,วิว,rest,,,,,84.5,,1,0.505,0.512,-0.007,1,37.93,0.049,0.031,27,ready,8
2026-10-08 13:49:07.104,121.23,20261008_134705,วิว,rest,,,,,84.5,,1,0.505,0.512,-0.008,1,37.93,0.049,0.031,26,ready,8
2026-10-08 13:49:07.310,121.43,20261008_134705,วิว,rest,,,,,84.5,,1,0.504,0.512,-0.008,1,37.93,0.049,0.031,26,ready,8
2026-10-08 13:49:07.512,121.63,20261008_134705,วิว,rest,,,,,84.5,,1,0.504,0.512,-0.009,1,37.93,0.049,0.031,26,ready,8
2026-10-08 13:49:07.719,121.84,20261008_134705,วิว,rest,,,,,84.5,,1,0.502,0.512,-0.01,1,37.93,0.049,0.031,26,ready,8
2026-10-08 13:49:07.923,122.04,20261008_134705,วิว,rest,,,,,84.5,,1,0.496,0.512,-0.016,1,37.85,0.049,0.031,26,ready,8
2026-10-08 13:49:08.127,122.25,20261008_134705,วิว,rest,,,,,84.5,,1,0.494,0.512,-0.017,1,37.86,0.049,0.031,26,ready,8
2026-10-08 13:49:08.330,122.45,20261008_134705,วิว,rest,,,,,84.5,,1,0.496,0.511,-0.015,1,37.87,0.049,0.031,26,ready,8
2026-10-08 13:49:08.536,122.66,20261008_134705,วิว,question,2,601,manual,lie,84.5,,1,0.495,0.511,-0.017,1,37.89,0.049,0.031,26,question,8
2026-10-08 13:49:08.740,122.86,20261008_134705,วิว,question,2,601,manual,lie,84.5,,1,0.495,0.511,-0.016,1,37.89,0.049,0.031,26,question,8
2026-10-08 13:49:08.945,123.07,20261008_134705,วิว,question,2,601,manual,lie,84.5,,1,0.496,0.511,-0.015,1,37.9,0.049,0.031,26,question,8
2026-10-08 13:49:09.144,123.26,20261008_134705,วิว,question,2,601,manual,lie,84.5,,1,0.495,0.511,-0.015,1,37.9,0.049,0.031,26,question,8
2026-10-08 13:49:09.354,123.47,20261008_134705,วิว,question,2,601,manual,lie,84.5,,1,0.493,0.51,-0.017,1,37.91,0.049,0.031,25,question,8
2026-10-08 13:49:09.559,123.68,20261008_134705,วิว,question,2,601,manual,lie,84.5,,1,0.492,0.51,-0.018,1,37.91,0.049,0.031,25,question,8
2026-10-08 13:49:09.757,123.88,20261008_134705,วิว,question,2,601,manual,lie,84.5,,1,0.49,0.51,-0.019,1,37.91,0.049,0.031,25,question,8
2026-10-08 13:49:09.960,124.08,20261008_134705,วิว,question,2,601,manual,lie,84.5,,1,0.489,0.51,-0.02,1,37.92,0.049,0.031,25,question,8
2026-10-08 13:49:10.162,124.28,20261008_134705,วิว,question,2,601,manual,lie,84.5,,1,0.488,0.509,-0.021,1,37.92,0.049,0.031,25,question,8
2026-10-08 13:49:10.364,124.48,20261008_134705,วิว,question,2,601,manual,lie,84.5,,1,0.485,0.509,-0.024,1,37.92,0.049,0.031,25,question,8
2026-10-08 13:49:10.570,124.69,20261008_134705,วิว,question,2,601,manual,lie,84.5,,1,0.485,0.509,-0.024,1,37.92,0.049,0.031,25,question,8
2026-10-08 13:49:10.772,124.89,20261008_134705,วิว,question,2,601,manual,lie,84.5,,1,0.484,0.508,-0.025,1,37.92,0.049,0.031,25,question,8
2026-10-08 13:49:10.974,125.09,20261008_134705,วิว,question,2,601,manual,lie,84.5,,1,0.483,0.508,-0.025,1,37.92,0.049,0.031,25,question,8
2026-10-08 13:49:11.180,125.3,20261008_134705,วิว,question,2,601,manual,lie,84.5,,1,0.483,0.508,-0.024,1,37.93,0.049,0.031,24,question,8
2026-10-08 13:49:11.383,125.5,20261008_134705,วิว,question,2,601,manual,lie,84.5,,1,0.483,0.507,-0.025,1,37.93,0.049,0.031,24,question,8
2026-10-08 13:49:11.584,125.7,20261008_134705,วิว,question,2,601,manual,lie,84.5,,1,0.482,0.507,-0.025,1,37.93,0.049,0.031,24,question,8
2026-10-08 13:49:11.792,125.91,20261008_134705,วิว,question,2,601,manual,lie,84.5,,1,0.481,0.507,-0.026,1,37.93,0.049,0.031,24,question,8
2026-10-08 13:49:11.992,126.11,20261008_134705,วิว,question,2,601,manual,lie,84.5,,1,0.481,0.506,-0.025,1,37.93,0.049,0.031,24,question,8
2026-10-08 13:49:12.194,126.32,20261008_134705,วิว,question,2,601,manual,lie,84.5,,1,0.482,0.506,-0.024,1,37.91,0.049,0.031,24,question,8
2026-10-08 13:49:12.407,126.53,20261008_134705,วิว,question,2,601,manual,lie,84.5,,1,0.475,0.506,-0.03,1,37.85,0.049,0.031,24,question,8
2026-10-08 13:49:12.602,126.72,20261008_134705,วิว,question,2,601,manual,lie,84.5,,1,0.477,0.505,-0.028,1,37.86,0.049,0.031,24,question,8
2026-10-08 13:49:12.805,126.93,20261008_134705,วิว,question,2,601,manual,lie,84.5,,1,0.478,0.505,-0.027,1,37.87,0.049,0.031,24,question,8
2026-10-08 13:49:13.011,127.13,20261008_134705,วิว,question,2,601,manual,lie,84.5,,1,0.478,0.504,-0.026,1,37.88,0.049,0.031,24,question,8
2026-10-08 13:49:13.213,127.33,20261008_134705,วิว,question,2,601,manual,lie,84.5,,1,0.478,0.504,-0.026,1,37.89,0.049,0.031,24,question,8
2026-10-08 13:49:13.415,127.54,20261008_134705,วิว,question,2,601,manual,lie,84.5,,1,0.477,0.504,-0.026,1,37.89,0.049,0.031,24,question,8
2026-10-08 13:49:13.621,127.74,20261008_134705,วิว,question,2,601,manual,lie,84.5,,1,0.478,0.503,-0.026,1,37.9,0.049,0.031,24,question,8
2026-10-08 13:49:13.840,127.96,20261008_134705,วิว,question,2,601,manual,lie,84.5,,1,0.478,0.503,-0.025,1,37.9,0.049,0.031,24,question,8
2026-10-08 13:49:14.027,128.15,20261008_134705,วิว,question,2,601,manual,lie,84.5,,1,0.465,0.503,-0.037,1,37.79,0.049,0.031,23,question,8
2026-10-08 13:49:14.230,128.35,20261008_134705,วิว,question,2,601,manual,lie,84.5,,1,0.469,0.502,-0.033,1,37.8,0.049,0.031,23,question,8
2026-10-08 13:49:14.434,128.56,20261008_134705,วิว,question,2,601,manual,lie,84.5,,1,0.472,0.502,-0.03,1,37.81,0.049,0.031,23,question,8
2026-10-08 13:49:14.641,128.76,20261008_134705,วิว,question,2,601,manual,lie,84.5,,1,0.473,0.501,-0.028,1,37.83,0.049,0.031,23,question,8
2026-10-08 13:49:14.845,128.97,20261008_134705,วิว,question,2,601,manual,lie,84.5,,1,0.475,0.501,-0.026,1,37.84,0.049,0.031,23,question,8
2026-10-08 13:49:15.045,129.17,20261008_134705,วิว,question,2,601,manual,lie,84.5,,1,0.475,0.501,-0.026,1,37.85,0.049,0.031,23,question,8
2026-10-08 13:49:15.244,129.36,20261008_134705,วิว,question,2,601,manual,lie,84.5,,1,0.474,0.5,-0.026,1,37.86,0.049,0.031,23,question,8
2026-10-08 13:49:15.454,129.57,20261008_134705,วิว,question,2,601,manual,lie,84.5,,1,0.475,0.5,-0.025,1,37.87,0.049,0.031,23,question,8
2026-10-08 13:49:15.652,129.77,20261008_134705,วิว,question,2,601,manual,lie,84.5,,1,0.474,0.5,-0.026,1,37.88,0.049,0.031,23,question,8
2026-10-08 13:49:15.854,129.97,20261008_134705,วิว,question,2,601,manual,lie,84.5,,1,0.474,0.499,-0.025,1,37.89,0.049,0.031,23,question,8
2026-10-08 13:49:16.060,130.18,20261008_134705,วิว,question,2,601,manual,lie,84.5,,1,0.473,0.499,-0.026,1,37.89,0.049,0.031,23,question,8
2026-10-08 13:49:16.268,130.39,20261008_134705,วิว,question,2,601,manual,lie,84.5,,1,0.473,0.499,-0.026,1,37.9,0.049,0.031,23,question,8
2026-10-08 13:49:16.467,130.59,20261008_134705,วิว,question,2,601,manual,lie,84.5,,1,0.472,0.498,-0.026,1,37.9,0.049,0.031,23,question,8
2026-10-08 13:49:16.673,130.79,20261008_134705,วิว,question,2,601,manual,lie,84.5,,1,0.464,0.498,-0.034,1,37.8,0.049,0.031,23,question,8
2026-10-08 13:49:16.873,130.99,20261008_134705,วิว,question,2,601,manual,lie,84.5,,1,0.467,0.497,-0.03,1,37.81,0.049,0.031,23,question,8
2026-10-08 13:49:17.082,131.2,20261008_134705,วิว,question,2,601,manual,lie,84.5,,1,0.469,0.497,-0.028,1,37.84,0.049,0.031,23,question,8
2026-10-08 13:49:17.282,131.4,20261008_134705,วิว,question,2,601,manual,lie,84.5,,1,0.469,0.496,-0.028,1,37.85,0.049,0.031,23,question,8
2026-10-08 13:49:17.491,131.61,20261008_134705,วิว,question,2,601,manual,lie,84.5,,1,0.469,0.496,-0.027,1,37.86,0.049,0.031,23,question,8
2026-10-08 13:49:17.691,131.81,20261008_134705,วิว,question,2,601,manual,lie,84.5,,1,0.469,0.496,-0.027,1,37.87,0.049,0.031,23,question,8
2026-10-08 13:49:17.897,132.02,20261008_134705,วิว,question,2,601,manual,lie,84.5,,1,0.468,0.495,-0.027,1,37.88,0.049,0.031,23,question,8
2026-10-08 13:49:18.102,132.22,20261008_134705,วิว,question,2,601,manual,lie,84.5,,1,0.468,0.495,-0.027,1,37.89,0.049,0.031,23,question,8
2026-10-08 13:49:18.302,132.42,20261008_134705,วิว,question,2,601,manual,lie,84.5,,1,0.468,0.495,-0.026,1,37.89,0.049,0.031,23,question,8
2026-10-08 13:49:18.504,132.62,20261008_134705,วิว,question,2,601,manual,lie,84.5,,1,0.468,0.494,-0.026,1,37.9,0.049,0.031,23,question,8
2026-10-08 13:49:18.711,132.83,20261008_134705,วิว,question,2,601,manual,lie,84.5,,1,0.468,0.494,-0.026,1,37.9,0.049,0.031,23,question,8
2026-10-08 13:49:18.912,133.03,20261008_134705,วิว,question,2,601,manual,lie,84.5,,1,0.467,0.493,-0.026,1,37.91,0.049,0.031,23,question,8
2026-10-08 13:49:19.114,133.23,20261008_134705,วิว,question,2,601,manual,lie,84.5,,1,0.467,0.493,-0.027,1,37.91,0.049,0.031,22,question,8
2026-10-08 13:49:19.320,133.44,20261008_134705,วิว,question,2,601,manual,lie,84.5,,1,0.466,0.493,-0.026,1,37.92,0.049,0.031,22,question,8
2026-10-08 13:49:19.522,133.64,20261008_134705,วิว,question,2,601,manual,lie,84.5,,1,0.466,0.492,-0.026,1,37.92,0.049,0.031,22,question,8
2026-10-08 13:49:19.724,133.84,20261008_134705,วิว,question,2,601,manual,lie,84.5,,1,0.466,0.492,-0.026,1,37.92,0.049,0.031,22,question,8
2026-10-08 13:49:19.930,134.05,20261008_134705,วิว,question,2,601,manual,lie,84.5,,1,0.466,0.492,-0.026,1,37.93,0.049,0.031,22,question,8
2026-10-08 13:49:20.132,134.25,20261008_134705,วิว,question,2,601,manual,lie,84.5,,1,0.465,0.491,-0.027,1,37.93,0.049,0.031,22,question,8
2026-10-08 13:49:20.337,134.46,20261008_134705,วิว,recovery,2,601,manual,lie,84.5,,1,0.463,0.491,-0.028,1,37.93,0.049,0.031,22,ready,8
2026-10-08 13:49:20.536,134.66,20261008_134705,วิว,recovery,2,601,manual,lie,84.5,,1,0.462,0.491,-0.029,1,37.93,0.049,0.031,22,ready,8
2026-10-08 13:49:20.739,134.86,20261008_134705,วิว,recovery,2,601,manual,lie,84.5,,1,0.461,0.49,-0.029,1,37.94,0.049,0.031,22,ready,8
2026-10-08 13:49:20.941,135.06,20261008_134705,วิว,recovery,2,601,manual,lie,84.5,,1,0.458,0.49,-0.032,1,37.94,0.049,0.031,22,ready,8
2026-10-08 13:49:21.145,135.27,20261008_134705,วิว,recovery,2,601,manual,lie,84.5,,1,0.457,0.489,-0.032,1,37.94,0.049,0.031,22,ready,8
2026-10-08 13:49:21.347,135.47,20261008_134705,วิว,recovery,2,601,manual,lie,84.5,,1,0.456,0.489,-0.033,1,37.94,0.049,0.031,22,ready,8
2026-10-08 13:49:21.549,135.67,20261008_134705,วิว,recovery,2,601,manual,lie,84.5,,1,0.455,0.488,-0.033,1,37.94,0.049,0.031,22,ready,8
2026-10-08 13:49:21.755,135.88,20261008_134705,วิว,recovery,2,601,manual,lie,84.5,,1,0.456,0.488,-0.032,1,37.91,0.049,0.031,22,ready,8
2026-10-08 13:49:21.956,136.08,20261008_134705,วิว,rest,,,,,84.5,,1,0.45,0.488,-0.038,1,37.86,0.049,0.031,21,ready,8
2026-10-08 13:49:22.159,136.28,20261008_134705,วิว,rest,,,,,84.5,,1,0.451,0.487,-0.036,1,37.87,0.049,0.031,21,ready,8
2026-10-08 13:49:22.367,136.49,20261008_134705,วิว,rest,,,,,84.5,,1,0.452,0.487,-0.035,1,37.88,0.049,0.031,21,ready,8
2026-10-08 13:49:22.565,136.69,20261008_134705,วิว,rest,,,,,84.5,,1,0.451,0.486,-0.035,1,37.88,0.049,0.031,21,ready,8
2026-10-08 13:49:22.769,136.89,20261008_134705,วิว,rest,,,,,84.5,,1,0.45,0.486,-0.036,1,37.89,0.049,0.031,21,ready,8
2026-10-08 13:49:22.970,137.09,20261008_134705,วิว,rest,,,,,84.5,,1,0.447,0.485,-0.038,1,37.9,0.049,0.031,21,ready,8
2026-10-08 13:49:23.178,137.3,20261008_134705,วิว,rest,,,,,84.5,,1,0.447,0.485,-0.038,1,37.9,0.049,0.031,21,ready,8
2026-10-08 13:49:23.379,137.5,20261008_134705,วิว,rest,,,,,84.5,,1,0.446,0.484,-0.038,1,37.91,0.049,0.031,21,ready,8
2026-10-08 13:49:23.582,137.7,20261008_134705,วิว,rest,,,,,84.5,,1,0.446,0.484,-0.038,1,37.91,0.049,0.031,21,ready,8
2026-10-08 13:49:23.787,137.91,20261008_134705,วิว,rest,,,,,84.5,,1,0.444,0.483,-0.039,1,37.92,0.049,0.031,21,ready,8
2026-10-08 13:49:23.994,138.11,20261008_134705,วิว,rest,,,,,84.5,,1,0.442,0.483,-0.04,1,37.92,0.049,0.031,21,ready,8
2026-10-08 13:49:24.190,138.31,20261008_134705,วิว,question,3,602,manual,truth,84.5,,1,0.441,0.482,-0.041,1,37.92,0.049,0.031,20,question,8
2026-10-08 13:49:24.399,138.52,20261008_134705,วิว,question,3,602,manual,truth,84.5,,1,0.438,0.481,-0.044,1,37.93,0.049,0.031,20,question,8
2026-10-08 13:49:24.608,138.73,20261008_134705,วิว,question,3,602,manual,truth,84.5,,1,0.435,0.481,-0.045,1,37.93,0.049,0.031,20,question,8
2026-10-08 13:49:24.810,138.93,20261008_134705,วิว,question,3,602,manual,truth,84.5,,1,0.435,0.48,-0.046,1,37.91,0.049,0.031,20,question,8
2026-10-08 13:49:25.008,139.13,20261008_134705,วิว,question,3,602,manual,truth,84.5,,1,0.435,0.48,-0.045,1,37.91,0.049,0.031,20,question,8
2026-10-08 13:49:25.210,139.33,20261008_134705,วิว,question,3,602,manual,truth,84.5,,1,0.435,0.479,-0.044,1,37.92,0.049,0.031,20,question,8
2026-10-08 13:49:25.416,139.54,20261008_134705,วิว,question,3,602,manual,truth,84.5,,1,0.434,0.478,-0.045,1,37.92,0.049,0.031,20,question,8
2026-10-08 13:49:25.618,139.74,20261008_134705,วิว,question,3,602,manual,truth,84.5,,1,0.434,0.478,-0.044,1,37.92,0.049,0.031,20,question,8
2026-10-08 13:49:25.820,139.94,20261008_134705,วิว,question,3,602,manual,truth,84.5,,1,0.433,0.477,-0.044,1,37.93,0.049,0.031,20,question,8
2026-10-08 13:49:26.027,140.15,20261008_134705,วิว,question,3,602,manual,truth,84.5,,1,0.432,0.477,-0.045,1,37.95,0.049,0.031,19,question,8
2026-10-08 13:49:26.228,140.35,20261008_134705,วิว,question,3,602,manual,truth,84.5,,1,0.426,0.476,-0.05,1,37.85,0.049,0.031,19,question,8
2026-10-08 13:49:26.431,140.55,20261008_134705,วิว,question,3,602,manual,truth,84.5,,1,0.428,0.475,-0.047,1,37.86,0.049,0.031,19,question,8
2026-10-08 13:49:26.636,140.76,20261008_134705,วิว,question,3,602,manual,truth,84.5,,1,0.429,0.475,-0.045,1,37.87,0.049,0.031,19,question,8
2026-10-08 13:49:26.838,140.96,20261008_134705,วิว,question,3,602,manual,truth,84.5,,1,0.429,0.474,-0.045,1,37.88,0.049,0.031,19,question,8
2026-10-08 13:49:27.042,141.16,20261008_134705,วิว,question,3,602,manual,truth,84.5,,1,0.43,0.474,-0.044,1,37.88,0.049,0.031,19,question,8
2026-10-08 13:49:27.247,141.37,20261008_134705,วิว,question,3,602,manual,truth,84.5,,1,0.43,0.473,-0.043,1,37.89,0.049,0.031,19,question,8
2026-10-08 13:49:27.447,141.57,20261008_134705,วิว,question,3,602,manual,truth,84.5,,1,0.429,0.472,-0.043,1,37.9,0.049,0.031,19,question,8
2026-10-08 13:49:27.650,141.77,20261008_134705,วิว,question,3,602,manual,truth,84.5,,1,0.429,0.472,-0.043,1,37.9,0.049,0.031,19,question,8
2026-10-08 13:49:27.856,141.98,20261008_134705,วิว,question,3,602,manual,truth,84.5,,1,0.429,0.471,-0.043,1,37.9,0.049,0.031,19,question,8
2026-10-08 13:49:28.061,142.18,20261008_134705,วิว,question,3,602,manual,truth,84.5,,1,0.428,0.471,-0.043,1,37.91,0.049,0.031,19,question,8
2026-10-08 13:49:28.266,142.39,20261008_134705,วิว,question,3,602,manual,truth,84.5,,1,0.42,0.47,-0.05,1,37.82,0.049,0.031,19,question,8
2026-10-08 13:49:28.467,142.59,20261008_134705,วิว,question,3,602,manual,truth,84.5,,1,0.423,0.469,-0.047,1,37.83,0.049,0.031,19,question,8
2026-10-08 13:49:28.670,142.79,20261008_134705,วิว,question,3,602,manual,truth,84.5,,1,0.424,0.469,-0.045,1,37.84,0.049,0.031,19,question,8
2026-10-08 13:49:28.878,143.0,20261008_134705,วิว,question,3,602,manual,truth,84.5,,1,0.424,0.468,-0.044,1,37.86,0.049,0.031,19,question,8
2026-10-08 13:49:29.078,143.2,20261008_134705,วิว,question,3,602,manual,truth,84.5,,1,0.425,0.468,-0.043,1,37.86,0.049,0.031,19,question,8
2026-10-08 13:49:29.281,143.4,20261008_134705,วิว,question,3,602,manual,truth,84.5,,1,0.425,0.467,-0.042,1,37.87,0.049,0.031,19,question,8
2026-10-08 13:49:29.485,143.61,20261008_134705,วิว,question,3,602,manual,truth,84.5,,1,0.425,0.466,-0.042,1,37.88,0.049,0.031,19,question,8
2026-10-08 13:49:29.691,143.81,20261008_134705,วิว,question,3,602,manual,truth,84.5,,1,0.425,0.466,-0.041,1,37.89,0.049,0.031,19,question,8
2026-10-08 13:49:29.890,144.01,20261008_134705,วิว,question,3,602,manual,truth,84.5,,1,0.424,0.465,-0.041,1,37.9,0.049,0.031,19,question,8
2026-10-08 13:49:30.093,144.21,20261008_134705,วิว,question,3,602,manual,truth,84.5,,1,0.424,0.465,-0.041,1,37.9,0.049,0.031,19,question,8
2026-10-08 13:49:30.296,144.42,20261008_134705,วิว,question,3,602,manual,truth,84.5,,1,0.424,0.464,-0.04,1,37.91,0.049,0.031,19,question,8
2026-10-08 13:49:30.498,144.62,20261008_134705,วิว,question,3,602,manual,truth,84.5,,1,0.418,0.464,-0.046,1,37.85,0.049,0.031,18,question,8
2026-10-08 13:49:30.705,144.83,20261008_134705,วิว,question,3,602,manual,truth,84.5,,1,0.419,0.463,-0.044,1,37.86,0.049,0.031,18,question,8
2026-10-08 13:49:30.907,145.03,20261008_134705,วิว,question,3,602,manual,truth,84.5,,1,0.421,0.462,-0.041,1,37.87,0.049,0.031,18,question,8
2026-10-08 13:49:31.109,145.23,20261008_134705,วิว,question,3,602,manual,truth,84.5,,1,0.422,0.461,-0.04,1,37.88,0.049,0.031,18,question,8
2026-10-08 13:49:31.311,145.43,20261008_134705,วิว,question,3,602,manual,truth,84.5,,1,0.422,0.461,-0.039,1,37.88,0.049,0.031,18,question,8
2026-10-08 13:49:31.516,145.64,20261008_134705,วิว,question,3,602,manual,truth,84.5,,1,0.422,0.46,-0.038,1,37.89,0.049,0.031,18,question,8
2026-10-08 13:49:31.717,145.84,20261008_134705,วิว,question,3,602,manual,truth,84.5,,1,0.422,0.46,-0.038,1,37.9,0.049,0.031,18,question,8
2026-10-08 13:49:31.921,146.04,20261008_134705,วิว,question,3,602,manual,truth,84.5,,1,0.422,0.459,-0.038,1,37.9,0.049,0.031,18,question,8
2026-10-08 13:49:32.121,146.24,20261008_134705,วิว,question,3,602,manual,truth,84.5,,1,0.422,0.459,-0.037,1,37.91,0.049,0.031,18,question,8
2026-10-08 13:49:32.325,146.45,20261008_134705,วิว,question,3,602,manual,truth,84.5,,1,0.422,0.458,-0.037,1,37.91,0.049,0.031,18,question,8
2026-10-08 13:49:32.528,146.65,20261008_134705,วิว,question,3,602,manual,truth,84.5,,1,0.421,0.458,-0.037,1,37.91,0.049,0.031,18,question,8
2026-10-08 13:49:32.731,146.85,20261008_134705,วิว,question,3,602,manual,truth,84.5,,1,0.421,0.457,-0.037,1,37.92,0.049,0.031,18,question,8
2026-10-08 13:49:32.931,147.05,20261008_134705,วิว,question,3,602,manual,truth,84.5,,1,0.421,0.457,-0.036,1,37.92,0.049,0.031,18,question,8
2026-10-08 13:49:33.135,147.26,20261008_134705,วิว,question,3,602,manual,truth,84.5,,1,0.42,0.456,-0.036,1,37.92,0.049,0.031,18,question,8
2026-10-08 13:49:33.337,147.46,20261008_134705,วิว,question,3,602,manual,truth,84.5,,1,0.42,0.456,-0.036,1,37.93,0.049,0.031,18,question,8
2026-10-08 13:49:33.539,147.66,20261008_134705,วิว,question,3,602,manual,truth,84.5,,1,0.42,0.456,-0.036,1,37.93,0.049,0.031,18,question,8
2026-10-08 13:49:33.745,147.87,20261008_134705,วิว,question,3,602,manual,truth,84.5,,1,0.419,0.455,-0.036,1,37.93,0.049,0.031,18,question,8
2026-10-08 13:49:33.945,148.07,20261008_134705,วิว,question,3,602,manual,truth,84.5,,1,0.419,0.455,-0.036,1,37.93,0.049,0.031,18,question,8
2026-10-08 13:49:34.146,148.27,20261008_134705,วิว,question,3,602,manual,truth,84.5,,1,0.419,0.454,-0.035,1,37.93,0.049,0.031,18,question,8
2026-10-08 13:49:34.348,148.47,20261008_134705,วิว,question,3,602,manual,truth,84.5,,1,0.419,0.454,-0.035,1,37.94,0.049,0.031,18,question,8
2026-10-08 13:49:34.552,148.67,20261008_134705,วิว,question,3,602,manual,truth,84.5,,1,0.419,0.453,-0.034,1,37.89,0.049,0.031,18,question,8
2026-10-08 13:49:34.758,148.88,20261008_134705,วิว,question,3,602,manual,truth,84.5,,1,0.413,0.453,-0.04,1,37.85,0.049,0.031,18,question,8
2026-10-08 13:49:34.958,149.08,20261008_134705,วิว,question,3,602,manual,truth,84.5,,1,0.415,0.452,-0.037,1,37.86,0.049,0.031,18,question,8
2026-10-08 13:49:35.160,149.28,20261008_134705,วิว,question,3,602,manual,truth,84.5,,1,0.416,0.452,-0.036,1,37.87,0.049,0.031,18,question,8
2026-10-08 13:49:35.367,149.49,20261008_134705,วิว,question,3,602,manual,truth,84.5,,1,0.415,0.451,-0.036,1,37.88,0.049,0.031,18,question,8
2026-10-08 13:49:35.568,149.69,20261008_134705,วิว,question,3,602,manual,truth,84.5,,1,0.415,0.451,-0.036,1,37.89,0.049,0.031,18,question,8
2026-10-08 13:49:35.775,149.9,20261008_134705,วิว,question,3,602,manual,truth,84.5,,1,0.416,0.45,-0.035,1,37.89,0.049,0.031,18,question,8
2026-10-08 13:49:35.978,150.1,20261008_134705,วิว,recovery,3,602,manual,truth,84.5,,1,0.416,0.45,-0.034,1,37.9,0.049,0.031,18,ready,8
2026-10-08 13:49:36.182,150.3,20261008_134705,วิว,recovery,3,602,manual,truth,84.5,,1,0.415,0.449,-0.035,1,37.91,0.049,0.031,18,ready,8
2026-10-08 13:49:36.382,150.5,20261008_134705,วิว,recovery,3,602,manual,truth,84.5,,1,0.414,0.449,-0.034,1,37.91,0.049,0.031,18,ready,8
2026-10-08 13:49:36.587,150.71,20261008_134705,วิว,recovery,3,602,manual,truth,84.5,,1,0.414,0.448,-0.034,1,37.91,0.049,0.031,18,ready,8
2026-10-08 13:49:36.792,150.91,20261008_134705,วิว,recovery,3,602,manual,truth,84.5,,1,0.413,0.448,-0.035,1,37.91,0.049,0.031,18,ready,8
2026-10-08 13:49:36.991,151.11,20261008_134705,วิว,recovery,3,602,manual,truth,84.5,,1,0.411,0.447,-0.037,1,37.91,0.049,0.031,18,ready,8
2026-10-08 13:49:37.193,151.31,20261008_134705,วิว,recovery,3,602,manual,truth,84.5,,1,0.409,0.447,-0.038,1,37.92,0.049,0.031,18,ready,8
2026-10-08 13:49:37.400,151.52,20261008_134705,วิว,recovery,3,602,manual,truth,84.5,,1,0.408,0.446,-0.039,1,37.92,0.049,0.031,17,ready,8
2026-10-08 13:49:37.601,151.72,20261008_134705,วิว,recovery,3,602,manual,truth,84.5,,1,0.406,0.446,-0.039,1,37.92,0.049,0.031,17,ready,8
2026-10-08 13:49:37.802,151.92,20261008_134705,วิว,recovery,3,602,manual,truth,84.5,,1,0.405,0.445,-0.04,1,37.92,0.049,0.031,17,ready,8
2026-10-08 13:49:38.013,152.13,20261008_134705,วิว,recovery,3,602,manual,truth,84.5,,1,0.403,0.445,-0.041,1,37.92,0.049,0.031,17,ready,8
2026-10-08 13:49:38.213,152.33,20261008_134705,วิว,recovery,3,602,manual,truth,84.5,,1,0.401,0.444,-0.044,1,37.94,0.049,0.031,17,ready,8
2026-10-08 13:49:38.418,152.54,20261008_134705,วิว,recovery,3,602,manual,truth,84.5,,1,0.402,0.444,-0.042,1,37.94,0.049,0.031,17,ready,8
2026-10-08 13:49:38.621,152.74,20261008_134705,วิว,recovery,3,602,manual,truth,84.5,,1,0.402,0.443,-0.041,1,37.94,0.049,0.031,17,ready,8
2026-10-08 13:49:38.822,152.94,20261008_134705,วิว,recovery,3,602,manual,truth,84.5,,1,0.401,0.443,-0.041,1,37.94,0.049,0.031,17,ready,8
2026-10-08 13:49:39.024,153.14,20261008_134705,วิว,recovery,3,602,manual,truth,84.5,,1,0.402,0.442,-0.04,1,37.94,0.049,0.031,17,ready,8
2026-10-08 13:49:39.234,153.35,20261008_134705,วิว,recovery,3,602,manual,truth,84.5,,1,0.4,0.441,-0.041,1,37.94,0.049,0.031,17,ready,8
2026-10-08 13:49:39.435,153.56,20261008_134705,วิว,recovery,3,602,manual,truth,84.5,,1,0.398,0.441,-0.043,1,37.96,0.049,0.031,17,ready,8
2026-10-08 13:49:39.636,153.76,20261008_134705,วิว,recovery,3,602,manual,truth,84.5,,1,0.391,0.44,-0.05,1,37.93,0.049,0.031,17,ready,8
2026-10-08 13:49:39.840,153.96,20261008_134705,วิว,recovery,3,602,manual,truth,84.5,,1,0.392,0.44,-0.047,1,37.93,0.049,0.031,16,ready,8
2026-10-08 13:49:40.043,154.16,20261008_134705,วิว,recovery,3,602,manual,truth,84.5,,1,0.393,0.439,-0.046,1,37.93,0.049,0.031,16,ready,8
2026-10-08 13:49:40.243,154.36,20261008_134705,วิว,recovery,3,602,manual,truth,84.5,,1,0.395,0.438,-0.044,1,37.93,0.049,0.031,16,ready,8
2026-10-08 13:49:40.448,154.57,20261008_134705,วิว,recovery,3,602,manual,truth,84.5,,1,0.394,0.438,-0.044,1,37.93,0.049,0.031,16,ready,8
2026-10-08 13:49:40.653,154.77,20261008_134705,วิว,rest,,,,,84.5,,1,0.395,0.437,-0.042,1,37.94,0.049,0.031,16,ready,8
2026-10-08 13:49:40.853,154.97,20261008_134705,วิว,rest,,,,,84.5,,1,0.394,0.437,-0.043,1,37.94,0.049,0.031,16,ready,8
2026-10-08 13:49:41.060,155.18,20261008_134705,วิว,rest,,,,,84.5,,1,0.393,0.436,-0.043,1,37.94,0.049,0.031,16,ready,8
2026-10-08 13:49:41.262,155.38,20261008_134705,วิว,rest,,,,,84.5,,1,0.393,0.436,-0.043,1,37.94,0.049,0.031,16,ready,8
2026-10-08 13:49:41.470,155.59,20261008_134705,วิว,rest,,,,,84.5,,1,0.393,0.435,-0.042,1,37.94,0.049,0.031,16,ready,8
2026-10-08 13:49:41.671,155.79,20261008_134705,วิว,rest,,,,,84.5,,1,0.391,0.434,-0.043,1,37.94,0.049,0.031,16,ready,8
2026-10-08 13:49:41.875,156.0,20261008_134705,วิว,rest,,,,,84.5,,1,0.391,0.434,-0.043,1,37.94,0.049,0.031,16,ready,8
2026-10-08 13:49:42.072,156.19,20261008_134705,วิว,rest,,,,,84.5,,1,0.39,0.433,-0.043,1,37.94,0.049,0.031,16,ready,8
2026-10-08 13:49:42.284,156.41,20261008_134705,วิว,rest,,,,,84.5,,1,0.39,0.433,-0.043,1,37.94,0.049,0.031,16,ready,8
2026-10-08 13:49:42.480,156.6,20261008_134705,วิว,rest,,,,,84.5,,1,0.389,0.432,-0.043,1,37.94,0.049,0.031,16,ready,8
2026-10-08 13:49:42.682,156.8,20261008_134705,วิว,rest,,,,,84.5,,1,0.389,0.431,-0.043,1,37.93,0.049,0.031,16,ready,8
2026-10-08 13:49:42.888,157.01,20261008_134705,วิว,rest,,,,,84.5,,1,0.389,0.431,-0.042,1,37.93,0.049,0.031,16,ready,8
2026-10-08 13:49:43.091,157.21,20261008_134705,วิว,rest,,,,,84.5,,1,0.389,0.43,-0.042,1,37.93,0.049,0.031,16,ready,8
2026-10-08 13:49:43.295,157.42,20261008_134705,วิว,rest,,,,,84.5,,1,0.388,0.43,-0.042,1,37.93,0.049,0.031,16,ready,8
2026-10-08 13:49:43.499,157.62,20261008_134705,วิว,rest,,,,,84.5,,1,0.388,0.429,-0.041,1,37.94,0.049,0.031,16,ready,8
2026-10-08 13:49:43.703,157.82,20261008_134705,วิว,rest,,,,,84.5,,1,0.388,0.429,-0.041,1,37.92,0.049,0.031,16,ready,8
2026-10-08 13:49:43.903,158.02,20261008_134705,วิว,rest,,,,,84.5,,1,0.38,0.428,-0.048,1,37.83,0.049,0.031,16,ready,8
2026-10-08 13:49:44.118,158.24,20261008_134705,วิว,rest,,,,,84.5,,1,0.383,0.428,-0.045,1,37.84,0.049,0.031,16,ready,8
2026-10-08 13:49:44.312,158.43,20261008_134705,วิว,rest,,,,,84.5,,1,0.384,0.427,-0.043,1,37.85,0.049,0.031,15,ready,8
2026-10-08 13:49:44.521,158.64,20261008_134705,วิว,rest,,,,,84.5,,1,0.385,0.426,-0.042,1,37.86,0.049,0.031,15,ready,8
2026-10-08 13:49:44.721,158.84,20261008_134705,วิว,rest,,,,,84.5,,1,0.385,0.425,-0.04,1,37.88,0.049,0.031,15,ready,8
2026-10-08 13:49:44.923,159.04,20261008_134705,วิว,rest,,,,,84.5,,1,0.385,0.425,-0.04,1,37.89,0.049,0.031,15,ready,8
2026-10-08 13:49:45.129,159.25,20261008_134705,วิว,rest,,,,,84.5,,1,0.385,0.424,-0.039,1,37.89,0.049,0.031,15,ready,8
2026-10-08 13:49:45.332,159.45,20261008_134705,วิว,rest,,,,,84.5,,1,0.385,0.424,-0.038,1,37.9,0.049,0.031,15,ready,8
2026-10-08 13:49:45.535,159.66,20261008_134705,วิว,rest,,,,,84.5,,1,0.386,0.423,-0.038,1,37.9,0.049,0.031,15,ready,8
2026-10-08 13:49:45.743,159.86,20261008_134705,วิว,rest,,,,,84.5,,1,0.385,0.423,-0.038,1,37.9,0.049,0.031,15,ready,8
2026-10-08 13:49:45.941,160.06,20261008_134705,วิว,rest,,,,,84.5,,1,0.385,0.422,-0.037,1,37.9,0.049,0.031,16,ready,8
2026-10-08 13:49:46.142,160.26,20261008_134705,วิว,rest,,,,,84.5,,1,0.384,0.422,-0.038,1,37.9,0.049,0.031,16,ready,8
2026-10-08 13:49:46.350,160.47,20261008_134705,วิว,rest,,,,,84.5,,1,0.384,0.421,-0.038,1,37.91,0.049,0.031,16,ready,8
2026-10-08 13:49:46.552,160.67,20261008_134705,วิว,rest,,,,,84.5,,1,0.384,0.421,-0.037,1,37.91,0.049,0.031,16,ready,8
2026-10-08 13:49:46.754,160.88,20261008_134705,วิว,rest,,,,,84.5,,1,0.384,0.42,-0.037,1,37.91,0.049,0.031,16,ready,8
2026-10-08 13:49:46.961,161.08,20261008_134705,วิว,rest,,,,,84.5,,1,0.383,0.42,-0.036,1,37.92,0.049,0.031,16,ready,8
2026-10-08 13:49:47.166,161.29,20261008_134705,วิว,rest,,,,,84.5,,1,0.383,0.419,-0.036,1,37.92,0.049,0.031,16,ready,8
2026-10-08 13:49:47.362,161.48,20261008_134705,วิว,rest,,,,,84.5,,1,0.383,0.419,-0.036,1,37.92,0.049,0.031,16,ready,8
2026-10-08 13:49:47.569,161.69,20261008_134705,วิว,rest,,,,,84.5,,1,0.382,0.418,-0.036,1,37.92,0.049,0.031,16,ready,8
2026-10-08 13:49:47.770,161.89,20261008_134705,วิว,rest,,,,,84.5,,1,0.382,0.418,-0.036,1,37.92,0.049,0.031,16,ready,8
2026-10-08 13:49:47.974,162.09,20261008_134705,วิว,rest,,,,,84.5,,1,0.379,0.417,-0.039,1,37.82,0.049,0.031,15,ready,8
2026-10-08 13:49:48.178,162.3,20261008_134705,วิว,rest,,,,,84.5,,1,0.38,0.417,-0.037,1,37.83,0.049,0.031,15,ready,8
2026-10-08 13:49:48.381,162.5,20261008_134705,วิว,rest,,,,,84.5,,1,0.38,0.416,-0.036,1,37.84,0.049,0.031,15,ready,8
2026-10-08 13:49:48.586,162.71,20261008_134705,วิว,rest,,,,,84.5,,1,0.38,0.416,-0.035,1,37.85,0.049,0.031,15,ready,8
2026-10-08 13:49:48.793,162.91,20261008_134705,วิว,rest,,,,,84.5,,1,0.381,0.415,-0.035,1,37.86,0.049,0.031,15,ready,8
2026-10-08 13:49:48.994,163.12,20261008_134705,วิว,rest,,,,,84.5,,1,0.381,0.415,-0.034,1,37.86,0.049,0.031,16,ready,8
2026-10-08 13:49:49.192,163.31,20261008_134705,วิว,rest,,,,,84.5,,1,0.38,0.414,-0.034,1,37.87,0.049,0.031,16,ready,8
2026-10-08 13:49:49.402,163.52,20261008_134705,วิว,rest,,,,,84.5,,1,0.38,0.414,-0.034,1,37.88,0.049,0.031,16,ready,8
2026-10-08 13:49:49.607,163.73,20261008_134705,วิว,rest,,,,,84.5,,1,0.38,0.414,-0.033,1,37.88,0.049,0.031,16,ready,8
2026-10-08 13:49:49.806,163.93,20261008_134705,วิว,rest,,,,,84.5,,1,0.38,0.413,-0.033,1,37.88,0.049,0.031,16,ready,8
2026-10-08 13:49:50.018,164.14,20261008_134705,วิว,rest,,,,,84.5,,1,0.379,0.413,-0.034,1,37.89,0.049,0.031,16,ready,8
2026-10-08 13:49:50.210,164.33,20261008_134705,วิว,rest,,,,,84.5,,1,0.379,0.412,-0.033,1,37.89,0.049,0.031,16,ready,8
2026-10-08 13:49:50.414,164.53,20261008_134705,วิว,rest,,,,,84.5,,1,0.379,0.412,-0.033,1,37.9,0.049,0.031,16,ready,8
2026-10-08 13:49:50.619,164.74,20261008_134705,วิว,rest,,,,,84.5,,1,0.379,0.411,-0.033,1,37.9,0.049,0.031,16,ready,8
2026-10-08 13:49:50.836,164.96,20261008_134705,วิว,rest,,,,,84.5,,1,0.379,0.411,-0.032,1,37.9,0.049,0.031,16,ready,8
2026-10-08 13:49:51.029,165.15,20261008_134705,วิว,rest,,,,,84.5,,1,0.379,0.41,-0.031,1,37.9,0.049,0.031,16,ready,8
2026-10-08 13:49:51.229,165.35,20261008_134705,วิว,rest,,,,,84.5,,1,0.379,0.41,-0.031,1,37.91,0.049,0.031,16,ready,8
2026-10-08 13:49:51.430,165.55,20261008_134705,วิว,rest,,,,,84.5,,1,0.379,0.41,-0.031,1,37.91,0.049,0.031,16,ready,8
2026-10-08 13:49:51.634,165.75,20261008_134705,วิว,rest,,,,,84.5,,1,0.378,0.409,-0.031,1,37.91,0.049,0.031,16,ready,8
2026-10-08 13:49:51.839,165.96,20261008_134705,วิว,rest,,,,,84.5,,1,0.377,0.409,-0.031,1,37.91,0.049,0.031,16,ready,8
2026-10-08 13:49:52.041,166.16,20261008_134705,วิว,rest,,,,,84.5,,1,0.377,0.408,-0.032,1,37.91,0.049,0.031,16,ready,8
2026-10-08 13:49:52.243,166.36,20261008_134705,วิว,rest,,,,,84.5,,1,0.376,0.408,-0.031,1,37.93,0.049,0.031,16,ready,8
2026-10-08 13:49:52.449,166.57,20261008_134705,วิว,rest,,,,,84.5,,1,0.374,0.407,-0.034,1,37.84,0.049,0.031,16,ready,8
2026-10-08 13:49:52.652,166.77,20261008_134705,วิว,rest,,,,,84.5,,1,0.375,0.407,-0.032,1,37.85,0.049,0.031,16,ready,8
2026-10-08 13:49:52.858,166.98,20261008_134705,วิว,rest,,,,,84.5,,1,0.376,0.407,-0.03,1,37.86,0.049,0.031,16,ready,8
2026-10-08 13:49:53.061,167.18,20261008_134705,วิว,rest,,,,,84.5,,1,0.377,0.406,-0.03,1,37.87,0.049,0.031,16,ready,8
2026-10-08 13:49:53.264,167.38,20261008_134705,วิว,rest,,,,,84.5,,1,0.376,0.406,-0.03,1,37.88,0.049,0.031,16,ready,8
2026-10-08 13:49:53.468,167.59,20261008_134705,วิว,rest,,,,,84.5,,1,0.375,0.405,-0.03,1,37.89,0.049,0.031,16,ready,8
2026-10-08 13:49:53.670,167.79,20261008_134705,วิว,rest,,,,,84.5,,1,0.376,0.405,-0.029,1,37.89,0.049,0.031,16,ready,8
2026-10-08 13:49:53.874,167.99,20261008_134705,วิว,rest,,,,,84.5,,1,0.376,0.405,-0.029,1,37.9,0.049,0.031,16,ready,8
2026-10-08 13:49:54.078,168.2,20261008_134705,วิว,rest,,,,,84.5,,1,0.375,0.404,-0.029,1,37.9,0.049,0.031,16,ready,8
2026-10-08 13:49:54.280,168.4,20261008_134705,วิว,rest,,,,,84.5,,1,0.375,0.404,-0.029,1,37.91,0.049,0.031,16,ready,8
2026-10-08 13:49:54.484,168.6,20261008_134705,วิว,rest,,,,,84.5,,1,0.375,0.404,-0.029,1,37.91,0.049,0.031,16,ready,8
2026-10-08 13:49:54.688,168.81,20261008_134705,วิว,rest,,,,,84.5,,1,0.375,0.403,-0.029,1,37.92,0.049,0.031,16,ready,8
2026-10-08 13:49:54.894,169.02,20261008_134705,วิว,rest,,,,,84.5,,1,0.373,0.403,-0.03,1,37.92,0.049,0.031,16,ready,8
2026-10-08 13:49:55.094,169.22,20261008_134705,วิว,rest,,,,,84.5,,1,0.372,0.402,-0.03,1,37.92,0.049,0.031,16,ready,8
2026-10-08 13:49:55.301,169.42,20261008_134705,วิว,rest,,,,,84.5,,1,0.372,0.402,-0.03,1,37.93,0.049,0.031,16,ready,8
2026-10-08 13:49:55.511,169.63,20261008_134705,วิว,rest,,,,,84.5,,1,0.372,0.402,-0.03,1,37.93,0.049,0.031,16,ready,8
2026-10-08 13:49:55.702,169.82,20261008_134705,วิว,rest,,,,,84.5,,1,0.372,0.401,-0.029,1,37.93,0.049,0.031,16,ready,8
2026-10-08 13:49:55.913,170.03,20261008_134705,วิว,rest,,,,,84.5,,1,0.373,0.401,-0.028,1,37.93,0.049,0.031,16,ready,8
2026-10-08 13:49:56.120,170.24,20261008_134705,วิว,rest,,,,,84.5,,1,0.374,0.4,-0.027,1,37.93,0.049,0.031,16,ready,8
2026-10-08 13:49:56.325,170.45,20261008_134705,วิว,rest,,,,,84.5,,1,0.374,0.4,-0.026,1,37.91,0.049,0.031,16,ready,8
2026-10-08 13:49:56.534,170.65,20261008_134705,วิว,rest,,,,,84.5,,1,0.369,0.399,-0.031,1,37.83,0.049,0.031,16,ready,8
2026-10-08 13:49:56.727,170.85,20261008_134705,วิว,rest,,,,,84.5,,1,0.373,0.399,-0.026,1,37.84,0.049,0.031,16,ready,8
2026-10-08 13:49:56.924,171.05,20261008_134705,วิว,rest,,,,,84.5,,1,0.376,0.399,-0.023,1,37.85,0.049,0.031,16,ready,8
2026-10-08 13:49:57.130,171.25,20261008_134705,วิว,rest,,,,,84.5,,1,0.377,0.398,-0.021,1,37.86,0.049,0.031,16,ready,8
2026-10-08 13:49:57.331,171.45,20261008_134705,วิว,rest,,,,,84.5,,1,0.378,0.398,-0.02,1,37.87,0.049,0.031,16,ready,8
2026-10-08 13:49:57.535,171.66,20261008_134705,วิว,rest,,,,,84.5,,1,0.378,0.398,-0.02,1,37.88,0.049,0.031,16,ready,8
2026-10-08 13:49:57.749,171.87,20261008_134705,วิว,rest,,,,,84.5,,1,0.378,0.398,-0.02,1,37.88,0.049,0.031,16,ready,8
2026-10-08 13:49:57.940,172.06,20261008_134705,วิว,rest,,,,,84.5,,1,0.377,0.397,-0.02,1,37.89,0.049,0.031,16,ready,8
2026-10-08 13:49:58.144,172.26,20261008_134705,วิว,rest,,,,,84.5,,1,0.377,0.397,-0.02,1,37.9,0.049,0.031,16,ready,8
2026-10-08 13:49:58.348,172.47,20261008_134705,วิว,rest,,,,,84.5,,1,0.377,0.397,-0.019,1,37.9,0.049,0.031,16,ready,8
2026-10-08 13:49:58.550,172.67,20261008_134705,วิว,rest,,,,,84.5,,1,0.377,0.397,-0.019,1,37.91,0.049,0.031,16,ready,8
2026-10-08 13:49:58.752,172.87,20261008_134705,วิว,rest,,,,,84.5,,1,0.377,0.396,-0.019,1,37.91,0.049,0.031,16,ready,8
2026-10-08 13:49:58.960,173.08,20261008_134705,วิว,rest,,,,,84.5,,1,0.377,0.396,-0.019,1,37.92,0.049,0.031,16,ready,8
2026-10-08 13:49:59.160,173.28,20261008_134705,วิว,rest,,,,,84.5,,1,0.376,0.396,-0.019,1,37.92,0.049,0.031,16,ready,8
2026-10-08 13:49:59.362,173.48,20261008_134705,วิว,rest,,,,,84.5,,1,0.376,0.395,-0.019,1,37.92,0.049,0.031,16,ready,8
2026-10-08 13:49:59.570,173.69,20261008_134705,วิว,rest,,,,,84.5,,1,0.376,0.395,-0.019,1,37.93,0.049,0.031,16,ready,8
2026-10-08 13:49:59.770,173.89,20261008_134705,วิว,rest,,,,,84.5,,1,0.376,0.395,-0.019,1,37.93,0.049,0.031,16,ready,8
2026-10-08 13:49:59.976,174.1,20261008_134705,วิว,rest,,,,,84.5,,1,0.376,0.395,-0.019,1,37.93,0.049,0.031,16,ready,8
2026-10-08 13:50:00.179,174.3,20261008_134705,วิว,rest,,,,,84.5,,1,0.374,0.394,-0.02,1,37.93,0.049,0.031,16,ready,8
2026-10-08 13:50:00.385,174.51,20261008_134705,วิว,recovery,4,603,manual,truth,84.5,,1,0.374,0.394,-0.02,1,37.94,0.049,0.031,16,ready,8
2026-10-08 13:50:00.588,174.71,20261008_134705,วิว,question,4,603,manual,truth,84.5,,1,0.373,0.394,-0.02,1,37.94,0.049,0.031,16,question,8
2026-10-08 13:50:00.792,174.91,20261008_134705,วิว,question,4,603,manual,truth,84.5,,1,0.37,0.394,-0.024,1,37.85,0.049,0.031,16,question,8
2026-10-08 13:50:00.992,175.11,20261008_134705,วิว,question,4,603,manual,truth,84.5,,1,0.367,0.393,-0.026,1,37.86,0.049,0.031,16,question,8
2026-10-08 13:50:01.198,175.32,20261008_134705,วิว,question,4,603,manual,truth,84.5,,1,0.37,0.393,-0.023,1,37.87,0.049,0.031,16,question,8
2026-10-08 13:50:01.400,175.52,20261008_134705,วิว,question,4,603,manual,truth,84.5,,1,0.372,0.393,-0.021,1,37.88,0.049,0.031,16,question,8
2026-10-08 13:50:01.603,175.72,20261008_134705,วิว,question,4,603,manual,truth,84.5,,1,0.373,0.392,-0.019,1,37.88,0.049,0.031,16,question,8
2026-10-08 13:50:01.808,175.93,20261008_134705,วิว,question,4,603,manual,truth,84.5,,1,0.373,0.392,-0.019,1,37.89,0.049,0.031,16,question,8
2026-10-08 13:50:02.010,176.13,20261008_134705,วิว,question,4,603,manual,truth,84.5,,1,0.373,0.392,-0.018,1,37.9,0.049,0.031,16,question,8
2026-10-08 13:50:02.213,176.33,20261008_134705,วิว,question,4,603,manual,truth,84.5,,1,0.374,0.392,-0.018,1,37.9,0.049,0.031,16,question,8
2026-10-08 13:50:02.419,176.54,20261008_134705,วิว,question,4,603,manual,truth,84.5,,1,0.374,0.391,-0.017,1,37.91,0.049,0.031,16,question,8
2026-10-08 13:50:02.620,176.74,20261008_134705,วิว,question,4,603,manual,truth,84.5,,1,0.374,0.391,-0.017,1,37.92,0.049,0.031,16,question,8
2026-10-08 13:50:02.822,176.94,20261008_134705,วิว,question,4,603,manual,truth,84.5,,1,0.373,0.391,-0.018,1,37.92,0.049,0.031,16,question,8
2026-10-08 13:50:03.030,177.15,20261008_134705,วิว,question,4,603,manual,truth,84.5,,1,0.373,0.391,-0.018,1,37.92,0.049,0.031,16,question,8
2026-10-08 13:50:03.232,177.35,20261008_134705,วิว,question,4,603,manual,truth,84.5,,1,0.372,0.39,-0.018,1,37.93,0.049,0.031,16,question,8
2026-10-08 13:50:03.433,177.55,20261008_134705,วิว,question,4,603,manual,truth,84.5,,1,0.372,0.39,-0.019,1,37.93,0.049,0.031,16,question,8
2026-10-08 13:50:03.638,177.76,20261008_134705,วิว,question,4,603,manual,truth,84.5,,1,0.371,0.39,-0.019,1,37.93,0.049,0.031,16,question,8
2026-10-08 13:50:03.843,177.96,20261008_134705,วิว,question,4,603,manual,truth,84.5,,1,0.372,0.39,-0.018,1,37.93,0.049,0.031,16,question,8
2026-10-08 13:50:04.044,178.17,20261008_134705,วิว,question,4,603,manual,truth,84.5,,1,0.371,0.389,-0.018,1,37.94,0.049,0.031,16,question,8
2026-10-08 13:50:04.251,178.37,20261008_134705,วิว,question,4,603,manual,truth,84.5,,1,0.37,0.389,-0.019,1,37.94,0.049,0.031,16,question,8
2026-10-08 13:50:04.450,178.57,20261008_134705,วิว,question,4,603,manual,truth,84.5,,1,0.37,0.389,-0.019,1,37.94,0.049,0.031,16,question,8
2026-10-08 13:50:04.654,178.77,20261008_134705,วิว,question,4,603,manual,truth,84.5,,1,0.368,0.389,-0.02,1,37.94,0.049,0.031,16,question,8
2026-10-08 13:50:04.860,178.98,20261008_134705,วิว,question,4,603,manual,truth,84.5,,1,0.368,0.388,-0.02,1,37.95,0.049,0.031,16,question,8
2026-10-08 13:50:05.064,179.18,20261008_134705,วิว,question,4,603,manual,truth,84.5,,1,0.369,0.388,-0.019,1,37.88,0.049,0.031,16,question,8
2026-10-08 13:50:05.265,179.39,20261008_134705,วิว,question,4,603,manual,truth,84.5,,1,0.364,0.388,-0.024,1,37.8,0.049,0.031,16,question,8
2026-10-08 13:50:05.470,179.59,20261008_134705,วิว,question,4,603,manual,truth,84.5,,1,0.366,0.388,-0.022,1,37.81,0.049,0.031,16,question,8
2026-10-08 13:50:05.676,179.8,20261008_134705,วิว,question,4,603,manual,truth,84.5,,1,0.365,0.387,-0.022,1,37.82,0.049,0.031,16,question,8
2026-10-08 13:50:05.879,180.0,20261008_134705,วิว,question,4,603,manual,truth,84.5,,1,0.366,0.387,-0.021,1,37.84,0.049,0.031,16,question,8
2026-10-08 13:50:06.082,180.2,20261008_134705,วิว,question,4,603,manual,truth,84.5,,1,0.366,0.387,-0.021,1,37.85,0.049,0.031,16,question,8
2026-10-08 13:50:06.286,180.41,20261008_134705,วิว,question,4,603,manual,truth,84.5,,1,0.367,0.386,-0.02,1,37.86,0.049,0.031,16,question,8
2026-10-08 13:50:06.482,180.6,20261008_134705,วิว,question,4,603,manual,truth,84.5,,1,0.367,0.386,-0.019,1,37.87,0.049,0.031,16,question,8
2026-10-08 13:50:06.688,180.81,20261008_134705,วิว,question,4,603,manual,truth,84.5,,1,0.368,0.386,-0.018,1,37.88,0.049,0.031,16,question,8
2026-10-08 13:50:06.892,181.01,20261008_134705,วิว,question,4,603,manual,truth,84.5,,1,0.367,0.386,-0.018,1,37.89,0.049,0.031,16,question,8
2026-10-08 13:50:07.093,181.21,20261008_134705,วิว,question,4,603,manual,truth,84.5,,1,0.368,0.385,-0.017,1,37.89,0.049,0.031,16,question,8
2026-10-08 13:50:07.298,181.42,20261008_134705,วิว,question,4,603,manual,truth,84.5,,1,0.368,0.385,-0.018,1,37.9,0.049,0.031,16,question,8
2026-10-08 13:50:07.500,181.62,20261008_134705,วิว,question,4,603,manual,truth,84.5,,1,0.367,0.385,-0.018,1,37.9,0.049,0.031,16,question,8
2026-10-08 13:50:07.702,181.82,20261008_134705,วิว,question,4,603,manual,truth,84.5,,1,0.364,0.385,-0.02,1,37.91,0.049,0.031,16,question,8
2026-10-08 13:50:07.909,182.03,20261008_134705,วิว,question,4,603,manual,truth,84.5,,1,0.362,0.384,-0.022,1,37.91,0.049,0.031,16,question,8
2026-10-08 13:50:08.111,182.23,20261008_134705,วิว,question,4,603,manual,truth,84.5,,1,0.362,0.384,-0.022,1,37.92,0.049,0.031,16,question,8
2026-10-08 13:50:08.319,182.44,20261008_134705,วิว,question,4,603,manual,truth,84.5,,1,0.36,0.384,-0.023,1,37.92,0.049,0.031,16,question,8
2026-10-08 13:50:08.520,182.64,20261008_134705,วิว,question,4,603,manual,truth,84.5,,1,0.361,0.383,-0.022,1,37.93,0.049,0.031,15,question,8
2026-10-08 13:50:08.723,182.84,20261008_134705,วิว,question,4,603,manual,truth,84.5,,1,0.36,0.383,-0.023,1,37.94,0.049,0.031,15,question,8
2026-10-08 13:50:08.929,183.05,20261008_134705,วิว,question,4,603,manual,truth,84.5,,1,0.359,0.383,-0.024,1,37.94,0.049,0.031,15,question,8
2026-10-08 13:50:09.131,183.25,20261008_134705,วิว,question,4,603,manual,truth,84.5,,1,0.358,0.382,-0.024,1,37.94,0.049,0.031,15,question,8
2026-10-08 13:50:09.332,183.45,20261008_134705,วิว,question,4,603,manual,truth,84.5,,1,0.355,0.382,-0.027,1,37.85,0.049,0.031,15,question,8
2026-10-08 13:50:09.538,183.66,20261008_134705,วิว,question,4,603,manual,truth,84.5,,1,0.356,0.382,-0.025,1,37.86,0.049,0.031,15,question,8
2026-10-08 13:50:09.740,183.86,20261008_134705,วิว,question,4,603,manual,truth,84.5,,1,0.357,0.381,-0.024,1,37.87,0.049,0.031,15,question,8
2026-10-08 13:50:09.943,184.06,20261008_134705,วิว,question,4,603,manual,truth,84.5,,1,0.358,0.381,-0.023,1,37.88,0.049,0.031,15,question,8
2026-10-08 13:50:10.148,184.27,20261008_134705,วิว,question,4,603,manual,truth,84.5,,1,0.358,0.381,-0.023,1,37.89,0.049,0.031,15,question,8
2026-10-08 13:50:10.350,184.47,20261008_134705,วิว,question,4,603,manual,truth,84.5,,1,0.36,0.38,-0.021,1,37.9,0.049,0.031,15,question,8
2026-10-08 13:50:10.553,184.67,20261008_134705,วิว,question,4,603,manual,truth,84.5,,1,0.36,0.38,-0.02,1,37.9,0.049,0.031,15,question,8
2026-10-08 13:50:10.758,184.88,20261008_134705,วิว,question,4,603,manual,truth,84.5,,1,0.36,0.38,-0.02,1,37.91,0.049,0.031,15,question,8
2026-10-08 13:50:10.961,185.08,20261008_134705,วิว,question,4,603,manual,truth,84.5,,1,0.36,0.38,-0.02,1,37.92,0.049,0.031,15,question,8
2026-10-08 13:50:11.167,185.29,20261008_134705,วิว,question,4,603,manual,truth,84.5,,1,0.36,0.379,-0.019,1,37.92,0.049,0.031,15,question,8
2026-10-08 13:50:11.371,185.49,20261008_134705,วิว,question,4,603,manual,truth,84.5,,1,0.36,0.379,-0.019,1,37.93,0.049,0.031,15,question,8
2026-10-08 13:50:11.577,185.7,20261008_134705,วิว,question,4,603,manual,truth,84.5,,1,0.359,0.379,-0.02,1,37.93,0.049,0.031,15,question,8
2026-10-08 13:50:11.773,185.89,20261008_134705,วิว,question,4,603,manual,truth,84.5,,1,0.359,0.379,-0.02,1,37.93,0.049,0.031,15,question,8
2026-10-08 13:50:11.984,186.1,20261008_134705,วิว,question,4,603,manual,truth,84.5,,1,0.358,0.378,-0.02,1,37.94,0.049,0.031,15,question,8
2026-10-08 13:50:12.183,186.3,20261008_134705,วิว,question,4,603,manual,truth,84.5,,1,0.358,0.378,-0.02,1,37.94,0.049,0.031,15,question,8
2026-10-08 13:50:12.384,186.5,20261008_134705,วิว,recovery,4,603,manual,truth,84.5,,1,0.358,0.378,-0.02,1,37.95,0.049,0.031,15,ready,8
2026-10-08 13:50:12.588,186.71,20261008_134705,วิว,recovery,4,603,manual,truth,84.5,,1,0.357,0.377,-0.02,1,37.95,0.049,0.031,15,ready,8
2026-10-08 13:50:12.790,186.91,20261008_134705,วิว,recovery,4,603,manual,truth,84.5,,1,0.356,0.377,-0.021,1,37.95,0.049,0.031,15,ready,8
2026-10-08 13:50:12.992,187.11,20261008_134705,วิว,recovery,4,603,manual,truth,84.5,,1,0.356,0.377,-0.021,1,37.95,0.049,0.031,15,ready,8
2026-10-08 13:50:13.199,187.32,20261008_134705,วิว,recovery,4,603,manual,truth,84.5,,1,0.356,0.377,-0.021,1,37.96,0.049,0.031,15,ready,8
2026-10-08 13:50:13.402,187.52,20261008_134705,วิว,recovery,4,603,manual,truth,84.5,,1,0.355,0.376,-0.021,1,37.96,0.049,0.031,15,ready,8
2026-10-08 13:50:13.609,187.73,20261008_134705,วิว,recovery,4,603,manual,truth,84.5,,1,0.355,0.376,-0.021,1,37.96,0.049,0.031,15,ready,8
2026-10-08 13:50:13.810,187.93,20261008_134705,วิว,recovery,4,603,manual,truth,84.5,,1,0.354,0.376,-0.022,1,37.96,0.049,0.031,15,ready,8
2026-10-08 13:50:14.011,188.13,20261008_134705,วิว,recovery,4,603,manual,truth,84.5,,1,0.358,0.376,-0.018,1,37.91,0.049,0.031,15,ready,8
2026-10-08 13:50:14.212,188.33,20261008_134705,วิว,recovery,4,603,manual,truth,84.5,,1,0.357,0.375,-0.018,1,37.91,0.049,0.031,15,ready,8
2026-10-08 13:50:14.418,188.54,20261008_134705,วิว,recovery,4,603,manual,truth,84.5,,1,0.357,0.375,-0.018,1,37.92,0.049,0.031,15,ready,8
2026-10-08 13:50:14.620,188.74,20261008_134705,วิว,recovery,4,603,manual,truth,84.5,,1,0.357,0.375,-0.018,1,37.93,0.049,0.031,15,ready,8
2026-10-08 13:50:14.822,188.94,20261008_134705,วิว,recovery,4,603,manual,truth,84.5,,1,0.356,0.375,-0.018,1,37.93,0.049,0.031,15,ready,8
2026-10-08 13:50:15.028,189.15,20261008_134705,วิว,recovery,4,603,manual,truth,84.5,,1,0.358,0.374,-0.017,1,37.95,0.049,0.031,15,ready,8
2026-10-08 13:50:15.230,189.35,20261008_134705,วิว,recovery,4,603,manual,truth,84.5,,1,0.357,0.374,-0.018,1,37.95,0.049,0.031,15,ready,8
2026-10-08 13:50:15.432,189.55,20261008_134705,วิว,recovery,4,603,manual,truth,84.5,,1,0.355,0.374,-0.019,1,37.95,0.049,0.031,15,ready,8
2026-10-08 13:50:15.638,189.76,20261008_134705,วิว,recovery,4,603,manual,truth,84.5,,1,0.354,0.374,-0.019,1,37.96,0.049,0.031,15,ready,8
2026-10-08 13:50:15.841,189.96,20261008_134705,วิว,recovery,4,603,manual,truth,84.5,,1,0.356,0.373,-0.017,1,37.96,0.049,0.031,15,ready,8
2026-10-08 13:50:16.042,190.16,20261008_134705,วิว,recovery,4,603,manual,truth,84.5,,1,0.356,0.373,-0.017,1,37.96,0.049,0.031,15,ready,8
2026-10-08 13:50:16.248,190.37,20261008_134705,วิว,recovery,4,603,manual,truth,84.5,,1,0.356,0.373,-0.016,1,37.97,0.049,0.031,15,ready,8
2026-10-08 13:50:16.450,190.57,20261008_134705,วิว,recovery,4,603,manual,truth,84.5,,1,0.356,0.373,-0.016,1,37.97,0.049,0.031,15,ready,8
2026-10-08 13:50:16.653,190.77,20261008_134705,วิว,recovery,4,603,manual,truth,84.5,,1,0.355,0.372,-0.017,1,37.97,0.049,0.031,15,ready,8
2026-10-08 13:50:16.860,190.98,20261008_134705,วิว,recovery,4,603,manual,truth,84.5,,1,0.355,0.372,-0.017,1,37.98,0.049,0.031,15,ready,8
2026-10-08 13:50:17.060,191.18,20261008_134705,วิว,recovery,4,603,manual,truth,84.5,,1,0.354,0.372,-0.018,1,37.98,0.049,0.031,15,ready,8
2026-10-08 13:50:17.262,191.38,20261008_134705,วิว,recovery,4,603,manual,truth,84.5,,1,0.355,0.372,-0.017,1,37.98,0.049,0.031,15,ready,8
2026-10-08 13:50:17.468,191.59,20261008_134705,วิว,recovery,4,603,manual,truth,84.5,,1,0.355,0.372,-0.016,1,37.98,0.049,0.031,15,ready,8
2026-10-08 13:50:17.673,191.79,20261008_134705,วิว,recovery,4,603,manual,truth,84.5,,1,0.354,0.371,-0.017,1,37.98,0.049,0.031,15,ready,8
2026-10-08 13:50:17.872,191.99,20261008_134705,วิว,recovery,4,603,manual,truth,84.5,,1,0.353,0.371,-0.018,1,37.99,0.049,0.031,15,ready,8
2026-10-08 13:50:18.081,192.2,20261008_134705,วิว,recovery,4,603,manual,truth,84.5,,1,0.353,0.371,-0.018,1,37.99,0.049,0.031,15,ready,8
2026-10-08 13:50:18.282,192.4,20261008_134705,วิว,recovery,4,603,manual,truth,84.5,,1,0.353,0.371,-0.018,1,38.01,0.049,0.031,15,ready,8
2026-10-08 13:50:18.488,192.61,20261008_134705,วิว,recovery,4,603,manual,truth,84.5,,1,0.349,0.37,-0.021,1,37.92,0.049,0.031,15,ready,8
2026-10-08 13:50:18.692,192.81,20261008_134705,วิว,recovery,4,603,manual,truth,84.5,,1,0.351,0.37,-0.019,1,37.93,0.049,0.031,15,ready,8
2026-10-08 13:50:18.893,193.01,20261008_134705,วิว,recovery,4,603,manual,truth,84.5,,1,0.351,0.37,-0.018,1,37.94,0.049,0.031,15,ready,8
2026-10-08 13:50:19.100,193.22,20261008_134705,วิว,recovery,4,603,manual,truth,84.5,,1,0.352,0.37,-0.017,1,37.95,0.049,0.031,15,ready,8
2026-10-08 13:50:19.302,193.42,20261008_134705,วิว,recovery,4,603,manual,truth,84.5,,1,0.352,0.369,-0.017,1,37.95,0.049,0.031,15,ready,8
2026-10-08 13:50:19.507,193.63,20261008_134705,วิว,recovery,4,603,manual,truth,84.5,,1,0.353,0.369,-0.016,1,37.96,0.049,0.031,15,ready,8
2026-10-08 13:50:19.708,193.83,20261008_134705,วิว,recovery,4,603,manual,truth,84.5,,1,0.353,0.369,-0.016,1,37.96,0.049,0.031,15,ready,8
2026-10-08 13:50:19.910,194.03,20261008_134705,วิว,recovery,4,603,manual,truth,84.5,,1,0.353,0.369,-0.016,1,37.97,0.049,0.031,15,ready,8
2026-10-08 13:50:20.114,194.24,20261008_134705,วิว,recovery,4,603,manual,truth,84.5,,1,0.352,0.369,-0.017,1,37.97,0.049,0.031,15,ready,8
2026-10-08 13:50:20.332,194.45,20261008_134705,วิว,rest,,,,,84.5,,1,0.352,0.368,-0.017,1,37.98,0.049,0.031,15,ready,8
2026-10-08 13:50:20.527,194.65,20261008_134705,วิว,rest,,,,,84.5,,1,0.352,0.368,-0.016,1,37.98,0.049,0.031,15,ready,8
2026-10-08 13:50:20.725,194.85,20261008_134705,วิว,rest,,,,,84.5,,1,0.351,0.368,-0.016,1,37.99,0.049,0.031,15,ready,8
2026-10-08 13:50:20.933,195.05,20261008_134705,วิว,rest,,,,,84.5,,1,0.351,0.367,-0.016,1,37.99,0.049,0.031,15,ready,8
2026-10-08 13:50:21.139,195.26,20261008_134705,วิว,rest,,,,,84.5,,1,0.351,0.367,-0.016,1,38.0,0.049,0.031,15,ready,8
2026-10-08 13:50:21.335,195.46,20261008_134705,วิว,rest,,,,,84.5,,1,0.351,0.367,-0.016,1,38.0,0.049,0.031,15,ready,8
2026-10-08 13:50:21.544,195.67,20261008_134705,วิว,rest,,,,,84.5,,1,0.351,0.367,-0.015,1,38.0,0.049,0.031,15,ready,8
2026-10-08 13:50:21.740,195.86,20261008_134705,วิว,rest,,,,,84.5,,1,0.351,0.367,-0.016,1,38.0,0.049,0.031,15,ready,8
2026-10-08 13:50:21.943,196.06,20261008_134705,วิว,rest,,,,,84.5,,1,0.351,0.366,-0.015,1,38.0,0.049,0.031,15,ready,8
2026-10-08 13:50:22.205,196.33,20261008_134705,วิว,rest,,,,,84.5,,1,0.352,0.366,-0.014,1,38.0,0.049,0.031,15,ready,8
2026-10-08 13:50:22.364,196.49,20261008_134705,วิว,rest,,,,,84.5,,1,0.351,0.366,-0.015,1,38.0,0.049,0.031,15,ready,8
2026-10-08 13:50:22.559,196.68,20261008_134705,วิว,rest,,,,,84.5,,1,0.344,0.366,-0.022,1,37.91,0.049,0.031,15,ready,8
2026-10-08 13:50:22.776,196.9,20261008_134705,วิว,rest,,,,,84.5,,1,0.348,0.365,-0.018,1,37.91,0.049,0.031,15,ready,8
2026-10-08 13:50:23.001,197.12,20261008_134705,วิว,rest,,,,,84.5,,1,0.348,0.365,-0.017,1,37.92,0.049,0.031,15,ready,8
2026-10-08 13:50:23.246,197.37,20261008_134705,วิว,rest,,,,,84.5,,1,0.349,0.365,-0.016,1,37.93,0.049,0.031,15,ready,8
2026-10-08 13:50:23.424,197.55,20261008_134705,วิว,rest,,,,,84.5,,1,0.349,0.365,-0.015,1,37.94,0.049,0.031,15,ready,8
2026-10-08 13:50:23.606,197.73,20261008_134705,วิว,rest,,,,,84.5,,1,0.349,0.365,-0.015,1,37.96,0.049,0.031,15,ready,8
2026-10-08 13:50:23.781,197.9,20261008_134705,วิว,rest,,,,,84.5,,1,0.35,0.364,-0.015,1,37.97,0.049,0.031,15,ready,8
2026-10-08 13:50:23.980,198.1,20261008_134705,วิว,rest,,,,,84.5,,1,0.35,0.364,-0.014,1,37.97,0.049,0.031,15,ready,8
2026-10-08 13:50:24.194,198.31,20261008_134705,วิว,rest,,,,,84.5,,1,0.349,0.364,-0.015,1,37.98,0.049,0.031,15,ready,8
2026-10-08 13:50:24.387,198.51,20261008_134705,วิว,rest,,,,,84.5,,1,0.35,0.364,-0.014,1,38.0,0.049,0.031,15,ready,8
2026-10-08 13:50:24.604,198.72,20261008_134705,วิว,rest,,,,,84.5,,1,0.35,0.364,-0.013,1,38.0,0.049,0.031,15,ready,8
2026-10-08 13:50:24.796,198.92,20261008_134705,วิว,rest,,,,,84.5,,1,0.349,0.363,-0.014,1,38.0,0.049,0.031,15,ready,8
2026-10-08 13:50:25.000,199.12,20261008_134705,วิว,rest,,,,,84.5,,1,0.35,0.363,-0.014,1,38.01,0.049,0.031,15,ready,8
2026-10-08 13:50:25.290,199.41,20261008_134705,วิว,rest,,,,,84.5,,1,0.349,0.363,-0.014,1,38.01,0.049,0.031,15,ready,8
2026-10-08 13:50:25.501,199.62,20261008_134705,วิว,rest,,,,,84.5,,1,0.349,0.363,-0.014,1,38.01,0.049,0.031,15,ready,8
2026-10-08 13:50:25.605,199.73,20261008_134705,วิว,rest,,,,,84.5,,1,0.349,0.363,-0.014,1,38.01,0.049,0.031,15,ready,8
2026-10-08 13:50:25.808,199.93,20261008_134705,วิว,rest,,,,,84.5,,1,0.349,0.363,-0.014,1,38.01,0.049,0.031,15,ready,8
2026-10-08 13:50:26.014,200.13,20261008_134705,วิว,rest,,,,,84.5,,1,0.349,0.362,-0.014,1,38.02,0.049,0.031,15,ready,8
2026-10-08 13:50:26.212,200.33,20261008_134705,วิว,rest,,,,,84.5,,1,0.349,0.362,-0.014,1,38.02,0.049,0.031,15,ready,8
2026-10-08 13:50:26.422,200.54,20261008_134705,วิว,rest,,,,,84.5,,1,0.348,0.362,-0.014,1,38.02,0.049,0.031,15,ready,8
2026-10-08 13:50:26.620,200.74,20261008_134705,วิว,rest,,,,,84.5,,1,0.348,0.362,-0.014,1,38.03,0.049,0.031,15,ready,8
2026-10-08 13:50:26.822,200.94,20261008_134705,วิว,rest,,,,,84.5,,1,0.348,0.362,-0.013,1,37.95,0.049,0.031,15,ready,8
2026-10-08 13:50:27.030,201.15,20261008_134705,วิว,rest,,,,,84.5,,1,0.343,0.361,-0.019,1,37.9,0.049,0.031,15,ready,8
2026-10-08 13:50:27.232,201.35,20261008_134705,วิว,rest,,,,,84.5,,1,0.345,0.361,-0.016,1,37.92,0.049,0.031,15,ready,8
2026-10-08 13:50:27.439,201.56,20261008_134705,วิว,rest,,,,,84.5,,1,0.346,0.361,-0.015,1,37.93,0.049,0.031,15,ready,8
2026-10-08 13:50:27.640,201.76,20261008_134705,วิว,rest,,,,,84.5,,1,0.346,0.361,-0.015,1,37.93,0.049,0.031,15,ready,8
2026-10-08 13:50:27.842,201.96,20261008_134705,วิว,rest,,,,,84.5,,1,0.346,0.361,-0.015,1,37.94,0.049,0.031,15,ready,8
2026-10-08 13:50:28.054,202.18,20261008_134705,วิว,rest,,,,,84.5,,1,0.346,0.36,-0.015,1,37.95,0.049,0.031,15,ready,8
2026-10-08 13:50:28.253,202.37,20261008_134705,วิว,rest,,,,,84.5,,1,0.346,0.36,-0.015,1,37.96,0.049,0.031,15,ready,8
2026-10-08 13:50:28.460,202.58,20261008_134705,วิว,rest,,,,,84.5,,1,0.346,0.36,-0.014,1,37.97,0.049,0.031,15,ready,8
2026-10-08 13:50:28.660,202.78,20261008_134705,วิว,rest,,,,,84.5,,1,0.346,0.36,-0.014,1,37.97,0.049,0.031,15,ready,8
2026-10-08 13:50:28.863,202.98,20261008_134705,วิว,rest,,,,,84.5,,1,0.345,0.36,-0.014,1,37.98,0.049,0.031,15,ready,8
2026-10-08 13:50:29.067,203.19,20261008_134705,วิว,rest,,,,,84.5,,1,0.345,0.359,-0.015,1,37.99,0.049,0.031,15,ready,8
2026-10-08 13:50:29.274,203.39,20261008_134705,วิว,rest,,,,,84.5,,1,0.344,0.359,-0.015,1,37.99,0.049,0.031,15,ready,8
2026-10-08 13:50:29.472,203.59,20261008_134705,วิว,rest,,,,,84.5,,1,0.344,0.359,-0.015,1,37.99,0.049,0.031,15,ready,8
2026-10-08 13:50:29.678,203.8,20261008_134705,วิว,rest,,,,,84.5,,1,0.344,0.359,-0.015,1,38.0,0.049,0.031,15,ready,8
2026-10-08 13:50:29.880,204.0,20261008_134705,วิว,rest,,,,,84.5,,1,0.344,0.359,-0.014,1,38.01,0.049,0.031,15,ready,8
2026-10-08 13:50:30.085,204.21,20261008_134705,วิว,rest,,,,,84.5,,1,0.344,0.358,-0.015,1,38.01,0.049,0.031,15,ready,8
2026-10-08 13:50:30.287,204.41,20261008_134705,วิว,rest,,,,,84.5,,1,0.344,0.358,-0.015,1,38.02,0.049,0.031,15,ready,8
2026-10-08 13:50:30.493,204.61,20261008_134705,วิว,rest,,,,,84.5,,1,0.343,0.358,-0.015,1,38.02,0.049,0.031,15,ready,8
2026-10-08 13:50:30.694,204.81,20261008_134705,วิว,rest,,,,,84.5,,1,0.343,0.358,-0.015,1,38.02,0.049,0.031,15,ready,8
2026-10-08 13:50:30.899,205.02,20261008_134705,วิว,rest,,,,,84.5,,1,0.343,0.358,-0.015,1,38.02,0.049,0.031,15,ready,8
2026-10-08 13:50:31.112,205.23,20261008_134705,วิว,rest,,,,,84.5,,1,0.343,0.357,-0.015,1,38.04,0.049,0.031,15,ready,8
2026-10-08 13:50:31.302,205.42,20261008_134705,วิว,rest,,,,,84.5,,1,0.339,0.357,-0.018,1,37.95,0.049,0.031,15,ready,8
2026-10-08 13:50:31.508,205.63,20261008_134705,วิว,rest,,,,,84.5,,1,0.341,0.357,-0.016,1,37.96,0.049,0.031,15,ready,8
2026-10-08 13:50:31.710,205.83,20261008_134705,วิว,rest,,,,,84.5,,1,0.341,0.357,-0.016,1,37.97,0.049,0.031,15,ready,8
2026-10-08 13:50:31.912,206.03,20261008_134705,วิว,rest,,,,,84.5,,1,0.341,0.357,-0.016,1,37.98,0.049,0.031,15,ready,8
2026-10-08 13:50:32.122,206.24,20261008_134705,วิว,rest,,,,,84.5,,1,0.342,0.356,-0.015,1,37.98,0.049,0.031,15,ready,8
2026-10-08 13:50:32.319,206.44,20261008_134705,วิว,rest,,,,,84.5,,1,0.342,0.356,-0.014,1,37.99,0.049,0.031,15,ready,8
2026-10-08 13:50:32.523,206.64,20261008_134705,วิว,rest,,,,,84.5,,1,0.342,0.356,-0.014,1,37.99,0.049,0.031,15,ready,8
2026-10-08 13:50:32.729,206.85,20261008_134705,วิว,rest,,,,,84.5,,1,0.342,0.356,-0.013,1,38.0,0.049,0.031,15,ready,8
2026-10-08 13:50:32.931,207.05,20261008_134705,วิว,rest,,,,,84.5,,1,0.342,0.355,-0.014,1,38.01,0.049,0.031,15,ready,8
2026-10-08 13:50:33.138,207.26,20261008_134705,วิว,rest,,,,,84.5,,1,0.342,0.355,-0.014,1,38.01,0.049,0.031,15,ready,8
2026-10-08 13:50:33.339,207.46,20261008_134705,วิว,rest,,,,,84.5,,1,0.341,0.355,-0.014,1,38.02,0.049,0.031,15,ready,8
2026-10-08 13:50:33.541,207.66,20261008_134705,วิว,rest,,,,,84.5,,1,0.341,0.355,-0.014,1,38.02,0.049,0.031,15,ready,8
2026-10-08 13:50:33.747,207.87,20261008_134705,วิว,rest,,,,,84.5,,1,0.341,0.355,-0.014,1,38.02,0.049,0.031,15,ready,8
2026-10-08 13:50:33.950,208.07,20261008_134705,วิว,rest,,,,,84.5,,1,0.341,0.355,-0.014,1,38.03,0.049,0.031,15,ready,8
2026-10-08 13:50:34.165,208.29,20261008_134705,วิว,rest,,,,,84.5,,1,0.341,0.354,-0.014,1,38.04,0.049,0.031,15,ready,8
2026-10-08 13:50:34.358,208.48,20261008_134705,วิว,rest,,,,,84.5,,1,0.341,0.354,-0.014,1,38.04,0.049,0.031,15,ready,8
2026-10-08 13:50:34.564,208.68,20261008_134705,วิว,rest,,,,,84.5,,1,0.34,0.354,-0.014,1,38.04,0.049,0.031,15,ready,8
2026-10-08 13:50:34.762,208.88,20261008_134705,วิว,rest,,,,,84.5,,1,0.341,0.354,-0.013,1,38.04,0.049,0.031,15,ready,8
2026-10-08 13:50:36.830,210.95,20261008_134705,วิว,rest,,,,,84.5,,1,0.339,0.352,-0.013,1,38.01,0.049,0.031,15,ready,8
2026-10-08 13:50:37.032,211.15,20261008_134705,วิว,rest,,,,,84.5,,1,0.339,0.352,-0.013,1,38.02,0.049,0.031,15,ready,8
2026-10-08 13:50:37.238,211.36,20261008_134705,วิว,rest,,,,,84.5,,1,0.339,0.352,-0.013,1,38.03,0.049,0.031,15,ready,8
2026-10-08 13:50:37.440,211.56,20261008_134705,วิว,rest,,,,,84.5,,1,0.339,0.351,-0.013,1,38.04,0.049,0.031,15,ready,8
2026-10-08 13:50:37.642,211.76,20261008_134705,วิว,rest,,,,,84.5,,1,0.339,0.351,-0.012,1,38.04,0.049,0.031,16,ready,8
2026-10-08 13:50:37.848,211.97,20261008_134705,วิว,rest,,,,,84.5,,1,0.339,0.351,-0.012,1,38.04,0.049,0.031,16,ready,8
2026-10-08 13:50:38.050,212.17,20261008_134705,วิว,rest,,,,,84.5,,1,0.339,0.351,-0.012,1,38.05,0.049,0.031,16,ready,8
2026-10-08 13:50:38.256,212.38,20261008_134705,วิว,rest,,,,,84.5,,1,0.338,0.351,-0.012,1,38.06,0.049,0.031,16,ready,8
2026-10-08 13:50:38.459,212.58,20261008_134705,วิว,rest,,,,,84.5,,1,0.339,0.351,-0.012,1,38.07,0.049,0.031,16,ready,8
2026-10-08 13:50:38.660,212.78,20261008_134705,วิว,rest,,,,,84.5,,1,0.339,0.35,-0.012,1,38.07,0.049,0.031,16,ready,8
2026-10-08 13:50:38.866,212.99,20261008_134705,วิว,rest,,,,,84.5,,1,0.338,0.35,-0.012,1,38.07,0.049,0.031,16,ready,8
2026-10-08 13:50:39.068,213.19,20261008_134705,วิว,rest,,,,,84.5,,1,0.338,0.35,-0.012,1,38.07,0.049,0.031,16,ready,8
2026-10-08 13:50:39.272,213.39,20261008_134705,วิว,rest,,,,,84.5,,1,0.338,0.35,-0.012,1,38.08,0.049,0.031,16,ready,8
2026-10-08 13:50:39.483,213.6,20261008_134705,วิว,rest,,,,,84.5,,1,0.338,0.35,-0.011,1,38.08,0.049,0.031,16,ready,8
2026-10-08 13:50:39.681,213.8,20261008_134705,วิว,rest,,,,,84.5,,1,0.338,0.35,-0.012,1,38.08,0.049,0.031,16,ready,8
2026-10-08 13:50:39.887,214.01,20261008_134705,วิว,rest,,,,,84.5,,1,0.338,0.349,-0.011,1,38.08,0.049,0.031,16,ready,8
2026-10-08 13:50:40.087,214.21,20261008_134705,วิว,rest,,,,,84.5,,1,0.338,0.349,-0.011,1,38.08,0.049,0.031,16,ready,8
2026-10-08 13:50:40.297,214.42,20261008_134705,วิว,rest,,,,,84.5,,1,0.337,0.349,-0.012,1,38.08,0.049,0.031,16,ready,9
2026-10-08 13:50:40.494,214.61,20261008_134705,วิว,rest,,,,,84.5,,1,0.337,0.349,-0.012,1,38.08,0.049,0.031,16,ready,9
2026-10-08 13:50:40.696,214.82,20261008_134705,วิว,rest,,,,,84.5,,1,0.337,0.349,-0.012,1,38.07,0.049,0.031,16,ready,9
2026-10-08 13:50:40.900,215.02,20261008_134705,วิว,rest,,,,,84.5,,1,0.338,0.349,-0.011,1,38.03,0.049,0.031,16,ready,9
2026-10-08 13:50:41.103,215.22,20261008_134705,วิว,rest,,,,,84.5,,1,0.332,0.348,-0.017,1,37.98,0.049,0.031,16,ready,8
2026-10-08 13:50:41.314,215.43,20261008_134705,วิว,rest,,,,,84.5,,1,0.334,0.348,-0.014,1,37.99,0.049,0.031,16,ready,8
2026-10-08 13:50:41.514,215.63,20261008_134705,วิว,rest,,,,,84.5,,1,0.335,0.348,-0.013,1,38.0,0.049,0.031,16,ready,8
2026-10-08 13:50:41.720,215.84,20261008_134705,วิว,rest,,,,,84.5,,1,0.336,0.348,-0.012,1,38.01,0.049,0.031,16,ready,8
2026-10-08 13:50:41.919,216.04,20261008_134705,วิว,rest,,,,,84.5,,1,0.337,0.348,-0.011,1,38.02,0.049,0.031,16,ready,8
2026-10-08 13:50:42.126,216.25,20261008_134705,วิว,rest,,,,,84.5,,1,0.337,0.348,-0.011,1,38.03,0.049,0.031,16,ready,8
2026-10-08 13:50:42.320,216.44,20261008_134705,วิว,rest,,,,,84.5,,1,0.336,0.347,-0.011,1,38.03,0.049,0.031,16,ready,8
2026-10-08 13:50:42.526,216.65,20261008_134705,วิว,rest,,,,,84.5,,1,0.337,0.347,-0.011,1,38.04,0.049,0.031,16,ready,8
2026-10-08 13:50:42.730,216.85,20261008_134705,วิว,rest,,,,,84.5,,1,0.337,0.347,-0.01,1,38.04,0.049,0.031,16,ready,8
2026-10-08 13:50:42.930,217.05,20261008_134705,วิว,rest,,,,,84.5,,1,0.337,0.347,-0.01,1,38.05,0.049,0.031,16,ready,8
2026-10-08 13:50:43.140,217.26,20261008_134705,วิว,rest,,,,,84.5,,1,0.337,0.347,-0.01,1,38.06,0.049,0.031,16,ready,8
2026-10-08 13:50:43.339,217.46,20261008_134705,วิว,rest,,,,,84.5,,1,0.337,0.347,-0.01,1,38.06,0.049,0.031,16,ready,8
2026-10-08 13:50:43.541,217.66,20261008_134705,วิว,rest,,,,,84.5,,1,0.336,0.347,-0.011,1,38.07,0.049,0.031,16,ready,8
2026-10-08 13:50:43.747,217.87,20261008_134705,วิว,rest,,,,,84.5,,1,0.336,0.346,-0.01,1,38.07,0.049,0.031,16,ready,8
2026-10-08 13:50:43.949,218.07,20261008_134705,วิว,rest,,,,,84.5,,1,0.335,0.346,-0.011,1,38.08,0.049,0.031,16,ready,8
2026-10-08 13:50:44.151,218.27,20261008_134705,วิว,rest,,,,,84.5,,1,0.336,0.346,-0.01,1,38.08,0.049,0.031,16,ready,8
2026-10-08 13:50:44.359,218.48,20261008_134705,วิว,rest,,,,,84.5,,1,0.335,0.346,-0.011,1,38.09,0.049,0.031,16,ready,9
2026-10-08 13:50:44.560,218.68,20261008_134705,วิว,rest,,,,,84.5,,1,0.335,0.346,-0.01,1,38.09,0.049,0.031,16,ready,8
2026-10-08 13:50:44.762,218.88,20261008_134705,วิว,rest,,,,,84.5,,1,0.335,0.346,-0.01,1,38.1,0.049,0.031,16,ready,9
2026-10-08 13:50:44.966,219.09,20261008_134705,วิว,rest,,,,,84.5,,1,0.335,0.346,-0.01,1,38.1,0.049,0.031,16,ready,9
2026-10-08 13:50:45.168,219.29,20261008_134705,วิว,rest,,,,,84.5,,1,0.328,0.345,-0.017,1,38.06,0.049,0.031,16,ready,8
2026-10-08 13:50:45.372,219.49,20261008_134705,วิว,rest,,,,,84.5,,1,0.33,0.345,-0.015,1,38.06,0.049,0.031,16,ready,8
2026-10-08 13:50:45.576,219.7,20261008_134705,วิว,rest,,,,,84.5,,1,0.332,0.345,-0.013,1,38.07,0.049,0.031,16,ready,8
2026-10-08 13:50:45.778,219.9,20261008_134705,วิว,rest,,,,,84.5,,1,0.333,0.345,-0.011,1,38.08,0.049,0.031,16,ready,8
2026-10-08 13:50:45.980,220.1,20261008_134705,วิว,rest,,,,,84.5,,1,0.334,0.345,-0.011,1,38.08,0.049,0.031,16,ready,8
2026-10-08 13:50:46.188,220.31,20261008_134705,วิว,rest,,,,,84.5,,1,0.334,0.344,-0.01,1,38.09,0.049,0.031,16,ready,8
2026-10-08 13:50:46.392,220.51,20261008_134705,วิว,rest,,,,,84.5,,1,0.335,0.344,-0.01,1,38.09,0.049,0.031,16,ready,8
2026-10-08 13:50:46.590,220.71,20261008_134705,วิว,rest,,,,,84.5,,1,0.334,0.344,-0.01,1,38.1,0.049,0.031,16,ready,8
2026-10-08 13:50:46.798,220.92,20261008_134705,วิว,rest,,,,,84.5,,1,0.334,0.344,-0.01,1,38.1,0.049,0.031,16,ready,8
2026-10-08 13:50:47.008,221.13,20261008_134705,วิว,rest,,,,,84.5,,1,0.333,0.344,-0.01,1,38.1,0.049,0.031,16,ready,8
2026-10-08 13:50:47.202,221.32,20261008_134705,วิว,rest,,,,,84.5,,1,0.332,0.344,-0.012,1,38.1,0.049,0.031,16,ready,8
2026-10-08 13:50:47.407,221.53,20261008_134705,วิว,rest,,,,,84.5,,1,0.333,0.344,-0.011,1,38.11,0.049,0.031,16,ready,8
2026-10-08 13:50:47.612,221.73,20261008_134705,วิว,rest,,,,,84.5,,1,0.332,0.343,-0.011,1,38.1,0.049,0.031,16,ready,8
2026-10-08 13:50:47.811,221.93,20261008_134705,วิว,rest,,,,,84.5,,1,0.333,0.343,-0.011,1,38.1,0.049,0.031,16,ready,8
2026-10-08 13:50:48.022,222.14,20261008_134705,วิว,rest,,,,,84.5,,1,0.332,0.343,-0.011,1,38.11,0.049,0.031,16,ready,8
2026-10-08 13:50:48.219,222.34,20261008_134705,วิว,rest,,,,,84.5,,1,0.332,0.343,-0.011,1,38.11,0.049,0.031,16,ready,8
2026-10-08 13:50:48.423,222.54,20261008_134705,วิว,rest,,,,,84.5,,1,0.332,0.343,-0.011,1,38.11,0.049,0.031,16,ready,8
2026-10-08 13:50:48.626,222.75,20261008_134705,วิว,rest,,,,,84.5,,1,0.33,0.343,-0.012,1,38.12,0.049,0.031,16,ready,8
2026-10-08 13:50:48.831,222.95,20261008_134705,วิว,rest,,,,,84.5,,1,0.33,0.343,-0.012,1,38.12,0.049,0.031,16,ready,8
2026-10-08 13:50:49.030,223.15,20261008_134705,วิว,rest,,,,,84.5,,1,0.331,0.342,-0.011,1,38.12,0.049,0.031,16,ready,8
2026-10-08 13:50:49.240,223.36,20261008_134705,วิว,recovery,5,604,manual,truth,84.5,,1,0.329,0.342,-0.014,1,38.13,0.049,0.031,16,ready,8
2026-10-08 13:50:49.443,223.56,20261008_134705,วิว,question,5,604,manual,truth,84.5,,1,0.32,0.342,-0.022,1,38.1,0.049,0.031,16,question,8
2026-10-08 13:50:49.650,223.77,20261008_134705,วิว,question,5,604,manual,truth,84.5,,1,0.318,0.342,-0.024,1,38.07,0.049,0.031,16,question,8
2026-10-08 13:50:49.856,223.98,20261008_134705,วิว,question,5,604,manual,truth,84.5,,1,0.323,0.341,-0.019,1,38.09,0.049,0.031,16,question,8
2026-10-08 13:50:50.060,224.18,20261008_134705,วิว,question,5,604,manual,truth,84.5,,1,0.326,0.341,-0.015,1,38.1,0.049,0.031,16,question,8
2026-10-08 13:50:50.259,224.38,20261008_134705,วิว,question,5,604,manual,truth,84.5,,1,0.328,0.341,-0.013,1,38.1,0.049,0.031,16,question,8
2026-10-08 13:50:50.461,224.58,20261008_134705,วิว,question,5,604,manual,truth,84.5,,1,0.328,0.341,-0.012,1,38.11,0.049,0.031,16,question,8
2026-10-08 13:50:50.668,224.79,20261008_134705,วิว,question,5,604,manual,truth,84.5,,1,0.33,0.341,-0.011,1,38.11,0.049,0.031,16,question,8
2026-10-08 13:50:50.870,224.99,20261008_134705,วิว,question,5,604,manual,truth,84.5,,1,0.33,0.341,-0.01,1,38.11,0.049,0.031,16,question,8
2026-10-08 13:50:51.071,225.19,20261008_134705,วิว,question,5,604,manual,truth,84.5,,1,0.329,0.34,-0.011,1,38.12,0.049,0.031,16,question,8
2026-10-08 13:50:51.276,225.4,20261008_134705,วิว,question,5,604,manual,truth,84.5,,1,0.328,0.34,-0.012,1,38.12,0.049,0.031,16,question,8
2026-10-08 13:50:51.483,225.6,20261008_134705,วิว,question,5,604,manual,truth,84.5,,1,0.327,0.34,-0.013,1,38.12,0.049,0.031,16,question,8
2026-10-08 13:50:51.681,225.8,20261008_134705,วิว,question,5,604,manual,truth,84.5,,1,0.327,0.34,-0.013,1,38.12,0.049,0.031,16,question,8
2026-10-08 13:50:51.889,226.01,20261008_134705,วิว,question,5,604,manual,truth,84.5,,1,0.328,0.34,-0.012,1,38.12,0.049,0.031,16,question,8
2026-10-08 13:50:52.090,226.21,20261008_134705,วิว,question,5,604,manual,truth,84.5,,1,0.326,0.34,-0.013,1,38.12,0.049,0.031,16,question,8
2026-10-08 13:50:52.290,226.41,20261008_134705,วิว,question,5,604,manual,truth,84.5,,1,0.325,0.339,-0.014,1,38.13,0.049,0.031,16,question,8
2026-10-08 13:50:52.496,226.62,20261008_134705,วิว,question,5,604,manual,truth,84.5,,1,0.326,0.339,-0.013,1,38.13,0.049,0.031,16,question,8
2026-10-08 13:50:52.698,226.82,20261008_134705,วิว,question,5,604,manual,truth,84.5,,1,0.328,0.339,-0.011,1,38.13,0.049,0.031,16,question,8
2026-10-08 13:50:52.901,227.02,20261008_134705,วิว,question,5,604,manual,truth,84.5,,1,0.328,0.339,-0.011,1,38.13,0.049,0.031,16,question,8
2026-10-08 13:50:53.108,227.23,20261008_134705,วิว,question,5,604,manual,truth,84.5,,1,0.326,0.339,-0.012,1,38.13,0.049,0.031,16,question,8
2026-10-08 13:50:53.310,227.43,20261008_134705,วิว,question,5,604,manual,truth,84.5,,1,0.325,0.339,-0.013,1,38.14,0.049,0.031,16,question,8
2026-10-08 13:50:53.512,227.63,20261008_134705,วิว,question,5,604,manual,truth,84.5,,1,0.326,0.338,-0.012,1,38.14,0.049,0.031,16,question,8
2026-10-08 13:50:53.717,227.84,20261008_134705,วิว,question,5,604,manual,truth,84.5,,1,0.328,0.338,-0.01,1,38.09,0.049,0.031,16,question,8
2026-10-08 13:50:53.918,228.04,20261008_134705,วิว,question,5,604,manual,truth,84.5,,1,0.323,0.338,-0.015,1,38.1,0.049,0.031,16,question,8
2026-10-08 13:50:54.122,228.24,20261008_134705,วิว,question,5,604,manual,truth,84.5,,1,0.324,0.338,-0.014,1,38.11,0.049,0.031,16,question,8
2026-10-08 13:50:54.331,228.45,20261008_134705,วิว,question,5,604,manual,truth,84.5,,1,0.324,0.338,-0.013,1,38.11,0.049,0.031,16,question,8
2026-10-08 13:50:54.531,228.65,20261008_134705,วิว,question,5,604,manual,truth,84.5,,1,0.324,0.338,-0.013,1,38.12,0.049,0.031,16,question,8
2026-10-08 13:50:54.730,228.85,20261008_134705,วิว,question,5,604,manual,truth,84.5,,1,0.325,0.337,-0.012,1,38.12,0.049,0.031,16,question,8
2026-10-08 13:50:54.938,229.06,20261008_134705,วิว,question,5,604,manual,truth,84.5,,1,0.325,0.337,-0.012,1,38.12,0.049,0.031,16,question,8
2026-10-08 13:50:55.139,229.26,20261008_134705,วิว,question,5,604,manual,truth,84.5,,1,0.324,0.337,-0.013,1,38.13,0.049,0.031,16,question,8
2026-10-08 13:50:55.340,229.46,20261008_134705,วิว,question,5,604,manual,truth,84.5,,1,0.326,0.337,-0.011,1,38.13,0.049,0.031,16,question,8
2026-10-08 13:50:55.546,229.67,20261008_134705,วิว,question,5,604,manual,truth,84.5,,1,0.325,0.337,-0.012,1,38.14,0.049,0.031,16,question,8
2026-10-08 13:50:55.748,229.87,20261008_134705,วิว,question,5,604,manual,truth,84.5,,1,0.325,0.337,-0.012,1,38.14,0.049,0.031,16,question,8
2026-10-08 13:50:55.950,230.07,20261008_134705,วิว,question,5,604,manual,truth,84.5,,1,0.325,0.336,-0.011,1,38.14,0.049,0.031,16,question,8
2026-10-08 13:50:56.157,230.28,20261008_134705,วิว,question,5,604,manual,truth,84.5,,1,0.322,0.336,-0.014,1,38.16,0.049,0.031,16,question,8
2026-10-08 13:50:56.359,230.48,20261008_134705,วิว,question,5,604,manual,truth,84.5,,1,0.322,0.336,-0.014,1,38.16,0.049,0.031,16,question,8
2026-10-08 13:50:56.565,230.69,20261008_134705,วิว,question,5,604,manual,truth,84.5,,1,0.321,0.336,-0.014,1,38.16,0.049,0.031,16,question,8
2026-10-08 13:50:56.773,230.89,20261008_134705,วิว,question,5,604,manual,truth,84.5,,1,0.321,0.335,-0.015,1,38.16,0.049,0.031,16,question,8
2026-10-08 13:50:56.968,231.09,20261008_134705,วิว,question,5,604,manual,truth,84.5,,1,0.319,0.335,-0.016,1,38.16,0.049,0.031,16,question,8
2026-10-08 13:50:57.170,231.29,20261008_134705,วิว,question,5,604,manual,truth,84.5,,1,0.319,0.335,-0.016,1,38.16,0.049,0.031,16,question,8
2026-10-08 13:50:57.376,231.5,20261008_134705,วิว,question,5,604,manual,truth,84.5,,1,0.317,0.335,-0.018,1,38.17,0.049,0.031,15,question,8
2026-10-08 13:50:57.578,231.7,20261008_134705,วิว,question,5,604,manual,truth,84.5,,1,0.318,0.335,-0.017,1,38.17,0.049,0.031,15,question,8
2026-10-08 13:50:57.782,231.9,20261008_134705,วิว,question,5,604,manual,truth,84.5,,1,0.317,0.334,-0.017,1,38.19,0.049,0.031,15,question,8
2026-10-08 13:50:57.988,232.11,20261008_134705,วิว,question,5,604,manual,truth,84.5,,1,0.311,0.334,-0.023,1,38.09,0.049,0.031,15,question,8
2026-10-08 13:50:58.189,232.31,20261008_134705,วิว,question,5,604,manual,truth,84.5,,1,0.315,0.334,-0.019,1,38.1,0.049,0.031,15,question,8
2026-10-08 13:50:58.391,232.51,20261008_134705,วิว,question,5,604,manual,truth,84.5,,1,0.316,0.334,-0.017,1,38.1,0.049,0.031,15,question,8
2026-10-08 13:50:58.598,232.72,20261008_134705,วิว,question,5,604,manual,truth,84.5,,1,0.316,0.333,-0.018,1,38.12,0.049,0.031,15,question,8
2026-10-08 13:50:58.800,232.92,20261008_134705,วิว,question,5,604,manual,truth,84.5,,1,0.317,0.333,-0.016,1,38.12,0.049,0.031,15,question,8
2026-10-08 13:50:59.001,233.12,20261008_134705,วิว,question,5,604,manual,truth,84.5,,1,0.317,0.333,-0.016,1,38.13,0.049,0.031,15,question,8
2026-10-08 13:50:59.206,233.33,20261008_134705,วิว,question,5,604,manual,truth,84.5,,1,0.316,0.333,-0.016,1,38.14,0.049,0.031,15,question,8
2026-10-08 13:50:59.413,233.53,20261008_134705,วิว,question,5,604,manual,truth,84.5,,1,0.315,0.332,-0.018,1,38.14,0.049,0.031,15,question,8
2026-10-08 13:50:59.610,233.73,20261008_134705,วิว,question,5,604,manual,truth,84.5,,1,0.316,0.332,-0.017,1,38.14,0.049,0.031,15,question,8
2026-10-08 13:50:59.820,233.94,20261008_134705,วิว,question,5,604,manual,truth,84.5,,1,0.316,0.332,-0.016,1,38.15,0.049,0.031,15,question,8
2026-10-08 13:51:00.018,234.14,20261008_134705,วิว,question,5,604,manual,truth,84.5,,1,0.316,0.332,-0.015,1,38.15,0.049,0.031,15,question,8
2026-10-08 13:51:00.235,234.36,20261008_134705,วิว,question,5,604,manual,truth,84.5,,1,0.316,0.332,-0.016,1,38.16,0.049,0.031,15,question,8
2026-10-08 13:51:00.427,234.55,20261008_134705,วิว,question,5,604,manual,truth,84.5,,1,0.315,0.331,-0.016,1,38.16,0.049,0.031,15,question,8
2026-10-08 13:51:00.628,234.75,20261008_134705,วิว,question,5,604,manual,truth,84.5,,1,0.315,0.331,-0.016,1,38.17,0.049,0.031,15,question,8
2026-10-08 13:51:00.832,234.95,20261008_134705,วิว,question,5,604,manual,truth,84.5,,1,0.316,0.331,-0.015,1,38.16,0.049,0.031,15,question,8
2026-10-08 13:51:01.039,235.16,20261008_134705,วิว,question,5,604,manual,truth,84.5,,1,0.314,0.331,-0.017,1,38.17,0.049,0.031,15,question,8
2026-10-08 13:51:01.240,235.36,20261008_134705,วิว,recovery,5,604,manual,truth,84.5,,1,0.313,0.331,-0.018,1,38.17,0.049,0.031,15,ready,8
2026-10-08 13:51:01.437,235.56,20261008_134705,วิว,recovery,5,604,manual,truth,84.5,,1,0.311,0.33,-0.019,1,38.17,0.049,0.031,15,ready,8
2026-10-08 13:51:01.640,235.76,20261008_134705,วิว,recovery,5,604,manual,truth,84.5,,1,0.311,0.33,-0.019,1,38.17,0.049,0.031,15,ready,8
2026-10-08 13:51:01.841,235.96,20261008_134705,วิว,recovery,5,604,manual,truth,84.5,,1,0.312,0.33,-0.018,1,38.18,0.049,0.031,15,ready,8
2026-10-08 13:51:02.061,236.18,20261008_134705,วิว,recovery,5,604,manual,truth,84.5,,1,0.313,0.33,-0.017,1,38.18,0.049,0.031,15,ready,8
2026-10-08 13:51:02.249,236.37,20261008_134705,วิว,recovery,5,604,manual,truth,84.5,,1,0.313,0.329,-0.016,1,38.18,0.049,0.031,15,ready,8
2026-10-08 13:51:02.451,236.57,20261008_134705,วิว,recovery,5,604,manual,truth,84.5,,1,0.312,0.329,-0.018,1,38.18,0.049,0.031,15,ready,8
2026-10-08 13:51:02.657,236.78,20261008_134705,วิว,recovery,5,604,manual,truth,84.5,,1,0.312,0.329,-0.017,1,38.18,0.049,0.031,15,ready,8
2026-10-08 13:51:02.861,236.98,20261008_134705,วิว,recovery,5,604,manual,truth,84.5,,1,0.311,0.329,-0.018,1,38.18,0.049,0.031,15,ready,8
2026-10-08 13:51:03.064,237.19,20261008_134705,วิว,recovery,5,604,manual,truth,84.5,,1,0.31,0.328,-0.018,1,38.19,0.049,0.031,15,ready,8
2026-10-08 13:51:03.267,237.39,20261008_134705,วิว,recovery,5,604,manual,truth,84.5,,1,0.31,0.328,-0.018,1,38.19,0.049,0.031,15,ready,8
2026-10-08 13:51:03.469,237.59,20261008_134705,วิว,recovery,5,604,manual,truth,84.5,,1,0.311,0.328,-0.017,1,38.09,0.049,0.031,15,ready,8
2026-10-08 13:51:03.671,237.79,20261008_134705,วิว,rest,,,,,84.5,,1,0.305,0.328,-0.022,1,38.03,0.049,0.031,15,ready,8
2026-10-08 13:51:03.877,238.0,20261008_134705,วิว,rest,,,,,84.5,,1,0.308,0.327,-0.019,1,38.05,0.049,0.031,15,ready,8
2026-10-08 13:51:04.079,238.2,20261008_134705,วิว,rest,,,,,84.5,,1,0.308,0.327,-0.019,1,38.06,0.049,0.031,15,ready,8
2026-10-08 13:51:04.281,238.4,20261008_134705,วิว,rest,,,,,84.5,,1,0.309,0.327,-0.018,1,38.08,0.049,0.031,15,ready,8
2026-10-08 13:51:04.487,238.61,20261008_134705,วิว,rest,,,,,84.5,,1,0.309,0.327,-0.017,1,38.09,0.049,0.031,15,ready,8
2026-10-08 13:51:04.689,238.81,20261008_134705,วิว,rest,,,,,84.5,,1,0.309,0.326,-0.017,1,38.1,0.049,0.031,15,ready,8
2026-10-08 13:51:04.894,239.02,20261008_134705,วิว,rest,,,,,84.5,,1,0.309,0.326,-0.017,1,38.11,0.049,0.031,15,ready,8
2026-10-08 13:51:05.097,239.22,20261008_134705,วิว,rest,,,,,84.5,,1,0.309,0.326,-0.017,1,38.12,0.049,0.031,15,ready,8
2026-10-08 13:51:05.299,239.42,20261008_134705,วิว,rest,,,,,84.5,,1,0.309,0.326,-0.017,1,38.13,0.049,0.031,15,ready,8
2026-10-08 13:51:05.504,239.63,20261008_134705,วิว,rest,,,,,84.5,,1,0.309,0.325,-0.017,1,38.14,0.049,0.031,15,ready,8
2026-10-08 13:51:05.708,239.83,20261008_134705,วิว,rest,,,,,84.5,,1,0.31,0.325,-0.015,1,38.14,0.049,0.031,15,ready,8
2026-10-08 13:51:05.913,240.03,20261008_134705,วิว,rest,,,,,84.5,,1,0.31,0.325,-0.015,1,38.15,0.049,0.031,15,ready,8
2026-10-08 13:51:06.113,240.23,20261008_134705,วิว,rest,,,,,84.5,,1,0.31,0.325,-0.015,1,38.16,0.049,0.031,15,ready,9
2026-10-08 13:51:06.319,240.44,20261008_134705,วิว,rest,,,,,84.5,,1,0.31,0.325,-0.015,1,38.16,0.049,0.031,15,ready,9
2026-10-08 13:51:06.519,240.64,20261008_134705,วิว,rest,,,,,84.5,,1,0.31,0.324,-0.014,1,38.17,0.049,0.031,15,ready,9
2026-10-08 13:51:06.721,240.84,20261008_134705,วิว,rest,,,,,84.5,,1,0.309,0.324,-0.015,1,38.17,0.049,0.031,15,ready,9
2026-10-08 13:51:06.927,241.05,20261008_134705,วิว,rest,,,,,84.5,,1,0.309,0.324,-0.015,1,38.17,0.049,0.031,15,ready,9
2026-10-08 13:51:07.129,241.25,20261008_134705,วิว,rest,,,,,84.5,,1,0.309,0.324,-0.015,1,38.18,0.049,0.031,15,ready,9
2026-10-08 13:51:07.331,241.45,20261008_134705,วิว,rest,,,,,84.5,,1,0.308,0.324,-0.015,1,38.19,0.049,0.031,15,ready,9
2026-10-08 13:51:07.537,241.66,20261008_134705,วิว,rest,,,,,84.5,,1,0.309,0.323,-0.014,1,38.19,0.049,0.031,15,ready,9
2026-10-08 13:51:07.743,241.86,20261008_134705,วิว,rest,,,,,84.5,,1,0.309,0.323,-0.015,1,38.19,0.049,0.031,15,ready,9
2026-10-08 13:51:07.945,242.07,20261008_134705,วิว,rest,,,,,84.5,,1,0.302,0.323,-0.021,1,38.1,0.049,0.031,15,ready,9
2026-10-08 13:51:08.149,242.27,20261008_134705,วิว,rest,,,,,84.5,,1,0.305,0.323,-0.018,1,38.11,0.049,0.031,15,ready,8
2026-10-08 13:51:08.356,242.48,20261008_134705,วิว,rest,,,,,84.5,,1,0.306,0.323,-0.017,1,38.12,0.049,0.031,14,ready,8
2026-10-08 13:51:08.560,242.68,20261008_134705,วิว,rest,,,,,84.5,,1,0.306,0.322,-0.016,1,38.13,0.049,0.031,14,ready,8
2026-10-08 13:51:08.762,242.88,20261008_134705,วิว,rest,,,,,84.5,,1,0.306,0.322,-0.016,1,38.14,0.049,0.031,14,ready,8
2026-10-08 13:51:08.959,243.08,20261008_134705,วิว,rest,,,,,84.5,,1,0.307,0.322,-0.015,1,38.15,0.049,0.031,14,ready,8
2026-10-08 13:51:09.161,243.28,20261008_134705,วิว,rest,,,,,84.5,,1,0.307,0.322,-0.015,1,38.15,0.049,0.031,14,ready,8
2026-10-08 13:51:09.367,243.49,20261008_134705,วิว,rest,,,,,84.5,,1,0.307,0.322,-0.014,1,38.16,0.049,0.031,14,ready,8
2026-10-08 13:51:09.573,243.69,20261008_134705,วิว,rest,,,,,84.5,,1,0.307,0.321,-0.015,1,38.17,0.049,0.031,14,ready,8
2026-10-08 13:51:09.775,243.9,20261008_134705,วิว,rest,,,,,84.5,,1,0.307,0.321,-0.014,1,38.17,0.049,0.031,14,ready,8
2026-10-08 13:51:09.983,244.1,20261008_134705,วิว,rest,,,,,84.5,,1,0.307,0.321,-0.014,1,38.18,0.049,0.031,14,ready,8
2026-10-08 13:51:10.179,244.3,20261008_134705,วิว,rest,,,,,84.5,,1,0.307,0.321,-0.014,1,38.17,0.049,0.031,14,ready,8
2026-10-08 13:51:10.381,244.5,20261008_134705,วิว,rest,,,,,84.5,,1,0.306,0.321,-0.014,1,38.17,0.049,0.031,14,ready,8
2026-10-08 13:51:10.597,244.72,20261008_134705,วิว,rest,,,,,84.5,,1,0.306,0.32,-0.014,1,38.19,0.049,0.031,15,ready,8
2026-10-08 13:51:10.813,244.93,20261008_134705,วิว,rest,,,,,84.5,,1,0.306,0.32,-0.014,1,38.19,0.049,0.031,15,ready,8
2026-10-08 13:51:10.997,245.12,20261008_134705,วิว,rest,,,,,84.5,,1,0.306,0.32,-0.014,1,38.19,0.049,0.031,15,ready,9
2026-10-08 13:51:11.202,245.32,20261008_134705,วิว,rest,,,,,84.5,,1,0.305,0.32,-0.014,1,38.2,0.049,0.031,15,ready,9
2026-10-08 13:51:11.403,245.52,20261008_134705,วิว,rest,,,,,84.5,,1,0.305,0.319,-0.014,1,38.2,0.049,0.031,15,ready,9
2026-10-08 13:51:11.607,245.73,20261008_134705,วิว,rest,,,,,84.5,,1,0.306,0.319,-0.013,1,38.2,0.049,0.031,15,ready,9
2026-10-08 13:51:11.809,245.93,20261008_134705,วิว,rest,,,,,84.5,,1,0.305,0.319,-0.014,1,38.21,0.049,0.031,15,ready,9
2026-10-08 13:51:12.011,246.13,20261008_134705,วิว,rest,,,,,84.5,,1,0.306,0.319,-0.013,1,38.12,0.049,0.031,15,ready,9
2026-10-08 13:51:12.218,246.34,20261008_134705,วิว,rest,,,,,84.5,,1,0.306,0.319,-0.013,1,38.12,0.049,0.031,15,ready,8
2026-10-08 13:51:12.421,246.54,20261008_134705,วิว,rest,,,,,84.5,,1,0.306,0.319,-0.013,1,38.13,0.049,0.031,15,ready,8
2026-10-08 13:51:12.622,246.74,20261008_134705,วิว,rest,,,,,84.5,,1,0.306,0.318,-0.012,1,38.14,0.049,0.031,15,ready,8
2026-10-08 13:51:12.829,246.95,20261008_134705,วิว,rest,,,,,84.5,,1,0.306,0.318,-0.013,1,38.15,0.049,0.031,15,ready,8
2026-10-08 13:51:13.029,247.15,20261008_134705,วิว,rest,,,,,84.5,,1,0.306,0.318,-0.012,1,38.16,0.049,0.031,15,ready,8
2026-10-08 13:51:13.233,247.35,20261008_134705,วิว,rest,,,,,84.5,,1,0.306,0.318,-0.012,1,38.16,0.049,0.031,15,ready,8
2026-10-08 13:51:13.437,247.56,20261008_134705,วิว,rest,,,,,84.5,,1,0.305,0.318,-0.012,1,38.17,0.049,0.031,15,ready,8
2026-10-08 13:51:13.639,247.76,20261008_134705,วิว,rest,,,,,84.5,,1,0.306,0.318,-0.012,1,38.18,0.049,0.031,15,ready,9
2026-10-08 13:51:13.850,247.97,20261008_134705,วิว,rest,,,,,84.5,,1,0.306,0.317,-0.012,1,38.18,0.049,0.031,15,ready,9
2026-10-08 13:51:14.048,248.17,20261008_134705,วิว,rest,,,,,84.5,,1,0.305,0.317,-0.012,1,38.19,0.049,0.031,15,ready,9
2026-10-08 13:51:14.249,248.37,20261008_134705,วิว,rest,,,,,84.5,,1,0.305,0.317,-0.012,1,38.19,0.049,0.031,15,ready,9
2026-10-08 13:51:14.458,248.58,20261008_134705,วิว,rest,,,,,84.5,,1,0.305,0.317,-0.012,1,38.2,0.049,0.031,15,ready,9
2026-10-08 13:51:14.663,248.78,20261008_134705,วิว,rest,,,,,84.5,,1,0.305,0.317,-0.012,1,38.2,0.049,0.031,15,ready,9
2026-10-08 13:51:14.862,248.98,20261008_134705,วิว,rest,,,,,84.5,,1,0.305,0.317,-0.012,1,38.21,0.049,0.031,15,ready,9
2026-10-08 13:51:15.065,249.19,20261008_134705,วิว,rest,,,,,84.5,,1,0.305,0.316,-0.011,1,38.21,0.049,0.031,15,ready,9
2026-10-08 13:51:15.274,249.39,20261008_134705,วิว,rest,,,,,84.5,,1,0.305,0.316,-0.011,1,38.21,0.049,0.031,15,ready,9
2026-10-08 13:51:15.476,249.6,20261008_134705,วิว,rest,,,,,84.5,,1,0.305,0.316,-0.011,1,38.22,0.049,0.031,15,ready,9
2026-10-08 13:51:15.671,249.79,20261008_134705,วิว,rest,,,,,84.5,,1,0.305,0.316,-0.011,1,38.22,0.049,0.031,15,ready,9
2026-10-08 13:51:15.877,250.0,20261008_134705,วิว,rest,,,,,84.5,,1,0.305,0.316,-0.011,1,38.22,0.049,0.031,15,ready,9
2026-10-08 13:51:16.081,250.2,20261008_134705,วิว,rest,,,,,84.5,,1,0.304,0.316,-0.011,1,38.23,0.049,0.031,15,ready,9
2026-10-08 13:51:16.285,250.41,20261008_134705,วิว,rest,,,,,84.5,,1,0.305,0.316,-0.011,1,38.14,0.049,0.031,15,ready,9
2026-10-08 13:51:16.491,250.61,20261008_134705,วิว,rest,,,,,84.5,,1,0.298,0.315,-0.018,1,38.12,0.049,0.031,15,ready,9
2026-10-08 13:51:16.690,250.81,20261008_134705,วิว,rest,,,,,84.5,,1,0.3,0.315,-0.015,1,38.13,0.049,0.031,15,ready,9
2026-10-08 13:51:16.892,251.01,20261008_134705,วิว,rest,,,,,84.5,,1,0.302,0.315,-0.013,1,38.14,0.049,0.031,15,ready,9
2026-10-08 13:51:17.098,251.22,20261008_134705,วิว,rest,,,,,84.5,,1,0.303,0.315,-0.012,1,38.15,0.049,0.031,15,ready,9
2026-10-08 13:51:17.300,251.42,20261008_134705,วิว,rest,,,,,84.5,,1,0.303,0.315,-0.012,1,38.16,0.049,0.031,15,ready,9
2026-10-08 13:51:17.504,251.62,20261008_134705,วิว,rest,,,,,84.5,,1,0.304,0.314,-0.01,1,38.17,0.049,0.031,15,ready,9
2026-10-08 13:51:17.708,251.83,20261008_134705,วิว,rest,,,,,84.5,,1,0.304,0.314,-0.01,1,38.17,0.049,0.031,15,ready,9
2026-10-08 13:51:17.909,252.03,20261008_134705,วิว,rest,,,,,84.5,,1,0.304,0.314,-0.01,1,38.18,0.049,0.031,15,ready,9
2026-10-08 13:51:18.113,252.23,20261008_134705,วิว,rest,,,,,84.5,,1,0.304,0.314,-0.01,1,38.19,0.049,0.031,15,ready,9
2026-10-08 13:51:18.317,252.44,20261008_134705,วิว,rest,,,,,84.5,,1,0.304,0.314,-0.01,1,38.19,0.049,0.031,15,ready,9
2026-10-08 13:51:18.519,252.64,20261008_134705,วิว,rest,,,,,84.5,,1,0.304,0.314,-0.01,1,38.2,0.049,0.031,15,ready,9
2026-10-08 13:51:18.722,252.84,20261008_134705,วิว,rest,,,,,84.5,,1,0.304,0.314,-0.009,1,38.2,0.049,0.031,15,ready,9
2026-10-08 13:51:18.927,253.05,20261008_134705,วิว,rest,,,,,84.5,,1,0.304,0.314,-0.01,1,38.2,0.049,0.031,15,ready,9
2026-10-08 13:51:19.130,253.25,20261008_134705,วิว,rest,,,,,84.5,,1,0.304,0.313,-0.01,1,38.21,0.049,0.031,15,ready,9
2026-10-08 13:51:19.331,253.45,20261008_134705,วิว,rest,,,,,84.5,,1,0.304,0.313,-0.01,1,38.21,0.049,0.031,15,ready,9
2026-10-08 13:51:19.539,253.66,20261008_134705,วิว,rest,,,,,84.5,,1,0.304,0.313,-0.009,1,38.21,0.049,0.031,15,ready,9
2026-10-08 13:51:19.739,253.86,20261008_134705,วิว,rest,,,,,84.5,,1,0.304,0.313,-0.009,1,38.21,0.049,0.031,15,ready,9
2026-10-08 13:51:19.942,254.06,20261008_134705,วิว,rest,,,,,84.5,,1,0.304,0.313,-0.009,1,38.22,0.049,0.031,15,ready,9
2026-10-08 13:51:20.147,254.27,20261008_134705,วิว,rest,,,,,84.5,,1,0.304,0.313,-0.009,1,38.22,0.049,0.031,15,ready,9
2026-10-08 13:51:20.351,254.47,20261008_134705,วิว,rest,,,,,84.5,,1,0.304,0.313,-0.009,1,38.22,0.049,0.031,15,ready,9
2026-10-08 13:51:20.551,254.67,20261008_134705,วิว,rest,,,,,84.5,,1,0.304,0.313,-0.009,1,38.22,0.049,0.031,15,ready,9
2026-10-08 13:51:20.758,254.88,20261008_134705,วิว,rest,,,,,84.5,,1,0.296,0.312,-0.016,1,38.12,0.049,0.031,15,ready,9
2026-10-08 13:51:20.960,255.08,20261008_134705,วิว,rest,,,,,84.5,,1,0.299,0.312,-0.013,1,38.13,0.049,0.031,15,ready,9
2026-10-08 13:51:21.162,255.28,20261008_134705,วิว,rest,,,,,84.5,,1,0.301,0.312,-0.011,1,38.14,0.049,0.031,15,ready,8
2026-10-08 13:51:21.367,255.49,20261008_134705,วิว,rest,,,,,84.5,,1,0.302,0.312,-0.01,1,38.15,0.049,0.031,15,ready,8
2026-10-08 13:51:21.569,255.69,20261008_134705,วิว,rest,,,,,84.5,,1,0.303,0.312,-0.009,1,38.16,0.049,0.031,15,ready,9
2026-10-08 13:51:21.771,255.89,20261008_134705,วิว,rest,,,,,84.5,,1,0.303,0.312,-0.009,1,38.17,0.049,0.031,15,ready,9
2026-10-08 13:51:21.978,256.1,20261008_134705,วิว,rest,,,,,84.5,,1,0.303,0.312,-0.008,1,38.18,0.049,0.031,15,ready,9
2026-10-08 13:51:22.180,256.3,20261008_134705,วิว,rest,,,,,84.5,,1,0.303,0.311,-0.008,1,38.19,0.049,0.031,15,ready,9
2026-10-08 13:51:22.384,256.51,20261008_134705,วิว,rest,,,,,84.5,,1,0.304,0.311,-0.008,1,38.19,0.049,0.031,16,ready,9
2026-10-08 13:51:22.589,256.71,20261008_134705,วิว,rest,,,,,84.5,,1,0.304,0.311,-0.008,1,38.21,0.049,0.031,16,ready,9
2026-10-08 13:51:22.792,256.91,20261008_134705,วิว,rest,,,,,84.5,,1,0.304,0.311,-0.007,1,38.21,0.049,0.031,16,ready,9
2026-10-08 13:51:22.992,257.11,20261008_134705,วิว,rest,,,,,84.5,,1,0.304,0.311,-0.007,1,38.21,0.049,0.031,16,ready,9
2026-10-08 13:51:23.198,257.32,20261008_134705,วิว,rest,,,,,84.5,,1,0.303,0.311,-0.008,1,38.22,0.049,0.031,16,ready,9
2026-10-08 13:51:23.400,257.52,20261008_134705,วิว,rest,,,,,84.5,,1,0.303,0.311,-0.007,1,38.22,0.049,0.031,16,ready,9
2026-10-08 13:51:23.603,257.72,20261008_134705,วิว,rest,,,,,84.5,,1,0.303,0.311,-0.008,1,38.22,0.049,0.031,16,ready,9
2026-10-08 13:51:23.807,257.93,20261008_134705,วิว,rest,,,,,84.5,,1,0.303,0.311,-0.008,1,38.23,0.049,0.031,16,ready,9
2026-10-08 13:51:24.009,258.13,20261008_134705,วิว,rest,,,,,84.5,,1,0.303,0.31,-0.007,1,38.23,0.049,0.031,16,ready,9
2026-10-08 13:51:24.213,258.33,20261008_134705,วิว,rest,,,,,84.5,,1,0.303,0.31,-0.007,1,38.23,0.049,0.031,16,ready,9
2026-10-08 13:51:24.418,258.54,20261008_134705,วิว,rest,,,,,84.5,,1,0.303,0.31,-0.007,1,38.23,0.049,0.031,16,ready,9
2026-10-08 13:51:24.623,258.74,20261008_134705,วิว,rest,,,,,84.5,,1,0.303,0.31,-0.008,1,38.23,0.049,0.031,16,ready,9
2026-10-08 13:51:24.821,258.94,20261008_134705,วิว,rest,,,,,84.5,,1,0.298,0.31,-0.012,1,38.16,0.049,0.031,16,ready,9
2026-10-08 13:51:25.027,259.15,20261008_134705,วิว,rest,,,,,84.5,,1,0.294,0.31,-0.016,1,38.16,0.049,0.031,16,ready,8
2026-10-08 13:51:25.229,259.35,20261008_134705,วิว,rest,,,,,84.5,,1,0.297,0.31,-0.012,1,38.17,0.049,0.031,16,ready,9
2026-10-08 13:51:25.431,259.55,20261008_134705,วิว,rest,,,,,84.5,,1,0.299,0.309,-0.01,1,38.18,0.049,0.031,16,ready,9
2026-10-08 13:51:25.637,259.76,20261008_134705,วิว,rest,,,,,84.5,,1,0.301,0.309,-0.009,1,38.19,0.049,0.031,16,ready,9
2026-10-08 13:51:25.840,259.96,20261008_134705,วิว,rest,,,,,84.5,,1,0.301,0.309,-0.008,1,38.19,0.049,0.031,16,ready,8
2026-10-08 13:51:26.041,260.16,20261008_134705,วิว,rest,,,,,84.5,,1,0.302,0.309,-0.007,1,38.2,0.049,0.031,16,ready,8
2026-10-08 13:51:26.247,260.37,20261008_134705,วิว,rest,,,,,84.5,,1,0.302,0.309,-0.007,1,38.2,0.049,0.031,16,ready,8
2026-10-08 13:51:26.449,260.57,20261008_134705,วิว,rest,,,,,84.5,,1,0.302,0.309,-0.007,1,38.21,0.049,0.031,16,ready,8
2026-10-08 13:51:26.651,260.77,20261008_134705,วิว,rest,,,,,84.5,,1,0.302,0.309,-0.007,1,38.21,0.049,0.031,16,ready,8
2026-10-08 13:51:26.858,260.98,20261008_134705,วิว,rest,,,,,84.5,,1,0.302,0.309,-0.007,1,38.22,0.049,0.031,16,ready,8
2026-10-08 13:51:27.060,261.18,20261008_134705,วิว,rest,,,,,84.5,,1,0.302,0.309,-0.006,1,38.22,0.049,0.031,16,ready,8
2026-10-08 13:51:27.262,261.38,20261008_134705,วิว,rest,,,,,84.5,,1,0.302,0.309,-0.006,1,38.22,0.049,0.031,16,ready,8
2026-10-08 13:51:27.467,261.59,20261008_134705,วิว,rest,,,,,84.5,,1,0.302,0.309,-0.007,1,38.22,0.049,0.031,16,ready,8
2026-10-08 13:51:27.669,261.79,20261008_134705,วิว,rest,,,,,84.5,,1,0.302,0.308,-0.006,1,38.23,0.049,0.031,16,ready,9
2026-10-08 13:51:27.872,261.99,20261008_134705,วิว,rest,,,,,84.5,,1,0.302,0.308,-0.006,1,38.23,0.049,0.031,16,ready,9
2026-10-08 13:51:28.077,262.2,20261008_134705,วิว,rest,,,,,84.5,,1,0.302,0.308,-0.006,1,38.24,0.049,0.031,16,ready,9
2026-10-08 13:51:28.280,262.4,20261008_134705,วิว,rest,,,,,84.5,,1,0.302,0.308,-0.006,1,38.24,0.049,0.031,16,ready,8
2026-10-08 13:51:28.486,262.61,20261008_134705,วิว,rest,,,,,84.5,,1,0.302,0.308,-0.006,1,38.25,0.049,0.031,16,ready,8
2026-10-08 13:51:28.689,262.81,20261008_134705,วิว,rest,,,,,84.5,,1,0.302,0.308,-0.006,1,38.26,0.049,0.031,16,ready,8
2026-10-08 13:51:28.892,263.01,20261008_134705,วิว,rest,,,,,84.5,,1,0.302,0.308,-0.006,1,38.25,0.049,0.031,16,ready,8
2026-10-08 13:51:29.096,263.22,20261008_134705,วิว,rest,,,,,84.5,,1,0.302,0.308,-0.006,1,38.23,0.049,0.031,16,ready,8
2026-10-08 13:51:29.302,263.42,20261008_134705,วิว,rest,,,,,84.5,,1,0.296,0.308,-0.011,1,38.18,0.049,0.031,16,ready,8
2026-10-08 13:51:29.509,263.63,20261008_134705,วิว,rest,,,,,84.5,,1,0.299,0.308,-0.009,1,38.18,0.049,0.031,16,ready,8
2026-10-08 13:51:29.702,263.82,20261008_134705,วิว,rest,,,,,84.5,,1,0.3,0.307,-0.008,1,38.19,0.049,0.031,16,ready,8
2026-10-08 13:51:29.907,264.03,20261008_134705,วิว,rest,,,,,84.5,,1,0.301,0.307,-0.007,1,38.2,0.049,0.031,16,ready,8
2026-10-08 13:51:30.111,264.23,20261008_134705,วิว,rest,,,,,84.5,,1,0.301,0.307,-0.006,1,38.21,0.049,0.031,16,ready,8
2026-10-08 13:51:30.312,264.43,20261008_134705,วิว,rest,,,,,84.5,,1,0.302,0.307,-0.006,1,38.21,0.049,0.031,16,ready,8
2026-10-08 13:51:30.519,264.64,20261008_134705,วิว,rest,,,,,84.5,,1,0.294,0.307,-0.013,1,38.21,0.049,0.031,16,ready,8
2026-10-08 13:51:30.720,264.84,20261008_134705,วิว,rest,,,,,84.5,,1,0.297,0.307,-0.01,1,38.22,0.049,0.031,16,ready,8
2026-10-08 13:51:30.921,265.04,20261008_134705,วิว,rest,,,,,84.5,,1,0.299,0.307,-0.008,1,38.22,0.049,0.031,16,ready,8
2026-10-08 13:51:31.127,265.25,20261008_134705,วิว,rest,,,,,84.5,,1,0.3,0.307,-0.007,1,38.23,0.049,0.031,16,ready,8
2026-10-08 13:51:31.329,265.45,20261008_134705,วิว,rest,,,,,84.5,,1,0.3,0.307,-0.006,1,38.23,0.049,0.031,16,ready,8
2026-10-08 13:51:31.533,265.65,20261008_134705,วิว,rest,,,,,84.5,,1,0.301,0.307,-0.006,1,38.24,0.049,0.031,16,ready,8
2026-10-08 13:51:31.738,265.86,20261008_134705,วิว,rest,,,,,84.5,,1,0.301,0.306,-0.006,1,38.24,0.049,0.031,16,ready,8
2026-10-08 13:51:31.942,266.06,20261008_134705,วิว,rest,,,,,84.5,,1,0.301,0.306,-0.006,1,38.25,0.049,0.031,16,ready,8
2026-10-08 13:51:32.147,266.27,20261008_134705,วิว,rest,,,,,84.5,,1,0.301,0.306,-0.006,1,38.25,0.049,0.031,16,ready,8
2026-10-08 13:51:32.349,266.47,20261008_134705,วิว,rest,,,,,84.5,,1,0.301,0.306,-0.006,1,38.25,0.049,0.031,16,ready,8
2026-10-08 13:51:32.549,266.67,20261008_134705,วิว,rest,,,,,84.5,,1,0.301,0.306,-0.006,1,38.25,0.049,0.031,16,ready,8
2026-10-08 13:51:32.754,266.87,20261008_134705,วิว,rest,,,,,84.5,,1,0.3,0.306,-0.006,1,38.25,0.049,0.031,16,ready,8
2026-10-08 13:51:32.957,267.08,20261008_134705,วิว,rest,,,,,84.5,,1,0.3,0.306,-0.006,1,38.25,0.049,0.031,16,ready,8
2026-10-08 13:51:33.160,267.28,20261008_134705,วิว,rest,,,,,84.5,,1,0.3,0.306,-0.006,1,38.25,0.049,0.031,16,ready,8
2026-10-08 13:51:33.362,267.48,20261008_134705,วิว,rest,,,,,84.5,,1,0.3,0.306,-0.006,1,38.26,0.049,0.031,16,ready,8
2026-10-08 13:51:33.568,267.69,20261008_134705,วิว,rest,,,,,84.5,,1,0.292,0.306,-0.014,1,38.16,0.049,0.031,16,ready,8
2026-10-08 13:51:33.770,267.89,20261008_134705,วิว,rest,,,,,84.5,,1,0.295,0.306,-0.011,1,38.17,0.049,0.031,16,ready,8
2026-10-08 13:51:33.972,268.09,20261008_134705,วิว,rest,,,,,84.5,,1,0.297,0.305,-0.009,1,38.18,0.049,0.031,16,ready,8
2026-10-08 13:51:34.177,268.3,20261008_134705,วิว,rest,,,,,84.5,,1,0.298,0.305,-0.007,1,38.19,0.049,0.031,16,ready,8
2026-10-08 13:51:34.379,268.5,20261008_134705,วิว,rest,,,,,84.5,,1,0.298,0.305,-0.007,1,38.2,0.049,0.031,16,ready,8
2026-10-08 13:51:34.582,268.7,20261008_134705,วิว,rest,,,,,84.5,,1,0.299,0.305,-0.006,1,38.2,0.049,0.031,16,ready,8
2026-10-08 13:51:34.789,268.91,20261008_134705,วิว,rest,,,,,84.5,,1,0.299,0.305,-0.006,1,38.22,0.049,0.031,16,ready,8
2026-10-08 13:51:34.997,269.12,20261008_134705,วิว,rest,,,,,84.5,,1,0.3,0.305,-0.005,1,38.22,0.049,0.031,17,ready,8
2026-10-08 13:51:35.209,269.33,20261008_134705,วิว,rest,,,,,84.5,,1,0.3,0.305,-0.005,1,38.23,0.049,0.031,17,ready,8
2026-10-08 13:51:35.397,269.52,20261008_134705,วิว,rest,,,,,84.5,,1,0.3,0.305,-0.005,1,38.23,0.049,0.031,17,ready,8
2026-10-08 13:51:35.600,269.72,20261008_134705,วิว,rest,,,,,84.5,,1,0.3,0.305,-0.005,1,38.24,0.049,0.031,17,ready,8
2026-10-08 13:51:35.801,269.92,20261008_134705,วิว,rest,,,,,84.5,,1,0.3,0.305,-0.005,1,38.24,0.049,0.031,17,ready,8
2026-10-08 13:51:36.007,270.13,20261008_134705,วิว,rest,,,,,84.5,,1,0.3,0.305,-0.005,1,38.25,0.049,0.031,17,ready,8
2026-10-08 13:51:36.212,270.33,20261008_134705,วิว,rest,,,,,84.5,,1,0.3,0.305,-0.005,1,38.25,0.049,0.031,17,ready,8
2026-10-08 13:51:36.413,270.53,20261008_134705,วิว,rest,,,,,84.5,,1,0.299,0.304,-0.005,1,38.25,0.049,0.031,17,ready,8
2026-10-08 13:51:36.618,270.74,20261008_134705,วิว,rest,,,,,84.5,,1,0.3,0.304,-0.005,1,38.26,0.049,0.031,17,ready,8
2026-10-08 13:51:36.819,270.94,20261008_134705,วิว,rest,,,,,84.5,,1,0.3,0.304,-0.005,1,38.26,0.049,0.031,17,ready,8
2026-10-08 13:51:37.023,271.14,20261008_134705,วิว,rest,,,,,84.5,,1,0.299,0.304,-0.005,1,38.26,0.049,0.031,17,ready,8
2026-10-08 13:51:37.227,271.35,20261008_134705,วิว,rest,,,,,84.5,,1,0.299,0.304,-0.005,1,38.26,0.049,0.031,17,ready,8
2026-10-08 13:51:37.429,271.55,20261008_134705,วิว,rest,,,,,84.5,,1,0.299,0.304,-0.005,1,38.27,0.049,0.031,17,ready,8
2026-10-08 13:51:37.632,271.75,20261008_134705,วิว,rest,,,,,84.5,,1,0.292,0.304,-0.012,1,38.2,0.049,0.031,17,ready,8
2026-10-08 13:51:37.837,271.96,20261008_134705,วิว,rest,,,,,84.5,,1,0.288,0.304,-0.016,1,38.21,0.049,0.031,17,ready,8
2026-10-08 13:51:38.039,272.16,20261008_134705,วิว,rest,,,,,84.5,,1,0.292,0.304,-0.011,1,38.22,0.049,0.031,17,ready,8
2026-10-08 13:51:38.242,272.36,20261008_134705,วิว,rest,,,,,84.5,,1,0.295,0.304,-0.009,1,38.22,0.049,0.031,17,ready,8
2026-10-08 13:51:38.447,272.57,20261008_134705,วิว,rest,,,,,84.5,,1,0.296,0.303,-0.008,1,38.23,0.049,0.031,17,ready,8
2026-10-08 13:51:38.650,272.77,20261008_134705,วิว,rest,,,,,84.5,,1,0.297,0.303,-0.007,1,38.24,0.049,0.031,17,ready,8
2026-10-08 13:51:38.851,272.97,20261008_134705,วิว,rest,,,,,84.5,,1,0.297,0.303,-0.006,1,38.24,0.049,0.031,17,ready,8
2026-10-08 13:51:39.057,273.18,20261008_134705,วิว,rest,,,,,84.5,,1,0.297,0.303,-0.006,1,38.24,0.049,0.031,17,ready,8
2026-10-08 13:51:39.259,273.38,20261008_134705,วิว,rest,,,,,84.5,,1,0.297,0.303,-0.006,1,38.25,0.049,0.031,17,ready,8
2026-10-08 13:51:39.462,273.58,20261008_134705,วิว,rest,,,,,84.5,,1,0.297,0.303,-0.006,1,38.25,0.049,0.031,17,ready,8
2026-10-08 13:51:39.667,273.79,20261008_134705,วิว,rest,,,,,84.5,,1,0.297,0.303,-0.006,1,38.26,0.049,0.031,17,ready,8
2026-10-08 13:51:39.869,273.99,20261008_134705,วิว,rest,,,,,84.5,,1,0.297,0.303,-0.006,1,38.26,0.049,0.031,17,ready,8
2026-10-08 13:51:40.071,274.19,20261008_134705,วิว,rest,,,,,84.5,,1,0.298,0.303,-0.005,1,38.26,0.049,0.031,17,ready,8
2026-10-08 13:51:40.277,274.4,20261008_134705,วิว,rest,,,,,84.5,,1,0.298,0.303,-0.005,1,38.27,0.049,0.031,17,ready,8
2026-10-08 13:51:40.479,274.6,20261008_134705,วิว,rest,,,,,84.5,,1,0.298,0.303,-0.004,1,38.27,0.049,0.031,17,ready,8
2026-10-08 13:51:40.681,274.8,20261008_134705,วิว,rest,,,,,84.5,,1,0.298,0.303,-0.004,1,38.27,0.049,0.031,17,ready,8
2026-10-08 13:51:40.888,275.01,20261008_134705,วิว,rest,,,,,84.5,,1,0.298,0.303,-0.005,1,38.28,0.049,0.031,17,ready,8
2026-10-08 13:51:41.090,275.21,20261008_134705,วิว,rest,,,,,84.5,,1,0.298,0.302,-0.005,1,38.28,0.049,0.031,17,ready,8
2026-10-08 13:51:41.292,275.41,20261008_134705,วิว,rest,,,,,84.5,,1,0.298,0.302,-0.005,1,38.28,0.049,0.031,17,ready,8
2026-10-08 13:51:41.497,275.62,20261008_134705,วิว,rest,,,,,84.5,,1,0.298,0.302,-0.005,1,38.28,0.049,0.031,17,ready,9
2026-10-08 13:51:41.699,275.82,20261008_134705,วิว,rest,,,,,84.5,,1,0.297,0.302,-0.005,1,38.28,0.049,0.031,17,ready,8
2026-10-08 13:51:41.901,276.02,20261008_134705,วิว,rest,,,,,84.5,,1,0.298,0.302,-0.005,1,38.27,0.049,0.031,17,ready,9
2026-10-08 13:51:42.108,276.23,20261008_134705,วิว,rest,,,,,84.5,,1,0.293,0.302,-0.009,1,38.2,0.049,0.031,17,ready,8
2026-10-08 13:51:42.310,276.43,20261008_134705,วิว,rest,,,,,84.5,,1,0.294,0.302,-0.008,1,38.21,0.049,0.031,17,ready,8
2026-10-08 13:51:42.512,276.63,20261008_134705,วิว,rest,,,,,84.5,,1,0.296,0.302,-0.006,1,38.22,0.049,0.031,17,ready,8
2026-10-08 13:51:42.718,276.84,20261008_134705,วิว,rest,,,,,84.5,,1,0.296,0.302,-0.005,1,38.23,0.049,0.031,17,ready,8
2026-10-08 13:51:42.919,277.04,20261008_134705,วิว,rest,,,,,84.5,,1,0.297,0.302,-0.005,1,38.24,0.049,0.031,17,ready,8
2026-10-08 13:51:45.120,279.24,20261008_134705,วิว,rest,,,,,84.5,,1,0.297,0.301,-0.004,1,38.29,0.049,0.031,17,ready,9
2026-10-08 13:51:45.321,279.44,20261008_134705,วิว,rest,,,,,84.5,,1,0.297,0.301,-0.004,1,38.3,0.049,0.031,17,ready,9
2026-10-08 13:51:45.523,279.64,20261008_134705,วิว,rest,,,,,84.5,,1,0.296,0.301,-0.005,1,38.3,0.049,0.031,17,ready,9
2026-10-08 13:51:45.725,279.85,20261008_134705,วิว,rest,,,,,84.5,,1,0.297,0.301,-0.004,1,38.3,0.049,0.031,17,ready,9
2026-10-08 13:51:45.931,280.05,20261008_134705,วิว,rest,,,,,84.5,,1,0.297,0.301,-0.004,1,38.3,0.049,0.031,17,ready,9
2026-10-08 13:51:46.133,280.25,20261008_134705,วิว,rest,,,,,84.5,,1,0.297,0.301,-0.004,1,38.3,0.049,0.031,17,ready,9
2026-10-08 13:51:46.336,280.46,20261008_134705,วิว,rest,,,,,84.5,,1,0.297,0.301,-0.004,1,38.3,0.049,0.031,17,ready,9
2026-10-08 13:51:46.541,280.66,20261008_134705,วิว,rest,,,,,84.5,,1,0.297,0.301,-0.004,1,38.3,0.049,0.031,17,ready,9
2026-10-08 13:51:46.745,280.87,20261008_134705,วิว,rest,,,,,84.5,,1,0.297,0.301,-0.004,1,38.3,0.049,0.031,17,ready,9
2026-10-08 13:51:46.948,281.07,20261008_134705,วิว,rest,,,,,84.5,,1,0.296,0.301,-0.004,1,38.31,0.049,0.031,17,ready,9
2026-10-08 13:51:47.154,281.28,20261008_134705,วิว,rest,,,,,84.5,,1,0.296,0.301,-0.004,1,38.31,0.049,0.031,17,ready,9
2026-10-08 13:51:47.361,281.48,20261008_134705,วิว,rest,,,,,84.5,,1,0.289,0.3,-0.012,1,38.22,0.049,0.031,17,ready,9
2026-10-08 13:51:47.555,281.68,20261008_134705,วิว,rest,,,,,84.5,,1,0.292,0.3,-0.009,1,38.23,0.049,0.031,17,ready,8
2026-10-08 13:51:47.770,281.89,20261008_134705,วิว,rest,,,,,84.5,,1,0.294,0.3,-0.007,1,38.23,0.049,0.031,17,ready,8
2026-10-08 13:51:47.963,282.08,20261008_134705,วิว,rest,,,,,84.5,,1,0.295,0.3,-0.005,1,38.24,0.049,0.031,17,ready,8
2026-10-08 13:51:48.168,282.29,20261008_134705,วิว,rest,,,,,84.5,,1,0.296,0.3,-0.004,1,38.25,0.049,0.031,17,ready,8
2026-10-08 13:51:48.372,282.49,20261008_134705,วิว,rest,,,,,84.5,,1,0.296,0.3,-0.004,1,38.25,0.049,0.031,17,ready,8
2026-10-08 13:51:48.573,282.69,20261008_134705,วิว,rest,,,,,84.5,,1,0.296,0.3,-0.004,1,38.26,0.049,0.031,17,ready,8
2026-10-08 13:51:48.775,282.9,20261008_134705,วิว,rest,,,,,84.5,,1,0.296,0.3,-0.004,1,38.27,0.049,0.031,17,ready,8
2026-10-08 13:51:48.983,283.1,20261008_134705,วิว,rest,,,,,84.5,,1,0.296,0.3,-0.004,1,38.27,0.049,0.031,18,ready,8
2026-10-08 13:51:49.184,283.31,20261008_134705,วิว,rest,,,,,84.5,,1,0.296,0.3,-0.004,1,38.27,0.049,0.031,18,ready,8
2026-10-08 13:51:49.389,283.51,20261008_134705,วิว,rest,,,,,84.5,,1,0.296,0.3,-0.004,1,38.28,0.049,0.031,18,ready,8
2026-10-08 13:51:49.592,283.71,20261008_134705,วิว,rest,,,,,84.5,,1,0.296,0.3,-0.003,1,38.28,0.049,0.031,18,ready,8
2026-10-08 13:51:49.793,283.91,20261008_134705,วิว,rest,,,,,84.5,,1,0.296,0.3,-0.004,1,38.28,0.049,0.031,18,ready,9
2026-10-08 13:51:49.996,284.12,20261008_134705,วิว,rest,,,,,84.5,,1,0.296,0.3,-0.003,1,38.28,0.049,0.031,18,ready,8
2026-10-08 13:51:50.203,284.32,20261008_134705,วิว,rest,,,,,84.5,,1,0.297,0.3,-0.003,1,38.28,0.049,0.031,18,ready,8
2026-10-08 13:51:50.403,284.52,20261008_134705,วิว,rest,,,,,84.5,,1,0.296,0.3,-0.003,1,38.28,0.049,0.031,18,ready,8
2026-10-08 13:51:50.610,284.73,20261008_134705,วิว,rest,,,,,84.5,,1,0.296,0.3,-0.003,1,38.29,0.049,0.031,18,ready,8
2026-10-08 13:51:50.818,284.94,20261008_134705,วิว,rest,,,,,84.5,,1,0.296,0.299,-0.003,1,38.29,0.049,0.031,18,ready,9
2026-10-08 13:51:51.014,285.14,20261008_134705,วิว,rest,,,,,84.5,,1,0.296,0.299,-0.003,1,38.29,0.049,0.031,18,ready,8
2026-10-08 13:51:51.216,285.34,20261008_134705,วิว,rest,,,,,84.5,,1,0.296,0.299,-0.003,1,38.3,0.049,0.031,18,ready,9
2026-10-08 13:51:51.426,285.55,20261008_134705,วิว,rest,,,,,84.5,,1,0.297,0.299,-0.002,1,38.24,0.049,0.031,18,ready,8
2026-10-08 13:51:51.624,285.74,20261008_134705,วิว,rest,,,,,84.5,,1,0.291,0.299,-0.008,1,38.24,0.049,0.031,18,ready,8
2026-10-08 13:51:51.829,285.95,20261008_134705,วิว,rest,,,,,84.5,,1,0.293,0.299,-0.006,1,38.25,0.049,0.031,18,ready,8
2026-10-08 13:51:52.032,286.15,20261008_134705,วิว,rest,,,,,84.5,,1,0.294,0.299,-0.005,1,38.26,0.049,0.031,18,ready,8
2026-10-08 13:51:52.235,286.36,20261008_134705,วิว,rest,,,,,84.5,,1,0.295,0.299,-0.004,1,38.26,0.049,0.031,18,ready,8
2026-10-08 13:51:52.443,286.56,20261008_134705,วิว,rest,,,,,84.5,,1,0.295,0.299,-0.004,1,38.27,0.049,0.031,18,ready,8
2026-10-08 13:51:52.646,286.77,20261008_134705,วิว,rest,,,,,84.5,,1,0.296,0.299,-0.003,1,38.27,0.049,0.031,18,ready,8
2026-10-08 13:51:52.843,286.96,20261008_134705,วิว,rest,,,,,84.5,,1,0.296,0.299,-0.003,1,38.28,0.049,0.031,18,ready,8
2026-10-08 13:51:53.045,287.17,20261008_134705,วิว,rest,,,,,84.5,,1,0.296,0.299,-0.003,1,38.28,0.049,0.031,18,ready,8
2026-10-08 13:51:53.254,287.37,20261008_134705,วิว,rest,,,,,84.5,,1,0.296,0.299,-0.003,1,38.28,0.049,0.031,18,ready,8
2026-10-08 13:51:53.454,287.57,20261008_134705,วิว,rest,,,,,84.5,,1,0.296,0.299,-0.002,1,38.29,0.049,0.031,18,ready,8
2026-10-08 13:51:53.661,287.78,20261008_134705,วิว,rest,,,,,84.5,,1,0.296,0.299,-0.003,1,38.29,0.049,0.031,18,ready,8
2026-10-08 13:51:53.863,287.98,20261008_134705,วิว,rest,,,,,84.5,,1,0.296,0.299,-0.003,1,38.29,0.049,0.031,18,ready,8
2026-10-08 13:51:54.063,288.18,20261008_134705,วิว,rest,,,,,84.5,,1,0.296,0.299,-0.003,1,38.29,0.049,0.031,18,ready,8
2026-10-08 13:51:54.266,288.39,20261008_134705,วิว,rest,,,,,84.5,,1,0.295,0.299,-0.003,1,38.29,0.049,0.031,18,ready,8
2026-10-08 13:51:54.473,288.59,20261008_134705,วิว,rest,,,,,84.5,,1,0.295,0.299,-0.003,1,38.3,0.049,0.031,18,ready,8
2026-10-08 13:51:54.676,288.8,20261008_134705,วิว,rest,,,,,84.5,,1,0.296,0.299,-0.003,1,38.3,0.049,0.031,18,ready,8
2026-10-08 13:51:54.877,289.0,20261008_134705,วิว,rest,,,,,84.5,,1,0.296,0.298,-0.003,1,38.3,0.049,0.031,18,ready,8
2026-10-08 13:51:55.081,289.2,20261008_134705,วิว,rest,,,,,84.5,,1,0.295,0.298,-0.003,1,38.3,0.049,0.031,18,ready,8
2026-10-08 13:51:55.285,289.41,20261008_134705,วิว,rest,,,,,84.5,,1,0.296,0.298,-0.003,1,38.31,0.049,0.031,18,ready,8
2026-10-08 13:51:55.485,289.61,20261008_134705,วิว,rest,,,,,84.5,,1,0.296,0.298,-0.002,1,38.31,0.049,0.031,18,ready,8
2026-10-08 13:51:55.691,289.81,20261008_134705,วิว,rest,,,,,84.5,,1,0.295,0.298,-0.003,1,38.34,0.049,0.031,18,ready,9
2026-10-08 13:51:55.893,290.01,20261008_134705,วิว,rest,,,,,84.5,,1,0.288,0.298,-0.01,1,38.24,0.049,0.031,18,ready,8
2026-10-08 13:51:56.095,290.22,20261008_134705,วิว,rest,,,,,84.5,,1,0.291,0.298,-0.007,1,38.24,0.049,0.031,18,ready,8
2026-10-08 13:51:56.301,290.42,20261008_134705,วิว,rest,,,,,84.5,,1,0.293,0.298,-0.005,1,38.25,0.049,0.031,18,ready,8
2026-10-08 13:51:56.505,290.63,20261008_134705,วิว,rest,,,,,84.5,,1,0.295,0.298,-0.003,1,38.26,0.049,0.031,18,ready,8
2026-10-08 13:51:56.710,290.83,20261008_134705,วิว,rest,,,,,84.5,,1,0.295,0.298,-0.003,1,38.27,0.049,0.031,18,ready,8
2026-10-08 13:51:56.912,291.03,20261008_134705,วิว,rest,,,,,84.5,,1,0.295,0.298,-0.003,1,38.28,0.049,0.031,18,ready,8
2026-10-08 13:51:57.114,291.23,20261008_134705,วิว,rest,,,,,84.5,,1,0.296,0.298,-0.002,1,38.28,0.049,0.031,18,ready,8
2026-10-08 13:51:57.316,291.44,20261008_134705,วิว,rest,,,,,84.5,,1,0.296,0.298,-0.002,1,38.29,0.049,0.031,18,ready,8
2026-10-08 13:51:57.521,291.64,20261008_134705,วิว,rest,,,,,84.5,,1,0.296,0.298,-0.002,1,38.3,0.049,0.031,18,ready,8
2026-10-08 13:51:57.723,291.84,20261008_134705,วิว,rest,,,,,84.5,,1,0.296,0.298,-0.002,1,38.3,0.049,0.031,18,ready,8
2026-10-08 13:51:57.925,292.05,20261008_134705,วิว,rest,,,,,84.5,,1,0.296,0.298,-0.002,1,38.3,0.049,0.031,18,ready,8
2026-10-08 13:51:58.131,292.25,20261008_134705,วิว,rest,,,,,84.5,,1,0.296,0.298,-0.002,1,38.31,0.049,0.031,18,ready,8
2026-10-08 13:51:58.334,292.46,20261008_134705,วิว,rest,,,,,84.5,,1,0.296,0.298,-0.002,1,38.31,0.049,0.031,18,ready,8
2026-10-08 13:51:58.536,292.66,20261008_134705,วิว,rest,,,,,84.5,,1,0.296,0.298,-0.002,1,38.31,0.049,0.031,18,ready,8
2026-10-08 13:51:58.743,292.86,20261008_134705,วิว,rest,,,,,84.5,,1,0.295,0.298,-0.002,1,38.31,0.049,0.031,18,ready,8
2026-10-08 13:51:58.943,293.06,20261008_134705,วิว,rest,,,,,84.5,,1,0.295,0.298,-0.002,1,38.31,0.049,0.031,18,ready,8
2026-10-08 13:51:59.145,293.27,20261008_134705,วิว,rest,,,,,84.5,,1,0.296,0.298,-0.002,1,38.32,0.049,0.031,18,ready,9
2026-10-08 13:51:59.351,293.47,20261008_134705,วิว,rest,,,,,84.5,,1,0.296,0.298,-0.002,1,38.32,0.049,0.031,18,ready,9
2026-10-08 13:51:59.555,293.68,20261008_134705,วิว,rest,,,,,84.5,,1,0.296,0.298,-0.002,1,38.32,0.049,0.031,18,ready,9
2026-10-08 13:51:59.755,293.88,20261008_134705,วิว,rest,,,,,84.5,,1,0.296,0.298,-0.002,1,38.32,0.049,0.031,18,ready,9
2026-10-08 13:51:59.968,294.09,20261008_134705,วิว,rest,,,,,84.5,,1,0.296,0.298,-0.002,1,38.32,0.049,0.031,18,ready,9
2026-10-08 13:52:00.170,294.29,20261008_134705,วิว,rest,,,,,84.5,,1,0.288,0.297,-0.01,1,38.24,0.049,0.031,18,ready,9
2026-10-08 13:52:00.366,294.49,20261008_134705,วิว,rest,,,,,84.5,,1,0.291,0.297,-0.007,1,38.25,0.049,0.031,18,ready,8
2026-10-08 13:52:00.573,294.69,20261008_134705,วิว,rest,,,,,84.5,,1,0.293,0.297,-0.004,1,38.26,0.049,0.031,18,ready,8
2026-10-08 13:52:00.774,294.9,20261008_134705,วิว,rest,,,,,84.5,,1,0.294,0.297,-0.003,1,38.26,0.049,0.031,18,ready,8
2026-10-08 13:52:00.977,295.1,20261008_134705,วิว,rest,,,,,84.5,,1,0.294,0.297,-0.003,1,38.27,0.049,0.031,18,ready,8
2026-10-08 13:52:01.181,295.3,20261008_134705,วิว,rest,,,,,84.5,,1,0.295,0.297,-0.002,1,38.28,0.049,0.031,18,ready,9
2026-10-08 13:52:01.386,295.51,20261008_134705,วิว,rest,,,,,84.5,,1,0.295,0.297,-0.002,1,38.28,0.049,0.031,18,ready,9
2026-10-08 13:52:01.585,295.71,20261008_134705,วิว,rest,,,,,84.5,,1,0.296,0.297,-0.001,1,38.29,0.049,0.031,18,ready,9
2026-10-08 13:52:01.794,295.91,20261008_134705,วิว,rest,,,,,84.5,,1,0.296,0.297,-0.001,1,38.29,0.049,0.031,18,ready,9
2026-10-08 13:52:01.996,296.12,20261008_134705,วิว,rest,,,,,84.5,,1,0.296,0.297,-0.001,1,38.29,0.049,0.031,18,ready,9
2026-10-08 13:52:02.199,296.32,20261008_134705,วิว,rest,,,,,84.5,,1,0.296,0.297,-0.001,1,38.3,0.049,0.031,19,ready,9
2026-10-08 13:52:02.403,296.52,20261008_134705,วิว,rest,,,,,84.5,,1,0.295,0.297,-0.002,1,38.3,0.049,0.031,19,ready,9
2026-10-08 13:52:02.608,296.73,20261008_134705,วิว,rest,,,,,84.5,,1,0.296,0.297,-0.001,1,38.3,0.049,0.031,19,ready,9
2026-10-08 13:52:02.811,296.93,20261008_134705,วิว,rest,,,,,84.5,,1,0.295,0.297,-0.002,1,38.3,0.049,0.031,19,ready,9
2026-10-08 13:52:03.012,297.13,20261008_134705,วิว,rest,,,,,84.5,,1,0.295,0.297,-0.002,1,38.3,0.049,0.031,19,ready,9
2026-10-08 13:52:03.215,297.34,20261008_134705,วิว,rest,,,,,84.5,,1,0.294,0.297,-0.002,1,38.3,0.049,0.031,19,ready,9
2026-10-08 13:52:03.426,297.55,20261008_134705,วิว,rest,,,,,84.5,,1,0.295,0.297,-0.002,1,38.3,0.049,0.031,19,ready,9
2026-10-08 13:52:03.624,297.75,20261008_134705,วิว,rest,,,,,84.5,,1,0.295,0.297,-0.002,1,38.31,0.049,0.031,19,ready,9
2026-10-08 13:52:03.825,297.95,20261008_134705,วิว,rest,,,,,84.5,,1,0.294,0.297,-0.003,1,38.31,0.049,0.031,19,ready,9
2026-10-08 13:52:04.031,298.15,20261008_134705,วิว,rest,,,,,84.5,,1,0.295,0.297,-0.002,1,38.31,0.049,0.031,19,ready,9
2026-10-08 13:52:04.235,298.36,20261008_134705,วิว,rest,,,,,84.5,,1,0.295,0.297,-0.002,1,38.21,0.049,0.031,19,ready,9
2026-10-08 13:52:04.435,298.56,20261008_134705,วิว,rest,,,,,84.5,,1,0.288,0.297,-0.008,1,38.22,0.049,0.031,19,ready,8
2026-10-08 13:52:04.641,298.76,20261008_134705,วิว,rest,,,,,84.5,,1,0.291,0.297,-0.006,1,38.23,0.049,0.031,19,ready,8
2026-10-08 13:52:04.845,298.97,20261008_134705,วิว,rest,,,,,84.5,,1,0.293,0.297,-0.004,1,38.24,0.049,0.031,19,ready,8
2026-10-08 13:52:05.045,299.17,20261008_134705,วิว,rest,,,,,84.5,,1,0.294,0.297,-0.003,1,38.25,0.049,0.031,19,ready,8
2026-10-08 13:52:05.252,299.37,20261008_134705,วิว,rest,,,,,84.5,,1,0.294,0.296,-0.002,1,38.27,0.049,0.031,19,ready,8
2026-10-08 13:52:05.454,299.57,20261008_134705,วิว,rest,,,,,84.5,,1,0.295,0.296,-0.002,1,38.27,0.049,0.031,19,ready,8
2026-10-08 13:52:05.660,299.78,20261008_134705,วิว,rest,,,,,84.5,,1,0.295,0.296,-0.002,1,38.28,0.049,0.031,19,ready,9
2026-10-08 13:52:05.873,299.99,20261008_134705,วิว,rest,,,,,84.5,,1,0.295,0.296,-0.002,1,38.29,0.049,0.031,19,ready,9
2026-10-08 13:52:06.063,300.18,20261008_134705,วิว,rest,,,,,84.5,,1,0.295,0.296,-0.002,1,38.29,0.049,0.031,19,ready,9
2026-10-08 13:52:06.265,300.39,20261008_134705,วิว,rest,,,,,84.5,,1,0.295,0.296,-0.001,1,38.3,0.049,0.031,19,ready,9
2026-10-08 13:52:06.471,300.59,20261008_134705,วิว,rest,,,,,84.5,,1,0.295,0.296,-0.001,1,38.3,0.049,0.031,19,ready,9
2026-10-08 13:52:06.677,300.8,20261008_134705,วิว,rest,,,,,84.5,,1,0.295,0.296,-0.001,1,38.3,0.049,0.031,19,ready,9
2026-10-08 13:52:06.889,301.01,20261008_134705,วิว,question,6,605,manual,truth,84.5,,1,0.295,0.296,-0.001,1,38.31,0.049,0.031,19,question,9
2026-10-08 13:52:07.087,301.21,20261008_134705,วิว,question,6,605,manual,truth,84.5,,1,0.295,0.296,-0.001,1,38.31,0.049,0.031,19,question,9
2026-10-08 13:52:07.284,301.4,20261008_134705,วิว,question,6,605,manual,truth,84.5,,1,0.293,0.296,-0.003,1,38.32,0.049,0.031,19,question,9
2026-10-08 13:52:07.486,301.61,20261008_134705,วิว,question,6,605,manual,truth,84.5,,1,0.293,0.296,-0.003,1,38.32,0.049,0.031,19,question,9
2026-10-08 13:52:07.691,301.81,20261008_134705,วิว,question,6,605,manual,truth,84.5,,1,0.294,0.296,-0.002,1,38.32,0.049,0.031,19,question,9
2026-10-08 13:52:07.893,302.01,20261008_134705,วิว,question,6,605,manual,truth,84.5,,1,0.294,0.296,-0.002,1,38.32,0.049,0.031,19,question,9
2026-10-08 13:52:08.097,302.22,20261008_134705,วิว,question,6,605,manual,truth,84.5,,1,0.294,0.296,-0.002,1,38.32,0.049,0.031,19,question,9
2026-10-08 13:52:08.303,302.42,20261008_134705,วิว,question,6,605,manual,truth,84.5,,1,0.294,0.296,-0.002,1,38.32,0.049,0.031,19,question,9
2026-10-08 13:52:08.503,302.62,20261008_134705,วิว,question,6,605,manual,truth,84.5,,1,0.295,0.296,-0.001,1,38.25,0.049,0.031,19,question,8
2026-10-08 13:52:08.712,302.83,20261008_134705,วิว,question,6,605,manual,truth,84.5,,1,0.288,0.296,-0.008,1,38.24,0.049,0.031,19,question,8
2026-10-08 13:52:08.914,303.03,20261008_134705,วิว,question,6,605,manual,truth,84.5,,1,0.29,0.296,-0.005,1,38.25,0.049,0.031,19,question,8
2026-10-08 13:52:09.122,303.24,20261008_134705,วิว,question,6,605,manual,truth,84.5,,1,0.292,0.296,-0.004,1,38.26,0.049,0.031,19,question,8
2026-10-08 13:52:09.316,303.44,20261008_134705,วิว,question,6,605,manual,truth,84.5,,1,0.293,0.296,-0.002,1,38.27,0.049,0.031,19,question,8
2026-10-08 13:52:09.521,303.64,20261008_134705,วิว,question,6,605,manual,truth,84.5,,1,0.294,0.296,-0.002,1,38.27,0.049,0.031,19,question,8
2026-10-08 13:52:09.730,303.85,20261008_134705,วิว,question,6,605,manual,truth,84.5,,1,0.294,0.296,-0.001,1,38.28,0.049,0.031,19,question,8
2026-10-08 13:52:09.925,304.05,20261008_134705,วิว,question,6,605,manual,truth,84.5,,1,0.295,0.296,-0.001,1,38.29,0.049,0.031,19,question,8
2026-10-08 13:52:10.131,304.25,20261008_134705,วิว,question,6,605,manual,truth,84.5,,1,0.294,0.296,-0.001,1,38.29,0.049,0.031,19,question,8
2026-10-08 13:52:10.333,304.45,20261008_134705,วิว,question,6,605,manual,truth,84.5,,1,0.295,0.296,-0.001,1,38.3,0.049,0.031,19,question,8
2026-10-08 13:52:10.537,304.66,20261008_134705,วิว,question,6,605,manual,truth,84.5,,1,0.295,0.296,-0.001,1,38.3,0.049,0.031,19,question,8
2026-10-08 13:52:10.743,304.86,20261008_134705,วิว,question,6,605,manual,truth,84.5,,1,0.295,0.296,-0.001,1,38.3,0.049,0.031,19,question,8
2026-10-08 13:52:10.943,305.06,20261008_134705,วิว,question,6,605,manual,truth,84.5,,1,0.295,0.296,-0.001,1,38.31,0.049,0.031,19,question,8
2026-10-08 13:52:11.147,305.27,20261008_134705,วิว,question,6,605,manual,truth,84.5,,1,0.295,0.296,-0.001,1,38.31,0.049,0.031,19,question,8
2026-10-08 13:52:11.351,305.47,20261008_134705,วิว,question,6,605,manual,truth,84.5,,1,0.295,0.296,-0.001,1,38.31,0.049,0.031,19,question,8
2026-10-08 13:52:11.553,305.67,20261008_134705,วิว,question,6,605,manual,truth,84.5,,1,0.295,0.296,-0.001,1,38.32,0.049,0.031,19,question,9
2026-10-08 13:52:11.755,305.88,20261008_134705,วิว,question,6,605,manual,truth,84.5,,1,0.295,0.296,-0.001,1,38.32,0.049,0.031,19,question,9
2026-10-08 13:52:11.961,306.08,20261008_134705,วิว,question,6,605,manual,truth,84.5,,1,0.295,0.296,-0.0,1,38.32,0.049,0.031,19,question,9
2026-10-08 13:52:12.163,306.28,20261008_134705,วิว,question,6,605,manual,truth,84.5,,1,0.295,0.296,-0.001,1,38.33,0.049,0.031,19,question,9
2026-10-08 13:52:12.367,306.49,20261008_134705,วิว,question,6,605,manual,truth,84.5,,1,0.294,0.296,-0.001,1,38.33,0.049,0.031,19,question,9
2026-10-08 13:52:12.574,306.69,20261008_134705,วิว,question,6,605,manual,truth,84.5,,1,0.294,0.296,-0.002,1,38.33,0.049,0.031,19,question,8
2026-10-08 13:52:12.775,306.9,20261008_134705,วิว,question,6,605,manual,truth,84.5,,1,0.294,0.296,-0.002,1,38.33,0.049,0.031,19,question,9
2026-10-08 13:52:12.978,307.1,20261008_134705,วิว,question,6,605,manual,truth,84.5,,1,0.285,0.295,-0.01,1,38.32,0.049,0.031,19,question,9
2026-10-08 13:52:13.182,307.3,20261008_134705,วิว,question,6,605,manual,truth,84.5,,1,0.289,0.295,-0.006,1,38.32,0.049,0.031,19,question,8
2026-10-08 13:52:13.384,307.51,20261008_134705,วิว,question,6,605,manual,truth,84.5,,1,0.292,0.295,-0.003,1,38.33,0.049,0.031,19,question,9
2026-10-08 13:52:13.586,307.71,20261008_134705,วิว,question,6,605,manual,truth,84.5,,1,0.293,0.295,-0.002,1,38.33,0.049,0.031,19,question,8
2026-10-08 13:52:13.791,307.91,20261008_134705,วิว,question,6,605,manual,truth,84.5,,1,0.294,0.295,-0.001,1,38.33,0.049,0.031,19,question,9
2026-10-08 13:52:13.994,308.11,20261008_134705,วิว,question,6,605,manual,truth,84.5,,1,0.294,0.295,-0.001,1,38.34,0.049,0.031,19,question,9
2026-10-08 13:52:14.199,308.32,20261008_134705,วิว,question,6,605,manual,truth,84.5,,1,0.295,0.295,-0.001,1,38.34,0.049,0.031,19,question,9
2026-10-08 13:52:14.405,308.53,20261008_134705,วิว,question,6,605,manual,truth,84.5,,1,0.294,0.295,-0.001,1,38.34,0.049,0.031,19,question,8
2026-10-08 13:52:14.603,308.72,20261008_134705,วิว,question,6,605,manual,truth,84.5,,1,0.293,0.295,-0.002,1,38.36,0.049,0.031,19,question,9
2026-10-08 13:52:14.809,308.93,20261008_134705,วิว,question,6,605,manual,truth,84.5,,1,0.294,0.295,-0.001,1,38.36,0.049,0.031,19,question,9
2026-10-08 13:52:15.012,309.13,20261008_134705,วิว,question,6,605,manual,truth,84.5,,1,0.294,0.295,-0.001,1,38.36,0.049,0.031,19,question,8
2026-10-08 13:52:15.214,309.33,20261008_134705,วิว,question,6,605,manual,truth,84.5,,1,0.294,0.295,-0.001,1,38.36,0.049,0.031,19,question,8
2026-10-08 13:52:15.416,309.54,20261008_134705,วิว,question,6,605,manual,truth,84.5,,1,0.295,0.295,-0.0,1,38.36,0.049,0.031,19,question,8
2026-10-08 13:52:15.622,309.74,20261008_134705,วิว,question,6,605,manual,truth,84.5,,1,0.295,0.295,-0.0,1,38.36,0.049,0.031,19,question,8
2026-10-08 13:52:15.825,309.95,20261008_134705,วิว,question,6,605,manual,truth,84.5,,1,0.294,0.295,-0.001,1,38.36,0.049,0.031,19,question,8
2026-10-08 13:52:16.027,310.15,20261008_134705,วิว,question,6,605,manual,truth,84.5,,1,0.294,0.295,-0.001,1,38.36,0.049,0.031,19,question,8
2026-10-08 13:52:16.234,310.36,20261008_134705,วิว,question,6,605,manual,truth,84.5,,1,0.295,0.295,-0.001,1,38.36,0.049,0.031,19,question,8
2026-10-08 13:52:16.438,310.56,20261008_134705,วิว,question,6,605,manual,truth,84.5,,1,0.294,0.295,-0.001,1,38.36,0.049,0.031,19,question,8
2026-10-08 13:52:16.636,310.76,20261008_134705,วิว,question,6,605,manual,truth,84.5,,1,0.294,0.295,-0.001,1,38.36,0.049,0.031,19,question,8
2026-10-08 13:52:16.848,310.97,20261008_134705,วิว,question,6,605,manual,truth,84.5,,1,0.294,0.295,-0.001,1,38.36,0.049,0.031,19,question,8
2026-10-08 13:52:17.045,311.17,20261008_134705,วิว,question,6,605,manual,truth,84.5,,1,0.294,0.295,-0.001,1,38.27,0.049,0.031,19,question,8
2026-10-08 13:52:17.253,311.37,20261008_134705,วิว,question,6,605,manual,truth,84.5,,1,0.291,0.295,-0.004,1,38.28,0.049,0.031,19,question,8
2026-10-08 13:52:17.454,311.57,20261008_134705,วิว,question,6,605,manual,truth,84.5,,1,0.292,0.295,-0.003,1,38.29,0.049,0.031,19,question,8
2026-10-08 13:52:17.656,311.78,20261008_134705,วิว,question,6,605,manual,truth,84.5,,1,0.293,0.295,-0.002,1,38.3,0.049,0.031,19,question,8
2026-10-08 13:52:17.864,311.99,20261008_134705,วิว,question,6,605,manual,truth,84.5,,1,0.293,0.295,-0.001,1,38.3,0.049,0.031,19,question,8
2026-10-08 13:52:18.063,312.18,20261008_134705,วิว,question,6,605,manual,truth,84.5,,1,0.294,0.295,-0.001,1,38.32,0.049,0.031,19,question,8
2026-10-08 13:52:18.267,312.39,20261008_134705,วิว,question,6,605,manual,truth,84.5,,1,0.294,0.295,-0.001,1,38.32,0.049,0.031,19,question,8
2026-10-08 13:52:18.471,312.59,20261008_134705,วิว,question,6,605,manual,truth,84.5,,1,0.294,0.295,-0.001,1,38.32,0.049,0.031,19,question,8
2026-10-08 13:52:18.674,312.79,20261008_134705,วิว,recovery,6,605,manual,truth,84.5,,1,0.294,0.295,-0.001,1,38.33,0.049,0.031,19,ready,8
2026-10-08 13:52:18.877,313.0,20261008_134705,วิว,recovery,6,605,manual,truth,84.5,,1,0.292,0.295,-0.003,1,38.34,0.049,0.031,19,ready,8
2026-10-08 13:52:19.081,313.2,20261008_134705,วิว,recovery,6,605,manual,truth,84.5,,1,0.293,0.295,-0.002,1,38.33,0.049,0.031,19,ready,8
2026-10-08 13:52:19.282,313.4,20261008_134705,วิว,recovery,6,605,manual,truth,84.5,,1,0.289,0.295,-0.006,1,38.23,0.049,0.031,19,ready,8
2026-10-08 13:52:19.488,313.61,20261008_134705,วิว,recovery,6,605,manual,truth,84.5,,1,0.291,0.295,-0.004,1,38.25,0.049,0.031,19,ready,8
2026-10-08 13:52:19.691,313.81,20261008_134705,วิว,recovery,6,605,manual,truth,84.5,,1,0.291,0.295,-0.003,1,38.26,0.049,0.031,19,ready,8
2026-10-08 13:52:19.901,314.02,20261008_134705,วิว,recovery,6,605,manual,truth,84.5,,1,0.292,0.295,-0.003,1,38.26,0.049,0.031,19,ready,8
2026-10-08 13:52:20.102,314.22,20261008_134705,วิว,rest,,,,,84.5,,1,0.293,0.295,-0.002,1,38.27,0.049,0.031,19,ready,8
2026-10-08 13:52:20.311,314.43,20261008_134705,วิว,rest,,,,,84.5,,1,0.293,0.294,-0.002,1,38.28,0.049,0.031,19,ready,8
2026-10-08 13:52:20.504,314.63,20261008_134705,วิว,rest,,,,,84.5,,1,0.293,0.294,-0.002,1,38.28,0.049,0.031,19,ready,8
2026-10-08 13:52:20.710,314.83,20261008_134705,วิว,rest,,,,,84.5,,1,0.294,0.294,-0.001,1,38.29,0.049,0.031,19,ready,8
2026-10-08 13:52:20.913,315.03,20261008_134705,วิว,rest,,,,,84.5,,1,0.294,0.294,-0.0,1,38.3,0.049,0.031,19,ready,8
2026-10-08 13:52:21.125,315.25,20261008_134705,วิว,rest,,,,,84.5,,1,0.293,0.294,-0.001,1,38.31,0.049,0.031,19,ready,8
2026-10-08 13:52:21.321,315.44,20261008_134705,วิว,rest,,,,,84.5,,1,0.293,0.294,-0.001,1,38.31,0.049,0.031,19,ready,8
2026-10-08 13:52:21.528,315.65,20261008_134705,วิว,rest,,,,,84.5,,1,0.294,0.294,-0.001,1,38.32,0.049,0.031,19,ready,8
2026-10-08 13:52:21.732,315.85,20261008_134705,วิว,rest,,,,,84.5,,1,0.293,0.294,-0.001,1,38.32,0.049,0.031,19,ready,8
2026-10-08 13:52:21.939,316.06,20261008_134705,วิว,rest,,,,,84.5,,1,0.293,0.294,-0.001,1,38.33,0.049,0.031,19,ready,8
2026-10-08 13:52:22.142,316.26,20261008_134705,วิว,rest,,,,,84.5,,1,0.293,0.294,-0.001,1,38.33,0.049,0.031,19,ready,8
2026-10-08 13:52:22.334,316.45,20261008_134705,วิว,rest,,,,,84.5,,1,0.293,0.294,-0.001,1,38.34,0.049,0.031,19,ready,8
2026-10-08 13:52:22.540,316.66,20261008_134705,วิว,rest,,,,,84.5,,1,0.293,0.294,-0.001,1,38.34,0.049,0.031,19,ready,8
2026-10-08 13:52:22.742,316.86,20261008_134705,วิว,rest,,,,,84.5,,1,0.293,0.294,-0.001,1,38.34,0.049,0.031,19,ready,8
2026-10-08 13:52:22.945,317.07,20261008_134705,วิว,rest,,,,,84.5,,1,0.293,0.294,-0.002,1,38.35,0.049,0.031,19,ready,8
2026-10-08 13:52:23.150,317.27,20261008_134705,วิว,rest,,,,,84.5,,1,0.291,0.294,-0.003,1,38.35,0.049,0.031,19,ready,8
2026-10-08 13:52:23.354,317.47,20261008_134705,วิว,rest,,,,,84.5,,1,0.291,0.294,-0.003,1,38.35,0.049,0.031,19,ready,8
2026-10-08 13:52:23.561,317.68,20261008_134705,วิว,rest,,,,,84.5,,1,0.284,0.294,-0.01,1,38.27,0.049,0.031,19,ready,8
2026-10-08 13:52:23.766,317.89,20261008_134705,วิว,rest,,,,,84.5,,1,0.287,0.294,-0.007,1,38.28,0.049,0.031,18,ready,8
2026-10-08 13:52:23.965,318.09,20261008_134705,วิว,rest,,,,,84.5,,1,0.29,0.294,-0.004,1,38.29,0.049,0.031,18,ready,8
2026-10-08 13:52:24.173,318.29,20261008_134705,วิว,rest,,,,,84.5,,1,0.291,0.294,-0.003,1,38.29,0.049,0.031,19,ready,8
2026-10-08 13:52:24.374,318.49,20261008_134705,วิว,rest,,,,,84.5,,1,0.292,0.294,-0.002,1,38.3,0.049,0.031,19,ready,8
2026-10-08 13:52:24.574,318.69,20261008_134705,วิว,rest,,,,,84.5,,1,0.293,0.294,-0.001,1,38.31,0.049,0.031,19,ready,8
2026-10-08 13:52:24.780,318.9,20261008_134705,วิว,rest,,,,,84.5,,1,0.293,0.294,-0.001,1,38.31,0.049,0.031,19,ready,8
2026-10-08 13:52:24.984,319.1,20261008_134705,วิว,rest,,,,,84.5,,1,0.293,0.294,-0.001,1,38.32,0.049,0.031,19,ready,8
2026-10-08 13:52:25.186,319.31,20261008_134705,วิว,rest,,,,,84.5,,1,0.293,0.294,-0.001,1,38.32,0.049,0.031,19,ready,8
2026-10-08 13:52:25.392,319.51,20261008_134705,วิว,rest,,,,,84.5,,1,0.293,0.294,-0.001,1,38.33,0.049,0.031,19,ready,8
2026-10-08 13:52:25.596,319.72,20261008_134705,วิว,rest,,,,,84.5,,1,0.292,0.294,-0.002,1,38.33,0.049,0.031,19,ready,8
2026-10-08 13:52:25.794,319.91,20261008_134705,วิว,rest,,,,,84.5,,1,0.292,0.294,-0.001,1,38.34,0.049,0.031,19,ready,8
2026-10-08 13:52:26.000,320.12,20261008_134705,วิว,rest,,,,,84.5,,1,0.292,0.294,-0.002,1,38.34,0.049,0.031,19,ready,8
2026-10-08 13:52:26.204,320.32,20261008_134705,วิว,rest,,,,,84.5,,1,0.292,0.294,-0.002,1,38.34,0.049,0.031,19,ready,8
2026-10-08 13:52:26.404,320.52,20261008_134705,วิว,rest,,,,,84.5,,1,0.291,0.294,-0.002,1,38.34,0.049,0.031,19,ready,8
2026-10-08 13:52:26.610,320.73,20261008_134705,วิว,rest,,,,,84.5,,1,0.292,0.294,-0.002,1,38.35,0.049,0.031,19,ready,8
2026-10-08 13:52:26.815,320.94,20261008_134705,วิว,rest,,,,,84.5,,1,0.292,0.294,-0.002,1,38.35,0.049,0.031,19,ready,8
2026-10-08 13:52:27.014,321.13,20261008_134705,วิว,rest,,,,,84.5,,1,0.292,0.294,-0.002,1,38.36,0.049,0.031,19,ready,8
2026-10-08 13:52:27.220,321.34,20261008_134705,วิว,rest,,,,,84.5,,1,0.292,0.294,-0.001,1,38.36,0.049,0.031,19,ready,8
2026-10-08 13:52:27.421,321.54,20261008_134705,วิว,rest,,,,,84.5,,1,0.291,0.294,-0.003,1,38.36,0.049,0.031,19,ready,8
2026-10-08 13:52:27.624,321.74,20261008_134705,วิว,rest,,,,,84.5,,1,0.291,0.294,-0.003,1,38.36,0.049,0.031,19,ready,8
2026-10-08 13:52:27.833,321.95,20261008_134705,วิว,rest,,,,,84.5,,1,0.291,0.293,-0.002,1,38.29,0.049,0.031,19,ready,8
2026-10-08 13:52:28.032,322.15,20261008_134705,วิว,rest,,,,,84.5,,1,0.287,0.293,-0.007,1,38.3,0.049,0.031,19,ready,8
2026-10-08 13:52:28.240,322.36,20261008_134705,วิว,rest,,,,,84.5,,1,0.288,0.293,-0.005,1,38.31,0.049,0.031,19,ready,8
2026-10-08 13:52:28.442,322.56,20261008_134705,วิว,rest,,,,,84.5,,1,0.289,0.293,-0.004,1,38.32,0.049,0.031,19,ready,8
2026-10-08 13:52:28.642,322.76,20261008_134705,วิว,rest,,,,,84.5,,1,0.29,0.293,-0.004,1,38.32,0.049,0.031,19,ready,8
2026-10-08 13:52:28.845,322.97,20261008_134705,วิว,rest,,,,,84.5,,1,0.291,0.293,-0.002,1,38.33,0.049,0.031,19,ready,8
2026-10-08 13:52:29.051,323.17,20261008_134705,วิว,rest,,,,,84.5,,1,0.291,0.293,-0.002,1,38.34,0.049,0.031,19,ready,8
2026-10-08 13:52:29.263,323.38,20261008_134705,วิว,rest,,,,,84.5,,1,0.291,0.293,-0.002,1,38.34,0.049,0.031,19,ready,8
2026-10-08 13:52:29.454,323.57,20261008_134705,วิว,rest,,,,,84.5,,1,0.29,0.293,-0.003,1,38.36,0.049,0.031,19,ready,8
2026-10-08 13:52:29.662,323.78,20261008_134705,วิว,rest,,,,,84.5,,1,0.29,0.293,-0.003,1,38.37,0.049,0.031,19,ready,8
2026-10-08 13:52:29.866,323.99,20261008_134705,วิว,rest,,,,,84.5,,1,0.291,0.293,-0.002,1,38.37,0.049,0.031,19,ready,8
2026-10-08 13:52:30.065,324.19,20261008_134705,วิว,rest,,,,,84.5,,1,0.291,0.293,-0.002,1,38.37,0.049,0.031,19,ready,8
2026-10-08 13:52:30.270,324.39,20261008_134705,วิว,rest,,,,,84.5,,1,0.291,0.293,-0.002,1,38.38,0.049,0.031,19,ready,8
2026-10-08 13:52:30.472,324.59,20261008_134705,วิว,rest,,,,,84.5,,1,0.291,0.293,-0.002,1,38.37,0.049,0.031,19,ready,8
2026-10-08 13:52:30.675,324.8,20261008_134705,วิว,rest,,,,,84.5,,1,0.29,0.293,-0.002,1,38.37,0.049,0.031,19,ready,8
2026-10-08 13:52:30.880,325.0,20261008_134705,วิว,rest,,,,,84.5,,1,0.291,0.293,-0.002,1,38.38,0.049,0.031,19,ready,8
2026-10-08 13:52:31.081,325.2,20261008_134705,วิว,rest,,,,,84.5,,1,0.291,0.293,-0.002,1,38.37,0.049,0.031,19,ready,8
2026-10-08 13:52:31.285,325.41,20261008_134705,วิว,rest,,,,,84.5,,1,0.291,0.293,-0.002,1,38.38,0.049,0.031,19,ready,8
2026-10-08 13:52:31.493,325.61,20261008_134705,วิว,rest,,,,,84.5,,1,0.29,0.293,-0.002,1,38.38,0.049,0.031,19,ready,8
2026-10-08 13:52:31.692,325.81,20261008_134705,วิว,rest,,,,,84.5,,1,0.291,0.293,-0.002,1,38.38,0.049,0.031,19,ready,8
2026-10-08 13:52:31.893,326.01,20261008_134705,วิว,rest,,,,,84.5,,1,0.29,0.293,-0.003,1,38.41,0.049,0.031,19,ready,8
2026-10-08 13:52:32.101,326.22,20261008_134705,วิว,rest,,,,,84.5,,1,0.288,0.293,-0.004,1,38.3,0.049,0.031,19,ready,8
2026-10-08 13:52:32.302,326.42,20261008_134705,วิว,rest,,,,,84.5,,1,0.289,0.293,-0.003,1,38.31,0.049,0.031,19,ready,8
2026-10-08 13:52:32.503,326.62,20261008_134705,วิว,rest,,,,,84.5,,1,0.29,0.293,-0.003,1,38.32,0.049,0.031,19,ready,8
2026-10-08 13:52:32.710,326.83,20261008_134705,วิว,rest,,,,,84.5,,1,0.291,0.293,-0.002,1,38.33,0.049,0.031,19,ready,8
2026-10-08 13:52:32.916,327.04,20261008_134705,วิว,rest,,,,,84.5,,1,0.292,0.293,-0.001,1,38.33,0.049,0.031,19,ready,8
2026-10-08 13:52:33.115,327.24,20261008_134705,วิว,rest,,,,,84.5,,1,0.291,0.292,-0.001,1,38.34,0.049,0.031,19,ready,8
2026-10-08 13:52:33.321,327.44,20261008_134705,วิว,rest,,,,,84.5,,1,0.292,0.292,-0.001,1,38.35,0.049,0.031,19,ready,8
2026-10-08 13:52:33.522,327.64,20261008_134705,วิว,rest,,,,,84.5,,1,0.291,0.292,-0.001,1,38.35,0.049,0.031,19,ready,8
2026-10-08 13:52:33.730,327.85,20261008_134705,วิว,rest,,,,,84.5,,1,0.292,0.292,-0.001,1,38.36,0.049,0.031,19,ready,8
2026-10-08 13:52:33.930,328.05,20261008_134705,วิว,rest,,,,,84.5,,1,0.291,0.292,-0.001,1,38.36,0.049,0.031,19,ready,8
2026-10-08 13:52:34.132,328.25,20261008_134705,วิว,rest,,,,,84.5,,1,0.29,0.292,-0.003,1,38.36,0.049,0.031,19,ready,8
2026-10-08 13:52:34.334,328.45,20261008_134705,วิว,rest,,,,,84.5,,1,0.291,0.292,-0.002,1,38.37,0.049,0.031,19,ready,8
2026-10-08 13:52:34.542,328.66,20261008_134705,วิว,rest,,,,,84.5,,1,0.291,0.292,-0.001,1,38.37,0.049,0.031,19,ready,8
2026-10-08 13:52:34.751,328.87,20261008_134705,วิว,rest,,,,,84.5,,1,0.29,0.292,-0.002,1,38.37,0.049,0.031,19,ready,8
2026-10-08 13:52:34.944,329.06,20261008_134705,วิว,rest,,,,,84.5,,1,0.29,0.292,-0.002,1,38.38,0.049,0.031,19,ready,8
2026-10-08 13:52:35.150,329.27,20261008_134705,วิว,rest,,,,,84.5,,1,0.29,0.292,-0.002,1,38.38,0.049,0.031,19,ready,8
2026-10-08 13:52:35.355,329.48,20261008_134705,วิว,rest,,,,,84.5,,1,0.29,0.292,-0.002,1,38.39,0.049,0.031,19,ready,8
2026-10-08 13:52:35.555,329.68,20261008_134705,วิว,rest,,,,,84.5,,1,0.29,0.292,-0.002,1,38.37,0.049,0.031,19,ready,8
2026-10-08 13:52:35.773,329.89,20261008_134705,วิว,rest,,,,,84.5,,1,0.291,0.292,-0.002,1,38.37,0.049,0.031,19,ready,8
2026-10-08 13:52:35.966,330.09,20261008_134705,วิว,rest,,,,,84.5,,1,0.291,0.292,-0.002,1,38.38,0.049,0.031,19,ready,8
2026-10-08 13:52:36.168,330.29,20261008_134705,วิว,rest,,,,,84.5,,1,0.292,0.292,-0.001,1,38.37,0.049,0.031,19,ready,8
2026-10-08 13:52:36.371,330.49,20261008_134705,วิว,rest,,,,,84.5,,1,0.284,0.292,-0.008,1,38.27,0.049,0.031,19,ready,8
2026-10-08 13:52:36.577,330.7,20261008_134705,วิว,rest,,,,,84.5,,1,0.287,0.292,-0.005,1,38.29,0.049,0.031,19,ready,8
2026-10-08 13:52:36.775,330.9,20261008_134705,วิว,rest,,,,,84.5,,1,0.288,0.292,-0.004,1,38.3,0.049,0.031,19,ready,8
2026-10-08 13:52:36.980,331.1,20261008_134705,วิว,rest,,,,,84.5,,1,0.29,0.292,-0.002,1,38.31,0.049,0.031,19,ready,8
2026-10-08 13:52:37.183,331.3,20261008_134705,วิว,rest,,,,,84.5,,1,0.29,0.292,-0.002,1,38.32,0.049,0.031,19,ready,8
2026-10-08 13:52:37.384,331.5,20261008_134705,วิว,rest,,,,,84.5,,1,0.289,0.292,-0.003,1,38.33,0.049,0.031,19,ready,8
2026-10-08 13:52:37.590,331.71,20261008_134705,วิว,rest,,,,,84.5,,1,0.289,0.292,-0.003,1,38.34,0.049,0.031,19,ready,8
2026-10-08 13:52:37.793,331.91,20261008_134705,วิว,rest,,,,,84.5,,1,0.289,0.292,-0.003,1,38.34,0.049,0.031,19,ready,8
2026-10-08 13:52:37.994,332.11,20261008_134705,วิว,rest,,,,,84.5,,1,0.289,0.292,-0.002,1,38.35,0.049,0.031,19,ready,8
2026-10-08 13:52:38.203,332.32,20261008_134705,วิว,rest,,,,,84.5,,1,0.29,0.292,-0.002,1,38.35,0.049,0.031,19,ready,8
2026-10-08 13:52:38.409,332.53,20261008_134705,วิว,rest,,,,,84.5,,1,0.288,0.292,-0.003,1,38.36,0.049,0.031,19,ready,8
2026-10-08 13:52:38.605,332.73,20261008_134705,วิว,rest,,,,,84.5,,1,0.289,0.292,-0.003,1,38.36,0.049,0.031,19,ready,8
2026-10-08 13:52:38.812,332.93,20261008_134705,วิว,rest,,,,,84.5,,1,0.289,0.292,-0.003,1,38.37,0.049,0.031,19,ready,8
2026-10-08 13:52:39.013,333.13,20261008_134705,วิว,rest,,,,,84.5,,1,0.289,0.292,-0.003,1,38.37,0.049,0.031,19,ready,8
2026-10-08 13:52:39.215,333.34,20261008_134705,วิว,rest,,,,,84.5,,1,0.289,0.292,-0.003,1,38.37,0.049,0.031,19,ready,8
2026-10-08 13:52:41.368,335.49,20261008_134705,วิว,rest,,,,,84.5,,1,0.283,0.291,-0.008,1,38.35,0.049,0.031,19,ready,8
2026-10-08 13:52:41.563,335.68,20261008_134705,วิว,rest,,,,,84.5,,1,0.275,0.291,-0.016,1,38.35,0.049,0.031,19,ready,8
2026-10-08 13:52:41.764,335.89,20261008_134705,วิว,rest,,,,,84.5,,1,0.28,0.291,-0.011,1,38.36,0.049,0.031,19,ready,8
2026-10-08 13:52:41.970,336.09,20261008_134705,วิว,rest,,,,,84.5,,1,0.282,0.291,-0.009,1,38.36,0.049,0.031,19,ready,8
2026-10-08 13:52:42.173,336.29,20261008_134705,วิว,rest,,,,,84.5,,1,0.284,0.29,-0.006,1,38.37,0.049,0.031,19,ready,8
2026-10-08 13:52:42.373,336.49,20261008_134705,วิว,rest,,,,,84.5,,1,0.283,0.29,-0.007,1,38.37,0.049,0.031,19,ready,8
2026-10-08 13:52:42.576,336.7,20261008_134705,วิว,rest,,,,,84.5,,1,0.283,0.29,-0.007,1,38.37,0.049,0.031,19,ready,8
2026-10-08 13:52:42.784,336.9,20261008_134705,วิว,rest,,,,,84.5,,1,0.283,0.29,-0.007,1,38.39,0.049,0.031,19,ready,8
2026-10-08 13:52:42.984,337.1,20261008_134705,วิว,rest,,,,,84.5,,1,0.285,0.29,-0.005,1,38.39,0.049,0.031,19,ready,8
2026-10-08 13:52:43.186,337.31,20261008_134705,วิว,rest,,,,,84.5,,1,0.286,0.29,-0.004,1,38.39,0.049,0.031,19,ready,8
2026-10-08 13:52:43.391,337.51,20261008_134705,วิว,rest,,,,,84.5,,1,0.285,0.29,-0.005,1,38.39,0.049,0.031,19,ready,8
2026-10-08 13:52:43.595,337.72,20261008_134705,วิว,rest,,,,,84.5,,1,0.285,0.29,-0.004,1,38.4,0.049,0.031,19,ready,8
2026-10-08 13:52:43.797,337.92,20261008_134705,วิว,rest,,,,,84.5,,1,0.286,0.29,-0.004,1,38.4,0.049,0.031,19,ready,8
2026-10-08 13:52:44.002,338.12,20261008_134705,วิว,rest,,,,,84.5,,1,0.284,0.29,-0.006,1,38.4,0.049,0.031,19,ready,8
2026-10-08 13:52:44.205,338.33,20261008_134705,วิว,rest,,,,,84.5,,1,0.285,0.29,-0.005,1,38.4,0.049,0.031,19,ready,8
2026-10-08 13:52:44.405,338.53,20261008_134705,วิว,rest,,,,,84.5,,1,0.285,0.29,-0.005,1,38.4,0.049,0.031,19,ready,8
2026-10-08 13:52:44.614,338.74,20261008_134705,วิว,rest,,,,,84.5,,1,0.284,0.29,-0.006,1,38.4,0.049,0.031,19,ready,8
2026-10-08 13:52:44.816,338.94,20261008_134705,วิว,rest,,,,,84.5,,1,0.283,0.289,-0.007,1,38.41,0.049,0.031,19,ready,8
2026-10-08 13:52:45.015,339.14,20261008_134705,วิว,rest,,,,,84.5,,1,0.283,0.289,-0.006,1,38.41,0.049,0.031,19,ready,9
2026-10-08 13:52:45.230,339.35,20261008_134705,วิว,rest,,,,,84.5,,1,0.283,0.289,-0.006,1,38.41,0.049,0.031,19,ready,9
2026-10-08 13:52:45.424,339.55,20261008_134705,วิว,rest,,,,,84.5,,1,0.283,0.289,-0.006,1,38.41,0.049,0.031,19,ready,8
2026-10-08 13:52:45.625,339.75,20261008_134705,วิว,rest,,,,,84.5,,1,0.283,0.289,-0.006,1,38.41,0.049,0.031,19,ready,8
2026-10-08 13:52:45.833,339.95,20261008_134705,วิว,rest,,,,,84.5,,1,0.28,0.289,-0.009,1,38.32,0.049,0.031,19,ready,8
2026-10-08 13:52:46.033,340.15,20261008_134705,วิว,rest,,,,,84.5,,1,0.275,0.289,-0.014,1,38.33,0.049,0.031,19,ready,8
2026-10-08 13:52:46.241,340.36,20261008_134705,วิว,rest,,,,,84.5,,1,0.279,0.289,-0.01,1,38.34,0.049,0.031,19,ready,8
2026-10-08 13:52:46.442,340.56,20261008_134705,วิว,rest,,,,,84.5,,1,0.279,0.289,-0.009,1,38.35,0.049,0.031,19,ready,8
2026-10-08 13:52:46.647,340.77,20261008_134705,วิว,rest,,,,,84.5,,1,0.28,0.288,-0.008,1,38.36,0.049,0.031,19,ready,8
2026-10-08 13:52:46.845,340.97,20261008_134705,วิว,rest,,,,,84.5,,1,0.282,0.288,-0.006,1,38.33,0.049,0.031,19,ready,8
2026-10-08 13:52:47.051,341.17,20261008_134705,วิว,rest,,,,,84.5,,1,0.282,0.288,-0.007,1,38.34,0.049,0.031,19,ready,8
2026-10-08 13:52:47.253,341.37,20261008_134705,วิว,rest,,,,,84.5,,1,0.28,0.288,-0.009,1,38.35,0.049,0.031,19,ready,8
2026-10-08 13:52:47.455,341.58,20261008_134705,วิว,rest,,,,,84.5,,1,0.279,0.288,-0.009,1,38.35,0.049,0.031,19,ready,8
2026-10-08 13:52:47.661,341.78,20261008_134705,วิว,rest,,,,,84.5,,1,0.28,0.288,-0.008,1,38.36,0.049,0.031,19,ready,8
2026-10-08 13:52:47.863,341.98,20261008_134705,วิว,rest,,,,,84.5,,1,0.279,0.288,-0.009,1,38.37,0.049,0.031,19,ready,8
2026-10-08 13:52:48.065,342.19,20261008_134705,วิว,rest,,,,,84.5,,1,0.278,0.288,-0.009,1,38.37,0.049,0.031,19,ready,8
2026-10-08 13:52:48.273,342.39,20261008_134705,วิว,rest,,,,,84.5,,1,0.281,0.288,-0.007,1,38.37,0.049,0.031,19,ready,8
2026-10-08 13:52:48.476,342.6,20261008_134705,วิว,rest,,,,,84.5,,1,0.281,0.288,-0.007,1,38.37,0.049,0.031,19,ready,8
2026-10-08 13:52:48.682,342.8,20261008_134705,วิว,rest,,,,,84.5,,1,0.281,0.287,-0.007,1,38.38,0.049,0.031,19,ready,8
2026-10-08 13:52:48.883,343.0,20261008_134705,วิว,rest,,,,,84.5,,1,0.279,0.287,-0.008,1,38.39,0.049,0.031,19,ready,8
2026-10-08 13:52:49.085,343.21,20261008_134705,วิว,rest,,,,,84.5,,1,0.278,0.287,-0.009,1,38.39,0.049,0.031,19,ready,8
2026-10-08 13:52:49.291,343.41,20261008_134705,วิว,rest,,,,,84.5,,1,0.276,0.287,-0.011,1,38.4,0.049,0.031,19,ready,8
2026-10-08 13:52:49.494,343.61,20261008_134705,วิว,rest,,,,,84.5,,1,0.276,0.287,-0.011,1,38.4,0.049,0.031,19,ready,8
2026-10-08 13:52:49.696,343.82,20261008_134705,วิว,rest,,,,,84.5,,1,0.276,0.287,-0.01,1,38.4,0.049,0.031,19,ready,8
2026-10-08 13:52:49.902,344.02,20261008_134705,วิว,rest,,,,,84.5,,1,0.275,0.287,-0.011,1,38.42,0.049,0.031,19,ready,8
2026-10-08 13:52:50.105,344.23,20261008_134705,วิว,rest,,,,,84.5,,1,0.271,0.286,-0.015,1,38.32,0.049,0.031,19,ready,8
2026-10-08 13:52:50.309,344.43,20261008_134705,วิว,rest,,,,,84.5,,1,0.274,0.286,-0.012,1,38.34,0.049,0.031,19,ready,8
2026-10-08 13:52:50.514,344.63,20261008_134705,วิว,rest,,,,,84.5,,1,0.275,0.286,-0.011,1,38.35,0.049,0.031,19,ready,8
2026-10-08 13:52:50.713,344.83,20261008_134705,วิว,rest,,,,,84.5,,1,0.275,0.286,-0.011,1,38.35,0.049,0.031,19,ready,8
2026-10-08 13:52:50.915,345.04,20261008_134705,วิว,rest,,,,,84.5,,1,0.274,0.286,-0.011,1,38.36,0.049,0.031,19,ready,8
2026-10-08 13:52:51.121,345.24,20261008_134705,วิว,rest,,,,,84.5,,1,0.275,0.286,-0.011,1,38.36,0.049,0.031,19,ready,8
2026-10-08 13:52:51.324,345.45,20261008_134705,วิว,rest,,,,,84.5,,1,0.277,0.285,-0.008,1,38.37,0.049,0.031,19,ready,8
2026-10-08 13:52:51.526,345.65,20261008_134705,วิว,rest,,,,,84.5,,1,0.276,0.285,-0.009,1,38.38,0.049,0.031,19,ready,8
2026-10-08 13:52:51.733,345.85,20261008_134705,วิว,rest,,,,,84.5,,1,0.275,0.285,-0.011,1,38.38,0.049,0.031,19,ready,8
2026-10-08 13:52:51.935,346.06,20261008_134705,วิว,rest,,,,,84.5,,1,0.274,0.285,-0.011,1,38.38,0.049,0.031,19,ready,8
2026-10-08 13:52:52.137,346.26,20261008_134705,วิว,rest,,,,,84.5,,1,0.274,0.285,-0.011,1,38.39,0.049,0.031,19,ready,8
2026-10-08 13:52:52.342,346.46,20261008_134705,วิว,rest,,,,,84.5,,1,0.272,0.285,-0.013,1,38.39,0.049,0.031,19,ready,8
2026-10-08 13:52:52.551,346.67,20261008_134705,วิว,rest,,,,,84.5,,1,0.271,0.285,-0.013,1,38.4,0.049,0.031,19,ready,8
2026-10-08 13:52:52.745,346.87,20261008_134705,วิว,rest,,,,,84.5,,1,0.272,0.284,-0.013,1,38.4,0.049,0.031,19,ready,8
2026-10-08 13:52:52.951,347.07,20261008_134705,วิว,rest,,,,,84.5,,1,0.273,0.284,-0.011,1,38.4,0.049,0.031,19,ready,8
2026-10-08 13:52:53.154,347.27,20261008_134705,วิว,rest,,,,,84.5,,1,0.273,0.284,-0.011,1,38.4,0.049,0.031,19,ready,8
2026-10-08 13:52:53.359,347.48,20261008_134705,วิว,rest,,,,,84.5,,1,0.273,0.284,-0.011,1,38.41,0.049,0.031,19,ready,8
2026-10-08 13:52:53.564,347.69,20261008_134705,วิว,rest,,,,,84.5,,1,0.273,0.284,-0.011,1,38.41,0.049,0.031,19,ready,8
2026-10-08 13:52:53.764,347.89,20261008_134705,วิว,rest,,,,,84.5,,1,0.272,0.284,-0.012,1,38.4,0.049,0.031,19,ready,8
2026-10-08 13:52:53.967,348.09,20261008_134705,วิว,rest,,,,,84.5,,1,0.271,0.283,-0.013,1,38.41,0.049,0.031,19,ready,8
2026-10-08 13:52:54.172,348.29,20261008_134705,วิว,rest,,,,,84.5,,1,0.272,0.283,-0.012,1,38.41,0.049,0.031,19,ready,8
2026-10-08 13:52:54.373,348.49,20261008_134705,วิว,rest,,,,,84.5,,1,0.266,0.283,-0.017,1,38.39,0.049,0.031,19,ready,8
2026-10-08 13:52:54.575,348.7,20261008_134705,วิว,rest,,,,,84.5,,1,0.268,0.283,-0.015,1,38.39,0.049,0.031,19,ready,8
2026-10-08 13:52:54.781,348.9,20261008_134705,วิว,rest,,,,,84.5,,1,0.268,0.283,-0.015,1,38.4,0.049,0.031,19,ready,8
2026-10-08 13:52:54.984,349.11,20261008_134705,วิว,rest,,,,,84.5,,1,0.268,0.283,-0.015,1,38.4,0.049,0.031,18,ready,8
2026-10-08 13:52:55.186,349.31,20261008_134705,วิว,rest,,,,,84.5,,1,0.269,0.282,-0.013,1,38.41,0.049,0.031,18,ready,8
2026-10-08 13:52:55.393,349.51,20261008_134705,วิว,rest,,,,,84.5,,1,0.269,0.282,-0.014,1,38.4,0.049,0.031,18,ready,8
2026-10-08 13:52:55.593,349.71,20261008_134705,วิว,rest,,,,,84.5,,1,0.268,0.282,-0.014,1,38.41,0.049,0.031,18,ready,8
2026-10-08 13:52:55.795,349.92,20261008_134705,วิว,rest,,,,,84.5,,1,0.269,0.282,-0.013,1,38.41,0.049,0.031,18,ready,8
2026-10-08 13:52:56.003,350.12,20261008_134705,วิว,rest,,,,,84.5,,1,0.269,0.282,-0.013,1,38.41,0.049,0.031,19,ready,8
2026-10-08 13:52:56.205,350.33,20261008_134705,วิว,rest,,,,,84.5,,1,0.269,0.281,-0.012,1,38.41,0.049,0.031,19,ready,8
2026-10-08 13:52:56.405,350.53,20261008_134705,วิว,rest,,,,,84.5,,1,0.269,0.281,-0.012,1,38.41,0.049,0.031,19,ready,8
2026-10-08 13:52:56.611,350.73,20261008_134705,วิว,rest,,,,,84.5,,1,0.27,0.281,-0.011,1,38.41,0.049,0.031,19,ready,8
2026-10-08 13:52:56.813,350.93,20261008_134705,วิว,rest,,,,,84.5,,1,0.27,0.281,-0.011,1,38.41,0.049,0.031,19,ready,8
2026-10-08 13:52:57.017,351.14,20261008_134705,วิว,rest,,,,,84.5,,1,0.269,0.281,-0.012,1,38.42,0.049,0.031,19,ready,8
2026-10-08 13:52:57.222,351.34,20261008_134705,วิว,rest,,,,,84.5,,1,0.269,0.281,-0.012,1,38.42,0.049,0.031,19,ready,8
2026-10-08 13:52:57.426,351.55,20261008_134705,วิว,rest,,,,,84.5,,1,0.268,0.281,-0.012,1,38.42,0.049,0.031,19,ready,8
2026-10-08 13:52:57.628,351.75,20261008_134705,วิว,rest,,,,,84.5,,1,0.269,0.28,-0.012,1,38.42,0.049,0.031,19,ready,8
2026-10-08 13:52:57.831,351.95,20261008_134705,วิว,rest,,,,,84.5,,1,0.268,0.28,-0.012,1,38.42,0.049,0.031,19,ready,8
2026-10-08 13:52:58.035,352.16,20261008_134705,วิว,rest,,,,,84.5,,1,0.268,0.28,-0.012,1,38.42,0.049,0.031,19,ready,8
2026-10-08 13:52:58.237,352.36,20261008_134705,วิว,rest,,,,,84.5,,1,0.267,0.28,-0.013,1,38.42,0.049,0.031,19,ready,8
2026-10-08 13:52:58.444,352.57,20261008_134705,วิว,rest,,,,,84.5,,1,0.267,0.28,-0.013,1,38.42,0.049,0.031,19,ready,8
2026-10-08 13:52:58.643,352.76,20261008_134705,วิว,rest,,,,,84.5,,1,0.262,0.28,-0.017,1,38.36,0.049,0.031,19,ready,8
2026-10-08 13:52:58.847,352.97,20261008_134705,วิว,rest,,,,,84.5,,1,0.263,0.279,-0.016,1,38.37,0.049,0.031,18,ready,8
2026-10-08 13:52:59.051,353.17,20261008_134705,วิว,rest,,,,,84.5,,1,0.265,0.279,-0.014,1,38.38,0.049,0.031,18,ready,8
2026-10-08 13:52:59.253,353.37,20261008_134705,วิว,rest,,,,,84.5,,1,0.266,0.279,-0.013,1,38.38,0.049,0.031,18,ready,8
2026-10-08 13:52:59.456,353.58,20261008_134705,วิว,rest,,,,,84.5,,1,0.266,0.279,-0.013,1,38.39,0.049,0.031,18,ready,8
2026-10-08 13:52:59.661,353.78,20261008_134705,วิว,rest,,,,,84.5,,1,0.266,0.279,-0.013,1,38.39,0.049,0.031,19,ready,8
2026-10-08 13:52:59.865,353.99,20261008_134705,วิว,rest,,,,,84.5,,1,0.267,0.278,-0.011,1,38.4,0.049,0.031,19,ready,8
2026-10-08 13:53:00.068,354.19,20261008_134705,วิว,rest,,,,,84.5,,1,0.268,0.278,-0.011,1,38.4,0.049,0.031,19,ready,8
2026-10-08 13:53:00.271,354.39,20261008_134705,วิว,rest,,,,,84.5,,1,0.267,0.278,-0.011,1,38.41,0.049,0.031,19,ready,8
2026-10-08 13:53:00.473,354.59,20261008_134705,วิว,rest,,,,,84.5,,1,0.267,0.278,-0.011,1,38.41,0.049,0.031,19,ready,8
2026-10-08 13:53:00.677,354.8,20261008_134705,วิว,rest,,,,,84.5,,1,0.267,0.278,-0.011,1,38.41,0.049,0.031,19,ready,8
2026-10-08 13:53:00.882,355.0,20261008_134705,วิว,rest,,,,,84.5,,1,0.267,0.278,-0.011,1,38.42,0.049,0.031,19,ready,8
2026-10-08 13:53:01.091,355.21,20261008_134705,วิว,rest,,,,,84.5,,1,0.266,0.277,-0.012,1,38.42,0.049,0.031,19,ready,8
2026-10-08 13:53:01.287,355.41,20261008_134705,วิว,rest,,,,,84.5,,1,0.265,0.277,-0.012,1,38.42,0.049,0.031,19,ready,8
2026-10-08 13:53:01.491,355.61,20261008_134705,วิว,rest,,,,,84.5,,1,0.265,0.277,-0.012,1,38.42,0.049,0.031,19,ready,8
2026-10-08 13:53:01.693,355.81,20261008_134705,วิว,rest,,,,,84.5,,1,0.266,0.277,-0.011,1,38.42,0.049,0.031,19,ready,8
2026-10-08 13:53:01.895,356.02,20261008_134705,วิว,rest,,,,,84.5,,1,0.265,0.277,-0.012,1,38.42,0.049,0.031,19,ready,8
2026-10-08 13:53:02.101,356.22,20261008_134705,วิว,rest,,,,,84.5,,1,0.265,0.277,-0.012,1,38.42,0.049,0.031,19,ready,8
2026-10-08 13:53:02.303,356.42,20261008_134705,วิว,rest,,,,,84.5,,1,0.265,0.276,-0.012,1,38.42,0.049,0.031,19,ready,8
2026-10-08 13:53:02.509,356.63,20261008_134705,วิว,rest,,,,,84.5,,1,0.264,0.276,-0.012,1,38.42,0.049,0.031,19,ready,8
2026-10-08 13:53:02.711,356.83,20261008_134705,วิว,rest,,,,,84.5,,1,0.264,0.276,-0.012,1,38.44,0.049,0.031,19,ready,8
2026-10-08 13:53:02.922,357.04,20261008_134705,วิว,rest,,,,,84.5,,1,0.259,0.276,-0.017,1,38.39,0.049,0.031,19,ready,8
2026-10-08 13:53:03.115,357.24,20261008_134705,วิว,rest,,,,,84.5,,1,0.261,0.276,-0.015,1,38.4,0.049,0.031,19,ready,8
2026-10-08 13:53:03.324,357.44,20261008_134705,วิว,rest,,,,,84.5,,1,0.262,0.275,-0.013,1,38.4,0.049,0.031,19,ready,8
2026-10-08 13:53:03.524,357.65,20261008_134705,วิว,rest,,,,,84.5,,1,0.263,0.275,-0.012,1,38.41,0.049,0.031,19,ready,8
2026-10-08 13:53:03.732,357.85,20261008_134705,วิว,rest,,,,,84.5,,1,0.263,0.275,-0.012,1,38.41,0.049,0.031,19,ready,8
2026-10-08 13:53:03.931,358.05,20261008_134705,วิว,rest,,,,,84.5,,1,0.264,0.275,-0.011,1,38.41,0.049,0.031,19,ready,8
2026-10-08 13:53:04.133,358.25,20261008_134705,วิว,rest,,,,,84.5,,1,0.264,0.275,-0.011,1,38.41,0.049,0.031,19,ready,8
2026-10-08 13:53:04.337,358.46,20261008_134705,วิว,rest,,,,,84.5,,1,0.263,0.275,-0.011,1,38.42,0.049,0.031,19,ready,8
2026-10-08 13:53:04.542,358.66,20261008_134705,วิว,rest,,,,,84.5,,1,0.264,0.275,-0.011,1,38.42,0.049,0.031,19,ready,8
2026-10-08 13:53:04.743,358.86,20261008_134705,วิว,rest,,,,,84.5,,1,0.263,0.274,-0.011,1,38.42,0.049,0.031,19,ready,8
2026-10-08 13:53:04.946,359.07,20261008_134705,วิว,rest,,,,,84.5,,1,0.264,0.274,-0.011,1,38.43,0.049,0.031,19,ready,8
2026-10-08 13:53:05.151,359.27,20261008_134705,วิว,rest,,,,,84.5,,1,0.265,0.274,-0.01,1,38.43,0.049,0.031,19,ready,8
2026-10-08 13:53:05.354,359.48,20261008_134705,วิว,rest,,,,,84.5,,1,0.264,0.274,-0.01,1,38.43,0.049,0.031,19,ready,8
2026-10-08 13:53:05.556,359.68,20261008_134705,วิว,rest,,,,,84.5,,1,0.264,0.274,-0.01,1,38.43,0.049,0.031,19,ready,8
2026-10-08 13:53:05.766,359.89,20261008_134705,วิว,rest,,,,,84.5,,1,0.264,0.274,-0.01,1,38.43,0.049,0.031,19,ready,8
2026-10-08 13:53:05.968,360.09,20261008_134705,วิว,rest,,,,,84.5,,1,0.263,0.274,-0.01,1,38.43,0.049,0.031,19,ready,8
2026-10-08 13:53:06.178,360.3,20261008_134705,วิว,rest,,,,,84.5,,1,0.264,0.273,-0.01,1,38.43,0.049,0.031,19,ready,8
2026-10-08 13:53:06.371,360.49,20261008_134705,วิว,rest,,,,,84.5,,1,0.263,0.273,-0.011,1,38.44,0.049,0.031,19,ready,8
2026-10-08 13:53:06.574,360.69,20261008_134705,วิว,rest,,,,,84.5,,1,0.263,0.273,-0.01,1,38.44,0.049,0.031,19,ready,8
2026-10-08 13:53:06.775,360.9,20261008_134705,วิว,rest,,,,,84.5,,1,0.262,0.273,-0.011,1,38.44,0.049,0.031,19,ready,8
2026-10-08 13:53:06.981,361.1,20261008_134705,วิว,rest,,,,,84.5,,1,0.263,0.273,-0.01,1,38.44,0.049,0.031,19,ready,8
2026-10-08 13:53:07.183,361.3,20261008_134705,วิว,rest,,,,,84.5,,1,0.256,0.273,-0.016,1,38.35,0.049,0.031,19,ready,8
2026-10-08 13:53:07.385,361.51,20261008_134705,วิว,rest,,,,,84.5,,1,0.259,0.273,-0.013,1,38.36,0.049,0.031,19,ready,8
2026-10-08 13:53:07.591,361.71,20261008_134705,วิว,rest,,,,,84.5,,1,0.261,0.272,-0.011,1,38.36,0.049,0.031,19,ready,8
2026-10-08 13:53:07.796,361.92,20261008_134705,วิว,rest,,,,,84.5,,1,0.262,0.272,-0.011,1,38.37,0.049,0.031,19,ready,8
2026-10-08 13:53:08.000,362.12,20261008_134705,วิว,rest,,,,,84.5,,1,0.262,0.272,-0.01,1,38.38,0.049,0.031,19,ready,8
2026-10-08 13:53:08.205,362.33,20261008_134705,วิว,rest,,,,,84.5,,1,0.262,0.272,-0.01,1,38.38,0.049,0.031,19,ready,8
2026-10-08 13:53:08.410,362.53,20261008_134705,วิว,rest,,,,,84.5,,1,0.263,0.272,-0.009,1,38.38,0.049,0.031,19,ready,8
2026-10-08 13:53:08.608,362.73,20261008_134705,วิว,rest,,,,,84.5,,1,0.263,0.272,-0.009,1,38.39,0.049,0.031,19,ready,8
2026-10-08 13:53:08.813,362.93,20261008_134705,วิว,rest,,,,,84.5,,1,0.262,0.272,-0.009,1,38.39,0.049,0.031,19,ready,8
2026-10-08 13:53:09.013,363.13,20261008_134705,วิว,rest,,,,,84.5,,1,0.262,0.271,-0.009,1,38.4,0.049,0.031,19,ready,8
2026-10-08 13:53:09.215,363.34,20261008_134705,วิว,rest,,,,,84.5,,1,0.263,0.271,-0.008,1,38.4,0.049,0.031,19,ready,8
2026-10-08 13:53:09.426,363.55,20261008_134705,วิว,rest,,,,,84.5,,1,0.262,0.271,-0.009,1,38.41,0.049,0.031,19,ready,8
2026-10-08 13:53:09.630,363.75,20261008_134705,วิว,rest,,,,,84.5,,1,0.263,0.271,-0.008,1,38.41,0.049,0.031,19,ready,9
2026-10-08 13:53:09.826,363.95,20261008_134705,วิว,rest,,,,,84.5,,1,0.263,0.271,-0.009,1,38.42,0.049,0.031,19,ready,8
2026-10-08 13:53:10.031,364.15,20261008_134705,วิว,rest,,,,,84.5,,1,0.262,0.271,-0.009,1,38.42,0.049,0.031,19,ready,8
2026-10-08 13:53:10.233,364.35,20261008_134705,วิว,rest,,,,,84.5,,1,0.263,0.271,-0.008,1,38.42,0.049,0.031,19,ready,9
2026-10-08 13:53:10.436,364.56,20261008_134705,วิว,rest,,,,,84.5,,1,0.262,0.271,-0.008,1,38.42,0.049,0.031,19,ready,9
2026-10-08 13:53:10.641,364.76,20261008_134705,วิว,rest,,,,,84.5,,1,0.262,0.271,-0.008,1,38.43,0.049,0.031,19,ready,9
2026-10-08 13:53:10.846,364.97,20261008_134705,วิว,rest,,,,,84.5,,1,0.262,0.27,-0.008,1,38.43,0.049,0.031,19,ready,9
2026-10-08 13:53:11.045,365.17,20261008_134705,วิว,rest,,,,,84.5,,1,0.262,0.27,-0.008,1,38.43,0.049,0.031,19,ready,9
2026-10-08 13:53:11.251,365.37,20261008_134705,วิว,rest,,,,,84.5,,1,0.262,0.27,-0.008,1,38.43,0.049,0.031,19,ready,9
2026-10-08 13:53:11.453,365.57,20261008_134705,วิว,rest,,,,,84.5,,1,0.26,0.27,-0.01,1,38.35,0.049,0.031,19,ready,9
2026-10-08 13:53:11.655,365.78,20261008_134705,วิว,rest,,,,,84.5,,1,0.261,0.27,-0.009,1,38.35,0.049,0.031,19,ready,9
2026-10-08 13:53:11.861,365.98,20261008_134705,วิว,rest,,,,,84.5,,1,0.262,0.27,-0.008,1,38.36,0.049,0.031,19,ready,9
2026-10-08 13:53:12.063,366.18,20261008_134705,วิว,rest,,,,,84.5,,1,0.262,0.27,-0.008,1,38.37,0.049,0.031,19,ready,9
2026-10-08 13:53:12.265,366.39,20261008_134705,วิว,rest,,,,,84.5,,1,0.262,0.27,-0.008,1,38.37,0.049,0.031,19,ready,9
2026-10-08 13:53:12.472,366.59,20261008_134705,วิว,rest,,,,,84.5,,1,0.262,0.27,-0.007,1,38.38,0.049,0.031,19,ready,9
2026-10-08 13:53:12.674,366.8,20261008_134705,วิว,rest,,,,,84.5,,1,0.263,0.269,-0.007,1,38.38,0.049,0.031,19,ready,9
2026-10-08 13:53:12.881,367.0,20261008_134705,วิว,rest,,,,,84.5,,1,0.263,0.269,-0.007,1,38.39,0.049,0.031,19,ready,9
2026-10-08 13:53:13.083,367.2,20261008_134705,วิว,rest,,,,,84.5,,1,0.262,0.269,-0.007,1,38.41,0.049,0.031,19,ready,9
2026-10-08 13:53:13.291,367.41,20261008_134705,วิว,rest,,,,,84.5,,1,0.262,0.269,-0.007,1,38.41,0.049,0.031,19,ready,9
2026-10-08 13:53:13.493,367.61,20261008_134705,วิว,rest,,,,,84.5,,1,0.262,0.269,-0.007,1,38.42,0.049,0.031,19,ready,9
2026-10-08 13:53:13.695,367.82,20261008_134705,วิว,rest,,,,,84.5,,1,0.262,0.269,-0.007,1,38.42,0.049,0.031,19,ready,9
2026-10-08 13:53:13.901,368.02,20261008_134705,วิว,rest,,,,,84.5,,1,0.262,0.269,-0.006,1,38.42,0.049,0.031,19,ready,9
2026-10-08 13:53:14.103,368.22,20261008_134705,วิว,rest,,,,,84.5,,1,0.262,0.269,-0.006,1,38.43,0.049,0.031,19,ready,9
2026-10-08 13:53:14.308,368.43,20261008_134705,วิว,rest,,,,,84.5,,1,0.262,0.269,-0.006,1,38.43,0.049,0.031,19,ready,9
2026-10-08 13:53:14.511,368.63,20261008_134705,วิว,rest,,,,,84.5,,1,0.262,0.269,-0.007,1,38.43,0.049,0.031,19,ready,9
2026-10-08 13:53:14.713,368.83,20261008_134705,วิว,rest,,,,,84.5,,1,0.262,0.269,-0.007,1,38.43,0.049,0.031,19,ready,9
2026-10-08 13:53:14.915,369.04,20261008_134705,วิว,rest,,,,,84.5,,1,0.261,0.268,-0.007,1,38.43,0.049,0.031,19,ready,9
2026-10-08 13:53:15.121,369.24,20261008_134705,วิว,rest,,,,,84.5,,1,0.261,0.268,-0.007,1,38.43,0.049,0.031,19,ready,9
2026-10-08 13:53:15.323,369.44,20261008_134705,วิว,rest,,,,,84.5,,1,0.261,0.268,-0.007,1,38.44,0.049,0.031,19,ready,9
2026-10-08 13:53:15.528,369.65,20261008_134705,วิว,rest,,,,,84.5,,1,0.263,0.268,-0.005,1,38.43,0.049,0.031,19,ready,9
2026-10-08 13:53:15.735,369.86,20261008_134705,วิว,rest,,,,,84.5,,1,0.258,0.268,-0.01,1,38.35,0.049,0.031,19,ready,8
2026-10-08 13:53:15.934,370.05,20261008_134705,วิว,rest,,,,,84.5,,1,0.259,0.268,-0.009,1,38.37,0.049,0.031,19,ready,8
2026-10-08 13:53:16.140,370.26,20261008_134705,วิว,rest,,,,,84.5,,1,0.26,0.268,-0.008,1,38.38,0.049,0.031,19,ready,8
2026-10-08 13:53:16.343,370.46,20261008_134705,วิว,rest,,,,,84.5,,1,0.261,0.268,-0.007,1,38.38,0.049,0.031,19,ready,8
2026-10-08 13:53:16.543,370.66,20261008_134705,วิว,rest,,,,,84.5,,1,0.261,0.268,-0.006,1,38.39,0.049,0.031,19,ready,8
2026-10-08 13:53:16.749,370.87,20261008_134705,วิว,rest,,,,,84.5,,1,0.261,0.268,-0.006,1,38.4,0.049,0.031,19,ready,8
2026-10-08 13:53:16.954,371.07,20261008_134705,วิว,rest,,,,,84.5,,1,0.262,0.267,-0.006,1,38.4,0.049,0.031,19,ready,8
2026-10-08 13:53:17.153,371.27,20261008_134705,วิว,rest,,,,,84.5,,1,0.262,0.267,-0.006,1,38.41,0.049,0.031,19,ready,8
2026-10-08 13:53:17.360,371.48,20261008_134705,วิว,rest,,,,,84.5,,1,0.262,0.267,-0.005,1,38.41,0.049,0.031,19,ready,8
2026-10-08 13:53:17.565,371.69,20261008_134705,วิว,rest,,,,,84.5,,1,0.262,0.267,-0.006,1,38.41,0.049,0.031,19,ready,8
2026-10-08 13:53:17.767,371.89,20261008_134705,วิว,rest,,,,,84.5,,1,0.262,0.267,-0.006,1,38.42,0.049,0.031,19,ready,8
2026-10-08 13:53:17.966,372.09,20261008_134705,วิว,rest,,,,,84.5,,1,0.261,0.267,-0.006,1,38.42,0.049,0.031,19,ready,8
2026-10-08 13:53:18.171,372.29,20261008_134705,วิว,rest,,,,,84.5,,1,0.261,0.267,-0.006,1,38.43,0.049,0.031,19,ready,8
2026-10-08 13:53:18.374,372.5,20261008_134705,วิว,rest,,,,,84.5,,1,0.261,0.267,-0.006,1,38.43,0.049,0.031,19,ready,8
2026-10-08 13:53:18.580,372.7,20261008_134705,วิว,rest,,,,,84.5,,1,0.261,0.267,-0.006,1,38.44,0.049,0.031,19,ready,9
2026-10-08 13:53:18.782,372.9,20261008_134705,วิว,rest,,,,,84.5,,1,0.261,0.267,-0.006,1,38.45,0.049,0.031,19,ready,8
2026-10-08 13:53:18.985,373.11,20261008_134705,วิว,rest,,,,,84.5,,1,0.261,0.267,-0.006,1,38.45,0.049,0.031,19,ready,8
2026-10-08 13:53:19.186,373.31,20261008_134705,วิว,rest,,,,,84.5,,1,0.261,0.267,-0.006,1,38.44,0.049,0.031,19,ready,8
2026-10-08 13:53:19.392,373.51,20261008_134705,วิว,rest,,,,,84.5,,1,0.261,0.267,-0.006,1,38.45,0.049,0.031,19,ready,8
2026-10-08 13:53:19.595,373.72,20261008_134705,วิว,rest,,,,,84.5,,1,0.261,0.266,-0.006,1,38.45,0.049,0.031,19,ready,8
2026-10-08 13:53:19.797,373.92,20261008_134705,วิว,rest,,,,,84.5,,1,0.261,0.266,-0.006,1,38.45,0.049,0.031,19,ready,8
2026-10-08 13:53:20.002,374.12,20261008_134705,วิว,rest,,,,,84.5,,1,0.254,0.266,-0.012,1,38.37,0.049,0.031,19,ready,8
2026-10-08 13:53:20.204,374.33,20261008_134705,วิว,rest,,,,,84.5,,1,0.257,0.266,-0.009,1,38.38,0.049,0.031,19,ready,8
2026-10-08 13:53:20.407,374.53,20261008_134705,วิว,rest,,,,,84.5,,1,0.259,0.266,-0.007,1,38.38,0.049,0.031,19,ready,8
2026-10-08 13:53:20.623,374.74,20261008_134705,วิว,rest,,,,,84.5,,1,0.259,0.266,-0.007,1,38.39,0.049,0.031,19,ready,8
2026-10-08 13:53:20.818,374.94,20261008_134705,วิว,rest,,,,,84.5,,1,0.26,0.266,-0.006,1,38.4,0.049,0.031,19,ready,8
2026-10-08 13:53:21.018,375.14,20261008_134705,วิว,rest,,,,,84.5,,1,0.26,0.266,-0.006,1,38.4,0.049,0.031,19,ready,8
2026-10-08 13:53:21.224,375.35,20261008_134705,วิว,rest,,,,,84.5,,1,0.26,0.266,-0.005,1,38.41,0.049,0.031,19,ready,8
2026-10-08 13:53:21.423,375.54,20261008_134705,วิว,rest,,,,,84.5,,1,0.261,0.266,-0.005,1,38.42,0.049,0.031,19,ready,8
2026-10-08 13:53:21.625,375.75,20261008_134705,วิว,rest,,,,,84.5,,1,0.261,0.266,-0.005,1,38.42,0.049,0.031,19,ready,8
2026-10-08 13:53:21.831,375.95,20261008_134705,วิว,rest,,,,,84.5,,1,0.261,0.265,-0.005,1,38.43,0.049,0.031,19,ready,8
2026-10-08 13:53:22.033,376.15,20261008_134705,วิว,rest,,,,,84.5,,1,0.261,0.265,-0.005,1,38.43,0.049,0.031,19,ready,8
2026-10-08 13:53:22.235,376.36,20261008_134705,วิว,rest,,,,,84.5,,1,0.261,0.265,-0.005,1,38.43,0.049,0.031,19,ready,8
2026-10-08 13:53:22.441,376.56,20261008_134705,วิว,rest,,,,,84.5,,1,0.261,0.265,-0.004,1,38.44,0.049,0.031,19,ready,8
2026-10-08 13:53:22.645,376.77,20261008_134705,วิว,rest,,,,,84.5,,1,0.261,0.265,-0.004,1,38.44,0.049,0.031,20,ready,8
2026-10-08 13:53:22.848,376.97,20261008_134705,วิว,rest,,,,,84.5,,1,0.261,0.265,-0.005,1,38.45,0.049,0.031,20,ready,9
2026-10-08 13:53:23.052,377.17,20261008_134705,วิว,rest,,,,,84.5,,1,0.261,0.265,-0.005,1,38.45,0.049,0.031,20,ready,9
2026-10-08 13:53:23.261,377.38,20261008_134705,วิว,rest,,,,,84.5,,1,0.26,0.265,-0.005,1,38.46,0.049,0.031,20,ready,8
2026-10-08 13:53:23.462,377.58,20261008_134705,วิว,rest,,,,,84.5,,1,0.26,0.265,-0.005,1,38.46,0.049,0.031,20,ready,9
2026-10-08 13:53:23.666,377.79,20261008_134705,วิว,rest,,,,,84.5,,1,0.26,0.265,-0.005,1,38.46,0.049,0.031,20,ready,9
2026-10-08 13:53:23.865,377.99,20261008_134705,วิว,rest,,,,,84.5,,1,0.26,0.265,-0.005,1,38.46,0.049,0.031,20,ready,9
2026-10-08 13:53:24.072,378.19,20261008_134705,วิว,rest,,,,,84.5,,1,0.26,0.265,-0.005,1,38.46,0.049,0.031,20,ready,9
2026-10-08 13:53:24.273,378.39,20261008_134705,วิว,rest,,,,,84.5,,1,0.255,0.265,-0.009,1,38.4,0.049,0.031,20,ready,9
2026-10-08 13:53:24.475,378.6,20261008_134705,วิว,rest,,,,,84.5,,1,0.256,0.265,-0.009,1,38.41,0.049,0.031,19,ready,8
2026-10-08 13:53:24.684,378.8,20261008_134705,วิว,rest,,,,,84.5,,1,0.258,0.264,-0.006,1,38.42,0.049,0.031,19,ready,8
2026-10-08 13:53:24.884,379.0,20261008_134705,วิว,rest,,,,,84.5,,1,0.259,0.264,-0.005,1,38.43,0.049,0.031,19,ready,8
2026-10-08 13:53:25.087,379.21,20261008_134705,วิว,rest,,,,,84.5,,1,0.259,0.264,-0.005,1,38.43,0.049,0.031,20,ready,8
2026-10-08 13:53:25.297,379.42,20261008_134705,วิว,rest,,,,,84.5,,1,0.26,0.264,-0.004,1,38.44,0.049,0.031,20,ready,8
2026-10-08 13:53:25.504,379.63,20261008_134705,วิว,rest,,,,,84.5,,1,0.26,0.264,-0.004,1,38.44,0.049,0.031,20,ready,8
2026-10-08 13:53:25.710,379.83,20261008_134705,วิว,rest,,,,,84.5,,1,0.259,0.264,-0.005,1,38.48,0.049,0.031,20,ready,9
2026-10-08 13:53:25.903,380.02,20261008_134705,วิว,rest,,,,,84.5,,1,0.26,0.264,-0.004,1,38.48,0.049,0.031,20,ready,9
2026-10-08 13:53:26.108,380.23,20261008_134705,วิว,rest,,,,,84.5,,1,0.26,0.264,-0.004,1,38.48,0.049,0.031,20,ready,9
2026-10-08 13:53:26.305,380.43,20261008_134705,วิว,rest,,,,,84.5,,1,0.26,0.264,-0.004,1,38.47,0.049,0.031,20,ready,9
2026-10-08 13:53:26.525,380.65,20261008_134705,วิว,rest,,,,,84.5,,1,0.26,0.264,-0.004,1,38.47,0.049,0.031,20,ready,9
2026-10-08 13:53:26.734,380.86,20261008_134705,วิว,rest,,,,,84.5,,1,0.26,0.264,-0.004,1,38.47,0.049,0.031,20,ready,9
2026-10-08 13:53:26.915,381.04,20261008_134705,วิว,rest,,,,,84.5,,1,0.26,0.264,-0.003,1,38.47,0.049,0.031,20,ready,9
2026-10-08 13:53:27.130,381.25,20261008_134705,วิว,rest,,,,,84.5,,1,0.26,0.264,-0.003,1,38.47,0.049,0.031,20,ready,9
2026-10-08 13:53:27.330,381.45,20261008_134705,วิว,rest,,,,,84.5,,1,0.26,0.264,-0.003,1,38.47,0.049,0.031,20,ready,9
2026-10-08 13:53:27.535,381.66,20261008_134705,วิว,question,7,606,manual,truth,84.5,,1,0.26,0.264,-0.003,1,38.47,0.049,0.031,20,question,9
2026-10-08 13:53:27.744,381.87,20261008_134705,วิว,question,7,606,manual,truth,84.5,,1,0.26,0.264,-0.004,1,38.47,0.049,0.031,20,question,9
2026-10-08 13:53:27.945,382.07,20261008_134705,วิว,question,7,606,manual,truth,84.5,,1,0.259,0.264,-0.004,1,38.49,0.049,0.031,20,question,9
2026-10-08 13:53:28.145,382.27,20261008_134705,วิว,question,7,606,manual,truth,84.5,,1,0.26,0.263,-0.004,1,38.49,0.049,0.031,20,question,9
2026-10-08 13:53:28.354,382.47,20261008_134705,วิว,question,7,606,manual,truth,84.5,,1,0.254,0.263,-0.01,1,38.41,0.049,0.031,20,question,9
2026-10-08 13:53:28.556,382.68,20261008_134705,วิว,question,7,606,manual,truth,84.5,,1,0.256,0.263,-0.007,1,38.42,0.049,0.031,20,question,8
2026-10-08 13:53:28.762,382.88,20261008_134705,วิว,question,7,606,manual,truth,84.5,,1,0.257,0.263,-0.006,1,38.42,0.049,0.031,20,question,8
2026-10-08 13:53:28.966,383.09,20261008_134705,วิว,question,7,606,manual,truth,84.5,,1,0.259,0.263,-0.005,1,38.43,0.049,0.031,20,question,8
2026-10-08 13:53:29.165,383.29,20261008_134705,วิว,question,7,606,manual,truth,84.5,,1,0.259,0.263,-0.004,1,38.43,0.049,0.031,20,question,8
2026-10-08 13:53:29.371,383.49,20261008_134705,วิว,question,7,606,manual,truth,84.5,,1,0.259,0.263,-0.004,1,38.44,0.049,0.031,20,question,8
2026-10-08 13:53:29.576,383.7,20261008_134705,วิว,question,7,606,manual,truth,84.5,,1,0.26,0.263,-0.003,1,38.44,0.049,0.031,20,question,8
2026-10-08 13:53:29.777,383.9,20261008_134705,วิว,question,7,606,manual,truth,84.5,,1,0.26,0.263,-0.003,1,38.42,0.049,0.031,20,question,8
2026-10-08 13:53:29.982,384.1,20261008_134705,วิว,question,7,606,manual,truth,84.5,,1,0.26,0.263,-0.003,1,38.42,0.049,0.031,20,question,8
2026-10-08 13:53:30.186,384.31,20261008_134705,วิว,question,7,606,manual,truth,84.5,,1,0.26,0.263,-0.003,1,38.43,0.049,0.031,20,question,9
2026-10-08 13:53:30.391,384.51,20261008_134705,วิว,question,7,606,manual,truth,84.5,,1,0.26,0.263,-0.003,1,38.43,0.049,0.031,20,question,9
2026-10-08 13:53:30.592,384.71,20261008_134705,วิว,question,7,606,manual,truth,84.5,,1,0.26,0.263,-0.003,1,38.44,0.049,0.031,20,question,9
2026-10-08 13:53:30.796,384.92,20261008_134705,วิว,question,7,606,manual,truth,84.5,,1,0.26,0.263,-0.003,1,38.44,0.049,0.031,20,question,9
2026-10-08 13:53:31.003,385.12,20261008_134705,วิว,question,7,606,manual,truth,84.5,,1,0.26,0.263,-0.003,1,38.44,0.049,0.031,20,question,9
2026-10-08 13:53:31.204,385.33,20261008_134705,วิว,question,7,606,manual,truth,84.5,,1,0.26,0.263,-0.003,1,38.45,0.049,0.031,20,question,9
2026-10-08 13:53:31.405,385.53,20261008_134705,วิว,question,7,606,manual,truth,84.5,,1,0.26,0.263,-0.003,1,38.45,0.049,0.031,20,question,9
2026-10-08 13:53:31.611,385.73,20261008_134705,วิว,question,7,606,manual,truth,84.5,,1,0.26,0.263,-0.003,1,38.45,0.049,0.031,20,question,9
2026-10-08 13:53:31.814,385.93,20261008_134705,วิว,question,7,606,manual,truth,84.5,,1,0.26,0.263,-0.003,1,38.45,0.049,0.031,20,question,9
2026-10-08 13:53:32.017,386.14,20261008_134705,วิว,question,7,606,manual,truth,84.5,,1,0.26,0.263,-0.003,1,38.45,0.049,0.031,20,question,9
2026-10-08 13:53:32.221,386.34,20261008_134705,วิว,question,7,606,manual,truth,84.5,,1,0.26,0.262,-0.003,1,38.45,0.049,0.031,20,question,9
2026-10-08 13:53:32.425,386.55,20261008_134705,วิว,question,7,606,manual,truth,84.5,,1,0.259,0.262,-0.003,1,38.46,0.049,0.031,20,question,9
2026-10-08 13:53:32.626,386.75,20261008_134705,วิว,question,7,606,manual,truth,84.5,,1,0.259,0.262,-0.003,1,38.47,0.049,0.031,20,question,9
2026-10-08 13:53:32.832,386.95,20261008_134705,วิว,question,7,606,manual,truth,84.5,,1,0.253,0.262,-0.009,1,38.37,0.049,0.031,20,question,9
2026-10-08 13:53:33.035,387.16,20261008_134705,วิว,question,7,606,manual,truth,84.5,,1,0.256,0.262,-0.007,1,38.38,0.049,0.031,20,question,9
2026-10-08 13:53:33.236,387.36,20261008_134705,วิว,question,7,606,manual,truth,84.5,,1,0.257,0.262,-0.005,1,38.39,0.049,0.031,20,question,9
2026-10-08 13:53:33.444,387.57,20261008_134705,วิว,question,7,606,manual,truth,84.5,,1,0.258,0.262,-0.004,1,38.4,0.049,0.031,20,question,9
2026-10-08 13:53:33.644,387.76,20261008_134705,วิว,question,7,606,manual,truth,84.5,,1,0.259,0.262,-0.003,1,38.41,0.049,0.031,20,question,9
2026-10-08 13:53:33.846,387.97,20261008_134705,วิว,question,7,606,manual,truth,84.5,,1,0.259,0.262,-0.003,1,38.41,0.049,0.031,20,question,9
2026-10-08 13:53:34.050,388.17,20261008_134705,วิว,question,7,606,manual,truth,84.5,,1,0.259,0.262,-0.003,1,38.42,0.049,0.031,20,question,9
2026-10-08 13:53:34.254,388.38,20261008_134705,วิว,question,7,606,manual,truth,84.5,,1,0.259,0.262,-0.003,1,38.42,0.049,0.031,20,question,9
2026-10-08 13:53:34.457,388.58,20261008_134705,วิว,question,7,606,manual,truth,84.5,,1,0.259,0.262,-0.003,1,38.43,0.049,0.031,20,question,9
2026-10-08 13:53:34.664,388.79,20261008_134705,วิว,question,7,606,manual,truth,84.5,,1,0.259,0.262,-0.003,1,38.43,0.049,0.031,20,question,9
2026-10-08 13:53:34.864,388.98,20261008_134705,วิว,question,7,606,manual,truth,84.5,,1,0.259,0.262,-0.003,1,38.44,0.049,0.031,20,question,9
2026-10-08 13:53:35.066,389.19,20261008_134705,วิว,question,7,606,manual,truth,84.5,,1,0.258,0.262,-0.003,1,38.44,0.049,0.031,20,question,9
2026-10-08 13:53:35.271,389.39,20261008_134705,วิว,question,7,606,manual,truth,84.5,,1,0.258,0.262,-0.003,1,38.44,0.049,0.031,20,question,9
2026-10-08 13:53:35.475,389.6,20261008_134705,วิว,question,7,606,manual,truth,84.5,,1,0.259,0.262,-0.003,1,38.44,0.049,0.031,20,question,9
2026-10-08 13:53:35.679,389.8,20261008_134705,วิว,question,7,606,manual,truth,84.5,,1,0.258,0.262,-0.004,1,38.46,0.049,0.031,20,question,9
2026-10-08 13:53:35.884,390.0,20261008_134705,วิว,question,7,606,manual,truth,84.5,,1,0.258,0.262,-0.003,1,38.44,0.049,0.031,20,question,9
2026-10-08 13:53:36.089,390.21,20261008_134705,วิว,question,7,606,manual,truth,84.5,,1,0.259,0.261,-0.003,1,38.44,0.049,0.031,20,question,9
2026-10-08 13:53:36.293,390.41,20261008_134705,วิว,question,7,606,manual,truth,84.5,,1,0.258,0.261,-0.003,1,38.44,0.049,0.031,20,question,9
2026-10-08 13:53:36.495,390.62,20261008_134705,วิว,question,7,606,manual,truth,84.5,,1,0.258,0.261,-0.003,1,38.45,0.049,0.031,20,question,9
2026-10-08 13:53:36.695,390.82,20261008_134705,วิว,question,7,606,manual,truth,84.5,,1,0.258,0.261,-0.003,1,38.45,0.049,0.031,20,question,9
2026-10-08 13:53:36.903,391.02,20261008_134705,วิว,question,7,606,manual,truth,84.5,,1,0.251,0.261,-0.01,1,38.4,0.049,0.031,20,question,9
2026-10-08 13:53:37.107,391.23,20261008_134705,วิว,question,7,606,manual,truth,84.5,,1,0.254,0.261,-0.007,1,38.4,0.049,0.031,19,question,8
2026-10-08 13:53:37.305,391.43,20261008_134705,วิว,question,7,606,manual,truth,84.5,,1,0.256,0.261,-0.005,1,38.4,0.049,0.031,19,question,8
2026-10-08 13:53:37.510,391.63,20261008_134705,วิว,question,7,606,manual,truth,84.5,,1,0.257,0.261,-0.004,1,38.41,0.049,0.031,19,question,8
2026-10-08 13:53:37.712,391.83,20261008_134705,วิว,question,7,606,manual,truth,84.5,,1,0.257,0.261,-0.004,1,38.42,0.049,0.031,19,question,8
2026-10-08 13:53:37.919,392.04,20261008_134705,วิว,question,7,606,manual,truth,84.5,,1,0.258,0.261,-0.003,1,38.42,0.049,0.031,20,question,8
2026-10-08 13:53:38.122,392.24,20261008_134705,วิว,question,7,606,manual,truth,84.5,,1,0.258,0.261,-0.003,1,38.42,0.049,0.031,20,question,8
2026-10-08 13:53:38.329,392.45,20261008_134705,วิว,question,7,606,manual,truth,84.5,,1,0.258,0.261,-0.003,1,38.43,0.049,0.031,20,question,8
2026-10-08 13:53:38.531,392.65,20261008_134705,วิว,question,7,606,manual,truth,84.5,,1,0.258,0.261,-0.003,1,38.43,0.049,0.031,20,question,9
2026-10-08 13:53:38.740,392.86,20261008_134705,วิว,question,7,606,manual,truth,84.5,,1,0.258,0.261,-0.003,1,38.44,0.049,0.031,20,question,9
2026-10-08 13:53:38.935,393.06,20261008_134705,วิว,question,7,606,manual,truth,84.5,,1,0.258,0.261,-0.003,1,38.44,0.049,0.031,20,question,9
2026-10-08 13:53:39.147,393.27,20261008_134705,วิว,question,7,606,manual,truth,84.5,,1,0.258,0.261,-0.003,1,38.44,0.049,0.031,20,question,9
2026-10-08 13:53:39.351,393.47,20261008_134705,วิว,recovery,7,606,manual,truth,84.5,,1,0.258,0.261,-0.003,1,38.44,0.049,0.031,20,ready,9
2026-10-08 13:53:39.558,393.68,20261008_134705,วิว,recovery,7,606,manual,truth,84.5,,1,0.258,0.261,-0.003,1,38.45,0.049,0.031,20,ready,9
2026-10-08 13:53:39.752,393.87,20261008_134705,วิว,recovery,7,606,manual,truth,84.5,,1,0.257,0.261,-0.003,1,38.45,0.049,0.031,20,ready,8
2026-10-08 13:53:39.953,394.07,20261008_134705,วิว,recovery,7,606,manual,truth,84.5,,1,0.257,0.261,-0.004,1,38.46,0.049,0.031,20,ready,8
2026-10-08 13:53:40.157,394.28,20261008_134705,วิว,recovery,7,606,manual,truth,84.5,,1,0.257,0.26,-0.003,1,38.46,0.049,0.031,20,ready,8
2026-10-08 13:53:40.360,394.48,20261008_134705,วิว,recovery,7,606,manual,truth,84.5,,1,0.257,0.26,-0.003,1,38.46,0.049,0.031,20,ready,8
2026-10-08 13:53:40.563,394.68,20261008_134705,วิว,recovery,7,606,manual,truth,84.5,,1,0.257,0.26,-0.003,1,38.46,0.049,0.031,20,ready,9
2026-10-08 13:53:40.769,394.89,20261008_134705,วิว,recovery,7,606,manual,truth,84.5,,1,0.257,0.26,-0.003,1,38.46,0.049,0.031,20,ready,8
2026-10-08 13:53:40.975,395.1,20261008_134705,วิว,rest,,,,,84.5,,1,0.257,0.26,-0.003,1,38.46,0.049,0.031,20,ready,9
2026-10-08 13:53:41.169,395.29,20261008_134705,วิว,rest,,,,,84.5,,1,0.257,0.26,-0.003,1,38.46,0.049,0.031,20,ready,9
2026-10-08 13:53:41.373,395.49,20261008_134705,วิว,rest,,,,,84.5,,1,0.258,0.26,-0.003,1,38.46,0.049,0.031,20,ready,9
2026-10-08 13:53:41.574,395.69,20261008_134705,วิว,rest,,,,,84.5,,1,0.257,0.26,-0.003,1,38.47,0.049,0.031,20,ready,9
2026-10-08 13:53:41.778,395.9,20261008_134705,วิว,rest,,,,,84.5,,1,0.258,0.26,-0.002,1,38.47,0.049,0.031,20,ready,9
2026-10-08 13:53:41.980,396.1,20261008_134705,วิว,rest,,,,,84.5,,1,0.258,0.26,-0.002,1,38.47,0.049,0.031,20,ready,9
2026-10-08 13:53:42.182,396.3,20261008_134705,วิว,rest,,,,,84.5,,1,0.258,0.26,-0.002,1,38.47,0.049,0.031,20,ready,9
2026-10-08 13:53:42.383,396.5,20261008_134705,วิว,rest,,,,,84.5,,1,0.25,0.26,-0.01,1,38.42,0.049,0.031,19,ready,9
2026-10-08 13:53:42.589,396.71,20261008_134705,วิว,rest,,,,,84.5,,1,0.253,0.26,-0.007,1,38.42,0.049,0.031,19,ready,8
2026-10-08 13:53:42.796,396.92,20261008_134705,วิว,rest,,,,,84.5,,1,0.254,0.26,-0.005,1,38.42,0.049,0.031,19,ready,8
2026-10-08 13:53:42.995,397.12,20261008_134705,วิว,rest,,,,,84.5,,1,0.255,0.26,-0.004,1,38.43,0.049,0.031,19,ready,8
2026-10-08 13:53:43.197,397.32,20261008_134705,วิว,rest,,,,,84.5,,1,0.256,0.26,-0.004,1,38.43,0.049,0.031,19,ready,8
2026-10-08 13:53:43.400,397.52,20261008_134705,วิว,rest,,,,,84.5,,1,0.256,0.26,-0.003,1,38.44,0.049,0.031,19,ready,8
2026-10-08 13:53:43.607,397.73,20261008_134705,วิว,rest,,,,,84.5,,1,0.257,0.26,-0.003,1,38.45,0.049,0.031,19,ready,8
2026-10-08 13:53:43.812,397.93,20261008_134705,วิว,recovery,8,607,manual,lie,84.5,,1,0.257,0.26,-0.003,1,38.45,0.049,0.031,19,ready,8
2026-10-08 13:53:44.020,398.14,20261008_134705,วิว,question,8,607,manual,lie,84.5,,1,0.256,0.26,-0.003,1,38.42,0.049,0.031,19,question,8
2026-10-08 13:53:44.227,398.35,20261008_134705,วิว,question,8,607,manual,lie,84.5,,1,0.256,0.26,-0.003,1,38.43,0.049,0.031,19,question,8
2026-10-08 13:53:44.428,398.55,20261008_134705,วิว,question,8,607,manual,lie,84.5,,1,0.257,0.26,-0.003,1,38.43,0.049,0.031,19,question,8
2026-10-08 13:53:44.630,398.75,20261008_134705,วิว,question,8,607,manual,lie,84.5,,1,0.257,0.259,-0.003,1,38.44,0.049,0.031,19,question,8
2026-10-08 13:53:44.830,398.95,20261008_134705,วิว,question,8,607,manual,lie,84.5,,1,0.257,0.259,-0.003,1,38.44,0.049,0.031,19,question,8
2026-10-08 13:53:45.032,399.15,20261008_134705,วิว,question,8,607,manual,lie,84.5,,1,0.257,0.259,-0.002,1,38.44,0.049,0.031,20,question,8
2026-10-08 13:53:45.237,399.36,20261008_134705,วิว,question,8,607,manual,lie,84.5,,1,0.257,0.259,-0.003,1,38.45,0.049,0.031,20,question,8
2026-10-08 13:53:45.440,399.56,20261008_134705,วิว,question,8,607,manual,lie,84.5,,1,0.257,0.259,-0.003,1,38.45,0.049,0.031,20,question,8
2026-10-08 13:53:45.643,399.76,20261008_134705,วิว,question,8,607,manual,lie,84.5,,1,0.257,0.259,-0.003,1,38.45,0.049,0.031,20,question,8
2026-10-08 13:53:45.850,399.97,20261008_134705,วิว,question,8,607,manual,lie,84.5,,1,0.256,0.259,-0.003,1,38.46,0.049,0.031,19,question,8
2026-10-08 13:53:46.051,400.17,20261008_134705,วิว,question,8,607,manual,lie,84.5,,1,0.256,0.259,-0.003,1,38.46,0.049,0.031,19,question,8
2026-10-08 13:53:46.254,400.38,20261008_134705,วิว,question,8,607,manual,lie,84.5,,1,0.256,0.259,-0.003,1,38.46,0.049,0.031,19,question,9
2026-10-08 13:53:46.454,400.57,20261008_134705,วิว,question,8,607,manual,lie,84.5,,1,0.256,0.259,-0.003,1,38.46,0.049,0.031,19,question,9
2026-10-08 13:53:46.664,400.78,20261008_134705,วิว,question,8,607,manual,lie,84.5,,1,0.256,0.259,-0.003,1,38.38,0.049,0.031,19,question,9
2026-10-08 13:53:46.862,400.98,20261008_134705,วิว,question,8,607,manual,lie,84.5,,1,0.25,0.259,-0.009,1,38.38,0.049,0.031,19,question,8
2026-10-08 13:53:47.065,401.19,20261008_134705,วิว,question,8,607,manual,lie,84.5,,1,0.252,0.259,-0.007,1,38.39,0.049,0.031,19,question,8
2026-10-08 13:53:47.268,401.39,20261008_134705,วิว,question,8,607,manual,lie,84.5,,1,0.254,0.259,-0.005,1,38.4,0.049,0.031,19,question,8
2026-10-08 13:53:47.469,401.59,20261008_134705,วิว,question,8,607,manual,lie,84.5,,1,0.254,0.259,-0.004,1,38.41,0.049,0.031,19,question,8
2026-10-08 13:53:47.671,401.79,20261008_134705,วิว,question,8,607,manual,lie,84.5,,1,0.255,0.259,-0.004,1,38.42,0.049,0.031,19,question,8
2026-10-08 13:53:47.873,401.99,20261008_134705,วิว,question,8,607,manual,lie,84.5,,1,0.255,0.259,-0.004,1,38.42,0.049,0.031,19,question,8
2026-10-08 13:53:48.080,402.2,20261008_134705,วิว,question,8,607,manual,lie,84.5,,1,0.255,0.259,-0.003,1,38.43,0.049,0.031,19,question,8
2026-10-08 13:53:48.280,402.4,20261008_134705,วิว,question,8,607,manual,lie,84.5,,1,0.255,0.259,-0.003,1,38.44,0.049,0.031,19,question,8
2026-10-08 13:53:48.485,402.61,20261008_134705,วิว,question,8,607,manual,lie,84.5,,1,0.255,0.259,-0.003,1,38.44,0.049,0.031,19,question,8
2026-10-08 13:53:48.692,402.81,20261008_134705,วิว,question,8,607,manual,lie,84.5,,1,0.255,0.258,-0.003,1,38.45,0.049,0.031,19,question,8
2026-10-08 13:53:48.890,403.01,20261008_134705,วิว,question,8,607,manual,lie,84.5,,1,0.255,0.258,-0.003,1,38.46,0.049,0.031,19,question,8
2026-10-08 13:53:49.092,403.21,20261008_134705,วิว,question,8,607,manual,lie,84.5,,1,0.255,0.258,-0.003,1,38.46,0.049,0.031,19,question,9
2026-10-08 13:53:49.297,403.42,20261008_134705,วิว,question,8,607,manual,lie,84.5,,1,0.255,0.258,-0.003,1,38.46,0.049,0.031,19,question,9
2026-10-08 13:53:49.500,403.62,20261008_134705,วิว,question,8,607,manual,lie,84.5,,1,0.255,0.258,-0.003,1,38.47,0.049,0.031,19,question,9
2026-10-08 13:53:49.702,403.82,20261008_134705,วิว,question,8,607,manual,lie,84.5,,1,0.255,0.258,-0.003,1,38.47,0.049,0.031,19,question,9
2026-10-08 13:53:49.909,404.03,20261008_134705,วิว,question,8,607,manual,lie,84.5,,1,0.255,0.258,-0.003,1,38.48,0.049,0.031,19,question,9
2026-10-08 13:53:50.111,404.23,20261008_134705,วิว,question,8,607,manual,lie,84.5,,1,0.255,0.258,-0.003,1,38.49,0.049,0.031,19,question,8
2026-10-08 13:53:50.313,404.43,20261008_134705,วิว,question,8,607,manual,lie,84.5,,1,0.255,0.258,-0.003,1,38.49,0.049,0.031,19,question,8
2026-10-08 13:53:50.535,404.66,20261008_134705,วิว,question,8,607,manual,lie,84.5,,1,0.255,0.258,-0.003,1,38.49,0.049,0.031,19,question,9
2026-10-08 13:53:50.723,404.84,20261008_134705,วิว,question,8,607,manual,lie,84.5,,1,0.255,0.258,-0.003,1,38.49,0.049,0.031,19,question,9
2026-10-08 13:53:50.927,405.05,20261008_134705,วิว,question,8,607,manual,lie,84.5,,1,0.251,0.258,-0.007,1,38.41,0.049,0.031,19,question,8
2026-10-08 13:53:51.131,405.25,20261008_134705,วิว,question,8,607,manual,lie,84.5,,1,0.252,0.258,-0.006,1,38.42,0.049,0.031,19,question,8
2026-10-08 13:53:51.334,405.45,20261008_134705,วิว,question,8,607,manual,lie,84.5,,1,0.253,0.258,-0.005,1,38.43,0.049,0.031,19,question,8
2026-10-08 13:53:51.536,405.66,20261008_134705,วิว,question,8,607,manual,lie,84.5,,1,0.253,0.258,-0.004,1,38.43,0.049,0.031,19,question,8
2026-10-08 13:53:51.744,405.86,20261008_134705,วิว,question,8,607,manual,lie,84.5,,1,0.254,0.258,-0.004,1,38.44,0.049,0.031,19,question,8
2026-10-08 13:53:51.939,406.06,20261008_134705,วิว,question,8,607,manual,lie,84.5,,1,0.254,0.258,-0.004,1,38.44,0.049,0.031,19,question,8
2026-10-08 13:53:52.142,406.26,20261008_134705,วิว,question,8,607,manual,lie,84.5,,1,0.254,0.258,-0.004,1,38.45,0.049,0.031,19,question,8
2026-10-08 13:53:52.343,406.46,20261008_134705,วิว,question,8,607,manual,lie,84.5,,1,0.254,0.257,-0.004,1,38.45,0.049,0.031,19,question,8
2026-10-08 13:53:52.548,406.67,20261008_134705,วิว,question,8,607,manual,lie,84.5,,1,0.254,0.257,-0.004,1,38.46,0.049,0.031,19,question,8
2026-10-08 13:53:52.752,406.87,20261008_134705,วิว,question,8,607,manual,lie,84.5,,1,0.254,0.257,-0.004,1,38.46,0.049,0.031,19,question,8
2026-10-08 13:53:52.956,407.08,20261008_134705,วิว,question,8,607,manual,lie,84.5,,1,0.254,0.257,-0.003,1,38.47,0.049,0.031,19,question,8
2026-10-08 13:53:53.162,407.28,20261008_134705,วิว,question,8,607,manual,lie,84.5,,1,0.254,0.257,-0.003,1,38.47,0.049,0.031,19,question,9
2026-10-08 13:53:53.367,407.49,20261008_134705,วิว,question,8,607,manual,lie,84.5,,1,0.254,0.257,-0.003,1,38.48,0.049,0.031,19,question,9
2026-10-08 13:53:53.563,407.68,20261008_134705,วิว,question,8,607,manual,lie,84.5,,1,0.254,0.257,-0.003,1,38.48,0.049,0.031,19,question,9
2026-10-08 13:53:53.768,407.89,20261008_134705,วิว,question,8,607,manual,lie,84.5,,1,0.254,0.257,-0.004,1,38.48,0.049,0.031,19,question,9
2026-10-08 13:53:53.972,408.09,20261008_134705,วิว,question,8,607,manual,lie,84.5,,1,0.253,0.257,-0.004,1,38.49,0.049,0.031,19,question,9
2026-10-08 13:53:54.172,408.29,20261008_134705,วิว,question,8,607,manual,lie,84.5,,1,0.253,0.257,-0.004,1,38.49,0.049,0.031,19,question,9
2026-10-08 13:53:54.379,408.5,20261008_134705,วิว,question,8,607,manual,lie,84.5,,1,0.253,0.257,-0.004,1,38.49,0.049,0.031,19,question,9
2026-10-08 13:53:54.578,408.7,20261008_134705,วิว,question,8,607,manual,lie,84.5,,1,0.253,0.257,-0.004,1,38.49,0.049,0.031,19,question,9
2026-10-08 13:53:54.781,408.9,20261008_134705,วิว,question,8,607,manual,lie,84.5,,1,0.253,0.257,-0.004,1,38.49,0.049,0.031,19,question,9
2026-10-08 13:53:54.984,409.11,20261008_134705,วิว,question,8,607,manual,lie,84.5,,1,0.253,0.257,-0.004,1,38.49,0.049,0.031,19,question,9
2026-10-08 13:53:55.189,409.31,20261008_134705,วิว,question,8,607,manual,lie,84.5,,1,0.254,0.257,-0.002,1,38.36,0.049,0.031,19,question,9
2026-10-08 13:53:55.390,409.51,20261008_134705,วิว,question,8,607,manual,lie,84.5,,1,0.254,0.257,-0.003,1,38.37,0.049,0.031,19,question,8
2026-10-08 13:53:55.592,409.71,20261008_134705,วิว,question,8,607,manual,lie,84.5,,1,0.254,0.257,-0.003,1,38.38,0.049,0.031,19,question,8
2026-10-08 13:53:55.795,409.92,20261008_134705,วิว,recovery,8,607,manual,lie,84.5,,1,0.254,0.257,-0.003,1,38.4,0.049,0.031,19,ready,8
2026-10-08 13:53:55.996,410.12,20261008_134705,วิว,recovery,8,607,manual,lie,84.5,,1,0.253,0.257,-0.004,1,38.41,0.049,0.031,19,ready,8
2026-10-08 13:53:56.198,410.32,20261008_134705,วิว,recovery,8,607,manual,lie,84.5,,1,0.253,0.257,-0.003,1,38.39,0.049,0.031,19,ready,8
2026-10-08 13:53:56.403,410.52,20261008_134705,วิว,recovery,8,607,manual,lie,84.5,,1,0.253,0.257,-0.004,1,38.4,0.049,0.031,19,ready,8
2026-10-08 13:53:56.606,410.73,20261008_134705,วิว,recovery,8,607,manual,lie,84.5,,1,0.253,0.257,-0.004,1,38.41,0.049,0.031,19,ready,8
2026-10-08 13:53:56.808,410.93,20261008_134705,วิว,rest,,,,,84.5,,1,0.252,0.256,-0.004,1,38.42,0.049,0.031,19,ready,8
2026-10-08 13:53:57.013,411.13,20261008_134705,วิว,rest,,,,,84.5,,1,0.253,0.256,-0.004,1,38.42,0.049,0.031,19,ready,8
2026-10-08 13:53:57.217,411.34,20261008_134705,วิว,rest,,,,,84.5,,1,0.252,0.256,-0.004,1,38.43,0.049,0.031,19,ready,8
2026-10-08 13:53:57.423,411.54,20261008_134705,วิว,rest,,,,,84.5,,1,0.252,0.256,-0.004,1,38.44,0.049,0.031,19,ready,8
2026-10-08 13:53:57.620,411.74,20261008_134705,วิว,rest,,,,,84.5,,1,0.252,0.256,-0.004,1,38.44,0.049,0.031,19,ready,8
2026-10-08 13:53:57.827,411.95,20261008_134705,วิว,rest,,,,,84.5,,1,0.253,0.256,-0.004,1,38.45,0.049,0.031,19,ready,8
2026-10-08 13:53:58.029,412.15,20261008_134705,วิว,rest,,,,,84.5,,1,0.253,0.256,-0.003,1,38.45,0.049,0.031,19,ready,8
2026-10-08 13:53:58.243,412.36,20261008_134705,วิว,rest,,,,,84.5,,1,0.253,0.256,-0.003,1,38.47,0.049,0.031,19,ready,8
2026-10-08 13:53:58.440,412.56,20261008_134705,วิว,rest,,,,,84.5,,1,0.253,0.256,-0.003,1,38.47,0.049,0.031,19,ready,9
2026-10-08 13:53:58.641,412.76,20261008_134705,วิว,rest,,,,,84.5,,1,0.252,0.256,-0.004,1,38.47,0.049,0.031,19,ready,9
2026-10-08 13:53:58.848,412.97,20261008_134705,วิว,rest,,,,,84.5,,1,0.252,0.256,-0.004,1,38.47,0.049,0.031,19,ready,8
2026-10-08 13:53:59.050,413.17,20261008_134705,วิว,rest,,,,,84.5,,1,0.253,0.256,-0.003,1,38.48,0.049,0.031,19,ready,9
2026-10-08 13:53:59.257,413.38,20261008_134705,วิว,rest,,,,,84.5,,1,0.254,0.256,-0.002,1,38.48,0.049,0.031,19,ready,9
2026-10-08 13:53:59.458,413.58,20261008_134705,วิว,rest,,,,,84.5,,1,0.255,0.256,-0.001,1,38.48,0.049,0.031,19,ready,9
2026-10-08 13:53:59.661,413.78,20261008_134705,วิว,rest,,,,,84.5,,1,0.256,0.256,0.0,1,38.49,0.049,0.031,19,ready,9
2026-10-08 13:53:59.866,413.99,20261008_134705,วิว,rest,,,,,84.5,,1,0.258,0.256,0.002,1,38.48,0.049,0.031,19,ready,9
2026-10-08 13:54:00.071,414.19,20261008_134705,วิว,rest,,,,,84.5,,1,0.259,0.256,0.003,1,38.48,0.049,0.031,19,ready,9
2026-10-08 13:54:00.272,414.39,20261008_134705,วิว,rest,,,,,84.5,,1,0.259,0.256,0.003,1,38.48,0.049,0.031,19,ready,8
2026-10-08 13:54:00.480,414.6,20261008_134705,วิว,rest,,,,,84.5,,1,0.259,0.256,0.003,1,38.48,0.049,0.031,19,ready,8
2026-10-08 13:54:00.679,414.8,20261008_134705,วิว,rest,,,,,84.5,,1,0.251,0.256,-0.005,1,38.42,0.049,0.031,19,ready,8
2026-10-08 13:54:00.882,415.0,20261008_134705,วิว,rest,,,,,84.5,,1,0.253,0.256,-0.003,1,38.43,0.049,0.031,19,ready,8
2026-10-08 13:54:01.086,415.21,20261008_134705,วิว,rest,,,,,84.5,,1,0.255,0.256,-0.001,1,38.44,0.049,0.031,19,ready,8
2026-10-08 13:54:01.288,415.41,20261008_134705,วิว,rest,,,,,84.5,,1,0.256,0.256,0.0,1,38.44,0.049,0.031,19,ready,8
2026-10-08 13:54:01.505,415.63,20261008_134705,วิว,rest,,,,,84.5,,1,0.256,0.256,0.0,1,38.45,0.049,0.031,19,ready,8
2026-10-08 13:54:01.698,415.82,20261008_134705,วิว,rest,,,,,84.5,,1,0.256,0.256,0.0,1,38.44,0.049,0.031,19,ready,8
2026-10-08 13:54:01.899,416.02,20261008_134705,วิว,rest,,,,,84.5,,1,0.256,0.256,0.0,1,38.44,0.049,0.031,19,ready,8
2026-10-08 13:54:02.102,416.22,20261008_134705,วิว,rest,,,,,84.5,,1,0.257,0.256,0.001,1,38.45,0.049,0.031,19,ready,8
2026-10-08 13:54:02.307,416.43,20261008_134705,วิว,rest,,,,,84.5,,1,0.257,0.256,0.001,1,38.45,0.049,0.031,19,ready,8
2026-10-08 13:54:02.508,416.63,20261008_134705,วิว,rest,,,,,84.5,,1,0.257,0.256,0.001,1,38.46,0.049,0.031,19,ready,8
2026-10-08 13:54:02.710,416.83,20261008_134705,วิว,rest,,,,,84.5,,1,0.257,0.256,0.001,1,38.47,0.049,0.031,19,ready,8
2026-10-08 13:54:02.917,417.04,20261008_134705,วิว,rest,,,,,84.5,,1,0.257,0.256,0.001,1,38.47,0.049,0.031,19,ready,8
2026-10-08 13:54:03.120,417.24,20261008_134705,วิว,rest,,,,,84.5,,1,0.256,0.256,0.0,1,38.47,0.049,0.031,19,ready,8
2026-10-08 13:54:03.325,417.45,20261008_134705,วิว,rest,,,,,84.5,,1,0.256,0.256,-0.0,1,38.47,0.049,0.031,19,ready,9
2026-10-08 13:54:03.529,417.65,20261008_134705,วิว,rest,,,,,84.5,,1,0.256,0.256,-0.0,1,38.47,0.049,0.031,19,ready,8
2026-10-08 13:54:05.725,419.85,20261008_134705,วิว,rest,,,,,84.5,,1,0.252,0.256,-0.004,1,38.42,0.049,0.031,19,ready,9
2026-10-08 13:54:05.928,420.05,20261008_134705,วิว,rest,,,,,84.5,,1,0.252,0.256,-0.004,1,38.43,0.049,0.031,19,ready,9
2026-10-08 13:54:06.132,420.25,20261008_134705,วิว,rest,,,,,84.5,,1,0.253,0.256,-0.003,1,38.45,0.049,0.031,19,ready,9
2026-10-08 13:54:06.345,420.47,20261008_134705,วิว,rest,,,,,84.5,,1,0.25,0.256,-0.006,1,38.37,0.049,0.031,19,ready,9
2026-10-08 13:54:06.542,420.66,20261008_134705,วิว,rest,,,,,84.5,,1,0.247,0.256,-0.009,1,38.38,0.049,0.031,19,ready,9
2026-10-08 13:54:06.740,420.86,20261008_134705,วิว,rest,,,,,84.5,,1,0.25,0.255,-0.006,1,38.39,0.049,0.031,19,ready,9
2026-10-08 13:54:06.946,421.07,20261008_134705,วิว,rest,,,,,84.5,,1,0.251,0.255,-0.004,1,38.4,0.049,0.031,19,ready,9
2026-10-08 13:54:07.150,421.27,20261008_134705,วิว,rest,,,,,84.5,,1,0.252,0.255,-0.003,1,38.41,0.049,0.031,19,ready,9
2026-10-08 13:54:07.356,421.48,20261008_134705,วิว,rest,,,,,84.5,,1,0.253,0.255,-0.003,1,38.42,0.049,0.031,19,ready,9
2026-10-08 13:54:07.556,421.68,20261008_134705,วิว,rest,,,,,84.5,,1,0.253,0.255,-0.002,1,38.43,0.049,0.031,19,ready,9
2026-10-08 13:54:07.758,421.88,20261008_134705,วิว,rest,,,,,84.5,,1,0.253,0.255,-0.002,1,38.44,0.049,0.031,19,ready,9
2026-10-08 13:54:07.962,422.08,20261008_134705,วิว,rest,,,,,84.5,,1,0.253,0.255,-0.002,1,38.45,0.049,0.031,19,ready,9
2026-10-08 13:54:08.169,422.29,20261008_134705,วิว,rest,,,,,84.5,,1,0.254,0.255,-0.002,1,38.46,0.049,0.031,19,ready,9
2026-10-08 13:54:08.381,422.5,20261008_134705,วิว,question,9,608,manual,lie,84.5,,1,0.253,0.255,-0.002,1,38.47,0.049,0.031,19,question,9
2026-10-08 13:54:08.586,422.71,20261008_134705,วิว,question,9,608,manual,lie,84.5,,1,0.253,0.255,-0.002,1,38.47,0.049,0.031,19,question,9
2026-10-08 13:54:08.788,422.91,20261008_134705,วิว,question,9,608,manual,lie,84.5,,1,0.253,0.255,-0.002,1,38.47,0.049,0.031,19,question,9
2026-10-08 13:54:08.990,423.11,20261008_134705,วิว,question,9,608,manual,lie,84.5,,1,0.253,0.255,-0.002,1,38.48,0.049,0.031,19,question,9
2026-10-08 13:54:09.201,423.32,20261008_134705,วิว,question,9,608,manual,lie,84.5,,1,0.253,0.255,-0.002,1,38.48,0.049,0.031,19,question,9
2026-10-08 13:54:09.400,423.52,20261008_134705,วิว,question,9,608,manual,lie,84.5,,1,0.253,0.255,-0.002,1,38.48,0.049,0.031,19,question,9
2026-10-08 13:54:09.605,423.73,20261008_134705,วิว,question,9,608,manual,lie,84.5,,1,0.253,0.255,-0.002,1,38.49,0.049,0.031,19,question,9
2026-10-08 13:54:09.808,423.93,20261008_134705,วิว,question,9,608,manual,lie,84.5,,1,0.253,0.255,-0.002,1,38.49,0.049,0.031,19,question,9
2026-10-08 13:54:10.009,424.13,20261008_134705,วิว,question,9,608,manual,lie,84.5,,1,0.253,0.255,-0.002,1,38.49,0.049,0.031,19,question,9
2026-10-08 13:54:10.218,424.34,20261008_134705,วิว,question,9,608,manual,lie,84.5,,1,0.252,0.255,-0.003,1,38.5,0.049,0.031,19,question,9
2026-10-08 13:54:10.418,424.54,20261008_134705,วิว,question,9,608,manual,lie,84.5,,1,0.252,0.255,-0.003,1,38.47,0.049,0.031,19,question,9
2026-10-08 13:54:10.624,424.75,20261008_134705,วิว,question,9,608,manual,lie,84.5,,1,0.246,0.255,-0.008,1,38.41,0.049,0.031,19,question,8
2026-10-08 13:54:10.828,424.95,20261008_134705,วิว,question,9,608,manual,lie,84.5,,1,0.249,0.255,-0.006,1,38.42,0.049,0.031,19,question,8
2026-10-08 13:54:11.028,425.15,20261008_134705,วิว,question,9,608,manual,lie,84.5,,1,0.25,0.255,-0.005,1,38.42,0.049,0.031,19,question,8
2026-10-08 13:54:11.233,425.35,20261008_134705,วิว,question,9,608,manual,lie,84.5,,1,0.25,0.255,-0.004,1,38.43,0.049,0.031,19,question,8
2026-10-08 13:54:11.437,425.56,20261008_134705,วิว,question,9,608,manual,lie,84.5,,1,0.251,0.254,-0.004,1,38.44,0.049,0.031,19,question,8
2026-10-08 13:54:11.638,425.76,20261008_134705,วิว,question,9,608,manual,lie,84.5,,1,0.251,0.254,-0.003,1,38.45,0.049,0.031,19,question,8
2026-10-08 13:54:11.841,425.96,20261008_134705,วิว,question,9,608,manual,lie,84.5,,1,0.252,0.254,-0.003,1,38.45,0.049,0.031,19,question,8
2026-10-08 13:54:12.047,426.17,20261008_134705,วิว,question,9,608,manual,lie,84.5,,1,0.251,0.254,-0.003,1,38.46,0.049,0.031,19,question,8
2026-10-08 13:54:12.248,426.37,20261008_134705,วิว,question,9,608,manual,lie,84.5,,1,0.251,0.254,-0.003,1,38.46,0.049,0.031,19,question,8
2026-10-08 13:54:12.453,426.57,20261008_134705,วิว,question,9,608,manual,lie,84.5,,1,0.251,0.254,-0.003,1,38.47,0.049,0.031,19,question,8
2026-10-08 13:54:12.657,426.78,20261008_134705,วิว,question,9,608,manual,lie,84.5,,1,0.251,0.254,-0.003,1,38.47,0.049,0.031,19,question,8
2026-10-08 13:54:12.861,426.98,20261008_134705,วิว,question,9,608,manual,lie,84.5,,1,0.251,0.254,-0.003,1,38.47,0.049,0.031,19,question,8
2026-10-08 13:54:13.061,427.18,20261008_134705,วิว,question,9,608,manual,lie,84.5,,1,0.251,0.254,-0.003,1,38.48,0.049,0.031,19,question,8
2026-10-08 13:54:13.266,427.39,20261008_134705,วิว,question,9,608,manual,lie,84.5,,1,0.252,0.254,-0.003,1,38.48,0.049,0.031,19,question,8
2026-10-08 13:54:13.469,427.59,20261008_134705,วิว,question,9,608,manual,lie,84.5,,1,0.252,0.254,-0.003,1,38.49,0.049,0.031,19,question,8
2026-10-08 13:54:13.671,427.79,20261008_134705,วิว,question,9,608,manual,lie,84.5,,1,0.251,0.254,-0.003,1,38.49,0.049,0.031,19,question,8
2026-10-08 13:54:13.876,428.0,20261008_134705,วิว,question,9,608,manual,lie,84.5,,1,0.251,0.254,-0.003,1,38.49,0.049,0.031,19,question,9
2026-10-08 13:54:14.078,428.2,20261008_134705,วิว,question,9,608,manual,lie,84.5,,1,0.251,0.254,-0.003,1,38.5,0.049,0.031,19,question,9
2026-10-08 13:54:14.280,428.4,20261008_134705,วิว,question,9,608,manual,lie,84.5,,1,0.251,0.254,-0.002,1,38.5,0.049,0.031,19,question,9
2026-10-08 13:54:14.488,428.61,20261008_134705,วิว,question,9,608,manual,lie,84.5,,1,0.252,0.254,-0.002,1,38.5,0.049,0.031,19,question,9
2026-10-08 13:54:14.690,428.81,20261008_134705,วิว,question,9,608,manual,lie,84.5,,1,0.251,0.254,-0.003,1,38.51,0.049,0.031,19,question,9
2026-10-08 13:54:14.890,429.01,20261008_134705,วิว,question,9,608,manual,lie,84.5,,1,0.243,0.254,-0.011,1,38.41,0.049,0.031,19,question,8
2026-10-08 13:54:15.096,429.22,20261008_134705,วิว,question,9,608,manual,lie,84.5,,1,0.246,0.254,-0.007,1,38.42,0.049,0.031,19,question,8
2026-10-08 13:54:15.301,429.42,20261008_134705,วิว,question,9,608,manual,lie,84.5,,1,0.248,0.254,-0.005,1,38.43,0.049,0.031,19,question,8
2026-10-08 13:54:15.503,429.62,20261008_134705,วิว,question,9,608,manual,lie,84.5,,1,0.249,0.254,-0.004,1,38.44,0.049,0.031,19,question,8
2026-10-08 13:54:15.708,429.83,20261008_134705,วิว,question,9,608,manual,lie,84.5,,1,0.25,0.253,-0.003,1,38.45,0.049,0.031,19,question,8
2026-10-08 13:54:15.909,430.03,20261008_134705,วิว,question,9,608,manual,lie,84.5,,1,0.25,0.253,-0.003,1,38.46,0.049,0.031,19,question,8
2026-10-08 13:54:16.111,430.23,20261008_134705,วิว,question,9,608,manual,lie,84.5,,1,0.251,0.253,-0.002,1,38.47,0.049,0.031,19,question,8
2026-10-08 13:54:16.321,430.44,20261008_134705,วิว,question,9,608,manual,lie,84.5,,1,0.251,0.253,-0.002,1,38.47,0.049,0.031,19,question,8
2026-10-08 13:54:16.526,430.65,20261008_134705,วิว,question,9,608,manual,lie,84.5,,1,0.251,0.253,-0.002,1,38.48,0.049,0.031,19,question,8
2026-10-08 13:54:16.720,430.84,20261008_134705,วิว,question,9,608,manual,lie,84.5,,1,0.251,0.253,-0.003,1,38.48,0.049,0.031,19,question,9
2026-10-08 13:54:16.926,431.05,20261008_134705,วิว,question,9,608,manual,lie,84.5,,1,0.251,0.253,-0.002,1,38.49,0.049,0.031,19,question,9
2026-10-08 13:54:17.128,431.25,20261008_134705,วิว,question,9,608,manual,lie,84.5,,1,0.251,0.253,-0.002,1,38.49,0.049,0.031,19,question,9
2026-10-08 13:54:17.330,431.45,20261008_134705,วิว,question,9,608,manual,lie,84.5,,1,0.251,0.253,-0.002,1,38.49,0.049,0.031,19,question,9
2026-10-08 13:54:17.540,431.66,20261008_134705,วิว,question,9,608,manual,lie,84.5,,1,0.25,0.253,-0.003,1,38.49,0.049,0.031,19,question,9
2026-10-08 13:54:17.738,431.86,20261008_134705,วิว,question,9,608,manual,lie,84.5,,1,0.25,0.253,-0.003,1,38.5,0.049,0.031,19,question,9
2026-10-08 13:54:17.940,432.06,20261008_134705,วิว,question,9,608,manual,lie,84.5,,1,0.25,0.253,-0.003,1,38.5,0.049,0.031,19,question,9
2026-10-08 13:54:18.150,432.27,20261008_134705,วิว,question,9,608,manual,lie,84.5,,1,0.25,0.253,-0.003,1,38.5,0.049,0.031,19,question,8
2026-10-08 13:54:18.352,432.47,20261008_134705,วิว,question,9,608,manual,lie,84.5,,1,0.242,0.253,-0.011,1,38.47,0.049,0.031,19,question,8
2026-10-08 13:54:18.553,432.67,20261008_134705,วิว,question,9,608,manual,lie,84.5,,1,0.245,0.253,-0.008,1,38.47,0.049,0.031,19,question,8
2026-10-08 13:54:18.760,432.88,20261008_134705,วิว,question,9,608,manual,lie,84.5,,1,0.247,0.253,-0.005,1,38.47,0.049,0.031,19,question,8
2026-10-08 13:54:18.958,433.08,20261008_134705,วิว,question,9,608,manual,lie,84.5,,1,0.248,0.253,-0.005,1,38.49,0.049,0.031,19,question,8
2026-10-08 13:54:19.160,433.28,20261008_134705,วิว,question,9,608,manual,lie,84.5,,1,0.243,0.253,-0.01,1,38.41,0.049,0.031,19,question,8
2026-10-08 13:54:19.368,433.49,20261008_134705,วิว,question,9,608,manual,lie,84.5,,1,0.246,0.252,-0.006,1,38.44,0.049,0.031,19,question,8
2026-10-08 13:54:19.571,433.69,20261008_134705,วิว,question,9,608,manual,lie,84.5,,1,0.248,0.252,-0.005,1,38.44,0.049,0.031,19,question,8
2026-10-08 13:54:19.771,433.89,20261008_134705,วิว,question,9,608,manual,lie,84.5,,1,0.249,0.252,-0.004,1,38.45,0.049,0.031,19,question,8
2026-10-08 13:54:19.976,434.1,20261008_134705,วิว,question,9,608,manual,lie,84.5,,1,0.249,0.252,-0.003,1,38.46,0.049,0.031,19,question,8
2026-10-08 13:54:20.180,434.3,20261008_134705,วิว,recovery,9,608,manual,lie,84.5,,1,0.25,0.252,-0.003,1,38.46,0.049,0.031,19,ready,8
2026-10-08 13:54:20.385,434.51,20261008_134705,วิว,recovery,9,608,manual,lie,84.5,,1,0.25,0.252,-0.003,1,38.46,0.049,0.031,19,ready,8
2026-10-08 13:54:20.590,434.71,20261008_134705,วิว,recovery,9,608,manual,lie,84.5,,1,0.241,0.252,-0.011,1,38.41,0.049,0.031,19,ready,8
2026-10-08 13:54:20.794,434.91,20261008_134705,วิว,recovery,9,608,manual,lie,84.5,,1,0.244,0.252,-0.008,1,38.43,0.049,0.031,19,ready,8
2026-10-08 13:54:20.999,435.12,20261008_134705,วิว,recovery,9,608,manual,lie,84.5,,1,0.247,0.252,-0.005,1,38.43,0.049,0.031,19,ready,8
2026-10-08 13:54:21.201,435.32,20261008_134705,วิว,recovery,9,608,manual,lie,84.5,,1,0.248,0.252,-0.004,1,38.46,0.049,0.031,19,ready,8
2026-10-08 13:54:21.405,435.53,20261008_134705,วิว,recovery,9,608,manual,lie,84.5,,1,0.248,0.252,-0.004,1,38.46,0.049,0.031,19,ready,8
2026-10-08 13:54:21.612,435.73,20261008_134705,วิว,recovery,9,608,manual,lie,84.5,,1,0.247,0.252,-0.004,1,38.47,0.049,0.031,19,ready,8
2026-10-08 13:54:21.812,435.93,20261008_134705,วิว,recovery,9,608,manual,lie,84.5,,1,0.248,0.252,-0.004,1,38.48,0.049,0.031,19,ready,8
2026-10-08 13:54:22.013,436.13,20261008_134705,วิว,recovery,9,608,manual,lie,84.5,,1,0.248,0.252,-0.003,1,38.48,0.049,0.031,19,ready,8
2026-10-08 13:54:22.219,436.34,20261008_134705,วิว,recovery,9,608,manual,lie,84.5,,1,0.248,0.252,-0.003,1,38.49,0.049,0.031,19,ready,8
2026-10-08 13:54:22.421,436.54,20261008_134705,วิว,rest,,,,,84.5,,1,0.249,0.251,-0.003,1,38.5,0.049,0.031,19,ready,8
2026-10-08 13:54:22.623,436.74,20261008_134705,วิว,rest,,,,,84.5,,1,0.249,0.251,-0.002,1,38.5,0.049,0.031,19,ready,8
2026-10-08 13:54:22.829,436.95,20261008_134705,วิว,rest,,,,,84.5,,1,0.249,0.251,-0.003,1,38.51,0.049,0.031,19,ready,8
2026-10-08 13:54:23.031,437.15,20261008_134705,วิว,rest,,,,,84.5,,1,0.248,0.251,-0.003,1,38.51,0.049,0.031,19,ready,8
2026-10-08 13:54:23.233,437.35,20261008_134705,วิว,rest,,,,,84.5,,1,0.248,0.251,-0.004,1,38.51,0.049,0.031,19,ready,8
2026-10-08 13:54:23.440,437.56,20261008_134705,วิว,rest,,,,,84.5,,1,0.248,0.251,-0.003,1,38.52,0.049,0.031,19,ready,8
2026-10-08 13:54:23.641,437.76,20261008_134705,วิว,rest,,,,,84.5,,1,0.248,0.251,-0.003,1,38.53,0.049,0.031,19,ready,8
2026-10-08 13:54:23.843,437.96,20261008_134705,วิว,rest,,,,,84.5,,1,0.247,0.251,-0.004,1,38.53,0.049,0.031,19,ready,8
2026-10-08 13:54:24.049,438.17,20261008_134705,วิว,rest,,,,,84.5,,1,0.247,0.251,-0.004,1,38.53,0.049,0.031,19,ready,8
2026-10-08 13:54:24.254,438.37,20261008_134705,วิว,rest,,,,,84.5,,1,0.247,0.251,-0.004,1,38.53,0.049,0.031,19,ready,8
2026-10-08 13:54:24.453,438.57,20261008_134705,วิว,rest,,,,,84.5,,1,0.247,0.251,-0.004,1,38.53,0.049,0.031,19,ready,8
2026-10-08 13:54:24.662,438.78,20261008_134705,วิว,rest,,,,,84.5,,1,0.245,0.251,-0.006,1,38.42,0.049,0.031,19,ready,8
2026-10-08 13:54:24.861,438.98,20261008_134705,วิว,rest,,,,,84.5,,1,0.242,0.251,-0.009,1,38.43,0.049,0.031,19,ready,8
2026-10-08 13:54:25.063,439.18,20261008_134705,วิว,rest,,,,,84.5,,1,0.243,0.251,-0.007,1,38.44,0.049,0.031,19,ready,8
2026-10-08 13:54:25.270,439.39,20261008_134705,วิว,rest,,,,,84.5,,1,0.245,0.251,-0.005,1,38.46,0.049,0.031,19,ready,8
2026-10-08 13:54:25.471,439.59,20261008_134705,วิว,rest,,,,,84.5,,1,0.247,0.251,-0.004,1,38.47,0.049,0.031,19,ready,8
2026-10-08 13:54:25.674,439.8,20261008_134705,วิว,rest,,,,,84.5,,1,0.246,0.251,-0.004,1,38.47,0.049,0.031,19,ready,8
2026-10-08 13:54:25.881,440.0,20261008_134705,วิว,rest,,,,,84.5,,1,0.245,0.25,-0.006,1,38.48,0.049,0.031,19,ready,8
2026-10-08 13:54:26.082,440.2,20261008_134705,วิว,rest,,,,,84.5,,1,0.246,0.25,-0.005,1,38.49,0.049,0.031,19,ready,8
2026-10-08 13:54:26.285,440.41,20261008_134705,วิว,rest,,,,,84.5,,1,0.246,0.25,-0.004,1,38.5,0.049,0.031,19,ready,8
2026-10-08 13:54:26.490,440.61,20261008_134705,วิว,rest,,,,,84.5,,1,0.246,0.25,-0.004,1,38.51,0.049,0.031,19,ready,8
2026-10-08 13:54:26.691,440.81,20261008_134705,วิว,rest,,,,,84.5,,1,0.245,0.25,-0.005,1,38.51,0.049,0.031,19,ready,8
2026-10-08 13:54:26.893,441.01,20261008_134705,วิว,rest,,,,,84.5,,1,0.246,0.25,-0.005,1,38.51,0.049,0.031,19,ready,8
2026-10-08 13:54:27.099,441.22,20261008_134705,วิว,rest,,,,,84.5,,1,0.246,0.25,-0.005,1,38.52,0.049,0.031,19,ready,8
2026-10-08 13:54:27.302,441.42,20261008_134705,วิว,rest,,,,,84.5,,1,0.246,0.25,-0.004,1,38.52,0.049,0.031,19,ready,8
2026-10-08 13:54:27.503,441.62,20261008_134705,วิว,rest,,,,,84.5,,1,0.245,0.25,-0.005,1,38.52,0.049,0.031,19,ready,8
2026-10-08 13:54:27.709,441.83,20261008_134705,วิว,rest,,,,,84.5,,1,0.245,0.25,-0.005,1,38.53,0.049,0.031,19,ready,8
2026-10-08 13:54:27.911,442.03,20261008_134705,วิว,rest,,,,,84.5,,1,0.245,0.25,-0.004,1,38.53,0.049,0.031,19,ready,8
2026-10-08 13:54:28.114,442.24,20261008_134705,วิว,rest,,,,,84.5,,1,0.245,0.25,-0.005,1,38.53,0.049,0.031,19,ready,8
2026-10-08 13:54:28.320,442.44,20261008_134705,วิว,rest,,,,,84.5,,1,0.243,0.25,-0.007,1,38.53,0.049,0.031,19,ready,8
2026-10-08 13:54:28.522,442.64,20261008_134705,วิว,rest,,,,,84.5,,1,0.244,0.25,-0.006,1,38.53,0.049,0.031,19,ready,8
2026-10-08 13:54:28.724,442.84,20261008_134705,วิว,rest,,,,,84.5,,1,0.245,0.25,-0.005,1,38.53,0.049,0.031,19,ready,8
2026-10-08 13:54:28.929,443.05,20261008_134705,วิว,rest,,,,,84.5,,1,0.245,0.249,-0.005,1,38.55,0.049,0.031,19,ready,9
2026-10-08 13:54:29.133,443.25,20261008_134705,วิว,rest,,,,,84.5,,1,0.239,0.249,-0.01,1,38.45,0.049,0.031,19,ready,8
2026-10-08 13:54:29.333,443.45,20261008_134705,วิว,rest,,,,,84.5,,1,0.242,0.249,-0.007,1,38.46,0.049,0.031,19,ready,8
2026-10-08 13:54:29.542,443.66,20261008_134705,วิว,rest,,,,,84.5,,1,0.242,0.249,-0.007,1,38.47,0.049,0.031,19,ready,8
2026-10-08 13:54:29.741,443.86,20261008_134705,วิว,rest,,,,,84.5,,1,0.243,0.249,-0.006,1,38.47,0.049,0.031,19,ready,8
2026-10-08 13:54:29.943,444.06,20261008_134705,วิว,rest,,,,,84.5,,1,0.244,0.249,-0.005,1,38.48,0.049,0.031,19,ready,8
2026-10-08 13:54:30.149,444.27,20261008_134705,วิว,rest,,,,,84.5,,1,0.243,0.249,-0.006,1,38.49,0.049,0.031,19,ready,8
2026-10-08 13:54:30.351,444.47,20261008_134705,วิว,rest,,,,,84.5,,1,0.244,0.249,-0.005,1,38.49,0.049,0.031,19,ready,8
2026-10-08 13:54:30.555,444.68,20261008_134705,วิว,rest,,,,,84.5,,1,0.245,0.249,-0.004,1,38.5,0.049,0.031,19,ready,8
2026-10-08 13:54:30.759,444.88,20261008_134705,วิว,rest,,,,,84.5,,1,0.245,0.249,-0.004,1,38.51,0.049,0.031,19,ready,8
2026-10-08 13:54:30.968,445.09,20261008_134705,วิว,rest,,,,,84.5,,1,0.245,0.249,-0.003,1,38.51,0.049,0.031,19,ready,8
2026-10-08 13:54:31.166,445.29,20261008_134705,วิว,rest,,,,,84.5,,1,0.244,0.249,-0.005,1,38.52,0.049,0.031,19,ready,8
2026-10-08 13:54:31.381,445.5,20261008_134705,วิว,rest,,,,,84.5,,1,0.245,0.249,-0.004,1,38.52,0.049,0.031,19,ready,8
2026-10-08 13:54:31.611,445.73,20261008_134705,วิว,rest,,,,,84.5,,1,0.243,0.249,-0.005,1,38.53,0.049,0.031,19,ready,8
2026-10-08 13:54:31.774,445.89,20261008_134705,วิว,rest,,,,,84.5,,1,0.244,0.248,-0.004,1,38.53,0.049,0.031,19,ready,8
2026-10-08 13:54:31.979,446.1,20261008_134705,วิว,rest,,,,,84.5,,1,0.245,0.248,-0.003,1,38.53,0.049,0.031,19,ready,8
2026-10-08 13:54:32.184,446.3,20261008_134705,วิว,rest,,,,,84.5,,1,0.244,0.248,-0.005,1,38.53,0.049,0.031,19,ready,8
2026-10-08 13:54:32.384,446.51,20261008_134705,วิว,rest,,,,,84.5,,1,0.244,0.248,-0.004,1,38.54,0.049,0.031,19,ready,8
2026-10-08 13:54:32.589,446.71,20261008_134705,วิว,rest,,,,,84.5,,1,0.243,0.248,-0.006,1,38.53,0.049,0.031,19,ready,8
2026-10-08 13:54:32.791,446.91,20261008_134705,วิว,rest,,,,,84.5,,1,0.242,0.248,-0.006,1,38.54,0.049,0.031,19,ready,8
2026-10-08 13:54:32.994,447.11,20261008_134705,วิว,rest,,,,,84.5,,1,0.243,0.248,-0.005,1,38.55,0.049,0.031,19,ready,8
2026-10-08 13:54:33.201,447.32,20261008_134705,วิว,rest,,,,,84.5,,1,0.237,0.248,-0.011,1,38.47,0.049,0.031,19,ready,8
2026-10-08 13:54:33.402,447.52,20261008_134705,วิว,rest,,,,,84.5,,1,0.239,0.248,-0.009,1,38.48,0.049,0.031,19,ready,8
2026-10-08 13:54:33.609,447.73,20261008_134705,วิว,rest,,,,,84.5,,1,0.24,0.248,-0.007,1,38.49,0.049,0.031,19,ready,8
2026-10-08 13:54:33.812,447.93,20261008_134705,วิว,rest,,,,,84.5,,1,0.241,0.248,-0.007,1,38.5,0.049,0.031,19,ready,8
2026-10-08 13:54:34.016,448.14,20261008_134705,วิว,rest,,,,,84.5,,1,0.241,0.248,-0.007,1,38.5,0.049,0.031,19,ready,8
2026-10-08 13:54:34.221,448.34,20261008_134705,วิว,rest,,,,,84.5,,1,0.24,0.247,-0.007,1,38.5,0.049,0.031,19,ready,8
2026-10-08 13:54:34.421,448.54,20261008_134705,วิว,rest,,,,,84.5,,1,0.241,0.247,-0.006,1,38.51,0.049,0.031,19,ready,8
2026-10-08 13:54:34.624,448.74,20261008_134705,วิว,rest,,,,,84.5,,1,0.242,0.247,-0.005,1,38.51,0.049,0.031,19,ready,8
2026-10-08 13:54:34.830,448.95,20261008_134705,วิว,rest,,,,,84.5,,1,0.244,0.247,-0.004,1,38.52,0.049,0.031,19,ready,8
2026-10-08 13:54:35.031,449.15,20261008_134705,วิว,rest,,,,,84.5,,1,0.243,0.247,-0.004,1,38.53,0.049,0.031,19,ready,8
2026-10-08 13:54:35.233,449.35,20261008_134705,วิว,rest,,,,,84.5,,1,0.243,0.247,-0.005,1,38.53,0.049,0.031,19,ready,8
2026-10-08 13:54:35.439,449.56,20261008_134705,วิว,rest,,,,,84.5,,1,0.242,0.247,-0.005,1,38.53,0.049,0.031,19,ready,8
2026-10-08 13:54:35.642,449.76,20261008_134705,วิว,rest,,,,,84.5,,1,0.242,0.247,-0.005,1,38.54,0.049,0.031,19,ready,8
2026-10-08 13:54:35.845,449.97,20261008_134705,วิว,question,10,609,manual,truth,84.5,,1,0.243,0.247,-0.004,1,38.54,0.049,0.031,19,question,8
2026-10-08 13:54:36.049,450.17,20261008_134705,วิว,question,10,609,manual,truth,84.5,,1,0.243,0.247,-0.004,1,38.55,0.049,0.031,19,question,8
2026-10-08 13:54:36.251,450.37,20261008_134705,วิว,question,10,609,manual,truth,84.5,,1,0.243,0.247,-0.003,1,38.55,0.049,0.031,19,question,8
2026-10-08 13:54:36.453,450.57,20261008_134705,วิว,question,10,609,manual,truth,84.5,,1,0.243,0.247,-0.003,1,38.55,0.049,0.031,19,question,8
2026-10-08 13:54:36.661,450.78,20261008_134705,วิว,question,10,609,manual,truth,84.5,,1,0.244,0.247,-0.003,1,38.55,0.049,0.031,19,question,8
2026-10-08 13:54:36.861,450.98,20261008_134705,วิว,question,10,609,manual,truth,84.5,,1,0.242,0.247,-0.005,1,38.56,0.049,0.031,19,question,8
2026-10-08 13:54:37.063,451.18,20261008_134705,วิว,question,10,609,manual,truth,84.5,,1,0.242,0.247,-0.004,1,38.56,0.049,0.031,19,question,8
2026-10-08 13:54:37.272,451.39,20261008_134705,วิว,question,10,609,manual,truth,84.5,,1,0.242,0.247,-0.005,1,38.56,0.049,0.031,19,question,8
2026-10-08 13:54:37.476,451.6,20261008_134705,วิว,question,10,609,manual,truth,84.5,,1,0.242,0.246,-0.004,1,38.48,0.049,0.031,19,question,8
2026-10-08 13:54:37.674,451.79,20261008_134705,วิว,question,10,609,manual,truth,84.5,,1,0.237,0.246,-0.01,1,38.48,0.049,0.031,19,question,8
2026-10-08 13:54:37.882,452.0,20261008_134705,วิว,question,10,609,manual,truth,84.5,,1,0.237,0.246,-0.01,1,38.49,0.049,0.031,19,question,8
2026-10-08 13:54:38.081,452.2,20261008_134705,วิว,question,10,609,manual,truth,84.5,,1,0.236,0.246,-0.01,1,38.5,0.049,0.031,19,question,8
2026-10-08 13:54:38.284,452.4,20261008_134705,วิว,question,10,609,manual,truth,84.5,,1,0.236,0.246,-0.01,1,38.51,0.049,0.031,19,question,8
2026-10-08 13:54:38.490,452.61,20261008_134705,วิว,question,10,609,manual,truth,84.5,,1,0.238,0.246,-0.008,1,38.52,0.049,0.031,19,question,8
2026-10-08 13:54:38.693,452.81,20261008_134705,วิว,question,10,609,manual,truth,84.5,,1,0.238,0.246,-0.008,1,38.52,0.049,0.031,19,question,8
2026-10-08 13:54:38.899,453.02,20261008_134705,วิว,question,10,609,manual,truth,84.5,,1,0.238,0.246,-0.007,1,38.54,0.049,0.031,19,question,8
2026-10-08 13:54:39.103,453.22,20261008_134705,วิว,question,10,609,manual,truth,84.5,,1,0.238,0.246,-0.007,1,38.54,0.049,0.031,19,question,8
2026-10-08 13:54:39.313,453.43,20261008_134705,วิว,question,10,609,manual,truth,84.5,,1,0.239,0.245,-0.006,1,38.55,0.049,0.031,19,question,8
2026-10-08 13:54:39.510,453.63,20261008_134705,วิว,question,10,609,manual,truth,84.5,,1,0.24,0.245,-0.006,1,38.55,0.049,0.031,19,question,8
2026-10-08 13:54:39.711,453.83,20261008_134705,วิว,question,10,609,manual,truth,84.5,,1,0.241,0.245,-0.005,1,38.56,0.049,0.031,19,question,8
2026-10-08 13:54:39.913,454.03,20261008_134705,วิว,question,10,609,manual,truth,84.5,,1,0.239,0.245,-0.006,1,38.56,0.049,0.031,19,question,8
2026-10-08 13:54:40.119,454.24,20261008_134705,วิว,question,10,609,manual,truth,84.5,,1,0.239,0.245,-0.007,1,38.56,0.049,0.031,19,question,8
2026-10-08 13:54:40.323,454.44,20261008_134705,วิว,question,10,609,manual,truth,84.5,,1,0.239,0.245,-0.006,1,38.57,0.049,0.031,19,question,8
2026-10-08 13:54:40.523,454.64,20261008_134705,วิว,question,10,609,manual,truth,84.5,,1,0.237,0.245,-0.008,1,38.57,0.049,0.031,19,question,8
2026-10-08 13:54:40.730,454.85,20261008_134705,วิว,question,10,609,manual,truth,84.5,,1,0.237,0.245,-0.008,1,38.56,0.049,0.031,19,question,8
2026-10-08 13:54:40.931,455.05,20261008_134705,วิว,question,10,609,manual,truth,84.5,,1,0.237,0.245,-0.007,1,38.57,0.049,0.031,19,question,8
2026-10-08 13:54:41.133,455.25,20261008_134705,วิว,question,10,609,manual,truth,84.5,,1,0.237,0.245,-0.008,1,38.57,0.049,0.031,19,question,8
2026-10-08 13:54:41.339,455.46,20261008_134705,วิว,question,10,609,manual,truth,84.5,,1,0.236,0.245,-0.008,1,38.56,0.049,0.031,19,question,8
2026-10-08 13:54:41.544,455.67,20261008_134705,วิว,question,10,609,manual,truth,84.5,,1,0.235,0.244,-0.009,1,38.57,0.049,0.031,19,question,8
2026-10-08 13:54:41.744,455.86,20261008_134705,วิว,question,10,609,manual,truth,84.5,,1,0.235,0.244,-0.009,1,38.57,0.049,0.031,19,question,8
2026-10-08 13:54:41.952,456.07,20261008_134705,วิว,question,10,609,manual,truth,84.5,,1,0.231,0.244,-0.013,1,38.48,0.049,0.031,18,question,8
2026-10-08 13:54:42.151,456.27,20261008_134705,วิว,question,10,609,manual,truth,84.5,,1,0.231,0.244,-0.013,1,38.49,0.049,0.031,18,question,8
2026-10-08 13:54:42.354,456.47,20261008_134705,วิว,question,10,609,manual,truth,84.5,,1,0.233,0.244,-0.011,1,38.5,0.049,0.031,18,question,8
2026-10-08 13:54:42.561,456.68,20261008_134705,วิว,question,10,609,manual,truth,84.5,,1,0.235,0.244,-0.009,1,38.51,0.049,0.031,18,question,8
2026-10-08 13:54:42.765,456.89,20261008_134705,วิว,question,10,609,manual,truth,84.5,,1,0.234,0.244,-0.009,1,38.52,0.049,0.031,18,question,8
2026-10-08 13:54:42.963,457.08,20261008_134705,วิว,question,10,609,manual,truth,84.5,,1,0.233,0.243,-0.01,1,38.52,0.049,0.031,18,question,8
2026-10-08 13:54:43.170,457.29,20261008_134705,วิว,question,10,609,manual,truth,84.5,,1,0.233,0.243,-0.01,1,38.53,0.049,0.031,18,question,8
2026-10-08 13:54:43.376,457.5,20261008_134705,วิว,question,10,609,manual,truth,84.5,,1,0.233,0.243,-0.011,1,38.53,0.049,0.031,18,question,8
2026-10-08 13:54:43.573,457.69,20261008_134705,วิว,question,10,609,manual,truth,84.5,,1,0.234,0.243,-0.009,1,38.54,0.049,0.031,18,question,8
2026-10-08 13:54:43.778,457.9,20261008_134705,วิว,question,10,609,manual,truth,84.5,,1,0.234,0.243,-0.009,1,38.54,0.049,0.031,18,question,8
2026-10-08 13:54:43.984,458.11,20261008_134705,วิว,question,10,609,manual,truth,84.5,,1,0.232,0.243,-0.01,1,38.55,0.049,0.031,18,question,8
2026-10-08 13:54:44.183,458.3,20261008_134705,วิว,question,10,609,manual,truth,84.5,,1,0.233,0.243,-0.01,1,38.55,0.049,0.031,18,question,8
2026-10-08 13:54:44.389,458.51,20261008_134705,วิว,question,10,609,manual,truth,84.5,,1,0.234,0.242,-0.009,1,38.55,0.049,0.031,18,question,8
2026-10-08 13:54:44.590,458.71,20261008_134705,วิว,question,10,609,manual,truth,84.5,,1,0.232,0.242,-0.01,1,38.56,0.049,0.031,18,question,8
2026-10-08 13:54:44.794,458.92,20261008_134705,วิว,question,10,609,manual,truth,84.5,,1,0.231,0.242,-0.011,1,38.56,0.049,0.031,18,question,8
2026-10-08 13:54:45.000,459.12,20261008_134705,วิว,question,10,609,manual,truth,84.5,,1,0.233,0.242,-0.009,1,38.54,0.049,0.031,18,question,8
2026-10-08 13:54:45.202,459.32,20261008_134705,วิว,question,10,609,manual,truth,84.5,,1,0.231,0.242,-0.011,1,38.54,0.049,0.031,18,question,8
2026-10-08 13:54:45.403,459.52,20261008_134705,วิว,question,10,609,manual,truth,84.5,,1,0.23,0.242,-0.011,1,38.55,0.049,0.031,18,question,8
2026-10-08 13:54:45.609,459.73,20261008_134705,วิว,question,10,609,manual,truth,84.5,,1,0.231,0.242,-0.01,1,38.55,0.049,0.031,18,question,8
2026-10-08 13:54:45.814,459.93,20261008_134705,วิว,question,10,609,manual,truth,84.5,,1,0.228,0.241,-0.014,1,38.55,0.049,0.031,18,question,8
2026-10-08 13:54:46.014,460.13,20261008_134705,วิว,question,10,609,manual,truth,84.5,,1,0.225,0.241,-0.017,1,38.46,0.049,0.031,18,question,8
2026-10-08 13:54:46.219,460.34,20261008_134705,วิว,question,10,609,manual,truth,84.5,,1,0.228,0.241,-0.013,1,38.48,0.049,0.031,18,question,8
2026-10-08 13:54:46.423,460.54,20261008_134705,วิว,question,10,609,manual,truth,84.5,,1,0.228,0.241,-0.012,1,38.48,0.049,0.031,18,question,8
2026-10-08 13:54:46.623,460.74,20261008_134705,วิว,question,10,609,manual,truth,84.5,,1,0.23,0.241,-0.011,1,38.49,0.049,0.031,18,question,8
2026-10-08 13:54:46.828,460.95,20261008_134705,วิว,question,10,609,manual,truth,84.5,,1,0.231,0.241,-0.01,1,38.5,0.049,0.031,18,question,8
2026-10-08 13:54:47.030,461.15,20261008_134705,วิว,question,10,609,manual,truth,84.5,,1,0.231,0.24,-0.009,1,38.51,0.049,0.031,18,question,8
2026-10-08 13:54:47.232,461.35,20261008_134705,วิว,question,10,609,manual,truth,84.5,,1,0.232,0.24,-0.009,1,38.51,0.049,0.031,18,question,8
2026-10-08 13:54:47.440,461.56,20261008_134705,วิว,question,10,609,manual,truth,84.5,,1,0.231,0.24,-0.009,1,38.52,0.049,0.031,18,question,8
2026-10-08 13:54:47.646,461.77,20261008_134705,วิว,recovery,10,609,manual,truth,84.5,,1,0.231,0.24,-0.009,1,38.53,0.049,0.031,18,ready,8
2026-10-08 13:54:47.848,461.97,20261008_134705,วิว,recovery,10,609,manual,truth,84.5,,1,0.229,0.24,-0.01,1,38.53,0.049,0.031,18,ready,8
2026-10-08 13:54:48.050,462.17,20261008_134705,วิว,recovery,10,609,manual,truth,84.5,,1,0.23,0.24,-0.01,1,38.54,0.049,0.031,18,ready,8
2026-10-08 13:54:48.253,462.37,20261008_134705,วิว,recovery,10,609,manual,truth,84.5,,1,0.23,0.24,-0.01,1,38.54,0.049,0.031,18,ready,8
2026-10-08 13:54:48.460,462.58,20261008_134705,วิว,recovery,10,609,manual,truth,84.5,,1,0.23,0.24,-0.01,1,38.54,0.049,0.031,18,ready,8
2026-10-08 13:54:48.662,462.78,20261008_134705,วิว,rest,,,,,84.5,,1,0.229,0.239,-0.011,1,38.54,0.049,0.031,18,ready,8
2026-10-08 13:54:48.870,462.99,20261008_134705,วิว,rest,,,,,84.5,,1,0.228,0.239,-0.011,1,38.54,0.049,0.031,18,ready,8
2026-10-08 13:54:49.070,463.19,20261008_134705,วิว,rest,,,,,84.5,,1,0.228,0.239,-0.011,1,38.55,0.049,0.031,18,ready,8
2026-10-08 13:54:49.274,463.4,20261008_134705,วิว,rest,,,,,84.5,,1,0.229,0.239,-0.01,1,38.55,0.049,0.031,18,ready,8
2026-10-08 13:54:49.479,463.6,20261008_134705,วิว,rest,,,,,84.5,,1,0.229,0.239,-0.01,1,38.56,0.049,0.031,18,ready,8
2026-10-08 13:54:49.683,463.8,20261008_134705,วิว,rest,,,,,84.5,,1,0.228,0.239,-0.01,1,38.56,0.049,0.031,18,ready,8
2026-10-08 13:54:49.882,464.0,20261008_134705,วิว,rest,,,,,84.5,,1,0.23,0.239,-0.008,1,38.56,0.049,0.031,18,ready,8
2026-10-08 13:54:50.089,464.21,20261008_134705,วิว,rest,,,,,84.5,,1,0.23,0.238,-0.008,1,38.56,0.049,0.031,18,ready,8
2026-10-08 13:54:50.290,464.41,20261008_134705,วิว,rest,,,,,84.5,,1,0.229,0.238,-0.009,1,38.57,0.049,0.031,18,ready,8
2026-10-08 13:54:50.495,464.62,20261008_134705,วิว,rest,,,,,84.5,,1,0.23,0.238,-0.008,1,38.57,0.049,0.031,18,ready,8
2026-10-08 13:54:50.698,464.82,20261008_134705,วิว,rest,,,,,84.5,,1,0.231,0.238,-0.007,1,38.57,0.049,0.031,18,ready,8
2026-10-08 13:54:50.898,465.02,20261008_134705,วิว,question,11,610,manual,lie,84.5,,1,0.23,0.238,-0.008,1,38.57,0.049,0.031,18,question,8
2026-10-08 13:54:51.101,465.22,20261008_134705,วิว,question,11,610,manual,lie,84.5,,1,0.23,0.238,-0.008,1,38.57,0.049,0.031,18,question,8
2026-10-08 13:54:51.310,465.43,20261008_134705,วิว,question,11,610,manual,lie,84.5,,1,0.23,0.238,-0.008,1,38.58,0.049,0.031,18,question,8
2026-10-08 13:54:51.509,465.63,20261008_134705,วิว,question,11,610,manual,lie,84.5,,1,0.223,0.238,-0.014,1,38.5,0.049,0.031,18,question,8
2026-10-08 13:54:51.711,465.83,20261008_134705,วิว,question,11,610,manual,lie,84.5,,1,0.224,0.237,-0.013,1,38.51,0.049,0.031,18,question,8
2026-10-08 13:54:51.917,466.04,20261008_134705,วิว,question,11,610,manual,lie,84.5,,1,0.226,0.237,-0.011,1,38.52,0.049,0.031,18,question,8
2026-10-08 13:54:52.120,466.24,20261008_134705,วิว,question,11,610,manual,lie,84.5,,1,0.228,0.237,-0.01,1,38.52,0.049,0.031,18,question,8
2026-10-08 13:54:52.323,466.44,20261008_134705,วิว,question,11,610,manual,lie,84.5,,1,0.229,0.237,-0.008,1,38.53,0.049,0.031,18,question,8
2026-10-08 13:54:52.528,466.65,20261008_134705,วิว,question,11,610,manual,lie,84.5,,1,0.231,0.237,-0.006,1,38.52,0.049,0.031,18,question,8
2026-10-08 13:54:52.728,466.85,20261008_134705,วิว,question,11,610,manual,lie,84.5,,1,0.23,0.237,-0.007,1,38.53,0.049,0.031,18,question,8
2026-10-08 13:54:52.930,467.05,20261008_134705,วิว,question,11,610,manual,lie,84.5,,1,0.229,0.237,-0.008,1,38.54,0.049,0.031,18,question,8
2026-10-08 13:54:53.134,467.26,20261008_134705,วิว,question,11,610,manual,lie,84.5,,1,0.229,0.237,-0.008,1,38.54,0.049,0.031,18,question,8
2026-10-08 13:54:53.338,467.46,20261008_134705,วิว,question,11,610,manual,lie,84.5,,1,0.229,0.237,-0.008,1,38.54,0.049,0.031,18,question,8
2026-10-08 13:54:53.541,467.66,20261008_134705,วิว,question,11,610,manual,lie,84.5,,1,0.229,0.236,-0.008,1,38.55,0.049,0.031,18,question,8
2026-10-08 13:54:53.747,467.87,20261008_134705,วิว,question,11,610,manual,lie,84.5,,1,0.229,0.236,-0.007,1,38.56,0.049,0.031,18,question,8
2026-10-08 13:54:53.949,468.07,20261008_134705,วิว,question,11,610,manual,lie,84.5,,1,0.229,0.236,-0.007,1,38.56,0.049,0.031,18,question,8
2026-10-08 13:54:54.154,468.27,20261008_134705,วิว,question,11,610,manual,lie,84.5,,1,0.23,0.236,-0.007,1,38.56,0.049,0.031,18,question,8
2026-10-08 13:54:54.360,468.48,20261008_134705,วิว,question,11,610,manual,lie,84.5,,1,0.229,0.236,-0.007,1,38.57,0.049,0.031,18,question,8
2026-10-08 13:54:54.563,468.68,20261008_134705,วิว,question,11,610,manual,lie,84.5,,1,0.229,0.236,-0.007,1,38.57,0.049,0.031,18,question,8
2026-10-08 13:54:54.761,468.88,20261008_134705,วิว,question,11,610,manual,lie,84.5,,1,0.229,0.236,-0.007,1,38.57,0.049,0.031,18,question,8
2026-10-08 13:54:54.964,469.08,20261008_134705,วิว,question,11,610,manual,lie,84.5,,1,0.227,0.236,-0.008,1,38.57,0.049,0.031,18,question,8
2026-10-08 13:54:55.168,469.29,20261008_134705,วิว,question,11,610,manual,lie,84.5,,1,0.228,0.236,-0.008,1,38.58,0.049,0.031,18,question,8
2026-10-08 13:54:55.374,469.49,20261008_134705,วิว,question,11,610,manual,lie,84.5,,1,0.227,0.236,-0.008,1,38.57,0.049,0.031,18,question,8
2026-10-08 13:54:55.572,469.69,20261008_134705,วิว,question,11,610,manual,lie,84.5,,1,0.227,0.235,-0.008,1,38.57,0.049,0.031,18,question,8
2026-10-08 13:54:55.778,469.9,20261008_134705,วิว,question,11,610,manual,lie,84.5,,1,0.227,0.235,-0.008,1,38.57,0.049,0.031,18,question,8
2026-10-08 13:54:55.982,470.1,20261008_134705,วิว,question,11,610,manual,lie,84.5,,1,0.224,0.235,-0.012,1,38.47,0.049,0.031,18,question,8
2026-10-08 13:54:56.194,470.31,20261008_134705,วิว,question,11,610,manual,lie,84.5,,1,0.226,0.235,-0.009,1,38.49,0.049,0.031,18,question,8
2026-10-08 13:54:56.394,470.51,20261008_134705,วิว,question,11,610,manual,lie,84.5,,1,0.226,0.235,-0.009,1,38.5,0.049,0.031,18,question,8
2026-10-08 13:54:56.590,470.71,20261008_134705,วิว,question,11,610,manual,lie,84.5,,1,0.227,0.235,-0.008,1,38.51,0.049,0.031,18,question,8
2026-10-08 13:54:56.794,470.91,20261008_134705,วิว,question,11,610,manual,lie,84.5,,1,0.227,0.235,-0.007,1,38.52,0.049,0.031,18,question,8
2026-10-08 13:54:56.999,471.12,20261008_134705,วิว,question,11,610,manual,lie,84.5,,1,0.228,0.235,-0.006,1,38.52,0.049,0.031,18,question,8
2026-10-08 13:54:57.201,471.32,20261008_134705,วิว,question,11,610,manual,lie,84.5,,1,0.228,0.235,-0.007,1,38.53,0.049,0.031,18,question,8
2026-10-08 13:54:57.402,471.52,20261008_134705,วิว,question,11,610,manual,lie,84.5,,1,0.228,0.234,-0.007,1,38.54,0.049,0.031,18,question,8
2026-10-08 13:54:57.608,471.73,20261008_134705,วิว,question,11,610,manual,lie,84.5,,1,0.228,0.234,-0.006,1,38.55,0.049,0.031,18,question,8
2026-10-08 13:54:57.812,471.93,20261008_134705,วิว,question,11,610,manual,lie,84.5,,1,0.229,0.234,-0.005,1,38.55,0.049,0.031,18,question,8
2026-10-08 13:54:58.014,472.13,20261008_134705,วิว,question,11,610,manual,lie,84.5,,1,0.229,0.234,-0.005,1,38.56,0.049,0.031,18,question,8
2026-10-08 13:54:58.222,472.34,20261008_134705,วิว,question,11,610,manual,lie,84.5,,1,0.229,0.234,-0.005,1,38.56,0.049,0.031,18,question,8
2026-10-08 13:54:58.420,472.54,20261008_134705,วิว,question,11,610,manual,lie,84.5,,1,0.229,0.234,-0.005,1,38.57,0.049,0.031,18,question,8
2026-10-08 13:54:58.631,472.75,20261008_134705,วิว,question,11,610,manual,lie,84.5,,1,0.229,0.234,-0.005,1,38.58,0.049,0.031,18,question,8
2026-10-08 13:54:58.837,472.96,20261008_134705,วิว,question,11,610,manual,lie,84.5,,1,0.227,0.234,-0.006,1,38.58,0.049,0.031,18,question,8
2026-10-08 13:54:59.032,473.15,20261008_134705,วิว,question,11,610,manual,lie,84.5,,1,0.226,0.234,-0.008,1,38.59,0.049,0.031,18,question,8
2026-10-08 13:54:59.238,473.36,20261008_134705,วิว,question,11,610,manual,lie,84.5,,1,0.226,0.234,-0.008,1,38.59,0.049,0.031,18,question,8
2026-10-08 13:54:59.440,473.56,20261008_134705,วิว,question,11,610,manual,lie,84.5,,1,0.226,0.234,-0.008,1,38.59,0.049,0.031,18,question,8
2026-10-08 13:54:59.646,473.77,20261008_134705,วิว,question,11,610,manual,lie,84.5,,1,0.226,0.233,-0.007,1,38.59,0.049,0.031,18,question,8
2026-10-08 13:54:59.850,473.97,20261008_134705,วิว,question,11,610,manual,lie,84.5,,1,0.226,0.233,-0.007,1,38.6,0.049,0.031,18,question,9
2026-10-08 13:55:00.050,474.17,20261008_134705,วิว,question,11,610,manual,lie,84.5,,1,0.224,0.233,-0.01,1,38.52,0.049,0.031,18,question,9
2026-10-08 13:55:00.254,474.37,20261008_134705,วิว,question,11,610,manual,lie,84.5,,1,0.223,0.233,-0.01,1,38.53,0.049,0.031,18,question,8
2026-10-08 13:55:00.458,474.58,20261008_134705,วิว,question,11,610,manual,lie,84.5,,1,0.224,0.233,-0.009,1,38.53,0.049,0.031,18,question,8
2026-10-08 13:55:00.670,474.79,20261008_134705,วิว,question,11,610,manual,lie,84.5,,1,0.225,0.233,-0.008,1,38.54,0.049,0.031,18,question,8
2026-10-08 13:55:00.868,474.99,20261008_134705,วิว,question,11,610,manual,lie,84.5,,1,0.225,0.233,-0.007,1,38.54,0.049,0.031,18,question,8
2026-10-08 13:55:01.081,475.2,20261008_134705,วิว,question,11,610,manual,lie,84.5,,1,0.228,0.233,-0.005,1,38.54,0.049,0.031,18,question,8
2026-10-08 13:55:01.270,475.39,20261008_134705,วิว,question,11,610,manual,lie,84.5,,1,0.227,0.233,-0.006,1,38.55,0.049,0.031,18,question,8
2026-10-08 13:55:01.472,475.59,20261008_134705,วิว,question,11,610,manual,lie,84.5,,1,0.226,0.233,-0.007,1,38.55,0.049,0.031,18,question,8
2026-10-08 13:55:01.691,475.81,20261008_134705,วิว,question,11,610,manual,lie,84.5,,1,0.226,0.232,-0.007,1,38.55,0.049,0.031,18,question,8
2026-10-08 13:55:01.880,476.0,20261008_134705,วิว,question,11,610,manual,lie,84.5,,1,0.227,0.232,-0.006,1,38.56,0.049,0.031,18,question,8
2026-10-08 13:55:02.084,476.21,20261008_134705,วิว,question,11,610,manual,lie,84.5,,1,0.227,0.232,-0.006,1,38.56,0.049,0.031,18,question,8
2026-10-08 13:55:02.288,476.41,20261008_134705,วิว,question,11,610,manual,lie,84.5,,1,0.227,0.232,-0.006,1,38.56,0.049,0.031,18,question,8
2026-10-08 13:55:02.492,476.61,20261008_134705,วิว,question,11,610,manual,lie,84.5,,1,0.226,0.232,-0.006,1,38.57,0.049,0.031,18,question,8
2026-10-08 13:55:02.693,476.81,20261008_134705,วิว,recovery,11,610,manual,lie,84.5,,1,0.226,0.232,-0.006,1,38.57,0.049,0.031,18,ready,8
2026-10-08 13:55:02.894,477.02,20261008_134705,วิว,recovery,11,610,manual,lie,84.5,,1,0.225,0.232,-0.007,1,38.56,0.049,0.031,18,ready,8
2026-10-08 13:55:03.100,477.22,20261008_134705,วิว,recovery,11,610,manual,lie,84.5,,1,0.225,0.232,-0.006,1,38.57,0.049,0.031,18,ready,8
2026-10-08 13:55:03.303,477.42,20261008_134705,วิว,recovery,11,610,manual,lie,84.5,,1,0.226,0.232,-0.005,1,38.57,0.049,0.031,18,ready,8
2026-10-08 13:55:03.509,477.63,20261008_134705,วิว,recovery,11,610,manual,lie,84.5,,1,0.226,0.232,-0.006,1,38.57,0.049,0.031,18,ready,8
2026-10-08 13:55:03.710,477.83,20261008_134705,วิว,recovery,11,610,manual,lie,84.5,,1,0.226,0.232,-0.006,1,38.58,0.049,0.031,18,ready,8
2026-10-08 13:55:03.912,478.03,20261008_134705,วิว,recovery,11,610,manual,lie,84.5,,1,0.225,0.232,-0.006,1,38.58,0.049,0.031,18,ready,8
2026-10-08 13:55:04.114,478.23,20261008_134705,วิว,recovery,11,610,manual,lie,84.5,,1,0.225,0.232,-0.006,1,38.58,0.049,0.031,18,ready,8
2026-10-08 13:55:04.320,478.44,20261008_134705,วิว,recovery,11,610,manual,lie,84.5,,1,0.226,0.231,-0.005,1,38.58,0.049,0.031,18,ready,8
2026-10-08 13:55:04.522,478.64,20261008_134705,วิว,recovery,11,610,manual,lie,84.5,,1,0.226,0.231,-0.006,1,38.58,0.049,0.031,18,ready,8
2026-10-08 13:55:04.731,478.85,20261008_134705,วิว,rest,,,,,84.5,,1,0.226,0.231,-0.006,1,38.59,0.049,0.031,18,ready,8
2026-10-08 13:55:04.933,479.05,20261008_134705,วิว,rest,,,,,84.5,,1,0.222,0.231,-0.009,1,38.51,0.049,0.031,18,ready,8
2026-10-08 13:55:05.136,479.26,20261008_134705,วิว,rest,,,,,84.5,,1,0.224,0.231,-0.007,1,38.51,0.049,0.031,18,ready,8
2026-10-08 13:55:05.340,479.46,20261008_134705,วิว,rest,,,,,84.5,,1,0.226,0.231,-0.005,1,38.51,0.049,0.031,18,ready,8
2026-10-08 13:55:05.547,479.67,20261008_134705,วิว,rest,,,,,84.5,,1,0.227,0.231,-0.004,1,38.5,0.049,0.031,18,ready,8
2026-10-08 13:55:05.743,479.86,20261008_134705,วิว,rest,,,,,84.5,,1,0.227,0.231,-0.004,1,38.51,0.049,0.031,18,ready,8
2026-10-08 13:55:05.946,480.07,20261008_134705,วิว,rest,,,,,84.5,,1,0.227,0.231,-0.004,1,38.52,0.049,0.031,18,ready,8
2026-10-08 13:55:06.150,480.27,20261008_134705,วิว,rest,,,,,84.5,,1,0.227,0.231,-0.004,1,38.53,0.049,0.031,18,ready,8
2026-10-08 13:55:06.356,480.48,20261008_134705,วิว,rest,,,,,84.5,,1,0.226,0.231,-0.005,1,38.54,0.049,0.031,18,ready,8
2026-10-08 13:55:06.554,480.67,20261008_134705,วิว,rest,,,,,84.5,,1,0.226,0.231,-0.005,1,38.54,0.049,0.031,18,ready,9
2026-10-08 13:55:06.760,480.88,20261008_134705,วิว,rest,,,,,84.5,,1,0.226,0.231,-0.005,1,38.55,0.049,0.031,18,ready,9
2026-10-08 13:55:06.962,481.08,20261008_134705,วิว,rest,,,,,84.5,,1,0.226,0.231,-0.005,1,38.56,0.049,0.031,18,ready,9
2026-10-08 13:55:07.170,481.29,20261008_134705,วิว,rest,,,,,84.5,,1,0.225,0.23,-0.006,1,38.56,0.049,0.031,18,ready,9
2026-10-08 13:55:07.370,481.49,20261008_134705,วิว,rest,,,,,84.5,,1,0.225,0.23,-0.005,1,38.57,0.049,0.031,18,ready,9
2026-10-08 13:55:07.574,481.69,20261008_134705,วิว,rest,,,,,84.5,,1,0.226,0.23,-0.005,1,38.57,0.049,0.031,18,ready,9
2026-10-08 13:55:07.776,481.9,20261008_134705,วิว,rest,,,,,84.5,,1,0.225,0.23,-0.005,1,38.57,0.049,0.031,18,ready,9
2026-10-08 13:55:07.983,482.1,20261008_134705,วิว,rest,,,,,84.5,,1,0.225,0.23,-0.005,1,38.57,0.049,0.031,18,ready,9
2026-10-08 13:55:08.182,482.3,20261008_134705,วิว,rest,,,,,84.5,,1,0.225,0.23,-0.005,1,38.58,0.049,0.031,18,ready,9
2026-10-08 13:55:08.384,482.5,20261008_134705,วิว,rest,,,,,84.5,,1,0.225,0.23,-0.005,1,38.58,0.049,0.031,18,ready,9
2026-10-08 13:55:08.595,482.72,20261008_134705,วิว,rest,,,,,84.5,,1,0.225,0.23,-0.005,1,38.58,0.049,0.031,18,ready,9
2026-10-08 13:55:08.794,482.92,20261008_134705,วิว,rest,,,,,84.5,,1,0.224,0.23,-0.006,1,38.58,0.049,0.031,18,ready,9
2026-10-08 13:55:09.004,483.12,20261008_134705,วิว,rest,,,,,84.5,,1,0.225,0.23,-0.005,1,38.58,0.049,0.031,18,ready,9
2026-10-08 13:55:09.202,483.32,20261008_134705,วิว,rest,,,,,84.5,,1,0.225,0.23,-0.004,1,38.48,0.049,0.031,18,ready,9
2026-10-08 13:55:09.404,483.52,20261008_134705,วิว,rest,,,,,84.5,,1,0.221,0.23,-0.008,1,38.49,0.049,0.031,17,ready,8
2026-10-08 13:55:09.612,483.73,20261008_134705,วิว,rest,,,,,84.5,,1,0.223,0.23,-0.007,1,38.5,0.049,0.031,17,ready,8
2026-10-08 13:55:09.812,483.93,20261008_134705,วิว,rest,,,,,84.5,,1,0.224,0.23,-0.005,1,38.51,0.049,0.031,17,ready,8
2026-10-08 13:55:10.016,484.14,20261008_134705,วิว,rest,,,,,84.5,,1,0.225,0.229,-0.005,1,38.52,0.049,0.031,17,ready,8
2026-10-08 13:55:10.220,484.34,20261008_134705,วิว,rest,,,,,84.5,,1,0.225,0.229,-0.005,1,38.53,0.049,0.031,17,ready,8
2026-10-08 13:55:10.423,484.54,20261008_134705,วิว,rest,,,,,84.5,,1,0.225,0.229,-0.004,1,38.54,0.049,0.031,18,ready,8
2026-10-08 13:55:10.625,484.75,20261008_134705,วิว,rest,,,,,84.5,,1,0.217,0.229,-0.012,1,38.43,0.049,0.031,17,ready,8
2026-10-08 13:55:10.834,484.95,20261008_134705,วิว,rest,,,,,84.5,,1,0.22,0.229,-0.009,1,38.45,0.049,0.031,17,ready,8
2026-10-08 13:55:11.032,485.15,20261008_134705,วิว,rest,,,,,84.5,,1,0.221,0.229,-0.007,1,38.48,0.049,0.031,17,ready,8
2026-10-08 13:55:11.234,485.36,20261008_134705,วิว,rest,,,,,84.5,,1,0.223,0.229,-0.006,1,38.49,0.049,0.031,17,ready,8
2026-10-08 13:55:11.441,485.56,20261008_134705,วิว,rest,,,,,84.5,,1,0.225,0.229,-0.004,1,38.52,0.049,0.031,17,ready,8
2026-10-08 13:55:11.643,485.76,20261008_134705,วิว,rest,,,,,84.5,,1,0.225,0.229,-0.004,1,38.53,0.049,0.031,17,ready,9
2026-10-08 13:55:11.845,485.97,20261008_134705,วิว,rest,,,,,84.5,,1,0.224,0.229,-0.004,1,38.54,0.049,0.031,17,ready,9
2026-10-08 13:55:12.050,486.17,20261008_134705,วิว,rest,,,,,84.5,,1,0.225,0.229,-0.004,1,38.54,0.049,0.031,17,ready,9
2026-10-08 13:55:12.253,486.37,20261008_134705,วิว,rest,,,,,84.5,,1,0.224,0.228,-0.004,1,38.55,0.049,0.031,18,ready,9
2026-10-08 13:55:12.454,486.57,20261008_134705,วิว,rest,,,,,84.5,,1,0.224,0.228,-0.004,1,38.56,0.049,0.031,18,ready,9
2026-10-08 13:55:12.660,486.78,20261008_134705,วิว,rest,,,,,84.5,,1,0.224,0.228,-0.004,1,38.56,0.049,0.031,18,ready,9
2026-10-08 13:55:12.862,486.98,20261008_134705,วิว,rest,,,,,84.5,,1,0.225,0.228,-0.004,1,38.57,0.049,0.031,18,ready,9
2026-10-08 13:55:13.066,487.19,20261008_134705,วิว,rest,,,,,84.5,,1,0.225,0.228,-0.004,1,38.57,0.049,0.031,18,ready,9
2026-10-08 13:55:13.270,487.39,20261008_134705,วิว,rest,,,,,84.5,,1,0.225,0.228,-0.004,1,38.59,0.049,0.031,18,ready,9
2026-10-08 13:55:13.474,487.6,20261008_134705,วิว,rest,,,,,84.5,,1,0.221,0.228,-0.007,1,38.5,0.049,0.031,18,ready,8
2026-10-08 13:55:13.680,487.8,20261008_134705,วิว,rest,,,,,84.5,,1,0.222,0.228,-0.006,1,38.51,0.049,0.031,18,ready,8
2026-10-08 13:55:13.882,488.0,20261008_134705,วิว,rest,,,,,84.5,,1,0.223,0.228,-0.005,1,38.52,0.049,0.031,18,ready,8
2026-10-08 13:55:15.992,490.11,20261008_134705,วิว,rest,,,,,84.5,,1,0.224,0.227,-0.003,1,38.58,0.049,0.031,18,ready,8
2026-10-08 13:55:16.190,490.31,20261008_134705,วิว,rest,,,,,84.5,,1,0.224,0.227,-0.003,1,38.58,0.049,0.031,18,ready,8
2026-10-08 13:55:16.394,490.52,20261008_134705,วิว,rest,,,,,84.5,,1,0.224,0.227,-0.004,1,38.59,0.049,0.031,18,ready,8
2026-10-08 13:55:16.597,490.72,20261008_134705,วิว,rest,,,,,84.5,,1,0.224,0.227,-0.003,1,38.59,0.049,0.031,18,ready,8
2026-10-08 13:55:16.799,490.92,20261008_134705,วิว,rest,,,,,84.5,,1,0.224,0.227,-0.003,1,38.59,0.049,0.031,18,ready,8
2026-10-08 13:55:17.005,491.13,20261008_134705,วิว,rest,,,,,84.5,,1,0.224,0.227,-0.003,1,38.59,0.049,0.031,18,ready,9
2026-10-08 13:55:17.212,491.33,20261008_134705,วิว,rest,,,,,84.5,,1,0.224,0.227,-0.003,1,38.59,0.049,0.031,18,ready,9
2026-10-08 13:55:17.410,491.53,20261008_134705,วิว,rest,,,,,84.5,,1,0.224,0.227,-0.004,1,38.6,0.049,0.031,18,ready,9
2026-10-08 13:55:17.614,491.73,20261008_134705,วิว,rest,,,,,84.5,,1,0.223,0.227,-0.004,1,38.6,0.049,0.031,18,ready,9
2026-10-08 13:55:17.820,491.94,20261008_134705,วิว,question,12,611,manual,truth,84.5,,1,0.224,0.227,-0.003,1,38.57,0.049,0.031,18,question,9
2026-10-08 13:55:18.030,492.15,20261008_134705,วิว,question,12,611,manual,truth,84.5,,1,0.223,0.227,-0.004,1,38.59,0.049,0.031,18,question,9
2026-10-08 13:55:18.234,492.35,20261008_134705,วิว,question,12,611,manual,truth,84.5,,1,0.223,0.227,-0.004,1,38.59,0.049,0.031,18,question,9
2026-10-08 13:55:18.434,492.55,20261008_134705,วิว,question,12,611,manual,truth,84.5,,1,0.223,0.227,-0.004,1,38.59,0.049,0.031,18,question,9
2026-10-08 13:55:18.639,492.76,20261008_134705,วิว,question,12,611,manual,truth,84.5,,1,0.223,0.227,-0.004,1,38.59,0.049,0.031,18,question,9
2026-10-08 13:55:18.849,492.97,20261008_134705,วิว,question,12,611,manual,truth,84.5,,1,0.22,0.227,-0.007,1,38.51,0.049,0.031,18,question,9
2026-10-08 13:55:19.047,493.17,20261008_134705,วิว,question,12,611,manual,truth,84.5,,1,0.221,0.227,-0.006,1,38.52,0.049,0.031,18,question,8
2026-10-08 13:55:19.249,493.37,20261008_134705,วิว,question,12,611,manual,truth,84.5,,1,0.221,0.227,-0.005,1,38.53,0.049,0.031,18,question,8
2026-10-08 13:55:19.454,493.57,20261008_134705,วิว,question,12,611,manual,truth,84.5,,1,0.222,0.227,-0.004,1,38.53,0.049,0.031,18,question,8
2026-10-08 13:55:19.657,493.78,20261008_134705,วิว,question,12,611,manual,truth,84.5,,1,0.222,0.227,-0.004,1,38.54,0.049,0.031,18,question,8
2026-10-08 13:55:19.858,493.98,20261008_134705,วิว,question,12,611,manual,truth,84.5,,1,0.223,0.226,-0.004,1,38.55,0.049,0.031,18,question,8
2026-10-08 13:55:20.065,494.19,20261008_134705,วิว,question,12,611,manual,truth,84.5,,1,0.223,0.226,-0.004,1,38.56,0.049,0.031,18,question,8
2026-10-08 13:55:20.268,494.39,20261008_134705,วิว,question,12,611,manual,truth,84.5,,1,0.223,0.226,-0.003,1,38.57,0.049,0.031,18,question,8
2026-10-08 13:55:20.470,494.59,20261008_134705,วิว,question,12,611,manual,truth,84.5,,1,0.223,0.226,-0.003,1,38.57,0.049,0.031,18,question,8
2026-10-08 13:55:20.674,494.79,20261008_134705,วิว,question,12,611,manual,truth,84.5,,1,0.223,0.226,-0.003,1,38.57,0.049,0.031,18,question,8
2026-10-08 13:55:20.883,495.0,20261008_134705,วิว,question,12,611,manual,truth,84.5,,1,0.223,0.226,-0.003,1,38.58,0.049,0.031,18,question,8
2026-10-08 13:55:21.086,495.21,20261008_134705,วิว,question,12,611,manual,truth,84.5,,1,0.223,0.226,-0.003,1,38.58,0.049,0.031,18,question,8
2026-10-08 13:55:21.285,495.41,20261008_134705,วิว,question,12,611,manual,truth,84.5,,1,0.223,0.226,-0.003,1,38.58,0.049,0.031,18,question,8
2026-10-08 13:55:21.492,495.61,20261008_134705,วิว,question,12,611,manual,truth,84.5,,1,0.223,0.226,-0.003,1,38.59,0.049,0.031,18,question,8
2026-10-08 13:55:21.694,495.81,20261008_134705,วิว,question,12,611,manual,truth,84.5,,1,0.223,0.226,-0.003,1,38.59,0.049,0.031,18,question,8
2026-10-08 13:55:21.909,496.03,20261008_134705,วิว,question,12,611,manual,truth,84.5,,1,0.223,0.226,-0.003,1,38.59,0.049,0.031,18,question,8
2026-10-08 13:55:22.103,496.22,20261008_134705,วิว,question,12,611,manual,truth,84.5,,1,0.224,0.226,-0.002,1,38.59,0.049,0.031,18,question,8
2026-10-08 13:55:22.299,496.42,20261008_134705,วิว,question,12,611,manual,truth,84.5,,1,0.224,0.226,-0.002,1,38.59,0.049,0.031,18,question,8
2026-10-08 13:55:22.504,496.63,20261008_134705,วิว,question,12,611,manual,truth,84.5,,1,0.225,0.226,-0.001,1,38.59,0.049,0.031,18,question,8
2026-10-08 13:55:22.709,496.83,20261008_134705,วิว,question,12,611,manual,truth,84.5,,1,0.225,0.226,-0.001,1,38.59,0.049,0.031,18,question,9
2026-10-08 13:55:22.909,497.03,20261008_134705,วิว,question,12,611,manual,truth,84.5,,1,0.226,0.226,0.0,1,38.51,0.049,0.031,18,question,8
2026-10-08 13:55:23.115,497.24,20261008_134705,วิว,question,12,611,manual,truth,84.5,,1,0.221,0.226,-0.005,1,38.51,0.049,0.031,18,question,8
2026-10-08 13:55:23.319,497.44,20261008_134705,วิว,question,12,611,manual,truth,84.5,,1,0.222,0.226,-0.004,1,38.52,0.049,0.031,18,question,8
2026-10-08 13:55:23.522,497.64,20261008_134705,วิว,question,12,611,manual,truth,84.5,,1,0.222,0.226,-0.003,1,38.53,0.049,0.031,18,question,8
2026-10-08 13:55:23.728,497.85,20261008_134705,วิว,question,12,611,manual,truth,84.5,,1,0.223,0.226,-0.003,1,38.54,0.049,0.031,18,question,8
2026-10-08 13:55:23.927,498.05,20261008_134705,วิว,question,12,611,manual,truth,84.5,,1,0.224,0.226,-0.002,1,38.54,0.049,0.031,18,question,8
2026-10-08 13:55:24.128,498.25,20261008_134705,วิว,question,12,611,manual,truth,84.5,,1,0.224,0.226,-0.001,1,38.55,0.049,0.031,18,question,8
2026-10-08 13:55:24.334,498.45,20261008_134705,วิว,question,12,611,manual,truth,84.5,,1,0.224,0.226,-0.002,1,38.56,0.049,0.031,18,question,8
2026-10-08 13:55:24.536,498.66,20261008_134705,วิว,question,12,611,manual,truth,84.5,,1,0.223,0.226,-0.002,1,38.56,0.049,0.031,18,question,8
2026-10-08 13:55:24.738,498.86,20261008_134705,วิว,question,12,611,manual,truth,84.5,,1,0.224,0.226,-0.002,1,38.56,0.049,0.031,18,question,8
2026-10-08 13:55:24.944,499.06,20261008_134705,วิว,question,12,611,manual,truth,84.5,,1,0.223,0.226,-0.002,1,38.57,0.049,0.031,18,question,8
2026-10-08 13:55:25.146,499.27,20261008_134705,วิว,question,12,611,manual,truth,84.5,,1,0.223,0.226,-0.002,1,38.57,0.049,0.031,18,question,8
2026-10-08 13:55:25.350,499.47,20261008_134705,วิว,question,12,611,manual,truth,84.5,,1,0.224,0.225,-0.002,1,38.57,0.049,0.031,18,question,8
2026-10-08 13:55:25.561,499.68,20261008_134705,วิว,question,12,611,manual,truth,84.5,,1,0.224,0.225,-0.001,1,38.58,0.049,0.031,18,question,8
2026-10-08 13:55:25.758,499.88,20261008_134705,วิว,question,12,611,manual,truth,84.5,,1,0.223,0.225,-0.003,1,38.57,0.049,0.031,18,question,8
2026-10-08 13:55:25.965,500.09,20261008_134705,วิว,question,12,611,manual,truth,84.5,,1,0.223,0.225,-0.003,1,38.58,0.049,0.031,18,question,8
2026-10-08 13:55:26.165,500.29,20261008_134705,วิว,question,12,611,manual,truth,84.5,,1,0.223,0.225,-0.003,1,38.56,0.049,0.031,18,question,8
2026-10-08 13:55:26.367,500.49,20261008_134705,วิว,question,12,611,manual,truth,84.5,,1,0.223,0.225,-0.002,1,38.57,0.049,0.031,18,question,8
2026-10-08 13:55:26.579,500.7,20261008_134705,วิว,question,12,611,manual,truth,84.5,,1,0.223,0.225,-0.002,1,38.57,0.049,0.031,18,question,8
2026-10-08 13:55:26.782,500.9,20261008_134705,วิว,question,12,611,manual,truth,84.5,,1,0.223,0.225,-0.002,1,38.58,0.049,0.031,18,question,8
2026-10-08 13:55:26.984,501.1,20261008_134705,วิว,question,12,611,manual,truth,84.5,,1,0.223,0.225,-0.002,1,38.58,0.049,0.031,18,question,8
2026-10-08 13:55:27.180,501.3,20261008_134705,วิว,question,12,611,manual,truth,84.5,,1,0.223,0.225,-0.002,1,38.59,0.049,0.031,18,question,8
2026-10-08 13:55:27.391,501.51,20261008_134705,วิว,question,12,611,manual,truth,84.5,,1,0.217,0.225,-0.008,1,38.5,0.049,0.031,18,question,8
2026-10-08 13:55:27.589,501.71,20261008_134705,วิว,question,12,611,manual,truth,84.5,,1,0.22,0.225,-0.005,1,38.51,0.049,0.031,18,question,8
2026-10-08 13:55:27.789,501.91,20261008_134705,วิว,question,12,611,manual,truth,84.5,,1,0.222,0.225,-0.003,1,38.52,0.049,0.031,18,question,8
2026-10-08 13:55:28.010,502.13,20261008_134705,วิว,question,12,611,manual,truth,84.5,,1,0.222,0.225,-0.003,1,38.53,0.049,0.031,18,question,8
2026-10-08 13:55:28.196,502.32,20261008_134705,วิว,question,12,611,manual,truth,84.5,,1,0.223,0.225,-0.002,1,38.54,0.049,0.031,18,question,8
2026-10-08 13:55:28.399,502.52,20261008_134705,วิว,question,12,611,manual,truth,84.5,,1,0.223,0.225,-0.002,1,38.54,0.049,0.031,18,question,8
2026-10-08 13:55:28.605,502.73,20261008_134705,วิว,question,12,611,manual,truth,84.5,,1,0.223,0.225,-0.002,1,38.55,0.049,0.031,18,question,8
2026-10-08 13:55:28.807,502.93,20261008_134705,วิว,question,12,611,manual,truth,84.5,,1,0.223,0.225,-0.002,1,38.55,0.049,0.031,18,question,8
2026-10-08 13:55:29.011,503.13,20261008_134705,วิว,question,12,611,manual,truth,84.5,,1,0.223,0.225,-0.002,1,38.56,0.049,0.031,18,question,8
2026-10-08 13:55:29.214,503.33,20261008_134705,วิว,question,12,611,manual,truth,84.5,,1,0.223,0.225,-0.001,1,38.57,0.049,0.031,18,question,8
2026-10-08 13:55:29.416,503.54,20261008_134705,วิว,question,12,611,manual,truth,84.5,,1,0.224,0.225,-0.0,1,38.57,0.049,0.031,18,question,8
2026-10-08 13:55:29.624,503.75,20261008_134705,วิว,recovery,12,611,manual,truth,84.5,,1,0.224,0.225,-0.001,1,38.57,0.049,0.031,18,ready,8
2026-10-08 13:55:29.832,503.95,20261008_134705,วิว,recovery,12,611,manual,truth,84.5,,1,0.223,0.225,-0.002,1,38.58,0.049,0.031,18,ready,8
2026-10-08 13:55:30.038,504.16,20261008_134705,วิว,recovery,12,611,manual,truth,84.5,,1,0.223,0.225,-0.001,1,38.58,0.049,0.031,18,ready,8
2026-10-08 13:55:30.231,504.35,20261008_134705,วิว,recovery,12,611,manual,truth,84.5,,1,0.223,0.225,-0.002,1,38.58,0.049,0.031,18,ready,8
2026-10-08 13:55:30.437,504.56,20261008_134705,วิว,recovery,12,611,manual,truth,84.5,,1,0.223,0.225,-0.002,1,38.59,0.049,0.031,18,ready,8
2026-10-08 13:55:30.639,504.76,20261008_134705,วิว,recovery,12,611,manual,truth,84.5,,1,0.223,0.225,-0.002,1,38.59,0.049,0.031,18,ready,9
2026-10-08 13:55:30.842,504.96,20261008_134705,วิว,recovery,12,611,manual,truth,84.5,,1,0.223,0.225,-0.002,1,38.59,0.049,0.031,18,ready,8
2026-10-08 13:55:31.050,505.17,20261008_134705,วิว,recovery,12,611,manual,truth,84.5,,1,0.222,0.225,-0.002,1,38.59,0.049,0.031,18,ready,8
2026-10-08 13:55:31.250,505.37,20261008_134705,วิว,recovery,12,611,manual,truth,84.5,,1,0.222,0.225,-0.002,1,38.59,0.049,0.031,18,ready,8
2026-10-08 13:55:31.453,505.57,20261008_134705,วิว,recovery,12,611,manual,truth,84.5,,1,0.222,0.225,-0.002,1,38.59,0.049,0.031,18,ready,8
2026-10-08 13:55:31.658,505.78,20261008_134705,วิว,recovery,12,611,manual,truth,84.5,,1,0.223,0.225,-0.002,1,38.6,0.049,0.031,18,ready,8
2026-10-08 13:55:31.859,505.98,20261008_134705,วิว,recovery,12,611,manual,truth,84.5,,1,0.223,0.225,-0.002,1,38.6,0.049,0.031,18,ready,8
2026-10-08 13:55:32.062,506.18,20261008_134705,วิว,recovery,12,611,manual,truth,84.5,,1,0.222,0.225,-0.002,1,38.6,0.049,0.031,18,ready,8
2026-10-08 13:55:32.267,506.39,20261008_134705,วิว,recovery,12,611,manual,truth,84.5,,1,0.223,0.224,-0.002,1,38.6,0.049,0.031,18,ready,8
2026-10-08 13:55:32.472,506.59,20261008_134705,วิว,rest,,,,,84.5,,1,0.223,0.224,-0.002,1,38.6,0.049,0.031,18,ready,8
2026-10-08 13:55:32.671,506.79,20261008_134705,วิว,rest,,,,,84.5,,1,0.222,0.224,-0.002,1,38.6,0.049,0.031,18,ready,8
2026-10-08 13:55:32.876,507.0,20261008_134705,วิว,rest,,,,,84.5,,1,0.223,0.224,-0.002,1,38.6,0.049,0.031,18,ready,8
2026-10-08 13:55:33.084,507.2,20261008_134705,วิว,rest,,,,,84.5,,1,0.216,0.224,-0.009,1,38.52,0.049,0.031,18,ready,8
2026-10-08 13:55:33.281,507.4,20261008_134705,วิว,rest,,,,,84.5,,1,0.218,0.224,-0.006,1,38.53,0.049,0.031,18,ready,8
2026-10-08 13:55:33.486,507.61,20261008_134705,วิว,rest,,,,,84.5,,1,0.22,0.224,-0.004,1,38.54,0.049,0.031,18,ready,8
2026-10-08 13:55:33.690,507.81,20261008_134705,วิว,rest,,,,,84.5,,1,0.221,0.224,-0.003,1,38.54,0.049,0.031,18,ready,8
2026-10-08 13:55:33.890,508.01,20261008_134705,วิว,recovery,13,612,manual,lie,84.5,,1,0.221,0.224,-0.003,1,38.55,0.049,0.031,18,ready,8
2026-10-08 13:55:34.097,508.22,20261008_134705,วิว,question,13,612,manual,lie,84.5,,1,0.222,0.224,-0.002,1,38.57,0.049,0.031,18,question,8
2026-10-08 13:55:34.300,508.42,20261008_134705,วิว,question,13,612,manual,lie,84.5,,1,0.222,0.224,-0.002,1,38.57,0.049,0.031,18,question,8
2026-10-08 13:55:34.502,508.62,20261008_134705,วิว,question,13,612,manual,lie,84.5,,1,0.222,0.224,-0.002,1,38.58,0.049,0.031,18,question,8
2026-10-08 13:55:34.709,508.83,20261008_134705,วิว,question,13,612,manual,lie,84.5,,1,0.222,0.224,-0.002,1,38.59,0.049,0.031,18,question,8
2026-10-08 13:55:34.909,509.03,20261008_134705,วิว,question,13,612,manual,lie,84.5,,1,0.222,0.224,-0.002,1,38.59,0.049,0.031,18,question,8
2026-10-08 13:55:35.112,509.23,20261008_134705,วิว,question,13,612,manual,lie,84.5,,1,0.222,0.224,-0.001,1,38.6,0.049,0.031,18,question,8
2026-10-08 13:55:35.317,509.44,20261008_134705,วิว,question,13,612,manual,lie,84.5,,1,0.222,0.224,-0.002,1,38.6,0.049,0.031,18,question,8
2026-10-08 13:55:35.527,509.65,20261008_134705,วิว,question,13,612,manual,lie,84.5,,1,0.222,0.224,-0.002,1,38.6,0.049,0.031,18,question,8
2026-10-08 13:55:35.721,509.84,20261008_134705,วิว,question,13,612,manual,lie,84.5,,1,0.222,0.224,-0.002,1,38.6,0.049,0.031,18,question,8
2026-10-08 13:55:35.927,510.05,20261008_134705,วิว,question,13,612,manual,lie,84.5,,1,0.222,0.224,-0.002,1,38.6,0.049,0.031,18,question,8
2026-10-08 13:55:36.129,510.25,20261008_134705,วิว,question,13,612,manual,lie,84.5,,1,0.222,0.224,-0.002,1,38.61,0.049,0.031,18,question,8
2026-10-08 13:55:36.331,510.45,20261008_134705,วิว,question,13,612,manual,lie,84.5,,1,0.222,0.224,-0.002,1,38.61,0.049,0.031,18,question,8
2026-10-08 13:55:36.536,510.66,20261008_134705,วิว,question,13,612,manual,lie,84.5,,1,0.222,0.224,-0.002,1,38.61,0.049,0.031,18,question,8
2026-10-08 13:55:36.740,510.86,20261008_134705,วิว,question,13,612,manual,lie,84.5,,1,0.222,0.224,-0.002,1,38.61,0.049,0.031,18,question,8
2026-10-08 13:55:36.940,511.06,20261008_134705,วิว,question,13,612,manual,lie,84.5,,1,0.222,0.224,-0.002,1,38.61,0.049,0.031,18,question,8
2026-10-08 13:55:37.150,511.27,20261008_134705,วิว,question,13,612,manual,lie,84.5,,1,0.222,0.224,-0.002,1,38.52,0.049,0.031,18,question,8
2026-10-08 13:55:37.349,511.47,20261008_134705,วิว,question,13,612,manual,lie,84.5,,1,0.218,0.224,-0.006,1,38.53,0.049,0.031,18,question,8
2026-10-08 13:55:37.550,511.67,20261008_134705,วิว,question,13,612,manual,lie,84.5,,1,0.22,0.224,-0.004,1,38.54,0.049,0.031,18,question,8
2026-10-08 13:55:37.764,511.89,20261008_134705,วิว,question,13,612,manual,lie,84.5,,1,0.221,0.224,-0.003,1,38.55,0.049,0.031,18,question,8
2026-10-08 13:55:37.958,512.08,20261008_134705,วิว,question,13,612,manual,lie,84.5,,1,0.221,0.223,-0.002,1,38.56,0.049,0.031,18,question,8
2026-10-08 13:55:38.161,512.28,20261008_134705,วิว,question,13,612,manual,lie,84.5,,1,0.222,0.223,-0.002,1,38.57,0.049,0.031,18,question,8
2026-10-08 13:55:38.369,512.49,20261008_134705,วิว,question,13,612,manual,lie,84.5,,1,0.221,0.223,-0.002,1,38.57,0.049,0.031,18,question,8
2026-10-08 13:55:38.569,512.69,20261008_134705,วิว,question,13,612,manual,lie,84.5,,1,0.221,0.223,-0.002,1,38.58,0.049,0.031,18,question,8
2026-10-08 13:55:38.771,512.89,20261008_134705,วิว,question,13,612,manual,lie,84.5,,1,0.222,0.223,-0.002,1,38.58,0.049,0.031,18,question,8
2026-10-08 13:55:38.977,513.1,20261008_134705,วิว,question,13,612,manual,lie,84.5,,1,0.222,0.223,-0.002,1,38.59,0.049,0.031,18,question,8
2026-10-08 13:55:39.180,513.3,20261008_134705,วิว,question,13,612,manual,lie,84.5,,1,0.222,0.223,-0.002,1,38.59,0.049,0.031,18,question,8
2026-10-08 13:55:39.381,513.5,20261008_134705,วิว,question,13,612,manual,lie,84.5,,1,0.222,0.223,-0.001,1,38.59,0.049,0.031,18,question,8
2026-10-08 13:55:39.593,513.71,20261008_134705,วิว,question,13,612,manual,lie,84.5,,1,0.222,0.223,-0.001,1,38.6,0.049,0.031,18,question,8
2026-10-08 13:55:39.789,513.91,20261008_134705,วิว,question,13,612,manual,lie,84.5,,1,0.222,0.223,-0.002,1,38.61,0.049,0.031,18,question,8
2026-10-08 13:55:39.999,514.12,20261008_134705,วิว,question,13,612,manual,lie,84.5,,1,0.221,0.223,-0.002,1,38.6,0.049,0.031,18,question,8
2026-10-08 13:55:40.198,514.32,20261008_134705,วิว,question,13,612,manual,lie,84.5,,1,0.222,0.223,-0.002,1,38.6,0.049,0.031,18,question,8
2026-10-08 13:55:40.399,514.52,20261008_134705,วิว,question,13,612,manual,lie,84.5,,1,0.222,0.223,-0.001,1,38.6,0.049,0.031,18,question,8
2026-10-08 13:55:40.607,514.73,20261008_134705,วิว,question,13,612,manual,lie,84.5,,1,0.222,0.223,-0.002,1,38.6,0.049,0.031,18,question,8
2026-10-08 13:55:40.808,514.93,20261008_134705,วิว,question,13,612,manual,lie,84.5,,1,0.222,0.223,-0.001,1,38.6,0.049,0.031,18,question,8
2026-10-08 13:55:41.010,515.13,20261008_134705,วิว,question,13,612,manual,lie,84.5,,1,0.222,0.223,-0.001,1,38.6,0.049,0.031,18,question,8
2026-10-08 13:55:41.214,515.34,20261008_134705,วิว,question,13,612,manual,lie,84.5,,1,0.222,0.223,-0.001,1,38.6,0.049,0.031,18,question,8
2026-10-08 13:55:41.418,515.54,20261008_134705,วิว,question,13,612,manual,lie,84.5,,1,0.222,0.223,-0.001,1,38.61,0.049,0.031,18,question,8
2026-10-08 13:55:41.619,515.74,20261008_134705,วิว,question,13,612,manual,lie,84.5,,1,0.219,0.223,-0.004,1,38.52,0.049,0.031,18,question,8
2026-10-08 13:55:41.824,515.94,20261008_134705,วิว,question,13,612,manual,lie,84.5,,1,0.221,0.223,-0.002,1,38.53,0.049,0.031,18,question,8
2026-10-08 13:55:42.034,516.15,20261008_134705,วิว,question,13,612,manual,lie,84.5,,1,0.221,0.223,-0.002,1,38.54,0.049,0.031,18,question,8
2026-10-08 13:55:42.232,516.35,20261008_134705,วิว,question,13,612,manual,lie,84.5,,1,0.222,0.223,-0.001,1,38.55,0.049,0.031,18,question,8
2026-10-08 13:55:42.431,516.55,20261008_134705,วิว,question,13,612,manual,lie,84.5,,1,0.222,0.223,-0.001,1,38.56,0.049,0.031,18,question,8
2026-10-08 13:55:42.637,516.76,20261008_134705,วิว,question,13,612,manual,lie,84.5,,1,0.222,0.223,-0.001,1,38.56,0.049,0.031,18,question,8
2026-10-08 13:55:42.838,516.96,20261008_134705,วิว,question,13,612,manual,lie,84.5,,1,0.222,0.223,-0.001,1,38.56,0.049,0.031,18,question,8
2026-10-08 13:55:43.040,517.16,20261008_134705,วิว,question,13,612,manual,lie,84.5,,1,0.222,0.223,-0.001,1,38.57,0.049,0.031,18,question,8
2026-10-08 13:55:43.257,517.38,20261008_134705,วิว,question,13,612,manual,lie,84.5,,1,0.222,0.223,-0.001,1,38.57,0.049,0.031,18,question,8
2026-10-08 13:55:43.449,517.57,20261008_134705,วิว,question,13,612,manual,lie,84.5,,1,0.222,0.223,-0.001,1,38.58,0.049,0.031,18,question,8
2026-10-08 13:55:43.655,517.78,20261008_134705,วิว,question,13,612,manual,lie,84.5,,1,0.222,0.223,-0.001,1,38.58,0.049,0.031,18,question,8
2026-10-08 13:55:43.858,517.98,20261008_134705,วิว,question,13,612,manual,lie,84.5,,1,0.222,0.223,-0.001,1,38.58,0.049,0.031,18,question,8
2026-10-08 13:55:44.061,518.18,20261008_134705,วิว,question,13,612,manual,lie,84.5,,1,0.222,0.223,-0.001,1,38.59,0.049,0.031,18,question,8
2026-10-08 13:55:44.269,518.39,20261008_134705,วิว,question,13,612,manual,lie,84.5,,1,0.221,0.223,-0.001,1,38.59,0.049,0.031,18,question,8
2026-10-08 13:55:44.475,518.6,20261008_134705,วิว,question,13,612,manual,lie,84.5,,1,0.222,0.223,-0.001,1,38.6,0.049,0.031,18,question,8
2026-10-08 13:55:44.671,518.79,20261008_134705,วิว,question,13,612,manual,lie,84.5,,1,0.222,0.223,-0.001,1,38.6,0.049,0.031,18,question,8
2026-10-08 13:55:44.876,519.0,20261008_134705,วิว,question,13,612,manual,lie,84.5,,1,0.222,0.223,-0.001,1,38.6,0.049,0.031,18,question,8
2026-10-08 13:55:45.081,519.2,20261008_134705,วิว,question,13,612,manual,lie,84.5,,1,0.222,0.223,-0.001,1,38.6,0.049,0.031,18,question,8
2026-10-08 13:55:45.280,519.4,20261008_134705,วิว,question,13,612,manual,lie,84.5,,1,0.222,0.223,-0.001,1,38.6,0.049,0.031,18,question,8
2026-10-08 13:55:45.488,519.61,20261008_134705,วิว,question,13,612,manual,lie,84.5,,1,0.222,0.223,-0.001,1,38.6,0.049,0.031,18,question,8
2026-10-08 13:55:45.693,519.81,20261008_134705,วิว,question,13,612,manual,lie,84.5,,1,0.222,0.223,-0.001,1,38.6,0.049,0.031,18,question,8
2026-10-08 13:55:45.889,520.01,20261008_134705,วิว,recovery,13,612,manual,lie,84.5,,1,0.216,0.223,-0.007,1,38.5,0.049,0.031,18,ready,8
2026-10-08 13:55:46.092,520.21,20261008_134705,วิว,recovery,13,612,manual,lie,84.5,,1,0.218,0.223,-0.005,1,38.51,0.049,0.031,18,ready,8
2026-10-08 13:55:48.115,522.24,20261008_134705,วิว,rest,,,,,84.5,,1,0.222,0.222,-0.0,1,38.55,0.049,0.031,18,ready,8
2026-10-08 13:55:48.318,522.44,20261008_134705,วิว,rest,,,,,84.5,,1,0.222,0.222,-0.0,1,38.55,0.049,0.031,18,ready,8
2026-10-08 13:55:48.512,522.63,20261008_134705,วิว,rest,,,,,84.5,,1,0.222,0.222,-0.0,1,38.55,0.049,0.031,18,ready,8
2026-10-08 13:55:48.720,522.84,20261008_134705,วิว,rest,,,,,84.5,,1,0.222,0.222,0.0,1,38.55,0.049,0.031,18,ready,8
2026-10-08 13:55:48.924,523.05,20261008_134705,วิว,rest,,,,,84.5,,1,0.222,0.222,-0.0,1,38.56,0.049,0.031,18,ready,8
2026-10-08 13:55:49.125,523.25,20261008_134705,วิว,rest,,,,,84.5,,1,0.222,0.222,-0.001,1,38.57,0.049,0.031,18,ready,8
2026-10-08 13:55:49.331,523.45,20261008_134705,วิว,rest,,,,,84.5,,1,0.222,0.222,-0.001,1,38.57,0.049,0.031,18,ready,8
2026-10-08 13:55:49.532,523.65,20261008_134705,วิว,rest,,,,,84.5,,1,0.222,0.222,-0.0,1,38.57,0.049,0.031,18,ready,8
2026-10-08 13:55:49.735,523.86,20261008_134705,วิว,rest,,,,,84.5,,1,0.222,0.222,0.0,1,38.57,0.049,0.031,18,ready,8
2026-10-08 13:55:49.942,524.06,20261008_134705,วิว,rest,,,,,84.5,,1,0.223,0.222,0.001,1,38.58,0.049,0.031,18,ready,8
2026-10-08 13:55:50.142,524.26,20261008_134705,วิว,rest,,,,,84.5,,1,0.223,0.222,0.001,1,38.58,0.049,0.031,18,ready,8
2026-10-08 13:55:50.346,524.47,20261008_134705,วิว,rest,,,,,84.5,,1,0.223,0.222,0.001,1,38.58,0.049,0.031,18,ready,8
2026-10-08 13:55:50.552,524.67,20261008_134705,วิว,rest,,,,,84.5,,1,0.223,0.222,0.0,1,38.59,0.049,0.031,18,ready,8
2026-10-08 13:55:50.752,524.87,20261008_134705,วิว,rest,,,,,84.5,,1,0.222,0.222,-0.0,1,38.59,0.049,0.031,18,ready,8
2026-10-08 13:55:50.954,525.08,20261008_134705,วิว,rest,,,,,84.5,,1,0.223,0.222,0.001,1,38.5,0.049,0.031,18,ready,8
2026-10-08 13:55:51.166,525.29,20261008_134705,วิว,rest,,,,,84.5,,1,0.218,0.222,-0.004,1,38.51,0.049,0.031,18,ready,8
2026-10-08 13:55:51.366,525.49,20261008_134705,วิว,rest,,,,,84.5,,1,0.22,0.222,-0.002,1,38.52,0.049,0.031,18,ready,8
2026-10-08 13:55:51.575,525.7,20261008_134705,วิว,rest,,,,,84.5,,1,0.221,0.222,-0.001,1,38.53,0.049,0.031,18,ready,8
2026-10-08 13:55:51.772,525.89,20261008_134705,วิว,rest,,,,,84.5,,1,0.222,0.222,-0.0,1,38.54,0.049,0.031,18,ready,8
2026-10-08 13:55:51.972,526.09,20261008_134705,วิว,rest,,,,,84.5,,1,0.222,0.222,0.0,1,38.55,0.049,0.031,18,ready,8
2026-10-08 13:55:52.176,526.3,20261008_134705,วิว,rest,,,,,84.5,,1,0.222,0.222,0.0,1,38.56,0.049,0.031,18,ready,8
2026-10-08 13:55:52.382,526.5,20261008_134705,วิว,rest,,,,,84.5,,1,0.223,0.222,0.0,1,38.56,0.049,0.031,18,ready,8
2026-10-08 13:55:52.582,526.7,20261008_134705,วิว,rest,,,,,84.5,,1,0.223,0.222,0.0,1,38.57,0.049,0.031,18,ready,8
2026-10-08 13:55:52.784,526.9,20261008_134705,วิว,rest,,,,,84.5,,1,0.223,0.222,0.0,1,38.58,0.049,0.031,18,ready,8
2026-10-08 13:55:52.991,527.11,20261008_134705,วิว,rest,,,,,84.5,,1,0.223,0.222,0.001,1,38.58,0.049,0.031,18,ready,8
2026-10-08 13:55:53.193,527.31,20261008_134705,วิว,rest,,,,,84.5,,1,0.223,0.222,0.001,1,38.58,0.049,0.031,18,ready,8
2026-10-08 13:55:53.399,527.52,20261008_134705,วิว,rest,,,,,84.5,,1,0.223,0.222,0.001,1,38.59,0.049,0.031,18,ready,8
2026-10-08 13:55:53.603,527.72,20261008_134705,วิว,rest,,,,,84.5,,1,0.223,0.222,0.001,1,38.59,0.049,0.031,18,ready,8
2026-10-08 13:55:53.804,527.92,20261008_134705,วิว,rest,,,,,84.5,,1,0.223,0.222,0.001,1,38.59,0.049,0.031,18,ready,8
2026-10-08 13:55:54.008,528.13,20261008_134705,วิว,rest,,,,,84.5,,1,0.223,0.222,0.0,1,38.6,0.049,0.031,18,ready,8
2026-10-08 13:55:54.214,528.33,20261008_134705,วิว,rest,,,,,84.5,,1,0.223,0.222,0.001,1,38.6,0.049,0.031,18,ready,8
2026-10-08 13:55:54.412,528.53,20261008_134705,วิว,rest,,,,,84.5,,1,0.223,0.222,0.0,1,38.61,0.049,0.031,18,ready,8
2026-10-08 13:55:54.614,528.74,20261008_134705,วิว,rest,,,,,84.5,,1,0.223,0.222,0.0,1,38.61,0.049,0.031,18,ready,8
2026-10-08 13:55:54.820,528.94,20261008_134705,วิว,rest,,,,,84.5,,1,0.222,0.222,0.0,1,38.62,0.049,0.031,18,ready,8
2026-10-08 13:55:55.035,529.16,20261008_134705,วิว,question,14,613,manual,lie,84.5,,1,0.223,0.222,0.0,1,38.62,0.049,0.031,18,question,8
2026-10-08 13:55:55.230,529.35,20261008_134705,วิว,question,14,613,manual,lie,84.5,,1,0.222,0.222,0.0,1,38.64,0.049,0.031,18,question,8
2026-10-08 13:55:55.434,529.55,20261008_134705,วิว,question,14,613,manual,lie,84.5,,1,0.219,0.222,-0.003,1,38.56,0.049,0.031,18,question,8
2026-10-08 13:55:55.634,529.76,20261008_134705,วิว,question,14,613,manual,lie,84.5,,1,0.22,0.222,-0.002,1,38.56,0.049,0.031,18,question,8
2026-10-08 13:55:55.840,529.96,20261008_134705,วิว,question,14,613,manual,lie,84.5,,1,0.222,0.222,-0.001,1,38.57,0.049,0.031,18,question,8
2026-10-08 13:55:56.043,530.16,20261008_134705,วิว,question,14,613,manual,lie,84.5,,1,0.222,0.222,-0.0,1,38.58,0.049,0.031,18,question,8
2026-10-08 13:55:56.249,530.37,20261008_134705,วิว,question,14,613,manual,lie,84.5,,1,0.222,0.222,0.0,1,38.58,0.049,0.031,18,question,8
2026-10-08 13:55:56.453,530.57,20261008_134705,วิว,question,14,613,manual,lie,84.5,,1,0.223,0.222,0.0,1,38.58,0.049,0.031,18,question,8
2026-10-08 13:55:56.659,530.78,20261008_134705,วิว,question,14,613,manual,lie,84.5,,1,0.223,0.222,0.001,1,38.59,0.049,0.031,18,question,8
2026-10-08 13:55:56.855,530.98,20261008_134705,วิว,question,14,613,manual,lie,84.5,,1,0.223,0.222,0.001,1,38.59,0.049,0.031,18,question,8
2026-10-08 13:55:57.061,531.18,20261008_134705,วิว,question,14,613,manual,lie,84.5,,1,0.223,0.222,0.001,1,38.6,0.049,0.031,18,question,8
2026-10-08 13:55:57.266,531.39,20261008_134705,วิว,question,14,613,manual,lie,84.5,,1,0.223,0.222,0.001,1,38.6,0.049,0.031,18,question,8
2026-10-08 13:55:57.464,531.58,20261008_134705,วิว,question,14,613,manual,lie,84.5,,1,0.223,0.222,0.001,1,38.6,0.049,0.031,18,question,8
2026-10-08 13:55:57.673,531.79,20261008_134705,วิว,question,14,613,manual,lie,84.5,,1,0.223,0.222,0.001,1,38.6,0.049,0.031,18,question,8
2026-10-08 13:55:57.874,531.99,20261008_134705,วิว,question,14,613,manual,lie,84.5,,1,0.223,0.222,0.001,1,38.61,0.049,0.031,18,question,8
2026-10-08 13:55:58.074,532.2,20261008_134705,วิว,question,14,613,manual,lie,84.5,,1,0.223,0.222,0.001,1,38.61,0.049,0.031,18,question,8
2026-10-08 13:55:58.282,532.4,20261008_134705,วิว,question,14,613,manual,lie,84.5,,1,0.223,0.222,0.0,1,38.61,0.049,0.031,18,question,8
2026-10-08 13:55:58.483,532.6,20261008_134705,วิว,question,14,613,manual,lie,84.5,,1,0.223,0.222,0.0,1,38.61,0.049,0.031,18,question,8
2026-10-08 13:55:58.687,532.81,20261008_134705,วิว,question,14,613,manual,lie,84.5,,1,0.223,0.222,0.001,1,38.61,0.049,0.031,18,question,8
2026-10-08 13:55:58.892,533.01,20261008_134705,วิว,question,14,613,manual,lie,84.5,,1,0.222,0.222,0.0,1,38.61,0.049,0.031,18,question,8
2026-10-08 13:55:59.099,533.22,20261008_134705,วิว,question,14,613,manual,lie,84.5,,1,0.223,0.222,0.0,1,38.61,0.049,0.031,18,question,8
2026-10-08 13:55:59.301,533.42,20261008_134705,วิว,question,14,613,manual,lie,84.5,,1,0.223,0.222,0.0,1,38.62,0.049,0.031,18,question,8
2026-10-08 13:55:59.500,533.62,20261008_134705,วิว,question,14,613,manual,lie,84.5,,1,0.223,0.222,0.0,1,38.62,0.049,0.031,18,question,8
2026-10-08 13:55:59.702,533.82,20261008_134705,วิว,question,14,613,manual,lie,84.5,,1,0.218,0.222,-0.005,1,38.52,0.049,0.031,18,question,8
2026-10-08 13:55:59.905,534.03,20261008_134705,วิว,question,14,613,manual,lie,84.5,,1,0.219,0.222,-0.003,1,38.53,0.049,0.031,18,question,8
2026-10-08 13:56:00.111,534.23,20261008_134705,วิว,question,14,613,manual,lie,84.5,,1,0.22,0.222,-0.002,1,38.54,0.049,0.031,18,question,8
2026-10-08 13:56:00.312,534.43,20261008_134705,วิว,question,14,613,manual,lie,84.5,,1,0.222,0.222,-0.0,1,38.55,0.049,0.031,18,question,8
2026-10-08 13:56:00.518,534.64,20261008_134705,วิว,question,14,613,manual,lie,84.5,,1,0.222,0.222,0.0,1,38.56,0.049,0.031,18,question,8
2026-10-08 13:56:00.722,534.84,20261008_134705,วิว,question,14,613,manual,lie,84.5,,1,0.222,0.222,-0.0,1,38.58,0.049,0.031,18,question,8
2026-10-08 13:56:00.926,535.05,20261008_134705,วิว,question,14,613,manual,lie,84.5,,1,0.222,0.222,-0.0,1,38.59,0.049,0.031,18,question,8
2026-10-08 13:56:01.131,535.25,20261008_134705,วิว,question,14,613,manual,lie,84.5,,1,0.223,0.222,0.001,1,38.59,0.049,0.031,18,question,8
2026-10-08 13:56:01.332,535.45,20261008_134705,วิว,question,14,613,manual,lie,84.5,,1,0.223,0.222,0.001,1,38.59,0.049,0.031,18,question,9
2026-10-08 13:56:01.536,535.66,20261008_134705,วิว,question,14,613,manual,lie,84.5,,1,0.223,0.222,0.001,1,38.6,0.049,0.031,18,question,9
2026-10-08 13:56:01.740,535.86,20261008_134705,วิว,question,14,613,manual,lie,84.5,,1,0.223,0.222,0.001,1,38.6,0.049,0.031,18,question,9
2026-10-08 13:56:01.945,536.07,20261008_134705,วิว,question,14,613,manual,lie,84.5,,1,0.223,0.222,0.001,1,38.6,0.049,0.031,18,question,9
2026-10-08 13:56:02.144,536.26,20261008_134705,วิว,question,14,613,manual,lie,84.5,,1,0.223,0.222,0.0,1,38.61,0.049,0.031,18,question,9
2026-10-08 13:56:02.350,536.47,20261008_134705,วิว,question,14,613,manual,lie,84.5,,1,0.223,0.222,0.001,1,38.61,0.049,0.031,18,question,9
2026-10-08 13:56:02.552,536.67,20261008_134705,วิว,question,14,613,manual,lie,84.5,,1,0.223,0.222,0.001,1,38.61,0.049,0.031,18,question,9
2026-10-08 13:56:02.756,536.88,20261008_134705,วิว,question,14,613,manual,lie,84.5,,1,0.223,0.222,0.0,1,38.62,0.049,0.031,18,question,8
2026-10-08 13:56:02.960,537.08,20261008_134705,วิว,question,14,613,manual,lie,84.5,,1,0.223,0.222,0.0,1,38.62,0.049,0.031,18,question,8
2026-10-08 13:56:03.162,537.28,20261008_134705,วิว,question,14,613,manual,lie,84.5,,1,0.222,0.222,0.0,1,38.62,0.049,0.031,18,question,8
2026-10-08 13:56:03.364,537.49,20261008_134705,วิว,question,14,613,manual,lie,84.5,,1,0.223,0.222,0.0,1,38.62,0.049,0.031,18,question,8
2026-10-08 13:56:03.570,537.69,20261008_134705,วิว,question,14,613,manual,lie,84.5,,1,0.223,0.222,0.0,1,38.62,0.049,0.031,18,question,8
2026-10-08 13:56:03.773,537.89,20261008_134705,วิว,question,14,613,manual,lie,84.5,,1,0.223,0.222,0.001,1,38.57,0.049,0.031,18,question,8
2026-10-08 13:56:03.978,538.1,20261008_134705,วิว,question,14,613,manual,lie,84.5,,1,0.22,0.222,-0.002,1,38.57,0.049,0.031,18,question,8
2026-10-08 13:56:04.183,538.3,20261008_134705,วิว,question,14,613,manual,lie,84.5,,1,0.221,0.222,-0.001,1,38.58,0.049,0.031,18,question,8
2026-10-08 13:56:04.382,538.5,20261008_134705,วิว,question,14,613,manual,lie,84.5,,1,0.222,0.222,-0.001,1,38.58,0.049,0.031,18,question,8
2026-10-08 13:56:04.584,538.71,20261008_134705,วิว,question,14,613,manual,lie,84.5,,1,0.222,0.222,-0.001,1,38.59,0.049,0.031,18,question,8
2026-10-08 13:56:04.790,538.91,20261008_134705,วิว,question,14,613,manual,lie,84.5,,1,0.223,0.222,0.0,1,38.59,0.049,0.031,18,question,8
2026-10-08 13:56:04.993,539.11,20261008_134705,วิว,question,14,613,manual,lie,84.5,,1,0.223,0.222,0.001,1,38.6,0.049,0.031,18,question,8
2026-10-08 13:56:05.195,539.32,20261008_134705,วิว,question,14,613,manual,lie,84.5,,1,0.223,0.222,0.001,1,38.6,0.049,0.031,18,question,8
2026-10-08 13:56:05.405,539.53,20261008_134705,วิว,question,14,613,manual,lie,84.5,,1,0.223,0.222,0.0,1,38.6,0.049,0.031,18,question,8
2026-10-08 13:56:05.606,539.73,20261008_134705,วิว,question,14,613,manual,lie,84.5,,1,0.222,0.222,0.0,1,38.61,0.049,0.031,18,question,8
2026-10-08 13:56:05.804,539.92,20261008_134705,วิว,question,14,613,manual,lie,84.5,,1,0.222,0.222,0.0,1,38.61,0.049,0.031,18,question,8
2026-10-08 13:56:06.010,540.13,20261008_134705,วิว,question,14,613,manual,lie,84.5,,1,0.222,0.222,-0.0,1,38.61,0.049,0.031,18,question,8
2026-10-08 13:56:06.214,540.33,20261008_134705,วิว,question,14,613,manual,lie,84.5,,1,0.222,0.222,-0.0,1,38.61,0.049,0.031,18,question,8
2026-10-08 13:56:06.415,540.54,20261008_134705,วิว,question,14,613,manual,lie,84.5,,1,0.222,0.222,0.0,1,38.63,0.049,0.031,18,question,8
2026-10-08 13:56:06.620,540.74,20261008_134705,วิว,question,14,613,manual,lie,84.5,,1,0.222,0.222,0.0,1,38.64,0.049,0.031,18,question,8
2026-10-08 13:56:06.822,540.94,20261008_134705,วิว,recovery,14,613,manual,lie,84.5,,1,0.222,0.222,0.0,1,38.64,0.049,0.031,18,ready,8
2026-10-08 13:56:07.028,541.15,20261008_134705,วิว,recovery,14,613,manual,lie,84.5,,1,0.222,0.222,0.0,1,38.64,0.049,0.031,18,ready,8
2026-10-08 13:56:07.227,541.35,20261008_134705,วิว,recovery,14,613,manual,lie,84.5,,1,0.222,0.222,-0.0,1,38.64,0.049,0.031,18,ready,8
2026-10-08 13:56:07.429,541.55,20261008_134705,วิว,recovery,14,613,manual,lie,84.5,,1,0.222,0.222,-0.0,1,38.64,0.049,0.031,18,ready,8
2026-10-08 13:56:07.645,541.77,20261008_134705,วิว,recovery,14,613,manual,lie,84.5,,1,0.222,0.222,0.0,1,38.64,0.049,0.031,18,ready,8
2026-10-08 13:56:07.838,541.96,20261008_134705,วิว,rest,,,,,84.5,,1,0.223,0.222,0.0,1,38.64,0.049,0.031,18,ready,8
2026-10-08 13:56:08.044,542.16,20261008_134705,วิว,rest,,,,,84.5,,1,0.222,0.222,0.0,1,38.64,0.049,0.031,18,ready,8
2026-10-08 13:56:08.247,542.37,20261008_134705,วิว,rest,,,,,84.5,,1,0.222,0.222,-0.0,1,38.64,0.049,0.031,18,ready,8
2026-10-08 13:56:08.449,542.57,20261008_134705,วิว,rest,,,,,84.5,,1,0.222,0.222,0.0,1,38.64,0.049,0.031,18,ready,8
2026-10-08 13:56:08.658,542.78,20261008_134705,วิว,rest,,,,,84.5,,1,0.223,0.222,0.0,1,38.63,0.049,0.031,18,ready,8
2026-10-08 13:56:08.861,542.98,20261008_134705,วิว,rest,,,,,84.5,,1,0.223,0.222,0.0,1,38.64,0.049,0.031,18,ready,8
2026-10-08 13:56:09.074,543.2,20261008_134705,วิว,rest,,,,,84.5,,1,0.223,0.222,0.001,1,38.64,0.049,0.031,18,ready,8
2026-10-08 13:56:09.261,543.38,20261008_134705,วิว,rest,,,,,84.5,,1,0.223,0.222,0.0,1,38.64,0.049,0.031,18,ready,8
2026-10-08 13:56:09.465,543.59,20261008_134705,วิว,rest,,,,,84.5,,1,0.223,0.222,0.0,1,38.63,0.049,0.031,18,ready,8
2026-10-08 13:56:09.670,543.79,20261008_134705,วิว,rest,,,,,84.5,,1,0.218,0.222,-0.004,1,38.57,0.049,0.031,18,ready,8
2026-10-08 13:56:09.869,543.99,20261008_134705,วิว,rest,,,,,84.5,,1,0.22,0.222,-0.002,1,38.58,0.049,0.031,18,ready,8
2026-10-08 13:56:10.075,544.2,20261008_134705,วิว,rest,,,,,84.5,,1,0.221,0.222,-0.001,1,38.58,0.049,0.031,18,ready,8
2026-10-08 13:56:10.277,544.4,20261008_134705,วิว,rest,,,,,84.5,,1,0.221,0.222,-0.001,1,38.59,0.049,0.031,18,ready,8
2026-10-08 13:56:10.480,544.6,20261008_134705,วิว,rest,,,,,84.5,,1,0.222,0.222,0.0,1,38.6,0.049,0.031,18,ready,8
2026-10-08 13:56:10.685,544.81,20261008_134705,วิว,rest,,,,,84.5,,1,0.222,0.222,0.0,1,38.6,0.049,0.031,18,ready,8
2026-10-08 13:56:10.891,545.01,20261008_134705,วิว,rest,,,,,84.5,,1,0.222,0.222,-0.0,1,38.6,0.049,0.031,18,ready,8
2026-10-08 13:56:11.099,545.22,20261008_134705,วิว,rest,,,,,84.5,,1,0.222,0.222,-0.0,1,38.61,0.049,0.031,18,ready,8
2026-10-08 13:56:11.296,545.42,20261008_134705,วิว,rest,,,,,84.5,,1,0.222,0.222,-0.0,1,38.61,0.049,0.031,18,ready,8
2026-10-08 13:56:11.498,545.62,20261008_134705,วิว,rest,,,,,84.5,,1,0.222,0.222,0.0,1,38.61,0.049,0.031,18,ready,8
2026-10-08 13:56:11.702,545.82,20261008_134705,วิว,rest,,,,,84.5,,1,0.222,0.222,0.0,1,38.62,0.049,0.031,18,ready,8
2026-10-08 13:56:11.908,546.03,20261008_134705,วิว,rest,,,,,84.5,,1,0.223,0.222,0.0,1,38.62,0.049,0.031,18,ready,8
2026-10-08 13:56:12.107,546.23,20261008_134705,วิว,rest,,,,,84.5,,1,0.222,0.222,0.0,1,38.62,0.049,0.031,18,ready,8
2026-10-08 13:56:12.309,546.43,20261008_134705,วิว,rest,,,,,84.5,,1,0.222,0.222,-0.0,1,38.63,0.049,0.031,18,ready,8
2026-10-08 13:56:12.515,546.64,20261008_134705,วิว,rest,,,,,84.5,,1,0.222,0.222,0.0,1,38.63,0.049,0.031,18,ready,8
2026-10-08 13:56:12.717,546.84,20261008_134705,วิว,rest,,,,,84.5,,1,0.222,0.222,0.0,1,38.63,0.049,0.031,18,ready,8
2026-10-08 13:56:12.925,547.05,20261008_134705,วิว,rest,,,,,84.5,,1,0.222,0.222,-0.0,1,38.63,0.049,0.031,18,ready,8
2026-10-08 13:56:13.125,547.25,20261008_134705,วิว,rest,,,,,84.5,,1,0.222,0.222,-0.001,1,38.63,0.049,0.031,18,ready,8
2026-10-08 13:56:13.334,547.45,20261008_134705,วิว,recovery,15,614,manual,truth,84.5,,1,0.222,0.222,-0.0,1,38.63,0.049,0.031,18,ready,8
2026-10-08 13:56:13.535,547.66,20261008_134705,วิว,question,15,614,manual,truth,84.5,,1,0.222,0.222,-0.0,1,38.64,0.049,0.031,18,question,8
2026-10-08 13:56:13.744,547.86,20261008_134705,วิว,question,15,614,manual,truth,84.5,,1,0.222,0.222,-0.0,1,38.64,0.049,0.031,18,question,8
2026-10-08 13:56:13.946,548.07,20261008_134705,วิว,question,15,614,manual,truth,84.5,,1,0.223,0.222,0.0,1,38.56,0.049,0.031,18,question,9
2026-10-08 13:56:14.148,548.27,20261008_134705,วิว,question,15,614,manual,truth,84.5,,1,0.222,0.222,0.0,1,38.57,0.049,0.031,18,question,8
2026-10-08 13:56:14.356,548.48,20261008_134705,วิว,question,15,614,manual,truth,84.5,,1,0.222,0.222,-0.0,1,38.59,0.049,0.031,18,question,8
2026-10-08 13:56:14.557,548.68,20261008_134705,วิว,question,15,614,manual,truth,84.5,,1,0.222,0.222,0.0,1,38.59,0.049,0.031,18,question,8
2026-10-08 13:56:14.759,548.88,20261008_134705,วิว,question,15,614,manual,truth,84.5,,1,0.222,0.222,-0.0,1,38.6,0.049,0.031,18,question,8
2026-10-08 13:56:14.967,549.09,20261008_134705,วิว,question,15,614,manual,truth,84.5,,1,0.222,0.222,0.0,1,38.6,0.049,0.031,18,question,8
2026-10-08 13:56:15.168,549.29,20261008_134705,วิว,question,15,614,manual,truth,84.5,,1,0.222,0.222,0.0,1,38.61,0.049,0.031,18,question,8
2026-10-08 13:56:15.372,549.49,20261008_134705,วิว,question,15,614,manual,truth,84.5,,1,0.222,0.222,-0.0,1,38.61,0.049,0.031,18,question,8
2026-10-08 13:56:15.577,549.7,20261008_134705,วิว,question,15,614,manual,truth,84.5,,1,0.222,0.222,-0.0,1,38.62,0.049,0.031,18,question,8
2026-10-08 13:56:15.783,549.9,20261008_134705,วิว,question,15,614,manual,truth,84.5,,1,0.222,0.222,0.0,1,38.62,0.049,0.031,18,question,8
2026-10-08 13:56:15.980,550.1,20261008_134705,วิว,question,15,614,manual,truth,84.5,,1,0.222,0.222,-0.0,1,38.63,0.049,0.031,18,question,8
2026-10-08 13:56:16.186,550.31,20261008_134705,วิว,question,15,614,manual,truth,84.5,,1,0.222,0.222,-0.0,1,38.63,0.049,0.031,18,question,8
2026-10-08 13:56:16.387,550.51,20261008_134705,วิว,question,15,614,manual,truth,84.5,,1,0.222,0.222,-0.0,1,38.63,0.049,0.031,18,question,8
2026-10-08 13:56:16.589,550.71,20261008_134705,วิว,question,15,614,manual,truth,84.5,,1,0.222,0.222,-0.0,1,38.63,0.049,0.031,18,question,8
2026-10-08 13:56:16.795,550.92,20261008_134705,วิว,question,15,614,manual,truth,84.5,,1,0.222,0.222,-0.0,1,38.64,0.049,0.031,18,question,8
2026-10-08 13:56:16.999,551.12,20261008_134705,วิว,question,15,614,manual,truth,84.5,,1,0.222,0.222,-0.0,1,38.64,0.049,0.031,18,question,8
2026-10-08 13:56:17.200,551.32,20261008_134705,วิว,question,15,614,manual,truth,84.5,,1,0.222,0.222,-0.0,1,38.64,0.049,0.031,18,question,8
2026-10-08 13:56:17.407,551.53,20261008_134705,วิว,question,15,614,manual,truth,84.5,,1,0.222,0.222,-0.0,1,38.64,0.049,0.031,18,question,8
2026-10-08 13:56:17.607,551.73,20261008_134705,วิว,question,15,614,manual,truth,84.5,,1,0.222,0.222,-0.0,1,38.64,0.049,0.031,18,question,8
2026-10-08 13:56:17.812,551.93,20261008_134705,วิว,question,15,614,manual,truth,84.5,,1,0.222,0.222,-0.0,1,38.64,0.049,0.031,18,question,8
2026-10-08 13:56:18.015,552.14,20261008_134705,วิว,question,15,614,manual,truth,84.5,,1,0.222,0.222,-0.0,1,38.64,0.049,0.031,18,question,8
2026-10-08 13:56:18.217,552.34,20261008_134705,วิว,question,15,614,manual,truth,84.5,,1,0.218,0.222,-0.004,1,38.56,0.049,0.031,18,question,9
2026-10-08 13:56:18.419,552.54,20261008_134705,วิว,question,15,614,manual,truth,84.5,,1,0.219,0.222,-0.003,1,38.57,0.049,0.031,18,question,8
2026-10-08 13:56:18.626,552.75,20261008_134705,วิว,question,15,614,manual,truth,84.5,,1,0.22,0.222,-0.002,1,38.59,0.049,0.031,18,question,9
2026-10-08 13:56:18.829,552.95,20261008_134705,วิว,question,15,614,manual,truth,84.5,,1,0.221,0.222,-0.001,1,38.59,0.049,0.031,18,question,9
2026-10-08 13:56:19.031,553.15,20261008_134705,วิว,question,15,614,manual,truth,84.5,,1,0.221,0.222,-0.001,1,38.6,0.049,0.031,18,question,8
2026-10-08 13:56:19.237,553.36,20261008_134705,วิว,question,15,614,manual,truth,84.5,,1,0.222,0.222,-0.0,1,38.61,0.049,0.031,18,question,9
2026-10-08 13:56:19.438,553.56,20261008_134705,วิว,question,15,614,manual,truth,84.5,,1,0.222,0.222,-0.0,1,38.61,0.049,0.031,18,question,8
2026-10-08 13:56:19.639,553.76,20261008_134705,วิว,question,15,614,manual,truth,84.5,,1,0.222,0.222,-0.0,1,38.61,0.049,0.031,18,question,8
2026-10-08 13:56:19.848,553.97,20261008_134705,วิว,question,15,614,manual,truth,84.5,,1,0.222,0.222,-0.0,1,38.62,0.049,0.031,18,question,8
2026-10-08 13:56:20.047,554.17,20261008_134705,วิว,question,15,614,manual,truth,84.5,,1,0.222,0.222,-0.0,1,38.63,0.049,0.031,18,question,8
2026-10-08 13:56:20.249,554.37,20261008_134705,วิว,question,15,614,manual,truth,84.5,,1,0.222,0.222,-0.0,1,38.63,0.049,0.031,18,question,8
2026-10-08 13:56:20.458,554.58,20261008_134705,วิว,question,15,614,manual,truth,84.5,,1,0.222,0.222,-0.0,1,38.64,0.049,0.031,18,question,8
2026-10-08 13:56:20.657,554.78,20261008_134705,วิว,question,15,614,manual,truth,84.5,,1,0.222,0.222,-0.0,1,38.64,0.049,0.031,18,question,8
2026-10-08 13:56:20.861,554.98,20261008_134705,วิว,question,15,614,manual,truth,84.5,,1,0.222,0.222,-0.0,1,38.65,0.049,0.031,18,question,8
2026-10-08 13:56:21.066,555.19,20261008_134705,วิว,question,15,614,manual,truth,84.5,,1,0.221,0.222,-0.0,1,38.65,0.049,0.031,18,question,9
2026-10-08 13:56:21.267,555.39,20261008_134705,วิว,question,15,614,manual,truth,84.5,,1,0.222,0.222,-0.0,1,38.65,0.049,0.031,18,question,8
2026-10-08 13:56:21.469,555.59,20261008_134705,วิว,question,15,614,manual,truth,84.5,,1,0.221,0.222,-0.0,1,38.65,0.049,0.031,18,question,8
2026-10-08 13:56:21.676,555.8,20261008_134705,วิว,question,15,614,manual,truth,84.5,,1,0.221,0.222,-0.001,1,38.65,0.049,0.031,18,question,8
2026-10-08 13:56:21.880,556.0,20261008_134705,วิว,question,15,614,manual,truth,84.5,,1,0.221,0.222,-0.0,1,38.65,0.049,0.031,18,question,8
2026-10-08 13:56:22.079,556.2,20261008_134705,วิว,question,15,614,manual,truth,84.5,,1,0.221,0.222,-0.001,1,38.65,0.049,0.031,18,question,8
2026-10-08 13:56:22.285,556.41,20261008_134705,วิว,question,15,614,manual,truth,84.5,,1,0.221,0.222,-0.001,1,38.67,0.049,0.031,18,question,8
2026-10-08 13:56:22.487,556.61,20261008_134705,วิว,question,15,614,manual,truth,84.5,,1,0.214,0.222,-0.007,1,38.57,0.049,0.031,18,question,8
2026-10-08 13:56:22.689,556.81,20261008_134705,วิว,question,15,614,manual,truth,84.5,,1,0.217,0.222,-0.005,1,38.58,0.049,0.031,18,question,8
2026-10-08 13:56:22.896,557.02,20261008_134705,วิว,question,15,614,manual,truth,84.5,,1,0.219,0.222,-0.003,1,38.59,0.049,0.031,18,question,8
2026-10-08 13:56:23.100,557.22,20261008_134705,วิว,question,15,614,manual,truth,84.5,,1,0.22,0.222,-0.002,1,38.59,0.049,0.031,18,question,8
2026-10-08 13:56:23.302,557.42,20261008_134705,วิว,question,15,614,manual,truth,84.5,,1,0.22,0.222,-0.001,1,38.6,0.049,0.031,18,question,8
2026-10-08 13:56:23.506,557.63,20261008_134705,วิว,question,15,614,manual,truth,84.5,,1,0.221,0.222,-0.001,1,38.61,0.049,0.031,18,question,8
2026-10-08 13:56:23.708,557.83,20261008_134705,วิว,question,15,614,manual,truth,84.5,,1,0.221,0.222,-0.0,1,38.61,0.049,0.031,18,question,8
2026-10-08 13:56:23.914,558.03,20261008_134705,วิว,question,15,614,manual,truth,84.5,,1,0.221,0.222,-0.001,1,38.62,0.049,0.031,18,question,8
2026-10-08 13:56:24.122,558.24,20261008_134705,วิว,question,15,614,manual,truth,84.5,,1,0.221,0.222,-0.0,1,38.62,0.049,0.031,18,question,8
2026-10-08 13:56:24.317,558.44,20261008_134705,วิว,question,15,614,manual,truth,84.5,,1,0.221,0.222,-0.001,1,38.62,0.049,0.031,18,question,8
2026-10-08 13:56:24.519,558.64,20261008_134705,วิว,question,15,614,manual,truth,84.5,,1,0.221,0.222,-0.001,1,38.63,0.049,0.031,18,question,8
2026-10-08 13:56:24.725,558.85,20261008_134705,วิว,question,15,614,manual,truth,84.5,,1,0.221,0.222,-0.0,1,38.63,0.049,0.031,18,question,8
2026-10-08 13:56:24.928,559.05,20261008_134705,วิว,question,15,614,manual,truth,84.5,,1,0.221,0.222,-0.0,1,38.63,0.049,0.031,18,question,8
2026-10-08 13:56:25.129,559.25,20261008_134705,วิว,question,15,614,manual,truth,84.5,,1,0.221,0.222,-0.0,1,38.64,0.049,0.031,18,question,8
2026-10-08 13:56:25.333,559.45,20261008_134705,วิว,recovery,15,614,manual,truth,84.5,,1,0.221,0.222,-0.0,1,38.64,0.049,0.031,18,ready,8
2026-10-08 13:56:25.539,559.66,20261008_134705,วิว,recovery,15,614,manual,truth,84.5,,1,0.221,0.222,-0.0,1,38.65,0.049,0.031,18,ready,8
2026-10-08 13:56:25.742,559.86,20261008_134705,วิว,recovery,15,614,manual,truth,84.5,,1,0.221,0.222,-0.0,1,38.65,0.049,0.031,18,ready,8
2026-10-08 13:56:25.947,560.07,20261008_134705,วิว,recovery,15,614,manual,truth,84.5,,1,0.221,0.222,-0.0,1,38.65,0.049,0.031,18,ready,8
2026-10-08 13:56:26.151,560.27,20261008_134705,วิว,rest,,,,,84.5,,1,0.221,0.222,-0.001,1,38.65,0.049,0.031,18,ready,8
2026-10-08 13:56:26.352,560.47,20261008_134705,วิว,rest,,,,,84.5,,1,0.221,0.222,-0.001,1,38.66,0.049,0.031,18,ready,8
2026-10-08 13:56:26.553,560.67,20261008_134705,วิว,rest,,,,,84.5,,1,0.221,0.222,-0.001,1,38.66,0.049,0.031,18,ready,8
2026-10-08 13:56:26.758,560.88,20261008_134705,วิว,rest,,,,,84.5,,1,0.22,0.222,-0.001,1,38.66,0.049,0.031,18,ready,8
2026-10-08 13:56:26.960,561.08,20261008_134705,วิว,rest,,,,,84.5,,1,0.22,0.222,-0.001,1,38.66,0.049,0.031,18,ready,8
2026-10-08 13:56:27.167,561.29,20261008_134705,วิว,rest,,,,,84.5,,1,0.221,0.222,-0.001,1,38.67,0.049,0.031,18,ready,8
2026-10-08 13:56:27.369,561.49,20261008_134705,วิว,rest,,,,,84.5,,1,0.217,0.221,-0.005,1,38.59,0.049,0.031,18,ready,8
2026-10-08 13:56:27.572,561.69,20261008_134705,วิว,rest,,,,,84.5,,1,0.218,0.221,-0.003,1,38.59,0.049,0.031,18,ready,8
2026-10-08 13:56:27.777,561.9,20261008_134705,วิว,rest,,,,,84.5,,1,0.219,0.221,-0.002,1,38.6,0.049,0.031,18,ready,8
2026-10-08 13:56:27.982,562.1,20261008_134705,วิว,question,16,615,manual,lie,84.5,,1,0.219,0.221,-0.002,1,38.61,0.049,0.031,18,question,8
2026-10-08 13:56:28.188,562.31,20261008_134705,วิว,question,16,615,manual,lie,84.5,,1,0.22,0.221,-0.001,1,38.61,0.049,0.031,18,question,8
2026-10-08 13:56:28.391,562.51,20261008_134705,วิว,question,16,615,manual,lie,84.5,,1,0.22,0.221,-0.001,1,38.61,0.049,0.031,18,question,8
2026-10-08 13:56:28.598,562.72,20261008_134705,วิว,question,16,615,manual,lie,84.5,,1,0.221,0.221,-0.0,1,38.62,0.049,0.031,18,question,8
2026-10-08 13:56:28.800,562.92,20261008_134705,วิว,question,16,615,manual,lie,84.5,,1,0.221,0.221,-0.0,1,38.62,0.049,0.031,18,question,8
2026-10-08 13:56:29.002,563.12,20261008_134705,วิว,question,16,615,manual,lie,84.5,,1,0.22,0.221,-0.001,1,38.63,0.049,0.031,18,question,8
2026-10-08 13:56:29.207,563.33,20261008_134705,วิว,question,16,615,manual,lie,84.5,,1,0.22,0.221,-0.001,1,38.63,0.049,0.031,18,question,8
2026-10-08 13:56:29.410,563.53,20261008_134705,วิว,question,16,615,manual,lie,84.5,,1,0.22,0.221,-0.001,1,38.63,0.049,0.031,18,question,8
2026-10-08 13:56:29.612,563.73,20261008_134705,วิว,question,16,615,manual,lie,84.5,,1,0.221,0.221,-0.001,1,38.64,0.049,0.031,18,question,8
2026-10-08 13:56:29.813,563.93,20261008_134705,วิว,question,16,615,manual,lie,84.5,,1,0.221,0.221,-0.001,1,38.64,0.049,0.031,18,question,8
2026-10-08 13:56:30.020,564.14,20261008_134705,วิว,question,16,615,manual,lie,84.5,,1,0.221,0.221,-0.0,1,38.65,0.049,0.031,18,question,8
2026-10-08 13:56:30.220,564.34,20261008_134705,วิว,question,16,615,manual,lie,84.5,,1,0.22,0.221,-0.001,1,38.65,0.049,0.031,18,question,8
2026-10-08 13:56:30.421,564.54,20261008_134705,วิว,question,16,615,manual,lie,84.5,,1,0.22,0.221,-0.001,1,38.65,0.049,0.031,18,question,8
2026-10-08 13:56:30.625,564.75,20261008_134705,วิว,question,16,615,manual,lie,84.5,,1,0.22,0.221,-0.001,1,38.65,0.049,0.031,18,question,8
2026-10-08 13:56:30.827,564.95,20261008_134705,วิว,question,16,615,manual,lie,84.5,,1,0.221,0.221,-0.0,1,38.65,0.049,0.031,18,question,8
2026-10-08 13:56:31.031,565.15,20261008_134705,วิว,question,16,615,manual,lie,84.5,,1,0.221,0.221,-0.001,1,38.66,0.049,0.031,18,question,8
2026-10-08 13:56:31.237,565.36,20261008_134705,วิว,question,16,615,manual,lie,84.5,,1,0.221,0.221,-0.001,1,38.65,0.049,0.031,18,question,8
2026-10-08 13:56:31.433,565.55,20261008_134705,วิว,question,16,615,manual,lie,84.5,,1,0.218,0.221,-0.003,1,38.57,0.049,0.031,18,question,8
2026-10-08 13:56:31.639,565.76,20261008_134705,วิว,question,16,615,manual,lie,84.5,,1,0.217,0.221,-0.004,1,38.58,0.049,0.031,18,question,8
2026-10-08 13:56:31.846,565.97,20261008_134705,วิว,question,16,615,manual,lie,84.5,,1,0.218,0.221,-0.003,1,38.58,0.049,0.031,18,question,8
2026-10-08 13:56:32.043,566.16,20261008_134705,วิว,question,16,615,manual,lie,84.5,,1,0.219,0.221,-0.002,1,38.59,0.049,0.031,18,question,8
2026-10-08 13:56:32.254,566.37,20261008_134705,วิว,question,16,615,manual,lie,84.5,,1,0.22,0.221,-0.001,1,38.6,0.049,0.031,18,question,8
2026-10-08 13:56:32.448,566.57,20261008_134705,วิว,question,16,615,manual,lie,84.5,,1,0.22,0.221,-0.001,1,38.61,0.049,0.031,18,question,8
2026-10-08 13:56:32.652,566.77,20261008_134705,วิว,question,16,615,manual,lie,84.5,,1,0.221,0.221,-0.0,1,38.61,0.049,0.031,18,question,8
2026-10-08 13:56:32.859,566.98,20261008_134705,วิว,question,16,615,manual,lie,84.5,,1,0.221,0.221,-0.0,1,38.62,0.049,0.031,18,question,8
2026-10-08 13:56:33.060,567.18,20261008_134705,วิว,question,16,615,manual,lie,84.5,,1,0.221,0.221,-0.0,1,38.62,0.049,0.031,18,question,8
2026-10-08 13:56:33.259,567.38,20261008_134705,วิว,question,16,615,manual,lie,84.5,,1,0.22,0.221,-0.001,1,38.64,0.049,0.031,18,question,8
2026-10-08 13:56:33.461,567.58,20261008_134705,วิว,question,16,615,manual,lie,84.5,,1,0.22,0.221,-0.001,1,38.64,0.049,0.031,18,question,8
2026-10-08 13:56:33.669,567.79,20261008_134705,วิว,question,16,615,manual,lie,84.5,,1,0.22,0.221,-0.001,1,38.64,0.049,0.031,18,question,8
2026-10-08 13:56:33.871,567.99,20261008_134705,วิว,question,16,615,manual,lie,84.5,,1,0.221,0.221,-0.0,1,38.65,0.049,0.031,18,question,8
2026-10-08 13:56:34.073,568.19,20261008_134705,วิว,question,16,615,manual,lie,84.5,,1,0.221,0.221,-0.0,1,38.65,0.049,0.031,18,question,8
2026-10-08 13:56:34.278,568.4,20261008_134705,วิว,question,16,615,manual,lie,84.5,,1,0.221,0.221,-0.0,1,38.65,0.049,0.031,18,question,8
2026-10-08 13:56:34.479,568.6,20261008_134705,วิว,question,16,615,manual,lie,84.5,,1,0.22,0.221,-0.0,1,38.66,0.049,0.031,18,question,8
2026-10-08 13:56:34.681,568.8,20261008_134705,วิว,question,16,615,manual,lie,84.5,,1,0.22,0.221,-0.001,1,38.66,0.049,0.031,18,question,8
2026-10-08 13:56:34.882,569.0,20261008_134705,วิว,question,16,615,manual,lie,84.5,,1,0.22,0.221,-0.001,1,38.66,0.049,0.031,18,question,8
2026-10-08 13:56:35.087,569.21,20261008_134705,วิว,question,16,615,manual,lie,84.5,,1,0.22,0.221,-0.001,1,38.66,0.049,0.031,18,question,8
2026-10-08 13:56:35.289,569.41,20261008_134705,วิว,question,16,615,manual,lie,84.5,,1,0.221,0.221,-0.0,1,38.66,0.049,0.031,18,question,8
2026-10-08 13:56:35.491,569.61,20261008_134705,วิว,question,16,615,manual,lie,84.5,,1,0.22,0.221,-0.001,1,38.66,0.049,0.031,18,question,8
2026-10-08 13:56:35.697,569.82,20261008_134705,วิว,question,16,615,manual,lie,84.5,,1,0.22,0.221,-0.0,1,38.63,0.049,0.031,18,question,8
2026-10-08 13:56:35.901,570.02,20261008_134705,วิว,question,16,615,manual,lie,84.5,,1,0.215,0.221,-0.006,1,38.58,0.049,0.031,18,question,8
2026-10-08 13:56:36.102,570.22,20261008_134705,วิว,question,16,615,manual,lie,84.5,,1,0.217,0.221,-0.004,1,38.59,0.049,0.031,18,question,8
2026-10-08 13:56:36.305,570.43,20261008_134705,วิว,question,16,615,manual,lie,84.5,,1,0.218,0.221,-0.002,1,38.6,0.049,0.031,18,question,8
2026-10-08 13:56:36.511,570.63,20261008_134705,วิว,question,16,615,manual,lie,84.5,,1,0.219,0.221,-0.001,1,38.6,0.049,0.031,18,question,8
2026-10-08 13:56:36.723,570.84,20261008_134705,วิว,question,16,615,manual,lie,84.5,,1,0.22,0.221,-0.001,1,38.61,0.049,0.031,18,question,8
2026-10-08 13:56:36.911,571.03,20261008_134705,วิว,question,16,615,manual,lie,84.5,,1,0.22,0.221,-0.001,1,38.61,0.049,0.031,18,question,8
2026-10-08 13:56:37.116,571.24,20261008_134705,วิว,question,16,615,manual,lie,84.5,,1,0.22,0.221,-0.001,1,38.62,0.049,0.031,18,question,8
2026-10-08 13:56:37.319,571.44,20261008_134705,วิว,question,16,615,manual,lie,84.5,,1,0.22,0.221,-0.0,1,38.62,0.049,0.031,18,question,8
2026-10-08 13:56:37.519,571.64,20261008_134705,วิว,question,16,615,manual,lie,84.5,,1,0.22,0.221,-0.0,1,38.63,0.049,0.031,18,question,8
2026-10-08 13:56:37.722,571.84,20261008_134705,วิว,question,16,615,manual,lie,84.5,,1,0.221,0.221,0.0,1,38.63,0.049,0.031,18,question,8
2026-10-08 13:56:37.924,572.05,20261008_134705,วิว,question,16,615,manual,lie,84.5,,1,0.221,0.221,-0.0,1,38.63,0.049,0.031,18,question,8
2026-10-08 13:56:38.127,572.25,20261008_134705,วิว,question,16,615,manual,lie,84.5,,1,0.22,0.221,-0.0,1,38.64,0.049,0.031,18,question,8
2026-10-08 13:56:38.329,572.45,20261008_134705,วิว,question,16,615,manual,lie,84.5,,1,0.22,0.221,-0.0,1,38.64,0.049,0.031,18,question,8
2026-10-08 13:56:38.533,572.65,20261008_134705,วิว,question,16,615,manual,lie,84.5,,1,0.22,0.221,-0.0,1,38.64,0.049,0.031,18,question,8
2026-10-08 13:56:38.740,572.86,20261008_134705,วิว,question,16,615,manual,lie,84.5,,1,0.221,0.221,-0.0,1,38.64,0.049,0.031,18,question,8
2026-10-08 13:56:38.943,573.06,20261008_134705,วิว,question,16,615,manual,lie,84.5,,1,0.22,0.221,-0.0,1,38.65,0.049,0.031,18,question,8
2026-10-08 13:56:39.141,573.26,20261008_134705,วิว,question,16,615,manual,lie,84.5,,1,0.22,0.221,-0.0,1,38.65,0.049,0.031,18,question,8
2026-10-08 13:56:39.343,573.46,20261008_134705,วิว,question,16,615,manual,lie,84.5,,1,0.22,0.221,-0.0,1,38.65,0.049,0.031,18,question,8
2026-10-08 13:56:39.547,573.67,20261008_134705,วิว,question,16,615,manual,lie,84.5,,1,0.22,0.221,-0.0,1,38.65,0.049,0.031,18,question,8
2026-10-08 13:56:39.750,573.87,20261008_134705,วิว,question,16,615,manual,lie,84.5,,1,0.22,0.221,-0.001,1,38.66,0.049,0.031,18,question,8
2026-10-08 13:56:39.955,574.08,20261008_134705,วิว,recovery,16,615,manual,lie,84.5,,1,0.22,0.221,-0.001,1,38.66,0.049,0.031,18,ready,8
2026-10-08 13:56:40.167,574.29,20261008_134705,วิว,recovery,16,615,manual,lie,84.5,,1,0.22,0.221,-0.001,1,38.65,0.049,0.031,18,ready,8
2026-10-08 13:56:40.369,574.49,20261008_134705,วิว,recovery,16,615,manual,lie,84.5,,1,0.22,0.221,-0.001,1,38.65,0.049,0.031,18,ready,8
2026-10-08 13:56:40.571,574.69,20261008_134705,วิว,recovery,16,615,manual,lie,84.5,,1,0.22,0.221,-0.001,1,38.65,0.049,0.031,18,ready,8
2026-10-08 13:56:40.773,574.89,20261008_134705,วิว,recovery,16,615,manual,lie,84.5,,1,0.22,0.221,-0.001,1,38.65,0.049,0.031,18,ready,8
2026-10-08 13:56:40.979,575.1,20261008_134705,วิว,recovery,16,615,manual,lie,84.5,,1,0.22,0.221,-0.001,1,38.65,0.049,0.031,18,ready,8
2026-10-08 13:56:41.181,575.3,20261008_134705,วิว,rest,,,,,84.5,,1,0.219,0.221,-0.001,1,38.65,0.049,0.031,18,ready,8
2026-10-08 13:56:41.383,575.5,20261008_134705,วิว,rest,,,,,84.5,,1,0.22,0.221,-0.0,1,38.61,0.049,0.031,18,ready,8
2026-10-08 13:56:41.589,575.71,20261008_134705,วิว,rest,,,,,84.5,,1,0.216,0.22,-0.005,1,38.62,0.049,0.031,18,ready,8
2026-10-08 13:56:41.791,575.91,20261008_134705,วิว,rest,,,,,84.5,,1,0.217,0.22,-0.003,1,38.63,0.049,0.031,18,ready,8
2026-10-08 13:56:41.997,576.12,20261008_134705,วิว,rest,,,,,84.5,,1,0.219,0.22,-0.002,1,38.63,0.049,0.031,18,ready,8
2026-10-08 13:56:42.200,576.32,20261008_134705,วิว,rest,,,,,84.5,,1,0.219,0.22,-0.001,1,38.65,0.049,0.031,18,ready,8
2026-10-08 13:56:42.403,576.52,20261008_134705,วิว,rest,,,,,84.5,,1,0.219,0.22,-0.001,1,38.65,0.049,0.031,18,ready,8
2026-10-08 13:56:42.605,576.73,20261008_134705,วิว,rest,,,,,84.5,,1,0.22,0.22,-0.001,1,38.66,0.049,0.031,18,ready,8
2026-10-08 13:56:42.811,576.93,20261008_134705,วิว,question,17,616,manual,lie,84.5,,1,0.22,0.22,-0.001,1,38.66,0.049,0.031,18,question,8
2026-10-08 13:56:43.019,577.14,20261008_134705,วิว,question,17,616,manual,lie,84.5,,1,0.22,0.22,-0.0,1,38.67,0.049,0.031,18,question,8
2026-10-08 13:56:43.219,577.34,20261008_134705,วิว,question,17,616,manual,lie,84.5,,1,0.22,0.22,-0.0,1,38.67,0.049,0.031,18,question,8
2026-10-08 13:56:43.421,577.54,20261008_134705,วิว,question,17,616,manual,lie,84.5,,1,0.22,0.22,-0.0,1,38.67,0.049,0.031,18,question,8
2026-10-08 13:56:43.624,577.74,20261008_134705,วิว,question,17,616,manual,lie,84.5,,1,0.22,0.22,-0.0,1,38.67,0.049,0.031,18,question,8
2026-10-08 13:56:43.829,577.95,20261008_134705,วิว,question,17,616,manual,lie,84.5,,1,0.22,0.22,-0.0,1,38.67,0.049,0.031,18,question,8
2026-10-08 13:56:44.033,578.15,20261008_134705,วิว,question,17,616,manual,lie,84.5,,1,0.22,0.22,-0.0,1,38.68,0.049,0.031,18,question,8
2026-10-08 13:56:44.233,578.35,20261008_134705,วิว,question,17,616,manual,lie,84.5,,1,0.22,0.22,-0.0,1,38.68,0.049,0.031,18,question,8
2026-10-08 13:56:46.313,580.43,20261008_134705,วิว,question,17,616,manual,lie,84.5,,1,0.22,0.22,-0.001,1,38.6,0.049,0.031,18,question,8
2026-10-08 13:56:46.517,580.64,20261008_134705,วิว,question,17,616,manual,lie,84.5,,1,0.213,0.22,-0.007,1,38.59,0.049,0.031,18,question,8
2026-10-08 13:56:46.722,580.84,20261008_134705,วิว,question,17,616,manual,lie,84.5,,1,0.216,0.22,-0.004,1,38.6,0.049,0.031,18,question,8
2026-10-08 13:56:46.921,581.04,20261008_134705,วิว,question,17,616,manual,lie,84.5,,1,0.209,0.22,-0.011,1,38.6,0.049,0.031,17,question,8
2026-10-08 13:56:47.122,581.24,20261008_134705,วิว,question,17,616,manual,lie,84.5,,1,0.213,0.22,-0.007,1,38.6,0.049,0.031,17,question,8
2026-10-08 13:56:47.329,581.45,20261008_134705,วิว,question,17,616,manual,lie,84.5,,1,0.216,0.22,-0.004,1,38.62,0.049,0.031,17,question,8
2026-10-08 13:56:47.531,581.65,20261008_134705,วิว,question,17,616,manual,lie,84.5,,1,0.217,0.22,-0.003,1,38.63,0.049,0.031,17,question,8
2026-10-08 13:56:47.733,581.85,20261008_134705,วิว,question,17,616,manual,lie,84.5,,1,0.218,0.22,-0.002,1,38.63,0.049,0.031,17,question,8
2026-10-08 13:56:47.939,582.06,20261008_134705,วิว,question,17,616,manual,lie,84.5,,1,0.218,0.22,-0.001,1,38.64,0.049,0.031,17,question,8
2026-10-08 13:56:48.141,582.26,20261008_134705,วิว,question,17,616,manual,lie,84.5,,1,0.218,0.22,-0.001,1,38.64,0.049,0.031,18,question,8
2026-10-08 13:56:48.343,582.46,20261008_134705,วิว,question,17,616,manual,lie,84.5,,1,0.218,0.22,-0.001,1,38.65,0.049,0.031,18,question,8
2026-10-08 13:56:48.549,582.67,20261008_134705,วิว,question,17,616,manual,lie,84.5,,1,0.218,0.22,-0.001,1,38.65,0.049,0.031,18,question,8
2026-10-08 13:56:48.753,582.87,20261008_134705,วิว,question,17,616,manual,lie,84.5,,1,0.219,0.22,-0.001,1,38.65,0.049,0.031,18,question,8
2026-10-08 13:56:48.959,583.08,20261008_134705,วิว,question,17,616,manual,lie,84.5,,1,0.219,0.22,-0.001,1,38.66,0.049,0.031,18,question,8
2026-10-08 13:56:49.161,583.28,20261008_134705,วิว,question,17,616,manual,lie,84.5,,1,0.219,0.22,-0.001,1,38.66,0.049,0.031,18,question,8
2026-10-08 13:56:49.363,583.48,20261008_134705,วิว,question,17,616,manual,lie,84.5,,1,0.219,0.22,-0.001,1,38.66,0.049,0.031,18,question,8
2026-10-08 13:56:49.569,583.69,20261008_134705,วิว,question,17,616,manual,lie,84.5,,1,0.219,0.22,-0.001,1,38.66,0.049,0.031,18,question,8
2026-10-08 13:56:49.771,583.89,20261008_134705,วิว,question,17,616,manual,lie,84.5,,1,0.219,0.22,-0.001,1,38.66,0.049,0.031,18,question,8
2026-10-08 13:56:49.974,584.09,20261008_134705,วิว,question,17,616,manual,lie,84.5,,1,0.218,0.22,-0.001,1,38.67,0.049,0.031,18,question,8
2026-10-08 13:56:50.179,584.3,20261008_134705,วิว,question,17,616,manual,lie,84.5,,1,0.219,0.219,-0.001,1,38.67,0.049,0.031,18,question,8
2026-10-08 13:56:50.382,584.5,20261008_134705,วิว,question,17,616,manual,lie,84.5,,1,0.219,0.219,-0.001,1,38.67,0.049,0.031,18,question,8
2026-10-08 13:56:50.583,584.7,20261008_134705,วิว,question,17,616,manual,lie,84.5,,1,0.219,0.219,-0.0,1,38.67,0.049,0.031,18,question,8
2026-10-08 13:56:50.790,584.91,20261008_134705,วิว,question,17,616,manual,lie,84.5,,1,0.219,0.219,-0.001,1,38.67,0.049,0.031,18,question,8
2026-10-08 13:56:50.990,585.11,20261008_134705,วิว,question,17,616,manual,lie,84.5,,1,0.219,0.219,-0.0,1,38.67,0.049,0.031,18,question,8
2026-10-08 13:56:51.193,585.31,20261008_134705,วิว,question,17,616,manual,lie,84.5,,1,0.219,0.219,-0.0,1,38.59,0.049,0.031,18,question,8
2026-10-08 13:56:51.399,585.52,20261008_134705,วิว,question,17,616,manual,lie,84.5,,1,0.213,0.219,-0.007,1,38.59,0.049,0.031,18,question,8
2026-10-08 13:56:51.601,585.72,20261008_134705,วิว,question,17,616,manual,lie,84.5,,1,0.215,0.219,-0.005,1,38.6,0.049,0.031,18,question,8
2026-10-08 13:56:51.803,585.92,20261008_134705,วิว,question,17,616,manual,lie,84.5,,1,0.216,0.219,-0.003,1,38.61,0.049,0.031,18,question,8
2026-10-08 13:56:52.009,586.13,20261008_134705,วิว,question,17,616,manual,lie,84.5,,1,0.217,0.219,-0.002,1,38.62,0.049,0.031,18,question,8
2026-10-08 13:56:52.212,586.33,20261008_134705,วิว,question,17,616,manual,lie,84.5,,1,0.218,0.219,-0.001,1,38.63,0.049,0.031,18,question,8
2026-10-08 13:56:52.415,586.54,20261008_134705,วิว,question,17,616,manual,lie,84.5,,1,0.219,0.219,-0.001,1,38.63,0.049,0.031,18,question,8
2026-10-08 13:56:52.620,586.74,20261008_134705,วิว,question,17,616,manual,lie,84.5,,1,0.218,0.219,-0.001,1,38.64,0.049,0.031,18,question,8
2026-10-08 13:56:52.825,586.95,20261008_134705,วิว,question,17,616,manual,lie,84.5,,1,0.219,0.219,-0.001,1,38.64,0.049,0.031,18,question,8
2026-10-08 13:56:53.030,587.15,20261008_134705,วิว,question,17,616,manual,lie,84.5,,1,0.218,0.219,-0.001,1,38.65,0.049,0.031,18,question,8
2026-10-08 13:56:53.235,587.36,20261008_134705,วิว,question,17,616,manual,lie,84.5,,1,0.218,0.219,-0.001,1,38.66,0.049,0.031,18,question,8
2026-10-08 13:56:53.434,587.55,20261008_134705,วิว,question,17,616,manual,lie,84.5,,1,0.218,0.219,-0.001,1,38.66,0.049,0.031,18,question,8
2026-10-08 13:56:53.640,587.76,20261008_134705,วิว,question,17,616,manual,lie,84.5,,1,0.218,0.219,-0.001,1,38.66,0.049,0.031,18,question,8
2026-10-08 13:56:53.842,587.96,20261008_134705,วิว,question,17,616,manual,lie,84.5,,1,0.218,0.219,-0.001,1,38.66,0.049,0.031,18,question,8
2026-10-08 13:56:54.044,588.16,20261008_134705,วิว,question,17,616,manual,lie,84.5,,1,0.218,0.219,-0.002,1,38.67,0.049,0.031,18,question,8
2026-10-08 13:56:54.248,588.37,20261008_134705,วิว,question,17,616,manual,lie,84.5,,1,0.218,0.219,-0.001,1,38.67,0.049,0.031,18,question,8
2026-10-08 13:56:54.450,588.57,20261008_134705,วิว,question,17,616,manual,lie,84.5,,1,0.217,0.219,-0.002,1,38.67,0.049,0.031,18,question,8
2026-10-08 13:56:54.656,588.78,20261008_134705,วิว,recovery,17,616,manual,lie,84.5,,1,0.218,0.219,-0.001,1,38.67,0.049,0.031,18,ready,8
2026-10-08 13:56:54.862,588.98,20261008_134705,วิว,recovery,17,616,manual,lie,84.5,,1,0.218,0.219,-0.001,1,38.68,0.049,0.031,18,ready,8
2026-10-08 13:56:55.066,589.19,20261008_134705,วิว,recovery,17,616,manual,lie,84.5,,1,0.218,0.219,-0.001,1,38.68,0.049,0.031,18,ready,8
2026-10-08 13:56:55.271,589.39,20261008_134705,วิว,recovery,17,616,manual,lie,84.5,,1,0.218,0.219,-0.001,1,38.69,0.049,0.031,18,ready,8
2026-10-08 13:56:55.473,589.59,20261008_134705,วิว,rest,,,,,84.5,,1,0.218,0.219,-0.001,1,38.69,0.049,0.031,18,ready,8
2026-10-08 13:56:55.678,589.8,20261008_134705,วิว,rest,,,,,84.5,,1,0.217,0.219,-0.001,1,38.69,0.049,0.031,18,ready,8
2026-10-08 13:56:55.883,590.0,20261008_134705,วิว,rest,,,,,84.5,,1,0.218,0.219,-0.001,1,38.69,0.049,0.031,18,ready,8
2026-10-08 13:56:56.084,590.21,20261008_134705,วิว,rest,,,,,84.5,,1,0.218,0.219,-0.001,1,38.69,0.049,0.031,18,ready,8
2026-10-08 13:56:56.285,590.41,20261008_134705,วิว,rest,,,,,84.5,,1,0.218,0.219,-0.001,1,38.69,0.049,0.031,18,ready,8
2026-10-08 13:56:56.493,590.61,20261008_134705,วิว,rest,,,,,84.5,,1,0.218,0.219,-0.001,1,38.7,0.049,0.031,18,ready,8
2026-10-08 13:56:56.693,590.81,20261008_134705,วิว,rest,,,,,84.5,,1,0.218,0.219,-0.001,1,38.71,0.049,0.031,18,ready,8
2026-10-08 13:56:56.896,591.02,20261008_134705,วิว,rest,,,,,84.5,,1,0.213,0.219,-0.006,1,38.62,0.049,0.031,18,ready,8
2026-10-08 13:56:57.101,591.22,20261008_134705,วิว,rest,,,,,84.5,,1,0.215,0.219,-0.004,1,38.63,0.049,0.031,17,ready,8
2026-10-08 13:56:57.303,591.42,20261008_134705,วิว,rest,,,,,84.5,,1,0.216,0.219,-0.003,1,38.64,0.049,0.031,17,ready,8
2026-10-08 13:56:57.505,591.63,20261008_134705,วิว,rest,,,,,84.5,,1,0.217,0.219,-0.002,1,38.64,0.049,0.031,17,ready,8
2026-10-08 13:56:57.712,591.83,20261008_134705,วิว,rest,,,,,84.5,,1,0.217,0.219,-0.002,1,38.65,0.049,0.031,17,ready,8
2026-10-08 13:56:57.914,592.04,20261008_134705,วิว,rest,,,,,84.5,,1,0.218,0.219,-0.001,1,38.65,0.049,0.031,18,ready,8
2026-10-08 13:56:58.119,592.24,20261008_134705,วิว,rest,,,,,84.5,,1,0.218,0.219,-0.001,1,38.66,0.049,0.031,18,ready,8
2026-10-08 13:56:58.325,592.45,20261008_134705,วิว,rest,,,,,84.5,,1,0.217,0.219,-0.001,1,38.66,0.049,0.031,18,ready,8
2026-10-08 13:56:58.526,592.65,20261008_134705,วิว,rest,,,,,84.5,,1,0.218,0.219,-0.001,1,38.67,0.049,0.031,18,ready,8
2026-10-08 13:56:58.729,592.85,20261008_134705,วิว,rest,,,,,84.5,,1,0.217,0.219,-0.001,1,38.67,0.049,0.031,18,ready,8
2026-10-08 13:56:58.936,593.06,20261008_134705,วิว,rest,,,,,84.5,,1,0.217,0.219,-0.001,1,38.68,0.049,0.031,18,ready,8
2026-10-08 13:56:59.134,593.25,20261008_134705,วิว,rest,,,,,84.5,,1,0.217,0.219,-0.001,1,38.68,0.049,0.031,18,ready,8
2026-10-08 13:56:59.337,593.46,20261008_134705,วิว,rest,,,,,84.5,,1,0.217,0.219,-0.001,1,38.68,0.049,0.031,18,ready,8
2026-10-08 13:56:59.542,593.66,20261008_134705,วิว,rest,,,,,84.5,,1,0.217,0.218,-0.002,1,38.68,0.049,0.031,18,ready,8
2026-10-08 13:56:59.746,593.87,20261008_134705,วิว,rest,,,,,84.5,,1,0.217,0.218,-0.002,1,38.68,0.049,0.031,18,ready,8
2026-10-08 13:56:59.946,594.07,20261008_134705,วิว,rest,,,,,84.5,,1,0.217,0.218,-0.002,1,38.69,0.049,0.031,18,ready,8
2026-10-08 13:57:00.151,594.27,20261008_134705,วิว,rest,,,,,84.5,,1,0.217,0.218,-0.002,1,38.69,0.049,0.031,18,ready,8
2026-10-08 13:57:00.353,594.47,20261008_134705,วิว,rest,,,,,84.5,,1,0.217,0.218,-0.001,1,38.69,0.049,0.031,18,ready,8
2026-10-08 13:57:00.556,594.68,20261008_134705,วิว,rest,,,,,84.5,,1,0.217,0.218,-0.001,1,38.69,0.049,0.031,18,ready,8
2026-10-08 13:57:00.764,594.89,20261008_134705,วิว,rest,,,,,84.5,,1,0.217,0.218,-0.002,1,38.7,0.049,0.031,18,ready,8
2026-10-08 13:57:00.977,595.1,20261008_134705,วิว,rest,,,,,84.5,,1,0.217,0.218,-0.001,1,38.7,0.049,0.031,18,ready,8
2026-10-08 13:57:01.166,595.29,20261008_134705,วิว,rest,,,,,84.5,,1,0.21,0.218,-0.009,1,38.62,0.049,0.031,17,ready,8
2026-10-08 13:57:01.373,595.49,20261008_134705,วิว,rest,,,,,84.5,,1,0.212,0.218,-0.006,1,38.62,0.049,0.031,17,ready,8
2026-10-08 13:57:01.577,595.7,20261008_134705,วิว,rest,,,,,84.5,,1,0.215,0.218,-0.004,1,38.63,0.049,0.031,17,ready,8
2026-10-08 13:57:01.779,595.9,20261008_134705,วิว,rest,,,,,84.5,,1,0.216,0.218,-0.003,1,38.64,0.049,0.031,17,ready,8
2026-10-08 13:57:01.982,596.1,20261008_134705,วิว,rest,,,,,84.5,,1,0.216,0.218,-0.002,1,38.64,0.049,0.031,17,ready,8
2026-10-08 13:57:02.191,596.31,20261008_134705,วิว,rest,,,,,84.5,,1,0.217,0.218,-0.001,1,38.65,0.049,0.031,17,ready,8
2026-10-08 13:57:02.393,596.51,20261008_134705,วิว,rest,,,,,84.5,,1,0.217,0.218,-0.001,1,38.65,0.049,0.031,17,ready,8
2026-10-08 13:57:02.591,596.71,20261008_134705,วิว,rest,,,,,84.5,,1,0.217,0.218,-0.001,1,38.66,0.049,0.031,17,ready,8
2026-10-08 13:57:02.793,596.91,20261008_134705,วิว,rest,,,,,84.5,,1,0.217,0.218,-0.001,1,38.66,0.049,0.031,17,ready,8
2026-10-08 13:57:02.996,597.12,20261008_134705,วิว,rest,,,,,84.5,,1,0.217,0.218,-0.001,1,38.67,0.049,0.031,17,ready,8
2026-10-08 13:57:03.201,597.32,20261008_134705,วิว,rest,,,,,84.5,,1,0.218,0.218,-0.0,1,38.67,0.049,0.031,18,ready,8
2026-10-08 13:57:03.406,597.53,20261008_134705,วิว,rest,,,,,84.5,,1,0.217,0.218,-0.001,1,38.67,0.049,0.031,18,ready,8
2026-10-08 13:57:03.607,597.73,20261008_134705,วิว,rest,,,,,84.5,,1,0.217,0.218,-0.001,1,38.68,0.049,0.031,18,ready,8
2026-10-08 13:57:03.813,597.93,20261008_134705,วิว,rest,,,,,84.5,,1,0.217,0.218,-0.001,1,38.68,0.049,0.031,18,ready,8
2026-10-08 13:57:04.015,598.14,20261008_134705,วิว,rest,,,,,84.5,,1,0.217,0.218,-0.001,1,38.68,0.049,0.031,18,ready,9
2026-10-08 13:57:04.221,598.34,20261008_134705,วิว,rest,,,,,84.5,,1,0.217,0.218,-0.001,1,38.69,0.049,0.031,18,ready,8
2026-10-08 13:57:04.429,598.55,20261008_134705,วิว,rest,,,,,84.5,,1,0.217,0.218,-0.001,1,38.69,0.049,0.031,18,ready,9
2026-10-08 13:57:04.625,598.75,20261008_134705,วิว,rest,,,,,84.5,,1,0.217,0.218,-0.001,1,38.69,0.049,0.031,18,ready,9
2026-10-08 13:57:04.833,598.95,20261008_134705,วิว,rest,,,,,84.5,,1,0.217,0.218,-0.001,1,38.69,0.049,0.031,18,ready,9
2026-10-08 13:57:05.039,599.16,20261008_134705,วิว,rest,,,,,84.5,,1,0.217,0.218,-0.001,1,38.69,0.049,0.031,18,ready,8
2026-10-08 13:57:05.241,599.36,20261008_134705,วิว,rest,,,,,84.5,,1,0.216,0.218,-0.002,1,38.69,0.049,0.031,18,ready,8
2026-10-08 13:57:05.443,599.56,20261008_134705,วิว,rest,,,,,84.5,,1,0.213,0.218,-0.005,1,38.59,0.049,0.031,18,ready,9
2026-10-08 13:57:05.645,599.77,20261008_134705,วิว,rest,,,,,84.5,,1,0.212,0.218,-0.006,1,38.6,0.049,0.031,18,ready,8
2026-10-08 13:57:05.853,599.97,20261008_134705,วิว,rest,,,,,84.5,,1,0.214,0.218,-0.004,1,38.61,0.049,0.031,18,ready,8
2026-10-08 13:57:06.062,600.18,20261008_134705,วิว,question,18,617,manual,lie,84.5,,1,0.216,0.218,-0.002,1,38.63,0.049,0.031,18,question,8
2026-10-08 13:57:06.266,600.39,20261008_134705,วิว,question,18,617,manual,lie,84.5,,1,0.216,0.218,-0.002,1,38.64,0.049,0.031,18,question,8
2026-10-08 13:57:06.471,600.59,20261008_134705,วิว,question,18,617,manual,lie,84.5,,1,0.216,0.218,-0.002,1,38.65,0.049,0.031,18,question,8
2026-10-08 13:57:06.676,600.8,20261008_134705,วิว,question,18,617,manual,lie,84.5,,1,0.216,0.218,-0.001,1,38.65,0.049,0.031,18,question,8
2026-10-08 13:57:06.875,601.0,20261008_134705,วิว,question,18,617,manual,lie,84.5,,1,0.216,0.217,-0.001,1,38.66,0.049,0.031,18,question,8
2026-10-08 13:57:07.085,601.21,20261008_134705,วิว,question,18,617,manual,lie,84.5,,1,0.216,0.217,-0.001,1,38.67,0.049,0.031,18,question,8
2026-10-08 13:57:07.283,601.4,20261008_134705,วิว,question,18,617,manual,lie,84.5,,1,0.216,0.217,-0.001,1,38.67,0.049,0.031,18,question,8
2026-10-08 13:57:07.485,601.61,20261008_134705,วิว,question,18,617,manual,lie,84.5,,1,0.216,0.217,-0.001,1,38.67,0.049,0.031,18,question,8
2026-10-08 13:57:07.692,601.81,20261008_134705,วิว,question,18,617,manual,lie,84.5,,1,0.216,0.217,-0.001,1,38.68,0.049,0.031,18,question,8
2026-10-08 13:57:07.893,602.01,20261008_134705,วิว,question,18,617,manual,lie,84.5,,1,0.216,0.217,-0.001,1,38.68,0.049,0.031,18,question,8
2026-10-08 13:57:08.096,602.22,20261008_134705,วิว,question,18,617,manual,lie,84.5,,1,0.216,0.217,-0.001,1,38.68,0.049,0.031,18,question,8
2026-10-08 13:57:08.302,602.42,20261008_134705,วิว,question,18,617,manual,lie,84.5,,1,0.216,0.217,-0.002,1,38.68,0.049,0.031,18,question,8
2026-10-08 13:57:08.503,602.62,20261008_134705,วิว,question,18,617,manual,lie,84.5,,1,0.216,0.217,-0.001,1,38.68,0.049,0.031,18,question,8
2026-10-08 13:57:08.707,602.83,20261008_134705,วิว,question,18,617,manual,lie,84.5,,1,0.215,0.217,-0.002,1,38.68,0.049,0.031,18,question,8
2026-10-08 13:57:08.918,603.04,20261008_134705,วิว,question,18,617,manual,lie,84.5,,1,0.216,0.217,-0.002,1,38.69,0.049,0.031,18,question,8
2026-10-08 13:57:09.113,603.23,20261008_134705,วิว,question,18,617,manual,lie,84.5,,1,0.215,0.217,-0.002,1,38.69,0.049,0.031,18,question,8
2026-10-08 13:57:09.316,603.44,20261008_134705,วิว,question,18,617,manual,lie,84.5,,1,0.216,0.217,-0.001,1,38.69,0.049,0.031,18,question,8
2026-10-08 13:57:09.521,603.64,20261008_134705,วิว,question,18,617,manual,lie,84.5,,1,0.216,0.217,-0.001,1,38.68,0.049,0.031,18,question,8
2026-10-08 13:57:09.724,603.84,20261008_134705,วิว,question,18,617,manual,lie,84.5,,1,0.211,0.217,-0.006,1,38.61,0.049,0.031,18,question,8
2026-10-08 13:57:09.926,604.05,20261008_134705,วิว,question,18,617,manual,lie,84.5,,1,0.213,0.217,-0.004,1,38.63,0.049,0.031,18,question,8
2026-10-08 13:57:10.133,604.25,20261008_134705,วิว,question,18,617,manual,lie,84.5,,1,0.215,0.217,-0.002,1,38.63,0.049,0.031,18,question,8
2026-10-08 13:57:10.336,604.46,20261008_134705,วิว,question,18,617,manual,lie,84.5,,1,0.215,0.217,-0.002,1,38.64,0.049,0.031,18,question,8
2026-10-08 13:57:10.535,604.66,20261008_134705,วิว,question,18,617,manual,lie,84.5,,1,0.216,0.217,-0.001,1,38.65,0.049,0.031,18,question,8
2026-10-08 13:57:10.747,604.87,20261008_134705,วิว,question,18,617,manual,lie,84.5,,1,0.216,0.217,-0.001,1,38.65,0.049,0.031,18,question,8
2026-10-08 13:57:10.943,605.06,20261008_134705,วิว,question,18,617,manual,lie,84.5,,1,0.215,0.217,-0.002,1,38.65,0.049,0.031,18,question,8
2026-10-08 13:57:11.146,605.27,20261008_134705,วิว,question,18,617,manual,lie,84.5,,1,0.215,0.217,-0.002,1,38.66,0.049,0.031,18,question,8
2026-10-08 13:57:11.352,605.47,20261008_134705,วิว,question,18,617,manual,lie,84.5,,1,0.215,0.217,-0.002,1,38.66,0.049,0.031,18,question,8
2026-10-08 13:57:11.553,605.67,20261008_134705,วิว,question,18,617,manual,lie,84.5,,1,0.215,0.217,-0.002,1,38.67,0.049,0.031,18,question,8
2026-10-08 13:57:11.755,605.88,20261008_134705,วิว,question,18,617,manual,lie,84.5,,1,0.215,0.217,-0.002,1,38.67,0.049,0.031,18,question,8
2026-10-08 13:57:11.962,606.08,20261008_134705,วิว,question,18,617,manual,lie,84.5,,1,0.216,0.217,-0.001,1,38.68,0.049,0.031,18,question,8
2026-10-08 13:57:12.163,606.28,20261008_134705,วิว,question,18,617,manual,lie,84.5,,1,0.216,0.217,-0.001,1,38.68,0.049,0.031,18,question,8
2026-10-08 13:57:12.367,606.49,20261008_134705,วิว,question,18,617,manual,lie,84.5,,1,0.216,0.217,-0.001,1,38.69,0.049,0.031,18,question,8
2026-10-08 13:57:12.573,606.69,20261008_134705,วิว,question,18,617,manual,lie,84.5,,1,0.216,0.217,-0.001,1,38.69,0.049,0.031,18,question,8
2026-10-08 13:57:12.774,606.89,20261008_134705,วิว,question,18,617,manual,lie,84.5,,1,0.216,0.217,-0.001,1,38.69,0.049,0.031,18,question,8
2026-10-08 13:57:12.975,607.1,20261008_134705,วิว,question,18,617,manual,lie,84.5,,1,0.216,0.217,-0.001,1,38.69,0.049,0.031,18,question,8
2026-10-08 13:57:13.181,607.3,20261008_134705,วิว,question,18,617,manual,lie,84.5,,1,0.216,0.217,-0.001,1,38.69,0.049,0.031,18,question,8
2026-10-08 13:57:13.384,607.5,20261008_134705,วิว,question,18,617,manual,lie,84.5,,1,0.216,0.217,-0.001,1,38.7,0.049,0.031,18,question,8
2026-10-08 13:57:13.585,607.71,20261008_134705,วิว,question,18,617,manual,lie,84.5,,1,0.216,0.217,-0.001,1,38.7,0.049,0.031,18,question,8
2026-10-08 13:57:13.793,607.91,20261008_134705,วิว,question,18,617,manual,lie,84.5,,1,0.216,0.217,-0.001,1,38.7,0.049,0.031,18,question,8
2026-10-08 13:57:13.996,608.12,20261008_134705,วิว,question,18,617,manual,lie,84.5,,1,0.208,0.217,-0.009,1,38.6,0.049,0.031,18,question,8
2026-10-08 13:57:14.201,608.32,20261008_134705,วิว,question,18,617,manual,lie,84.5,,1,0.211,0.217,-0.006,1,38.61,0.049,0.031,18,question,8
2026-10-08 13:57:14.419,608.54,20261008_134705,วิว,question,18,617,manual,lie,84.5,,1,0.213,0.217,-0.003,1,38.62,0.049,0.031,18,question,8
2026-10-08 13:57:14.607,608.73,20261008_134705,วิว,question,18,617,manual,lie,84.5,,1,0.214,0.217,-0.002,1,38.63,0.049,0.031,18,question,8
2026-10-08 13:57:14.815,608.94,20261008_134705,วิว,question,18,617,manual,lie,84.5,,1,0.215,0.216,-0.002,1,38.64,0.049,0.031,18,question,8
2026-10-08 13:57:15.030,609.15,20261008_134705,วิว,question,18,617,manual,lie,84.5,,1,0.215,0.216,-0.001,1,38.65,0.049,0.031,18,question,8
2026-10-08 13:57:15.221,609.34,20261008_134705,วิว,question,18,617,manual,lie,84.5,,1,0.216,0.216,-0.001,1,38.66,0.049,0.031,18,question,8
2026-10-08 13:57:15.425,609.55,20261008_134705,วิว,question,18,617,manual,lie,84.5,,1,0.216,0.216,-0.001,1,38.66,0.049,0.031,18,question,8
2026-10-08 13:57:15.634,609.75,20261008_134705,วิว,question,18,617,manual,lie,84.5,,1,0.216,0.216,-0.0,1,38.66,0.049,0.031,18,question,8
2026-10-08 13:57:15.825,609.95,20261008_134705,วิว,question,18,617,manual,lie,84.5,,1,0.216,0.216,-0.001,1,38.67,0.049,0.031,18,question,8
2026-10-08 13:57:16.039,610.16,20261008_134705,วิว,question,18,617,manual,lie,84.5,,1,0.216,0.216,-0.001,1,38.67,0.049,0.031,18,question,8
2026-10-08 13:57:16.234,610.36,20261008_134705,วิว,question,18,617,manual,lie,84.5,,1,0.216,0.216,-0.001,1,38.68,0.049,0.031,18,question,8
2026-10-08 13:57:16.435,610.56,20261008_134705,วิว,question,18,617,manual,lie,84.5,,1,0.216,0.216,-0.001,1,38.68,0.049,0.031,18,question,8
2026-10-08 13:57:16.641,610.76,20261008_134705,วิว,question,18,617,manual,lie,84.5,,1,0.216,0.216,-0.0,1,38.69,0.049,0.031,18,question,8
2026-10-08 13:57:16.843,610.96,20261008_134705,วิว,question,18,617,manual,lie,84.5,,1,0.216,0.216,-0.001,1,38.69,0.049,0.031,18,question,8
2026-10-08 13:57:17.045,611.17,20261008_134705,วิว,question,18,617,manual,lie,84.5,,1,0.216,0.216,-0.001,1,38.7,0.049,0.031,18,question,8
2026-10-08 13:57:17.251,611.37,20261008_134705,วิว,question,18,617,manual,lie,84.5,,1,0.216,0.216,-0.0,1,38.7,0.049,0.031,18,question,8
2026-10-08 13:57:17.453,611.57,20261008_134705,วิว,question,18,617,manual,lie,84.5,,1,0.216,0.216,-0.0,1,38.7,0.049,0.031,18,question,8
2026-10-08 13:57:17.657,611.78,20261008_134705,วิว,question,18,617,manual,lie,84.5,,1,0.216,0.216,-0.001,1,38.7,0.049,0.031,18,question,8
2026-10-08 13:57:17.868,611.99,20261008_134705,วิว,recovery,18,617,manual,lie,84.5,,1,0.215,0.216,-0.001,1,38.71,0.049,0.031,18,ready,8
2026-10-08 13:57:18.070,612.19,20261008_134705,วิว,recovery,18,617,manual,lie,84.5,,1,0.215,0.216,-0.001,1,38.71,0.049,0.031,18,ready,8
2026-10-08 13:57:18.273,612.39,20261008_134705,วิว,recovery,18,617,manual,lie,84.5,,1,0.215,0.216,-0.001,1,38.71,0.049,0.031,18,ready,8
2026-10-08 13:57:18.477,612.6,20261008_134705,วิว,recovery,18,617,manual,lie,84.5,,1,0.215,0.216,-0.001,1,38.71,0.049,0.031,18,ready,8
2026-10-08 13:57:18.678,612.8,20261008_134705,วิว,recovery,18,617,manual,lie,84.5,,1,0.215,0.216,-0.001,1,38.71,0.049,0.031,18,ready,8
2026-10-08 13:57:18.886,613.01,20261008_134705,วิว,recovery,18,617,manual,lie,84.5,,1,0.215,0.216,-0.001,1,38.71,0.049,0.031,18,ready,8
2026-10-08 13:57:19.088,613.21,20261008_134705,วิว,recovery,18,617,manual,lie,84.5,,1,0.215,0.216,-0.001,1,38.72,0.049,0.031,18,ready,8
2026-10-08 13:57:19.295,613.42,20261008_134705,วิว,recovery,18,617,manual,lie,84.5,,1,0.215,0.216,-0.001,1,38.72,0.049,0.031,18,ready,8
2026-10-08 13:57:19.497,613.62,20261008_134705,วิว,rest,,,,,84.5,,1,0.208,0.216,-0.008,1,38.64,0.049,0.031,18,ready,8
2026-10-08 13:57:19.698,613.82,20261008_134705,วิว,rest,,,,,84.5,,1,0.211,0.216,-0.005,1,38.65,0.049,0.031,18,ready,8
2026-10-08 13:57:19.903,614.02,20261008_134705,วิว,rest,,,,,84.5,,1,0.213,0.216,-0.003,1,38.65,0.049,0.031,18,ready,8
2026-10-08 13:57:20.105,614.23,20261008_134705,วิว,rest,,,,,84.5,,1,0.214,0.216,-0.002,1,38.66,0.049,0.031,18,ready,8
2026-10-08 13:57:20.309,614.43,20261008_134705,วิว,rest,,,,,84.5,,1,0.215,0.216,-0.001,1,38.67,0.049,0.031,18,ready,8
2026-10-08 13:57:20.519,614.64,20261008_134705,วิว,rest,,,,,84.5,,1,0.215,0.216,-0.001,1,38.68,0.049,0.031,18,ready,8
2026-10-08 13:57:20.719,614.84,20261008_134705,วิว,rest,,,,,84.5,,1,0.215,0.216,-0.001,1,38.68,0.049,0.031,18,ready,8
2026-10-08 13:57:20.923,615.04,20261008_134705,วิว,rest,,,,,84.5,,1,0.215,0.216,-0.001,1,38.69,0.049,0.031,18,ready,8
2026-10-08 13:57:21.129,615.25,20261008_134705,วิว,rest,,,,,84.5,,1,0.215,0.216,-0.001,1,38.69,0.049,0.031,18,ready,8
2026-10-08 13:57:21.328,615.45,20261008_134705,วิว,rest,,,,,84.5,,1,0.215,0.216,-0.001,1,38.69,0.049,0.031,18,ready,8
2026-10-08 13:57:21.533,615.65,20261008_134705,วิว,rest,,,,,84.5,,1,0.215,0.216,-0.0,1,38.69,0.049,0.031,18,ready,8
2026-10-08 13:57:21.735,615.86,20261008_134705,วิว,rest,,,,,84.5,,1,0.216,0.216,-0.0,1,38.69,0.049,0.031,18,ready,8
2026-10-08 13:57:21.938,616.06,20261008_134705,วิว,rest,,,,,84.5,,1,0.216,0.216,-0.0,1,38.69,0.049,0.031,18,ready,8
2026-10-08 13:57:22.144,616.27,20261008_134705,วิว,rest,,,,,84.5,,1,0.215,0.216,-0.001,1,38.7,0.049,0.031,18,ready,8
2026-10-08 13:57:22.345,616.47,20261008_134705,วิว,rest,,,,,84.5,,1,0.215,0.216,-0.001,1,38.7,0.049,0.031,18,ready,8
2026-10-08 13:57:22.550,616.67,20261008_134705,วิว,rest,,,,,84.5,,1,0.215,0.216,-0.001,1,38.7,0.049,0.031,18,ready,8
2026-10-08 13:57:22.755,616.88,20261008_134705,วิว,rest,,,,,84.5,,1,0.215,0.216,-0.001,1,38.7,0.049,0.031,18,ready,8
2026-10-08 13:57:22.955,617.08,20261008_134705,วิว,rest,,,,,84.5,,1,0.215,0.216,-0.001,1,38.7,0.049,0.031,18,ready,8
2026-10-08 13:57:23.158,617.28,20261008_134705,วิว,rest,,,,,84.5,,1,0.215,0.216,-0.001,1,38.7,0.049,0.031,18,ready,8
2026-10-08 13:57:23.363,617.48,20261008_134705,วิว,rest,,,,,84.5,,1,0.215,0.216,-0.001,1,38.7,0.049,0.031,18,ready,8
2026-10-08 13:57:23.565,617.69,20261008_134705,วิว,rest,,,,,84.5,,1,0.215,0.216,-0.001,1,38.7,0.049,0.031,18,ready,8
2026-10-08 13:57:23.768,617.89,20261008_134705,วิว,rest,,,,,84.5,,1,0.213,0.216,-0.003,1,38.61,0.049,0.031,18,ready,8
2026-10-08 13:57:23.973,618.09,20261008_134705,วิว,rest,,,,,84.5,,1,0.209,0.216,-0.006,1,38.62,0.049,0.031,18,ready,8
2026-10-08 13:57:24.177,618.3,20261008_134705,วิว,rest,,,,,84.5,,1,0.211,0.216,-0.005,1,38.63,0.049,0.031,17,ready,8
2026-10-08 13:57:24.382,618.5,20261008_134705,วิว,rest,,,,,84.5,,1,0.213,0.216,-0.003,1,38.64,0.049,0.031,17,ready,8
2026-10-08 13:57:24.588,618.71,20261008_134705,วิว,rest,,,,,84.5,,1,0.213,0.216,-0.002,1,38.65,0.049,0.031,17,ready,8
2026-10-08 13:57:24.785,618.91,20261008_134705,วิว,rest,,,,,84.5,,1,0.215,0.216,-0.001,1,38.64,0.049,0.031,18,ready,8
2026-10-08 13:57:24.987,619.11,20261008_134705,วิว,rest,,,,,84.5,,1,0.215,0.216,-0.001,1,38.65,0.049,0.031,18,ready,8
2026-10-08 13:57:25.196,619.32,20261008_134705,วิว,rest,,,,,84.5,,1,0.215,0.216,-0.001,1,38.66,0.049,0.031,18,ready,8
2026-10-08 13:57:25.396,619.52,20261008_134705,วิว,rest,,,,,84.5,,1,0.215,0.216,-0.001,1,38.67,0.049,0.031,18,ready,8
2026-10-08 13:57:25.598,619.72,20261008_134705,วิว,rest,,,,,84.5,,1,0.215,0.216,-0.001,1,38.67,0.049,0.031,18,ready,8
2026-10-08 13:57:25.805,619.93,20261008_134705,วิว,rest,,,,,84.5,,1,0.215,0.216,-0.001,1,38.68,0.049,0.031,18,ready,8
2026-10-08 13:57:26.032,620.15,20261008_134705,วิว,rest,,,,,84.5,,1,0.214,0.216,-0.001,1,38.68,0.049,0.031,18,ready,8
2026-10-08 13:57:26.210,620.33,20261008_134705,วิว,rest,,,,,84.5,,1,0.214,0.216,-0.001,1,38.68,0.049,0.031,18,ready,8
2026-10-08 13:57:26.413,620.53,20261008_134705,วิว,rest,,,,,84.5,,1,0.214,0.215,-0.001,1,38.68,0.049,0.031,18,ready,8
2026-10-08 13:57:26.615,620.74,20261008_134705,วิว,rest,,,,,84.5,,1,0.214,0.215,-0.001,1,38.69,0.049,0.031,18,ready,8
2026-10-08 13:57:26.817,620.94,20261008_134705,วิว,rest,,,,,84.5,,1,0.214,0.215,-0.001,1,38.69,0.049,0.031,18,ready,8
2026-10-08 13:57:27.023,621.14,20261008_134705,วิว,rest,,,,,84.5,,1,0.214,0.215,-0.001,1,38.69,0.049,0.031,18,ready,8
2026-10-08 13:57:27.226,621.35,20261008_134705,วิว,rest,,,,,84.5,,1,0.215,0.215,-0.001,1,38.69,0.049,0.031,18,ready,8
2026-10-08 13:57:27.428,621.55,20261008_134705,วิว,rest,,,,,84.5,,1,0.215,0.215,-0.001,1,38.69,0.049,0.031,18,ready,8
2026-10-08 13:57:27.634,621.75,20261008_134705,วิว,rest,,,,,84.5,,1,0.215,0.215,-0.001,1,38.69,0.049,0.031,18,ready,8
2026-10-08 13:57:27.835,621.96,20261008_134705,วิว,rest,,,,,84.5,,1,0.215,0.215,-0.001,1,38.7,0.049,0.031,18,ready,8
2026-10-08 13:57:28.039,622.16,20261008_134705,วิว,rest,,,,,84.5,,1,0.215,0.215,-0.001,1,38.69,0.049,0.031,18,ready,8
2026-10-08 13:57:28.244,622.36,20261008_134705,วิว,rest,,,,,84.5,,1,0.21,0.215,-0.005,1,38.61,0.049,0.031,18,ready,8
2026-10-08 13:57:28.446,622.57,20261008_134705,วิว,rest,,,,,84.5,,1,0.212,0.215,-0.004,1,38.62,0.049,0.031,18,ready,8
2026-10-08 13:57:28.648,622.77,20261008_134705,วิว,rest,,,,,84.5,,1,0.213,0.215,-0.002,1,38.63,0.049,0.031,18,ready,8
2026-10-08 13:57:28.863,622.98,20261008_134705,วิว,rest,,,,,84.5,,1,0.214,0.215,-0.002,1,38.64,0.049,0.031,18,ready,8
2026-10-08 13:57:29.056,623.18,20261008_134705,วิว,rest,,,,,84.5,,1,0.214,0.215,-0.001,1,38.65,0.049,0.031,18,ready,8
2026-10-08 13:57:29.259,623.38,20261008_134705,วิว,rest,,,,,84.5,,1,0.214,0.215,-0.001,1,38.66,0.049,0.031,18,ready,8
2026-10-08 13:57:29.463,623.58,20261008_134705,วิว,rest,,,,,84.5,,1,0.214,0.215,-0.001,1,38.66,0.049,0.031,18,ready,8
2026-10-08 13:57:29.666,623.79,20261008_134705,วิว,rest,,,,,84.5,,1,0.214,0.215,-0.001,1,38.67,0.049,0.031,18,ready,8
2026-10-08 13:57:29.871,623.99,20261008_134705,วิว,rest,,,,,84.5,,1,0.214,0.215,-0.001,1,38.67,0.049,0.031,18,ready,8
2026-10-08 13:57:30.076,624.2,20261008_134705,วิว,rest,,,,,84.5,,1,0.214,0.215,-0.001,1,38.67,0.049,0.031,18,ready,8
2026-10-08 13:57:30.275,624.4,20261008_134705,วิว,rest,,,,,84.5,,1,0.214,0.215,-0.001,1,38.68,0.049,0.031,18,ready,8
2026-10-08 13:57:30.482,624.6,20261008_134705,วิว,rest,,,,,84.5,,1,0.214,0.215,-0.001,1,38.69,0.049,0.031,18,ready,8
