time_iso,t_sec,run_id,subject,phase,question_no,watch_qid,mode,label,hr_bpm,hrv_ms,ppg_contact,gsr_us,gsr_tonic_us,gsr_phasic_us,gsr_contact,skin_temp_c,tremor_ms2,motion_ms2,stress_index,engine_state,battery_mv
2026-10-08 23:07:17.652,0.2,20261008_230717,เทส,rest,,,,,70.5,125.7,1,,,,0,38.88,0.011,0.004,54,ready,9
2026-10-08 23:07:17.862,0.41,20261008_230717,เทส,rest,,,,,70.5,125.7,1,,,,0,38.87,0.011,0.004,52,ready,9
2026-10-08 23:07:18.064,0.61,20261008_230717,เทส,rest,,,,,70.5,125.7,1,,,,0,38.87,0.01,0.004,50,ready,9
2026-10-08 23:07:18.273,0.82,20261008_230717,เทส,rest,,,,,70.5,125.7,1,,,,0,38.88,0.01,0.005,49,ready,9
2026-10-08 23:07:18.480,1.03,20261008_230717,เทส,rest,,,,,74.6,122.7,1,,,,0,38.88,0.009,0.004,51,ready,9
2026-10-08 23:07:18.687,1.23,20261008_230717,เทส,rest,,,,,74.6,122.7,1,,,,0,38.88,0.008,0.004,53,ready,9
2026-10-08 23:07:18.893,1.44,20261008_230717,เทส,rest,,,,,74.6,122.7,1,,,,0,38.88,0.008,0.004,55,ready,9
2026-10-08 23:07:19.165,1.71,20261008_230717,เทส,rest,,,,,74.6,122.7,1,,,,0,38.87,0.008,0.003,56,ready,9
2026-10-08 23:07:19.314,1.86,20261008_230717,เทส,rest,,,,,74.6,122.7,1,,,,0,38.87,0.008,0.003,57,ready,9
2026-10-08 23:07:19.513,2.06,20261008_230717,เทส,rest,,,,,74.6,122.7,1,,,,0,38.87,0.008,0.003,59,ready,9
2026-10-08 23:07:19.722,2.27,20261008_230717,เทส,rest,,,,,74.6,122.7,1,,,,0,38.87,0.008,0.004,60,ready,9
2026-10-08 23:07:19.922,2.47,20261008_230717,เทส,rest,,,,,65.9,128.4,1,,,,0,38.87,0.007,0.004,53,ready,9
2026-10-08 23:07:20.123,2.67,20261008_230717,เทส,rest,,,,,65.9,128.4,1,,,,0,38.87,0.007,0.004,48,ready,9
2026-10-08 23:07:20.324,2.87,20261008_230717,เทส,rest,,,,,65.9,128.4,1,,,,0,38.88,0.007,0.004,43,ready,9
2026-10-08 23:07:20.522,3.07,20261008_230717,เทส,rest,,,,,65.9,128.4,1,,,,0,38.88,0.008,0.005,39,ready,9
2026-10-08 23:07:20.724,3.27,20261008_230717,เทส,rest,,,,,65.9,128.4,1,,,,0,38.88,0.008,0.005,37,ready,9
2026-10-08 23:07:20.922,3.47,20261008_230717,เทส,rest,,,,,65.7,129.2,1,,,,0,38.88,0.008,0.004,34,ready,9
2026-10-08 23:07:21.125,3.67,20261008_230717,เทส,baseline,,,,,65.7,129.2,1,,,,0,38.9,0.009,0.004,,baseline,9
2026-10-08 23:07:21.326,3.87,20261008_230717,เทส,baseline,,,,,65.7,129.2,1,,,,0,38.82,0.009,0.004,,baseline,8
2026-10-08 23:07:21.543,4.09,20261008_230717,เทส,baseline,,,,,65.7,129.2,1,,,,0,38.77,0.009,0.004,,baseline,8
2026-10-08 23:07:21.745,4.29,20261008_230717,เทส,baseline,,,,,65.7,129.2,1,,,,0,38.78,0.01,0.004,,baseline,8
2026-10-08 23:07:21.947,4.49,20261008_230717,เทส,baseline,,,,,65.7,129.2,1,,,,0,38.79,0.01,0.004,,baseline,8
2026-10-08 23:07:22.152,4.7,20261008_230717,เทส,baseline,,,,,65.7,129.2,1,,,,0,38.81,0.01,0.004,,baseline,8
2026-10-08 23:07:22.357,4.9,20261008_230717,เทส,baseline,,,,,65.7,129.2,1,,,,0,38.81,0.01,0.004,,baseline,8
2026-10-08 23:07:22.564,5.11,20261008_230717,เทส,baseline,,,,,65.9,129.2,1,,,,0,38.82,0.009,0.004,,baseline,8
2026-10-08 23:07:22.770,5.32,20261008_230717,เทส,baseline,,,,,65.9,129.2,1,,,,0,38.83,0.01,0.004,,baseline,8
2026-10-08 23:07:22.977,5.52,20261008_230717,เทส,baseline,,,,,65.9,129.2,1,,,,0,38.83,0.01,0.004,,baseline,8
2026-10-08 23:07:23.184,5.73,20261008_230717,เทส,baseline,,,,,65.9,129.2,1,,,,0,38.84,0.01,0.004,,baseline,8
2026-10-08 23:07:23.389,5.94,20261008_230717,เทส,baseline,,,,,65.9,129.2,1,,,,0,38.84,0.01,0.005,,baseline,8
2026-10-08 23:07:23.597,6.14,20261008_230717,เทส,baseline,,,,,64.2,142.1,1,,,,0,38.85,0.01,0.005,,baseline,8
2026-10-08 23:07:23.812,6.36,20261008_230717,เทส,baseline,,,,,64.2,142.1,1,,,,0,38.85,0.01,0.004,,baseline,8
2026-10-08 23:07:24.013,6.56,20261008_230717,เทส,baseline,,,,,64.2,142.1,1,,,,0,38.86,0.01,0.004,,baseline,8
2026-10-08 23:07:24.216,6.76,20261008_230717,เทส,baseline,,,,,64.2,142.1,1,,,,0,38.83,0.01,0.005,,baseline,8
2026-10-08 23:07:24.430,6.98,20261008_230717,เทส,baseline,,,,,64.2,142.1,1,,,,0,38.84,0.011,0.005,,baseline,8
2026-10-08 23:07:24.627,7.17,20261008_230717,เทส,baseline,,,,,64.2,142.1,1,,,,0,38.85,0.01,0.005,,baseline,8
2026-10-08 23:07:24.838,7.38,20261008_230717,เทส,baseline,,,,,64.2,142.1,1,,,,0,38.86,0.01,0.005,,baseline,8
2026-10-08 23:07:25.041,7.59,20261008_230717,เทส,baseline,,,,,64.2,142.1,1,,,,0,38.86,0.01,0.004,,baseline,8
2026-10-08 23:07:25.248,7.8,20261008_230717,เทส,baseline,,,,,64.2,142.1,1,,,,0,38.86,0.011,0.004,,baseline,8
2026-10-08 23:07:25.445,7.99,20261008_230717,เทส,baseline,,,,,,,1,,,,0,38.87,0.011,0.004,,baseline,8
2026-10-08 23:07:25.655,8.2,20261008_230717,เทส,baseline,,,,,,,1,,,,0,38.88,0.01,0.004,,baseline,8
2026-10-08 23:07:25.865,8.41,20261008_230717,เทส,baseline,,,,,118.4,,1,,,,0,38.88,0.011,0.005,,baseline,8
2026-10-08 23:07:26.066,8.61,20261008_230717,เทส,baseline,,,,,118.4,,1,,,,0,38.89,0.011,0.004,,baseline,8
2026-10-08 23:07:26.278,8.82,20261008_230717,เทส,baseline,,,,,156.9,,1,,,,0,38.89,0.011,0.004,,baseline,8
2026-10-08 23:07:26.486,9.03,20261008_230717,เทส,baseline,,,,,156.9,,1,,,,0,38.89,0.012,0.005,,baseline,8
2026-10-08 23:07:26.694,9.24,20261008_230717,เทส,baseline,,,,,156.9,,1,,,,0,38.89,0.024,0.006,,baseline,8
2026-10-08 23:07:26.897,9.44,20261008_230717,เทส,baseline,,,,,139.3,,1,,,,0,38.89,0.024,0.005,,baseline,8
2026-10-08 23:07:27.108,9.66,20261008_230717,เทส,baseline,,,,,139.3,,1,,,,0,38.89,0.022,0.005,,baseline,8
2026-10-08 23:07:27.310,9.86,20261008_230717,เทส,baseline,,,,,148.5,146.8,1,,,,0,38.9,0.021,0.004,,baseline,8
2026-10-08 23:07:27.515,10.06,20261008_230717,เทส,baseline,,,,,148.5,146.8,1,,,,0,38.9,0.02,0.004,,baseline,8
2026-10-08 23:07:27.725,10.27,20261008_230717,เทส,baseline,,,,,148.5,146.8,1,,,,0,38.91,0.018,0.004,,baseline,8
2026-10-08 23:07:27.936,10.48,20261008_230717,เทส,baseline,,,,,148.5,146.8,1,,,,0,38.91,0.016,0.004,,baseline,8
2026-10-08 23:07:28.138,10.68,20261008_230717,เทส,baseline,,,,,148.5,146.8,1,,,,0,38.91,0.015,0.004,,baseline,8
2026-10-08 23:07:28.346,10.89,20261008_230717,เทส,baseline,,,,,148.5,146.8,1,,,,0,38.91,0.015,0.004,,baseline,8
2026-10-08 23:07:28.545,11.09,20261008_230717,เทส,baseline,,,,,156.9,146.8,1,,,,0,38.92,0.015,0.005,,baseline,8
2026-10-08 23:07:28.757,11.3,20261008_230717,เทส,baseline,,,,,156.9,146.8,1,,,,0,38.92,0.013,0.005,,baseline,8
2026-10-08 23:07:28.959,11.51,20261008_230717,เทส,baseline,,,,,156.9,146.8,1,,,,0,38.92,0.013,0.005,,baseline,8
2026-10-08 23:07:29.166,11.71,20261008_230717,เทส,baseline,,,,,156.9,146.8,1,,,,0,38.92,0.012,0.004,,baseline,8
2026-10-08 23:07:29.375,11.92,20261008_230717,เทส,baseline,,,,,156.9,146.8,1,,,,0,38.92,0.012,0.005,,baseline,8
2026-10-08 23:07:29.574,12.12,20261008_230717,เทส,baseline,,,,,156.9,146.8,1,,,,0,38.92,0.011,0.005,,baseline,8
2026-10-08 23:07:29.779,12.33,20261008_230717,เทส,baseline,,,,,156.9,146.8,1,,,,0,38.93,0.01,0.006,,baseline,8
2026-10-08 23:07:29.985,12.53,20261008_230717,เทส,baseline,,,,,156.9,146.8,1,,,,0,38.92,0.011,0.006,,baseline,8
2026-10-08 23:07:30.193,12.74,20261008_230717,เทส,baseline,,,,,156.9,146.8,1,,,,0,38.83,0.01,0.006,,baseline,8
2026-10-08 23:07:30.401,12.95,20261008_230717,เทส,baseline,,,,,156.9,146.8,1,,,,0,38.84,0.01,0.005,,baseline,8
2026-10-08 23:07:30.600,13.15,20261008_230717,เทส,baseline,,,,,156.9,146.8,1,,,,0,38.85,0.01,0.005,,baseline,8
2026-10-08 23:07:30.812,13.36,20261008_230717,เทส,baseline,,,,,156.9,146.8,1,,,,0,38.86,0.01,0.005,,baseline,8
2026-10-08 23:07:31.014,13.56,20261008_230717,เทส,baseline,,,,,156.9,146.8,1,,,,0,38.86,0.01,0.005,,baseline,8
2026-10-08 23:07:31.223,13.77,20261008_230717,เทส,baseline,,,,,156.9,146.8,1,,,,0,38.87,0.01,0.004,,baseline,8
2026-10-08 23:07:31.429,13.98,20261008_230717,เทส,baseline,,,,,156.9,146.8,1,,,,0,38.87,0.009,0.004,,baseline,8
2026-10-08 23:07:31.657,14.2,20261008_230717,เทส,baseline,,,,,156.9,146.8,1,,,,0,38.87,0.009,0.004,,baseline,8
2026-10-08 23:07:31.846,14.39,20261008_230717,เทส,baseline,,,,,,,1,,,,0,38.88,0.009,0.004,,baseline,8
2026-10-08 23:07:32.048,14.6,20261008_230717,เทส,baseline,,,,,,,1,,,,0,38.89,0.009,0.004,,baseline,8
2026-10-08 23:07:32.260,14.81,20261008_230717,เทส,baseline,,,,,,,1,,,,0,38.89,0.01,0.004,,baseline,8
2026-10-08 23:07:32.465,15.01,20261008_230717,เทส,baseline,,,,,100.1,,1,,,,0,38.9,0.01,0.004,,baseline,8
2026-10-08 23:07:32.668,15.22,20261008_230717,เทส,baseline,,,,,100.1,,1,,,,0,38.9,0.01,0.004,,baseline,8
2026-10-08 23:07:32.867,15.41,20261008_230717,เทส,baseline,,,,,100.1,,1,,,,0,38.9,0.01,0.004,,baseline,8
2026-10-08 23:07:33.071,15.62,20261008_230717,เทส,baseline,,,,,100.1,,1,,,,0,38.91,0.01,0.004,,baseline,8
2026-10-08 23:07:33.275,15.82,20261008_230717,เทส,baseline,,,,,97.2,,1,,,,0,38.91,0.01,0.003,,baseline,8
2026-10-08 23:07:33.492,16.04,20261008_230717,เทส,baseline,,,,,97.2,,1,,,,0,38.91,0.01,0.003,,baseline,8
2026-10-08 23:07:33.692,16.24,20261008_230717,เทส,baseline,,,,,97.2,,1,,,,0,38.91,0.009,0.003,,baseline,8
2026-10-08 23:07:33.913,16.46,20261008_230717,เทส,baseline,,,,,100.1,,1,,,,0,38.91,0.009,0.003,,baseline,8
2026-10-08 23:07:34.104,16.65,20261008_230717,เทส,baseline,,,,,100.1,,1,,,,0,38.91,0.008,0.003,,baseline,8
2026-10-08 23:07:34.309,16.86,20261008_230717,เทส,baseline,,,,,100.1,,1,,,,0,38.91,0.008,0.003,,baseline,8
2026-10-08 23:07:34.546,17.09,20261008_230717,เทส,baseline,,,,,103.1,171.9,1,,,,0,38.94,0.009,0.004,,baseline,8
2026-10-08 23:07:34.729,17.28,20261008_230717,เทส,baseline,,,,,103.1,171.9,1,,,,0,38.91,0.01,0.005,,baseline,8
2026-10-08 23:07:34.934,17.48,20261008_230717,เทส,baseline,,,,,103.1,171.9,1,,,,0,38.91,0.01,0.004,,baseline,8
2026-10-08 23:07:35.139,17.69,20261008_230717,เทส,baseline,,,,,103.1,171.9,1,,,,0,38.92,0.01,0.004,,baseline,8
2026-10-08 23:07:35.344,17.89,20261008_230717,เทส,baseline,,,,,103.3,171.9,1,,,,0,38.92,0.009,0.005,,baseline,8
2026-10-08 23:07:35.553,18.1,20261008_230717,เทส,baseline,,,,,103.3,171.9,1,,,,0,38.92,0.009,0.005,,baseline,8
2026-10-08 23:07:35.760,18.31,20261008_230717,เทส,baseline,,,,,103.3,171.9,1,,,,0,38.92,0.009,0.005,,baseline,8
2026-10-08 23:07:35.966,18.51,20261008_230717,เทส,baseline,,,,,104.7,153.8,1,,,,0,38.92,0.009,0.005,,baseline,8
2026-10-08 23:07:36.182,18.73,20261008_230717,เทส,baseline,,,,,104.7,153.8,1,,,,0,38.93,0.009,0.004,,baseline,8
2026-10-08 23:07:36.377,18.92,20261008_230717,เทส,baseline,,,,,106.2,142.7,1,,,,0,38.92,0.009,0.004,,baseline,8
2026-10-08 23:07:36.580,19.13,20261008_230717,เทส,baseline,,,,,106.2,142.7,1,,,,0,38.93,0.009,0.004,,baseline,8
2026-10-08 23:07:36.790,19.34,20261008_230717,เทส,baseline,,,,,106.2,142.7,1,,,,0,38.92,0.009,0.004,,baseline,8
2026-10-08 23:07:37.000,19.55,20261008_230717,เทส,baseline,,,,,106.2,142.7,1,,,,0,38.93,0.009,0.004,,baseline,8
2026-10-08 23:07:37.205,19.75,20261008_230717,เทส,baseline,,,,,106.2,142.7,1,,,,0,38.93,0.01,0.004,,baseline,8
2026-10-08 23:07:37.414,19.96,20261008_230717,เทส,baseline,,,,,106.2,142.7,1,,,,0,38.93,0.01,0.004,,baseline,8
2026-10-08 23:07:37.624,20.17,20261008_230717,เทส,baseline,,,,,106.2,142.7,1,,,,0,38.93,0.009,0.004,,baseline,8
2026-10-08 23:07:37.826,20.37,20261008_230717,เทส,baseline,,,,,106.2,142.7,1,,,,0,38.94,0.009,0.004,,baseline,8
2026-10-08 23:07:38.028,20.58,20261008_230717,เทส,baseline,,,,,,,1,,,,0,38.94,0.009,0.004,,baseline,8
2026-10-08 23:07:38.234,20.78,20261008_230717,เทส,baseline,,,,,,,1,,,,0,38.94,0.008,0.003,,baseline,8
2026-10-08 23:07:38.443,20.99,20261008_230717,เทส,baseline,,,,,88.9,,1,,,,0,38.94,0.008,0.003,,baseline,8
2026-10-08 23:07:38.649,21.2,20261008_230717,เทส,baseline,,,,,88.9,,1,,,,0,38.94,0.008,0.004,,baseline,8
2026-10-08 23:07:38.854,21.4,20261008_230717,เทส,baseline,,,,,146.3,,1,,,,0,38.93,0.008,0.004,,baseline,8
2026-10-08 23:07:39.063,21.61,20261008_230717,เทส,baseline,,,,,146.3,,1,,,,0,38.93,0.009,0.004,,baseline,8
2026-10-08 23:07:39.269,21.82,20261008_230717,เทส,baseline,,,,,157.9,,1,,,,0,38.93,0.009,0.004,,baseline,8
2026-10-08 23:07:39.475,22.02,20261008_230717,เทส,baseline,,,,,157.9,,1,,,,0,38.93,0.008,0.004,,baseline,8
2026-10-08 23:07:39.677,22.22,20261008_230717,เทส,baseline,,,,,157.9,,1,,,,0,38.94,0.009,0.005,,baseline,8
2026-10-08 23:07:39.883,22.43,20261008_230717,เทส,baseline,,,,,157.9,,1,,,,0,38.94,0.009,0.005,,baseline,8
2026-10-08 23:07:40.090,22.64,20261008_230717,เทส,baseline,,,,,157.9,,1,,,,0,38.94,0.008,0.005,,baseline,8
2026-10-08 23:07:40.296,22.84,20261008_230717,เทส,baseline,,,,,169.0,,1,,,,0,38.95,0.008,0.005,,baseline,8
2026-10-08 23:07:40.506,23.05,20261008_230717,เทส,baseline,,,,,169.0,,1,,,,0,38.95,0.008,0.005,,baseline,8
2026-10-08 23:07:40.709,23.26,20261008_230717,เทส,baseline,,,,,169.0,266.8,1,,,,0,38.95,0.008,0.004,,baseline,8
2026-10-08 23:07:40.981,23.53,20261008_230717,เทส,baseline,,,,,171.4,239.7,1,,,,0,38.95,0.01,0.005,,baseline,8
2026-10-08 23:07:41.124,23.67,20261008_230717,เทส,baseline,,,,,171.4,239.7,1,,,,0,38.95,0.01,0.005,,baseline,8
2026-10-08 23:07:41.328,23.88,20261008_230717,เทส,baseline,,,,,171.4,239.7,1,,,,0,38.95,0.009,0.004,,baseline,8
2026-10-08 23:07:41.534,24.08,20261008_230717,เทส,baseline,,,,,171.4,239.7,1,,,,0,38.95,0.009,0.004,,baseline,9
2026-10-08 23:07:41.746,24.29,20261008_230717,เทส,baseline,,,,,171.4,239.7,1,,,,0,38.96,0.01,0.005,,baseline,9
2026-10-08 23:07:41.950,24.5,20261008_230717,เทส,baseline,,,,,171.4,239.7,1,,,,0,38.96,0.009,0.005,,baseline,8
2026-10-08 23:07:42.154,24.7,20261008_230717,เทส,baseline,,,,,171.4,239.7,1,,,,0,38.96,0.009,0.005,,baseline,8
2026-10-08 23:07:42.369,24.92,20261008_230717,เทส,baseline,,,,,171.4,239.7,1,,,,0,38.96,0.009,0.004,,baseline,8
2026-10-08 23:07:42.570,25.12,20261008_230717,เทส,baseline,,,,,171.4,239.7,1,,,,0,38.96,0.009,0.004,,baseline,8
2026-10-08 23:07:42.774,25.32,20261008_230717,เทส,baseline,,,,,171.4,239.7,1,,,,0,38.96,0.008,0.004,,baseline,8
2026-10-08 23:07:42.974,25.52,20261008_230717,เทส,baseline,,,,,171.4,239.7,1,,,,0,38.93,0.008,0.004,,baseline,9
2026-10-08 23:07:43.183,25.73,20261008_230717,เทส,baseline,,,,,171.4,239.7,1,,,,0,38.94,0.008,0.004,,baseline,8
2026-10-08 23:07:43.389,25.94,20261008_230717,เทส,baseline,,,,,,,1,,,,0,38.9,0.008,0.003,,baseline,8
2026-10-08 23:07:43.594,26.14,20261008_230717,เทส,baseline,,,,,,,1,,,,0,38.91,0.008,0.003,,baseline,8
2026-10-08 23:07:43.801,26.35,20261008_230717,เทส,baseline,,,,,124.7,,1,,,,0,38.92,0.009,0.003,,baseline,8
2026-10-08 23:07:44.005,26.55,20261008_230717,เทส,baseline,,,,,124.7,,1,,,,0,38.92,0.008,0.003,,baseline,8
2026-10-08 23:07:44.211,26.76,20261008_230717,เทส,baseline,,,,,124.7,,1,,,,0,38.92,0.008,0.003,,baseline,8
2026-10-08 23:07:44.420,26.97,20261008_230717,เทส,baseline,,,,,142.8,,1,,,,0,38.93,0.009,0.003,,baseline,8
2026-10-08 23:07:44.624,27.17,20261008_230717,เทส,baseline,,,,,147.9,,1,,,,0,38.92,0.009,0.003,,baseline,8
2026-10-08 23:07:44.824,27.37,20261008_230717,เทส,baseline,,,,,147.9,,1,,,,0,38.92,0.009,0.003,,baseline,8
2026-10-08 23:07:45.025,27.57,20261008_230717,เทส,baseline,,,,,153.4,100.1,1,,,,0,38.92,0.009,0.003,,baseline,8
2026-10-08 23:07:45.280,27.83,20261008_230717,เทส,baseline,,,,,153.4,100.1,1,,,,0,38.93,0.009,0.003,,baseline,8
2026-10-08 23:07:45.429,27.98,20261008_230717,เทส,baseline,,,,,153.4,118.4,1,,,,0,38.93,0.009,0.003,,baseline,9
2026-10-08 23:07:45.686,28.23,20261008_230717,เทส,baseline,,,,,153.4,118.4,1,,,,0,38.93,0.009,0.003,,baseline,9
2026-10-08 23:07:45.839,28.39,20261008_230717,เทส,baseline,,,,,157.0,114.9,1,,,,0,38.94,0.009,0.003,,baseline,9
2026-10-08 23:07:46.047,28.59,20261008_230717,เทส,baseline,,,,,157.0,114.9,1,,,,0,38.94,0.009,0.003,,baseline,9
2026-10-08 23:07:46.255,28.8,20261008_230717,เทส,baseline,,,,,157.0,114.9,1,,,,0,38.94,0.01,0.004,,baseline,9
2026-10-08 23:07:46.467,29.01,20261008_230717,เทส,baseline,,,,,157.0,114.9,1,,,,0,38.95,0.009,0.004,,baseline,9
2026-10-08 23:07:46.664,29.21,20261008_230717,เทส,baseline,,,,,157.0,114.9,1,,,,0,38.95,0.01,0.003,,baseline,9
2026-10-08 23:07:46.869,29.42,20261008_230717,เทส,baseline,,,,,157.0,114.9,1,,,,0,38.95,0.011,0.003,,baseline,9
2026-10-08 23:07:47.076,29.62,20261008_230717,เทส,baseline,,,,,157.0,114.9,1,,,,0,38.95,0.01,0.003,,baseline,9
2026-10-08 23:07:47.276,29.82,20261008_230717,เทส,baseline,,,,,149.9,106.6,1,,,,0,38.95,0.01,0.003,,baseline,9
2026-10-08 23:07:47.494,30.04,20261008_230717,เทส,baseline,,,,,149.9,106.6,1,,,,0,38.95,0.009,0.003,,baseline,9
2026-10-08 23:07:49.512,32.06,20261008_230717,เทส,baseline,,,,,149.9,101.0,1,,,,0,38.95,0.008,0.003,,baseline,9
2026-10-08 23:07:49.713,32.26,20261008_230717,เทส,baseline,,,,,149.9,101.0,1,,,,0,38.95,0.009,0.004,,baseline,9
2026-10-08 23:07:49.922,32.47,20261008_230717,เทส,baseline,,,,,143.0,98.6,1,,,,0,38.96,0.008,0.003,,baseline,9
2026-10-08 23:07:50.128,32.67,20261008_230717,เทส,baseline,,,,,143.0,98.6,1,,,,0,38.96,0.008,0.003,,baseline,9
2026-10-08 23:07:50.335,32.88,20261008_230717,เทส,baseline,,,,,143.0,98.6,1,,,,0,38.96,0.009,0.004,,baseline,9
2026-10-08 23:07:50.540,33.09,20261008_230717,เทส,baseline,,,,,143.0,98.6,1,,,,0,38.96,0.008,0.004,,baseline,9
2026-10-08 23:07:50.744,33.29,20261008_230717,เทส,baseline,,,,,143.0,98.6,1,,,,0,38.96,0.009,0.004,,baseline,9
2026-10-08 23:07:50.946,33.49,20261008_230717,เทส,baseline,,,,,143.0,98.6,1,,,,0,38.96,0.008,0.003,,baseline,9
2026-10-08 23:07:51.147,33.69,20261008_230717,เทส,rest,,,,,143.0,98.6,1,,,,0,38.93,0.008,0.003,27,ready,9
2026-10-08 23:07:51.349,33.9,20261008_230717,เทส,rest,,,,,143.0,98.6,1,,,,0,38.94,0.008,0.003,27,ready,9
2026-10-08 23:07:51.550,34.1,20261008_230717,เทส,rest,,,,,143.0,98.6,1,,,,0,38.94,0.009,0.004,27,ready,9
2026-10-08 23:07:51.756,34.3,20261008_230717,เทส,rest,,,,,149.9,82.9,1,,,,0,38.95,0.009,0.004,28,ready,9
2026-10-08 23:07:51.975,34.52,20261008_230717,เทส,rest,,,,,149.9,82.9,1,,,,0,38.95,0.008,0.004,28,ready,9
2026-10-08 23:07:52.172,34.72,20261008_230717,เทส,rest,,,,,135.7,91.0,1,,,,0,38.95,0.01,0.004,28,ready,9
2026-10-08 23:07:52.376,34.92,20261008_230717,เทส,rest,,,,,135.7,92.6,1,,,,0,38.96,0.013,0.004,27,ready,9
2026-10-08 23:07:52.584,35.13,20261008_230717,เทส,rest,,,,,135.7,92.6,1,,,,0,38.96,0.013,0.003,27,ready,9
2026-10-08 23:07:52.789,35.34,20261008_230717,เทส,rest,,,,,135.7,92.6,1,,,,0,38.96,0.012,0.003,27,ready,9
2026-10-08 23:07:52.997,35.54,20261008_230717,เทส,rest,,,,,135.7,92.6,1,,,,0,38.97,0.012,0.004,26,ready,9
2026-10-08 23:07:53.205,35.75,20261008_230717,เทส,rest,,,,,135.7,92.6,1,,,,0,38.95,0.011,0.003,26,ready,9
2026-10-08 23:07:53.412,35.96,20261008_230717,เทส,question,1,600,live,truth,135.7,92.6,1,,,,0,38.96,0.011,0.003,26,question,8
2026-10-08 23:07:53.615,36.16,20261008_230717,เทส,question,1,600,live,truth,135.7,92.6,1,,,,0,38.96,0.011,0.003,26,question,8
2026-10-08 23:07:53.821,36.37,20261008_230717,เทส,question,1,600,live,truth,135.7,92.6,1,,,,0,38.96,0.01,0.004,26,question,8
2026-10-08 23:07:54.026,36.57,20261008_230717,เทส,question,1,600,live,truth,135.7,92.6,1,,,,0,38.97,0.011,0.004,26,question,8
2026-10-08 23:07:54.232,36.78,20261008_230717,เทส,question,1,600,live,truth,135.7,92.6,1,,,,0,38.96,0.012,0.004,26,question,8
2026-10-08 23:07:54.437,36.98,20261008_230717,เทส,question,1,600,live,truth,135.7,92.6,1,,,,0,38.97,0.011,0.004,26,question,8
2026-10-08 23:07:54.636,37.18,20261008_230717,เทส,question,1,600,live,truth,135.7,92.6,1,,,,0,38.97,0.01,0.004,25,question,9
2026-10-08 23:07:54.842,37.39,20261008_230717,เทส,question,1,600,live,truth,135.7,92.6,1,,,,0,38.97,0.01,0.004,25,question,9
2026-10-08 23:07:55.045,37.59,20261008_230717,เทส,question,1,600,live,truth,,,1,,,,0,38.97,0.01,0.003,25,question,9
2026-10-08 23:07:55.255,37.8,20261008_230717,เทส,question,1,600,live,truth,,,1,,,,0,38.96,0.009,0.003,25,question,9
2026-10-08 23:07:55.457,38.0,20261008_230717,เทส,question,1,600,live,truth,,,1,,,,0,38.96,0.009,0.003,24,question,9
2026-10-08 23:07:55.669,38.22,20261008_230717,เทส,question,1,600,live,truth,,,1,,,,0,38.96,0.009,0.003,24,question,9
2026-10-08 23:07:55.933,38.48,20261008_230717,เทส,question,1,600,live,truth,,,1,,,,0,38.96,0.009,0.004,24,question,9
2026-10-08 23:07:56.070,38.62,20261008_230717,เทส,question,1,600,live,truth,69.1,,1,,,,0,38.96,0.008,0.004,21,question,9
2026-10-08 23:07:56.338,38.88,20261008_230717,เทส,question,1,600,live,truth,69.1,,1,,,,0,38.96,0.009,0.004,19,question,9
2026-10-08 23:07:56.540,39.09,20261008_230717,เทส,question,1,600,live,truth,69.1,,1,,,,0,38.97,0.009,0.004,17,question,8
2026-10-08 23:07:56.669,39.22,20261008_230717,เทส,question,1,600,live,truth,69.1,,1,,,,0,38.97,0.009,0.004,16,question,9
2026-10-08 23:07:56.869,39.42,20261008_230717,เทส,question,1,600,live,truth,74.8,,1,,,,0,38.97,0.01,0.004,15,question,9
2026-10-08 23:07:57.069,39.62,20261008_230717,เทส,question,1,600,live,truth,74.8,,1,,,,0,38.97,0.01,0.004,14,question,9
2026-10-08 23:07:57.268,39.81,20261008_230717,เทส,question,1,600,live,truth,74.8,,1,,,,0,38.97,0.009,0.004,14,question,8
2026-10-08 23:07:57.468,40.02,20261008_230717,เทส,question,1,600,live,truth,75.4,,1,,,,0,38.99,0.009,0.004,13,question,8
2026-10-08 23:07:57.672,40.22,20261008_230717,เทส,question,1,600,live,truth,75.4,,1,,,,0,38.94,0.009,0.004,13,question,8
2026-10-08 23:07:57.878,40.43,20261008_230717,เทส,question,1,600,live,truth,75.4,,1,,,,0,38.94,0.009,0.004,12,question,8
2026-10-08 23:07:58.078,40.63,20261008_230717,เทส,question,1,600,live,truth,75.4,,1,,,,0,38.95,0.009,0.003,12,question,8
2026-10-08 23:07:58.285,40.83,20261008_230717,เทส,question,1,600,live,truth,75.4,,1,,,,0,38.95,0.009,0.003,12,question,8
2026-10-08 23:07:58.498,41.05,20261008_230717,เทส,question,1,600,live,truth,75.4,,1,,,,0,38.95,0.009,0.004,12,question,8
2026-10-08 23:07:58.696,41.24,20261008_230717,เทส,question,1,600,live,truth,75.4,,1,,,,0,38.95,0.009,0.004,11,question,8
2026-10-08 23:07:58.907,41.45,20261008_230717,เทส,question,1,600,live,truth,75.4,,1,,,,0,38.96,0.009,0.004,11,question,8
2026-10-08 23:07:59.115,41.66,20261008_230717,เทส,question,1,600,live,truth,75.4,,1,,,,0,38.96,0.008,0.004,11,question,8
2026-10-08 23:07:59.320,41.87,20261008_230717,เทส,question,1,600,live,truth,75.4,,1,,,,0,38.96,0.008,0.004,11,question,8
2026-10-08 23:07:59.529,42.08,20261008_230717,เทส,question,1,600,live,truth,75.4,,1,,,,0,38.96,0.008,0.003,11,question,8
2026-10-08 23:07:59.726,42.27,20261008_230717,เทส,question,1,600,live,truth,75.4,,1,,,,0,38.96,0.011,0.003,11,question,8
2026-10-08 23:07:59.936,42.48,20261008_230717,เทส,question,1,600,live,truth,75.9,,1,,,,0,38.97,0.01,0.003,11,question,8
2026-10-08 23:08:00.141,42.69,20261008_230717,เทส,question,1,600,live,truth,75.9,,1,,,,0,38.97,0.01,0.003,11,question,8
2026-10-08 23:08:00.346,42.89,20261008_230717,เทส,question,1,600,live,truth,75.9,,1,,,,0,38.97,0.01,0.003,11,question,8
2026-10-08 23:08:00.557,43.1,20261008_230717,เทส,question,1,600,live,truth,75.9,,1,,,,0,38.97,0.01,0.003,11,question,8
2026-10-08 23:08:00.767,43.31,20261008_230717,เทส,question,1,600,live,truth,75.9,,1,,,,0,38.98,0.01,0.005,11,question,8
2026-10-08 23:08:00.966,43.51,20261008_230717,เทส,question,1,600,live,truth,75.9,,1,,,,0,38.98,0.01,0.005,11,question,8
2026-10-08 23:08:01.165,43.71,20261008_230717,เทส,question,1,600,live,truth,75.9,,1,,,,0,38.98,0.009,0.004,11,question,8
2026-10-08 23:08:01.374,43.92,20261008_230717,เทส,question,1,600,live,truth,75.9,,1,,,,0,38.98,0.01,0.004,11,question,8
2026-10-08 23:08:01.580,44.13,20261008_230717,เทส,question,1,600,live,truth,75.9,,1,,,,0,38.98,0.009,0.005,11,question,9
2026-10-08 23:08:01.790,44.34,20261008_230717,เทส,question,1,600,live,truth,75.9,,1,,,,0,38.96,0.01,0.006,11,question,9
2026-10-08 23:08:02.000,44.55,20261008_230717,เทส,question,1,600,live,truth,75.9,,1,,,,0,38.97,0.011,0.006,11,question,9
2026-10-08 23:08:02.279,44.83,20261008_230717,เทส,question,1,600,live,truth,75.9,,1,,,,0,38.97,0.01,0.005,11,question,9
2026-10-08 23:08:02.406,44.95,20261008_230717,เทส,question,1,600,live,truth,77.3,,1,,,,0,38.97,0.01,0.005,11,question,9
2026-10-08 23:08:02.620,45.17,20261008_230717,เทส,question,1,600,live,truth,77.3,,1,,,,0,38.97,0.01,0.005,11,question,9
2026-10-08 23:08:02.820,45.37,20261008_230717,เทส,question,1,600,live,truth,77.3,,1,,,,0,38.97,0.009,0.005,11,question,9
2026-10-08 23:08:03.027,45.57,20261008_230717,เทส,question,1,600,live,truth,77.3,,1,,,,0,38.97,0.009,0.004,11,question,9
2026-10-08 23:08:03.232,45.78,20261008_230717,เทส,question,1,600,live,truth,77.3,,1,,,,0,38.98,0.008,0.005,11,question,9
2026-10-08 23:08:03.435,45.98,20261008_230717,เทส,question,1,600,live,truth,77.3,,1,,,,0,38.98,0.009,0.004,11,question,9
2026-10-08 23:08:03.640,46.19,20261008_230717,เทส,question,1,600,live,truth,77.3,,1,,,,0,38.98,0.008,0.004,11,question,9
2026-10-08 23:08:03.846,46.39,20261008_230717,เทส,question,1,600,live,truth,77.3,,1,,,,0,38.98,0.008,0.004,11,question,9
2026-10-08 23:08:04.055,46.6,20261008_230717,เทส,question,1,600,live,truth,77.3,,1,,,,0,38.98,0.008,0.004,11,question,9
2026-10-08 23:08:04.266,46.81,20261008_230717,เทส,question,1,600,live,truth,79.5,,1,,,,0,38.98,0.009,0.004,11,question,9
2026-10-08 23:08:04.468,47.02,20261008_230717,เทส,question,1,600,live,truth,79.5,,1,,,,0,38.98,0.01,0.004,11,question,9
2026-10-08 23:08:04.677,47.22,20261008_230717,เทส,question,1,600,live,truth,79.5,,1,,,,0,38.98,0.01,0.005,11,question,9
2026-10-08 23:08:04.884,47.43,20261008_230717,เทส,question,1,600,live,truth,79.5,,1,,,,0,38.98,0.009,0.004,11,question,9
2026-10-08 23:08:05.089,47.64,20261008_230717,เทส,question,1,600,live,truth,79.5,,1,,,,0,38.98,0.009,0.004,11,question,9
2026-10-08 23:08:05.293,47.84,20261008_230717,เทส,recovery,1,600,live,truth,79.5,,1,,,,0,38.98,0.009,0.005,11,ready,9
2026-10-08 23:08:05.495,48.04,20261008_230717,เทส,recovery,1,600,live,truth,84.8,,1,,,,0,38.98,0.009,0.005,11,ready,9
2026-10-08 23:08:05.699,48.25,20261008_230717,เทส,recovery,1,600,live,truth,84.8,,1,,,,0,38.98,0.01,0.005,12,ready,9
2026-10-08 23:08:05.906,48.45,20261008_230717,เทส,recovery,1,600,live,truth,84.8,,1,,,,0,38.98,0.01,0.004,12,ready,9
2026-10-08 23:08:06.113,48.66,20261008_230717,เทส,recovery,1,600,live,truth,84.8,,1,,,,0,38.98,0.009,0.004,12,ready,9
2026-10-08 23:08:06.319,48.87,20261008_230717,เทส,recovery,1,600,live,truth,84.8,,1,,,,0,38.98,0.01,0.004,12,ready,9
2026-10-08 23:08:06.528,49.07,20261008_230717,เทส,recovery,1,600,live,truth,84.8,,1,,,,0,38.99,0.009,0.004,12,ready,9
2026-10-08 23:08:06.735,49.28,20261008_230717,เทส,recovery,1,600,live,truth,84.8,,1,,,,0,38.99,0.009,0.004,12,ready,9
2026-10-08 23:08:06.940,49.49,20261008_230717,เทส,recovery,1,600,live,truth,84.8,,1,,,,0,38.99,0.009,0.004,12,ready,9
2026-10-08 23:08:07.147,49.69,20261008_230717,เทส,recovery,1,600,live,truth,84.8,,1,,,,0,38.99,0.01,0.004,12,ready,9
2026-10-08 23:08:07.354,49.9,20261008_230717,เทส,recovery,1,600,live,truth,84.8,,1,,,,0,38.96,0.01,0.005,12,ready,9
2026-10-08 23:08:07.560,50.11,20261008_230717,เทส,recovery,1,600,live,truth,84.8,,1,,,,0,38.96,0.01,0.004,12,ready,9
2026-10-08 23:08:07.767,50.31,20261008_230717,เทส,recovery,1,600,live,truth,93.3,145.2,1,,,,0,38.97,0.01,0.004,13,ready,9
2026-10-08 23:08:07.975,50.52,20261008_230717,เทส,recovery,1,600,live,truth,93.3,145.2,1,,,,0,38.97,0.01,0.004,13,ready,9
2026-10-08 23:08:08.180,50.73,20261008_230717,เทส,recovery,1,600,live,truth,93.3,145.2,1,,,,0,38.97,0.01,0.004,13,ready,9
2026-10-08 23:08:08.386,50.93,20261008_230717,เทส,recovery,1,600,live,truth,93.3,145.2,1,,,,0,38.97,0.01,0.004,13,ready,9
2026-10-08 23:08:08.597,51.14,20261008_230717,เทส,recovery,1,600,live,truth,93.3,145.2,1,,,,0,38.98,0.009,0.005,13,ready,9
2026-10-08 23:08:08.812,51.36,20261008_230717,เทส,recovery,1,600,live,truth,93.3,145.2,1,,,,0,38.99,0.009,0.005,14,ready,9
2026-10-08 23:08:09.009,51.56,20261008_230717,เทส,recovery,1,600,live,truth,101.9,145.2,1,,,,0,38.99,0.01,0.005,14,ready,9
2026-10-08 23:08:09.215,51.76,20261008_230717,เทส,recovery,1,600,live,truth,101.9,145.2,1,,,,0,38.99,0.011,0.005,14,ready,9
2026-10-08 23:08:09.421,51.97,20261008_230717,เทส,recovery,1,600,live,truth,101.9,145.2,1,,,,0,38.99,0.011,0.005,15,ready,9
2026-10-08 23:08:09.631,52.18,20261008_230717,เทส,recovery,1,600,live,truth,101.9,145.2,1,,,,0,38.99,0.01,0.005,15,ready,9
2026-10-08 23:08:09.838,52.38,20261008_230717,เทส,recovery,1,600,live,truth,101.9,145.2,1,,,,0,38.99,0.01,0.005,15,ready,9
2026-10-08 23:08:10.036,52.58,20261008_230717,เทส,rest,,,,,101.9,145.2,1,,,,0,38.99,0.01,0.005,15,ready,9
2026-10-08 23:08:10.245,52.79,20261008_230717,เทส,rest,,,,,101.9,145.2,1,,,,0,38.99,0.009,0.004,15,ready,9
2026-10-08 23:08:10.455,53.0,20261008_230717,เทส,rest,,,,,101.9,145.2,1,,,,0,38.99,0.011,0.005,15,ready,9
2026-10-08 23:08:10.660,53.21,20261008_230717,เทส,rest,,,,,102.7,145.2,1,,,,0,39.0,0.015,0.005,16,ready,9
2026-10-08 23:08:10.865,53.41,20261008_230717,เทส,rest,,,,,102.7,145.2,1,,,,0,39.0,0.017,0.005,16,ready,9
2026-10-08 23:08:11.080,53.63,20261008_230717,เทส,rest,,,,,102.7,145.2,1,,,,0,39.0,0.016,0.005,16,ready,9
2026-10-08 23:08:11.285,53.83,20261008_230717,เทส,rest,,,,,102.7,145.2,1,,,,0,39.0,0.015,0.005,16,ready,9
2026-10-08 23:08:11.488,54.04,20261008_230717,เทส,rest,,,,,102.7,145.2,1,,,,0,39.0,0.016,0.005,16,ready,9
2026-10-08 23:08:11.686,54.23,20261008_230717,เทส,rest,,,,,102.7,145.2,1,,,,0,38.95,0.019,0.005,16,ready,8
2026-10-08 23:08:11.897,54.44,20261008_230717,เทส,rest,,,,,102.7,145.2,1,,,,0,38.96,0.02,0.004,17,ready,8
2026-10-08 23:08:12.103,54.65,20261008_230717,เทส,rest,,,,,102.7,145.2,1,,,,0,38.96,0.019,0.005,17,ready,8
2026-10-08 23:08:12.309,54.86,20261008_230717,เทส,rest,,,,,102.7,145.2,1,,,,0,38.97,0.018,0.005,17,ready,8
2026-10-08 23:08:12.520,55.07,20261008_230717,เทส,rest,,,,,115.1,,1,,,,0,38.97,0.017,0.004,17,ready,8
2026-10-08 23:08:12.715,55.26,20261008_230717,เทส,rest,,,,,115.1,,1,,,,0,38.97,0.016,0.004,18,ready,8
2026-10-08 23:08:12.924,55.47,20261008_230717,เทส,rest,,,,,115.1,,1,,,,0,38.97,0.015,0.004,18,ready,8
2026-10-08 23:08:13.129,55.68,20261008_230717,เทส,rest,,,,,115.1,,1,,,,0,38.97,0.014,0.004,19,ready,8
2026-10-08 23:08:13.338,55.89,20261008_230717,เทส,rest,,,,,115.1,,1,,,,0,38.98,0.013,0.004,19,ready,8
2026-10-08 23:08:13.540,56.09,20261008_230717,เทส,rest,,,,,115.1,,1,,,,0,38.98,0.013,0.004,19,ready,8
2026-10-08 23:08:15.618,58.16,20261008_230717,เทส,rest,,,,,115.1,,1,,,,0,38.99,0.01,0.004,19,ready,9
2026-10-08 23:08:15.815,58.36,20261008_230717,เทส,rest,,,,,115.1,,1,,,,0,38.99,0.01,0.004,19,ready,9
2026-10-08 23:08:16.022,58.57,20261008_230717,เทส,rest,,,,,115.1,,1,,,,0,39.0,0.01,0.004,19,ready,9
2026-10-08 23:08:16.229,58.78,20261008_230717,เทส,rest,,,,,117.8,,1,,,,0,39.0,0.01,0.004,19,ready,9
2026-10-08 23:08:16.437,58.98,20261008_230717,เทส,rest,,,,,119.0,,1,,,,0,39.0,0.01,0.004,20,ready,9
2026-10-08 23:08:16.645,59.19,20261008_230717,เทส,rest,,,,,119.0,,1,,,,0,39.0,0.01,0.004,20,ready,9
2026-10-08 23:08:16.855,59.4,20261008_230717,เทส,rest,,,,,119.0,,1,,,,0,39.0,0.009,0.004,20,ready,9
2026-10-08 23:08:17.139,59.69,20261008_230717,เทส,rest,,,,,119.0,,1,,,,0,39.0,0.008,0.003,20,ready,9
2026-10-08 23:08:17.265,59.81,20261008_230717,เทส,rest,,,,,119.0,,1,,,,0,38.92,0.01,0.003,20,ready,9
2026-10-08 23:08:17.470,60.02,20261008_230717,เทส,rest,,,,,119.0,,1,,,,0,38.93,0.011,0.003,20,ready,8
2026-10-08 23:08:17.680,60.23,20261008_230717,เทส,rest,,,,,119.0,,1,,,,0,38.93,0.011,0.003,20,ready,8
2026-10-08 23:08:17.889,60.44,20261008_230717,เทส,rest,,,,,119.0,,1,,,,0,38.94,0.011,0.003,20,ready,8
2026-10-08 23:08:18.095,60.64,20261008_230717,เทส,rest,,,,,119.0,,1,,,,0,38.95,0.011,0.003,20,ready,8
2026-10-08 23:08:18.302,60.85,20261008_230717,เทส,rest,,,,,119.0,,1,,,,0,38.95,0.013,0.003,20,ready,8
2026-10-08 23:08:18.509,61.06,20261008_230717,เทส,rest,,,,,119.0,,1,,,,0,38.96,0.014,0.004,20,ready,8
2026-10-08 23:08:18.714,61.26,20261008_230717,เทส,rest,,,,,117.8,,1,,,,0,38.96,0.014,0.004,20,ready,8
2026-10-08 23:08:18.920,61.47,20261008_230717,เทส,rest,,,,,117.8,,1,,,,0,38.97,0.014,0.004,20,ready,9
2026-10-08 23:08:19.129,61.68,20261008_230717,เทส,rest,,,,,117.8,,1,,,,0,38.97,0.013,0.004,20,ready,9
2026-10-08 23:08:19.340,61.89,20261008_230717,เทส,rest,,,,,117.8,,1,,,,0,38.97,0.013,0.005,20,ready,9
2026-10-08 23:08:19.545,62.09,20261008_230717,เทส,rest,,,,,117.8,,1,,,,0,38.98,0.012,0.006,20,ready,9
2026-10-08 23:08:21.633,64.18,20261008_230717,เทส,question,2,601,live,lie,113.9,,1,,,,0,38.98,0.011,0.006,19,question,9
2026-10-08 23:08:21.848,64.4,20261008_230717,เทส,question,2,601,live,lie,113.9,,1,,,,0,38.98,0.011,0.006,19,question,9
2026-10-08 23:08:22.049,64.6,20261008_230717,เทส,question,2,601,live,lie,113.9,,1,,,,0,39.0,0.011,0.007,19,question,9
2026-10-08 23:08:22.255,64.8,20261008_230717,เทส,question,2,601,live,lie,113.9,,1,,,,0,38.97,0.011,0.007,19,question,9
2026-10-08 23:08:22.462,65.01,20261008_230717,เทส,question,2,601,live,lie,113.9,,1,,,,0,38.98,0.011,0.007,19,question,9
2026-10-08 23:08:22.669,65.22,20261008_230717,เทส,question,2,601,live,lie,113.9,,1,,,,0,38.98,0.011,0.006,19,question,9
2026-10-08 23:08:22.872,65.42,20261008_230717,เทส,question,2,601,live,lie,113.9,,1,,,,0,38.98,0.011,0.006,19,question,9
2026-10-08 23:08:23.077,65.62,20261008_230717,เทส,question,2,601,live,lie,113.9,,1,,,,0,38.99,0.01,0.005,19,question,9
2026-10-08 23:08:23.286,65.83,20261008_230717,เทส,question,2,601,live,lie,113.9,,1,,,,0,38.99,0.01,0.005,19,question,9
2026-10-08 23:08:23.486,66.03,20261008_230717,เทส,question,2,601,live,lie,113.9,,1,,,,0,38.99,0.009,0.005,19,question,9
2026-10-08 23:08:23.687,66.23,20261008_230717,เทส,question,2,601,live,lie,113.9,,1,,,,0,38.99,0.009,0.005,19,question,9
2026-10-08 23:08:23.894,66.44,20261008_230717,เทส,question,2,601,live,lie,113.9,,1,,,,0,39.0,0.009,0.004,19,question,9
2026-10-08 23:08:24.113,66.66,20261008_230717,เทส,question,2,601,live,lie,113.9,,1,,,,0,39.0,0.008,0.005,19,question,9
2026-10-08 23:08:24.305,66.85,20261008_230717,เทส,question,2,601,live,lie,113.9,,1,,,,0,39.0,0.009,0.005,19,question,9
2026-10-08 23:08:24.515,67.06,20261008_230717,เทส,question,2,601,live,lie,113.9,,1,,,,0,39.0,0.01,0.005,19,question,9
2026-10-08 23:08:24.713,67.26,20261008_230717,เทส,question,2,601,live,lie,113.9,,1,,,,0,39.0,0.01,0.005,19,question,9
2026-10-08 23:08:24.919,67.47,20261008_230717,เทส,question,2,601,live,lie,113.9,,1,,,,0,39.01,0.009,0.005,19,question,9
2026-10-08 23:08:25.138,67.69,20261008_230717,เทส,question,2,601,live,lie,113.9,,1,,,,0,39.01,0.009,0.005,19,question,9
2026-10-08 23:08:25.333,67.88,20261008_230717,เทส,question,2,601,live,lie,112.8,,1,,,,0,39.01,0.009,0.005,19,question,9
2026-10-08 23:08:25.545,68.09,20261008_230717,เทส,question,2,601,live,lie,112.8,,1,,,,0,39.01,0.009,0.005,19,question,9
2026-10-08 23:08:25.751,68.3,20261008_230717,เทส,question,2,601,live,lie,112.8,,1,,,,0,39.01,0.009,0.004,19,question,9
2026-10-08 23:08:25.953,68.5,20261008_230717,เทส,question,2,601,live,lie,111.1,,1,,,,0,39.01,0.009,0.005,18,question,9
2026-10-08 23:08:26.154,68.7,20261008_230717,เทส,question,2,601,live,lie,111.1,,1,,,,0,39.01,0.01,0.005,18,question,9
2026-10-08 23:08:26.364,68.91,20261008_230717,เทส,question,2,601,live,lie,111.1,,1,,,,0,39.0,0.009,0.005,18,question,9
2026-10-08 23:08:26.568,69.12,20261008_230717,เทส,question,2,601,live,lie,111.1,,1,,,,0,38.96,0.009,0.005,18,question,9
2026-10-08 23:08:26.774,69.32,20261008_230717,เทส,question,2,601,live,lie,111.1,,1,,,,0,38.95,0.009,0.004,18,question,9
2026-10-08 23:08:26.986,69.53,20261008_230717,เทส,question,2,601,live,lie,111.1,,1,,,,0,38.96,0.009,0.004,18,question,9
2026-10-08 23:08:27.192,69.74,20261008_230717,เทส,question,2,601,live,lie,111.1,,1,,,,0,38.96,0.009,0.004,18,question,9
2026-10-08 23:08:27.394,69.94,20261008_230717,เทส,question,2,601,live,lie,111.1,,1,,,,0,38.97,0.009,0.004,18,question,9
2026-10-08 23:08:27.598,70.14,20261008_230717,เทส,question,2,601,live,lie,111.1,,1,,,,0,38.97,0.01,0.004,18,question,9
2026-10-08 23:08:27.805,70.35,20261008_230717,เทส,question,2,601,live,lie,111.1,,1,,,,0,38.98,0.01,0.004,18,question,9
2026-10-08 23:08:28.009,70.56,20261008_230717,เทส,question,2,601,live,lie,111.1,,1,,,,0,38.98,0.009,0.004,18,question,9
2026-10-08 23:08:28.205,70.75,20261008_230717,เทส,question,2,601,live,lie,111.1,,1,,,,0,38.98,0.009,0.004,18,question,9
2026-10-08 23:08:28.405,70.95,20261008_230717,เทส,question,2,601,live,lie,111.1,,1,,,,0,38.99,0.01,0.004,18,question,9
2026-10-08 23:08:28.618,71.16,20261008_230717,เทส,question,2,601,live,lie,111.1,,1,,,,0,38.99,0.015,0.005,18,question,9
2026-10-08 23:08:28.819,71.37,20261008_230717,เทส,question,2,601,live,lie,111.1,70.8,1,,,,0,38.99,0.014,0.004,18,question,9
2026-10-08 23:08:29.025,71.57,20261008_230717,เทส,question,2,601,live,lie,111.1,70.8,1,,,,0,38.99,0.013,0.005,18,question,9
2026-10-08 23:08:29.234,71.78,20261008_230717,เทส,question,2,601,live,lie,111.1,70.8,1,,,,0,38.99,0.012,0.004,18,question,9
2026-10-08 23:08:29.443,71.99,20261008_230717,เทส,question,2,601,live,lie,118.7,71.7,1,,,,0,39.0,0.011,0.004,19,question,9
2026-10-08 23:08:29.644,72.19,20261008_230717,เทส,question,2,601,live,lie,133.5,66.0,1,,,,0,39.0,0.011,0.004,20,question,9
2026-10-08 23:08:29.847,72.39,20261008_230717,เทส,question,2,601,live,lie,133.5,66.0,1,,,,0,39.0,0.01,0.004,21,question,9
2026-10-08 23:08:30.053,72.6,20261008_230717,เทส,question,2,601,live,lie,133.5,66.0,1,,,,0,39.0,0.011,0.004,21,question,9
2026-10-08 23:08:30.259,72.81,20261008_230717,เทส,question,2,601,live,lie,133.5,66.0,1,,,,0,39.0,0.011,0.005,22,question,9
2026-10-08 23:08:30.462,73.01,20261008_230717,เทส,question,2,601,live,lie,133.5,66.0,1,,,,0,39.01,0.01,0.004,22,question,9
2026-10-08 23:08:30.669,73.22,20261008_230717,เทส,question,2,601,live,lie,133.5,66.0,1,,,,0,38.98,0.01,0.004,23,question,9
2026-10-08 23:08:30.876,73.42,20261008_230717,เทส,question,2,601,live,lie,133.5,66.0,1,,,,0,38.98,0.01,0.004,23,question,8
2026-10-08 23:08:31.086,73.63,20261008_230717,เทส,question,2,601,live,lie,133.5,66.0,1,,,,0,38.99,0.009,0.004,23,question,8
2026-10-08 23:08:31.288,73.83,20261008_230717,เทส,question,2,601,live,lie,133.5,66.0,1,,,,0,38.99,0.009,0.004,23,question,8
2026-10-08 23:08:31.495,74.04,20261008_230717,เทส,question,2,601,live,lie,133.5,66.0,1,,,,0,38.99,0.009,0.003,24,question,8
2026-10-08 23:08:31.703,74.25,20261008_230717,เทส,question,2,601,live,lie,,,1,,,,0,38.99,0.009,0.003,23,question,8
2026-10-08 23:08:31.908,74.46,20261008_230717,เทส,question,2,601,live,lie,,,1,,,,0,39.0,0.009,0.003,23,question,8
2026-10-08 23:08:32.117,74.66,20261008_230717,เทส,question,2,601,live,lie,,,1,,,,0,39.0,0.01,0.003,23,question,8
2026-10-08 23:08:32.329,74.88,20261008_230717,เทส,question,2,601,live,lie,102.1,,1,,,,0,39.0,0.009,0.003,22,question,8
2026-10-08 23:08:32.530,75.08,20261008_230717,เทส,question,2,601,live,lie,102.1,,1,,,,0,39.0,0.011,0.003,21,question,8
2026-10-08 23:08:32.735,75.28,20261008_230717,เทส,question,2,601,live,lie,105.1,,1,,,,0,39.0,0.012,0.004,20,question,8
2026-10-08 23:08:32.946,75.49,20261008_230717,เทส,question,2,601,live,lie,105.1,,1,,,,0,39.01,0.011,0.004,19,question,8
2026-10-08 23:08:33.149,75.7,20261008_230717,เทส,question,2,601,live,lie,105.1,,1,,,,0,39.01,0.011,0.005,19,question,8
2026-10-08 23:08:33.370,75.92,20261008_230717,เทส,recovery,2,601,live,lie,102.1,,1,,,,0,39.01,0.01,0.005,18,ready,8
2026-10-08 23:08:33.570,76.12,20261008_230717,เทส,recovery,2,601,live,lie,102.1,,1,,,,0,39.01,0.01,0.005,18,ready,8
2026-10-08 23:08:33.774,76.32,20261008_230717,เทส,recovery,2,601,live,lie,102.1,,1,,,,0,39.01,0.011,0.005,18,ready,8
2026-10-08 23:08:34.019,76.57,20261008_230717,เทส,recovery,2,601,live,lie,105.1,146.7,1,,,,0,39.01,0.01,0.005,17,ready,9
2026-10-08 23:08:34.182,76.73,20261008_230717,เทส,recovery,2,601,live,lie,105.1,146.7,1,,,,0,39.01,0.01,0.005,17,ready,8
2026-10-08 23:08:34.389,76.94,20261008_230717,เทส,recovery,2,601,live,lie,105.1,146.7,1,,,,0,39.01,0.01,0.005,17,ready,8
2026-10-08 23:08:34.595,77.14,20261008_230717,เทส,recovery,2,601,live,lie,105.1,146.7,1,,,,0,39.02,0.011,0.005,17,ready,8
2026-10-08 23:08:34.805,77.35,20261008_230717,เทส,recovery,2,601,live,lie,105.1,146.7,1,,,,0,39.02,0.01,0.005,17,ready,8
2026-10-08 23:08:35.009,77.56,20261008_230717,เทส,recovery,2,601,live,lie,105.1,146.7,1,,,,0,39.02,0.01,0.006,17,ready,9
2026-10-08 23:08:35.213,77.76,20261008_230717,เทส,recovery,2,601,live,lie,105.1,146.7,1,,,,0,39.02,0.01,0.006,17,ready,9
2026-10-08 23:08:35.420,77.97,20261008_230717,เทส,recovery,2,601,live,lie,105.1,146.7,1,,,,0,39.02,0.01,0.005,17,ready,9
2026-10-08 23:08:35.658,78.21,20261008_230717,เทส,recovery,2,601,live,lie,105.1,146.7,1,,,,0,39.02,0.009,0.005,17,ready,9
2026-10-08 23:08:35.837,78.38,20261008_230717,เทส,recovery,2,601,live,lie,105.1,146.7,1,,,,0,39.02,0.009,0.005,17,ready,8
2026-10-08 23:08:36.043,78.59,20261008_230717,เทส,recovery,2,601,live,lie,105.1,146.7,1,,,,0,39.01,0.009,0.005,17,ready,9
2026-10-08 23:08:36.251,78.8,20261008_230717,เทส,recovery,2,601,live,lie,105.1,146.7,1,,,,0,39.0,0.009,0.005,17,ready,9
2026-10-08 23:08:36.455,79.0,20261008_230717,เทส,recovery,2,601,live,lie,105.1,146.7,1,,,,0,39.01,0.008,0.004,17,ready,8
2026-10-08 23:08:36.661,79.21,20261008_230717,เทส,recovery,2,601,live,lie,105.1,146.7,1,,,,0,39.01,0.009,0.004,17,ready,8
2026-10-08 23:08:36.900,79.45,20261008_230717,เทส,rest,,,,,,,1,,,,0,39.01,0.009,0.004,18,ready,9
2026-10-08 23:08:37.074,79.62,20261008_230717,เทส,rest,,,,,88.4,,1,,,,0,39.01,0.009,0.004,17,ready,9
2026-10-08 23:08:37.279,79.83,20261008_230717,เทส,rest,,,,,88.4,,1,,,,0,39.01,0.009,0.006,17,ready,9
2026-10-08 23:08:37.484,80.03,20261008_230717,เทส,rest,,,,,88.4,,1,,,,0,39.02,0.01,0.005,16,ready,9
2026-10-08 23:08:37.707,80.25,20261008_230717,เทส,rest,,,,,97.1,,1,,,,0,39.02,0.01,0.005,16,ready,9
2026-10-08 23:08:37.894,80.44,20261008_230717,เทส,rest,,,,,97.1,,1,,,,0,39.02,0.009,0.004,16,ready,9
2026-10-08 23:08:38.123,80.67,20261008_230717,เทส,rest,,,,,97.1,,1,,,,0,39.02,0.009,0.004,15,ready,9
2026-10-08 23:08:38.306,80.85,20261008_230717,เทส,rest,,,,,111.1,,1,,,,0,39.02,0.014,0.004,16,ready,9
2026-10-08 23:08:38.526,81.07,20261008_230717,เทส,rest,,,,,111.1,,1,,,,0,39.03,0.014,0.005,17,ready,9
2026-10-08 23:08:38.714,81.26,20261008_230717,เทส,rest,,,,,129.7,331.4,1,,,,0,38.98,0.015,0.005,18,ready,9
2026-10-08 23:08:38.919,81.47,20261008_230717,เทส,rest,,,,,129.7,331.4,1,,,,0,38.99,0.018,0.006,19,ready,9
2026-10-08 23:08:39.124,81.67,20261008_230717,เทส,rest,,,,,135.4,296.8,1,,,,0,38.99,0.017,0.005,20,ready,9
2026-10-08 23:08:39.329,81.88,20261008_230717,เทส,rest,,,,,135.4,296.8,1,,,,0,39.0,0.017,0.005,22,ready,9
2026-10-08 23:08:39.536,82.08,20261008_230717,เทส,rest,,,,,135.4,296.8,1,,,,0,39.0,0.02,0.006,22,ready,9
2026-10-08 23:08:39.740,82.29,20261008_230717,เทส,rest,,,,,129.7,273.8,1,,,,0,39.01,0.019,0.008,23,ready,9
2026-10-08 23:08:39.951,82.5,20261008_230717,เทส,rest,,,,,129.7,273.8,1,,,,0,39.01,0.018,0.009,23,ready,9
2026-10-08 23:08:40.155,82.7,20261008_230717,เทส,rest,,,,,129.7,273.8,1,,,,0,39.01,0.02,0.009,24,ready,9
2026-10-08 23:08:40.362,82.91,20261008_230717,เทส,rest,,,,,129.7,254.2,1,,,,0,38.96,0.019,0.009,24,ready,9
2026-10-08 23:08:40.573,83.12,20261008_230717,เทส,rest,,,,,129.7,254.2,1,,,,0,38.97,0.019,0.009,24,ready,9
2026-10-08 23:08:40.776,83.32,20261008_230717,เทส,rest,,,,,129.7,254.2,1,,,,0,38.97,0.018,0.009,24,ready,9
2026-10-08 23:08:40.983,83.53,20261008_230717,เทส,rest,,,,,129.7,254.2,1,,,,0,38.98,0.017,0.008,24,ready,9
2026-10-08 23:08:41.189,83.74,20261008_230717,เทส,rest,,,,,129.7,254.2,1,,,,0,38.98,0.016,0.007,24,ready,9
2026-10-08 23:08:41.395,83.94,20261008_230717,เทส,rest,,,,,129.7,254.2,1,,,,0,38.98,0.014,0.007,24,ready,9
2026-10-08 23:08:41.605,84.15,20261008_230717,เทส,rest,,,,,129.7,254.2,1,,,,0,38.98,0.014,0.007,24,ready,9
2026-10-08 23:08:41.806,84.35,20261008_230717,เทส,rest,,,,,129.7,254.2,1,,,,0,38.98,0.013,0.007,24,ready,9
2026-10-08 23:08:42.011,84.56,20261008_230717,เทส,rest,,,,,129.7,254.2,1,,,,0,38.99,0.013,0.006,24,ready,9
2026-10-08 23:08:42.215,84.76,20261008_230717,เทส,rest,,,,,129.7,254.2,1,,,,0,38.99,0.012,0.006,24,ready,9
2026-10-08 23:08:42.422,84.97,20261008_230717,เทส,rest,,,,,,,1,,,,0,39.0,0.012,0.006,24,ready,9
2026-10-08 23:08:42.622,85.17,20261008_230717,เทส,rest,,,,,,,1,,,,0,39.01,0.011,0.006,24,ready,9
2026-10-08 23:08:42.829,85.38,20261008_230717,เทส,rest,,,,,,,1,,,,0,39.01,0.011,0.006,24,ready,9
2026-10-08 23:08:43.045,85.59,20261008_230717,เทส,rest,,,,,,,1,,,,0,39.02,0.01,0.006,24,ready,9
2026-10-08 23:08:43.241,85.79,20261008_230717,เทส,rest,,,,,63.6,,1,,,,0,39.02,0.01,0.006,21,ready,9
2026-10-08 23:08:43.451,86.0,20261008_230717,เทส,rest,,,,,63.6,,1,,,,0,39.02,0.01,0.006,19,ready,9
2026-10-08 23:08:43.657,86.2,20261008_230717,เทส,rest,,,,,63.6,,1,,,,0,39.02,0.011,0.005,17,ready,9
2026-10-08 23:08:43.863,86.41,20261008_230717,เทส,rest,,,,,63.6,,1,,,,0,39.02,0.013,0.005,16,ready,9
2026-10-08 23:08:44.073,86.62,20261008_230717,เทส,rest,,,,,63.6,,1,,,,0,39.03,0.013,0.005,14,ready,9
2026-10-08 23:08:44.272,86.82,20261008_230717,เทส,rest,,,,,63.6,,1,,,,0,39.03,0.013,0.005,13,ready,9
2026-10-08 23:08:44.566,87.11,20261008_230717,เทส,rest,,,,,63.6,,1,,,,0,39.05,0.012,0.004,12,ready,9
2026-10-08 23:08:44.675,87.22,20261008_230717,เทส,rest,,,,,63.6,,1,,,,0,39.03,0.011,0.004,12,ready,9
2026-10-08 23:08:44.884,87.43,20261008_230717,เทส,rest,,,,,63.6,,1,,,,0,39.03,0.011,0.004,11,ready,9
2026-10-08 23:08:45.097,87.64,20261008_230717,เทส,rest,,,,,63.6,,1,,,,0,39.03,0.011,0.005,11,ready,9
2026-10-08 23:08:45.387,87.93,20261008_230717,เทส,rest,,,,,63.6,,1,,,,0,39.03,0.011,0.005,10,ready,9
2026-10-08 23:08:45.500,88.05,20261008_230717,เทส,rest,,,,,63.6,,1,,,,0,39.03,0.016,0.006,10,ready,9
2026-10-08 23:08:45.708,88.25,20261008_230717,เทส,rest,,,,,63.6,,1,,,,0,39.03,0.018,0.006,10,ready,9
2026-10-08 23:08:45.910,88.46,20261008_230717,เทส,rest,,,,,57.0,,1,,,,0,39.03,0.018,0.006,10,ready,9
2026-10-08 23:08:46.116,88.66,20261008_230717,เทส,rest,,,,,57.0,,1,,,,0,39.03,0.017,0.005,10,ready,9
2026-10-08 23:08:46.330,88.88,20261008_230717,เทส,rest,,,,,57.0,,1,,,,0,39.03,0.016,0.005,9,ready,9
2026-10-08 23:08:46.531,89.08,20261008_230717,เทส,rest,,,,,57.0,,1,,,,0,39.03,0.015,0.005,9,ready,9
2026-10-08 23:08:46.824,89.37,20261008_230717,เทส,rest,,,,,63.6,,1,,,,0,39.04,0.014,0.005,9,ready,9
2026-10-08 23:08:46.940,89.49,20261008_230717,เทส,rest,,,,,63.6,,1,,,,0,39.04,0.013,0.005,9,ready,9
2026-10-08 23:08:47.145,89.69,20261008_230717,เทส,rest,,,,,63.6,,1,,,,0,39.04,0.012,0.005,9,ready,9
2026-10-08 23:08:47.352,89.9,20261008_230717,เทส,rest,,,,,63.6,,1,,,,0,39.04,0.011,0.005,9,ready,9
2026-10-08 23:08:47.555,90.1,20261008_230717,เทส,rest,,,,,63.6,,1,,,,0,39.04,0.011,0.005,9,ready,9
2026-10-08 23:08:47.761,90.31,20261008_230717,เทส,rest,,,,,63.6,,1,,,,0,39.04,0.01,0.004,9,ready,9
2026-10-08 23:08:47.970,90.52,20261008_230717,เทส,rest,,,,,63.6,,1,,,,0,39.04,0.01,0.005,9,ready,9
2026-10-08 23:08:48.171,90.72,20261008_230717,เทส,rest,,,,,63.6,,1,,,,0,39.04,0.01,0.004,9,ready,9
2026-10-08 23:08:48.379,90.93,20261008_230717,เทส,rest,,,,,63.6,,1,,,,0,39.04,0.01,0.004,9,ready,9
2026-10-08 23:08:48.585,91.13,20261008_230717,เทส,rest,,,,,63.6,,1,,,,0,39.04,0.01,0.004,9,ready,9
2026-10-08 23:08:48.792,91.34,20261008_230717,เทส,rest,,,,,63.6,,1,,,,0,39.06,0.01,0.005,9,ready,9
2026-10-08 23:08:48.992,91.54,20261008_230717,เทส,rest,,,,,63.6,,1,,,,0,39.03,0.009,0.005,9,ready,9
2026-10-08 23:08:49.193,91.74,20261008_230717,เทส,rest,,,,,63.6,,1,,,,0,39.03,0.009,0.005,9,ready,9
2026-10-08 23:08:49.412,91.96,20261008_230717,เทส,rest,,,,,63.6,,1,,,,0,39.03,0.009,0.005,9,ready,9
2026-10-08 23:08:49.606,92.15,20261008_230717,เทส,rest,,,,,63.6,,1,,,,0,39.03,0.009,0.005,9,ready,9
2026-10-08 23:08:49.811,92.36,20261008_230717,เทส,rest,,,,,,,1,,,,0,39.03,0.009,0.005,11,ready,9
2026-10-08 23:08:50.020,92.57,20261008_230717,เทส,rest,,,,,,,1,,,,0,39.04,0.009,0.004,13,ready,9
2026-10-08 23:08:50.224,92.77,20261008_230717,เทส,rest,,,,,,,1,,,,0,39.04,0.01,0.005,15,ready,9
2026-10-08 23:08:50.428,92.97,20261008_230717,เทส,rest,,,,,,,1,,,,0,39.04,0.011,0.005,17,ready,9
2026-10-08 23:08:50.631,93.18,20261008_230717,เทส,rest,,,,,,,1,,,,0,39.04,0.01,0.005,18,ready,9
2026-10-08 23:08:50.835,93.38,20261008_230717,เทส,rest,,,,,,,1,,,,0,39.04,0.01,0.005,19,ready,9
2026-10-08 23:08:51.043,93.59,20261008_230717,เทส,rest,,,,,,,1,,,,0,39.03,0.01,0.005,20,ready,9
2026-10-08 23:08:51.249,93.8,20261008_230717,เทส,rest,,,,,,,1,,,,0,39.03,0.009,0.004,20,ready,9
2026-10-08 23:08:51.457,94.0,20261008_230717,เทส,rest,,,,,,,1,,,,0,39.03,0.012,0.005,21,ready,9
2026-10-08 23:08:51.669,94.22,20261008_230717,เทส,rest,,,,,,,1,,,,0,39.03,0.011,0.005,21,ready,9
2026-10-08 23:08:51.872,94.42,20261008_230717,เทส,recovery,3,602,live,unknown,59.2,,1,,,,0,39.03,0.011,0.005,19,ready,9
2026-10-08 23:08:52.070,94.62,20261008_230717,เทส,question,3,602,live,unknown,59.2,,1,,,,0,39.03,0.01,0.004,16,question,9
2026-10-08 23:08:52.274,94.82,20261008_230717,เทส,question,3,602,live,unknown,59.2,,1,,,,0,39.03,0.01,0.004,14,question,9
2026-10-08 23:08:52.479,95.03,20261008_230717,เทส,question,3,602,live,unknown,59.2,,1,,,,0,39.03,0.009,0.005,13,question,9
2026-10-08 23:08:52.685,95.23,20261008_230717,เทส,question,3,602,live,unknown,59.2,,1,,,,0,39.04,0.009,0.004,12,question,9
2026-10-08 23:08:52.891,95.44,20261008_230717,เทส,question,3,602,live,unknown,59.2,,1,,,,0,39.04,0.01,0.004,12,question,9
2026-10-08 23:08:53.100,95.65,20261008_230717,เทส,question,3,602,live,unknown,59.2,,1,,,,0,39.04,0.01,0.004,11,question,9
2026-10-08 23:08:53.304,95.85,20261008_230717,เทส,question,3,602,live,unknown,59.2,,1,,,,0,38.99,0.01,0.005,11,question,9
2026-10-08 23:08:53.519,96.07,20261008_230717,เทส,question,3,602,live,unknown,59.2,,1,,,,0,38.99,0.011,0.005,10,question,9
2026-10-08 23:08:53.761,96.31,20261008_230717,เทส,question,3,602,live,unknown,59.2,,1,,,,0,39.0,0.011,0.005,10,question,9
2026-10-08 23:08:53.911,96.46,20261008_230717,เทส,question,3,602,live,unknown,59.2,,1,,,,0,39.0,0.01,0.005,10,question,9
2026-10-08 23:08:54.116,96.66,20261008_230717,เทส,question,3,602,live,unknown,59.2,,1,,,,0,39.0,0.01,0.004,9,question,9
2026-10-08 23:08:54.320,96.87,20261008_230717,เทส,question,3,602,live,unknown,59.2,,1,,,,0,39.01,0.01,0.004,9,question,9
2026-10-08 23:08:54.604,97.15,20261008_230717,เทส,question,3,602,live,unknown,59.2,,1,,,,0,39.01,0.01,0.004,9,question,9
2026-10-08 23:08:54.730,97.28,20261008_230717,เทส,question,3,602,live,unknown,66.1,,1,,,,0,39.01,0.009,0.004,9,question,9
2026-10-08 23:08:54.935,97.48,20261008_230717,เทส,question,3,602,live,unknown,66.1,,1,,,,0,39.01,0.009,0.004,9,question,9
2026-10-08 23:08:55.140,97.69,20261008_230717,เทส,question,3,602,live,unknown,66.1,,1,,,,0,39.02,0.009,0.004,9,question,9
2026-10-08 23:08:55.351,97.9,20261008_230717,เทส,question,3,602,live,unknown,66.1,,1,,,,0,39.02,0.008,0.005,9,question,9
2026-10-08 23:08:55.551,98.1,20261008_230717,เทส,question,3,602,live,unknown,66.1,,1,,,,0,39.02,0.009,0.005,9,question,9
2026-10-08 23:08:55.754,98.3,20261008_230717,เทส,question,3,602,live,unknown,66.1,,1,,,,0,39.02,0.009,0.005,9,question,9
2026-10-08 23:08:55.961,98.51,20261008_230717,เทส,question,3,602,live,unknown,66.1,,1,,,,0,39.02,0.009,0.004,9,question,9
2026-10-08 23:08:56.170,98.72,20261008_230717,เทส,question,3,602,live,unknown,66.1,,1,,,,0,39.02,0.008,0.004,9,question,9
2026-10-08 23:08:56.379,98.93,20261008_230717,เทส,question,3,602,live,unknown,66.1,,1,,,,0,39.02,0.008,0.004,9,question,9
2026-10-08 23:08:56.583,99.13,20261008_230717,เทส,question,3,602,live,unknown,66.1,,1,,,,0,39.02,0.008,0.004,9,question,9
2026-10-08 23:08:56.790,99.34,20261008_230717,เทส,question,3,602,live,unknown,66.1,,1,,,,0,39.03,0.008,0.004,9,question,9
2026-10-08 23:08:57.000,99.55,20261008_230717,เทส,question,3,602,live,unknown,66.1,,1,,,,0,39.03,0.01,0.005,9,question,9
2026-10-08 23:08:57.207,99.75,20261008_230717,เทส,question,3,602,live,unknown,66.1,,1,,,,0,39.03,0.011,0.004,9,question,9
2026-10-08 23:08:57.410,99.96,20261008_230717,เทส,question,3,602,live,unknown,73.2,,1,,,,0,39.03,0.01,0.005,9,question,9
2026-10-08 23:08:57.619,100.17,20261008_230717,เทส,question,3,602,live,unknown,73.2,,1,,,,0,39.02,0.01,0.004,10,question,9
2026-10-08 23:08:57.824,100.37,20261008_230717,เทส,question,3,602,live,unknown,73.2,,1,,,,0,39.02,0.01,0.004,10,question,9
2026-10-08 23:08:58.036,100.58,20261008_230717,เทส,question,3,602,live,unknown,73.2,,1,,,,0,39.02,0.01,0.005,10,question,9
2026-10-08 23:08:58.288,100.83,20261008_230717,เทส,question,3,602,live,unknown,73.2,,1,,,,0,39.03,0.012,0.005,10,question,9
2026-10-08 23:08:58.449,101.0,20261008_230717,เทส,question,3,602,live,unknown,66.1,235.0,1,,,,0,39.03,0.011,0.005,10,question,9
2026-10-08 23:08:58.652,101.2,20261008_230717,เทส,question,3,602,live,unknown,66.1,235.0,1,,,,0,39.03,0.011,0.005,10,question,9
2026-10-08 23:08:58.852,101.4,20261008_230717,เทส,question,3,602,live,unknown,66.1,235.0,1,,,,0,39.03,0.01,0.004,10,question,9
2026-10-08 23:08:59.061,101.61,20261008_230717,เทส,question,3,602,live,unknown,66.1,235.0,1,,,,0,39.03,0.01,0.004,10,question,9
2026-10-08 23:08:59.274,101.82,20261008_230717,เทส,question,3,602,live,unknown,66.1,235.0,1,,,,0,39.03,0.009,0.004,10,question,9
2026-10-08 23:08:59.474,102.02,20261008_230717,เทส,question,3,602,live,unknown,66.1,222.6,1,,,,0,39.03,0.008,0.004,9,question,9
2026-10-08 23:08:59.681,102.23,20261008_230717,เทส,question,3,602,live,unknown,66.1,222.6,1,,,,0,39.04,0.008,0.003,9,question,9
2026-10-08 23:08:59.889,102.44,20261008_230717,เทส,question,3,602,live,unknown,66.1,222.6,1,,,,0,39.04,0.008,0.003,9,question,9
2026-10-08 23:09:00.094,102.64,20261008_230717,เทส,question,3,602,live,unknown,73.2,249.7,1,,,,0,39.04,0.009,0.003,10,question,9
2026-10-08 23:09:00.299,102.85,20261008_230717,เทส,question,3,602,live,unknown,73.2,249.7,1,,,,0,39.04,0.009,0.003,10,question,9
2026-10-08 23:09:00.504,103.05,20261008_230717,เทส,question,3,602,live,unknown,73.2,249.7,1,,,,0,39.04,0.009,0.003,10,question,9
2026-10-08 23:09:00.715,103.26,20261008_230717,เทส,question,3,602,live,unknown,73.2,249.7,1,,,,0,39.04,0.008,0.004,10,question,9
2026-10-08 23:09:00.916,103.46,20261008_230717,เทส,question,3,602,live,unknown,73.2,249.7,1,,,,0,39.04,0.008,0.003,10,question,9
2026-10-08 23:09:01.120,103.67,20261008_230717,เทส,question,3,602,live,unknown,73.2,249.7,1,,,,0,39.04,0.008,0.003,10,question,9
2026-10-08 23:09:01.389,103.94,20261008_230717,เทส,question,3,602,live,unknown,73.2,249.7,1,,,,0,39.04,0.008,0.003,10,question,9
2026-10-08 23:09:01.535,104.08,20261008_230717,เทส,question,3,602,live,unknown,73.2,249.7,1,,,,0,39.04,0.008,0.003,10,question,9
2026-10-08 23:09:01.743,104.29,20261008_230717,เทส,question,3,602,live,unknown,73.2,249.7,1,,,,0,39.01,0.008,0.003,10,question,9
2026-10-08 23:09:05.838,108.38,20261008_230717,เทส,recovery,3,602,live,unknown,85.7,176.5,1,,,,0,39.0,0.01,0.005,12,ready,9
2026-10-08 23:09:06.031,108.58,20261008_230717,เทส,recovery,3,602,live,unknown,85.7,176.5,1,,,,0,39.0,0.009,0.005,12,ready,9
2026-10-08 23:09:06.241,108.79,20261008_230717,เทส,recovery,3,602,live,unknown,85.7,176.5,1,,,,0,39.0,0.009,0.005,12,ready,9
2026-10-08 23:09:06.441,108.99,20261008_230717,เทส,recovery,3,602,live,unknown,85.7,176.5,1,,,,0,39.01,0.01,0.006,12,ready,9
2026-10-08 23:09:06.641,109.19,20261008_230717,เทส,recovery,3,602,live,unknown,85.7,176.5,1,,,,0,39.01,0.01,0.006,12,ready,9
2026-10-08 23:09:06.843,109.39,20261008_230717,เทส,recovery,3,602,live,unknown,85.7,176.5,1,,,,0,39.01,0.01,0.005,12,ready,9
2026-10-08 23:09:07.041,109.59,20261008_230717,เทส,recovery,3,602,live,unknown,85.7,176.5,1,,,,0,39.02,0.009,0.005,12,ready,9
2026-10-08 23:09:07.246,109.79,20261008_230717,เทส,recovery,3,602,live,unknown,85.7,176.5,1,,,,0,39.02,0.01,0.006,12,ready,9
2026-10-08 23:09:07.454,110.0,20261008_230717,เทส,recovery,3,602,live,unknown,85.7,176.5,1,,,,0,39.03,0.012,0.006,12,ready,9
2026-10-08 23:09:07.657,110.2,20261008_230717,เทส,recovery,3,602,live,unknown,82.1,176.5,1,,,,0,39.03,0.012,0.006,12,ready,9
2026-10-08 23:09:07.851,110.4,20261008_230717,เทส,recovery,3,602,live,unknown,82.1,176.5,1,,,,0,39.03,0.011,0.006,12,ready,9
2026-10-08 23:09:08.064,110.61,20261008_230717,เทส,recovery,3,602,live,unknown,82.1,176.5,1,,,,0,39.03,0.011,0.006,12,ready,9
2026-10-08 23:09:08.261,110.81,20261008_230717,เทส,recovery,3,602,live,unknown,82.1,176.5,1,,,,0,39.04,0.01,0.006,12,ready,9
2026-10-08 23:09:08.469,111.02,20261008_230717,เทส,recovery,3,602,live,unknown,79.6,174.2,1,,,,0,39.04,0.01,0.006,12,ready,9
2026-10-08 23:09:08.683,111.23,20261008_230717,เทส,recovery,3,602,live,unknown,79.6,174.2,1,,,,0,39.04,0.009,0.005,12,ready,9
2026-10-08 23:09:08.935,111.48,20261008_230717,เทส,recovery,3,602,live,unknown,79.6,174.2,1,,,,0,39.05,0.009,0.005,12,ready,9
2026-10-08 23:09:09.089,111.64,20261008_230717,เทส,recovery,3,602,live,unknown,79.6,174.2,1,,,,0,39.05,0.01,0.005,12,ready,9
2026-10-08 23:09:09.295,111.84,20261008_230717,เทส,recovery,3,602,live,unknown,79.6,174.2,1,,,,0,39.05,0.01,0.005,12,ready,9
2026-10-08 23:09:09.501,112.05,20261008_230717,เทส,recovery,3,602,live,unknown,79.6,174.2,1,,,,0,39.05,0.01,0.005,12,ready,9
2026-10-08 23:09:09.710,112.26,20261008_230717,เทส,recovery,3,602,live,unknown,79.6,174.2,1,,,,0,39.05,0.01,0.004,12,ready,9
2026-10-08 23:09:09.914,112.46,20261008_230717,เทส,recovery,3,602,live,unknown,79.6,174.2,1,,,,0,39.05,0.01,0.004,12,ready,9
2026-10-08 23:09:10.129,112.68,20261008_230717,เทส,recovery,3,602,live,unknown,79.6,174.2,1,,,,0,39.05,0.009,0.004,12,ready,9
2026-10-08 23:09:10.332,112.88,20261008_230717,เทส,recovery,3,602,live,unknown,79.6,174.2,1,,,,0,39.07,0.009,0.005,12,ready,9
2026-10-08 23:09:10.542,113.09,20261008_230717,เทส,recovery,3,602,live,unknown,79.6,174.2,1,,,,0,39.03,0.01,0.006,11,ready,9
2026-10-08 23:09:10.781,113.33,20261008_230717,เทส,recovery,3,602,live,unknown,79.6,174.2,1,,,,0,39.03,0.009,0.006,11,ready,9
2026-10-08 23:09:10.953,113.5,20261008_230717,เทส,recovery,3,602,live,unknown,79.6,174.2,1,,,,0,39.03,0.009,0.005,11,ready,9
2026-10-08 23:09:11.162,113.71,20261008_230717,เทส,recovery,3,602,live,unknown,79.6,174.2,1,,,,0,39.03,0.009,0.005,11,ready,9
2026-10-08 23:09:11.370,113.92,20261008_230717,เทส,recovery,3,602,live,unknown,79.6,174.2,1,,,,0,39.03,0.008,0.005,11,ready,9
2026-10-08 23:09:11.570,114.12,20261008_230717,เทส,recovery,3,602,live,unknown,79.6,174.2,1,,,,0,39.04,0.009,0.004,11,ready,9
2026-10-08 23:09:11.770,114.32,20261008_230717,เทส,recovery,3,602,live,unknown,77.1,174.2,1,,,,0,39.04,0.008,0.004,11,ready,9
2026-10-08 23:09:11.969,114.52,20261008_230717,เทส,recovery,3,602,live,unknown,77.1,174.2,1,,,,0,39.04,0.012,0.007,11,ready,9
2026-10-08 23:09:12.169,114.72,20261008_230717,เทส,recovery,3,602,live,unknown,77.1,174.2,1,,,,0,39.04,0.014,0.007,11,ready,9
2026-10-08 23:09:12.373,114.92,20261008_230717,เทส,recovery,3,602,live,unknown,77.1,174.2,1,,,,0,39.04,0.013,0.007,11,ready,9
2026-10-08 23:09:12.570,115.12,20261008_230717,เทส,recovery,3,602,live,unknown,77.1,171.7,1,,,,0,39.05,0.013,0.007,11,ready,9
2026-10-08 23:09:12.770,115.32,20261008_230717,เทส,recovery,3,602,live,unknown,77.1,171.7,1,,,,0,39.05,0.021,0.007,12,ready,9
2026-10-08 23:09:12.979,115.53,20261008_230717,เทส,recovery,3,602,live,unknown,77.1,165.5,1,,,,0,39.05,0.018,0.007,12,ready,9
2026-10-08 23:09:13.190,115.74,20261008_230717,เทส,recovery,3,602,live,unknown,77.1,165.5,1,,,,0,39.05,0.017,0.007,12,ready,9
2026-10-08 23:09:13.385,115.93,20261008_230717,เทส,recovery,3,602,live,unknown,88.9,96.8,1,,,,0,39.05,0.016,0.006,12,ready,9
2026-10-08 23:09:13.593,116.14,20261008_230717,เทส,recovery,3,602,live,unknown,88.9,96.8,1,,,,0,39.05,0.015,0.006,12,ready,9
2026-10-08 23:09:13.796,116.34,20261008_230717,เทส,recovery,3,602,live,unknown,88.9,96.8,1,,,,0,39.05,0.014,0.005,13,ready,9
2026-10-08 23:09:14.007,116.55,20261008_230717,เทส,recovery,3,602,live,unknown,88.9,96.8,1,,,,0,39.05,0.015,0.007,13,ready,9
2026-10-08 23:09:14.211,116.76,20261008_230717,เทส,recovery,3,602,live,unknown,88.9,96.8,1,,,,0,39.05,0.016,0.007,13,ready,9
2026-10-08 23:09:14.416,116.96,20261008_230717,เทส,recovery,3,602,live,unknown,88.9,96.8,1,,,,0,39.05,0.015,0.007,13,ready,9
2026-10-08 23:09:14.625,117.17,20261008_230717,เทส,recovery,3,602,live,unknown,88.9,96.8,1,,,,0,39.04,0.014,0.006,13,ready,9
2026-10-08 23:09:14.821,117.37,20261008_230717,เทส,recovery,3,602,live,unknown,88.9,96.8,1,,,,0,39.04,0.014,0.006,13,ready,9
2026-10-08 23:09:15.031,117.58,20261008_230717,เทส,recovery,3,602,live,unknown,88.9,96.8,1,,,,0,39.04,0.015,0.005,13,ready,9
2026-10-08 23:09:15.284,117.83,20261008_230717,เทส,recovery,3,602,live,unknown,103.8,128.5,1,,,,0,39.04,0.014,0.005,14,ready,9
2026-10-08 23:09:15.443,117.99,20261008_230717,เทส,recovery,3,602,live,unknown,103.8,128.5,1,,,,0,39.04,0.014,0.005,14,ready,9
2026-10-08 23:09:15.645,118.19,20261008_230717,เทส,recovery,3,602,live,unknown,106.3,130.9,1,,,,0,39.04,0.014,0.005,15,ready,9
2026-10-08 23:09:15.851,118.4,20261008_230717,เทส,recovery,3,602,live,unknown,106.3,130.9,1,,,,0,39.04,0.017,0.005,16,ready,9
2026-10-08 23:09:16.057,118.6,20261008_230717,เทส,recovery,3,602,live,unknown,118.2,129.4,1,,,,0,39.05,0.017,0.005,17,ready,9
2026-10-08 23:09:16.262,118.81,20261008_230717,เทส,recovery,3,602,live,unknown,118.2,129.4,1,,,,0,39.05,0.016,0.005,17,ready,9
2026-10-08 23:09:16.469,119.02,20261008_230717,เทส,recovery,3,602,live,unknown,118.2,129.4,1,,,,0,39.05,0.016,0.005,18,ready,9
2026-10-08 23:09:16.676,119.22,20261008_230717,เทส,recovery,3,602,live,unknown,129.0,121.8,1,,,,0,39.05,0.024,0.005,19,ready,9
2026-10-08 23:09:16.885,119.43,20261008_230717,เทส,recovery,3,602,live,unknown,129.0,121.8,1,,,,0,39.05,0.024,0.005,20,ready,9
2026-10-08 23:09:17.090,119.64,20261008_230717,เทส,recovery,3,602,live,unknown,129.0,114.9,1,,,,0,39.05,0.022,0.006,21,ready,9
2026-10-08 23:09:17.301,119.85,20261008_230717,เทส,recovery,3,602,live,unknown,129.0,114.9,1,,,,0,39.05,0.021,0.005,22,ready,9
2026-10-08 23:09:17.501,120.05,20261008_230717,เทส,recovery,3,602,live,unknown,129.0,114.9,1,,,,0,39.05,0.019,0.005,22,ready,9
2026-10-08 23:09:17.709,120.26,20261008_230717,เทส,recovery,3,602,live,unknown,129.0,114.9,1,,,,0,39.06,0.018,0.005,23,ready,9
2026-10-08 23:09:17.913,120.46,20261008_230717,เทส,recovery,3,602,live,unknown,129.0,114.9,1,,,,0,39.06,0.018,0.005,23,ready,9
2026-10-08 23:09:18.122,120.67,20261008_230717,เทส,recovery,3,602,live,unknown,129.0,114.9,1,,,,0,39.06,0.017,0.005,23,ready,9
2026-10-08 23:09:18.357,120.9,20261008_230717,เทส,recovery,3,602,live,unknown,129.0,120.8,1,,,,0,39.06,0.016,0.005,23,ready,9
2026-10-08 23:09:18.534,121.08,20261008_230717,เทส,recovery,3,602,live,unknown,129.0,120.8,1,,,,0,39.06,0.016,0.006,24,ready,9
2026-10-08 23:09:18.736,121.28,20261008_230717,เทส,recovery,3,602,live,unknown,129.0,120.8,1,,,,0,39.06,0.015,0.006,24,ready,9
2026-10-08 23:09:18.944,121.49,20261008_230717,เทส,recovery,3,602,live,unknown,129.0,120.8,1,,,,0,39.01,0.02,0.006,24,ready,9
2026-10-08 23:09:19.176,121.72,20261008_230717,เทส,recovery,3,602,live,unknown,129.0,120.8,1,,,,0,39.01,0.02,0.006,24,ready,8
2026-10-08 23:09:19.355,121.9,20261008_230717,เทส,recovery,3,602,live,unknown,129.0,120.8,1,,,,0,39.02,0.021,0.006,24,ready,8
2026-10-08 23:09:19.562,122.11,20261008_230717,เทส,recovery,3,602,live,unknown,127.2,120.8,1,,,,0,39.02,0.02,0.006,24,ready,8
2026-10-08 23:09:19.770,122.32,20261008_230717,เทส,recovery,3,602,live,unknown,127.2,120.8,1,,,,0,39.03,0.018,0.006,24,ready,8
2026-10-08 23:09:19.977,122.52,20261008_230717,เทส,recovery,3,602,live,unknown,127.2,120.8,1,,,,0,39.04,0.022,0.006,24,ready,8
2026-10-08 23:09:20.190,122.74,20261008_230717,เทส,recovery,3,602,live,unknown,127.2,120.8,1,,,,0,39.04,0.023,0.006,24,ready,8
2026-10-08 23:09:20.397,122.94,20261008_230717,เทส,recovery,3,602,live,unknown,127.2,120.8,1,,,,0,39.04,0.021,0.006,24,ready,8
2026-10-08 23:09:20.598,123.14,20261008_230717,เทส,recovery,3,602,live,unknown,127.2,120.8,1,,,,0,39.05,0.02,0.006,24,ready,8
2026-10-08 23:09:20.800,123.35,20261008_230717,เทส,recovery,3,602,live,unknown,127.2,120.8,1,,,,0,39.05,0.021,0.006,24,ready,8
2026-10-08 23:09:21.012,123.56,20261008_230717,เทส,recovery,3,602,live,unknown,127.2,120.8,1,,,,0,39.05,0.02,0.006,24,ready,9
2026-10-08 23:09:21.218,123.77,20261008_230717,เทส,recovery,3,602,live,unknown,127.2,120.8,1,,,,0,39.05,0.025,0.007,25,ready,9
2026-10-08 23:09:21.416,123.96,20261008_230717,เทส,recovery,3,602,live,unknown,127.2,105.5,1,,,,0,39.06,0.029,0.006,25,ready,9
2026-10-08 23:09:21.623,124.17,20261008_230717,เทส,recovery,3,602,live,unknown,127.2,105.5,1,,,,0,39.05,0.028,0.006,25,ready,9
2026-10-08 23:09:21.828,124.37,20261008_230717,เทส,recovery,3,602,live,unknown,127.2,105.5,1,,,,0,39.06,0.027,0.006,25,ready,9
2026-10-08 23:09:22.032,124.58,20261008_230717,เทส,recovery,3,602,live,unknown,119.8,116.2,1,,,,0,39.06,0.026,0.007,25,ready,9
2026-10-08 23:09:22.250,124.8,20261008_230717,เทส,recovery,3,602,live,unknown,119.8,116.2,1,,,,0,39.06,0.025,0.007,24,ready,9
2026-10-08 23:09:22.452,125.0,20261008_230717,เทส,recovery,3,602,live,unknown,119.8,116.2,1,,,,0,39.06,0.027,0.007,24,ready,9
2026-10-08 23:09:22.653,125.2,20261008_230717,เทส,recovery,3,602,live,unknown,119.8,116.2,1,,,,0,39.06,0.027,0.007,24,ready,9
2026-10-08 23:09:22.854,125.4,20261008_230717,เทส,recovery,3,602,live,unknown,119.8,116.2,1,,,,0,39.06,0.026,0.007,24,ready,9
2026-10-08 23:09:23.068,125.62,20261008_230717,เทส,recovery,3,602,live,unknown,119.8,116.2,1,,,,0,39.08,0.027,0.007,24,ready,9
2026-10-08 23:09:23.257,125.8,20261008_230717,เทส,recovery,3,602,live,unknown,119.8,116.2,1,,,,0,39.04,0.026,0.007,24,ready,8
2026-10-08 23:09:23.460,126.01,20261008_230717,เทส,recovery,3,602,live,unknown,115.2,125.3,1,,,,0,39.04,0.026,0.006,23,ready,8
2026-10-08 23:09:23.676,126.22,20261008_230717,เทส,recovery,3,602,live,unknown,115.2,125.3,1,,,,0,39.05,0.024,0.006,23,ready,8
2026-10-08 23:09:23.887,126.43,20261008_230717,เทส,recovery,3,602,live,unknown,115.2,125.3,1,,,,0,39.06,0.023,0.006,23,ready,8
2026-10-08 23:09:24.095,126.64,20261008_230717,เทส,recovery,3,602,live,unknown,115.2,125.3,1,,,,0,39.06,0.022,0.006,22,ready,9
2026-10-08 23:09:24.295,126.84,20261008_230717,เทส,recovery,3,602,live,unknown,115.2,125.3,1,,,,0,39.06,0.021,0.006,22,ready,9
2026-10-08 23:09:24.501,127.05,20261008_230717,เทส,recovery,3,602,live,unknown,115.2,125.3,1,,,,0,39.06,0.019,0.005,22,ready,9
2026-10-08 23:09:24.737,127.28,20261008_230717,เทส,recovery,3,602,live,unknown,115.2,125.3,1,,,,0,39.07,0.018,0.005,22,ready,9
2026-10-08 23:09:24.913,127.46,20261008_230717,เทส,recovery,3,602,live,unknown,115.2,125.3,1,,,,0,39.07,0.019,0.005,21,ready,9
2026-10-08 23:09:25.120,127.67,20261008_230717,เทส,recovery,3,602,live,unknown,115.2,125.3,1,,,,0,39.07,0.018,0.004,21,ready,9
2026-10-08 23:09:25.330,127.88,20261008_230717,เทส,recovery,3,602,live,unknown,115.2,125.3,1,,,,0,39.07,0.017,0.004,21,ready,9
2026-10-08 23:09:25.533,128.08,20261008_230717,เทส,recovery,3,602,live,unknown,115.2,125.3,1,,,,0,39.07,0.016,0.004,21,ready,9
2026-10-08 23:09:25.743,128.29,20261008_230717,เทส,rest,,,,,115.2,125.3,1,,,,0,39.07,0.015,0.004,21,ready,9
2026-10-08 23:09:25.951,128.5,20261008_230717,เทส,rest,,,,,115.2,125.3,1,,,,0,39.07,0.016,0.004,21,ready,9
2026-10-08 23:09:26.158,128.7,20261008_230717,เทส,rest,,,,,115.2,125.3,1,,,,0,39.07,0.016,0.004,20,ready,9
2026-10-08 23:09:26.365,128.91,20261008_230717,เทส,rest,,,,,115.2,125.3,1,,,,0,39.08,0.015,0.004,20,ready,9
2026-10-08 23:09:26.569,129.12,20261008_230717,เทส,rest,,,,,119.8,125.3,1,,,,0,39.08,0.019,0.005,21,ready,9
2026-10-08 23:09:26.776,129.32,20261008_230717,เทส,rest,,,,,119.8,125.3,1,,,,0,39.08,0.019,0.004,21,ready,9
2026-10-08 23:09:26.982,129.53,20261008_230717,เทส,rest,,,,,119.8,125.3,1,,,,0,39.08,0.018,0.004,21,ready,9
2026-10-08 23:09:27.191,129.74,20261008_230717,เทส,rest,,,,,119.8,125.3,1,,,,0,39.08,0.018,0.004,21,ready,9
2026-10-08 23:09:27.397,129.94,20261008_230717,เทส,rest,,,,,119.8,125.3,1,,,,0,39.05,0.018,0.004,21,ready,9
2026-10-08 23:09:27.600,130.15,20261008_230717,เทส,rest,,,,,119.8,125.3,1,,,,0,39.05,0.016,0.003,21,ready,8
2026-10-08 23:09:27.809,130.36,20261008_230717,เทส,rest,,,,,119.8,125.3,1,,,,0,39.06,0.015,0.003,21,ready,8
2026-10-08 23:09:28.016,130.56,20261008_230717,เทส,rest,,,,,119.8,125.3,1,,,,0,39.06,0.014,0.003,21,ready,8
2026-10-08 23:09:28.219,130.77,20261008_230717,เทส,rest,,,,,119.8,125.3,1,,,,0,39.06,0.014,0.003,21,ready,8
2026-10-08 23:09:28.425,130.97,20261008_230717,เทส,rest,,,,,119.8,125.3,1,,,,0,39.07,0.013,0.003,21,ready,8
2026-10-08 23:09:28.631,131.18,20261008_230717,เทส,rest,,,,,119.8,125.3,1,,,,0,39.07,0.012,0.003,21,ready,8
2026-10-08 23:09:28.834,131.38,20261008_230717,เทส,rest,,,,,119.8,125.3,1,,,,0,39.08,0.012,0.003,21,ready,8
2026-10-08 23:09:29.039,131.59,20261008_230717,เทส,rest,,,,,119.8,125.3,1,,,,0,39.08,0.011,0.004,21,ready,8
2026-10-08 23:09:29.245,131.79,20261008_230717,เทส,rest,,,,,119.8,125.3,1,,,,0,39.08,0.011,0.003,21,ready,8
2026-10-08 23:09:29.452,132.0,20261008_230717,เทส,rest,,,,,119.8,125.3,1,,,,0,39.08,0.011,0.003,21,ready,8
2026-10-08 23:09:29.662,132.21,20261008_230717,เทส,rest,,,,,119.8,125.3,1,,,,0,39.08,0.011,0.003,21,ready,8
2026-10-08 23:09:29.873,132.42,20261008_230717,เทส,rest,,,,,119.8,125.3,1,,,,0,39.08,0.01,0.003,21,ready,8
2026-10-08 23:09:31.968,134.52,20261008_230717,เทส,rest,,,,,106.2,84.6,1,,,,0,39.09,0.013,0.005,18,ready,8
2026-10-08 23:09:32.170,134.72,20261008_230717,เทส,rest,,,,,105.7,87.2,1,,,,0,39.09,0.013,0.005,18,ready,9
2026-10-08 23:09:32.374,134.92,20261008_230717,เทส,rest,,,,,105.7,87.2,1,,,,0,39.09,0.012,0.005,18,ready,9
2026-10-08 23:09:32.582,135.13,20261008_230717,เทส,rest,,,,,106.2,119.2,1,,,,0,39.09,0.012,0.005,18,ready,9
2026-10-08 23:09:32.781,135.33,20261008_230717,เทส,rest,,,,,106.2,119.2,1,,,,0,39.09,0.013,0.005,18,ready,9
2026-10-08 23:09:32.984,135.53,20261008_230717,เทส,rest,,,,,106.2,119.2,1,,,,0,39.09,0.013,0.006,18,ready,8
2026-10-08 23:09:33.184,135.73,20261008_230717,เทส,rest,,,,,106.2,119.2,1,,,,0,39.06,0.013,0.006,17,ready,8
2026-10-08 23:09:33.394,135.94,20261008_230717,เทส,rest,,,,,106.2,119.2,1,,,,0,39.07,0.012,0.006,17,ready,8
2026-10-08 23:09:33.616,136.16,20261008_230717,เทส,rest,,,,,106.2,119.2,1,,,,0,39.07,0.011,0.006,17,ready,8
2026-10-08 23:09:33.810,136.36,20261008_230717,เทส,rest,,,,,106.2,119.2,1,,,,0,39.08,0.011,0.006,17,ready,8
2026-10-08 23:09:34.013,136.56,20261008_230717,เทส,rest,,,,,106.2,119.2,1,,,,0,39.08,0.011,0.006,17,ready,8
2026-10-08 23:09:34.215,136.76,20261008_230717,เทส,rest,,,,,106.2,119.2,1,,,,0,39.09,0.011,0.006,17,ready,8
2026-10-08 23:09:34.421,136.97,20261008_230717,เทส,rest,,,,,106.2,119.2,1,,,,0,39.09,0.011,0.006,17,ready,8
2026-10-08 23:09:34.629,137.18,20261008_230717,เทส,rest,,,,,122.6,,1,,,,0,39.08,0.011,0.005,18,ready,8
2026-10-08 23:09:34.847,137.39,20261008_230717,เทส,rest,,,,,122.6,,1,,,,0,39.08,0.011,0.005,19,ready,8
2026-10-08 23:09:35.039,137.59,20261008_230717,เทส,rest,,,,,122.6,,1,,,,0,39.08,0.012,0.005,19,ready,8
2026-10-08 23:09:35.245,137.79,20261008_230717,เทส,rest,,,,,106.2,,1,,,,0,39.07,0.011,0.005,19,ready,9
2026-10-08 23:09:35.451,138.0,20261008_230717,เทส,rest,,,,,106.2,,1,,,,0,39.07,0.011,0.005,18,ready,9
2026-10-08 23:09:35.670,138.22,20261008_230717,เทส,rest,,,,,106.2,,1,,,,0,39.07,0.011,0.005,18,ready,9
2026-10-08 23:09:35.867,138.41,20261008_230717,เทส,rest,,,,,106.2,,1,,,,0,39.08,0.011,0.005,18,ready,9
2026-10-08 23:09:36.081,138.63,20261008_230717,เทส,rest,,,,,106.2,,1,,,,0,39.08,0.01,0.004,18,ready,9
2026-10-08 23:09:36.271,138.82,20261008_230717,เทส,question,4,603,live,lie,106.2,,1,,,,0,39.08,0.01,0.004,18,question,9
2026-10-08 23:09:36.470,139.02,20261008_230717,เทส,question,4,603,live,lie,106.2,,1,,,,0,39.08,0.01,0.004,17,question,9
2026-10-08 23:09:36.672,139.22,20261008_230717,เทส,question,4,603,live,lie,106.2,,1,,,,0,39.08,0.011,0.004,17,question,9
2026-10-08 23:09:36.870,139.42,20261008_230717,เทส,question,4,603,live,lie,106.2,,1,,,,0,39.08,0.01,0.004,17,question,9
2026-10-08 23:09:37.073,139.62,20261008_230717,เทส,question,4,603,live,lie,106.2,,1,,,,0,39.08,0.014,0.004,17,question,9
2026-10-08 23:09:37.271,139.82,20261008_230717,เทส,question,4,603,live,lie,103.7,,1,,,,0,39.06,0.015,0.004,17,question,9
2026-10-08 23:09:37.472,140.02,20261008_230717,เทส,question,4,603,live,lie,103.7,,1,,,,0,39.06,0.015,0.004,17,question,9
2026-10-08 23:09:37.672,140.22,20261008_230717,เทส,question,4,603,live,lie,103.7,,1,,,,0,39.06,0.013,0.004,17,question,9
2026-10-08 23:09:37.875,140.42,20261008_230717,เทส,question,4,603,live,lie,103.7,,1,,,,0,39.06,0.013,0.005,17,question,9
2026-10-08 23:09:38.080,140.63,20261008_230717,เทส,question,4,603,live,lie,103.7,,1,,,,0,39.06,0.013,0.005,17,question,9
2026-10-08 23:09:38.296,140.84,20261008_230717,เทส,question,4,603,live,lie,103.7,,1,,,,0,39.06,0.012,0.004,17,question,9
2026-10-08 23:09:38.498,141.05,20261008_230717,เทส,question,4,603,live,lie,103.7,,1,,,,0,39.06,0.012,0.005,17,question,8
2026-10-08 23:09:38.705,141.25,20261008_230717,เทส,question,4,603,live,lie,103.7,,1,,,,0,39.07,0.011,0.005,17,question,9
2026-10-08 23:09:38.911,141.46,20261008_230717,เทส,question,4,603,live,lie,100.8,,1,,,,0,39.07,0.011,0.005,17,question,9
2026-10-08 23:09:39.112,141.66,20261008_230717,เทส,question,4,603,live,lie,100.8,,1,,,,0,39.08,0.011,0.004,16,question,9
2026-10-08 23:09:39.311,141.86,20261008_230717,เทส,question,4,603,live,lie,100.8,,1,,,,0,39.07,0.01,0.004,16,question,9
2026-10-08 23:09:39.510,142.06,20261008_230717,เทส,question,4,603,live,lie,100.8,,1,,,,0,39.07,0.01,0.004,16,question,9
2026-10-08 23:09:39.720,142.27,20261008_230717,เทส,question,4,603,live,lie,100.8,,1,,,,0,39.07,0.011,0.004,16,question,9
2026-10-08 23:09:39.924,142.47,20261008_230717,เทส,question,4,603,live,lie,100.8,,1,,,,0,39.07,0.01,0.005,16,question,9
2026-10-08 23:09:44.034,146.58,20261008_230717,เทส,question,4,603,live,lie,92.3,124.0,1,,,,0,39.0,0.011,0.004,14,question,8
2026-10-08 23:09:44.265,146.81,20261008_230717,เทส,question,4,603,live,lie,92.3,148.9,1,,,,0,39.01,0.011,0.004,14,question,8
2026-10-08 23:09:44.441,146.99,20261008_230717,เทส,question,4,603,live,lie,92.3,148.9,1,,,,0,39.02,0.011,0.004,14,question,8
2026-10-08 23:09:44.650,147.2,20261008_230717,เทส,question,4,603,live,lie,92.3,148.9,1,,,,0,39.02,0.011,0.004,14,question,8
2026-10-08 23:09:44.860,147.41,20261008_230717,เทส,question,4,603,live,lie,92.3,148.9,1,,,,0,39.03,0.011,0.005,14,question,8
2026-10-08 23:09:45.067,147.61,20261008_230717,เทส,question,4,603,live,lie,100.2,148.9,1,,,,0,39.04,0.011,0.005,14,question,8
2026-10-08 23:09:45.306,147.85,20261008_230717,เทส,question,4,603,live,lie,100.2,148.9,1,,,,0,39.04,0.01,0.004,14,question,8
2026-10-08 23:09:45.496,148.04,20261008_230717,เทส,question,4,603,live,lie,100.2,148.9,1,,,,0,39.05,0.009,0.004,15,question,8
2026-10-08 23:09:45.705,148.25,20261008_230717,เทส,question,4,603,live,lie,100.2,148.9,1,,,,0,39.05,0.012,0.004,15,question,8
2026-10-08 23:09:45.889,148.44,20261008_230717,เทส,question,4,603,live,lie,100.2,148.9,1,,,,0,39.05,0.011,0.004,15,question,8
2026-10-08 23:09:46.133,148.68,20261008_230717,เทส,question,4,603,live,lie,100.2,148.9,1,,,,0,39.06,0.012,0.004,15,question,8
2026-10-08 23:09:46.305,148.85,20261008_230717,เทส,question,4,603,live,lie,100.2,148.9,1,,,,0,39.06,0.013,0.004,15,question,8
2026-10-08 23:09:46.509,149.06,20261008_230717,เทส,question,4,603,live,lie,100.2,145.2,1,,,,0,39.06,0.012,0.004,15,question,8
2026-10-08 23:09:46.722,149.27,20261008_230717,เทส,question,4,603,live,lie,100.2,145.2,1,,,,0,39.07,0.012,0.003,15,question,8
2026-10-08 23:09:46.919,149.47,20261008_230717,เทส,question,4,603,live,lie,100.2,145.2,1,,,,0,39.07,0.012,0.004,15,question,8
2026-10-08 23:09:47.121,149.67,20261008_230717,เทส,question,4,603,live,lie,100.2,145.2,1,,,,0,39.07,0.011,0.005,16,question,8
2026-10-08 23:09:47.331,149.88,20261008_230717,เทส,question,4,603,live,lie,100.2,145.2,1,,,,0,39.07,0.011,0.004,16,question,8
2026-10-08 23:09:47.534,150.08,20261008_230717,เทส,question,4,603,live,lie,100.2,145.2,1,,,,0,39.08,0.012,0.006,16,question,8
2026-10-08 23:09:47.742,150.29,20261008_230717,เทส,question,4,603,live,lie,100.2,145.2,1,,,,0,39.08,0.011,0.005,16,question,9
2026-10-08 23:09:48.027,150.57,20261008_230717,เทส,question,4,603,live,lie,100.2,145.2,1,,,,0,39.09,0.011,0.006,16,question,9
2026-10-08 23:09:50.055,152.6,20261008_230717,เทส,recovery,4,603,live,lie,96.4,,1,,,,0,39.08,0.011,0.004,15,ready,9
2026-10-08 23:09:50.250,152.8,20261008_230717,เทส,recovery,4,603,live,lie,101.9,137.7,1,,,,0,39.08,0.01,0.004,15,ready,9
2026-10-08 23:09:50.455,153.0,20261008_230717,เทส,recovery,4,603,live,lie,101.9,137.7,1,,,,0,39.08,0.009,0.003,15,ready,9
2026-10-08 23:09:50.665,153.21,20261008_230717,เทส,recovery,4,603,live,lie,101.9,137.7,1,,,,0,39.05,0.009,0.003,15,ready,9
2026-10-08 23:09:50.871,153.42,20261008_230717,เทส,recovery,4,603,live,lie,101.9,137.7,1,,,,0,39.06,0.009,0.004,16,ready,9
2026-10-08 23:09:51.074,153.62,20261008_230717,เทส,recovery,4,603,live,lie,101.9,137.7,1,,,,0,39.06,0.009,0.004,16,ready,9
2026-10-08 23:09:51.283,153.83,20261008_230717,เทส,recovery,4,603,live,lie,101.9,137.7,1,,,,0,39.06,0.009,0.004,16,ready,9
2026-10-08 23:09:51.488,154.04,20261008_230717,เทส,recovery,4,603,live,lie,101.9,137.7,1,,,,0,39.06,0.009,0.004,16,ready,9
2026-10-08 23:09:51.694,154.24,20261008_230717,เทส,recovery,4,603,live,lie,96.4,137.7,1,,,,0,39.07,0.009,0.004,15,ready,9
2026-10-08 23:09:51.903,154.45,20261008_230717,เทส,recovery,4,603,live,lie,96.4,137.7,1,,,,0,39.07,0.009,0.004,15,ready,9
2026-10-08 23:09:52.116,154.66,20261008_230717,เทส,recovery,4,603,live,lie,105.3,143.3,1,,,,0,39.05,0.009,0.004,15,ready,9
2026-10-08 23:09:52.319,154.87,20261008_230717,เทส,recovery,4,603,live,lie,105.3,143.3,1,,,,0,39.06,0.009,0.004,16,ready,9
2026-10-08 23:09:52.522,155.07,20261008_230717,เทส,recovery,4,603,live,lie,105.3,143.3,1,,,,0,39.06,0.01,0.004,16,ready,9
2026-10-08 23:09:52.728,155.28,20261008_230717,เทส,recovery,4,603,live,lie,104.1,148.2,1,,,,0,39.06,0.012,0.004,16,ready,9
2026-10-08 23:09:52.934,155.48,20261008_230717,เทส,recovery,4,603,live,lie,104.1,148.2,1,,,,0,39.06,0.011,0.004,16,ready,9
2026-10-08 23:09:53.138,155.69,20261008_230717,เทส,recovery,4,603,live,lie,104.1,148.2,1,,,,0,39.06,0.012,0.005,16,ready,9
2026-10-08 23:09:53.343,155.89,20261008_230717,เทส,recovery,4,603,live,lie,104.1,148.2,1,,,,0,39.06,0.011,0.004,16,ready,9
2026-10-08 23:09:53.547,156.09,20261008_230717,เทส,recovery,4,603,live,lie,105.3,147.8,1,,,,0,39.07,0.012,0.005,16,ready,9
2026-10-08 23:09:53.754,156.3,20261008_230717,เทส,recovery,4,603,live,lie,105.3,147.8,1,,,,0,39.07,0.012,0.005,16,ready,9
2026-10-08 23:09:53.957,156.5,20261008_230717,เทส,recovery,4,603,live,lie,105.3,147.8,1,,,,0,39.07,0.016,0.005,17,ready,9
2026-10-08 23:09:54.162,156.71,20261008_230717,เทส,recovery,4,603,live,lie,105.3,147.8,1,,,,0,39.08,0.015,0.005,17,ready,9
2026-10-08 23:09:54.367,156.91,20261008_230717,เทส,recovery,4,603,live,lie,105.3,147.8,1,,,,0,39.08,0.016,0.006,17,ready,9
2026-10-08 23:09:54.575,157.12,20261008_230717,เทส,recovery,4,603,live,lie,105.3,147.8,1,,,,0,39.08,0.017,0.006,17,ready,9
2026-10-08 23:09:54.785,157.33,20261008_230717,เทส,recovery,4,603,live,lie,105.3,147.8,1,,,,0,39.09,0.016,0.005,17,ready,9
2026-10-08 23:09:54.988,157.54,20261008_230717,เทส,recovery,4,603,live,lie,105.3,147.8,1,,,,0,39.07,0.016,0.005,17,ready,9
2026-10-08 23:09:55.194,157.74,20261008_230717,เทส,recovery,4,603,live,lie,105.3,147.8,1,,,,0,39.08,0.018,0.006,17,ready,9
2026-10-08 23:09:55.427,157.97,20261008_230717,เทส,recovery,4,603,live,lie,107.1,147.8,1,,,,0,39.07,0.017,0.006,17,ready,9
2026-10-08 23:09:55.606,158.15,20261008_230717,เทส,recovery,4,603,live,lie,107.1,147.8,1,,,,0,39.08,0.017,0.005,18,ready,9
2026-10-08 23:09:55.815,158.36,20261008_230717,เทส,recovery,4,603,live,lie,107.1,147.8,1,,,,0,39.08,0.016,0.005,18,ready,9
2026-10-08 23:09:56.050,158.6,20261008_230717,เทส,rest,,,,,117.6,100.5,1,,,,0,39.08,0.015,0.005,18,ready,9
2026-10-08 23:09:56.229,158.78,20261008_230717,เทส,rest,,,,,117.6,100.5,1,,,,0,39.08,0.014,0.004,19,ready,9
2026-10-08 23:09:56.433,158.98,20261008_230717,เทส,rest,,,,,117.6,100.5,1,,,,0,39.08,0.015,0.004,19,ready,9
2026-10-08 23:09:56.641,159.19,20261008_230717,เทส,rest,,,,,117.6,100.5,1,,,,0,39.09,0.014,0.005,19,ready,9
2026-10-08 23:09:56.846,159.39,20261008_230717,เทส,rest,,,,,117.6,100.5,1,,,,0,39.09,0.016,0.006,19,ready,9
2026-10-08 23:09:57.053,159.6,20261008_230717,เทส,rest,,,,,117.6,100.5,1,,,,0,39.09,0.016,0.006,20,ready,9
2026-10-08 23:09:57.263,159.81,20261008_230717,เทส,rest,,,,,117.6,100.5,1,,,,0,39.08,0.016,0.006,20,ready,9
2026-10-08 23:09:57.467,160.01,20261008_230717,เทส,rest,,,,,117.6,100.5,1,,,,0,39.09,0.014,0.005,20,ready,9
2026-10-08 23:09:57.685,160.23,20261008_230717,เทส,rest,,,,,107.1,100.5,1,,,,0,39.09,0.014,0.005,20,ready,9
2026-10-08 23:09:57.886,160.43,20261008_230717,เทส,rest,,,,,107.1,100.5,1,,,,0,39.09,0.014,0.005,19,ready,9
2026-10-08 23:10:00.097,162.64,20261008_230717,เทส,rest,,,,,117.6,100.5,1,,,,0,39.08,0.017,0.006,20,ready,9
2026-10-08 23:10:00.301,162.85,20261008_230717,เทส,rest,,,,,117.6,100.5,1,,,,0,39.09,0.016,0.006,20,ready,9
2026-10-08 23:10:00.648,163.2,20261008_230717,เทส,rest,,,,,117.6,100.5,1,,,,0,39.11,0.026,0.007,21,ready,9
2026-10-08 23:10:00.710,163.26,20261008_230717,เทส,rest,,,,,117.6,100.5,1,,,,0,39.06,0.026,0.007,21,ready,9
2026-10-08 23:10:00.919,163.47,20261008_230717,เทส,rest,,,,,117.6,100.5,1,,,,0,39.07,0.024,0.007,21,ready,9
2026-10-08 23:10:01.124,163.67,20261008_230717,เทส,rest,,,,,117.6,100.5,1,,,,0,39.07,0.024,0.006,21,ready,9
2026-10-08 23:10:01.328,163.88,20261008_230717,เทส,rest,,,,,117.6,100.5,1,,,,0,39.08,0.022,0.006,21,ready,9
2026-10-08 23:10:01.537,164.08,20261008_230717,เทส,rest,,,,,117.6,100.5,1,,,,0,39.08,0.02,0.006,21,ready,9
2026-10-08 23:10:01.746,164.29,20261008_230717,เทส,rest,,,,,122.7,100.5,1,,,,0,39.09,0.017,0.005,22,ready,9
2026-10-08 23:10:01.951,164.5,20261008_230717,เทส,rest,,,,,122.7,100.5,1,,,,0,39.09,0.016,0.005,22,ready,9
2026-10-08 23:10:02.158,164.7,20261008_230717,เทส,rest,,,,,122.7,100.5,1,,,,0,39.09,0.015,0.005,22,ready,9
2026-10-08 23:10:02.364,164.91,20261008_230717,เทส,rest,,,,,122.7,100.5,1,,,,0,39.09,0.015,0.005,22,ready,9
2026-10-08 23:10:02.570,165.12,20261008_230717,เทส,rest,,,,,122.7,100.5,1,,,,0,39.1,0.014,0.006,22,ready,9
2026-10-08 23:10:02.774,165.32,20261008_230717,เทส,rest,,,,,122.7,100.5,1,,,,0,39.1,0.014,0.006,22,ready,9
2026-10-08 23:10:03.003,165.55,20261008_230717,เทส,rest,,,,,122.7,100.5,1,,,,0,39.1,0.014,0.006,22,ready,9
2026-10-08 23:10:03.190,165.74,20261008_230717,เทส,rest,,,,,122.7,100.5,1,,,,0,39.1,0.014,0.006,22,ready,9
2026-10-08 23:10:03.384,165.93,20261008_230717,เทส,rest,,,,,122.7,100.5,1,,,,0,39.1,0.013,0.005,22,ready,9
2026-10-08 23:10:03.591,166.14,20261008_230717,เทส,rest,,,,,122.7,100.5,1,,,,0,39.1,0.012,0.005,22,ready,9
2026-10-08 23:10:03.794,166.34,20261008_230717,เทส,rest,,,,,122.7,100.5,1,,,,0,39.1,0.012,0.005,22,ready,9
2026-10-08 23:10:04.001,166.55,20261008_230717,เทส,rest,,,,,127.5,,1,,,,0,39.1,0.012,0.005,22,ready,9
2026-10-08 23:10:04.204,166.75,20261008_230717,เทส,rest,,,,,139.7,105.3,1,,,,0,39.1,0.011,0.005,23,ready,9
2026-10-08 23:10:04.411,166.96,20261008_230717,เทส,rest,,,,,139.7,105.3,1,,,,0,39.1,0.011,0.005,23,ready,9
2026-10-08 23:10:04.618,167.16,20261008_230717,เทส,rest,,,,,139.7,105.3,1,,,,0,39.1,0.011,0.005,24,ready,9
2026-10-08 23:10:04.822,167.37,20261008_230717,เทส,rest,,,,,139.7,105.3,1,,,,0,39.08,0.011,0.007,25,ready,9
2026-10-08 23:10:05.027,167.57,20261008_230717,เทส,rest,,,,,139.7,105.3,1,,,,0,39.08,0.011,0.006,25,ready,9
2026-10-08 23:10:05.234,167.78,20261008_230717,เทส,rest,,,,,139.7,105.3,1,,,,0,39.08,0.01,0.006,25,ready,9
2026-10-08 23:10:05.443,167.99,20261008_230717,เทส,rest,,,,,139.7,105.3,1,,,,0,39.08,0.01,0.006,25,ready,9
2026-10-08 23:10:05.647,168.19,20261008_230717,เทส,rest,,,,,139.7,105.3,1,,,,0,39.09,0.01,0.006,26,ready,9
2026-10-08 23:10:05.871,168.42,20261008_230717,เทส,rest,,,,,140.9,,1,,,,0,39.09,0.013,0.006,26,ready,9
2026-10-08 23:10:06.066,168.61,20261008_230717,เทส,rest,,,,,140.9,,1,,,,0,39.09,0.014,0.006,26,ready,9
2026-10-08 23:10:06.269,168.82,20261008_230717,เทส,rest,,,,,140.9,,1,,,,0,39.09,0.013,0.006,26,ready,9
2026-10-08 23:10:06.487,169.03,20261008_230717,เทส,rest,,,,,140.9,,1,,,,0,39.09,0.013,0.006,27,ready,9
2026-10-08 23:10:06.683,169.23,20261008_230717,เทส,rest,,,,,140.9,,1,,,,0,39.09,0.013,0.006,27,ready,9
2026-10-08 23:10:06.888,169.43,20261008_230717,เทส,rest,,,,,140.9,,1,,,,0,39.1,0.012,0.006,27,ready,9
2026-10-08 23:10:07.096,169.64,20261008_230717,เทส,rest,,,,,140.9,,1,,,,0,39.1,0.014,0.006,27,ready,9
2026-10-08 23:10:07.304,169.85,20261008_230717,เทส,rest,,,,,140.9,,1,,,,0,39.1,0.014,0.005,27,ready,9
2026-10-08 23:10:07.511,170.06,20261008_230717,เทส,rest,,,,,140.9,,1,,,,0,39.1,0.013,0.005,27,ready,9
2026-10-08 23:10:07.716,170.26,20261008_230717,เทส,rest,,,,,140.9,,1,,,,0,39.1,0.014,0.004,27,ready,9
2026-10-08 23:10:07.919,170.47,20261008_230717,เทส,rest,,,,,140.9,,1,,,,0,39.09,0.014,0.004,27,ready,9
2026-10-08 23:10:08.120,170.67,20261008_230717,เทส,rest,,,,,140.9,,1,,,,0,39.1,0.018,0.004,27,ready,9
2026-10-08 23:10:08.329,170.88,20261008_230717,เทส,rest,,,,,140.9,,1,,,,0,39.1,0.018,0.004,28,ready,9
2026-10-08 23:10:08.526,171.07,20261008_230717,เทส,rest,,,,,140.9,,1,,,,0,39.1,0.016,0.004,28,ready,9
2026-10-08 23:10:08.740,171.29,20261008_230717,เทส,rest,,,,,140.9,,1,,,,0,39.1,0.015,0.004,28,ready,9
2026-10-08 23:10:08.946,171.49,20261008_230717,เทส,rest,,,,,140.9,,1,,,,0,39.05,0.013,0.004,28,ready,9
2026-10-08 23:10:09.250,171.8,20261008_230717,เทส,rest,,,,,140.9,,1,,,,0,39.06,0.014,0.004,28,ready,9
2026-10-08 23:10:09.360,171.91,20261008_230717,เทส,rest,,,,,159.6,,1,,,,0,39.06,0.014,0.004,29,ready,9
2026-10-08 23:10:09.565,172.11,20261008_230717,เทส,rest,,,,,159.6,,1,,,,0,39.07,0.018,0.005,30,ready,9
2026-10-08 23:10:09.774,172.32,20261008_230717,เทส,rest,,,,,159.6,,1,,,,0,39.07,0.017,0.005,31,ready,9
2026-10-08 23:10:09.985,172.53,20261008_230717,เทส,rest,,,,,159.6,,1,,,,0,39.07,0.017,0.005,32,ready,9
2026-10-08 23:10:10.189,172.74,20261008_230717,เทส,rest,,,,,159.6,,1,,,,0,39.08,0.017,0.005,32,ready,9
2026-10-08 23:10:10.395,172.94,20261008_230717,เทส,rest,,,,,159.6,,1,,,,0,39.08,0.017,0.005,33,ready,9
2026-10-08 23:10:10.602,173.15,20261008_230717,เทส,rest,,,,,159.6,,1,,,,0,39.09,0.019,0.006,33,ready,9
2026-10-08 23:10:10.806,173.35,20261008_230717,เทส,rest,,,,,159.6,,1,,,,0,39.09,0.032,0.008,34,ready,9
2026-10-08 23:10:11.010,173.56,20261008_230717,เทส,rest,,,,,159.6,,1,,,,0,39.09,0.043,0.019,35,ready,9
2026-10-08 23:10:11.214,173.76,20261008_230717,เทส,rest,,,,,,,1,,,,0,39.09,0.045,0.022,39,ready,9
2026-10-08 23:10:11.415,173.96,20261008_230717,เทส,rest,,,,,,,1,,,,0,39.1,0.042,0.02,41,ready,9
2026-10-08 23:10:11.621,174.17,20261008_230717,เทส,rest,,,,,,,1,,,,0,39.1,0.042,0.019,43,ready,9
2026-10-08 23:10:11.828,174.38,20261008_230717,เทส,rest,,,,,,,1,,,,0,39.1,0.039,0.018,44,ready,9
2026-10-08 23:10:12.036,174.58,20261008_230717,เทส,rest,,,,,78.3,,1,,,,0,39.1,0.037,0.017,39,ready,9
2026-10-08 23:10:12.245,174.79,20261008_230717,เทส,rest,,,,,78.3,,1,,,,0,39.1,0.034,0.016,34,ready,9
2026-10-08 23:10:12.454,175.0,20261008_230717,เทส,rest,,,,,96.9,,1,,,,0,39.1,0.032,0.014,31,ready,9
2026-10-08 23:10:12.660,175.21,20261008_230717,เทส,rest,,,,,96.9,,1,,,,0,39.1,0.03,0.014,29,ready,9
2026-10-08 23:10:12.866,175.41,20261008_230717,เทส,rest,,,,,103.5,,1,,,,0,39.1,0.035,0.014,27,ready,9
2026-10-08 23:10:13.075,175.62,20261008_230717,เทส,rest,,,,,103.5,,1,,,,0,39.1,0.032,0.013,26,ready,9
2026-10-08 23:10:13.311,175.86,20261008_230717,เทส,rest,,,,,103.5,,1,,,,0,39.12,0.031,0.012,25,ready,9
2026-10-08 23:10:13.487,176.03,20261008_230717,เทส,rest,,,,,103.5,,1,,,,0,39.09,0.028,0.012,24,ready,9
2026-10-08 23:10:13.695,176.24,20261008_230717,เทส,rest,,,,,103.5,,1,,,,0,39.09,0.026,0.011,23,ready,9
2026-10-08 23:10:13.899,176.45,20261008_230717,เทส,rest,,,,,103.5,,1,,,,0,39.1,0.024,0.01,22,ready,9
2026-10-08 23:10:14.108,176.65,20261008_230717,เทส,rest,,,,,103.5,,1,,,,0,39.09,0.022,0.009,21,ready,9
2026-10-08 23:10:14.313,176.86,20261008_230717,เทส,rest,,,,,103.5,,1,,,,0,39.1,0.02,0.008,21,ready,9
2026-10-08 23:10:14.519,177.07,20261008_230717,เทส,rest,,,,,103.5,,1,,,,0,39.1,0.019,0.008,20,ready,9
2026-10-08 23:10:14.729,177.28,20261008_230717,เทส,rest,,,,,103.5,,1,,,,0,39.1,0.018,0.008,19,ready,9
2026-10-08 23:10:14.927,177.47,20261008_230717,เทส,rest,,,,,103.5,,1,,,,0,39.1,0.025,0.008,19,ready,9
2026-10-08 23:10:15.135,177.68,20261008_230717,เทส,rest,,,,,103.5,,1,,,,0,39.1,0.027,0.01,19,ready,9
2026-10-08 23:10:15.344,177.89,20261008_230717,เทส,rest,,,,,103.5,,1,,,,0,39.1,0.025,0.009,19,ready,9
2026-10-08 23:10:15.544,178.09,20261008_230717,เทส,rest,,,,,103.5,,1,,,,0,39.1,0.023,0.009,19,ready,9
2026-10-08 23:10:15.744,178.29,20261008_230717,เทส,rest,,,,,103.5,,1,,,,0,39.1,0.02,0.007,18,ready,9
2026-10-08 23:10:15.955,178.5,20261008_230717,เทส,rest,,,,,103.5,,1,,,,0,39.1,0.02,0.007,18,ready,9
2026-10-08 23:10:16.155,178.7,20261008_230717,เทส,rest,,,,,103.5,,1,,,,0,39.11,0.022,0.008,18,ready,9
2026-10-08 23:10:16.359,178.91,20261008_230717,เทส,rest,,,,,103.5,,1,,,,0,39.11,0.024,0.008,18,ready,9
2026-10-08 23:10:16.569,179.12,20261008_230717,เทส,rest,,,,,103.5,,1,,,,0,39.11,0.024,0.008,18,ready,9
2026-10-08 23:10:16.768,179.32,20261008_230717,เทส,rest,,,,,103.5,,1,,,,0,39.11,0.022,0.008,18,ready,9
2026-10-08 23:10:16.970,179.52,20261008_230717,เทส,rest,,,,,103.5,,1,,,,0,39.11,0.022,0.008,18,ready,9
2026-10-08 23:10:17.181,179.73,20261008_230717,เทส,rest,,,,,103.5,,1,,,,0,39.12,0.021,0.008,18,ready,9
2026-10-08 23:10:17.385,179.93,20261008_230717,เทส,rest,,,,,103.5,,1,,,,0,39.12,0.019,0.008,18,ready,9
2026-10-08 23:10:17.595,180.14,20261008_230717,เทส,rest,,,,,103.5,,1,,,,0,39.09,0.019,0.008,18,ready,9
2026-10-08 23:10:17.797,180.34,20261008_230717,เทส,rest,,,,,103.5,,1,,,,0,39.09,0.018,0.007,18,ready,9
2026-10-08 23:10:18.005,180.55,20261008_230717,เทส,rest,,,,,103.5,,1,,,,0,39.1,0.017,0.007,18,ready,9
2026-10-08 23:10:18.210,180.76,20261008_230717,เทส,rest,,,,,103.5,,1,,,,0,39.1,0.016,0.007,18,ready,9
2026-10-08 23:10:18.418,180.97,20261008_230717,เทส,rest,,,,,103.5,,1,,,,0,39.1,0.015,0.006,17,ready,9
2026-10-08 23:10:18.628,181.18,20261008_230717,เทส,rest,,,,,103.5,,1,,,,0,39.12,0.014,0.006,17,ready,9
2026-10-08 23:10:18.830,181.38,20261008_230717,เทส,rest,,,,,103.5,,1,,,,0,39.12,0.014,0.005,17,ready,9
2026-10-08 23:10:19.038,181.58,20261008_230717,เทส,rest,,,,,103.5,,1,,,,0,39.12,0.013,0.005,17,ready,9
2026-10-08 23:10:19.246,181.79,20261008_230717,เทส,rest,,,,,103.5,,1,,,,0,39.12,0.013,0.005,17,ready,9
2026-10-08 23:10:19.454,182.0,20261008_230717,เทส,rest,,,,,103.5,,1,,,,0,39.12,0.017,0.005,17,ready,9
2026-10-08 23:10:19.663,182.21,20261008_230717,เทส,rest,,,,,103.5,,1,,,,0,39.12,0.026,0.01,17,ready,9
2026-10-08 23:10:19.871,182.42,20261008_230717,เทส,rest,,,,,103.5,,1,,,,0,39.12,0.042,0.017,18,ready,9
2026-10-08 23:10:20.075,182.62,20261008_230717,เทส,rest,,,,,103.5,,1,,,,0,39.12,0.053,0.019,19,ready,9
2026-10-08 23:10:20.284,182.83,20261008_230717,เทส,rest,,,,,103.5,,1,,,,0,39.12,0.059,0.022,20,ready,9
2026-10-08 23:10:20.491,183.04,20261008_230717,เทส,rest,,,,,103.5,,1,,,,0,39.12,0.057,0.021,21,ready,9
2026-10-08 23:10:20.696,183.24,20261008_230717,เทส,rest,,,,,103.5,,1,,,,0,39.12,0.053,0.019,21,ready,9
2026-10-08 23:10:20.906,183.45,20261008_230717,เทส,rest,,,,,,,1,,,,0,39.12,0.056,0.02,29,ready,9
2026-10-08 23:10:21.121,183.67,20261008_230717,เทส,rest,,,,,,,1,,,,0,39.12,0.054,0.019,35,ready,9
2026-10-08 23:10:21.317,183.86,20261008_230717,เทส,rest,,,,,93.6,,1,,,,0,39.12,0.05,0.019,32,ready,9
2026-10-08 23:10:21.528,184.07,20261008_230717,เทส,rest,,,,,93.6,,1,,,,0,39.12,0.048,0.018,30,ready,9
2026-10-08 23:10:21.736,184.28,20261008_230717,เทส,rest,,,,,93.6,,1,,,,0,39.12,0.046,0.016,28,ready,9
2026-10-08 23:10:21.944,184.49,20261008_230717,เทส,rest,,,,,93.6,,1,,,,0,39.05,0.041,0.015,25,ready,9
2026-10-08 23:10:22.144,184.69,20261008_230717,เทส,rest,,,,,69.7,,1,,,,0,39.06,0.04,0.014,23,ready,9
2026-10-08 23:10:22.350,184.9,20261008_230717,เทส,rest,,,,,69.7,,1,,,,0,39.06,0.038,0.014,21,ready,9
2026-10-08 23:10:22.554,185.1,20261008_230717,เทส,rest,,,,,69.7,,1,,,,0,39.07,0.034,0.013,19,ready,9
2026-10-08 23:10:22.760,185.31,20261008_230717,เทส,rest,,,,,74.5,,1,,,,0,39.07,0.032,0.012,18,ready,9
2026-10-08 23:10:22.970,185.52,20261008_230717,เทส,rest,,,,,74.5,,1,,,,0,39.08,0.029,0.01,17,ready,9
2026-10-08 23:10:23.169,185.72,20261008_230717,เทส,rest,,,,,74.5,,1,,,,0,39.08,0.027,0.01,16,ready,9
2026-10-08 23:10:23.382,185.93,20261008_230717,เทส,rest,,,,,74.5,,1,,,,0,39.09,0.025,0.009,15,ready,9
2026-10-08 23:10:23.575,186.12,20261008_230717,เทส,rest,,,,,74.5,,1,,,,0,39.09,0.023,0.008,15,ready,9
2026-10-08 23:10:23.778,186.33,20261008_230717,เทส,rest,,,,,71.2,353.9,1,,,,0,39.1,0.026,0.008,14,ready,9
2026-10-08 23:10:23.986,186.53,20261008_230717,เทส,rest,,,,,71.2,353.9,1,,,,0,39.1,0.027,0.008,14,ready,9
2026-10-08 23:10:24.190,186.74,20261008_230717,เทส,rest,,,,,71.2,353.9,1,,,,0,39.1,0.034,0.007,14,ready,9
2026-10-08 23:10:24.394,186.94,20261008_230717,เทส,rest,,,,,71.2,353.9,1,,,,0,39.11,0.041,0.007,14,ready,9
2026-10-08 23:10:24.599,187.15,20261008_230717,เทส,rest,,,,,74.6,317.0,1,,,,0,39.11,0.038,0.007,14,ready,9
2026-10-08 23:10:24.808,187.36,20261008_230717,เทส,rest,,,,,74.6,317.0,1,,,,0,39.12,0.037,0.007,14,ready,9
2026-10-08 23:10:25.016,187.56,20261008_230717,เทส,rest,,,,,74.6,304.4,1,,,,0,39.12,0.036,0.007,13,ready,9
2026-10-08 23:10:25.221,187.77,20261008_230717,เทส,rest,,,,,74.6,304.4,1,,,,0,39.12,0.036,0.007,13,ready,9
2026-10-08 23:10:25.426,187.97,20261008_230717,เทส,rest,,,,,74.6,304.4,1,,,,0,39.12,0.033,0.007,13,ready,9
2026-10-08 23:10:25.630,188.18,20261008_230717,เทส,rest,,,,,74.6,304.4,1,,,,0,39.12,0.03,0.007,13,ready,9
2026-10-08 23:10:25.836,188.38,20261008_230717,เทส,rest,,,,,74.6,304.4,1,,,,0,39.12,0.028,0.006,13,ready,9
2026-10-08 23:10:26.044,188.59,20261008_230717,เทส,rest,,,,,74.6,304.4,1,,,,0,39.14,0.025,0.006,13,ready,9
2026-10-08 23:10:26.249,188.8,20261008_230717,เทส,rest,,,,,74.6,304.4,1,,,,0,39.1,0.025,0.006,13,ready,9
2026-10-08 23:10:26.456,189.0,20261008_230717,เทส,rest,,,,,74.6,304.4,1,,,,0,39.1,0.025,0.006,13,ready,9
2026-10-08 23:10:26.665,189.21,20261008_230717,เทส,rest,,,,,74.6,304.4,1,,,,0,39.1,0.027,0.006,13,ready,9
2026-10-08 23:10:26.870,189.42,20261008_230717,เทส,rest,,,,,74.6,304.4,1,,,,0,39.1,0.026,0.006,13,ready,9
2026-10-08 23:10:27.074,189.62,20261008_230717,เทส,rest,,,,,80.0,304.4,1,,,,0,39.1,0.024,0.007,13,ready,9
2026-10-08 23:10:27.282,189.83,20261008_230717,เทส,rest,,,,,80.0,304.4,1,,,,0,39.11,0.023,0.006,13,ready,9
2026-10-08 23:10:27.489,190.04,20261008_230717,เทส,rest,,,,,80.0,304.4,1,,,,0,39.11,0.021,0.006,13,ready,9
2026-10-08 23:10:27.694,190.24,20261008_230717,เทส,rest,,,,,100.7,281.9,1,,,,0,39.11,0.022,0.008,14,ready,9
2026-10-08 23:10:27.902,190.45,20261008_230717,เทส,rest,,,,,100.7,281.9,1,,,,0,39.11,0.03,0.007,14,ready,9
2026-10-08 23:10:28.107,190.65,20261008_230717,เทส,rest,,,,,102.8,269.9,1,,,,0,39.11,0.028,0.007,15,ready,9
2026-10-08 23:10:28.320,190.87,20261008_230717,เทส,rest,,,,,102.8,269.9,1,,,,0,39.11,0.028,0.007,16,ready,9
2026-10-08 23:10:28.516,191.06,20261008_230717,เทส,rest,,,,,102.8,269.9,1,,,,0,39.11,0.026,0.006,16,ready,9
2026-10-08 23:10:28.806,191.35,20261008_230717,เทส,rest,,,,,102.8,269.9,1,,,,0,39.11,0.024,0.006,17,ready,9
2026-10-08 23:10:28.926,191.47,20261008_230717,เทส,rest,,,,,102.8,269.9,1,,,,0,39.11,0.022,0.006,17,ready,9
2026-10-08 23:10:29.134,191.68,20261008_230717,เทส,rest,,,,,102.8,269.9,1,,,,0,39.12,0.02,0.005,17,ready,9
2026-10-08 23:10:29.336,191.88,20261008_230717,เทส,rest,,,,,102.8,269.9,1,,,,0,39.12,0.018,0.005,17,ready,9
2026-10-08 23:10:29.544,192.09,20261008_230717,เทส,rest,,,,,102.8,269.9,1,,,,0,39.12,0.016,0.006,17,ready,9
2026-10-08 23:10:29.755,192.3,20261008_230717,เทส,rest,,,,,102.8,269.9,1,,,,0,39.12,0.015,0.006,17,ready,9
2026-10-08 23:10:29.959,192.51,20261008_230717,เทส,rest,,,,,102.8,269.9,1,,,,0,39.12,0.014,0.006,17,ready,9
2026-10-08 23:10:30.158,192.71,20261008_230717,เทส,rest,,,,,102.8,269.9,1,,,,0,39.12,0.014,0.006,17,ready,9
2026-10-08 23:10:30.367,192.91,20261008_230717,เทส,rest,,,,,102.8,269.9,1,,,,0,39.12,0.013,0.006,17,ready,9
2026-10-08 23:10:30.565,193.11,20261008_230717,เทส,question,5,604,live,lie,102.8,269.9,1,,,,0,39.13,0.012,0.006,17,question,9
2026-10-08 23:10:30.786,193.33,20261008_230717,เทส,question,5,604,live,lie,102.8,269.9,1,,,,0,39.13,0.012,0.005,17,question,9
2026-10-08 23:10:30.984,193.53,20261008_230717,เทส,question,5,604,live,lie,,,1,,,,0,39.13,0.011,0.005,18,question,9
2026-10-08 23:10:31.188,193.74,20261008_230717,เทส,question,5,604,live,lie,,,1,,,,0,39.13,0.01,0.005,19,question,9
2026-10-08 23:10:31.394,193.94,20261008_230717,เทส,question,5,604,live,lie,,,1,,,,0,39.13,0.012,0.005,20,question,9
2026-10-08 23:10:31.605,194.15,20261008_230717,เทส,question,5,604,live,lie,,,1,,,,0,39.13,0.013,0.005,21,question,9
2026-10-08 23:10:31.806,194.35,20261008_230717,เทส,question,5,604,live,lie,,,1,,,,0,39.13,0.012,0.004,22,question,9
2026-10-08 23:10:32.089,194.64,20261008_230717,เทส,question,5,604,live,lie,,,1,,,,0,39.13,0.012,0.004,22,question,9
2026-10-08 23:10:32.220,194.77,20261008_230717,เทส,question,5,604,live,lie,,,1,,,,0,39.13,0.011,0.004,23,question,9
2026-10-08 23:10:32.429,194.98,20261008_230717,เทส,question,5,604,live,lie,102.8,269.9,1,,,,0,39.13,0.012,0.005,21,question,9
2026-10-08 23:10:32.631,195.18,20261008_230717,เทส,question,5,604,live,lie,102.8,269.9,1,,,,0,39.13,0.012,0.004,21,question,9
2026-10-08 23:10:32.846,195.39,20261008_230717,เทส,question,5,604,live,lie,102.8,269.9,1,,,,0,39.13,0.012,0.004,20,question,9
2026-10-08 23:10:33.046,195.59,20261008_230717,เทส,question,5,604,live,lie,102.8,269.9,1,,,,0,39.13,0.011,0.004,19,question,9
2026-10-08 23:10:33.250,195.8,20261008_230717,เทส,question,5,604,live,lie,102.8,269.9,1,,,,0,39.13,0.011,0.004,19,question,9
2026-10-08 23:10:33.443,195.99,20261008_230717,เทส,question,5,604,live,lie,102.8,269.9,1,,,,0,39.14,0.011,0.005,18,question,9
2026-10-08 23:10:33.650,196.2,20261008_230717,เทส,question,5,604,live,lie,102.8,269.9,1,,,,0,39.13,0.011,0.004,18,question,9
2026-10-08 23:10:33.855,196.4,20261008_230717,เทส,question,5,604,live,lie,102.8,269.9,1,,,,0,39.13,0.011,0.005,18,question,9
2026-10-08 23:10:34.060,196.61,20261008_230717,เทส,question,5,604,live,lie,102.8,269.9,1,,,,0,39.13,0.012,0.005,17,question,9
2026-10-08 23:10:36.239,198.79,20261008_230717,เทส,question,5,604,live,lie,102.8,269.9,1,,,,0,39.15,0.01,0.005,16,question,9
2026-10-08 23:10:36.436,198.98,20261008_230717,เทส,question,5,604,live,lie,102.8,269.9,1,,,,0,39.15,0.01,0.005,16,question,9
2026-10-08 23:10:36.644,199.19,20261008_230717,เทส,question,5,604,live,lie,102.8,269.9,1,,,,0,39.15,0.01,0.004,16,question,9
2026-10-08 23:10:36.853,199.4,20261008_230717,เทส,question,5,604,live,lie,102.8,269.9,1,,,,0,39.13,0.01,0.004,16,question,9
2026-10-08 23:10:37.056,199.6,20261008_230717,เทส,question,5,604,live,lie,102.8,269.9,1,,,,0,39.13,0.01,0.004,16,question,9
2026-10-08 23:10:37.258,199.81,20261008_230717,เทส,question,5,604,live,lie,102.8,269.9,1,,,,0,39.13,0.011,0.004,16,question,9
2026-10-08 23:10:37.472,200.02,20261008_230717,เทส,question,5,604,live,lie,102.8,269.9,1,,,,0,39.13,0.01,0.004,16,question,9
2026-10-08 23:10:37.676,200.22,20261008_230717,เทส,question,5,604,live,lie,102.8,269.9,1,,,,0,39.14,0.01,0.004,16,question,9
2026-10-08 23:10:37.877,200.42,20261008_230717,เทส,question,5,604,live,lie,102.8,269.9,1,,,,0,39.14,0.009,0.004,16,question,9
2026-10-08 23:10:38.083,200.63,20261008_230717,เทส,question,5,604,live,lie,102.8,269.9,1,,,,0,39.14,0.009,0.004,16,question,9
2026-10-08 23:10:38.290,200.84,20261008_230717,เทส,question,5,604,live,lie,102.8,269.9,1,,,,0,39.14,0.008,0.003,16,question,9
2026-10-08 23:10:38.496,201.04,20261008_230717,เทส,question,5,604,live,lie,,,1,,,,0,39.14,0.009,0.003,17,question,9
2026-10-08 23:10:38.706,201.25,20261008_230717,เทส,question,5,604,live,lie,,,1,,,,0,39.14,0.008,0.004,18,question,9
2026-10-08 23:10:38.914,201.46,20261008_230717,เทส,question,5,604,live,lie,,,1,,,,0,39.14,0.008,0.005,19,question,9
2026-10-08 23:10:39.119,201.67,20261008_230717,เทส,question,5,604,live,lie,,,1,,,,0,39.15,0.008,0.004,19,question,9
2026-10-08 23:10:39.381,201.93,20261008_230717,เทส,question,5,604,live,lie,,,1,,,,0,39.14,0.008,0.004,20,question,9
2026-10-08 23:10:39.536,202.08,20261008_230717,เทส,question,5,604,live,lie,68.3,,1,,,,0,39.15,0.008,0.004,18,question,9
2026-10-08 23:10:39.742,202.29,20261008_230717,เทส,question,5,604,live,lie,68.3,,1,,,,0,39.15,0.008,0.004,16,question,9
2026-10-08 23:10:39.947,202.49,20261008_230717,เทส,question,5,604,live,lie,68.3,,1,,,,0,39.15,0.008,0.004,15,question,9
2026-10-08 23:10:40.160,202.71,20261008_230717,เทส,question,5,604,live,lie,71.0,,1,,,,0,39.15,0.008,0.004,14,question,9
2026-10-08 23:10:40.365,202.91,20261008_230717,เทส,question,5,604,live,lie,71.0,,1,,,,0,39.15,0.008,0.003,13,question,9
2026-10-08 23:10:40.568,203.12,20261008_230717,เทส,question,5,604,live,lie,71.0,,1,,,,0,39.15,0.008,0.003,13,question,9
2026-10-08 23:10:40.778,203.32,20261008_230717,เทส,question,5,604,live,lie,71.0,,1,,,,0,39.15,0.008,0.003,12,question,9
2026-10-08 23:10:41.094,203.64,20261008_230717,เทส,question,5,604,live,lie,71.0,,1,,,,0,39.14,0.008,0.003,12,question,9
2026-10-08 23:10:41.184,203.73,20261008_230717,เทส,question,5,604,live,lie,71.0,,1,,,,0,39.1,0.008,0.003,11,question,9
2026-10-08 23:10:41.398,203.94,20261008_230717,เทส,question,5,604,live,lie,73.6,,1,,,,0,39.09,0.008,0.003,11,question,9
2026-10-08 23:10:41.600,204.15,20261008_230717,เทส,question,5,604,live,lie,73.6,,1,,,,0,39.09,0.008,0.003,11,question,9
2026-10-08 23:10:41.797,204.34,20261008_230717,เทส,question,5,604,live,lie,76.3,,1,,,,0,39.08,0.008,0.003,11,question,9
2026-10-08 23:10:42.002,204.55,20261008_230717,เทส,question,5,604,live,lie,76.3,,1,,,,0,39.09,0.008,0.003,11,question,9
2026-10-08 23:10:42.206,204.75,20261008_230717,เทส,question,5,604,live,lie,76.3,,1,,,,0,39.09,0.008,0.003,11,question,9
2026-10-08 23:10:42.413,204.96,20261008_230717,เทส,recovery,5,604,live,lie,100.0,198.8,1,,,,0,39.09,0.009,0.003,12,ready,9
2026-10-08 23:10:42.618,205.16,20261008_230717,เทส,recovery,5,604,live,lie,100.0,198.8,1,,,,0,39.09,0.009,0.003,12,ready,9
2026-10-08 23:10:42.816,205.36,20261008_230717,เทส,recovery,5,604,live,lie,100.0,198.8,1,,,,0,39.03,0.008,0.003,12,ready,9
2026-10-08 23:10:43.021,205.57,20261008_230717,เทส,recovery,5,604,live,lie,100.0,198.8,1,,,,0,39.02,0.008,0.003,13,ready,9
2026-10-08 23:10:43.229,205.78,20261008_230717,เทส,recovery,5,604,live,lie,100.0,198.8,1,,,,0,39.03,0.009,0.003,13,ready,9
2026-10-08 23:10:43.436,205.98,20261008_230717,เทส,recovery,5,604,live,lie,100.0,198.8,1,,,,0,39.05,0.008,0.004,14,ready,9
2026-10-08 23:10:43.645,206.19,20261008_230717,เทส,recovery,5,604,live,lie,100.0,198.8,1,,,,0,39.06,0.008,0.004,14,ready,9
2026-10-08 23:10:43.846,206.39,20261008_230717,เทส,recovery,5,604,live,lie,100.0,198.8,1,,,,0,39.06,0.008,0.004,14,ready,9
2026-10-08 23:10:44.052,206.6,20261008_230717,เทส,recovery,5,604,live,lie,100.0,179.9,1,,,,0,39.07,0.008,0.003,14,ready,9
2026-10-08 23:10:44.263,206.81,20261008_230717,เทส,recovery,5,604,live,lie,100.0,179.9,1,,,,0,39.08,0.007,0.003,15,ready,9
2026-10-08 23:10:44.463,207.01,20261008_230717,เทส,recovery,5,604,live,lie,100.0,179.9,1,,,,0,39.09,0.007,0.003,15,ready,9
2026-10-08 23:10:44.667,207.21,20261008_230717,เทส,recovery,5,604,live,lie,104.4,164.2,1,,,,0,39.09,0.007,0.003,15,ready,9
2026-10-08 23:10:44.875,207.42,20261008_230717,เทส,recovery,5,604,live,lie,104.4,164.2,1,,,,0,39.1,0.009,0.003,15,ready,9
2026-10-08 23:10:45.083,207.63,20261008_230717,เทส,recovery,5,604,live,lie,104.9,161.1,1,,,,0,39.1,0.009,0.003,15,ready,9
2026-10-08 23:10:45.286,207.83,20261008_230717,เทส,recovery,5,604,live,lie,104.9,161.1,1,,,,0,39.1,0.009,0.003,16,ready,9
2026-10-08 23:10:45.498,208.04,20261008_230717,เทส,recovery,5,604,live,lie,104.9,161.1,1,,,,0,39.11,0.011,0.004,16,ready,9
2026-10-08 23:10:45.705,208.25,20261008_230717,เทส,recovery,5,604,live,lie,104.9,161.1,1,,,,0,39.11,0.011,0.004,16,ready,9
2026-10-08 23:10:45.911,208.46,20261008_230717,เทส,recovery,5,604,live,lie,104.9,161.1,1,,,,0,39.11,0.01,0.004,16,ready,9
2026-10-08 23:10:46.116,208.66,20261008_230717,เทส,recovery,5,604,live,lie,104.4,161.1,1,,,,0,39.11,0.01,0.005,16,ready,9
2026-10-08 23:10:46.323,208.87,20261008_230717,เทส,recovery,5,604,live,lie,104.4,161.1,1,,,,0,39.11,0.009,0.005,16,ready,9
2026-10-08 23:10:46.532,209.08,20261008_230717,เทส,recovery,5,604,live,lie,104.4,161.1,1,,,,0,39.11,0.009,0.005,16,ready,9
2026-10-08 23:10:46.737,209.28,20261008_230717,เทส,recovery,5,604,live,lie,104.4,150.7,1,,,,0,39.11,0.009,0.006,16,ready,9
2026-10-08 23:10:46.951,209.5,20261008_230717,เทส,recovery,5,604,live,lie,104.4,150.7,1,,,,0,39.11,0.009,0.005,16,ready,9
2026-10-08 23:10:47.154,209.7,20261008_230717,เทส,recovery,5,604,live,lie,104.4,150.7,1,,,,0,39.09,0.009,0.005,16,ready,9
2026-10-08 23:10:47.358,209.9,20261008_230717,เทส,recovery,5,604,live,lie,104.9,151.8,1,,,,0,39.09,0.009,0.005,16,ready,9
2026-10-08 23:10:47.572,210.12,20261008_230717,เทส,recovery,5,604,live,lie,104.9,151.8,1,,,,0,39.09,0.011,0.005,16,ready,8
2026-10-08 23:10:47.774,210.32,20261008_230717,เทส,recovery,5,604,live,lie,104.9,151.8,1,,,,0,39.1,0.01,0.004,16,ready,9
2026-10-08 23:10:47.976,210.52,20261008_230717,เทส,rest,,,,,104.9,151.8,1,,,,0,39.11,0.01,0.004,16,ready,9
2026-10-08 23:10:48.181,210.73,20261008_230717,เทส,rest,,,,,104.9,151.8,1,,,,0,39.11,0.009,0.004,16,ready,9
2026-10-08 23:10:48.386,210.93,20261008_230717,เทส,rest,,,,,98.7,98.3,1,,,,0,39.08,0.009,0.004,16,ready,8
2026-10-08 23:10:48.595,211.14,20261008_230717,เทส,rest,,,,,98.7,98.3,1,,,,0,39.08,0.009,0.004,16,ready,8
2026-10-08 23:10:48.800,211.35,20261008_230717,เทส,rest,,,,,98.7,98.3,1,,,,0,39.09,0.008,0.004,16,ready,8
2026-10-08 23:10:49.008,211.55,20261008_230717,เทส,rest,,,,,98.7,98.3,1,,,,0,39.1,0.008,0.004,16,ready,8
2026-10-08 23:10:49.218,211.77,20261008_230717,เทส,rest,,,,,98.7,98.3,1,,,,0,39.1,0.008,0.004,16,ready,8
2026-10-08 23:10:49.417,211.96,20261008_230717,เทส,rest,,,,,98.7,98.3,1,,,,0,39.1,0.008,0.004,15,ready,8
2026-10-08 23:10:49.616,212.16,20261008_230717,เทส,rest,,,,,98.7,98.3,1,,,,0,39.11,0.008,0.005,15,ready,8
2026-10-08 23:10:49.817,212.36,20261008_230717,เทส,rest,,,,,98.7,98.3,1,,,,0,39.11,0.008,0.005,15,ready,8
2026-10-08 23:10:50.026,212.57,20261008_230717,เทส,rest,,,,,98.7,98.3,1,,,,0,39.11,0.008,0.004,15,ready,8
2026-10-08 23:10:50.236,212.78,20261008_230717,เทส,rest,,,,,98.7,98.3,1,,,,0,39.12,0.01,0.005,15,ready,8
2026-10-08 23:10:50.441,212.99,20261008_230717,เทส,rest,,,,,98.7,98.3,1,,,,0,39.12,0.011,0.005,15,ready,9
2026-10-08 23:10:50.649,213.2,20261008_230717,เทส,rest,,,,,98.7,98.3,1,,,,0,39.14,0.01,0.005,15,ready,8
2026-10-08 23:10:50.851,213.4,20261008_230717,เทส,rest,,,,,98.7,98.3,1,,,,0,39.14,0.021,0.01,15,ready,9
2026-10-08 23:10:51.058,213.61,20261008_230717,เทส,rest,,,,,,,1,,,,0,39.14,0.023,0.02,19,ready,9
2026-10-08 23:10:51.261,213.81,20261008_230717,เทส,rest,,,,,,,1,,,,0,39.15,0.087,0.117,31,ready,9
2026-10-08 23:10:51.467,214.01,20261008_230717,เทส,rest,,,,,,,1,,,,0,39.14,0.121,0.321,43,ready,9
2026-10-08 23:10:51.675,214.22,20261008_230717,เทส,rest,,,,,,,1,,,,0,39.14,0.138,0.431,53,ready,8
2026-10-08 23:10:51.884,214.43,20261008_230717,เทส,rest,,,,,,,1,,,,0,39.14,0.154,0.742,61,ready,8
2026-10-08 23:10:52.153,214.7,20261008_230717,เทส,rest,,,,,68.0,,1,,,,0,39.14,0.14,0.715,55,ready,8
2026-10-08 23:10:52.292,214.84,20261008_230717,เทส,rest,,,,,68.0,,1,,,,0,39.13,0.128,0.649,50,ready,9
2026-10-08 23:10:56.346,218.89,20261008_230717,เทส,rest,,,,,67.7,272.0,1,,,,0,39.14,0.159,0.365,33,ready,9
2026-10-08 23:10:56.541,219.09,20261008_230717,เทส,rest,,,,,67.7,272.0,1,,,,0,39.14,0.145,0.331,32,ready,9
2026-10-08 23:10:56.750,219.3,20261008_230717,เทส,rest,,,,,67.7,272.0,1,,,,0,39.14,0.131,0.299,31,ready,9
2026-10-08 23:10:56.957,219.5,20261008_230717,เทส,rest,,,,,67.7,272.0,1,,,,0,39.14,0.12,0.271,30,ready,9
2026-10-08 23:10:57.176,219.72,20261008_230717,เทส,rest,,,,,67.7,251.4,1,,,,0,39.14,0.109,0.245,28,ready,9
2026-10-08 23:10:57.358,219.9,20261008_230717,เทส,rest,,,,,67.7,251.4,1,,,,0,39.14,0.099,0.222,27,ready,9
2026-10-08 23:10:57.562,220.11,20261008_230717,เทส,rest,,,,,67.7,251.4,1,,,,0,39.14,0.09,0.201,26,ready,9
2026-10-08 23:10:57.769,220.32,20261008_230717,เทส,rest,,,,,67.7,251.4,1,,,,0,39.14,0.082,0.182,24,ready,9
2026-10-08 23:10:57.973,220.52,20261008_230717,เทส,rest,,,,,67.7,251.4,1,,,,0,39.13,0.075,0.165,23,ready,9
2026-10-08 23:10:58.188,220.74,20261008_230717,เทส,rest,,,,,67.7,251.4,1,,,,0,39.13,0.068,0.149,22,ready,8
2026-10-08 23:10:58.394,220.94,20261008_230717,เทส,rest,,,,,67.7,251.4,1,,,,0,39.14,0.062,0.135,20,ready,8
2026-10-08 23:10:58.606,221.15,20261008_230717,เทส,rest,,,,,67.7,251.4,1,,,,0,39.14,0.057,0.122,19,ready,8
2026-10-08 23:10:58.802,221.35,20261008_230717,เทส,rest,,,,,67.7,251.4,1,,,,0,39.14,0.052,0.111,18,ready,8
2026-10-08 23:10:59.010,221.56,20261008_230717,เทส,rest,,,,,67.7,251.4,1,,,,0,39.14,0.051,0.1,17,ready,8
2026-10-08 23:10:59.215,221.76,20261008_230717,เทส,rest,,,,,68.2,251.4,1,,,,0,39.14,0.053,0.091,17,ready,8
2026-10-08 23:10:59.431,221.98,20261008_230717,เทส,rest,,,,,68.2,251.4,1,,,,0,39.14,0.092,0.084,17,ready,8
2026-10-08 23:10:59.650,222.2,20261008_230717,เทส,rest,,,,,68.2,251.4,1,,,,0,39.15,0.131,0.083,19,ready,9
2026-10-08 23:10:59.838,222.39,20261008_230717,เทส,rest,,,,,68.2,251.4,1,,,,0,39.15,0.122,0.076,20,ready,8
2026-10-08 23:11:00.044,222.59,20261008_230717,เทส,rest,,,,,68.2,251.4,1,,,,0,39.1,0.112,0.082,21,ready,9
2026-10-08 23:11:00.251,222.8,20261008_230717,เทส,rest,,,,,68.2,251.4,1,,,,0,39.11,0.122,0.28,21,ready,9
2026-10-08 23:11:00.455,223.0,20261008_230717,เทส,rest,,,,,68.2,251.4,1,,,,0,39.11,0.168,0.372,24,ready,9
2026-10-08 23:11:00.673,223.22,20261008_230717,เทส,rest,,,,,68.2,251.4,1,,,,0,39.11,0.19,0.704,26,ready,9
2026-10-08 23:11:00.961,223.51,20261008_230717,เทส,rest,,,,,68.2,251.4,1,,,,0,39.11,0.177,0.729,27,ready,9
2026-10-08 23:11:01.080,223.63,20261008_230717,เทส,rest,,,,,68.2,251.4,1,,,,0,39.11,0.161,0.662,28,ready,8
2026-10-08 23:11:01.283,223.83,20261008_230717,เทส,rest,,,,,68.2,251.4,1,,,,0,39.11,0.146,0.605,28,ready,8
2026-10-08 23:11:01.496,224.04,20261008_230717,เทส,rest,,,,,68.2,251.4,1,,,,0,39.12,0.123,0.514,27,ready,8
2026-10-08 23:11:01.701,224.25,20261008_230717,เทส,rest,,,,,68.2,251.4,1,,,,0,39.11,0.114,0.478,27,ready,9
2026-10-08 23:11:01.911,224.46,20261008_230717,เทส,rest,,,,,68.2,251.4,1,,,,0,39.12,0.107,0.438,26,ready,8
2026-10-08 23:11:02.111,224.66,20261008_230717,เทส,rest,,,,,68.2,251.4,1,,,,0,39.14,0.1,0.401,25,ready,8
2026-10-08 23:11:02.375,224.92,20261008_230717,เทส,rest,,,,,68.2,251.4,1,,,,0,39.11,0.092,0.363,24,ready,8
2026-10-08 23:11:02.513,225.06,20261008_230717,เทส,rest,,,,,68.2,251.4,1,,,,0,39.11,0.084,0.328,23,ready,8
2026-10-08 23:11:02.730,225.28,20261008_230717,เทส,rest,,,,,68.2,251.4,1,,,,0,39.11,0.081,0.298,22,ready,8
2026-10-08 23:11:02.927,225.47,20261008_230717,เทส,rest,,,,,68.2,251.4,1,,,,0,39.11,0.074,0.27,21,ready,8
2026-10-08 23:11:03.131,225.68,20261008_230717,เทส,rest,,,,,68.2,251.4,1,,,,0,39.11,0.068,0.245,20,ready,8
2026-10-08 23:11:03.342,225.89,20261008_230717,เทส,rest,,,,,68.2,251.4,1,,,,0,39.11,0.067,0.223,19,ready,9
2026-10-08 23:11:03.542,226.09,20261008_230717,เทส,rest,,,,,68.2,251.4,1,,,,0,39.11,0.067,0.202,19,ready,9
2026-10-08 23:11:03.749,226.3,20261008_230717,เทส,rest,,,,,68.2,251.4,1,,,,0,39.1,0.069,0.185,18,ready,9
2026-10-08 23:11:03.952,226.5,20261008_230717,เทส,rest,,,,,68.2,251.4,1,,,,0,39.1,0.072,0.168,18,ready,9
2026-10-08 23:11:04.164,226.71,20261008_230717,เทส,rest,,,,,68.2,251.4,1,,,,0,39.1,0.087,0.152,18,ready,9
2026-10-08 23:11:04.369,226.92,20261008_230717,เทส,rest,,,,,68.2,251.4,1,,,,0,39.11,0.084,0.14,18,ready,9
2026-10-08 23:11:04.571,227.12,20261008_230717,เทส,rest,,,,,68.2,251.4,1,,,,0,39.11,0.085,0.127,18,ready,9
2026-10-08 23:11:04.782,227.33,20261008_230717,เทส,rest,,,,,68.2,251.4,1,,,,0,39.12,0.083,0.116,18,ready,9
2026-10-08 23:11:04.985,227.53,20261008_230717,เทส,rest,,,,,68.2,251.4,1,,,,0,39.12,0.079,0.105,18,ready,9
2026-10-08 23:11:05.191,227.74,20261008_230717,เทส,rest,,,,,68.2,251.4,1,,,,0,39.13,0.726,0.192,21,ready,8
2026-10-08 23:11:05.393,227.94,20261008_230717,เทส,rest,,,,,68.2,251.4,1,,,,0,39.13,0.955,0.412,23,ready,8
2026-10-08 23:11:05.597,228.14,20261008_230717,เทส,rest,,,,,68.2,251.4,1,,,,0,39.13,0.865,0.402,25,ready,9
2026-10-08 23:11:05.792,228.34,20261008_230717,เทส,rest,,,,,68.2,251.4,1,,,,0,39.14,0.789,0.382,27,ready,9
2026-10-08 23:11:06.000,228.55,20261008_230717,เทส,rest,,,,,68.2,251.4,1,,,,0,39.14,0.715,0.354,28,ready,9
2026-10-08 23:11:06.194,228.74,20261008_230717,เทส,rest,,,,,68.2,251.4,1,,,,0,39.14,0.667,0.321,30,ready,9
2026-10-08 23:11:06.398,228.94,20261008_230717,เทส,rest,,,,,68.2,251.4,1,,,,0,39.15,0.686,0.323,30,ready,9
2026-10-08 23:11:06.603,229.15,20261008_230717,เทส,rest,,,,,74.0,251.4,1,,,,0,39.11,1.006,0.35,32,ready,9
2026-10-08 23:11:06.806,229.35,20261008_230717,เทส,rest,,,,,,,0,,,,0,39.12,0.942,0.32,44,ready,8
2026-10-08 23:11:07.015,229.56,20261008_230717,เทส,rest,,,,,,,0,,,,0,39.13,0.877,0.317,54,ready,8
2026-10-08 23:11:07.219,229.77,20261008_230717,เทส,rest,,,,,,,0,,,,0,39.14,0.844,0.372,62,ready,8
2026-10-08 23:11:07.426,229.97,20261008_230717,เทส,rest,,,,,,,0,,,,0,39.14,0.994,0.425,69,ready,8
2026-10-08 23:11:07.635,230.18,20261008_230717,เทส,rest,,,,,,,0,,,,0,39.15,0.94,0.483,74,ready,8
2026-10-08 23:11:07.837,230.38,20261008_230717,เทส,rest,,,,,,,0,,,,0,39.15,0.888,0.46,79,ready,8
2026-10-08 23:11:08.044,230.59,20261008_230717,เทส,rest,,,,,,,0,,,,0,39.15,0.827,0.436,83,ready,8
2026-10-08 23:11:08.251,230.8,20261008_230717,เทส,rest,,,,,,,0,,,,0,39.15,0.764,0.415,86,ready,8
2026-10-08 23:11:08.456,231.0,20261008_230717,เทส,rest,,,,,,,0,,,,0,39.14,0.704,0.38,88,ready,8
2026-10-08 23:11:08.662,231.21,20261008_230717,เทส,rest,,,,,,,0,,,,0,39.13,0.656,0.386,90,ready,8
2026-10-08 23:11:08.867,231.41,20261008_230717,เทส,rest,,,,,,,0,,,,0,39.12,0.918,0.637,92,ready,8
2026-10-08 23:11:09.072,231.62,20261008_230717,เทส,rest,,,,,,,0,,,,0,39.12,0.849,0.68,93,ready,9
2026-10-08 23:11:09.277,231.82,20261008_230717,เทส,rest,,,,,,,0,,,,0,39.11,0.814,0.677,94,ready,9
2026-10-08 23:11:09.483,232.03,20261008_230717,เทส,rest,,,,,,,0,,,,0,39.1,0.759,0.635,95,ready,9
2026-10-08 23:11:09.692,232.24,20261008_230717,เทส,rest,,,,,,,0,,,,0,39.07,0.662,0.649,97,ready,9
2026-10-08 23:11:09.901,232.45,20261008_230717,เทส,rest,,,,,,,0,,,,0,39.06,0.611,0.592,97,ready,9
2026-10-08 23:11:10.108,232.66,20261008_230717,เทส,rest,,,,,,,0,,,,0,39.05,0.56,0.55,98,ready,9
2026-10-08 23:11:10.313,232.86,20261008_230717,เทส,rest,,,,,,,0,,,,0,39.04,0.639,0.547,98,ready,9
2026-10-08 23:11:10.512,233.06,20261008_230717,เทส,rest,,,,,,,0,,,,0,39.02,0.681,0.633,98,ready,9
2026-10-08 23:11:10.717,233.26,20261008_230717,เทส,rest,,,,,,,0,,,,0,38.96,0.78,0.762,98,ready,9
2026-10-08 23:11:10.923,233.47,20261008_230717,เทส,rest,,,,,,,0,,,,0,38.94,0.821,0.72,99,ready,9
2026-10-08 23:11:11.131,233.68,20261008_230717,เทส,rest,,,,,,,0,,,,0,38.91,0.792,0.775,99,ready,9
2026-10-08 23:11:11.335,233.88,20261008_230717,เทส,rest,,,,,,,0,,,,0,38.89,0.732,0.71,99,ready,9
2026-10-08 23:11:11.542,234.09,20261008_230717,เทส,rest,,,,,,,0,,,,0,38.88,0.667,0.654,99,ready,9
2026-10-08 23:11:11.747,234.29,20261008_230717,เทส,rest,,,,,,,0,,,,0,38.86,0.604,0.594,99,ready,9
2026-10-08 23:11:11.952,234.5,20261008_230717,เทส,rest,,,,,,,0,,,,0,38.85,0.556,0.538,99,ready,9
2026-10-08 23:11:12.158,234.7,20261008_230717,เทส,rest,,,,,,,0,,,,0,38.83,0.507,0.488,99,ready,9
2026-10-08 23:11:12.362,234.91,20261008_230717,เทส,rest,,,,,,,0,,,,0,38.82,0.459,0.443,99,ready,9
2026-10-08 23:11:12.571,235.12,20261008_230717,เทส,rest,,,,,,,0,,,,0,38.81,0.415,0.402,99,ready,9
2026-10-08 23:11:12.774,235.32,20261008_230717,เทส,rest,,,,,,,0,,,,0,38.8,0.376,0.366,99,ready,9
2026-10-08 23:11:12.976,235.52,20261008_230717,เทส,rest,,,,,,,0,,,,0,38.79,0.34,0.332,99,ready,9
2026-10-08 23:11:13.182,235.73,20261008_230717,เทส,rest,,,,,,,0,,,,0,38.78,0.308,0.301,99,ready,9
2026-10-08 23:11:13.393,235.94,20261008_230717,เทส,rest,,,,,,,0,,,,0,38.77,0.278,0.273,99,ready,9
2026-10-08 23:11:13.594,236.14,20261008_230717,เทส,rest,,,,,,,0,,,,0,38.76,0.252,0.247,99,ready,9
2026-10-08 23:11:13.802,236.35,20261008_230717,เทส,rest,,,,,,,0,,,,0,38.76,0.228,0.224,99,ready,9
2026-10-08 23:11:14.010,236.56,20261008_230717,เทส,rest,,,,,,,0,,,,0,38.75,0.206,0.203,99,ready,9
2026-10-08 23:11:14.215,236.76,20261008_230717,เทส,rest,,,,,,,0,,,,0,38.74,0.187,0.183,99,ready,9
2026-10-08 23:11:14.427,236.97,20261008_230717,เทส,rest,,,,,,,0,,,,0,38.75,0.169,0.166,99,ready,9
2026-10-08 23:11:14.627,237.17,20261008_230717,เทส,rest,,,,,,,0,,,,0,38.74,0.153,0.15,99,ready,9
2026-10-08 23:11:14.835,237.38,20261008_230717,เทส,rest,,,,,,,0,,,,0,38.75,0.138,0.136,99,ready,9
2026-10-08 23:11:15.043,237.59,20261008_230717,เทส,rest,,,,,,,0,,,,0,38.77,0.125,0.123,99,ready,9
2026-10-08 23:11:15.254,237.8,20261008_230717,เทส,rest,,,,,,,0,,,,0,38.73,0.113,0.111,98,ready,8
2026-10-08 23:11:15.456,238.0,20261008_230717,เทส,rest,,,,,,,0,,,,0,38.75,0.106,0.101,97,ready,8
2026-10-08 23:11:15.662,238.21,20261008_230717,เทส,rest,,,,,,,0,,,,0,38.76,0.097,0.091,96,ready,8
2026-10-08 23:11:15.867,238.41,20261008_230717,เทส,rest,,,,,,,0,,,,0,38.77,0.089,0.083,94,ready,8
2026-10-08 23:11:16.075,238.62,20261008_230717,เทส,rest,,,,,,,0,,,,0,38.78,0.081,0.075,93,ready,8
2026-10-08 23:11:16.280,238.83,20261008_230717,เทส,rest,,,,,,,0,,,,0,38.79,0.073,0.068,90,ready,8
2026-10-08 23:11:16.483,239.03,20261008_230717,เทส,rest,,,,,,,0,,,,0,38.81,0.067,0.061,87,ready,8
2026-10-08 23:11:16.691,239.24,20261008_230717,เทส,rest,,,,,,,0,,,,0,38.83,0.055,0.05,81,ready,9
2026-10-08 23:11:16.896,239.44,20261008_230717,เทส,rest,,,,,,,0,,,,0,38.85,0.05,0.046,77,ready,9
2026-10-08 23:11:17.102,239.65,20261008_230717,เทส,rest,,,,,,,0,,,,0,38.85,0.048,0.041,73,ready,9
2026-10-08 23:11:17.306,239.85,20261008_230717,เทส,rest,,,,,,,0,,,,0,38.86,0.053,0.039,72,ready,9
2026-10-08 23:11:17.511,240.06,20261008_230717,เทส,rest,,,,,,,0,,,,0,38.87,0.297,0.207,77,ready,9
