time_iso,t_sec,run_id,subject,phase,question_no,watch_qid,mode,label,hr_bpm,hrv_ms,ppg_contact,gsr_us,gsr_tonic_us,gsr_phasic_us,gsr_contact,skin_temp_c,tremor_ms2,motion_ms2,stress_index,engine_state,battery_mv
2026-10-08 23:32:20.204,0.12,20261008_233220,jeb,rest,,,,,100.1,116.8,1,,,,0,36.66,0.048,0.027,21,ready,6
2026-10-08 23:32:20.386,0.31,20261008_233220,jeb,rest,,,,,100.1,126.2,1,,,,0,36.66,0.046,0.028,21,ready,6
2026-10-08 23:32:20.596,0.52,20261008_233220,jeb,rest,,,,,100.1,126.2,1,,,,0,36.66,0.052,0.032,21,ready,6
2026-10-08 23:32:20.798,0.72,20261008_233220,jeb,rest,,,,,100.1,126.2,1,,,,0,36.66,0.061,0.042,21,ready,6
2026-10-08 23:32:21.002,0.92,20261008_233220,jeb,rest,,,,,100.1,126.2,1,,,,0,36.66,0.065,0.045,22,ready,6
2026-10-08 23:32:21.218,1.14,20261008_233220,jeb,rest,,,,,100.1,126.2,1,,,,0,36.67,0.073,0.049,22,ready,6
2026-10-08 23:32:21.414,1.33,20261008_233220,jeb,rest,,,,,100.0,126.2,1,,,,0,36.67,0.071,0.047,23,ready,6
2026-10-08 23:32:21.622,1.54,20261008_233220,jeb,rest,,,,,100.0,126.2,1,,,,0,36.68,0.067,0.043,23,ready,6
2026-10-08 23:32:21.835,1.75,20261008_233220,jeb,rest,,,,,100.0,126.2,1,,,,0,36.68,0.062,0.04,23,ready,6
2026-10-08 23:32:22.038,1.96,20261008_233220,jeb,rest,,,,,100.0,126.2,1,,,,0,36.69,0.057,0.036,23,ready,6
2026-10-08 23:32:22.244,2.16,20261008_233220,jeb,rest,,,,,100.0,126.2,1,,,,0,36.7,0.052,0.033,23,ready,6
2026-10-08 23:32:22.450,2.37,20261008_233220,jeb,baseline,,,,,100.0,126.2,1,,,,0,36.71,0.048,0.03,,baseline,6
2026-10-08 23:32:22.657,2.58,20261008_233220,jeb,baseline,,,,,100.0,126.2,1,,,,0,36.67,0.043,0.028,,baseline,6
2026-10-08 23:32:22.864,2.78,20261008_233220,jeb,baseline,,,,,99.6,135.6,1,,,,0,36.68,0.046,0.025,,baseline,6
2026-10-08 23:32:23.067,2.99,20261008_233220,jeb,baseline,,,,,99.6,135.6,1,,,,0,36.68,0.052,0.029,,baseline,6
2026-10-08 23:32:23.279,3.2,20261008_233220,jeb,baseline,,,,,99.6,135.6,1,,,,0,36.68,0.052,0.029,,baseline,6
2026-10-08 23:32:23.499,3.42,20261008_233220,jeb,baseline,,,,,99.5,136.6,1,,,,0,36.69,0.05,0.03,,baseline,6
2026-10-08 23:32:23.693,3.61,20261008_233220,jeb,baseline,,,,,99.5,136.6,1,,,,0,36.7,0.052,0.041,,baseline,6
2026-10-08 23:32:23.902,3.82,20261008_233220,jeb,baseline,,,,,99.5,136.6,1,,,,0,36.7,0.072,0.04,,baseline,6
2026-10-08 23:32:24.101,4.02,20261008_233220,jeb,baseline,,,,,99.5,136.6,1,,,,0,36.71,0.083,0.045,,baseline,6
2026-10-08 23:32:24.313,4.23,20261008_233220,jeb,baseline,,,,,99.5,136.6,1,,,,0,36.72,0.079,0.045,,baseline,6
2026-10-08 23:32:24.517,4.44,20261008_233220,jeb,baseline,,,,,99.5,136.6,1,,,,0,36.67,0.075,0.042,,baseline,6
2026-10-08 23:32:24.728,4.65,20261008_233220,jeb,baseline,,,,,99.5,136.6,1,,,,0,36.69,0.069,0.039,,baseline,6
2026-10-08 23:32:24.956,4.88,20261008_233220,jeb,baseline,,,,,99.5,101.5,1,,,,0,36.7,0.068,0.038,,baseline,6
2026-10-08 23:32:25.131,5.05,20261008_233220,jeb,baseline,,,,,99.5,101.5,1,,,,0,36.71,0.065,0.037,,baseline,6
2026-10-08 23:32:25.336,5.26,20261008_233220,jeb,baseline,,,,,99.5,101.5,1,,,,0,36.71,0.097,0.036,,baseline,6
2026-10-08 23:32:25.547,5.47,20261008_233220,jeb,baseline,,,,,99.0,121.9,1,,,,0,36.71,0.093,0.035,,baseline,6
2026-10-08 23:32:25.758,5.68,20261008_233220,jeb,baseline,,,,,99.0,121.9,1,,,,0,36.72,0.09,0.037,,baseline,6
2026-10-08 23:32:25.969,5.89,20261008_233220,jeb,baseline,,,,,99.0,121.9,1,,,,0,36.72,0.089,0.035,,baseline,6
2026-10-08 23:32:26.167,6.09,20261008_233220,jeb,baseline,,,,,97.4,117.4,1,,,,0,36.72,0.089,0.033,,baseline,6
2026-10-08 23:32:26.376,6.3,20261008_233220,jeb,baseline,,,,,97.4,117.4,1,,,,0,36.72,0.087,0.033,,baseline,6
2026-10-08 23:32:26.573,6.49,20261008_233220,jeb,baseline,,,,,97.4,117.4,1,,,,0,36.72,0.08,0.031,,baseline,6
2026-10-08 23:32:26.779,6.7,20261008_233220,jeb,baseline,,,,,97.4,117.4,1,,,,0,36.72,0.074,0.029,,baseline,6
2026-10-08 23:32:26.983,6.9,20261008_233220,jeb,baseline,,,,,97.4,117.4,1,,,,0,36.73,0.07,0.028,,baseline,6
2026-10-08 23:32:27.201,7.12,20261008_233220,jeb,baseline,,,,,97.4,117.4,1,,,,0,36.73,0.065,0.026,,baseline,6
2026-10-08 23:32:27.393,7.31,20261008_233220,jeb,baseline,,,,,97.4,117.4,1,,,,0,36.73,0.06,0.023,,baseline,6
2026-10-08 23:32:27.597,7.52,20261008_233220,jeb,baseline,,,,,97.4,117.4,1,,,,0,36.74,0.055,0.021,,baseline,6
2026-10-08 23:32:27.802,7.72,20261008_233220,jeb,baseline,,,,,97.4,117.4,1,,,,0,36.74,0.052,0.02,,baseline,6
2026-10-08 23:32:28.010,7.93,20261008_233220,jeb,baseline,,,,,97.4,117.4,1,,,,0,36.74,0.072,0.028,,baseline,6
2026-10-08 23:32:28.212,8.13,20261008_233220,jeb,baseline,,,,,97.4,117.4,1,,,,0,36.75,0.075,0.033,,baseline,6
2026-10-08 23:32:28.413,8.33,20261008_233220,jeb,baseline,,,,,97.4,120.3,1,,,,0,36.75,0.077,0.032,,baseline,6
2026-10-08 23:32:28.614,8.53,20261008_233220,jeb,baseline,,,,,97.4,120.3,1,,,,0,36.74,0.076,0.031,,baseline,6
2026-10-08 23:32:28.827,8.75,20261008_233220,jeb,baseline,,,,,97.4,120.3,1,,,,0,36.71,0.082,0.03,,baseline,6
2026-10-08 23:32:29.026,8.95,20261008_233220,jeb,baseline,,,,,95.2,117.0,1,,,,0,36.72,0.078,0.031,,baseline,6
2026-10-08 23:32:29.233,9.15,20261008_233220,jeb,baseline,,,,,95.2,117.0,1,,,,0,36.72,0.073,0.029,,baseline,6
2026-10-08 23:32:29.443,9.36,20261008_233220,jeb,baseline,,,,,95.2,117.0,1,,,,0,36.73,0.067,0.027,,baseline,6
2026-10-08 23:32:29.650,9.57,20261008_233220,jeb,baseline,,,,,95.2,117.0,1,,,,0,36.74,0.063,0.026,,baseline,6
2026-10-08 23:32:29.850,9.77,20261008_233220,jeb,baseline,,,,,95.2,117.0,1,,,,0,36.75,0.06,0.025,,baseline,6
2026-10-08 23:32:30.066,9.99,20261008_233220,jeb,baseline,,,,,95.2,117.0,1,,,,0,36.75,0.061,0.027,,baseline,6
2026-10-08 23:32:30.260,10.18,20261008_233220,jeb,baseline,,,,,95.2,117.0,1,,,,0,36.76,0.06,0.035,,baseline,6
2026-10-08 23:32:30.464,10.38,20261008_233220,jeb,baseline,,,,,95.2,117.0,1,,,,0,36.76,0.056,0.033,,baseline,6
2026-10-08 23:32:30.679,10.6,20261008_233220,jeb,baseline,,,,,95.2,117.0,1,,,,0,36.76,0.06,0.044,,baseline,6
2026-10-08 23:32:30.882,10.8,20261008_233220,jeb,baseline,,,,,95.2,117.0,1,,,,0,36.77,0.08,0.041,,baseline,7
2026-10-08 23:32:31.086,11.01,20261008_233220,jeb,baseline,,,,,91.2,108.1,1,,,,0,36.77,0.095,0.073,,baseline,7
2026-10-08 23:32:31.293,11.21,20261008_233220,jeb,baseline,,,,,91.2,108.1,1,,,,0,36.77,0.106,0.099,,baseline,7
2026-10-08 23:32:31.494,11.41,20261008_233220,jeb,baseline,,,,,91.2,108.1,1,,,,0,36.78,0.111,0.094,,baseline,7
2026-10-08 23:32:31.711,11.63,20261008_233220,jeb,baseline,,,,,91.2,108.1,1,,,,0,36.78,0.104,0.091,,baseline,7
2026-10-08 23:32:31.909,11.83,20261008_233220,jeb,baseline,,,,,91.2,108.1,1,,,,0,36.79,0.102,0.089,,baseline,7
2026-10-08 23:32:32.114,12.03,20261008_233220,jeb,baseline,,,,,91.2,108.1,1,,,,0,36.79,0.108,0.095,,baseline,7
2026-10-08 23:32:32.331,12.25,20261008_233220,jeb,baseline,,,,,91.2,108.1,1,,,,0,36.79,0.12,0.086,,baseline,7
2026-10-08 23:32:32.534,12.45,20261008_233220,jeb,baseline,,,,,91.2,108.1,1,,,,0,36.8,0.111,0.085,,baseline,7
2026-10-08 23:32:32.731,12.65,20261008_233220,jeb,baseline,,,,,91.2,108.1,1,,,,0,36.79,0.105,0.078,,baseline,7
2026-10-08 23:32:32.936,12.86,20261008_233220,jeb,baseline,,,,,91.2,108.1,1,,,,0,36.79,0.097,0.07,,baseline,6
2026-10-08 23:32:33.143,13.06,20261008_233220,jeb,baseline,,,,,91.2,108.1,1,,,,0,36.8,0.09,0.066,,baseline,6
2026-10-08 23:32:33.354,13.27,20261008_233220,jeb,baseline,,,,,91.2,108.1,1,,,,0,36.8,0.086,0.06,,baseline,6
2026-10-08 23:32:33.552,13.47,20261008_233220,jeb,baseline,,,,,91.2,108.1,1,,,,0,36.8,0.079,0.056,,baseline,6
2026-10-08 23:32:33.758,13.68,20261008_233220,jeb,baseline,,,,,91.2,108.1,1,,,,0,36.81,0.073,0.051,,baseline,6
2026-10-08 23:32:33.961,13.88,20261008_233220,jeb,baseline,,,,,91.2,108.1,1,,,,0,36.81,0.069,0.047,,baseline,6
2026-10-08 23:32:34.167,14.09,20261008_233220,jeb,baseline,,,,,91.2,108.1,1,,,,0,36.81,0.065,0.043,,baseline,6
2026-10-08 23:32:34.374,14.29,20261008_233220,jeb,baseline,,,,,91.2,108.1,1,,,,0,36.81,0.063,0.04,,baseline,6
2026-10-08 23:32:34.582,14.5,20261008_233220,jeb,baseline,,,,,95.2,96.7,1,,,,0,36.81,0.061,0.039,,baseline,6
2026-10-08 23:32:34.792,14.71,20261008_233220,jeb,baseline,,,,,95.2,96.7,1,,,,0,36.81,0.06,0.036,,baseline,6
2026-10-08 23:32:34.990,14.91,20261008_233220,jeb,baseline,,,,,95.2,96.7,1,,,,0,36.82,0.056,0.034,,baseline,6
2026-10-08 23:32:35.197,15.12,20261008_233220,jeb,baseline,,,,,95.2,96.7,1,,,,0,36.82,0.067,0.034,,baseline,6
2026-10-08 23:32:35.402,15.32,20261008_233220,jeb,baseline,,,,,95.2,96.7,1,,,,0,36.82,0.066,0.031,,baseline,6
2026-10-08 23:32:35.609,15.53,20261008_233220,jeb,baseline,,,,,95.2,96.7,1,,,,0,36.82,0.06,0.029,,baseline,6
2026-10-08 23:32:35.815,15.73,20261008_233220,jeb,baseline,,,,,95.2,96.7,1,,,,0,36.82,0.061,0.029,,baseline,6
2026-10-08 23:32:36.023,15.94,20261008_233220,jeb,baseline,,,,,95.2,96.7,1,,,,0,36.81,0.06,0.03,,baseline,6
2026-10-08 23:32:36.227,16.15,20261008_233220,jeb,baseline,,,,,95.2,96.7,1,,,,0,36.81,0.057,0.03,,baseline,6
2026-10-08 23:32:36.432,16.35,20261008_233220,jeb,baseline,,,,,95.2,96.7,1,,,,0,36.81,0.053,0.028,,baseline,6
2026-10-08 23:32:36.638,16.56,20261008_233220,jeb,baseline,,,,,95.2,96.7,1,,,,0,36.82,0.05,0.026,,baseline,6
2026-10-08 23:32:36.844,16.76,20261008_233220,jeb,baseline,,,,,95.2,96.7,1,,,,0,36.82,0.047,0.025,,baseline,6
2026-10-08 23:32:37.054,16.97,20261008_233220,jeb,baseline,,,,,95.2,96.7,1,,,,0,36.84,0.044,0.024,,baseline,6
2026-10-08 23:32:37.262,17.18,20261008_233220,jeb,baseline,,,,,95.2,96.7,1,,,,0,36.81,0.042,0.022,,baseline,6
2026-10-08 23:32:37.466,17.39,20261008_233220,jeb,baseline,,,,,95.2,96.7,1,,,,0,36.81,0.041,0.022,,baseline,6
2026-10-08 23:32:37.674,17.59,20261008_233220,jeb,baseline,,,,,95.2,96.7,1,,,,0,36.81,0.044,0.025,,baseline,6
2026-10-08 23:32:37.876,17.8,20261008_233220,jeb,baseline,,,,,,,1,,,,0,36.81,0.043,0.033,,baseline,6
2026-10-08 23:32:38.082,18.0,20261008_233220,jeb,baseline,,,,,,,1,,,,0,36.81,0.043,0.035,,baseline,6
2026-10-08 23:32:38.292,18.21,20261008_233220,jeb,baseline,,,,,,,1,,,,0,36.82,0.045,0.033,,baseline,6
2026-10-08 23:32:38.492,18.41,20261008_233220,jeb,baseline,,,,,,,1,,,,0,36.82,0.046,0.033,,baseline,6
2026-10-08 23:32:38.707,18.63,20261008_233220,jeb,baseline,,,,,,,1,,,,0,36.82,0.049,0.034,,baseline,6
2026-10-08 23:32:38.908,18.83,20261008_233220,jeb,baseline,,,,,89.3,,1,,,,0,36.82,0.045,0.031,,baseline,6
2026-10-08 23:32:39.116,19.04,20261008_233220,jeb,baseline,,,,,89.3,,1,,,,0,36.82,0.041,0.028,,baseline,6
2026-10-08 23:32:39.325,19.24,20261008_233220,jeb,baseline,,,,,89.3,,1,,,,0,36.82,0.035,0.024,,baseline,6
2026-10-08 23:32:39.547,19.47,20261008_233220,jeb,baseline,,,,,72.7,,1,,,,0,36.82,0.043,0.023,,baseline,6
2026-10-08 23:32:39.782,19.7,20261008_233220,jeb,baseline,,,,,72.7,,1,,,,0,36.82,0.046,0.024,,baseline,6
2026-10-08 23:32:39.951,19.87,20261008_233220,jeb,baseline,,,,,72.7,,1,,,,0,36.83,0.043,0.022,,baseline,6
2026-10-08 23:32:40.293,20.21,20261008_233220,jeb,baseline,,,,,83.1,,1,,,,0,36.83,0.039,0.02,,baseline,6
2026-10-08 23:32:40.346,20.27,20261008_233220,jeb,baseline,,,,,83.1,,1,,,,0,36.83,0.036,0.018,,baseline,6
2026-10-08 23:32:40.555,20.47,20261008_233220,jeb,baseline,,,,,83.1,,1,,,,0,36.83,0.033,0.016,,baseline,6
2026-10-08 23:32:40.761,20.68,20261008_233220,jeb,baseline,,,,,83.1,,1,,,,0,36.83,0.032,0.015,,baseline,6
2026-10-08 23:32:40.966,20.89,20261008_233220,jeb,baseline,,,,,83.1,,1,,,,0,36.82,0.076,0.033,,baseline,6
2026-10-08 23:32:41.175,21.09,20261008_233220,jeb,baseline,,,,,83.1,,1,,,,0,36.83,0.099,0.045,,baseline,6
2026-10-08 23:32:41.425,21.34,20261008_233220,jeb,baseline,,,,,83.1,,1,,,,0,36.78,0.098,0.046,,baseline,6
2026-10-08 23:32:41.574,21.49,20261008_233220,jeb,baseline,,,,,83.1,,1,,,,0,36.76,0.092,0.044,,baseline,6
2026-10-08 23:32:41.783,21.7,20261008_233220,jeb,baseline,,,,,83.1,,1,,,,0,36.77,0.086,0.04,,baseline,6
2026-10-08 23:32:41.987,21.91,20261008_233220,jeb,baseline,,,,,83.1,,1,,,,0,36.77,0.079,0.036,,baseline,6
2026-10-08 23:32:42.205,22.12,20261008_233220,jeb,baseline,,,,,83.1,,1,,,,0,36.78,0.071,0.033,,baseline,6
2026-10-08 23:32:42.396,22.32,20261008_233220,jeb,baseline,,,,,83.1,,1,,,,0,36.79,0.065,0.03,,baseline,6
2026-10-08 23:32:42.604,22.52,20261008_233220,jeb,baseline,,,,,83.1,,1,,,,0,36.8,0.059,0.028,,baseline,6
2026-10-08 23:32:42.808,22.73,20261008_233220,jeb,baseline,,,,,83.1,,1,,,,0,36.8,0.054,0.025,,baseline,6
2026-10-08 23:32:43.008,22.93,20261008_233220,jeb,baseline,,,,,83.1,,1,,,,0,36.81,0.051,0.023,,baseline,6
2026-10-08 23:32:43.202,23.12,20261008_233220,jeb,baseline,,,,,83.1,,1,,,,0,36.81,0.046,0.021,,baseline,6
2026-10-08 23:32:43.406,23.33,20261008_233220,jeb,baseline,,,,,78.6,,1,,,,0,36.81,0.043,0.02,,baseline,6
2026-10-08 23:32:43.610,23.53,20261008_233220,jeb,baseline,,,,,78.6,,1,,,,0,36.8,0.039,0.018,,baseline,5
2026-10-08 23:32:43.818,23.74,20261008_233220,jeb,baseline,,,,,78.6,,1,,,,0,36.8,0.037,0.017,,baseline,5
2026-10-08 23:32:44.027,23.95,20261008_233220,jeb,baseline,,,,,78.6,,1,,,,0,36.81,0.034,0.015,,baseline,5
2026-10-08 23:32:44.260,24.18,20261008_233220,jeb,baseline,,,,,78.6,,1,,,,0,36.81,0.032,0.015,,baseline,5
2026-10-08 23:32:44.424,24.34,20261008_233220,jeb,baseline,,,,,78.6,,1,,,,0,36.82,0.03,0.013,,baseline,5
2026-10-08 23:32:44.628,24.55,20261008_233220,jeb,baseline,,,,,78.6,,1,,,,0,36.82,0.027,0.012,,baseline,5
2026-10-08 23:32:44.843,24.76,20261008_233220,jeb,baseline,,,,,78.6,,1,,,,0,36.83,0.025,0.011,,baseline,5
2026-10-08 23:32:45.038,24.96,20261008_233220,jeb,baseline,,,,,78.6,,1,,,,0,36.83,0.024,0.011,,baseline,5
2026-10-08 23:32:45.243,25.16,20261008_233220,jeb,baseline,,,,,78.6,,1,,,,0,36.83,0.022,0.01,,baseline,5
2026-10-08 23:32:45.462,25.38,20261008_233220,jeb,baseline,,,,,78.6,,1,,,,0,36.84,0.021,0.009,,baseline,5
2026-10-08 23:32:45.657,25.58,20261008_233220,jeb,baseline,,,,,78.6,,1,,,,0,36.85,0.02,0.009,,baseline,5
2026-10-08 23:32:45.864,25.78,20261008_233220,jeb,baseline,,,,,78.6,,1,,,,0,36.8,0.019,0.009,,baseline,5
2026-10-08 23:32:46.075,25.99,20261008_233220,jeb,baseline,,,,,78.6,,1,,,,0,36.8,0.018,0.008,,baseline,5
2026-10-08 23:32:46.302,26.22,20261008_233220,jeb,baseline,,,,,96.0,322.8,1,,,,0,36.81,0.017,0.008,,baseline,5
2026-10-08 23:32:46.482,26.4,20261008_233220,jeb,baseline,,,,,96.0,322.8,1,,,,0,36.81,0.017,0.008,,baseline,5
2026-10-08 23:32:46.689,26.61,20261008_233220,jeb,baseline,,,,,96.0,322.8,1,,,,0,36.82,0.02,0.008,,baseline,5
2026-10-08 23:32:46.895,26.81,20261008_233220,jeb,baseline,,,,,96.9,289.1,1,,,,0,36.82,0.043,0.021,,baseline,5
2026-10-08 23:32:47.098,27.02,20261008_233220,jeb,baseline,,,,,96.9,289.1,1,,,,0,36.83,0.057,0.027,,baseline,5
2026-10-08 23:32:47.305,27.22,20261008_233220,jeb,baseline,,,,,96.9,289.1,1,,,,0,36.83,0.058,0.025,,baseline,5
2026-10-08 23:32:47.507,27.43,20261008_233220,jeb,baseline,,,,,96.0,265.7,1,,,,0,36.84,0.246,0.105,,baseline,6
2026-10-08 23:32:47.714,27.63,20261008_233220,jeb,baseline,,,,,96.0,265.7,1,,,,0,36.84,0.276,0.126,,baseline,6
2026-10-08 23:32:47.928,27.85,20261008_233220,jeb,baseline,,,,,98.7,257.7,1,,,,0,36.85,0.248,0.157,,baseline,6
2026-10-08 23:32:48.141,28.06,20261008_233220,jeb,baseline,,,,,98.7,257.7,1,,,,0,36.86,0.229,0.181,,baseline,6
2026-10-08 23:32:48.363,28.28,20261008_233220,jeb,baseline,,,,,98.7,257.7,1,,,,0,36.86,0.218,0.241,,baseline,6
2026-10-08 23:32:48.556,28.48,20261008_233220,jeb,baseline,,,,,98.7,257.5,1,,,,0,36.86,0.208,0.235,,baseline,6
2026-10-08 23:32:49.097,29.02,20261008_233220,jeb,baseline,,,,,98.7,257.5,1,,,,0,36.87,0.19,0.267,,baseline,6
2026-10-08 23:32:49.162,29.08,20261008_233220,jeb,baseline,,,,,98.7,257.5,1,,,,0,36.87,0.18,0.252,,baseline,6
2026-10-08 23:32:49.733,29.65,20261008_233220,jeb,baseline,,,,,98.7,257.5,1,,,,0,36.87,0.158,0.251,,baseline,6
2026-10-08 23:32:49.791,29.71,20261008_233220,jeb,baseline,,,,,98.7,257.5,1,,,,0,36.87,0.15,0.232,,baseline,6
2026-10-08 23:32:49.982,29.9,20261008_233220,jeb,baseline,,,,,98.7,257.5,1,,,,0,36.84,0.143,0.211,,baseline,6
2026-10-08 23:32:50.188,30.11,20261008_233220,jeb,baseline,,,,,98.7,257.5,1,,,,0,36.84,0.136,0.194,,baseline,6
2026-10-08 23:32:50.393,30.31,20261008_233220,jeb,baseline,,,,,104.0,257.5,1,,,,0,36.85,0.135,0.177,,baseline,6
2026-10-08 23:32:50.597,30.52,20261008_233220,jeb,baseline,,,,,104.0,257.5,1,,,,0,36.85,0.146,0.164,,baseline,6
2026-10-08 23:32:50.807,30.73,20261008_233220,jeb,baseline,,,,,104.0,257.5,1,,,,0,36.85,0.215,0.272,,baseline,6
2026-10-08 23:32:51.009,30.93,20261008_233220,jeb,baseline,,,,,99.5,150.9,1,,,,0,36.86,0.212,0.39,,baseline,6
2026-10-08 23:32:51.212,31.13,20261008_233220,jeb,baseline,,,,,99.5,150.9,1,,,,0,36.86,0.196,0.416,,baseline,6
2026-10-08 23:32:51.423,31.34,20261008_233220,jeb,baseline,,,,,99.5,150.9,1,,,,0,36.86,0.185,0.419,,baseline,6
2026-10-08 23:32:51.626,31.55,20261008_233220,jeb,baseline,,,,,99.5,150.9,1,,,,0,36.86,0.196,0.451,,baseline,7
2026-10-08 23:32:51.835,31.75,20261008_233220,jeb,baseline,,,,,99.5,150.9,1,,,,0,36.87,0.189,0.465,,baseline,7
2026-10-08 23:32:52.037,31.96,20261008_233220,jeb,baseline,,,,,99.5,150.9,1,,,,0,36.87,0.176,0.454,,baseline,7
2026-10-08 23:32:52.239,32.16,20261008_233220,jeb,rest,,,,,99.5,150.9,1,,,,0,36.87,0.167,0.415,41,ready,7
2026-10-08 23:32:52.447,32.37,20261008_233220,jeb,rest,,,,,99.5,150.9,1,,,,0,36.87,0.168,0.419,41,ready,7
2026-10-08 23:32:52.654,32.57,20261008_233220,jeb,rest,,,,,99.5,150.9,1,,,,0,36.87,0.174,0.418,41,ready,7
2026-10-08 23:32:52.874,32.79,20261008_233220,jeb,rest,,,,,99.5,150.9,1,,,,0,36.87,0.185,0.383,41,ready,7
2026-10-08 23:32:53.071,32.99,20261008_233220,jeb,rest,,,,,99.5,150.9,1,,,,0,36.88,0.186,0.358,42,ready,7
2026-10-08 23:32:53.269,33.19,20261008_233220,jeb,rest,,,,,99.5,150.9,1,,,,0,36.88,0.206,0.369,42,ready,7
2026-10-08 23:32:53.477,33.4,20261008_233220,jeb,rest,,,,,99.5,150.9,1,,,,0,36.88,0.234,0.41,43,ready,7
2026-10-08 23:32:53.684,33.6,20261008_233220,jeb,rest,,,,,,,1,,,,0,36.88,0.243,0.447,49,ready,7
2026-10-08 23:32:53.887,33.81,20261008_233220,jeb,rest,,,,,,,1,,,,0,36.88,0.227,0.405,53,ready,7
2026-10-08 23:32:54.092,34.01,20261008_233220,jeb,rest,,,,,,,1,,,,0,36.89,0.405,0.403,61,ready,7
2026-10-08 23:32:54.304,34.22,20261008_233220,jeb,rest,,,,,,,1,,,,0,36.89,0.438,0.437,67,ready,8
2026-10-08 23:32:54.505,34.42,20261008_233220,jeb,rest,,,,,100.3,,1,,,,0,36.89,0.412,0.468,67,ready,8
2026-10-08 23:32:54.706,34.63,20261008_233220,jeb,rest,,,,,100.3,,1,,,,0,36.89,0.378,0.425,66,ready,8
2026-10-08 23:32:54.919,34.84,20261008_233220,jeb,rest,,,,,100.3,,1,,,,0,36.83,0.35,0.406,65,ready,8
2026-10-08 23:32:55.124,35.04,20261008_233220,jeb,rest,,,,,100.3,,1,,,,0,36.84,0.333,0.404,63,ready,8
2026-10-08 23:32:55.329,35.25,20261008_233220,jeb,rest,,,,,76.7,,1,,,,0,36.84,0.304,0.371,55,ready,8
2026-10-08 23:32:55.535,35.45,20261008_233220,jeb,rest,,,,,76.7,,1,,,,0,36.86,0.256,0.323,41,ready,8
2026-10-08 23:32:55.739,35.66,20261008_233220,jeb,rest,,,,,76.7,,1,,,,0,36.86,0.262,0.331,36,ready,8
2026-10-08 23:32:55.987,35.91,20261008_233220,jeb,rest,,,,,76.7,,1,,,,0,36.87,0.246,0.35,32,ready,8
2026-10-08 23:32:56.154,36.07,20261008_233220,jeb,rest,,,,,76.7,,1,,,,0,36.87,0.234,0.348,29,ready,8
2026-10-08 23:32:56.356,36.28,20261008_233220,jeb,rest,,,,,81.4,,1,,,,0,36.88,0.218,0.412,26,ready,8
2026-10-08 23:32:56.577,36.5,20261008_233220,jeb,rest,,,,,81.4,,1,,,,0,36.88,0.213,0.383,25,ready,8
2026-10-08 23:32:56.778,36.7,20261008_233220,jeb,rest,,,,,81.4,,1,,,,0,36.88,0.199,0.351,23,ready,8
2026-10-08 23:32:56.984,36.9,20261008_233220,jeb,rest,,,,,86.6,,1,,,,0,36.88,0.203,0.323,23,ready,8
2026-10-08 23:32:57.188,37.11,20261008_233220,jeb,rest,,,,,86.6,,1,,,,0,36.88,0.197,0.293,23,ready,8
2026-10-08 23:32:57.392,37.31,20261008_233220,jeb,rest,,,,,86.6,,1,,,,0,36.88,0.182,0.267,22,ready,8
2026-10-08 23:32:57.603,37.52,20261008_233220,jeb,rest,,,,,86.6,,1,,,,0,36.89,0.175,0.268,22,ready,8
2026-10-08 23:32:57.804,37.72,20261008_233220,jeb,rest,,,,,86.6,,1,,,,0,36.89,0.165,0.298,22,ready,8
2026-10-08 23:32:58.020,37.94,20261008_233220,jeb,rest,,,,,86.6,,1,,,,0,36.89,0.217,0.375,22,ready,8
2026-10-08 23:32:58.216,38.14,20261008_233220,jeb,rest,,,,,86.6,,1,,,,0,36.89,0.221,0.37,22,ready,8
2026-10-08 23:32:58.420,38.34,20261008_233220,jeb,rest,,,,,,,1,,,,0,36.89,0.205,0.34,30,ready,8
2026-10-08 23:32:58.632,38.55,20261008_233220,jeb,rest,,,,,,,1,,,,0,36.89,0.189,0.31,35,ready,8
2026-10-08 23:32:58.834,38.75,20261008_233220,jeb,rest,,,,,,,1,,,,0,36.9,0.182,0.288,38,ready,8
2026-10-08 23:32:59.049,38.97,20261008_233220,jeb,rest,,,,,112.1,,1,,,,0,36.92,0.173,0.264,43,ready,8
2026-10-08 23:32:59.249,39.17,20261008_233220,jeb,rest,,,,,112.1,,1,,,,0,36.88,0.169,0.275,47,ready,8
2026-10-08 23:32:59.454,39.37,20261008_233220,jeb,rest,,,,,120.6,,1,,,,0,36.88,0.189,0.316,53,ready,8
2026-10-08 23:32:59.663,39.58,20261008_233220,jeb,rest,,,,,120.6,,1,,,,0,36.88,0.184,0.388,58,ready,8
2026-10-08 23:32:59.869,39.79,20261008_233220,jeb,rest,,,,,120.6,,1,,,,0,36.88,0.189,0.554,62,ready,8
2026-10-08 23:33:00.081,40.0,20261008_233220,jeb,rest,,,,,120.6,,1,,,,0,36.88,0.259,0.572,66,ready,8
2026-10-08 23:33:00.285,40.2,20261008_233220,jeb,rest,,,,,120.6,,1,,,,0,36.88,0.378,0.736,70,ready,8
2026-10-08 23:33:00.486,40.41,20261008_233220,jeb,rest,,,,,120.6,,1,,,,0,36.89,0.361,0.668,74,ready,8
2026-10-08 23:33:00.700,40.62,20261008_233220,jeb,rest,,,,,124.4,,1,,,,0,36.89,0.328,0.605,77,ready,8
2026-10-08 23:33:00.902,40.82,20261008_233220,jeb,rest,,,,,124.4,,1,,,,0,36.89,0.298,0.549,79,ready,8
2026-10-08 23:33:01.107,41.03,20261008_233220,jeb,rest,,,,,120.6,,1,,,,0,36.89,0.277,0.502,80,ready,8
2026-10-08 23:33:01.322,41.24,20261008_233220,jeb,rest,,,,,120.6,,1,,,,0,36.89,0.257,0.461,81,ready,8
2026-10-08 23:33:01.523,41.44,20261008_233220,jeb,rest,,,,,120.6,,1,,,,0,36.89,0.243,0.44,81,ready,8
2026-10-08 23:33:01.725,41.64,20261008_233220,jeb,recovery,1,600,manual,truth,106.3,137.5,1,,,,0,36.89,0.23,0.403,77,ready,8
2026-10-08 23:33:01.936,41.86,20261008_233220,jeb,question,1,600,manual,truth,106.3,137.5,1,,,,0,36.9,0.227,0.38,74,question,8
2026-10-08 23:33:04.015,43.94,20261008_233220,jeb,question,1,600,manual,truth,122.6,129.4,1,,,,0,36.86,0.174,0.186,82,question,8
2026-10-08 23:33:04.228,44.15,20261008_233220,jeb,question,1,600,manual,truth,122.6,129.4,1,,,,0,36.84,0.169,0.17,82,question,8
2026-10-08 23:33:04.428,44.35,20261008_233220,jeb,question,1,600,manual,truth,122.6,129.4,1,,,,0,36.85,0.158,0.161,82,question,8
2026-10-08 23:33:04.624,44.54,20261008_233220,jeb,question,1,600,manual,truth,122.6,129.4,1,,,,0,36.84,0.147,0.146,81,question,8
2026-10-08 23:33:04.835,44.76,20261008_233220,jeb,question,1,600,manual,truth,122.6,129.4,1,,,,0,36.85,0.135,0.133,81,question,8
2026-10-08 23:33:05.037,44.96,20261008_233220,jeb,question,1,600,manual,truth,122.6,129.4,1,,,,0,36.86,0.138,0.132,81,question,8
2026-10-08 23:33:05.242,45.16,20261008_233220,jeb,question,1,600,manual,truth,122.6,129.4,1,,,,0,36.87,0.145,0.129,81,question,8
2026-10-08 23:33:05.450,45.37,20261008_233220,jeb,question,1,600,manual,truth,,,1,,,,0,36.87,0.197,0.131,77,question,8
2026-10-08 23:33:05.651,45.57,20261008_233220,jeb,question,1,600,manual,truth,,,1,,,,0,36.88,0.203,0.146,74,question,8
2026-10-08 23:33:05.856,45.78,20261008_233220,jeb,question,1,600,manual,truth,,,1,,,,0,36.89,0.206,0.141,72,question,8
2026-10-08 23:33:06.056,45.98,20261008_233220,jeb,question,1,600,manual,truth,,,1,,,,0,36.89,0.199,0.133,70,question,8
2026-10-08 23:33:06.265,46.19,20261008_233220,jeb,question,1,600,manual,truth,,,1,,,,0,36.9,0.187,0.129,68,question,8
2026-10-08 23:33:06.468,46.39,20261008_233220,jeb,question,1,600,manual,truth,,,1,,,,0,36.9,0.183,0.12,66,question,8
2026-10-08 23:33:06.675,46.59,20261008_233220,jeb,question,1,600,manual,truth,,,1,,,,0,36.9,0.181,0.115,64,question,8
2026-10-08 23:33:06.882,46.8,20261008_233220,jeb,question,1,600,manual,truth,56.5,,1,,,,0,36.91,0.172,0.112,53,question,8
2026-10-08 23:33:07.086,47.01,20261008_233220,jeb,question,1,600,manual,truth,56.5,,1,,,,0,36.92,0.186,0.108,45,question,8
2026-10-08 23:33:07.297,47.22,20261008_233220,jeb,question,1,600,manual,truth,82.3,,1,,,,0,36.92,0.23,0.112,40,question,8
2026-10-08 23:33:07.499,47.42,20261008_233220,jeb,question,1,600,manual,truth,82.3,,1,,,,0,36.93,0.219,0.106,36,question,8
2026-10-08 23:33:07.789,47.71,20261008_233220,jeb,question,1,600,manual,truth,82.3,,1,,,,0,36.93,0.206,0.105,33,question,8
2026-10-08 23:33:07.908,47.83,20261008_233220,jeb,question,1,600,manual,truth,82.3,,1,,,,0,36.94,0.196,0.098,30,question,8
2026-10-08 23:33:08.117,48.04,20261008_233220,jeb,question,1,600,manual,truth,82.3,,1,,,,0,36.94,0.183,0.089,27,question,8
2026-10-08 23:33:08.351,48.27,20261008_233220,jeb,question,1,600,manual,truth,82.3,,1,,,,0,36.94,0.167,0.082,25,question,8
2026-10-08 23:33:08.535,48.45,20261008_233220,jeb,question,1,600,manual,truth,82.3,,1,,,,0,36.94,0.159,0.077,23,question,8
2026-10-08 23:33:08.741,48.66,20261008_233220,jeb,question,1,600,manual,truth,82.3,,1,,,,0,36.95,0.153,0.07,22,question,8
2026-10-08 23:33:08.948,48.87,20261008_233220,jeb,question,1,600,manual,truth,82.3,,1,,,,0,36.96,0.143,0.065,20,question,8
2026-10-08 23:33:09.154,49.07,20261008_233220,jeb,question,1,600,manual,truth,82.3,,1,,,,0,36.9,0.132,0.06,19,question,8
2026-10-08 23:33:09.358,49.28,20261008_233220,jeb,question,1,600,manual,truth,82.3,,1,,,,0,36.91,0.13,0.057,18,question,8
2026-10-08 23:33:09.566,49.49,20261008_233220,jeb,question,1,600,manual,truth,82.3,,1,,,,0,36.92,0.128,0.065,16,question,8
2026-10-08 23:33:09.783,49.7,20261008_233220,jeb,question,1,600,manual,truth,82.3,,1,,,,0,36.93,0.136,0.062,16,question,8
2026-10-08 23:33:09.980,49.9,20261008_233220,jeb,question,1,600,manual,truth,82.3,,1,,,,0,36.93,0.134,0.056,16,question,8
2026-10-08 23:33:10.199,50.12,20261008_233220,jeb,question,1,600,manual,truth,82.3,,1,,,,0,36.93,0.125,0.055,15,question,8
2026-10-08 23:33:10.400,50.32,20261008_233220,jeb,question,1,600,manual,truth,82.3,,1,,,,0,36.94,0.115,0.051,15,question,8
2026-10-08 23:33:10.603,50.52,20261008_233220,jeb,question,1,600,manual,truth,82.3,,1,,,,0,36.94,0.106,0.046,14,question,8
2026-10-08 23:33:10.802,50.72,20261008_233220,jeb,question,1,600,manual,truth,82.3,,1,,,,0,36.89,0.105,0.045,14,question,8
2026-10-08 23:33:11.122,51.04,20261008_233220,jeb,question,1,600,manual,truth,,,1,,,,0,36.91,0.117,0.052,17,question,8
2026-10-08 23:33:11.215,51.13,20261008_233220,jeb,question,1,600,manual,truth,,,1,,,,0,36.92,0.115,0.052,20,question,8
2026-10-08 23:33:11.421,51.34,20261008_233220,jeb,question,1,600,manual,truth,,,1,,,,0,36.92,0.118,0.054,22,question,8
2026-10-08 23:33:11.622,51.54,20261008_233220,jeb,question,1,600,manual,truth,62.6,,1,,,,0,36.93,0.121,0.055,19,question,8
2026-10-08 23:33:11.832,51.75,20261008_233220,jeb,question,1,600,manual,truth,62.6,,1,,,,0,36.93,0.113,0.052,17,question,8
2026-10-08 23:33:12.037,51.96,20261008_233220,jeb,question,1,600,manual,truth,62.6,,1,,,,0,36.94,0.108,0.049,15,question,8
2026-10-08 23:33:12.346,52.27,20261008_233220,jeb,question,1,600,manual,truth,62.6,,1,,,,0,36.95,0.103,0.048,13,question,8
2026-10-08 23:33:12.450,52.37,20261008_233220,jeb,question,1,600,manual,truth,62.6,,1,,,,0,36.95,0.096,0.048,12,question,8
2026-10-08 23:33:12.750,52.67,20261008_233220,jeb,question,1,600,manual,truth,62.6,,1,,,,0,36.96,0.101,0.047,10,question,8
2026-10-08 23:33:12.908,52.83,20261008_233220,jeb,question,1,600,manual,truth,62.6,,1,,,,0,36.93,0.124,0.056,9,question,8
2026-10-08 23:33:13.115,53.03,20261008_233220,jeb,question,1,600,manual,truth,62.6,,1,,,,0,36.94,0.214,0.072,9,question,8
2026-10-08 23:33:13.314,53.23,20261008_233220,jeb,question,1,600,manual,truth,62.6,,1,,,,0,36.9,0.206,0.092,9,question,8
2026-10-08 23:33:13.485,53.4,20261008_233220,jeb,question,1,600,manual,truth,62.6,,1,,,,0,36.91,0.195,0.086,8,question,8
2026-10-08 23:33:13.724,53.64,20261008_233220,jeb,recovery,1,600,manual,truth,62.6,,1,,,,0,36.92,0.194,0.087,8,ready,8
2026-10-08 23:33:13.897,53.82,20261008_233220,jeb,recovery,1,600,manual,truth,62.6,,1,,,,0,36.86,0.202,0.09,8,ready,8
2026-10-08 23:33:14.134,54.05,20261008_233220,jeb,recovery,1,600,manual,truth,62.6,,1,,,,0,36.88,0.199,0.087,8,ready,8
2026-10-08 23:33:14.340,54.26,20261008_233220,jeb,recovery,1,600,manual,truth,62.6,,1,,,,0,36.9,0.188,0.083,8,ready,8
2026-10-08 23:33:14.546,54.47,20261008_233220,jeb,recovery,1,600,manual,truth,62.6,,1,,,,0,36.91,0.175,0.079,7,ready,8
2026-10-08 23:33:14.751,54.67,20261008_233220,jeb,recovery,1,600,manual,truth,62.6,,1,,,,0,36.93,0.161,0.072,7,ready,8
2026-10-08 23:33:14.918,54.84,20261008_233220,jeb,recovery,1,600,manual,truth,82.2,,1,,,,0,36.94,0.147,0.067,8,ready,8
2026-10-08 23:33:15.104,55.02,20261008_233220,jeb,recovery,1,600,manual,truth,82.2,,1,,,,0,36.96,0.136,0.062,9,ready,8
2026-10-08 23:33:15.313,55.23,20261008_233220,jeb,recovery,1,600,manual,truth,82.2,,1,,,,0,36.97,0.129,0.06,10,ready,8
2026-10-08 23:33:15.519,55.44,20261008_233220,jeb,recovery,1,600,manual,truth,82.2,,1,,,,0,36.98,0.119,0.059,11,ready,8
2026-10-08 23:33:15.731,55.65,20261008_233220,jeb,recovery,1,600,manual,truth,82.2,,1,,,,0,36.98,0.113,0.056,11,ready,8
2026-10-08 23:33:15.934,55.85,20261008_233220,jeb,recovery,1,600,manual,truth,82.2,,1,,,,0,36.98,0.11,0.051,11,ready,8
2026-10-08 23:33:16.142,56.06,20261008_233220,jeb,recovery,1,600,manual,truth,82.2,,1,,,,0,36.99,0.116,0.054,12,ready,8
2026-10-08 23:33:16.349,56.27,20261008_233220,jeb,recovery,1,600,manual,truth,82.2,,1,,,,0,36.99,0.143,0.064,12,ready,8
2026-10-08 23:33:16.555,56.48,20261008_233220,jeb,recovery,1,600,manual,truth,82.2,,1,,,,0,36.99,0.156,0.07,12,ready,8
2026-10-08 23:33:16.799,56.72,20261008_233220,jeb,rest,,,,,82.2,,1,,,,0,37.0,0.211,0.098,13,ready,8
2026-10-08 23:33:16.968,56.89,20261008_233220,jeb,rest,,,,,82.2,,1,,,,0,37.0,0.215,0.098,14,ready,8
2026-10-08 23:33:17.178,57.1,20261008_233220,jeb,rest,,,,,82.2,,1,,,,0,37.0,0.219,0.096,15,ready,8
2026-10-08 23:33:17.399,57.32,20261008_233220,jeb,rest,,,,,82.2,,1,,,,0,37.01,0.21,0.086,16,ready,8
2026-10-08 23:33:17.588,57.51,20261008_233220,jeb,rest,,,,,82.2,,1,,,,0,37.01,0.191,0.079,16,ready,8
2026-10-08 23:33:17.795,57.71,20261008_233220,jeb,rest,,,,,82.2,,1,,,,0,37.01,0.174,0.072,16,ready,8
2026-10-08 23:33:18.009,57.93,20261008_233220,jeb,rest,,,,,82.2,,1,,,,0,37.01,0.159,0.065,15,ready,8
2026-10-08 23:33:18.211,58.13,20261008_233220,jeb,question,2,601,manual,truth,82.2,,1,,,,0,36.97,0.154,0.063,15,question,8
2026-10-08 23:33:18.428,58.35,20261008_233220,jeb,question,2,601,manual,truth,82.2,,1,,,,0,36.98,0.151,0.059,15,question,8
2026-10-08 23:33:18.629,58.55,20261008_233220,jeb,question,2,601,manual,truth,82.2,,1,,,,0,36.99,0.157,0.066,15,question,8
2026-10-08 23:33:18.830,58.75,20261008_233220,jeb,question,2,601,manual,truth,82.2,,1,,,,0,36.99,0.15,0.066,15,question,8
2026-10-08 23:33:19.034,58.95,20261008_233220,jeb,question,2,601,manual,truth,82.2,,1,,,,0,37.0,0.141,0.065,15,question,8
2026-10-08 23:33:19.238,59.16,20261008_233220,jeb,question,2,601,manual,truth,82.2,,1,,,,0,37.01,0.131,0.06,14,question,8
2026-10-08 23:33:19.446,59.37,20261008_233220,jeb,question,2,601,manual,truth,82.2,,1,,,,0,37.01,0.13,0.06,14,question,8
2026-10-08 23:33:19.716,59.64,20261008_233220,jeb,question,2,601,manual,truth,82.2,,1,,,,0,37.02,0.139,0.063,14,question,8
2026-10-08 23:33:19.854,59.77,20261008_233220,jeb,question,2,601,manual,truth,82.2,,1,,,,0,37.01,0.129,0.059,14,question,8
2026-10-08 23:33:20.069,59.99,20261008_233220,jeb,question,2,601,manual,truth,82.2,,1,,,,0,37.01,0.118,0.054,14,question,8
2026-10-08 23:33:20.265,60.18,20261008_233220,jeb,question,2,601,manual,truth,,,1,,,,0,37.01,0.115,0.05,17,question,8
2026-10-08 23:33:20.487,60.41,20261008_233220,jeb,question,2,601,manual,truth,,,1,,,,0,37.02,0.111,0.054,20,question,8
2026-10-08 23:33:20.684,60.6,20261008_233220,jeb,question,2,601,manual,truth,,,1,,,,0,37.02,0.107,0.052,21,question,8
2026-10-08 23:33:20.900,60.82,20261008_233220,jeb,question,2,601,manual,truth,,,1,,,,0,37.02,0.103,0.048,23,question,8
2026-10-08 23:33:21.334,61.25,20261008_233220,jeb,question,2,601,manual,truth,,,1,,,,0,37.02,0.116,0.048,25,question,8
2026-10-08 23:33:21.347,61.27,20261008_233220,jeb,question,2,601,manual,truth,,,1,,,,0,37.03,0.112,0.045,26,question,8
2026-10-08 23:33:21.563,61.48,20261008_233220,jeb,question,2,601,manual,truth,,,1,,,,0,37.03,0.103,0.043,26,question,8
2026-10-08 23:33:21.710,61.63,20261008_233220,jeb,question,2,601,manual,truth,,,1,,,,0,37.03,0.1,0.041,26,question,8
2026-10-08 23:33:21.934,61.85,20261008_233220,jeb,question,2,601,manual,truth,,,1,,,,0,37.04,0.097,0.038,27,question,9
2026-10-08 23:33:22.131,62.05,20261008_233220,jeb,question,2,601,manual,truth,,,1,,,,0,37.04,0.103,0.037,27,question,9
2026-10-08 23:33:22.335,62.25,20261008_233220,jeb,question,2,601,manual,truth,,,1,,,,0,37.04,0.132,0.055,29,question,9
2026-10-08 23:33:22.546,62.47,20261008_233220,jeb,question,2,601,manual,truth,,,1,,,,0,37.04,0.134,0.058,31,question,9
2026-10-08 23:33:22.770,62.69,20261008_233220,jeb,question,2,601,manual,truth,,,1,,,,0,37.04,0.124,0.055,31,question,8
2026-10-08 23:33:22.962,62.88,20261008_233220,jeb,question,2,601,manual,truth,59.3,,1,,,,0,37.05,0.122,0.053,27,question,8
2026-10-08 23:33:23.161,63.08,20261008_233220,jeb,question,2,601,manual,truth,59.3,,1,,,,0,37.05,0.114,0.052,23,question,8
2026-10-08 23:33:23.365,63.28,20261008_233220,jeb,question,2,601,manual,truth,59.3,,1,,,,0,37.05,0.108,0.05,20,question,8
2026-10-08 23:33:23.577,63.5,20261008_233220,jeb,question,2,601,manual,truth,59.3,,1,,,,0,37.05,0.105,0.058,17,question,8
2026-10-08 23:33:23.776,63.7,20261008_233220,jeb,question,2,601,manual,truth,75.7,,1,,,,0,37.05,0.112,0.058,15,question,8
2026-10-08 23:33:23.986,63.91,20261008_233220,jeb,question,2,601,manual,truth,75.7,,1,,,,0,37.06,0.12,0.054,13,question,8
2026-10-08 23:33:24.198,64.12,20261008_233220,jeb,question,2,601,manual,truth,75.7,,1,,,,0,37.06,0.115,0.049,12,question,8
2026-10-08 23:33:24.401,64.32,20261008_233220,jeb,question,2,601,manual,truth,75.7,,1,,,,0,37.07,0.107,0.045,11,question,8
2026-10-08 23:33:24.602,64.52,20261008_233220,jeb,question,2,601,manual,truth,75.7,,1,,,,0,37.07,0.098,0.041,11,question,9
2026-10-08 23:33:24.807,64.73,20261008_233220,jeb,question,2,601,manual,truth,75.7,,1,,,,0,37.07,0.092,0.038,10,question,9
2026-10-08 23:33:25.011,64.93,20261008_233220,jeb,question,2,601,manual,truth,75.7,,1,,,,0,37.07,0.095,0.037,10,question,9
2026-10-08 23:33:25.214,65.13,20261008_233220,jeb,question,2,601,manual,truth,75.7,,1,,,,0,37.08,0.104,0.04,9,question,9
2026-10-08 23:33:25.420,65.34,20261008_233220,jeb,question,2,601,manual,truth,75.7,,1,,,,0,37.02,0.095,0.045,9,question,8
2026-10-08 23:33:25.627,65.55,20261008_233220,jeb,question,2,601,manual,truth,75.7,,1,,,,0,37.04,0.089,0.043,9,question,8
2026-10-08 23:33:25.831,65.75,20261008_233220,jeb,question,2,601,manual,truth,75.7,,1,,,,0,37.04,0.094,0.041,8,question,8
2026-10-08 23:33:26.034,65.95,20261008_233220,jeb,question,2,601,manual,truth,75.7,,1,,,,0,37.05,0.096,0.041,8,question,8
2026-10-08 23:33:26.242,66.16,20261008_233220,jeb,question,2,601,manual,truth,75.7,,1,,,,0,37.05,0.103,0.039,8,question,8
2026-10-08 23:33:26.451,66.37,20261008_233220,jeb,question,2,601,manual,truth,75.7,,1,,,,0,37.06,0.099,0.038,8,question,8
2026-10-08 23:33:26.882,66.8,20261008_233220,jeb,question,2,601,manual,truth,,,1,,,,0,37.01,0.096,0.035,11,question,8
2026-10-08 23:33:26.885,66.8,20261008_233220,jeb,question,2,601,manual,truth,,,1,,,,0,36.98,0.114,0.042,15,question,8
2026-10-08 23:33:27.065,66.98,20261008_233220,jeb,question,2,601,manual,truth,,,1,,,,0,36.99,0.132,0.05,19,question,8
2026-10-08 23:33:27.276,67.2,20261008_233220,jeb,question,2,601,manual,truth,,,1,,,,0,37.0,0.144,0.06,23,question,8
2026-10-08 23:33:27.476,67.4,20261008_233220,jeb,question,2,601,manual,truth,,,1,,,,0,37.01,0.145,0.063,27,question,8
2026-10-08 23:33:27.691,67.61,20261008_233220,jeb,question,2,601,manual,truth,,,1,,,,0,37.03,0.145,0.06,29,question,8
2026-10-08 23:33:27.894,67.81,20261008_233220,jeb,question,2,601,manual,truth,,,1,,,,0,37.04,0.139,0.065,31,question,8
2026-10-08 23:33:28.099,68.02,20261008_233220,jeb,question,2,601,manual,truth,,,1,,,,0,37.05,0.144,0.071,33,question,8
2026-10-08 23:33:32.124,72.04,20261008_233220,jeb,recovery,2,601,manual,truth,76.7,,1,,,,0,37.16,0.084,0.047,12,ready,9
2026-10-08 23:33:32.426,72.35,20261008_233220,jeb,recovery,2,601,manual,truth,76.7,,1,,,,0,37.15,0.089,0.048,11,ready,9
2026-10-08 23:33:32.528,72.45,20261008_233220,jeb,recovery,2,601,manual,truth,76.7,,1,,,,0,37.09,0.096,0.046,10,ready,8
2026-10-08 23:33:32.760,72.68,20261008_233220,jeb,recovery,2,601,manual,truth,76.7,,1,,,,0,37.09,0.092,0.042,10,ready,8
2026-10-08 23:33:32.949,72.87,20261008_233220,jeb,recovery,2,601,manual,truth,76.7,,1,,,,0,37.04,0.087,0.043,10,ready,8
2026-10-08 23:33:33.271,73.19,20261008_233220,jeb,recovery,2,601,manual,truth,78.6,,1,,,,0,37.05,0.081,0.043,10,ready,8
2026-10-08 23:33:33.345,73.26,20261008_233220,jeb,recovery,2,601,manual,truth,78.6,,1,,,,0,37.06,0.081,0.041,9,ready,8
2026-10-08 23:33:33.558,73.48,20261008_233220,jeb,recovery,2,601,manual,truth,78.6,,1,,,,0,37.07,0.08,0.042,9,ready,9
2026-10-08 23:33:33.760,73.68,20261008_233220,jeb,recovery,2,601,manual,truth,78.6,,1,,,,0,37.07,0.091,0.044,9,ready,8
2026-10-08 23:33:33.962,73.88,20261008_233220,jeb,recovery,2,601,manual,truth,78.6,,1,,,,0,37.01,0.09,0.054,9,ready,8
2026-10-08 23:33:34.166,74.09,20261008_233220,jeb,recovery,2,601,manual,truth,78.6,,1,,,,0,37.03,0.09,0.051,9,ready,8
2026-10-08 23:33:34.381,74.3,20261008_233220,jeb,recovery,2,601,manual,truth,78.6,,1,,,,0,37.04,0.105,0.053,9,ready,8
2026-10-08 23:33:34.596,74.52,20261008_233220,jeb,rest,,,,,78.6,,1,,,,0,37.06,0.098,0.058,9,ready,8
2026-10-08 23:33:34.793,74.71,20261008_233220,jeb,rest,,,,,83.5,84.3,1,,,,0,37.07,0.096,0.055,10,ready,8
2026-10-08 23:33:34.990,74.91,20261008_233220,jeb,rest,,,,,83.5,84.3,1,,,,0,37.08,0.102,0.054,11,ready,8
2026-10-08 23:33:35.194,75.11,20261008_233220,jeb,rest,,,,,83.5,84.3,1,,,,0,37.09,0.11,0.057,11,ready,8
2026-10-08 23:33:35.597,75.52,20261008_233220,jeb,rest,,,,,83.5,84.3,1,,,,0,37.1,0.214,0.098,13,ready,8
2026-10-08 23:33:35.611,75.53,20261008_233220,jeb,rest,,,,,78.6,86.2,1,,,,0,37.11,0.22,0.127,13,ready,8
2026-10-08 23:33:35.814,75.73,20261008_233220,jeb,rest,,,,,78.6,86.2,1,,,,0,37.12,0.202,0.117,13,ready,8
2026-10-08 23:33:36.020,75.94,20261008_233220,jeb,rest,,,,,78.6,86.2,1,,,,0,37.13,0.186,0.106,13,ready,8
2026-10-08 23:33:36.224,76.14,20261008_233220,jeb,rest,,,,,78.6,86.2,1,,,,0,37.13,0.17,0.097,13,ready,8
2026-10-08 23:33:36.441,76.36,20261008_233220,jeb,rest,,,,,78.6,86.2,1,,,,0,37.14,0.186,0.093,13,ready,8
2026-10-08 23:33:36.638,76.56,20261008_233220,jeb,rest,,,,,78.6,86.2,1,,,,0,37.14,0.252,0.091,13,ready,8
2026-10-08 23:33:36.855,76.78,20261008_233220,jeb,rest,,,,,78.6,86.2,1,,,,0,37.15,0.236,0.092,13,ready,8
2026-10-08 23:33:37.056,76.98,20261008_233220,jeb,rest,,,,,78.6,86.2,1,,,,0,37.14,0.218,0.095,13,ready,8
2026-10-08 23:33:37.253,77.17,20261008_233220,jeb,rest,,,,,78.6,86.2,1,,,,0,37.15,0.252,0.123,14,ready,8
2026-10-08 23:33:37.453,77.37,20261008_233220,jeb,rest,,,,,78.6,86.2,1,,,,0,37.16,0.291,0.15,14,ready,9
2026-10-08 23:33:37.652,77.57,20261008_233220,jeb,rest,,,,,78.6,86.2,1,,,,0,37.17,0.266,0.144,15,ready,9
2026-10-08 23:33:37.858,77.78,20261008_233220,jeb,rest,,,,,78.6,86.2,1,,,,0,37.17,0.247,0.137,15,ready,9
2026-10-08 23:33:38.057,77.98,20261008_233220,jeb,rest,,,,,78.6,86.2,1,,,,0,37.17,0.243,0.128,15,ready,9
2026-10-08 23:33:38.258,78.18,20261008_233220,jeb,rest,,,,,77.9,86.2,1,,,,0,37.14,0.202,0.109,14,ready,8
2026-10-08 23:33:38.455,78.37,20261008_233220,jeb,rest,,,,,77.9,86.2,1,,,,0,37.14,0.183,0.1,14,ready,8
2026-10-08 23:33:38.663,78.58,20261008_233220,jeb,rest,,,,,77.9,115.0,1,,,,0,37.15,0.166,0.091,13,ready,8
2026-10-08 23:33:38.863,78.78,20261008_233220,jeb,rest,,,,,77.9,115.0,1,,,,0,37.16,0.152,0.083,13,ready,8
2026-10-08 23:33:39.069,78.99,20261008_233220,jeb,rest,,,,,77.9,115.0,1,,,,0,37.16,0.14,0.081,12,ready,8
2026-10-08 23:33:39.274,79.19,20261008_233220,jeb,rest,,,,,77.9,115.0,1,,,,0,37.16,0.13,0.075,12,ready,8
2026-10-08 23:33:39.474,79.39,20261008_233220,jeb,rest,,,,,73.9,122.3,1,,,,0,37.17,0.118,0.068,11,ready,8
2026-10-08 23:33:39.673,79.59,20261008_233220,jeb,rest,,,,,73.9,122.3,1,,,,0,37.17,0.109,0.063,10,ready,9
2026-10-08 23:33:39.875,79.79,20261008_233220,jeb,rest,,,,,73.9,122.3,1,,,,0,37.18,0.105,0.06,10,ready,9
2026-10-08 23:33:40.074,79.99,20261008_233220,jeb,rest,,,,,73.9,122.3,1,,,,0,37.18,0.113,0.063,9,ready,9
2026-10-08 23:33:40.304,80.22,20261008_233220,jeb,rest,,,,,73.9,122.3,1,,,,0,37.18,0.104,0.061,9,ready,9
2026-10-08 23:33:40.495,80.41,20261008_233220,jeb,rest,,,,,73.9,122.3,1,,,,0,37.19,0.099,0.057,8,ready,9
2026-10-08 23:33:40.695,80.61,20261008_233220,jeb,question,3,602,manual,lie,73.9,122.3,1,,,,0,37.19,0.1,0.054,8,question,9
2026-10-08 23:33:40.905,80.82,20261008_233220,jeb,question,3,602,manual,lie,73.9,122.3,1,,,,0,37.19,0.153,0.061,8,question,9
2026-10-08 23:33:41.106,81.03,20261008_233220,jeb,question,3,602,manual,lie,73.9,122.3,1,,,,0,37.2,0.176,0.097,8,question,9
2026-10-08 23:33:41.314,81.23,20261008_233220,jeb,question,3,602,manual,lie,73.9,122.3,1,,,,0,37.2,0.214,0.12,8,question,9
2026-10-08 23:33:41.520,81.44,20261008_233220,jeb,question,3,602,manual,lie,73.9,122.3,1,,,,0,37.2,0.211,0.11,9,question,9
2026-10-08 23:33:41.722,81.64,20261008_233220,jeb,question,3,602,manual,lie,73.9,122.3,1,,,,0,37.2,0.2,0.101,9,question,9
2026-10-08 23:33:41.929,81.85,20261008_233220,jeb,question,3,602,manual,lie,73.9,122.3,1,,,,0,37.21,0.193,0.094,9,question,9
2026-10-08 23:33:42.136,82.06,20261008_233220,jeb,question,3,602,manual,lie,73.9,122.3,1,,,,0,37.21,0.177,0.086,9,question,9
2026-10-08 23:33:42.337,82.26,20261008_233220,jeb,question,3,602,manual,lie,73.9,122.3,1,,,,0,37.21,0.161,0.078,9,question,9
2026-10-08 23:33:42.543,82.46,20261008_233220,jeb,question,3,602,manual,lie,73.9,122.3,1,,,,0,37.22,0.154,0.073,9,question,9
2026-10-08 23:33:42.755,82.67,20261008_233220,jeb,question,3,602,manual,lie,73.9,122.3,1,,,,0,37.22,0.144,0.072,8,question,8
2026-10-08 23:33:42.956,82.88,20261008_233220,jeb,question,3,602,manual,lie,73.9,122.3,1,,,,0,37.22,0.135,0.073,8,question,9
2026-10-08 23:33:43.162,83.08,20261008_233220,jeb,question,3,602,manual,lie,73.9,122.3,1,,,,0,37.22,0.123,0.066,8,question,9
2026-10-08 23:33:43.372,83.29,20261008_233220,jeb,question,3,602,manual,lie,73.9,122.3,1,,,,0,37.22,0.113,0.062,8,question,9
2026-10-08 23:33:43.574,83.49,20261008_233220,jeb,question,3,602,manual,lie,73.9,122.3,1,,,,0,37.22,0.103,0.056,8,question,9
2026-10-08 23:33:43.786,83.71,20261008_233220,jeb,question,3,602,manual,lie,73.9,122.3,1,,,,0,37.22,0.1,0.052,7,question,9
2026-10-08 23:33:43.989,83.91,20261008_233220,jeb,question,3,602,manual,lie,73.9,122.3,1,,,,0,37.22,0.093,0.048,7,question,9
2026-10-08 23:33:44.196,84.12,20261008_233220,jeb,question,3,602,manual,lie,73.9,122.3,1,,,,0,37.22,0.091,0.047,7,question,9
2026-10-08 23:33:44.401,84.32,20261008_233220,jeb,question,3,602,manual,lie,73.9,122.3,1,,,,0,37.22,0.085,0.046,7,question,9
2026-10-08 23:33:44.609,84.53,20261008_233220,jeb,question,3,602,manual,lie,73.9,122.3,1,,,,0,37.22,0.079,0.042,7,question,9
2026-10-08 23:33:44.812,84.73,20261008_233220,jeb,question,3,602,manual,lie,73.9,122.3,1,,,,0,37.22,0.081,0.041,7,question,9
2026-10-08 23:33:45.023,84.94,20261008_233220,jeb,question,3,602,manual,lie,73.9,122.3,1,,,,0,37.22,0.076,0.039,7,question,9
2026-10-08 23:33:45.222,85.14,20261008_233220,jeb,question,3,602,manual,lie,73.9,122.3,1,,,,0,37.22,0.071,0.036,7,question,9
2026-10-08 23:33:45.427,85.35,20261008_233220,jeb,question,3,602,manual,lie,89.6,132.1,1,,,,0,37.23,0.065,0.033,9,question,9
2026-10-08 23:33:45.635,85.55,20261008_233220,jeb,question,3,602,manual,lie,89.6,132.1,1,,,,0,37.23,0.06,0.03,10,question,9
2026-10-08 23:33:45.837,85.76,20261008_233220,jeb,question,3,602,manual,lie,89.6,132.1,1,,,,0,37.23,0.055,0.031,12,question,9
2026-10-08 23:33:46.044,85.96,20261008_233220,jeb,question,3,602,manual,lie,89.6,132.1,1,,,,0,37.23,0.051,0.03,13,question,9
2026-10-08 23:33:46.251,86.17,20261008_233220,jeb,question,3,602,manual,lie,89.6,132.9,1,,,,0,37.23,0.067,0.031,14,question,9
2026-10-08 23:33:46.457,86.38,20261008_233220,jeb,question,3,602,manual,lie,89.6,132.9,1,,,,0,37.23,0.101,0.035,15,question,9
2026-10-08 23:33:46.661,86.58,20261008_233220,jeb,question,3,602,manual,lie,89.6,132.9,1,,,,0,37.22,0.096,0.033,16,question,9
2026-10-08 23:33:46.861,86.78,20261008_233220,jeb,question,3,602,manual,lie,89.6,132.9,1,,,,0,37.23,0.094,0.031,17,question,8
2026-10-08 23:33:47.070,86.99,20261008_233220,jeb,question,3,602,manual,lie,89.6,130.9,1,,,,0,37.23,0.089,0.03,17,question,8
2026-10-08 23:33:47.277,87.2,20261008_233220,jeb,question,3,602,manual,lie,89.6,130.9,1,,,,0,37.23,0.082,0.03,18,question,8
2026-10-08 23:33:47.632,87.55,20261008_233220,jeb,question,3,602,manual,lie,89.6,130.9,1,,,,0,37.23,0.076,0.027,18,question,8
2026-10-08 23:33:47.691,87.61,20261008_233220,jeb,question,3,602,manual,lie,100.6,121.3,1,,,,0,37.23,0.069,0.025,21,question,8
2026-10-08 23:33:47.893,87.81,20261008_233220,jeb,question,3,602,manual,lie,100.6,121.3,1,,,,0,37.23,0.063,0.023,23,question,8
2026-10-08 23:33:48.187,88.11,20261008_233220,jeb,question,3,602,manual,lie,100.6,121.3,1,,,,0,37.23,0.058,0.022,25,question,8
2026-10-08 23:33:48.306,88.23,20261008_233220,jeb,question,3,602,manual,lie,89.6,132.5,1,,,,0,37.23,0.057,0.023,24,question,8
2026-10-08 23:33:48.512,88.43,20261008_233220,jeb,question,3,602,manual,lie,89.6,132.5,1,,,,0,37.23,0.052,0.021,23,question,8
2026-10-08 23:33:48.721,88.64,20261008_233220,jeb,question,3,602,manual,lie,89.6,132.5,1,,,,0,37.23,0.049,0.02,22,question,8
2026-10-08 23:33:48.927,88.85,20261008_233220,jeb,question,3,602,manual,lie,95.7,133.0,1,,,,0,37.23,0.052,0.027,22,question,8
2026-10-08 23:33:49.139,89.06,20261008_233220,jeb,question,3,602,manual,lie,95.7,133.0,1,,,,0,37.23,0.067,0.036,23,question,8
2026-10-08 23:33:49.341,89.26,20261008_233220,jeb,question,3,602,manual,lie,95.7,133.0,1,,,,0,37.24,0.091,0.047,24,question,8
2026-10-08 23:33:49.549,89.47,20261008_233220,jeb,question,3,602,manual,lie,95.7,133.0,1,,,,0,37.24,0.104,0.057,25,question,8
2026-10-08 23:33:49.752,89.67,20261008_233220,jeb,question,3,602,manual,lie,95.7,142.7,1,,,,0,37.24,0.107,0.073,26,question,8
2026-10-08 23:33:49.960,89.88,20261008_233220,jeb,question,3,602,manual,lie,95.7,142.7,1,,,,0,37.24,0.103,0.072,26,question,8
2026-10-08 23:33:50.169,90.09,20261008_233220,jeb,question,3,602,manual,lie,95.7,142.7,1,,,,0,37.24,0.095,0.067,27,question,8
2026-10-08 23:33:50.373,90.29,20261008_233220,jeb,question,3,602,manual,lie,90.8,141.5,1,,,,0,37.24,0.09,0.064,26,question,9
2026-10-08 23:33:50.586,90.51,20261008_233220,jeb,question,3,602,manual,lie,90.8,141.5,1,,,,0,37.24,0.083,0.059,25,question,9
2026-10-08 23:33:50.786,90.71,20261008_233220,jeb,question,3,602,manual,lie,90.8,141.5,1,,,,0,37.24,0.076,0.055,24,question,9
2026-10-08 23:33:50.992,90.91,20261008_233220,jeb,question,3,602,manual,lie,90.8,141.5,1,,,,0,37.26,0.07,0.051,23,question,9
2026-10-08 23:33:51.202,91.12,20261008_233220,jeb,question,3,602,manual,lie,87.4,123.7,1,,,,0,37.26,0.068,0.052,22,question,8
2026-10-08 23:33:51.407,91.33,20261008_233220,jeb,question,3,602,manual,lie,87.4,123.7,1,,,,0,37.26,0.071,0.049,21,question,8
2026-10-08 23:33:51.622,91.54,20261008_233220,jeb,question,3,602,manual,lie,87.4,123.7,1,,,,0,37.26,0.067,0.051,20,question,8
2026-10-08 23:33:51.825,91.74,20261008_233220,jeb,question,3,602,manual,lie,87.4,123.7,1,,,,0,37.26,0.063,0.054,19,question,8
2026-10-08 23:33:52.028,91.95,20261008_233220,jeb,question,3,602,manual,lie,82.5,110.5,1,,,,0,37.26,0.076,0.073,18,question,8
2026-10-08 23:33:52.232,92.15,20261008_233220,jeb,question,3,602,manual,lie,82.5,110.5,1,,,,0,37.26,0.089,0.097,17,question,8
2026-10-08 23:33:52.444,92.36,20261008_233220,jeb,question,3,602,manual,lie,82.5,110.5,1,,,,0,37.26,0.151,0.123,16,question,8
2026-10-08 23:33:52.653,92.57,20261008_233220,jeb,recovery,3,602,manual,lie,82.5,110.5,1,,,,0,37.27,0.158,0.116,16,ready,8
2026-10-08 23:33:52.860,92.78,20261008_233220,jeb,recovery,3,602,manual,lie,82.5,110.5,1,,,,0,37.27,0.151,0.106,16,ready,8
2026-10-08 23:33:53.057,92.98,20261008_233220,jeb,recovery,3,602,manual,lie,79.4,121.3,1,,,,0,37.27,0.141,0.098,15,ready,8
2026-10-08 23:33:53.266,93.19,20261008_233220,jeb,recovery,3,602,manual,lie,79.4,121.3,1,,,,0,37.27,0.133,0.091,14,ready,8
2026-10-08 23:33:53.472,93.39,20261008_233220,jeb,recovery,3,602,manual,lie,79.4,121.3,1,,,,0,37.16,0.13,0.083,14,ready,8
2026-10-08 23:33:53.680,93.6,20261008_233220,jeb,recovery,3,602,manual,lie,79.4,121.3,1,,,,0,37.16,0.12,0.076,13,ready,8
2026-10-08 23:33:53.887,93.81,20261008_233220,jeb,recovery,3,602,manual,lie,79.4,121.3,1,,,,0,37.17,0.11,0.071,13,ready,8
2026-10-08 23:33:54.097,94.02,20261008_233220,jeb,recovery,3,602,manual,lie,79.4,121.3,1,,,,0,37.18,0.1,0.065,12,ready,8
2026-10-08 23:33:54.300,94.22,20261008_233220,jeb,recovery,3,602,manual,lie,79.4,121.3,1,,,,0,37.19,0.094,0.062,12,ready,8
2026-10-08 23:33:54.506,94.43,20261008_233220,jeb,recovery,3,602,manual,lie,79.4,121.3,1,,,,0,37.21,0.094,0.057,11,ready,8
2026-10-08 23:33:54.716,94.64,20261008_233220,jeb,recovery,3,602,manual,lie,79.4,121.3,1,,,,0,37.22,0.108,0.054,11,ready,8
2026-10-08 23:33:54.919,94.84,20261008_233220,jeb,recovery,3,602,manual,lie,79.4,121.3,1,,,,0,37.22,0.114,0.055,11,ready,8
2026-10-08 23:33:55.120,95.04,20261008_233220,jeb,recovery,3,602,manual,lie,79.4,121.3,1,,,,0,37.22,0.108,0.056,11,ready,8
2026-10-08 23:33:55.318,95.24,20261008_233220,jeb,recovery,3,602,manual,lie,79.4,121.3,1,,,,0,37.23,0.102,0.052,11,ready,8
2026-10-08 23:33:55.522,95.44,20261008_233220,jeb,recovery,3,602,manual,lie,79.4,121.3,1,,,,0,37.23,0.099,0.048,11,ready,8
2026-10-08 23:33:55.733,95.65,20261008_233220,jeb,recovery,3,602,manual,lie,79.4,162.4,1,,,,0,37.23,0.095,0.045,10,ready,8
2026-10-08 23:33:55.932,95.85,20261008_233220,jeb,recovery,3,602,manual,lie,79.4,162.4,1,,,,0,37.24,0.091,0.045,10,ready,8
2026-10-08 23:33:56.140,96.06,20261008_233220,jeb,rest,,,,,79.4,162.4,1,,,,0,37.24,0.084,0.043,10,ready,8
2026-10-08 23:33:56.337,96.26,20261008_233220,jeb,rest,,,,,79.4,162.4,1,,,,0,37.24,0.078,0.04,10,ready,8
2026-10-08 23:33:56.541,96.46,20261008_233220,jeb,rest,,,,,79.4,162.4,1,,,,0,37.25,0.072,0.036,10,ready,8
2026-10-08 23:33:56.748,96.67,20261008_233220,jeb,rest,,,,,79.4,162.4,1,,,,0,37.25,0.069,0.037,10,ready,8
2026-10-08 23:33:56.956,96.88,20261008_233220,jeb,rest,,,,,79.4,162.4,1,,,,0,37.25,0.126,0.036,10,ready,9
2026-10-08 23:33:57.163,97.08,20261008_233220,jeb,rest,,,,,79.4,162.4,1,,,,0,37.25,0.147,0.042,10,ready,9
2026-10-08 23:33:57.369,97.29,20261008_233220,jeb,rest,,,,,79.4,162.4,1,,,,0,37.25,0.144,0.052,10,ready,9
2026-10-08 23:33:57.580,97.5,20261008_233220,jeb,rest,,,,,79.4,162.4,1,,,,0,37.28,0.134,0.056,11,ready,9
2026-10-08 23:33:57.783,97.7,20261008_233220,jeb,rest,,,,,79.4,162.4,1,,,,0,37.22,0.124,0.054,11,ready,8
2026-10-08 23:33:57.997,97.92,20261008_233220,jeb,question,4,603,manual,truth,79.4,162.4,1,,,,0,37.23,0.115,0.049,11,question,8
2026-10-08 23:33:58.192,98.11,20261008_233220,jeb,question,4,603,manual,truth,63.7,162.4,1,,,,0,37.23,0.106,0.047,10,question,8
2026-10-08 23:33:58.388,98.31,20261008_233220,jeb,question,4,603,manual,truth,63.7,162.4,1,,,,0,37.24,0.097,0.043,9,question,8
2026-10-08 23:33:58.599,98.52,20261008_233220,jeb,question,4,603,manual,truth,63.7,162.4,1,,,,0,37.24,0.089,0.039,8,question,8
2026-10-08 23:33:58.808,98.73,20261008_233220,jeb,question,4,603,manual,truth,63.7,162.4,1,,,,0,37.25,0.083,0.036,7,question,8
2026-10-08 23:33:59.021,98.94,20261008_233220,jeb,question,4,603,manual,truth,63.7,162.4,1,,,,0,37.26,0.08,0.035,7,question,8
2026-10-08 23:33:59.219,99.14,20261008_233220,jeb,question,4,603,manual,truth,63.7,162.4,1,,,,0,37.26,0.082,0.034,7,question,8
2026-10-08 23:33:59.435,99.35,20261008_233220,jeb,question,4,603,manual,truth,63.7,162.4,1,,,,0,37.2,0.077,0.032,6,question,8
2026-10-08 23:33:59.631,99.55,20261008_233220,jeb,question,4,603,manual,truth,63.7,162.4,1,,,,0,37.21,0.072,0.029,6,question,8
2026-10-08 23:33:59.838,99.76,20261008_233220,jeb,question,4,603,manual,truth,63.7,162.4,1,,,,0,37.21,0.067,0.027,6,question,8
2026-10-08 23:34:00.039,99.96,20261008_233220,jeb,question,4,603,manual,truth,63.7,162.4,1,,,,0,37.22,0.064,0.026,5,question,8
2026-10-08 23:34:00.250,100.17,20261008_233220,jeb,question,4,603,manual,truth,63.7,172.2,1,,,,0,37.22,0.09,0.026,5,question,8
2026-10-08 23:34:00.452,100.37,20261008_233220,jeb,question,4,603,manual,truth,63.7,172.2,1,,,,0,37.23,0.085,0.026,5,question,8
2026-10-08 23:34:00.664,100.58,20261008_233220,jeb,question,4,603,manual,truth,63.7,172.2,1,,,,0,37.24,0.078,0.024,5,question,8
2026-10-08 23:34:00.882,100.8,20261008_233220,jeb,question,4,603,manual,truth,63.7,172.2,1,,,,0,37.24,0.073,0.022,5,question,8
2026-10-08 23:34:01.073,100.99,20261008_233220,jeb,question,4,603,manual,truth,63.7,172.2,1,,,,0,37.25,0.068,0.021,5,question,8
2026-10-08 23:34:01.281,101.2,20261008_233220,jeb,question,4,603,manual,truth,63.7,172.2,1,,,,0,37.25,0.065,0.02,5,question,8
2026-10-08 23:34:01.488,101.41,20261008_233220,jeb,question,4,603,manual,truth,63.7,172.2,1,,,,0,37.26,0.068,0.027,5,question,8
2026-10-08 23:34:01.700,101.62,20261008_233220,jeb,question,4,603,manual,truth,72.7,174.2,1,,,,0,37.26,0.066,0.026,5,question,8
2026-10-08 23:34:01.899,101.82,20261008_233220,jeb,question,4,603,manual,truth,72.7,174.2,1,,,,0,37.27,0.069,0.029,5,question,9
2026-10-08 23:34:02.114,102.03,20261008_233220,jeb,question,4,603,manual,truth,72.7,174.2,1,,,,0,37.22,0.065,0.028,5,question,9
2026-10-08 23:34:02.316,102.24,20261008_233220,jeb,question,4,603,manual,truth,77.9,172.8,1,,,,0,37.23,0.062,0.028,6,question,9
2026-10-08 23:34:02.521,102.44,20261008_233220,jeb,question,4,603,manual,truth,77.9,172.8,1,,,,0,37.23,0.059,0.026,6,question,9
2026-10-08 23:34:02.727,102.65,20261008_233220,jeb,question,4,603,manual,truth,77.9,172.8,1,,,,0,37.24,0.058,0.024,6,question,9
2026-10-08 23:34:02.930,102.85,20261008_233220,jeb,question,4,603,manual,truth,77.9,172.8,1,,,,0,37.25,0.054,0.026,7,question,9
2026-10-08 23:34:03.135,103.06,20261008_233220,jeb,question,4,603,manual,truth,72.7,163.2,1,,,,0,37.25,0.051,0.025,6,question,9
2026-10-08 23:34:03.353,103.27,20261008_233220,jeb,question,4,603,manual,truth,72.7,163.2,1,,,,0,37.25,0.046,0.024,6,question,9
2026-10-08 23:34:03.547,103.47,20261008_233220,jeb,question,4,603,manual,truth,72.7,163.2,1,,,,0,37.27,0.043,0.022,6,question,9
2026-10-08 23:34:03.755,103.67,20261008_233220,jeb,question,4,603,manual,truth,77.9,179.7,1,,,,0,37.27,0.042,0.025,6,question,9
2026-10-08 23:34:03.960,103.88,20261008_233220,jeb,question,4,603,manual,truth,77.9,179.7,1,,,,0,37.27,0.046,0.027,6,question,9
2026-10-08 23:34:04.170,104.09,20261008_233220,jeb,question,4,603,manual,truth,77.9,179.7,1,,,,0,37.28,0.046,0.026,7,question,9
2026-10-08 23:34:04.380,104.3,20261008_233220,jeb,question,4,603,manual,truth,77.9,179.7,1,,,,0,37.28,0.045,0.025,7,question,9
2026-10-08 23:34:04.577,104.5,20261008_233220,jeb,question,4,603,manual,truth,77.9,179.7,1,,,,0,37.28,0.042,0.022,7,question,9
2026-10-08 23:34:04.787,104.71,20261008_233220,jeb,question,4,603,manual,truth,77.9,224.4,1,,,,0,37.29,0.041,0.023,7,question,9
2026-10-08 23:34:04.998,104.92,20261008_233220,jeb,question,4,603,manual,truth,77.9,224.4,1,,,,0,37.29,0.046,0.022,7,question,9
2026-10-08 23:34:05.198,105.12,20261008_233220,jeb,question,4,603,manual,truth,77.9,224.4,1,,,,0,37.29,0.063,0.028,7,question,9
2026-10-08 23:34:05.407,105.33,20261008_233220,jeb,question,4,603,manual,truth,79.0,259.3,1,,,,0,37.29,0.06,0.028,7,question,9
2026-10-08 23:34:05.617,105.54,20261008_233220,jeb,question,4,603,manual,truth,79.0,259.3,1,,,,0,37.29,0.056,0.026,8,question,9
2026-10-08 23:34:05.816,105.74,20261008_233220,jeb,question,4,603,manual,truth,79.0,259.3,1,,,,0,37.3,0.053,0.024,8,question,9
2026-10-08 23:34:06.029,105.95,20261008_233220,jeb,question,4,603,manual,truth,96.8,249.6,1,,,,0,37.3,0.052,0.024,11,question,9
2026-10-08 23:34:06.232,106.15,20261008_233220,jeb,question,4,603,manual,truth,96.8,249.6,1,,,,0,37.25,0.055,0.031,14,question,9
2026-10-08 23:34:06.436,106.36,20261008_233220,jeb,question,4,603,manual,truth,96.8,249.6,1,,,,0,37.25,0.072,0.037,17,question,9
2026-10-08 23:34:06.647,106.57,20261008_233220,jeb,question,4,603,manual,truth,98.7,234.5,1,,,,0,37.21,0.066,0.034,19,question,8
2026-10-08 23:34:06.856,106.78,20261008_233220,jeb,question,4,603,manual,truth,98.7,234.5,1,,,,0,37.22,0.061,0.032,22,question,8
2026-10-08 23:34:07.065,106.98,20261008_233220,jeb,question,4,603,manual,truth,98.7,234.5,1,,,,0,37.23,0.059,0.03,23,question,8
2026-10-08 23:34:07.268,107.19,20261008_233220,jeb,question,4,603,manual,truth,98.7,234.5,1,,,,0,37.25,0.061,0.029,25,question,8
2026-10-08 23:34:07.479,107.4,20261008_233220,jeb,question,4,603,manual,truth,98.7,234.5,1,,,,0,37.26,0.062,0.028,26,question,8
2026-10-08 23:34:07.682,107.6,20261008_233220,jeb,question,4,603,manual,truth,98.7,234.5,1,,,,0,37.27,0.058,0.027,27,question,8
2026-10-08 23:34:07.887,107.81,20261008_233220,jeb,question,4,603,manual,truth,98.7,234.5,1,,,,0,37.29,0.055,0.025,27,question,9
2026-10-08 23:34:08.095,108.01,20261008_233220,jeb,question,4,603,manual,truth,98.7,234.5,1,,,,0,37.29,0.066,0.027,28,question,9
2026-10-08 23:34:08.307,108.23,20261008_233220,jeb,question,4,603,manual,truth,98.7,234.5,1,,,,0,37.3,0.062,0.024,29,question,9
2026-10-08 23:34:08.513,108.43,20261008_233220,jeb,question,4,603,manual,truth,96.9,212.4,1,,,,0,37.32,0.06,0.028,29,question,9
2026-10-08 23:34:08.745,108.67,20261008_233220,jeb,question,4,603,manual,truth,96.9,212.4,1,,,,0,37.32,0.06,0.028,28,question,9
2026-10-08 23:34:08.922,108.84,20261008_233220,jeb,question,4,603,manual,truth,96.9,212.4,1,,,,0,37.32,0.056,0.026,28,question,9
2026-10-08 23:34:09.147,109.07,20261008_233220,jeb,question,4,603,manual,truth,96.9,212.4,1,,,,0,37.33,0.052,0.025,28,question,9
2026-10-08 23:34:09.333,109.25,20261008_233220,jeb,question,4,603,manual,truth,96.9,212.4,1,,,,0,37.33,0.048,0.025,28,question,9
2026-10-08 23:34:09.537,109.46,20261008_233220,jeb,question,4,603,manual,truth,96.9,212.4,1,,,,0,37.34,0.061,0.027,28,question,9
2026-10-08 23:34:09.742,109.66,20261008_233220,jeb,recovery,4,603,manual,truth,96.9,212.4,1,,,,0,37.34,0.065,0.027,28,ready,9
2026-10-08 23:34:09.947,109.87,20261008_233220,jeb,recovery,4,603,manual,truth,96.9,212.4,1,,,,0,37.34,0.067,0.028,28,ready,9
2026-10-08 23:34:10.155,110.07,20261008_233220,jeb,recovery,4,603,manual,truth,96.9,212.4,1,,,,0,37.35,0.077,0.029,28,ready,9
2026-10-08 23:34:10.361,110.28,20261008_233220,jeb,recovery,4,603,manual,truth,96.9,212.4,1,,,,0,37.35,0.074,0.028,28,ready,9
2026-10-08 23:34:10.579,110.5,20261008_233220,jeb,recovery,4,603,manual,truth,98.7,212.4,1,,,,0,37.35,0.071,0.029,29,ready,9
2026-10-08 23:34:10.787,110.71,20261008_233220,jeb,recovery,4,603,manual,truth,98.7,212.4,1,,,,0,37.36,0.069,0.029,30,ready,9
2026-10-08 23:34:10.978,110.9,20261008_233220,jeb,recovery,4,603,manual,truth,98.7,212.4,1,,,,0,37.36,0.063,0.027,30,ready,9
2026-10-08 23:34:11.183,111.1,20261008_233220,jeb,recovery,4,603,manual,truth,98.7,212.4,1,,,,0,37.35,0.059,0.026,30,ready,9
2026-10-08 23:34:11.398,111.32,20261008_233220,jeb,recovery,4,603,manual,truth,98.7,212.4,1,,,,0,37.31,0.055,0.024,30,ready,9
2026-10-08 23:34:11.597,111.52,20261008_233220,jeb,recovery,4,603,manual,truth,102.4,212.4,1,,,,0,37.32,0.051,0.022,31,ready,9
2026-10-08 23:34:11.800,111.72,20261008_233220,jeb,recovery,4,603,manual,truth,102.4,212.4,1,,,,0,37.33,0.057,0.022,32,ready,9
2026-10-08 23:34:11.998,111.92,20261008_233220,jeb,recovery,4,603,manual,truth,102.4,212.4,1,,,,0,37.34,0.057,0.023,33,ready,9
2026-10-08 23:34:12.209,112.13,20261008_233220,jeb,recovery,4,603,manual,truth,102.4,212.4,1,,,,0,37.34,0.063,0.025,34,ready,9
2026-10-08 23:34:12.416,112.34,20261008_233220,jeb,recovery,4,603,manual,truth,102.4,212.4,1,,,,0,37.35,0.061,0.026,35,ready,9
2026-10-08 23:34:12.625,112.54,20261008_233220,jeb,recovery,4,603,manual,truth,102.4,212.4,1,,,,0,37.36,0.061,0.025,35,ready,9
2026-10-08 23:34:12.861,112.78,20261008_233220,jeb,recovery,4,603,manual,truth,102.4,212.4,1,,,,0,37.36,0.067,0.027,36,ready,9
2026-10-08 23:34:13.037,112.96,20261008_233220,jeb,recovery,4,603,manual,truth,102.4,212.4,1,,,,0,37.37,0.073,0.035,36,ready,9
2026-10-08 23:34:13.243,113.16,20261008_233220,jeb,rest,,,,,102.4,212.4,1,,,,0,37.38,0.07,0.035,37,ready,9
2026-10-08 23:34:13.448,113.37,20261008_233220,jeb,rest,,,,,102.4,212.4,1,,,,0,37.38,0.067,0.033,37,ready,9
2026-10-08 23:34:13.656,113.58,20261008_233220,jeb,rest,,,,,102.4,212.4,1,,,,0,37.39,0.063,0.031,37,ready,9
2026-10-08 23:34:13.865,113.78,20261008_233220,jeb,rest,,,,,102.4,212.4,1,,,,0,37.39,0.064,0.031,37,ready,9
2026-10-08 23:34:14.075,113.99,20261008_233220,jeb,rest,,,,,102.4,212.4,1,,,,0,37.4,0.061,0.031,37,ready,9
2026-10-08 23:34:14.276,114.2,20261008_233220,jeb,rest,,,,,102.4,212.4,1,,,,0,37.4,0.061,0.04,37,ready,9
2026-10-08 23:34:14.485,114.4,20261008_233220,jeb,rest,,,,,102.4,212.4,1,,,,0,37.41,0.07,0.044,38,ready,9
2026-10-08 23:34:14.690,114.61,20261008_233220,jeb,rest,,,,,102.4,212.4,1,,,,0,37.41,0.067,0.041,38,ready,9
2026-10-08 23:34:14.900,114.82,20261008_233220,jeb,rest,,,,,96.9,229.4,1,,,,0,37.41,0.071,0.037,36,ready,9
2026-10-08 23:34:15.130,115.05,20261008_233220,jeb,rest,,,,,96.9,229.4,1,,,,0,37.42,0.077,0.036,35,ready,9
2026-10-08 23:34:15.320,115.24,20261008_233220,jeb,rest,,,,,96.9,229.4,1,,,,0,37.42,0.077,0.034,34,ready,9
2026-10-08 23:34:15.518,115.44,20261008_233220,jeb,recovery,5,604,manual,truth,96.9,229.4,1,,,,0,37.44,0.08,0.033,33,ready,9
2026-10-08 23:34:15.731,115.65,20261008_233220,jeb,question,5,604,manual,truth,96.9,229.4,1,,,,0,37.39,0.108,0.03,32,question,9
2026-10-08 23:34:15.935,115.85,20261008_233220,jeb,question,5,604,manual,truth,96.9,229.4,1,,,,0,37.4,0.111,0.031,32,question,9
2026-10-08 23:34:16.149,116.07,20261008_233220,jeb,question,5,604,manual,truth,96.9,229.4,1,,,,0,37.42,0.102,0.031,32,question,9
2026-10-08 23:34:16.348,116.27,20261008_233220,jeb,question,5,604,manual,truth,93.2,249.3,1,,,,0,37.42,0.102,0.039,31,question,9
2026-10-08 23:34:16.560,116.48,20261008_233220,jeb,question,5,604,manual,truth,93.2,249.3,1,,,,0,37.43,0.14,0.054,30,question,9
2026-10-08 23:34:16.762,116.68,20261008_233220,jeb,question,5,604,manual,truth,93.2,249.3,1,,,,0,37.43,0.139,0.067,30,question,9
2026-10-08 23:34:16.967,116.89,20261008_233220,jeb,question,5,604,manual,truth,90.7,225.7,1,,,,0,37.43,0.132,0.069,29,question,9
2026-10-08 23:34:17.167,117.09,20261008_233220,jeb,question,5,604,manual,truth,90.7,225.7,1,,,,0,37.44,0.12,0.066,28,question,9
2026-10-08 23:34:17.378,117.3,20261008_233220,jeb,question,5,604,manual,truth,90.7,225.7,1,,,,0,37.44,0.11,0.061,27,question,9
2026-10-08 23:34:17.580,117.5,20261008_233220,jeb,question,5,604,manual,truth,90.7,225.7,1,,,,0,37.43,0.101,0.056,26,question,9
2026-10-08 23:34:17.789,117.71,20261008_233220,jeb,question,5,604,manual,truth,86.4,159.2,1,,,,0,37.44,0.094,0.056,24,question,9
2026-10-08 23:34:17.992,117.91,20261008_233220,jeb,question,5,604,manual,truth,86.4,159.2,1,,,,0,37.44,0.086,0.051,22,question,9
2026-10-08 23:34:18.197,118.12,20261008_233220,jeb,question,5,604,manual,truth,86.4,159.2,1,,,,0,37.44,0.078,0.047,21,question,9
2026-10-08 23:34:18.402,118.32,20261008_233220,jeb,question,5,604,manual,truth,90.7,73.4,1,,,,0,37.44,0.072,0.043,21,question,9
2026-10-08 23:34:18.609,118.53,20261008_233220,jeb,question,5,604,manual,truth,90.7,73.4,1,,,,0,37.45,0.067,0.039,21,question,9
2026-10-08 23:34:18.815,118.73,20261008_233220,jeb,question,5,604,manual,truth,90.7,73.4,1,,,,0,37.45,0.061,0.035,20,question,9
2026-10-08 23:34:19.048,118.97,20261008_233220,jeb,question,5,604,manual,truth,90.7,73.4,1,,,,0,37.46,0.058,0.033,20,question,9
2026-10-08 23:34:19.266,119.19,20261008_233220,jeb,question,5,604,manual,truth,86.4,120.9,1,,,,0,37.46,0.057,0.03,19,question,9
2026-10-08 23:34:19.472,119.39,20261008_233220,jeb,question,5,604,manual,truth,86.4,120.9,1,,,,0,37.46,0.06,0.031,18,question,9
2026-10-08 23:34:19.667,119.59,20261008_233220,jeb,question,5,604,manual,truth,86.4,120.9,1,,,,0,37.47,0.116,0.039,18,question,9
2026-10-08 23:34:19.885,119.8,20261008_233220,jeb,question,5,604,manual,truth,86.4,120.9,1,,,,0,37.47,0.114,0.037,18,question,9
2026-10-08 23:34:20.084,120.0,20261008_233220,jeb,question,5,604,manual,truth,80.4,120.0,1,,,,0,37.44,0.111,0.034,17,question,9
2026-10-08 23:34:20.283,120.2,20261008_233220,jeb,question,5,604,manual,truth,80.4,120.0,1,,,,0,37.44,0.102,0.031,16,question,9
2026-10-08 23:34:20.504,120.42,20261008_233220,jeb,question,5,604,manual,truth,80.4,120.0,1,,,,0,37.45,0.095,0.029,15,question,9
2026-10-08 23:34:20.770,120.69,20261008_233220,jeb,question,5,604,manual,truth,80.4,120.0,1,,,,0,37.45,0.09,0.033,14,question,9
2026-10-08 23:34:20.923,120.84,20261008_233220,jeb,question,5,604,manual,truth,80.4,111.3,1,,,,0,37.45,0.087,0.033,13,question,9
2026-10-08 23:34:21.086,121.01,20261008_233220,jeb,question,5,604,manual,truth,80.4,111.3,1,,,,0,37.46,0.089,0.031,13,question,9
2026-10-08 23:34:21.317,121.24,20261008_233220,jeb,question,5,604,manual,truth,80.4,111.3,1,,,,0,37.46,0.085,0.03,12,question,9
2026-10-08 23:34:21.526,121.45,20261008_233220,jeb,question,5,604,manual,truth,80.4,111.3,1,,,,0,37.47,0.083,0.028,12,question,9
2026-10-08 23:34:21.740,121.66,20261008_233220,jeb,question,5,604,manual,truth,80.4,111.3,1,,,,0,37.47,0.078,0.026,12,question,9
2026-10-08 23:34:21.928,121.85,20261008_233220,jeb,question,5,604,manual,truth,80.4,111.3,1,,,,0,37.47,0.074,0.029,11,question,9
2026-10-08 23:34:22.132,122.05,20261008_233220,jeb,question,5,604,manual,truth,80.4,111.3,1,,,,0,37.48,0.083,0.029,11,question,9
2026-10-08 23:34:22.321,122.24,20261008_233220,jeb,question,5,604,manual,truth,80.4,111.3,1,,,,0,37.48,0.078,0.026,11,question,9
2026-10-08 23:34:24.360,124.28,20261008_233220,jeb,question,5,604,manual,truth,78.1,127.0,1,,,,0,37.5,0.071,0.037,9,question,9
2026-10-08 23:34:24.555,124.47,20261008_233220,jeb,question,5,604,manual,truth,78.1,127.0,1,,,,0,37.5,0.071,0.037,9,question,9
2026-10-08 23:34:24.758,124.68,20261008_233220,jeb,question,5,604,manual,truth,78.1,127.0,1,,,,0,37.51,0.068,0.041,9,question,9
2026-10-08 23:34:24.968,124.89,20261008_233220,jeb,question,5,604,manual,truth,78.1,127.0,1,,,,0,37.51,0.067,0.038,9,question,9
2026-10-08 23:34:25.175,125.09,20261008_233220,jeb,question,5,604,manual,truth,83.3,127.0,1,,,,0,37.51,0.07,0.038,9,question,9
2026-10-08 23:34:25.385,125.3,20261008_233220,jeb,question,5,604,manual,truth,83.3,127.0,1,,,,0,37.51,0.083,0.038,10,question,9
2026-10-08 23:34:25.581,125.5,20261008_233220,jeb,question,5,604,manual,truth,83.3,127.0,1,,,,0,37.47,0.08,0.042,10,question,9
2026-10-08 23:34:25.782,125.7,20261008_233220,jeb,question,5,604,manual,truth,95.4,120.1,1,,,,0,37.47,0.08,0.045,13,question,9
2026-10-08 23:34:25.990,125.91,20261008_233220,jeb,question,5,604,manual,truth,95.4,120.1,1,,,,0,37.47,0.077,0.045,16,question,9
2026-10-08 23:34:26.193,126.11,20261008_233220,jeb,question,5,604,manual,truth,95.4,120.1,1,,,,0,37.47,0.071,0.043,18,question,9
2026-10-08 23:34:26.400,126.32,20261008_233220,jeb,question,5,604,manual,truth,95.4,120.1,1,,,,0,37.48,0.122,0.044,20,question,9
2026-10-08 23:34:26.604,126.52,20261008_233220,jeb,question,5,604,manual,truth,95.4,125.7,1,,,,0,37.48,0.139,0.045,22,question,9
2026-10-08 23:34:26.809,126.73,20261008_233220,jeb,question,5,604,manual,truth,95.4,125.7,1,,,,0,37.48,0.13,0.043,24,question,9
2026-10-08 23:34:27.010,126.93,20261008_233220,jeb,question,5,604,manual,truth,95.4,125.7,1,,,,0,37.49,0.12,0.039,25,question,9
2026-10-08 23:34:27.220,127.14,20261008_233220,jeb,question,5,604,manual,truth,95.4,125.7,1,,,,0,37.49,0.11,0.037,25,question,9
2026-10-08 23:34:27.426,127.35,20261008_233220,jeb,recovery,5,604,manual,truth,80.6,126.6,1,,,,0,37.49,0.103,0.035,23,ready,9
2026-10-08 23:34:27.634,127.55,20261008_233220,jeb,recovery,5,604,manual,truth,80.6,126.6,1,,,,0,37.42,0.095,0.033,21,ready,9
2026-10-08 23:34:27.833,127.75,20261008_233220,jeb,recovery,5,604,manual,truth,80.6,126.6,1,,,,0,37.43,0.089,0.032,19,ready,9
2026-10-08 23:34:28.042,127.96,20261008_233220,jeb,recovery,5,604,manual,truth,80.6,126.6,1,,,,0,37.44,0.083,0.031,17,ready,9
2026-10-08 23:34:28.249,128.17,20261008_233220,jeb,recovery,5,604,manual,truth,80.6,126.6,1,,,,0,37.39,0.083,0.032,16,ready,8
2026-10-08 23:34:28.456,128.38,20261008_233220,jeb,rest,,,,,80.6,126.6,1,,,,0,37.4,0.083,0.032,15,ready,8
2026-10-08 23:34:28.663,128.58,20261008_233220,jeb,rest,,,,,80.6,126.6,1,,,,0,37.42,0.085,0.035,14,ready,8
2026-10-08 23:34:28.873,128.79,20261008_233220,jeb,rest,,,,,80.6,126.6,1,,,,0,37.43,0.081,0.032,13,ready,8
2026-10-08 23:34:29.077,129.0,20261008_233220,jeb,rest,,,,,80.6,126.6,1,,,,0,37.44,0.075,0.031,13,ready,8
2026-10-08 23:34:29.295,129.21,20261008_233220,jeb,rest,,,,,80.6,126.6,1,,,,0,37.45,0.07,0.03,12,ready,8
2026-10-08 23:34:29.492,129.41,20261008_233220,jeb,rest,,,,,80.6,126.6,1,,,,0,37.4,0.066,0.028,12,ready,8
2026-10-08 23:34:29.698,129.62,20261008_233220,jeb,rest,,,,,95.4,133.0,1,,,,0,37.42,0.061,0.026,14,ready,8
2026-10-08 23:34:29.961,129.88,20261008_233220,jeb,rest,,,,,95.4,133.0,1,,,,0,37.43,0.059,0.025,16,ready,8
2026-10-08 23:34:30.113,130.03,20261008_233220,jeb,rest,,,,,95.4,133.0,1,,,,0,37.44,0.056,0.023,18,ready,8
2026-10-08 23:34:30.318,130.24,20261008_233220,jeb,rest,,,,,95.4,133.0,1,,,,0,37.45,0.055,0.024,19,ready,8
2026-10-08 23:34:30.561,130.48,20261008_233220,jeb,rest,,,,,85.8,129.5,1,,,,0,37.46,0.058,0.024,18,ready,8
2026-10-08 23:34:30.724,130.64,20261008_233220,jeb,recovery,6,605,manual,lie,85.8,129.5,1,,,,0,37.47,0.055,0.023,17,ready,8
2026-10-08 23:34:30.939,130.86,20261008_233220,jeb,question,6,605,manual,lie,85.8,129.5,1,,,,0,37.48,0.05,0.021,17,question,8
2026-10-08 23:34:31.143,131.06,20261008_233220,jeb,question,6,605,manual,lie,85.8,129.5,1,,,,0,37.48,0.049,0.02,16,question,8
2026-10-08 23:34:31.343,131.26,20261008_233220,jeb,question,6,605,manual,lie,80.6,109.8,1,,,,0,37.43,0.048,0.018,15,question,8
2026-10-08 23:34:31.558,131.48,20261008_233220,jeb,question,6,605,manual,lie,80.6,109.8,1,,,,0,37.44,0.05,0.017,14,question,8
2026-10-08 23:34:31.767,131.69,20261008_233220,jeb,question,6,605,manual,lie,80.6,109.8,1,,,,0,37.45,0.052,0.018,13,question,8
2026-10-08 23:34:31.968,131.89,20261008_233220,jeb,question,6,605,manual,lie,80.6,109.8,1,,,,0,37.46,0.052,0.017,12,question,8
2026-10-08 23:34:32.177,132.1,20261008_233220,jeb,question,6,605,manual,lie,75.8,115.5,1,,,,0,37.47,0.054,0.019,11,question,8
2026-10-08 23:34:32.388,132.31,20261008_233220,jeb,question,6,605,manual,lie,75.8,115.5,1,,,,0,37.48,0.051,0.019,10,question,8
2026-10-08 23:34:32.602,132.52,20261008_233220,jeb,question,6,605,manual,lie,85.8,138.5,1,,,,0,37.49,0.058,0.022,10,question,8
2026-10-08 23:34:32.798,132.72,20261008_233220,jeb,question,6,605,manual,lie,85.8,138.5,1,,,,0,37.49,0.059,0.023,11,question,8
2026-10-08 23:34:32.997,132.92,20261008_233220,jeb,question,6,605,manual,lie,85.8,138.5,1,,,,0,37.5,0.056,0.023,12,question,8
2026-10-08 23:34:33.223,133.14,20261008_233220,jeb,question,6,605,manual,lie,85.8,144.6,1,,,,0,37.51,0.052,0.022,12,question,9
2026-10-08 23:34:33.407,133.33,20261008_233220,jeb,question,6,605,manual,lie,85.8,144.6,1,,,,0,37.5,0.05,0.024,12,question,9
2026-10-08 23:34:33.607,133.53,20261008_233220,jeb,question,6,605,manual,lie,85.8,144.6,1,,,,0,37.5,0.055,0.022,12,question,9
2026-10-08 23:34:33.861,133.78,20261008_233220,jeb,question,6,605,manual,lie,85.8,144.6,1,,,,0,37.51,0.05,0.021,13,question,9
2026-10-08 23:34:34.023,133.94,20261008_233220,jeb,question,6,605,manual,lie,85.8,144.6,1,,,,0,37.51,0.048,0.02,13,question,9
2026-10-08 23:34:34.249,134.17,20261008_233220,jeb,question,6,605,manual,lie,85.8,144.6,1,,,,0,37.52,0.106,0.043,13,question,9
2026-10-08 23:34:34.438,134.36,20261008_233220,jeb,question,6,605,manual,lie,85.8,144.6,1,,,,0,37.52,0.104,0.056,14,question,9
2026-10-08 23:34:34.638,134.56,20261008_233220,jeb,question,6,605,manual,lie,87.6,136.8,1,,,,0,37.53,0.098,0.071,14,question,9
2026-10-08 23:34:34.843,134.76,20261008_233220,jeb,question,6,605,manual,lie,87.6,136.8,1,,,,0,37.54,0.096,0.072,15,question,9
2026-10-08 23:34:35.051,134.97,20261008_233220,jeb,question,6,605,manual,lie,87.6,136.8,1,,,,0,37.54,0.102,0.077,15,question,9
2026-10-08 23:34:35.256,135.18,20261008_233220,jeb,question,6,605,manual,lie,105.5,131.3,1,,,,0,37.54,0.1,0.077,21,question,9
2026-10-08 23:34:35.462,135.38,20261008_233220,jeb,question,6,605,manual,lie,105.5,131.3,1,,,,0,37.49,0.104,0.086,26,question,9
2026-10-08 23:34:35.667,135.59,20261008_233220,jeb,question,6,605,manual,lie,105.5,131.3,1,,,,0,37.5,0.105,0.088,30,question,8
2026-10-08 23:34:35.873,135.79,20261008_233220,jeb,question,6,605,manual,lie,105.5,137.6,1,,,,0,37.51,0.113,0.083,33,question,9
2026-10-08 23:34:36.083,136.0,20261008_233220,jeb,question,6,605,manual,lie,105.5,137.6,1,,,,0,37.52,0.108,0.079,36,question,9
2026-10-08 23:34:36.298,136.22,20261008_233220,jeb,question,6,605,manual,lie,105.5,137.6,1,,,,0,37.52,0.11,0.074,38,question,9
2026-10-08 23:34:36.504,136.42,20261008_233220,jeb,question,6,605,manual,lie,120.3,155.1,1,,,,0,37.53,0.126,0.087,45,question,9
2026-10-08 23:34:36.719,136.64,20261008_233220,jeb,question,6,605,manual,lie,121.3,156.4,1,,,,0,37.54,0.121,0.081,51,question,9
2026-10-08 23:34:36.912,136.83,20261008_233220,jeb,question,6,605,manual,lie,121.3,156.4,1,,,,0,37.54,0.121,0.075,56,question,9
2026-10-08 23:34:37.112,137.03,20261008_233220,jeb,question,6,605,manual,lie,121.3,156.4,1,,,,0,37.54,0.118,0.088,59,question,9
2026-10-08 23:34:37.320,137.24,20261008_233220,jeb,question,6,605,manual,lie,121.3,156.4,1,,,,0,37.55,0.109,0.093,62,question,9
2026-10-08 23:34:37.529,137.45,20261008_233220,jeb,question,6,605,manual,lie,121.3,156.4,1,,,,0,37.55,0.099,0.086,65,question,9
2026-10-08 23:34:37.736,137.66,20261008_233220,jeb,question,6,605,manual,lie,121.3,156.4,1,,,,0,37.56,0.091,0.079,67,question,9
2026-10-08 23:34:37.942,137.86,20261008_233220,jeb,question,6,605,manual,lie,121.3,156.4,1,,,,0,37.56,0.087,0.072,68,question,9
2026-10-08 23:34:38.151,138.07,20261008_233220,jeb,question,6,605,manual,lie,121.3,156.4,1,,,,0,37.56,0.081,0.066,69,question,9
2026-10-08 23:34:38.353,138.27,20261008_233220,jeb,question,6,605,manual,lie,121.3,156.4,1,,,,0,37.56,0.074,0.06,70,question,9
2026-10-08 23:34:42.451,142.37,20261008_233220,jeb,question,6,605,manual,lie,73.6,480.4,1,,,,0,37.58,0.089,0.051,10,question,9
2026-10-08 23:34:42.652,142.57,20261008_233220,jeb,recovery,6,605,manual,lie,73.6,480.4,1,,,,0,37.58,0.082,0.047,9,ready,9
2026-10-08 23:34:42.857,142.78,20261008_233220,jeb,recovery,6,605,manual,lie,76.6,430.0,1,,,,0,37.57,0.076,0.043,9,ready,9
2026-10-08 23:34:43.058,142.98,20261008_233220,jeb,recovery,6,605,manual,lie,76.6,430.0,1,,,,0,37.57,0.07,0.039,8,ready,9
2026-10-08 23:34:43.263,143.18,20261008_233220,jeb,recovery,6,605,manual,lie,76.6,430.0,1,,,,0,37.57,0.065,0.04,8,ready,9
2026-10-08 23:34:43.466,143.39,20261008_233220,jeb,recovery,6,605,manual,lie,76.6,430.0,1,,,,0,37.58,0.085,0.049,8,ready,9
2026-10-08 23:34:43.676,143.6,20261008_233220,jeb,recovery,6,605,manual,lie,76.6,393.0,1,,,,0,37.58,0.085,0.047,8,ready,9
2026-10-08 23:34:43.881,143.8,20261008_233220,jeb,recovery,6,605,manual,lie,76.6,393.0,1,,,,0,37.58,0.085,0.043,8,ready,9
2026-10-08 23:34:44.094,144.01,20261008_233220,jeb,recovery,6,605,manual,lie,76.6,393.0,1,,,,0,37.58,0.081,0.043,8,ready,9
2026-10-08 23:34:44.300,144.22,20261008_233220,jeb,recovery,6,605,manual,lie,76.6,369.6,1,,,,0,37.59,0.087,0.044,8,ready,9
2026-10-08 23:34:44.504,144.42,20261008_233220,jeb,recovery,6,605,manual,lie,76.6,369.6,1,,,,0,37.59,0.086,0.045,8,ready,9
2026-10-08 23:34:44.708,144.63,20261008_233220,jeb,recovery,6,605,manual,lie,76.6,369.6,1,,,,0,37.6,0.083,0.041,8,ready,9
2026-10-08 23:34:44.908,144.83,20261008_233220,jeb,recovery,6,605,manual,lie,76.6,369.6,1,,,,0,37.6,0.087,0.039,8,ready,9
2026-10-08 23:34:45.117,145.04,20261008_233220,jeb,recovery,6,605,manual,lie,76.6,369.6,1,,,,0,37.6,0.131,0.048,8,ready,9
2026-10-08 23:34:45.321,145.24,20261008_233220,jeb,recovery,6,605,manual,lie,73.6,357.2,1,,,,0,37.6,0.144,0.064,8,ready,9
2026-10-08 23:34:45.533,145.45,20261008_233220,jeb,recovery,6,605,manual,lie,73.6,357.2,1,,,,0,37.6,0.131,0.06,8,ready,9
2026-10-08 23:34:45.736,145.66,20261008_233220,jeb,rest,,,,,73.6,357.2,1,,,,0,37.59,0.129,0.061,8,ready,9
2026-10-08 23:34:45.938,145.86,20261008_233220,jeb,rest,,,,,76.6,346.9,1,,,,0,37.59,0.12,0.064,8,ready,9
2026-10-08 23:34:46.149,146.07,20261008_233220,jeb,rest,,,,,76.6,346.9,1,,,,0,37.59,0.112,0.062,8,ready,9
2026-10-08 23:34:46.356,146.28,20261008_233220,jeb,rest,,,,,76.6,346.9,1,,,,0,37.59,0.11,0.057,8,ready,9
2026-10-08 23:34:46.566,146.49,20261008_233220,jeb,rest,,,,,76.6,346.9,1,,,,0,37.59,0.119,0.056,8,ready,9
2026-10-08 23:34:46.768,146.69,20261008_233220,jeb,rest,,,,,77.9,330.9,1,,,,0,37.55,0.109,0.051,8,ready,9
2026-10-08 23:34:46.970,146.89,20261008_233220,jeb,rest,,,,,77.9,330.9,1,,,,0,37.55,0.115,0.049,9,ready,9
2026-10-08 23:34:47.177,147.1,20261008_233220,jeb,rest,,,,,77.9,330.9,1,,,,0,37.55,0.119,0.049,9,ready,9
2026-10-08 23:34:47.386,147.31,20261008_233220,jeb,recovery,7,606,manual,truth,77.9,330.9,1,,,,0,37.56,0.119,0.049,9,ready,9
2026-10-08 23:34:47.585,147.5,20261008_233220,jeb,question,7,606,manual,truth,77.9,315.6,1,,,,0,37.57,0.188,0.05,9,question,9
2026-10-08 23:34:47.788,147.71,20261008_233220,jeb,question,7,606,manual,truth,77.9,315.6,1,,,,0,37.57,0.175,0.05,10,question,9
2026-10-08 23:34:47.998,147.92,20261008_233220,jeb,question,7,606,manual,truth,77.9,315.6,1,,,,0,37.58,0.164,0.057,10,question,9
2026-10-08 23:34:48.470,148.39,20261008_233220,jeb,question,7,606,manual,truth,77.9,315.6,1,,,,0,37.58,0.16,0.057,10,question,9
2026-10-08 23:34:48.470,148.39,20261008_233220,jeb,question,7,606,manual,truth,77.9,315.6,1,,,,0,37.58,0.154,0.055,10,question,9
2026-10-08 23:34:48.610,148.53,20261008_233220,jeb,question,7,606,manual,truth,75.2,307.0,1,,,,0,37.59,0.157,0.053,10,question,9
2026-10-08 23:34:48.817,148.74,20261008_233220,jeb,question,7,606,manual,truth,75.2,307.0,1,,,,0,37.59,0.153,0.063,10,question,9
2026-10-08 23:34:49.021,148.94,20261008_233220,jeb,question,7,606,manual,truth,75.2,307.0,1,,,,0,37.59,0.145,0.06,10,question,9
2026-10-08 23:34:49.231,149.15,20261008_233220,jeb,question,7,606,manual,truth,75.2,307.0,1,,,,0,37.59,0.14,0.061,9,question,9
2026-10-08 23:34:49.436,149.36,20261008_233220,jeb,question,7,606,manual,truth,75.2,307.0,1,,,,0,37.58,0.13,0.056,9,question,9
2026-10-08 23:34:49.641,149.56,20261008_233220,jeb,question,7,606,manual,truth,75.2,307.0,1,,,,0,37.58,0.121,0.051,9,question,9
2026-10-08 23:34:49.857,149.78,20261008_233220,jeb,question,7,606,manual,truth,75.2,307.0,1,,,,0,37.58,0.125,0.049,9,question,9
2026-10-08 23:34:50.057,149.98,20261008_233220,jeb,question,7,606,manual,truth,75.2,307.0,1,,,,0,37.59,0.12,0.053,9,question,9
2026-10-08 23:34:50.259,150.18,20261008_233220,jeb,question,7,606,manual,truth,75.2,307.0,1,,,,0,37.59,0.113,0.051,8,question,9
2026-10-08 23:34:50.456,150.38,20261008_233220,jeb,question,7,606,manual,truth,75.2,307.0,1,,,,0,37.59,0.096,0.044,8,question,9
2026-10-08 23:34:50.662,150.58,20261008_233220,jeb,question,7,606,manual,truth,75.2,189.8,1,,,,0,37.59,0.095,0.044,8,question,9
2026-10-08 23:34:50.873,150.79,20261008_233220,jeb,question,7,606,manual,truth,75.2,189.8,1,,,,0,37.59,0.088,0.041,8,question,9
2026-10-08 23:34:51.082,151.0,20261008_233220,jeb,question,7,606,manual,truth,75.2,189.8,1,,,,0,37.53,0.083,0.039,8,question,8
2026-10-08 23:34:51.285,151.2,20261008_233220,jeb,question,7,606,manual,truth,75.2,189.8,1,,,,0,37.54,0.078,0.036,7,question,8
2026-10-08 23:34:51.489,151.41,20261008_233220,jeb,question,7,606,manual,truth,75.2,189.8,1,,,,0,37.55,0.08,0.035,7,question,8
2026-10-08 23:34:51.688,151.61,20261008_233220,jeb,question,7,606,manual,truth,61.3,145.7,1,,,,0,37.56,0.086,0.037,7,question,9
2026-10-08 23:34:51.887,151.81,20261008_233220,jeb,question,7,606,manual,truth,61.3,145.7,1,,,,0,37.56,0.079,0.034,6,question,9
2026-10-08 23:34:52.087,152.01,20261008_233220,jeb,question,7,606,manual,truth,61.3,145.7,1,,,,0,37.57,0.075,0.033,6,question,9
2026-10-08 23:34:52.288,152.21,20261008_233220,jeb,question,7,606,manual,truth,61.3,145.7,1,,,,0,37.57,0.07,0.03,6,question,9
2026-10-08 23:34:52.490,152.41,20261008_233220,jeb,question,7,606,manual,truth,61.3,145.7,1,,,,0,37.57,0.064,0.028,6,question,9
2026-10-08 23:34:54.512,154.43,20261008_233220,jeb,question,7,606,manual,truth,61.3,150.9,1,,,,0,37.6,0.038,0.017,4,question,9
2026-10-08 23:34:54.714,154.63,20261008_233220,jeb,question,7,606,manual,truth,61.3,150.9,1,,,,0,37.59,0.036,0.018,4,question,9
2026-10-08 23:34:54.919,154.84,20261008_233220,jeb,question,7,606,manual,truth,61.3,150.9,1,,,,0,37.6,0.034,0.017,4,question,9
2026-10-08 23:34:55.132,155.05,20261008_233220,jeb,question,7,606,manual,truth,61.3,150.9,1,,,,0,37.6,0.031,0.016,4,question,9
2026-10-08 23:34:55.333,155.25,20261008_233220,jeb,question,7,606,manual,truth,61.3,150.9,1,,,,0,37.6,0.029,0.015,4,question,9
2026-10-08 23:34:55.563,155.48,20261008_233220,jeb,question,7,606,manual,truth,61.3,150.9,1,,,,0,37.61,0.031,0.015,4,question,9
2026-10-08 23:34:55.748,155.67,20261008_233220,jeb,question,7,606,manual,truth,61.3,150.9,1,,,,0,37.61,0.032,0.014,4,question,9
2026-10-08 23:34:55.950,155.87,20261008_233220,jeb,question,7,606,manual,truth,61.3,150.9,1,,,,0,37.61,0.034,0.017,4,question,9
2026-10-08 23:34:56.161,156.08,20261008_233220,jeb,question,7,606,manual,truth,61.3,159.7,1,,,,0,37.61,0.045,0.019,4,question,9
2026-10-08 23:34:56.363,156.28,20261008_233220,jeb,question,7,606,manual,truth,61.3,159.7,1,,,,0,37.61,0.059,0.022,4,question,9
2026-10-08 23:34:56.570,156.49,20261008_233220,jeb,question,7,606,manual,truth,61.3,159.7,1,,,,0,37.62,0.075,0.025,4,question,9
2026-10-08 23:34:56.777,156.7,20261008_233220,jeb,question,7,606,manual,truth,61.3,159.7,1,,,,0,37.52,0.076,0.025,4,question,9
2026-10-08 23:34:56.981,156.9,20261008_233220,jeb,question,7,606,manual,truth,61.3,159.7,1,,,,0,37.53,0.077,0.029,4,question,9
2026-10-08 23:34:57.194,157.11,20261008_233220,jeb,question,7,606,manual,truth,61.3,159.7,1,,,,0,37.54,0.071,0.029,4,question,9
2026-10-08 23:34:57.399,157.32,20261008_233220,jeb,question,7,606,manual,truth,61.3,159.7,1,,,,0,37.5,0.069,0.03,4,question,9
2026-10-08 23:34:57.602,157.52,20261008_233220,jeb,question,7,606,manual,truth,61.3,159.7,1,,,,0,37.44,0.08,0.038,4,question,9
2026-10-08 23:34:57.814,157.73,20261008_233220,jeb,question,7,606,manual,truth,61.3,159.7,1,,,,0,37.46,0.078,0.038,5,question,9
2026-10-08 23:34:58.017,157.94,20261008_233220,jeb,question,7,606,manual,truth,61.3,159.7,1,,,,0,37.48,0.073,0.036,5,question,9
2026-10-08 23:34:58.221,158.14,20261008_233220,jeb,question,7,606,manual,truth,61.3,159.7,1,,,,0,37.49,0.067,0.033,5,question,9
2026-10-08 23:34:58.430,158.35,20261008_233220,jeb,question,7,606,manual,truth,61.5,169.8,1,,,,0,37.5,0.063,0.03,4,question,9
2026-10-08 23:34:58.633,158.55,20261008_233220,jeb,question,7,606,manual,truth,61.5,169.8,1,,,,0,37.52,0.067,0.029,4,question,9
2026-10-08 23:34:58.836,158.76,20261008_233220,jeb,question,7,606,manual,truth,61.5,169.8,1,,,,0,37.53,0.068,0.031,4,question,9
2026-10-08 23:34:59.049,158.97,20261008_233220,jeb,question,7,606,manual,truth,61.5,169.8,1,,,,0,37.54,0.062,0.03,4,question,9
2026-10-08 23:34:59.250,159.17,20261008_233220,jeb,question,7,606,manual,truth,67.1,181.9,1,,,,0,37.55,0.063,0.029,4,question,9
2026-10-08 23:34:59.453,159.37,20261008_233220,jeb,recovery,7,606,manual,truth,67.1,181.9,1,,,,0,37.56,0.07,0.028,4,ready,9
2026-10-08 23:34:59.655,159.57,20261008_233220,jeb,recovery,7,606,manual,truth,67.1,181.9,1,,,,0,37.56,0.077,0.026,5,ready,9
2026-10-08 23:34:59.859,159.78,20261008_233220,jeb,recovery,7,606,manual,truth,72.6,155.7,1,,,,0,37.57,0.071,0.024,5,ready,9
2026-10-08 23:35:00.066,159.99,20261008_233220,jeb,recovery,7,606,manual,truth,72.6,155.7,1,,,,0,37.58,0.075,0.027,5,ready,9
2026-10-08 23:35:00.271,160.19,20261008_233220,jeb,recovery,7,606,manual,truth,72.6,155.7,1,,,,0,37.58,0.096,0.028,5,ready,9
2026-10-08 23:35:00.476,160.4,20261008_233220,jeb,recovery,7,606,manual,truth,72.6,155.7,1,,,,0,37.59,0.094,0.027,5,ready,9
2026-10-08 23:35:00.682,160.6,20261008_233220,jeb,recovery,7,606,manual,truth,76.5,127.2,1,,,,0,37.59,0.099,0.025,6,ready,9
2026-10-08 23:35:00.893,160.81,20261008_233220,jeb,recovery,7,606,manual,truth,76.5,127.2,1,,,,0,37.6,0.102,0.036,6,ready,9
2026-10-08 23:35:01.099,161.02,20261008_233220,jeb,recovery,7,606,manual,truth,76.5,127.2,1,,,,0,37.6,0.107,0.039,7,ready,9
2026-10-08 23:35:01.306,161.23,20261008_233220,jeb,recovery,7,606,manual,truth,76.5,127.2,1,,,,0,37.6,0.109,0.04,7,ready,9
2026-10-08 23:35:01.514,161.43,20261008_233220,jeb,recovery,7,606,manual,truth,76.5,125.2,1,,,,0,37.61,0.104,0.037,7,ready,9
2026-10-08 23:35:01.721,161.64,20261008_233220,jeb,recovery,7,606,manual,truth,76.5,125.2,1,,,,0,37.61,0.095,0.035,7,ready,9
2026-10-08 23:35:01.932,161.85,20261008_233220,jeb,recovery,7,606,manual,truth,76.5,125.2,1,,,,0,37.62,0.115,0.036,7,ready,9
2026-10-08 23:35:02.134,162.05,20261008_233220,jeb,recovery,7,606,manual,truth,76.5,125.2,1,,,,0,37.62,0.118,0.035,8,ready,9
2026-10-08 23:35:02.342,162.26,20261008_233220,jeb,rest,,,,,76.5,125.2,1,,,,0,37.62,0.167,0.039,8,ready,9
2026-10-08 23:35:02.551,162.47,20261008_233220,jeb,rest,,,,,76.5,125.2,1,,,,0,37.62,0.144,0.036,9,ready,9
2026-10-08 23:35:02.757,162.68,20261008_233220,jeb,rest,,,,,76.5,125.2,1,,,,0,37.63,0.168,0.055,9,ready,9
2026-10-08 23:35:02.950,162.87,20261008_233220,jeb,rest,,,,,76.5,125.2,1,,,,0,37.63,0.234,0.094,9,ready,9
2026-10-08 23:35:03.155,163.07,20261008_233220,jeb,rest,,,,,76.5,125.2,1,,,,0,37.63,0.351,0.119,11,ready,9
2026-10-08 23:35:03.361,163.28,20261008_233220,jeb,rest,,,,,76.5,125.2,1,,,,0,37.63,0.332,0.113,12,ready,9
2026-10-08 23:35:03.561,163.48,20261008_233220,jeb,rest,,,,,76.5,125.2,1,,,,0,37.59,0.308,0.108,13,ready,9
2026-10-08 23:35:03.767,163.69,20261008_233220,jeb,question,8,607,manual,lie,76.5,125.2,1,,,,0,37.6,0.299,0.116,13,question,9
2026-10-08 23:35:03.965,163.88,20261008_233220,jeb,question,8,607,manual,lie,76.5,125.2,1,,,,0,37.6,0.28,0.109,13,question,9
2026-10-08 23:35:04.171,164.09,20261008_233220,jeb,question,8,607,manual,lie,76.5,125.2,1,,,,0,37.61,0.256,0.101,13,question,9
2026-10-08 23:35:04.378,164.3,20261008_233220,jeb,question,8,607,manual,lie,76.5,125.2,1,,,,0,37.61,0.234,0.095,13,question,9
2026-10-08 23:35:04.581,164.5,20261008_233220,jeb,question,8,607,manual,lie,76.5,125.2,1,,,,0,37.61,0.213,0.086,13,question,9
2026-10-08 23:35:04.791,164.71,20261008_233220,jeb,question,8,607,manual,lie,76.5,125.2,1,,,,0,37.61,0.195,0.08,13,question,9
2026-10-08 23:35:04.998,164.92,20261008_233220,jeb,question,8,607,manual,lie,76.5,125.2,1,,,,0,37.62,0.18,0.074,12,question,9
2026-10-08 23:35:05.202,165.12,20261008_233220,jeb,question,8,607,manual,lie,76.5,125.2,1,,,,0,37.63,0.173,0.071,12,question,9
2026-10-08 23:35:05.413,165.33,20261008_233220,jeb,question,8,607,manual,lie,76.5,125.2,1,,,,0,37.63,0.166,0.069,12,question,9
2026-10-08 23:35:05.617,165.54,20261008_233220,jeb,question,8,607,manual,lie,76.5,125.2,1,,,,0,37.63,0.168,0.075,11,question,9
2026-10-08 23:35:05.824,165.74,20261008_233220,jeb,question,8,607,manual,lie,82.0,134.7,1,,,,0,37.63,0.162,0.075,12,question,9
2026-10-08 23:35:06.031,165.95,20261008_233220,jeb,question,8,607,manual,lie,82.0,134.7,1,,,,0,37.64,0.148,0.07,12,question,9
2026-10-08 23:35:06.244,166.16,20261008_233220,jeb,question,8,607,manual,lie,82.0,134.7,1,,,,0,37.64,0.135,0.064,12,question,9
2026-10-08 23:35:06.458,166.38,20261008_233220,jeb,question,8,607,manual,lie,82.0,134.7,1,,,,0,37.65,0.124,0.059,13,question,9
2026-10-08 23:35:06.652,166.57,20261008_233220,jeb,question,8,607,manual,lie,76.5,138.8,1,,,,0,37.65,0.113,0.054,12,question,9
2026-10-08 23:35:06.860,166.78,20261008_233220,jeb,question,8,607,manual,lie,76.5,138.8,1,,,,0,37.65,0.104,0.051,11,question,9
2026-10-08 23:35:07.071,166.99,20261008_233220,jeb,question,8,607,manual,lie,76.5,138.8,1,,,,0,37.65,0.104,0.049,11,question,9
2026-10-08 23:35:07.277,167.2,20261008_233220,jeb,question,8,607,manual,lie,76.5,138.8,1,,,,0,37.65,0.096,0.046,10,question,9
2026-10-08 23:35:07.481,167.4,20261008_233220,jeb,question,8,607,manual,lie,76.5,138.8,1,,,,0,37.65,0.091,0.044,10,question,9
2026-10-08 23:35:07.686,167.61,20261008_233220,jeb,question,8,607,manual,lie,76.5,138.8,1,,,,0,37.65,0.087,0.041,9,question,9
2026-10-08 23:35:07.897,167.82,20261008_233220,jeb,question,8,607,manual,lie,79.0,138.8,1,,,,0,37.59,0.088,0.041,9,question,9
2026-10-08 23:35:08.094,168.01,20261008_233220,jeb,question,8,607,manual,lie,79.0,138.8,1,,,,0,37.57,0.086,0.045,9,question,9
2026-10-08 23:35:08.300,168.22,20261008_233220,jeb,question,8,607,manual,lie,79.0,138.8,1,,,,0,37.57,0.092,0.047,9,question,9
2026-10-08 23:35:08.506,168.43,20261008_233220,jeb,question,8,607,manual,lie,79.0,138.8,1,,,,0,37.58,0.097,0.047,9,question,9
2026-10-08 23:35:08.711,168.63,20261008_233220,jeb,question,8,607,manual,lie,79.0,138.8,1,,,,0,37.59,0.1,0.05,9,question,9
2026-10-08 23:35:09.078,169.0,20261008_233220,jeb,question,8,607,manual,lie,75.3,140.5,1,,,,0,37.59,0.097,0.053,9,question,9
2026-10-08 23:35:09.129,169.05,20261008_233220,jeb,question,8,607,manual,lie,75.3,140.5,1,,,,0,37.6,0.109,0.05,9,question,9
2026-10-08 23:35:09.331,169.25,20261008_233220,jeb,question,8,607,manual,lie,75.3,140.5,1,,,,0,37.61,0.109,0.047,9,question,9
2026-10-08 23:35:09.540,169.46,20261008_233220,jeb,question,8,607,manual,lie,75.3,140.5,1,,,,0,37.61,0.103,0.044,8,question,9
2026-10-08 23:35:09.743,169.66,20261008_233220,jeb,question,8,607,manual,lie,73.7,130.5,1,,,,0,37.61,0.097,0.041,8,question,9
2026-10-08 23:35:09.971,169.89,20261008_233220,jeb,question,8,607,manual,lie,73.7,130.5,1,,,,0,37.62,0.081,0.034,7,question,9
2026-10-08 23:35:10.164,170.08,20261008_233220,jeb,question,8,607,manual,lie,73.7,135.8,1,,,,0,37.62,0.075,0.032,7,question,9
2026-10-08 23:35:10.374,170.29,20261008_233220,jeb,question,8,607,manual,lie,73.7,135.8,1,,,,0,37.63,0.07,0.029,7,question,9
2026-10-08 23:35:10.578,170.5,20261008_233220,jeb,question,8,607,manual,lie,73.7,135.8,1,,,,0,37.63,0.065,0.027,7,question,9
2026-10-08 23:35:10.790,170.71,20261008_233220,jeb,question,8,607,manual,lie,73.7,135.8,1,,,,0,37.64,0.064,0.027,7,question,9
2026-10-08 23:35:10.990,170.91,20261008_233220,jeb,question,8,607,manual,lie,73.7,135.8,1,,,,0,37.64,0.067,0.027,6,question,9
2026-10-08 23:35:11.196,171.12,20261008_233220,jeb,question,8,607,manual,lie,73.7,135.8,1,,,,0,37.64,0.063,0.024,6,question,9
2026-10-08 23:35:11.405,171.32,20261008_233220,jeb,question,8,607,manual,lie,73.7,135.8,1,,,,0,37.65,0.061,0.025,6,question,9
2026-10-08 23:35:11.606,171.53,20261008_233220,jeb,question,8,607,manual,lie,73.7,135.8,1,,,,0,37.66,0.063,0.024,6,question,9
2026-10-08 23:35:11.815,171.73,20261008_233220,jeb,question,8,607,manual,lie,73.7,135.8,1,,,,0,37.66,0.098,0.024,6,question,9
2026-10-08 23:35:12.017,171.94,20261008_233220,jeb,question,8,607,manual,lie,73.7,135.8,1,,,,0,37.67,0.143,0.028,6,question,9
2026-10-08 23:35:12.223,172.14,20261008_233220,jeb,question,8,607,manual,lie,73.7,135.8,1,,,,0,37.59,0.164,0.033,7,question,9
2026-10-08 23:35:12.431,172.35,20261008_233220,jeb,question,8,607,manual,lie,73.7,135.8,1,,,,0,37.6,0.17,0.036,7,question,9
2026-10-08 23:35:16.614,176.53,20261008_233220,jeb,recovery,8,607,manual,lie,73.7,133.1,1,,,,0,37.72,0.045,0.026,6,ready,9
2026-10-08 23:35:16.810,176.73,20261008_233220,jeb,recovery,8,607,manual,lie,73.7,133.1,1,,,,0,37.72,0.045,0.026,6,ready,9
2026-10-08 23:35:17.022,176.94,20261008_233220,jeb,recovery,8,607,manual,lie,81.3,140.9,1,,,,0,37.66,0.038,0.022,7,ready,9
2026-10-08 23:35:17.222,177.14,20261008_233220,jeb,recovery,8,607,manual,lie,81.3,140.9,1,,,,0,37.67,0.036,0.021,7,ready,9
2026-10-08 23:35:17.430,177.35,20261008_233220,jeb,recovery,8,607,manual,lie,86.4,138.9,1,,,,0,37.68,0.036,0.019,9,ready,9
2026-10-08 23:35:17.642,177.56,20261008_233220,jeb,recovery,8,607,manual,lie,86.4,138.9,1,,,,0,37.68,0.035,0.019,9,ready,9
2026-10-08 23:35:17.841,177.76,20261008_233220,jeb,recovery,8,607,manual,lie,86.4,138.9,1,,,,0,37.69,0.032,0.018,10,ready,9
2026-10-08 23:35:18.046,177.97,20261008_233220,jeb,recovery,8,607,manual,lie,86.4,138.9,1,,,,0,37.71,0.03,0.017,11,ready,9
2026-10-08 23:35:18.263,178.18,20261008_233220,jeb,recovery,8,607,manual,lie,86.4,138.9,1,,,,0,37.71,0.051,0.02,11,ready,9
2026-10-08 23:35:18.461,178.38,20261008_233220,jeb,recovery,8,607,manual,lie,86.4,138.9,1,,,,0,37.71,0.053,0.021,12,ready,9
2026-10-08 23:35:20.653,180.57,20261008_233220,jeb,question,9,608,manual,truth,93.1,145.5,1,,,,0,37.7,0.055,0.023,15,question,8
2026-10-08 23:35:20.859,180.78,20261008_233220,jeb,question,9,608,manual,truth,93.1,145.5,1,,,,0,37.64,0.051,0.023,17,question,9
2026-10-08 23:35:21.062,180.98,20261008_233220,jeb,question,9,608,manual,truth,93.1,145.5,1,,,,0,37.66,0.049,0.021,18,question,9
2026-10-08 23:35:21.275,181.19,20261008_233220,jeb,question,9,608,manual,truth,93.1,145.5,1,,,,0,37.68,0.045,0.02,18,question,9
2026-10-08 23:35:21.478,181.4,20261008_233220,jeb,question,9,608,manual,truth,86.4,127.7,1,,,,0,37.69,0.044,0.021,17,question,9
2026-10-08 23:35:21.683,181.6,20261008_233220,jeb,question,9,608,manual,truth,86.4,127.7,1,,,,0,37.7,0.04,0.019,17,question,9
2026-10-08 23:35:22.061,181.98,20261008_233220,jeb,question,9,608,manual,truth,86.4,127.7,1,,,,0,37.71,0.039,0.018,16,question,9
2026-10-08 23:35:22.093,182.01,20261008_233220,jeb,question,9,608,manual,truth,86.4,127.7,1,,,,0,37.72,0.038,0.018,16,question,9
2026-10-08 23:35:22.292,182.21,20261008_233220,jeb,question,9,608,manual,truth,86.4,127.4,1,,,,0,37.72,0.046,0.02,15,question,9
2026-10-08 23:35:22.496,182.42,20261008_233220,jeb,question,9,608,manual,truth,86.4,127.4,1,,,,0,37.73,0.056,0.02,15,question,9
2026-10-08 23:35:22.708,182.63,20261008_233220,jeb,question,9,608,manual,truth,86.4,127.4,1,,,,0,37.73,0.055,0.021,15,question,9
2026-10-08 23:35:22.906,182.83,20261008_233220,jeb,question,9,608,manual,truth,86.4,127.4,1,,,,0,37.73,0.067,0.032,15,question,9
2026-10-08 23:35:23.111,183.03,20261008_233220,jeb,question,9,608,manual,truth,86.4,127.4,1,,,,0,37.74,0.063,0.033,15,question,9
2026-10-08 23:35:23.320,183.24,20261008_233220,jeb,question,9,608,manual,truth,86.4,127.4,1,,,,0,37.74,0.059,0.031,15,question,9
2026-10-08 23:35:23.522,183.44,20261008_233220,jeb,question,9,608,manual,truth,86.4,127.4,1,,,,0,37.75,0.058,0.029,15,question,9
2026-10-08 23:35:23.728,183.65,20261008_233220,jeb,question,9,608,manual,truth,86.4,127.4,1,,,,0,37.75,0.059,0.029,15,question,9
2026-10-08 23:35:23.936,183.86,20261008_233220,jeb,question,9,608,manual,truth,86.4,127.4,1,,,,0,37.76,0.061,0.029,15,question,9
2026-10-08 23:35:24.140,184.06,20261008_233220,jeb,question,9,608,manual,truth,86.4,127.4,1,,,,0,37.76,0.07,0.034,15,question,9
2026-10-08 23:35:24.341,184.26,20261008_233220,jeb,question,9,608,manual,truth,86.4,127.4,1,,,,0,37.76,0.089,0.04,15,question,9
2026-10-08 23:35:24.555,184.47,20261008_233220,jeb,question,9,608,manual,truth,85.7,135.7,1,,,,0,37.76,0.084,0.047,15,question,9
2026-10-08 23:35:24.757,184.68,20261008_233220,jeb,question,9,608,manual,truth,85.7,135.7,1,,,,0,37.77,0.095,0.05,15,question,9
2026-10-08 23:35:24.962,184.88,20261008_233220,jeb,question,9,608,manual,truth,85.7,135.7,1,,,,0,37.7,0.11,0.05,15,question,9
2026-10-08 23:35:25.171,185.09,20261008_233220,jeb,question,9,608,manual,truth,85.7,135.7,1,,,,0,37.71,0.11,0.047,15,question,8
2026-10-08 23:35:25.566,185.49,20261008_233220,jeb,question,9,608,manual,truth,85.7,135.7,1,,,,0,37.71,0.113,0.055,15,question,8
2026-10-08 23:35:25.581,185.5,20261008_233220,jeb,question,9,608,manual,truth,85.7,135.7,1,,,,0,37.72,0.118,0.058,16,question,8
2026-10-08 23:35:25.785,185.7,20261008_233220,jeb,question,9,608,manual,truth,85.7,135.7,1,,,,0,37.73,0.11,0.056,16,question,8
2026-10-08 23:35:25.989,185.91,20261008_233220,jeb,question,9,608,manual,truth,85.7,135.7,1,,,,0,37.73,0.101,0.051,16,question,8
2026-10-08 23:35:26.194,186.11,20261008_233220,jeb,question,9,608,manual,truth,85.7,135.7,1,,,,0,37.74,0.097,0.048,16,question,8
2026-10-08 23:35:26.402,186.32,20261008_233220,jeb,question,9,608,manual,truth,85.7,135.7,1,,,,0,37.75,0.094,0.044,16,question,8
2026-10-08 23:35:26.641,186.56,20261008_233220,jeb,question,9,608,manual,truth,85.7,135.7,1,,,,0,37.75,0.097,0.049,15,question,8
2026-10-08 23:35:26.822,186.74,20261008_233220,jeb,question,9,608,manual,truth,85.7,135.7,1,,,,0,37.76,0.1,0.046,15,question,9
2026-10-08 23:35:27.069,186.99,20261008_233220,jeb,question,9,608,manual,truth,85.7,135.7,1,,,,0,37.76,0.092,0.042,15,question,9
2026-10-08 23:35:27.288,187.21,20261008_233220,jeb,question,9,608,manual,truth,85.7,135.7,1,,,,0,37.77,0.084,0.039,15,question,9
2026-10-08 23:35:27.455,187.38,20261008_233220,jeb,question,9,608,manual,truth,85.7,135.7,1,,,,0,37.78,0.077,0.036,15,question,9
2026-10-08 23:35:27.661,187.58,20261008_233220,jeb,question,9,608,manual,truth,85.7,135.7,1,,,,0,37.78,0.072,0.035,15,question,9
2026-10-08 23:35:27.866,187.79,20261008_233220,jeb,question,9,608,manual,truth,,,1,,,,0,37.78,0.063,0.032,16,question,9
2026-10-08 23:35:28.073,187.99,20261008_233220,jeb,question,9,608,manual,truth,,,1,,,,0,37.8,0.058,0.031,16,question,9
2026-10-08 23:35:28.276,188.2,20261008_233220,jeb,question,9,608,manual,truth,,,1,,,,0,37.8,0.064,0.031,17,question,9
2026-10-08 23:35:28.482,188.4,20261008_233220,jeb,question,9,608,manual,truth,65.4,,1,,,,0,37.8,0.067,0.028,15,question,9
2026-10-08 23:35:28.685,188.6,20261008_233220,jeb,question,9,608,manual,truth,65.4,,1,,,,0,37.8,0.062,0.028,13,question,9
2026-10-08 23:35:28.891,188.81,20261008_233220,jeb,question,9,608,manual,truth,65.4,,1,,,,0,37.8,0.057,0.026,11,question,9
2026-10-08 23:35:29.097,189.02,20261008_233220,jeb,question,9,608,manual,truth,72.9,,1,,,,0,37.81,0.058,0.029,10,question,9
2026-10-08 23:35:29.303,189.22,20261008_233220,jeb,question,9,608,manual,truth,72.9,,1,,,,0,37.75,0.078,0.039,9,question,9
2026-10-08 23:35:29.574,189.49,20261008_233220,jeb,question,9,608,manual,truth,72.9,,1,,,,0,37.75,0.132,0.058,9,question,9
2026-10-08 23:35:29.712,189.63,20261008_233220,jeb,question,9,608,manual,truth,72.9,,1,,,,0,37.75,0.154,0.058,9,question,9
2026-10-08 23:35:29.917,189.84,20261008_233220,jeb,question,9,608,manual,truth,73.3,,1,,,,0,37.76,0.187,0.064,9,question,9
2026-10-08 23:35:30.123,190.04,20261008_233220,jeb,question,9,608,manual,truth,73.3,,1,,,,0,37.77,0.177,0.061,9,question,9
2026-10-08 23:35:30.329,190.25,20261008_233220,jeb,question,9,608,manual,truth,73.3,,1,,,,0,37.77,0.172,0.062,9,question,9
2026-10-08 23:35:30.527,190.45,20261008_233220,jeb,question,9,608,manual,truth,73.3,,1,,,,0,37.78,0.156,0.06,8,question,9
2026-10-08 23:35:30.734,190.65,20261008_233220,jeb,question,9,608,manual,truth,73.7,157.7,1,,,,0,37.79,0.159,0.076,8,question,9
2026-10-08 23:35:30.936,190.86,20261008_233220,jeb,question,9,608,manual,truth,73.7,157.7,1,,,,0,37.79,0.183,0.091,8,question,9
2026-10-08 23:35:31.141,191.06,20261008_233220,jeb,question,9,608,manual,truth,73.7,157.7,1,,,,0,37.8,0.171,0.097,8,question,9
2026-10-08 23:35:31.352,191.27,20261008_233220,jeb,question,9,608,manual,truth,85.8,142.8,1,,,,0,37.8,0.172,0.099,10,question,9
2026-10-08 23:35:31.556,191.48,20261008_233220,jeb,question,9,608,manual,truth,85.8,142.8,1,,,,0,37.81,0.16,0.092,12,question,9
2026-10-08 23:35:31.810,191.73,20261008_233220,jeb,question,9,608,manual,truth,85.8,142.8,1,,,,0,37.81,0.147,0.084,13,question,9
2026-10-08 23:35:31.973,191.89,20261008_233220,jeb,question,9,608,manual,truth,85.8,142.8,1,,,,0,37.81,0.138,0.079,14,question,9
2026-10-08 23:35:32.176,192.1,20261008_233220,jeb,question,9,608,manual,truth,85.8,142.8,1,,,,0,37.81,0.128,0.076,14,question,9
2026-10-08 23:35:32.387,192.31,20261008_233220,jeb,recovery,9,608,manual,truth,85.8,142.8,1,,,,0,37.81,0.118,0.069,15,ready,9
2026-10-08 23:35:32.579,192.5,20261008_233220,jeb,recovery,9,608,manual,truth,85.8,142.8,1,,,,0,37.74,0.108,0.065,15,ready,8
2026-10-08 23:35:32.785,192.7,20261008_233220,jeb,recovery,9,608,manual,truth,85.8,142.8,1,,,,0,37.76,0.104,0.06,15,ready,8
2026-10-08 23:35:32.991,192.91,20261008_233220,jeb,recovery,9,608,manual,truth,85.8,142.8,1,,,,0,37.77,0.107,0.057,15,ready,8
2026-10-08 23:35:33.216,193.14,20261008_233220,jeb,recovery,9,608,manual,truth,85.8,142.8,1,,,,0,37.78,0.102,0.057,15,ready,8
2026-10-08 23:35:33.423,193.34,20261008_233220,jeb,recovery,9,608,manual,truth,85.8,142.8,1,,,,0,37.78,0.1,0.057,15,ready,8
2026-10-08 23:35:33.757,193.68,20261008_233220,jeb,recovery,9,608,manual,truth,85.8,142.8,1,,,,0,37.79,0.103,0.065,15,ready,9
2026-10-08 23:35:33.823,193.74,20261008_233220,jeb,recovery,9,608,manual,truth,85.8,142.8,1,,,,0,37.8,0.098,0.064,15,ready,9
2026-10-08 23:35:34.022,193.94,20261008_233220,jeb,recovery,9,608,manual,truth,85.8,142.8,1,,,,0,37.81,0.089,0.06,15,ready,9
2026-10-08 23:35:34.235,194.15,20261008_233220,jeb,recovery,9,608,manual,truth,85.8,142.8,1,,,,0,37.81,0.082,0.055,15,ready,9
2026-10-08 23:35:34.432,194.35,20261008_233220,jeb,recovery,9,608,manual,truth,85.8,142.8,1,,,,0,37.82,0.075,0.051,15,ready,9
2026-10-08 23:35:34.636,194.56,20261008_233220,jeb,recovery,9,608,manual,truth,,,1,,,,0,37.82,0.072,0.048,16,ready,9
2026-10-08 23:35:34.842,194.76,20261008_233220,jeb,recovery,9,608,manual,truth,,,1,,,,0,37.76,0.068,0.045,17,ready,9
2026-10-08 23:35:35.049,194.97,20261008_233220,jeb,recovery,9,608,manual,truth,,,1,,,,0,37.77,0.066,0.043,17,ready,9
2026-10-08 23:35:35.258,195.18,20261008_233220,jeb,recovery,9,608,manual,truth,,,1,,,,0,37.78,0.061,0.039,17,ready,9
2026-10-08 23:35:35.466,195.39,20261008_233220,jeb,recovery,9,608,manual,truth,56.3,,1,,,,0,37.79,0.059,0.04,15,ready,9
2026-10-08 23:35:35.670,195.59,20261008_233220,jeb,recovery,9,608,manual,truth,56.3,,1,,,,0,37.8,0.111,0.039,13,ready,9
2026-10-08 23:35:35.883,195.8,20261008_233220,jeb,recovery,9,608,manual,truth,74.5,,1,,,,0,37.81,0.098,0.05,11,ready,9
2026-10-08 23:35:36.098,196.02,20261008_233220,jeb,recovery,9,608,manual,truth,74.5,,1,,,,0,37.82,0.094,0.05,10,ready,9
2026-10-08 23:35:36.296,196.22,20261008_233220,jeb,recovery,9,608,manual,truth,74.5,,1,,,,0,37.82,0.112,0.049,10,ready,9
2026-10-08 23:35:36.622,196.54,20261008_233220,jeb,recovery,9,608,manual,truth,74.5,,1,,,,0,37.83,0.105,0.045,9,ready,9
2026-10-08 23:35:36.700,196.62,20261008_233220,jeb,recovery,9,608,manual,truth,74.5,,1,,,,0,37.83,0.102,0.043,9,ready,9
2026-10-08 23:35:36.907,196.83,20261008_233220,jeb,recovery,9,608,manual,truth,74.5,,1,,,,0,37.83,0.134,0.041,9,ready,9
2026-10-08 23:35:37.118,197.04,20261008_233220,jeb,recovery,9,608,manual,truth,74.5,,1,,,,0,37.84,0.136,0.044,8,ready,9
2026-10-08 23:35:37.320,197.24,20261008_233220,jeb,recovery,9,608,manual,truth,74.5,,1,,,,0,37.84,0.128,0.044,8,ready,9
2026-10-08 23:35:37.520,197.44,20261008_233220,jeb,rest,,,,,66.2,,1,,,,0,37.84,0.121,0.041,8,ready,9
2026-10-08 23:35:37.730,197.65,20261008_233220,jeb,rest,,,,,66.2,,1,,,,0,37.85,0.127,0.051,7,ready,9
2026-10-08 23:35:37.950,197.87,20261008_233220,jeb,rest,,,,,66.2,,1,,,,0,37.85,0.12,0.06,7,ready,9
2026-10-08 23:35:38.139,198.06,20261008_233220,jeb,rest,,,,,66.2,,1,,,,0,37.85,0.11,0.056,7,ready,9
2026-10-08 23:35:38.347,198.27,20261008_233220,jeb,rest,,,,,74.4,,1,,,,0,37.85,0.102,0.057,7,ready,9
2026-10-08 23:35:38.557,198.48,20261008_233220,jeb,rest,,,,,74.4,,1,,,,0,37.85,0.097,0.057,7,ready,9
2026-10-08 23:35:38.766,198.69,20261008_233220,jeb,rest,,,,,74.4,,1,,,,0,37.85,0.089,0.053,7,ready,9
2026-10-08 23:35:38.964,198.88,20261008_233220,jeb,rest,,,,,74.4,,1,,,,0,37.79,0.082,0.049,7,ready,9
2026-10-08 23:35:39.169,199.09,20261008_233220,jeb,rest,,,,,74.5,293.3,1,,,,0,37.8,0.077,0.048,7,ready,8
2026-10-08 23:35:39.372,199.29,20261008_233220,jeb,question,10,609,manual,lie,74.5,293.3,1,,,,0,37.81,0.072,0.045,7,question,8
2026-10-08 23:35:39.584,199.5,20261008_233220,jeb,question,10,609,manual,lie,74.5,293.3,1,,,,0,37.82,0.067,0.041,7,question,8
2026-10-08 23:35:39.787,199.71,20261008_233220,jeb,question,10,609,manual,lie,74.5,293.3,1,,,,0,37.83,0.101,0.062,7,question,8
2026-10-08 23:35:39.989,199.91,20261008_233220,jeb,question,10,609,manual,lie,74.5,293.3,1,,,,0,37.83,0.164,0.078,7,question,8
2026-10-08 23:35:40.198,200.12,20261008_233220,jeb,question,10,609,manual,lie,74.4,271.1,1,,,,0,37.83,0.205,0.154,7,question,8
2026-10-08 23:35:40.399,200.32,20261008_233220,jeb,question,10,609,manual,lie,74.4,271.1,1,,,,0,37.84,0.199,0.16,8,question,8
2026-10-08 23:35:40.608,200.53,20261008_233220,jeb,question,10,609,manual,lie,74.4,271.1,1,,,,0,37.84,0.193,0.149,8,question,8
2026-10-08 23:35:40.819,200.74,20261008_233220,jeb,question,10,609,manual,lie,74.4,271.1,1,,,,0,37.84,0.18,0.135,8,question,8
2026-10-08 23:35:41.339,201.26,20261008_233220,jeb,question,10,609,manual,lie,74.4,271.1,1,,,,0,37.85,0.179,0.127,8,question,8
2026-10-08 23:35:41.339,201.26,20261008_233220,jeb,question,10,609,manual,lie,74.4,271.1,1,,,,0,37.85,0.201,0.12,9,question,8
2026-10-08 23:35:41.433,201.35,20261008_233220,jeb,question,10,609,manual,lie,74.4,271.1,1,,,,0,37.86,0.19,0.121,9,question,9
2026-10-08 23:35:41.639,201.56,20261008_233220,jeb,question,10,609,manual,lie,74.4,271.1,1,,,,0,37.86,0.177,0.113,9,question,9
2026-10-08 23:35:41.855,201.77,20261008_233220,jeb,question,10,609,manual,lie,74.4,271.1,1,,,,0,37.86,0.161,0.104,9,question,9
2026-10-08 23:35:42.057,201.98,20261008_233220,jeb,question,10,609,manual,lie,74.4,271.1,1,,,,0,37.86,0.146,0.095,9,question,9
2026-10-08 23:35:42.258,202.18,20261008_233220,jeb,question,10,609,manual,lie,74.4,271.1,1,,,,0,37.87,0.134,0.086,8,question,9
2026-10-08 23:35:42.468,202.39,20261008_233220,jeb,question,10,609,manual,lie,74.4,271.1,1,,,,0,37.87,0.122,0.079,8,question,9
2026-10-08 23:35:42.666,202.59,20261008_233220,jeb,question,10,609,manual,lie,74.4,271.1,1,,,,0,37.87,0.114,0.073,8,question,9
2026-10-08 23:35:42.883,202.8,20261008_233220,jeb,question,10,609,manual,lie,74.4,271.1,1,,,,0,37.88,0.104,0.066,8,question,9
2026-10-08 23:35:43.081,203.0,20261008_233220,jeb,question,10,609,manual,lie,74.4,271.1,1,,,,0,37.89,0.095,0.06,8,question,9
2026-10-08 23:35:43.281,203.2,20261008_233220,jeb,question,10,609,manual,lie,74.4,271.1,1,,,,0,37.9,0.087,0.055,8,question,9
2026-10-08 23:35:43.479,203.4,20261008_233220,jeb,question,10,609,manual,lie,74.4,271.1,1,,,,0,37.85,0.086,0.056,7,question,8
2026-10-08 23:35:43.684,203.6,20261008_233220,jeb,question,10,609,manual,lie,74.4,271.1,1,,,,0,37.87,0.085,0.058,7,question,8
2026-10-08 23:35:43.889,203.81,20261008_233220,jeb,question,10,609,manual,lie,74.4,271.1,1,,,,0,37.87,0.137,0.072,7,question,8
2026-10-08 23:35:44.097,204.02,20261008_233220,jeb,question,10,609,manual,lie,74.4,271.1,1,,,,0,37.86,0.17,0.081,8,question,8
2026-10-08 23:35:44.301,204.22,20261008_233220,jeb,question,10,609,manual,lie,74.4,270.4,1,,,,0,37.87,0.173,0.085,8,question,8
2026-10-08 23:35:44.506,204.43,20261008_233220,jeb,question,10,609,manual,lie,74.4,270.4,1,,,,0,37.87,0.167,0.08,8,question,8
2026-10-08 23:35:44.700,204.62,20261008_233220,jeb,question,10,609,manual,lie,74.4,270.4,1,,,,0,37.87,0.154,0.075,8,question,8
2026-10-08 23:35:44.901,204.82,20261008_233220,jeb,question,10,609,manual,lie,74.4,270.4,1,,,,0,37.88,0.141,0.072,8,question,8
2026-10-08 23:35:45.100,205.02,20261008_233220,jeb,question,10,609,manual,lie,74.4,270.4,1,,,,0,37.88,0.134,0.067,8,question,9
2026-10-08 23:35:45.300,205.22,20261008_233220,jeb,question,10,609,manual,lie,74.4,270.4,1,,,,0,37.88,0.122,0.061,8,question,9
2026-10-08 23:35:45.505,205.42,20261008_233220,jeb,question,10,609,manual,lie,74.4,270.4,1,,,,0,37.88,0.139,0.064,8,question,9
2026-10-08 23:35:45.703,205.62,20261008_233220,jeb,question,10,609,manual,lie,74.4,270.4,1,,,,0,37.89,0.136,0.061,8,question,9
2026-10-08 23:35:45.900,205.82,20261008_233220,jeb,question,10,609,manual,lie,74.4,270.4,1,,,,0,37.89,0.131,0.056,8,question,9
2026-10-08 23:35:46.100,206.02,20261008_233220,jeb,question,10,609,manual,lie,74.7,270.4,1,,,,0,37.89,0.136,0.054,8,question,9
2026-10-08 23:35:46.302,206.22,20261008_233220,jeb,question,10,609,manual,lie,74.7,270.4,1,,,,0,37.89,0.13,0.049,8,question,8
2026-10-08 23:35:46.515,206.43,20261008_233220,jeb,question,10,609,manual,lie,74.7,270.4,1,,,,0,37.89,0.127,0.05,8,question,9
2026-10-08 23:35:46.713,206.63,20261008_233220,jeb,question,10,609,manual,lie,74.7,270.4,1,,,,0,37.89,0.122,0.047,8,question,9
2026-10-08 23:35:46.921,206.84,20261008_233220,jeb,question,10,609,manual,lie,82.8,253.3,1,,,,0,37.89,0.117,0.043,9,question,9
2026-10-08 23:35:47.121,207.04,20261008_233220,jeb,question,10,609,manual,lie,82.8,253.3,1,,,,0,37.89,0.114,0.042,10,question,9
2026-10-08 23:35:47.333,207.25,20261008_233220,jeb,question,10,609,manual,lie,82.8,253.3,1,,,,0,37.89,0.109,0.039,10,question,9
2026-10-08 23:35:47.531,207.45,20261008_233220,jeb,question,10,609,manual,lie,82.8,253.3,1,,,,0,37.86,0.109,0.04,11,question,9
2026-10-08 23:35:47.744,207.66,20261008_233220,jeb,question,10,609,manual,lie,82.8,253.3,1,,,,0,37.87,0.123,0.037,11,question,9
2026-10-08 23:35:47.949,207.87,20261008_233220,jeb,question,10,609,manual,lie,82.8,253.3,1,,,,0,37.87,0.115,0.035,12,question,9
2026-10-08 23:35:48.155,208.07,20261008_233220,jeb,question,10,609,manual,lie,82.8,253.3,1,,,,0,37.87,0.107,0.034,12,question,9
2026-10-08 23:35:48.361,208.28,20261008_233220,jeb,question,10,609,manual,lie,82.8,253.3,1,,,,0,37.88,0.102,0.031,12,question,9
2026-10-08 23:35:48.569,208.49,20261008_233220,jeb,question,10,609,manual,lie,82.8,253.3,1,,,,0,37.88,0.095,0.029,12,question,9
2026-10-08 23:35:48.782,208.7,20261008_233220,jeb,question,10,609,manual,lie,82.8,253.3,1,,,,0,37.88,0.089,0.028,12,question,9
2026-10-08 23:35:48.983,208.9,20261008_233220,jeb,question,10,609,manual,lie,82.8,253.3,1,,,,0,37.89,0.081,0.026,12,question,9
2026-10-08 23:35:49.189,209.11,20261008_233220,jeb,question,10,609,manual,lie,82.8,253.3,1,,,,0,37.89,0.081,0.03,12,question,9
2026-10-08 23:35:49.401,209.32,20261008_233220,jeb,question,10,609,manual,lie,82.8,253.3,1,,,,0,37.89,0.087,0.034,12,question,9
2026-10-08 23:35:49.601,209.52,20261008_233220,jeb,question,10,609,manual,lie,82.8,253.3,1,,,,0,37.89,0.083,0.032,12,question,9
2026-10-08 23:35:49.800,209.72,20261008_233220,jeb,question,10,609,manual,lie,82.8,253.3,1,,,,0,37.89,0.084,0.035,12,question,9
2026-10-08 23:35:49.999,209.92,20261008_233220,jeb,question,10,609,manual,lie,82.8,253.3,1,,,,0,37.89,0.077,0.034,12,question,9
2026-10-08 23:35:50.212,210.13,20261008_233220,jeb,question,10,609,manual,lie,82.8,253.3,1,,,,0,37.89,0.078,0.033,12,question,9
2026-10-08 23:35:50.412,210.33,20261008_233220,jeb,question,10,609,manual,lie,82.8,253.3,1,,,,0,37.9,0.147,0.06,13,question,9
2026-10-08 23:35:50.616,210.54,20261008_233220,jeb,question,10,609,manual,lie,82.8,253.3,1,,,,0,37.9,0.144,0.085,13,question,9
2026-10-08 23:35:50.820,210.74,20261008_233220,jeb,question,10,609,manual,lie,82.8,253.3,1,,,,0,37.9,0.14,0.083,13,question,9
2026-10-08 23:35:51.029,210.95,20261008_233220,jeb,question,10,609,manual,lie,82.8,253.3,1,,,,0,37.9,0.13,0.079,13,question,9
2026-10-08 23:35:51.234,211.15,20261008_233220,jeb,recovery,10,609,manual,lie,96.5,253.3,1,,,,0,37.9,0.12,0.082,17,ready,9
2026-10-08 23:35:51.439,211.36,20261008_233220,jeb,recovery,10,609,manual,lie,96.5,253.3,1,,,,0,37.84,0.123,0.092,19,ready,9
2026-10-08 23:35:51.663,211.58,20261008_233220,jeb,recovery,10,609,manual,lie,96.5,163.0,1,,,,0,37.84,0.23,0.183,23,ready,9
2026-10-08 23:35:51.847,211.77,20261008_233220,jeb,recovery,10,609,manual,lie,96.5,163.0,1,,,,0,37.85,0.21,0.172,26,ready,9
2026-10-08 23:35:52.052,211.97,20261008_233220,jeb,recovery,10,609,manual,lie,96.5,163.0,1,,,,0,37.86,0.192,0.163,28,ready,9
2026-10-08 23:35:52.263,212.18,20261008_233220,jeb,recovery,10,609,manual,lie,96.5,163.0,1,,,,0,37.86,0.179,0.151,30,ready,9
2026-10-08 23:35:52.469,212.39,20261008_233220,jeb,recovery,10,609,manual,lie,96.5,180.5,1,,,,0,37.87,0.169,0.138,31,ready,9
2026-10-08 23:35:52.678,212.6,20261008_233220,jeb,recovery,10,609,manual,lie,96.5,180.5,1,,,,0,37.87,0.156,0.127,32,ready,9
2026-10-08 23:35:52.881,212.8,20261008_233220,jeb,recovery,10,609,manual,lie,96.5,180.5,1,,,,0,37.88,0.144,0.116,32,ready,9
2026-10-08 23:35:53.089,213.01,20261008_233220,jeb,recovery,10,609,manual,lie,96.5,180.5,1,,,,0,37.85,0.134,0.11,32,ready,9
2026-10-08 23:35:53.292,213.21,20261008_233220,jeb,recovery,10,609,manual,lie,96.5,180.5,1,,,,0,37.85,0.124,0.102,32,ready,9
2026-10-08 23:35:53.497,213.42,20261008_233220,jeb,recovery,10,609,manual,lie,96.5,180.5,1,,,,0,37.86,0.116,0.093,32,ready,9
2026-10-08 23:35:53.712,213.63,20261008_233220,jeb,recovery,10,609,manual,lie,104.9,180.5,1,,,,0,37.87,0.1,0.08,37,ready,9
2026-10-08 23:35:53.910,213.83,20261008_233220,jeb,rest,,,,,104.9,180.5,1,,,,0,37.88,0.094,0.075,38,ready,9
2026-10-08 23:35:54.118,214.04,20261008_233220,jeb,rest,,,,,104.9,180.5,1,,,,0,37.88,0.088,0.071,39,ready,9
2026-10-08 23:35:54.319,214.24,20261008_233220,jeb,rest,,,,,104.9,180.5,1,,,,0,37.89,0.081,0.065,40,ready,9
2026-10-08 23:35:54.520,214.44,20261008_233220,jeb,rest,,,,,104.9,180.5,1,,,,0,37.89,0.087,0.062,41,ready,9
2026-10-08 23:35:54.727,214.65,20261008_233220,jeb,rest,,,,,104.9,180.5,1,,,,0,37.9,0.091,0.059,42,ready,9
2026-10-08 23:35:54.931,214.85,20261008_233220,jeb,rest,,,,,104.9,180.5,1,,,,0,37.9,0.13,0.068,43,ready,9
2026-10-08 23:35:55.138,215.06,20261008_233220,jeb,rest,,,,,104.9,176.8,1,,,,0,37.9,0.191,0.098,45,ready,9
2026-10-08 23:35:55.343,215.26,20261008_233220,jeb,rest,,,,,104.9,176.8,1,,,,0,37.9,0.185,0.096,46,ready,9
2026-10-08 23:35:55.547,215.47,20261008_233220,jeb,rest,,,,,104.9,176.8,1,,,,0,37.91,0.201,0.096,48,ready,9
2026-10-08 23:35:55.761,215.68,20261008_233220,jeb,rest,,,,,104.9,176.8,1,,,,0,37.91,0.195,0.1,49,ready,9
2026-10-08 23:35:55.961,215.88,20261008_233220,jeb,rest,,,,,104.9,176.8,1,,,,0,37.91,0.229,0.11,51,ready,9
2026-10-08 23:35:56.170,216.09,20261008_233220,jeb,rest,,,,,104.9,176.8,1,,,,0,37.92,0.246,0.104,52,ready,9
2026-10-08 23:35:56.378,216.3,20261008_233220,jeb,rest,,,,,104.9,176.8,1,,,,0,37.92,0.242,0.115,53,ready,9
2026-10-08 23:35:56.581,216.5,20261008_233220,jeb,rest,,,,,104.9,176.8,1,,,,0,37.92,0.224,0.109,54,ready,9
2026-10-08 23:35:56.795,216.71,20261008_233220,jeb,rest,,,,,109.0,193.7,1,,,,0,37.92,0.211,0.099,56,ready,9
2026-10-08 23:35:57.002,216.92,20261008_233220,jeb,rest,,,,,109.0,193.7,1,,,,0,37.92,0.21,0.09,57,ready,9
2026-10-08 23:35:57.208,217.13,20261008_233220,jeb,rest,,,,,109.0,193.7,1,,,,0,37.87,0.2,0.086,58,ready,9
2026-10-08 23:35:57.409,217.33,20261008_233220,jeb,rest,,,,,109.0,187.3,1,,,,0,37.86,0.185,0.081,59,ready,9
2026-10-08 23:35:57.614,217.53,20261008_233220,jeb,rest,,,,,109.0,187.3,1,,,,0,37.87,0.179,0.094,59,ready,9
2026-10-08 23:35:57.818,217.74,20261008_233220,jeb,rest,,,,,109.0,187.3,1,,,,0,37.87,0.172,0.089,59,ready,9
2026-10-08 23:35:58.029,217.95,20261008_233220,jeb,rest,,,,,109.0,187.3,1,,,,0,37.88,0.168,0.09,59,ready,9
2026-10-08 23:35:58.232,218.15,20261008_233220,jeb,rest,,,,,109.0,187.3,1,,,,0,37.88,0.162,0.096,59,ready,9
2026-10-08 23:35:58.441,218.36,20261008_233220,jeb,rest,,,,,109.0,187.3,1,,,,0,37.89,0.159,0.092,59,ready,9
2026-10-08 23:35:58.645,218.57,20261008_233220,jeb,rest,,,,,109.0,187.3,1,,,,0,37.89,0.146,0.095,59,ready,9
2026-10-08 23:35:58.842,218.76,20261008_233220,jeb,rest,,,,,109.0,187.3,1,,,,0,37.9,0.139,0.096,59,ready,9
2026-10-08 23:35:59.043,218.96,20261008_233220,jeb,rest,,,,,109.0,187.3,1,,,,0,37.9,0.163,0.101,59,ready,9
2026-10-08 23:35:59.240,219.16,20261008_233220,jeb,rest,,,,,109.0,187.3,1,,,,0,37.91,0.177,0.097,59,ready,9
2026-10-08 23:35:59.454,219.37,20261008_233220,jeb,rest,,,,,109.0,144.4,1,,,,0,37.91,0.181,0.097,60,ready,9
2026-10-08 23:35:59.653,219.57,20261008_233220,jeb,rest,,,,,109.0,144.4,1,,,,0,37.91,0.17,0.088,60,ready,9
2026-10-08 23:35:59.858,219.78,20261008_233220,jeb,rest,,,,,109.0,144.4,1,,,,0,37.91,0.159,0.086,60,ready,9
2026-10-08 23:36:00.058,219.98,20261008_233220,jeb,rest,,,,,109.0,144.4,1,,,,0,37.91,0.146,0.078,59,ready,9
2026-10-08 23:36:00.260,220.18,20261008_233220,jeb,rest,,,,,109.0,144.4,1,,,,0,37.91,0.141,0.071,59,ready,9
2026-10-08 23:36:00.474,220.39,20261008_233220,jeb,rest,,,,,109.0,144.4,1,,,,0,37.92,0.133,0.065,59,ready,9
2026-10-08 23:36:00.676,220.6,20261008_233220,jeb,rest,,,,,109.0,144.4,1,,,,0,37.92,0.129,0.066,58,ready,9
2026-10-08 23:36:00.882,220.8,20261008_233220,jeb,rest,,,,,109.0,144.4,1,,,,0,37.92,0.129,0.071,58,ready,9
2026-10-08 23:36:01.091,221.01,20261008_233220,jeb,rest,,,,,109.0,144.4,1,,,,0,37.92,0.124,0.067,58,ready,9
2026-10-08 23:36:01.302,221.22,20261008_233220,jeb,rest,,,,,109.0,144.4,1,,,,0,37.92,0.117,0.063,57,ready,9
2026-10-08 23:36:01.508,221.43,20261008_233220,jeb,rest,,,,,109.0,144.4,1,,,,0,37.9,0.11,0.059,57,ready,9
2026-10-08 23:36:01.709,221.63,20261008_233220,jeb,rest,,,,,109.0,144.4,1,,,,0,37.85,0.118,0.051,56,ready,9
2026-10-08 23:36:01.908,221.83,20261008_233220,jeb,rest,,,,,109.0,144.4,1,,,,0,37.86,0.115,0.051,56,ready,9
2026-10-08 23:36:02.106,222.03,20261008_233220,jeb,rest,,,,,109.0,144.4,1,,,,0,37.87,0.13,0.054,56,ready,9
2026-10-08 23:36:02.312,222.23,20261008_233220,jeb,rest,,,,,109.0,144.4,1,,,,0,37.87,0.129,0.068,56,ready,9
2026-10-08 23:36:02.557,222.48,20261008_233220,jeb,rest,,,,,109.0,144.4,1,,,,0,37.88,0.124,0.084,56,ready,9
2026-10-08 23:36:02.736,222.66,20261008_233220,jeb,question,11,610,manual,truth,109.0,144.4,1,,,,0,37.88,0.122,0.083,56,question,9
2026-10-08 23:36:02.925,222.84,20261008_233220,jeb,question,11,610,manual,truth,109.0,144.4,1,,,,0,37.87,0.128,0.082,56,question,9
2026-10-08 23:36:03.130,223.05,20261008_233220,jeb,question,11,610,manual,truth,109.0,144.4,1,,,,0,37.88,0.133,0.09,56,question,9
2026-10-08 23:36:03.458,223.38,20261008_233220,jeb,question,11,610,manual,truth,109.0,144.4,1,,,,0,37.86,0.222,0.098,58,question,9
2026-10-08 23:36:03.547,223.47,20261008_233220,jeb,question,11,610,manual,truth,109.0,144.4,1,,,,0,37.87,0.232,0.109,59,question,9
2026-10-08 23:36:03.750,223.67,20261008_233220,jeb,question,11,610,manual,truth,109.0,144.4,1,,,,0,37.88,0.22,0.1,60,question,9
2026-10-08 23:36:03.962,223.88,20261008_233220,jeb,question,11,610,manual,truth,109.0,153.0,1,,,,0,37.88,0.217,0.091,61,question,9
2026-10-08 23:36:04.159,224.08,20261008_233220,jeb,question,11,610,manual,truth,109.0,153.0,1,,,,0,37.89,0.201,0.083,61,question,9
2026-10-08 23:36:04.360,224.28,20261008_233220,jeb,question,11,610,manual,truth,109.0,153.0,1,,,,0,37.89,0.188,0.076,61,question,9
2026-10-08 23:36:04.563,224.48,20261008_233220,jeb,question,11,610,manual,truth,106.7,139.1,1,,,,0,37.89,0.182,0.074,60,question,9
2026-10-08 23:36:04.760,224.68,20261008_233220,jeb,question,11,610,manual,truth,106.7,139.1,1,,,,0,37.9,0.17,0.073,60,question,9
2026-10-08 23:36:06.812,226.73,20261008_233220,jeb,question,11,610,manual,truth,138.3,113.9,1,,,,0,37.88,0.168,0.073,76,question,9
2026-10-08 23:36:07.008,226.93,20261008_233220,jeb,question,11,610,manual,truth,138.3,113.9,1,,,,0,37.9,0.156,0.069,80,question,9
2026-10-08 23:36:07.218,227.14,20261008_233220,jeb,question,11,610,manual,truth,138.3,113.9,1,,,,0,37.91,0.156,0.064,82,question,9
2026-10-08 23:36:07.426,227.35,20261008_233220,jeb,question,11,610,manual,truth,138.3,113.9,1,,,,0,37.91,0.144,0.059,84,question,9
2026-10-08 23:36:07.634,227.55,20261008_233220,jeb,question,11,610,manual,truth,138.3,113.9,1,,,,0,37.93,0.133,0.054,86,question,9
2026-10-08 23:36:07.853,227.77,20261008_233220,jeb,question,11,610,manual,truth,138.3,113.9,1,,,,0,37.93,0.124,0.052,87,question,9
2026-10-08 23:36:08.047,227.97,20261008_233220,jeb,question,11,610,manual,truth,138.3,113.9,1,,,,0,37.94,0.117,0.048,88,question,9
2026-10-08 23:36:08.265,228.18,20261008_233220,jeb,question,11,610,manual,truth,138.3,113.9,1,,,,0,37.94,0.107,0.045,89,question,9
2026-10-08 23:36:08.467,228.39,20261008_233220,jeb,question,11,610,manual,truth,138.3,113.9,1,,,,0,37.94,0.141,0.046,90,question,9
2026-10-08 23:36:08.667,228.59,20261008_233220,jeb,question,11,610,manual,truth,138.3,113.9,1,,,,0,37.94,0.25,0.072,91,question,9
2026-10-08 23:36:08.877,228.8,20261008_233220,jeb,question,11,610,manual,truth,138.3,113.9,1,,,,0,37.94,0.239,0.068,92,question,9
2026-10-08 23:36:09.085,229.0,20261008_233220,jeb,question,11,610,manual,truth,138.3,113.9,1,,,,0,37.94,0.231,0.084,92,question,9
2026-10-08 23:36:09.290,229.21,20261008_233220,jeb,question,11,610,manual,truth,138.3,113.9,1,,,,0,37.94,0.474,0.124,93,question,9
2026-10-08 23:36:09.499,229.42,20261008_233220,jeb,question,11,610,manual,truth,146.7,113.9,1,,,,0,37.94,0.465,0.131,94,question,9
2026-10-08 23:36:09.704,229.62,20261008_233220,jeb,question,11,610,manual,truth,146.7,113.9,1,,,,0,37.95,0.463,0.139,95,question,9
2026-10-08 23:36:09.911,229.83,20261008_233220,jeb,question,11,610,manual,truth,146.7,113.9,1,,,,0,37.95,0.526,0.186,96,question,9
2026-10-08 23:36:10.114,230.03,20261008_233220,jeb,question,11,610,manual,truth,146.7,113.9,1,,,,0,37.95,0.51,0.197,96,question,9
2026-10-08 23:36:10.322,230.24,20261008_233220,jeb,question,11,610,manual,truth,146.7,113.9,1,,,,0,37.95,0.549,0.223,97,question,9
2026-10-08 23:36:10.532,230.45,20261008_233220,jeb,question,11,610,manual,truth,146.7,113.9,1,,,,0,37.95,0.598,0.243,98,question,9
2026-10-08 23:36:10.738,230.66,20261008_233220,jeb,question,11,610,manual,truth,146.7,113.9,1,,,,0,37.95,0.549,0.223,98,question,9
2026-10-08 23:36:10.948,230.87,20261008_233220,jeb,question,11,610,manual,truth,146.7,113.9,1,,,,0,37.96,0.502,0.202,98,question,9
2026-10-08 23:36:11.154,231.07,20261008_233220,jeb,question,11,610,manual,truth,146.7,113.9,1,,,,0,37.89,0.457,0.183,98,question,8
2026-10-08 23:36:11.362,231.28,20261008_233220,jeb,question,11,610,manual,truth,146.7,113.9,1,,,,0,37.9,0.418,0.167,98,question,8
2026-10-08 23:36:11.567,231.49,20261008_233220,jeb,question,11,610,manual,truth,147.1,115.3,1,,,,0,37.9,0.381,0.152,98,question,8
2026-10-08 23:36:11.774,231.69,20261008_233220,jeb,question,11,610,manual,truth,147.1,115.3,1,,,,0,37.91,0.347,0.141,98,question,8
2026-10-08 23:36:11.982,231.9,20261008_233220,jeb,question,11,610,manual,truth,147.1,115.3,1,,,,0,37.91,0.331,0.157,98,question,8
2026-10-08 23:36:12.191,232.11,20261008_233220,jeb,question,11,610,manual,truth,147.1,115.3,1,,,,0,37.91,0.322,0.151,98,question,8
2026-10-08 23:36:12.398,232.32,20261008_233220,jeb,question,11,610,manual,truth,147.1,115.3,1,,,,0,37.92,0.295,0.142,98,question,8
2026-10-08 23:36:12.594,232.51,20261008_233220,jeb,question,11,610,manual,truth,147.1,115.3,1,,,,0,37.92,0.306,0.136,98,question,8
2026-10-08 23:36:12.807,232.73,20261008_233220,jeb,question,11,610,manual,truth,147.1,115.3,1,,,,0,37.92,0.342,0.177,98,question,8
2026-10-08 23:36:13.009,232.93,20261008_233220,jeb,question,11,610,manual,truth,147.1,115.3,1,,,,0,37.93,0.318,0.18,98,question,8
2026-10-08 23:36:13.214,233.13,20261008_233220,jeb,question,11,610,manual,truth,147.1,115.3,1,,,,0,37.93,0.302,0.319,98,question,8
2026-10-08 23:36:13.419,233.34,20261008_233220,jeb,question,11,610,manual,truth,147.1,115.3,1,,,,0,37.93,0.34,0.406,98,question,8
2026-10-08 23:36:13.623,233.54,20261008_233220,jeb,question,11,610,manual,truth,147.1,115.3,1,,,,0,37.94,0.312,0.491,98,question,8
2026-10-08 23:36:13.833,233.75,20261008_233220,jeb,question,11,610,manual,truth,147.1,115.3,1,,,,0,37.94,0.323,0.473,98,question,8
2026-10-08 23:36:14.042,233.96,20261008_233220,jeb,question,11,610,manual,truth,147.1,115.3,1,,,,0,37.94,0.314,0.457,98,question,8
2026-10-08 23:36:14.246,234.17,20261008_233220,jeb,question,11,610,manual,truth,147.1,115.3,1,,,,0,37.94,0.287,0.417,98,question,8
2026-10-08 23:36:14.459,234.38,20261008_233220,jeb,question,11,610,manual,truth,147.1,115.3,1,,,,0,37.94,0.267,0.379,98,question,8
2026-10-08 23:36:14.656,234.58,20261008_233220,jeb,recovery,11,610,manual,truth,147.1,115.3,1,,,,0,37.95,0.247,0.348,98,ready,8
2026-10-08 23:36:14.856,234.78,20261008_233220,jeb,recovery,11,610,manual,truth,147.1,115.3,1,,,,0,37.87,0.225,0.319,98,ready,8
2026-10-08 23:36:15.064,234.98,20261008_233220,jeb,recovery,11,610,manual,truth,147.1,115.3,1,,,,0,37.88,0.212,0.29,98,ready,8
2026-10-08 23:36:15.271,235.19,20261008_233220,jeb,recovery,11,610,manual,truth,147.1,115.3,1,,,,0,37.88,0.196,0.269,98,ready,8
2026-10-08 23:36:15.476,235.4,20261008_233220,jeb,recovery,11,610,manual,truth,147.1,115.3,1,,,,0,37.89,0.18,0.25,98,ready,8
2026-10-08 23:36:15.682,235.6,20261008_233220,jeb,recovery,11,610,manual,truth,147.1,115.3,1,,,,0,37.9,0.165,0.23,97,ready,8
2026-10-08 23:36:15.892,235.81,20261008_233220,jeb,recovery,11,610,manual,truth,147.1,115.3,1,,,,0,37.9,0.155,0.211,97,ready,8
2026-10-08 23:36:16.102,236.02,20261008_233220,jeb,recovery,11,610,manual,truth,147.1,115.3,1,,,,0,37.91,0.143,0.193,97,ready,8
2026-10-08 23:36:16.303,236.22,20261008_233220,jeb,recovery,11,610,manual,truth,147.1,115.3,1,,,,0,37.91,0.131,0.181,97,ready,9
2026-10-08 23:36:16.533,236.45,20261008_233220,jeb,recovery,11,610,manual,truth,147.1,115.3,1,,,,0,37.92,0.12,0.164,97,ready,9
2026-10-08 23:36:16.714,236.63,20261008_233220,jeb,recovery,11,610,manual,truth,147.1,115.3,1,,,,0,37.92,0.109,0.149,97,ready,9
2026-10-08 23:36:16.921,236.84,20261008_233220,jeb,recovery,11,610,manual,truth,147.1,115.3,1,,,,0,37.93,0.104,0.136,97,ready,9
2026-10-08 23:36:17.126,237.05,20261008_233220,jeb,recovery,11,610,manual,truth,147.1,115.3,1,,,,0,37.93,0.104,0.125,97,ready,9
2026-10-08 23:36:17.335,237.25,20261008_233220,jeb,recovery,11,610,manual,truth,147.1,115.3,1,,,,0,37.93,0.101,0.113,96,ready,9
2026-10-08 23:36:17.541,237.46,20261008_233220,jeb,recovery,11,610,manual,truth,147.1,115.3,1,,,,0,37.93,0.103,0.103,96,ready,9
2026-10-08 23:36:17.746,237.67,20261008_233220,jeb,recovery,11,610,manual,truth,147.1,115.3,1,,,,0,37.94,0.119,0.096,96,ready,9
2026-10-08 23:36:17.952,237.87,20261008_233220,jeb,recovery,11,610,manual,truth,147.1,115.3,1,,,,0,37.87,0.118,0.089,96,ready,9
2026-10-08 23:36:18.161,238.08,20261008_233220,jeb,rest,,,,,147.1,115.3,1,,,,0,37.88,0.111,0.081,96,ready,9
2026-10-08 23:36:18.394,238.31,20261008_233220,jeb,rest,,,,,147.1,115.3,1,,,,0,37.89,0.101,0.074,96,ready,9
2026-10-08 23:36:18.589,238.51,20261008_233220,jeb,rest,,,,,147.1,115.3,1,,,,0,37.89,0.094,0.069,96,ready,9
2026-10-08 23:36:18.780,238.7,20261008_233220,jeb,rest,,,,,147.1,115.3,1,,,,0,37.9,0.091,0.064,96,ready,9
2026-10-08 23:36:18.990,238.91,20261008_233220,jeb,rest,,,,,,,1,,,,0,37.91,0.086,0.056,83,ready,9
2026-10-08 23:36:19.195,239.11,20261008_233220,jeb,rest,,,,,,,1,,,,0,37.92,0.086,0.051,72,ready,9
2026-10-08 23:36:19.400,239.32,20261008_233220,jeb,rest,,,,,,,1,,,,0,37.92,0.089,0.049,64,ready,9
2026-10-08 23:36:19.606,239.53,20261008_233220,jeb,rest,,,,,,,1,,,,0,37.92,0.087,0.047,56,ready,9
2026-10-08 23:36:19.813,239.73,20261008_233220,jeb,rest,,,,,,,1,,,,0,37.93,0.084,0.043,50,ready,9
2026-10-08 23:36:20.023,239.94,20261008_233220,jeb,rest,,,,,147.4,115.3,1,,,,0,37.93,0.086,0.039,59,ready,9
2026-10-08 23:36:20.248,240.17,20261008_233220,jeb,rest,,,,,147.4,115.3,1,,,,0,37.93,0.09,0.04,65,ready,9
2026-10-08 23:36:20.437,240.36,20261008_233220,jeb,question,12,611,manual,lie,147.4,115.3,1,,,,0,37.94,0.088,0.037,71,question,9
2026-10-08 23:36:20.641,240.56,20261008_233220,jeb,question,12,611,manual,lie,147.4,115.3,1,,,,0,37.93,0.085,0.034,76,question,9
2026-10-08 23:36:20.846,240.77,20261008_233220,jeb,question,12,611,manual,lie,147.4,115.3,1,,,,0,37.93,0.079,0.033,79,question,9
2026-10-08 23:36:21.052,240.97,20261008_233220,jeb,question,12,611,manual,lie,147.4,115.3,1,,,,0,37.93,0.074,0.033,82,question,9
2026-10-08 23:36:21.263,241.18,20261008_233220,jeb,question,12,611,manual,lie,147.4,115.3,1,,,,0,37.94,0.068,0.031,85,question,9
2026-10-08 23:36:21.468,241.39,20261008_233220,jeb,question,12,611,manual,lie,147.4,115.3,1,,,,0,37.94,0.067,0.029,87,question,9
2026-10-08 23:36:21.672,241.59,20261008_233220,jeb,question,12,611,manual,lie,147.4,115.3,1,,,,0,37.94,0.089,0.033,88,question,9
2026-10-08 23:36:21.876,241.8,20261008_233220,jeb,question,12,611,manual,lie,147.4,115.3,1,,,,0,37.94,0.087,0.033,90,question,9
2026-10-08 23:36:22.089,242.01,20261008_233220,jeb,question,12,611,manual,lie,147.4,115.3,1,,,,0,37.95,0.087,0.031,91,question,9
2026-10-08 23:36:22.292,242.21,20261008_233220,jeb,question,12,611,manual,lie,147.4,115.3,1,,,,0,37.89,0.082,0.03,92,question,9
2026-10-08 23:36:22.501,242.42,20261008_233220,jeb,question,12,611,manual,lie,147.4,115.3,1,,,,0,37.9,0.083,0.029,93,question,9
2026-10-08 23:36:22.703,242.62,20261008_233220,jeb,question,12,611,manual,lie,147.4,115.3,1,,,,0,37.9,0.078,0.027,93,question,9
2026-10-08 23:36:22.911,242.83,20261008_233220,jeb,question,12,611,manual,lie,147.4,115.3,1,,,,0,37.91,0.077,0.026,94,question,9
2026-10-08 23:36:23.121,243.04,20261008_233220,jeb,question,12,611,manual,lie,147.4,115.3,1,,,,0,37.92,0.074,0.026,94,question,9
2026-10-08 23:36:23.326,243.25,20261008_233220,jeb,question,12,611,manual,lie,147.4,115.3,1,,,,0,37.92,0.08,0.029,94,question,9
2026-10-08 23:36:23.535,243.45,20261008_233220,jeb,question,12,611,manual,lie,147.4,115.3,1,,,,0,37.92,0.096,0.029,95,question,9
2026-10-08 23:36:23.742,243.66,20261008_233220,jeb,question,12,611,manual,lie,,,1,,,,0,37.93,0.109,0.031,83,question,9
2026-10-08 23:36:23.957,243.88,20261008_233220,jeb,question,12,611,manual,lie,,,1,,,,0,37.93,0.1,0.029,73,question,9
2026-10-08 23:36:24.153,244.07,20261008_233220,jeb,question,12,611,manual,lie,,,1,,,,0,37.94,0.097,0.027,65,question,9
2026-10-08 23:36:24.360,244.28,20261008_233220,jeb,question,12,611,manual,lie,,,1,,,,0,37.94,0.093,0.026,58,question,9
2026-10-08 23:36:24.573,244.49,20261008_233220,jeb,question,12,611,manual,lie,,,1,,,,0,37.94,0.125,0.026,54,question,9
2026-10-08 23:36:24.772,244.69,20261008_233220,jeb,question,12,611,manual,lie,55.8,,1,,,,0,37.94,0.171,0.069,45,question,9
2026-10-08 23:36:24.985,244.91,20261008_233220,jeb,question,12,611,manual,lie,55.8,,1,,,,0,37.95,0.198,0.088,38,question,9
2026-10-08 23:36:25.191,245.11,20261008_233220,jeb,question,12,611,manual,lie,59.3,,1,,,,0,37.94,0.173,0.074,28,question,9
2026-10-08 23:36:25.396,245.32,20261008_233220,jeb,question,12,611,manual,lie,59.3,,1,,,,0,37.95,0.159,0.067,24,question,9
2026-10-08 23:36:25.604,245.52,20261008_233220,jeb,question,12,611,manual,lie,59.3,,1,,,,0,37.95,0.153,0.061,21,question,9
2026-10-08 23:36:25.810,245.73,20261008_233220,jeb,question,12,611,manual,lie,59.3,,1,,,,0,37.95,0.152,0.059,18,question,9
2026-10-08 23:36:26.020,245.94,20261008_233220,jeb,question,12,611,manual,lie,59.3,,1,,,,0,37.95,0.153,0.055,16,question,9
2026-10-08 23:36:26.221,246.14,20261008_233220,jeb,question,12,611,manual,lie,55.8,,1,,,,0,37.95,0.143,0.052,14,question,9
2026-10-08 23:36:26.421,246.34,20261008_233220,jeb,question,12,611,manual,lie,55.8,,1,,,,0,37.91,0.13,0.048,12,question,9
2026-10-08 23:36:26.635,246.56,20261008_233220,jeb,question,12,611,manual,lie,55.8,,1,,,,0,37.92,0.119,0.044,11,question,9
2026-10-08 23:36:26.835,246.75,20261008_233220,jeb,question,12,611,manual,lie,55.8,,1,,,,0,37.92,0.113,0.045,10,question,9
2026-10-08 23:36:27.054,246.97,20261008_233220,jeb,question,12,611,manual,lie,55.8,,1,,,,0,37.93,0.107,0.046,9,question,9
2026-10-08 23:36:27.245,247.17,20261008_233220,jeb,question,12,611,manual,lie,59.3,513.1,1,,,,0,37.93,0.104,0.047,8,question,9
2026-10-08 23:36:27.456,247.38,20261008_233220,jeb,question,12,611,manual,lie,59.3,513.1,1,,,,0,37.94,0.102,0.043,8,question,9
2026-10-08 23:36:27.660,247.58,20261008_233220,jeb,question,12,611,manual,lie,59.3,513.1,1,,,,0,37.94,0.1,0.042,7,question,9
2026-10-08 23:36:27.870,247.79,20261008_233220,jeb,question,12,611,manual,lie,59.3,513.1,1,,,,0,37.94,0.099,0.04,7,question,9
2026-10-08 23:36:28.069,247.99,20261008_233220,jeb,question,12,611,manual,lie,59.3,513.1,1,,,,0,37.95,0.106,0.041,7,question,9
2026-10-08 23:36:28.277,248.2,20261008_233220,jeb,question,12,611,manual,lie,59.3,513.1,1,,,,0,37.93,0.137,0.049,6,question,9
2026-10-08 23:36:28.484,248.4,20261008_233220,jeb,question,12,611,manual,lie,59.3,513.1,1,,,,0,37.94,0.139,0.052,6,question,9
2026-10-08 23:36:28.686,248.61,20261008_233220,jeb,question,12,611,manual,lie,59.3,513.1,1,,,,0,37.94,0.142,0.054,6,question,9
2026-10-08 23:36:28.891,248.81,20261008_233220,jeb,question,12,611,manual,lie,61.4,513.1,1,,,,0,37.94,0.146,0.051,6,question,9
2026-10-08 23:36:29.125,249.05,20261008_233220,jeb,question,12,611,manual,lie,61.4,513.1,1,,,,0,37.94,0.136,0.047,6,question,9
2026-10-08 23:36:29.303,249.22,20261008_233220,jeb,question,12,611,manual,lie,61.4,513.1,1,,,,0,37.95,0.132,0.044,6,question,9
2026-10-08 23:36:29.573,249.49,20261008_233220,jeb,question,12,611,manual,lie,61.4,513.1,1,,,,0,37.95,0.129,0.049,6,question,9
2026-10-08 23:36:29.774,249.69,20261008_233220,jeb,question,12,611,manual,lie,65.4,459.3,1,,,,0,37.95,0.123,0.049,6,question,9
2026-10-08 23:36:29.948,249.87,20261008_233220,jeb,question,12,611,manual,lie,65.4,459.3,1,,,,0,37.96,0.121,0.047,6,question,9
2026-10-08 23:36:30.131,250.05,20261008_233220,jeb,question,12,611,manual,lie,65.4,459.3,1,,,,0,37.96,0.114,0.044,6,question,9
2026-10-08 23:36:30.341,250.26,20261008_233220,jeb,question,12,611,manual,lie,65.4,459.3,1,,,,0,37.96,0.115,0.041,6,question,9
2026-10-08 23:36:30.561,250.48,20261008_233220,jeb,question,12,611,manual,lie,65.4,459.3,1,,,,0,37.96,0.112,0.04,6,question,9
2026-10-08 23:36:30.751,250.67,20261008_233220,jeb,question,12,611,manual,lie,65.4,459.3,1,,,,0,37.95,0.106,0.037,5,question,9
2026-10-08 23:36:30.961,250.88,20261008_233220,jeb,question,12,611,manual,lie,65.4,459.3,1,,,,0,37.95,0.098,0.035,5,question,9
2026-10-08 23:36:31.168,251.09,20261008_233220,jeb,question,12,611,manual,lie,65.4,459.3,1,,,,0,37.96,0.108,0.035,5,question,9
2026-10-08 23:36:31.373,251.29,20261008_233220,jeb,question,12,611,manual,lie,65.4,459.3,1,,,,0,37.96,0.102,0.033,5,question,9
2026-10-08 23:36:31.600,251.52,20261008_233220,jeb,question,12,611,manual,lie,65.4,459.3,1,,,,0,37.97,0.095,0.032,5,question,9
2026-10-08 23:36:31.791,251.71,20261008_233220,jeb,question,12,611,manual,lie,65.4,459.3,1,,,,0,37.97,0.091,0.03,5,question,9
2026-10-08 23:36:31.990,251.91,20261008_233220,jeb,question,12,611,manual,lie,65.4,459.3,1,,,,0,37.97,0.084,0.028,5,question,9
2026-10-08 23:36:32.199,252.12,20261008_233220,jeb,recovery,12,611,manual,lie,65.4,459.3,1,,,,0,37.97,0.086,0.029,5,ready,9
2026-10-08 23:36:32.402,252.32,20261008_233220,jeb,recovery,12,611,manual,lie,65.4,459.3,1,,,,0,37.97,0.086,0.029,5,ready,9
2026-10-08 23:36:32.606,252.53,20261008_233220,jeb,recovery,12,611,manual,lie,65.4,459.3,1,,,,0,37.97,0.087,0.029,5,ready,9
2026-10-08 23:36:32.818,252.74,20261008_233220,jeb,recovery,12,611,manual,lie,65.4,459.3,1,,,,0,37.98,0.111,0.045,5,ready,9
2026-10-08 23:36:33.018,252.94,20261008_233220,jeb,recovery,12,611,manual,lie,65.4,459.3,1,,,,0,37.98,0.108,0.044,5,ready,9
2026-10-08 23:36:33.224,253.14,20261008_233220,jeb,recovery,12,611,manual,lie,65.4,459.3,1,,,,0,37.98,0.098,0.04,5,ready,9
2026-10-08 23:36:33.434,253.35,20261008_233220,jeb,recovery,12,611,manual,lie,65.4,459.3,1,,,,0,37.98,0.089,0.038,5,ready,9
2026-10-08 23:36:33.636,253.56,20261008_233220,jeb,recovery,12,611,manual,lie,65.4,459.3,1,,,,0,37.98,0.119,0.05,5,ready,9
2026-10-08 23:36:33.843,253.76,20261008_233220,jeb,recovery,12,611,manual,lie,65.4,459.3,1,,,,0,37.98,0.11,0.052,5,ready,9
2026-10-08 23:36:34.043,253.96,20261008_233220,jeb,recovery,12,611,manual,lie,65.4,459.3,1,,,,0,37.98,0.103,0.05,5,ready,9
2026-10-08 23:36:34.250,254.17,20261008_233220,jeb,recovery,12,611,manual,lie,65.4,459.3,1,,,,0,37.98,0.096,0.046,5,ready,9
2026-10-08 23:36:34.458,254.38,20261008_233220,jeb,recovery,12,611,manual,lie,65.4,459.3,1,,,,0,37.98,0.091,0.043,5,ready,9
2026-10-08 23:36:34.700,254.62,20261008_233220,jeb,recovery,12,611,manual,lie,65.4,459.3,1,,,,0,37.98,0.086,0.04,5,ready,9
2026-10-08 23:36:34.885,254.8,20261008_233220,jeb,rest,,,,,65.4,459.3,1,,,,0,37.98,0.08,0.036,5,ready,9
2026-10-08 23:36:35.087,255.01,20261008_233220,jeb,rest,,,,,65.4,459.3,1,,,,0,37.97,0.081,0.034,5,ready,9
2026-10-08 23:36:35.295,255.21,20261008_233220,jeb,rest,,,,,65.4,459.3,1,,,,0,37.97,0.075,0.031,5,ready,9
2026-10-08 23:36:35.505,255.42,20261008_233220,jeb,rest,,,,,65.4,459.3,1,,,,0,37.98,0.07,0.029,5,ready,9
2026-10-08 23:36:35.724,255.64,20261008_233220,jeb,rest,,,,,65.4,459.3,1,,,,0,37.98,0.072,0.03,5,ready,9
2026-10-08 23:36:35.917,255.84,20261008_233220,jeb,rest,,,,,65.4,459.3,1,,,,0,37.98,0.069,0.028,5,ready,9
2026-10-08 23:36:36.118,256.04,20261008_233220,jeb,rest,,,,,65.4,459.3,1,,,,0,37.96,0.064,0.026,5,ready,9
2026-10-08 23:36:36.338,256.26,20261008_233220,jeb,question,13,612,manual,truth,65.4,459.3,1,,,,0,37.96,0.065,0.024,5,question,9
2026-10-08 23:36:36.544,256.46,20261008_233220,jeb,question,13,612,manual,truth,65.4,459.3,1,,,,0,37.97,0.065,0.025,5,question,9
2026-10-08 23:36:36.748,256.67,20261008_233220,jeb,question,13,612,manual,truth,65.4,459.3,1,,,,0,37.97,0.082,0.028,5,question,9
2026-10-08 23:36:36.937,256.86,20261008_233220,jeb,question,13,612,manual,truth,65.4,459.3,1,,,,0,37.97,0.092,0.028,5,question,9
2026-10-08 23:36:37.147,257.07,20261008_233220,jeb,question,13,612,manual,truth,65.4,459.3,1,,,,0,37.98,0.084,0.025,5,question,9
2026-10-08 23:36:37.351,257.27,20261008_233220,jeb,question,13,612,manual,truth,65.4,459.3,1,,,,0,37.98,0.076,0.023,5,question,9
2026-10-08 23:36:37.548,257.47,20261008_233220,jeb,question,13,612,manual,truth,65.4,459.3,1,,,,0,37.98,0.074,0.024,5,question,9
2026-10-08 23:36:37.753,257.67,20261008_233220,jeb,question,13,612,manual,truth,65.4,459.3,1,,,,0,37.98,0.078,0.026,5,question,9
2026-10-08 23:36:37.958,257.88,20261008_233220,jeb,question,13,612,manual,truth,65.4,459.3,1,,,,0,37.98,0.079,0.026,5,question,9
2026-10-08 23:36:38.170,258.09,20261008_233220,jeb,question,13,612,manual,truth,65.4,459.3,1,,,,0,37.98,0.075,0.024,5,question,9
2026-10-08 23:36:38.365,258.28,20261008_233220,jeb,question,13,612,manual,truth,65.4,459.3,1,,,,0,37.98,0.069,0.023,5,question,9
2026-10-08 23:36:38.566,258.49,20261008_233220,jeb,question,13,612,manual,truth,65.4,459.3,1,,,,0,37.99,0.064,0.022,5,question,9
2026-10-08 23:36:38.772,258.69,20261008_233220,jeb,question,13,612,manual,truth,68.2,419.3,1,,,,0,37.99,0.062,0.021,5,question,9
2026-10-08 23:36:38.985,258.9,20261008_233220,jeb,question,13,612,manual,truth,68.2,419.3,1,,,,0,37.99,0.06,0.02,5,question,9
2026-10-08 23:36:39.184,259.1,20261008_233220,jeb,question,13,612,manual,truth,68.2,419.3,1,,,,0,37.99,0.066,0.02,5,question,9
2026-10-08 23:36:39.398,259.32,20261008_233220,jeb,question,13,612,manual,truth,68.2,419.3,1,,,,0,37.98,0.062,0.02,4,question,9
2026-10-08 23:36:39.600,259.52,20261008_233220,jeb,question,13,612,manual,truth,68.2,419.3,1,,,,0,37.99,0.06,0.019,4,question,9
2026-10-08 23:36:40.007,259.93,20261008_233220,jeb,question,13,612,manual,truth,68.2,390.8,1,,,,0,37.99,0.056,0.02,4,question,9
2026-10-08 23:36:40.023,259.94,20261008_233220,jeb,question,13,612,manual,truth,68.2,390.8,1,,,,0,37.99,0.075,0.03,4,question,9
2026-10-08 23:36:40.216,260.14,20261008_233220,jeb,question,13,612,manual,truth,72.8,376.6,1,,,,0,37.93,0.148,0.081,5,question,9
2026-10-08 23:36:40.419,260.34,20261008_233220,jeb,question,13,612,manual,truth,72.8,376.6,1,,,,0,37.93,0.142,0.094,5,question,9
2026-10-08 23:36:40.631,260.55,20261008_233220,jeb,question,13,612,manual,truth,72.8,376.6,1,,,,0,37.94,0.135,0.092,6,question,9
2026-10-08 23:36:40.825,260.74,20261008_233220,jeb,question,13,612,manual,truth,72.8,376.6,1,,,,0,37.95,0.127,0.086,6,question,9
2026-10-08 23:36:41.024,260.94,20261008_233220,jeb,question,13,612,manual,truth,72.8,376.6,1,,,,0,37.95,0.122,0.079,6,question,9
2026-10-08 23:36:41.224,261.14,20261008_233220,jeb,question,13,612,manual,truth,72.8,359.1,1,,,,0,37.96,0.112,0.072,6,question,9
2026-10-08 23:36:41.429,261.35,20261008_233220,jeb,question,13,612,manual,truth,72.8,359.1,1,,,,0,37.96,0.102,0.066,6,question,9
2026-10-08 23:36:41.632,261.55,20261008_233220,jeb,question,13,612,manual,truth,72.8,359.1,1,,,,0,37.96,0.104,0.06,6,question,9
2026-10-08 23:36:41.835,261.75,20261008_233220,jeb,question,13,612,manual,truth,72.8,359.1,1,,,,0,37.97,0.098,0.055,6,question,9
2026-10-08 23:36:42.048,261.97,20261008_233220,jeb,question,13,612,manual,truth,72.5,356.7,1,,,,0,37.97,0.096,0.05,6,question,9
2026-10-08 23:36:42.244,262.16,20261008_233220,jeb,question,13,612,manual,truth,72.5,356.7,1,,,,0,37.97,0.093,0.048,6,question,9
2026-10-08 23:36:42.449,262.37,20261008_233220,jeb,question,13,612,manual,truth,72.5,356.7,1,,,,0,37.97,0.087,0.044,6,question,9
2026-10-08 23:36:42.654,262.57,20261008_233220,jeb,question,13,612,manual,truth,72.5,356.7,1,,,,0,37.97,0.092,0.044,6,question,9
2026-10-08 23:36:42.861,262.78,20261008_233220,jeb,question,13,612,manual,truth,72.5,290.2,1,,,,0,37.98,0.094,0.042,6,question,9
2026-10-08 23:36:43.064,262.98,20261008_233220,jeb,question,13,612,manual,truth,72.5,290.2,1,,,,0,37.98,0.088,0.038,6,question,9
2026-10-08 23:36:43.263,263.18,20261008_233220,jeb,question,13,612,manual,truth,72.5,290.2,1,,,,0,37.98,0.085,0.039,6,question,9
2026-10-08 23:36:43.470,263.39,20261008_233220,jeb,question,13,612,manual,truth,72.5,290.2,1,,,,0,37.98,0.09,0.048,6,question,9
2026-10-08 23:36:43.675,263.59,20261008_233220,jeb,question,13,612,manual,truth,72.5,131.5,1,,,,0,37.98,0.131,0.051,6,question,9
2026-10-08 23:36:43.880,263.8,20261008_233220,jeb,question,13,612,manual,truth,72.5,131.5,1,,,,0,37.99,0.198,0.06,6,question,9
2026-10-08 23:36:44.084,264.0,20261008_233220,jeb,question,13,612,manual,truth,72.5,131.5,1,,,,0,37.99,0.189,0.058,7,question,9
2026-10-08 23:36:44.290,264.21,20261008_233220,jeb,question,13,612,manual,truth,72.5,141.0,1,,,,0,37.99,0.198,0.061,7,question,9
2026-10-08 23:36:44.496,264.42,20261008_233220,jeb,question,13,612,manual,truth,72.5,141.0,1,,,,0,37.95,0.216,0.07,7,question,9
2026-10-08 23:36:44.699,264.62,20261008_233220,jeb,question,13,612,manual,truth,72.5,141.0,1,,,,0,37.95,0.21,0.069,8,question,9
2026-10-08 23:36:44.905,264.82,20261008_233220,jeb,question,13,612,manual,truth,72.5,141.0,1,,,,0,37.96,0.206,0.077,8,question,9
2026-10-08 23:36:45.113,265.03,20261008_233220,jeb,question,13,612,manual,truth,72.5,141.0,1,,,,0,37.96,0.214,0.081,8,question,9
2026-10-08 23:36:45.317,265.24,20261008_233220,jeb,question,13,612,manual,truth,79.6,141.0,1,,,,0,37.96,0.255,0.08,9,question,9
2026-10-08 23:36:45.531,265.45,20261008_233220,jeb,question,13,612,manual,truth,79.6,141.0,1,,,,0,37.97,0.238,0.077,11,question,9
2026-10-08 23:36:45.734,265.65,20261008_233220,jeb,question,13,612,manual,truth,79.6,141.0,1,,,,0,37.97,0.246,0.074,12,question,9
2026-10-08 23:36:45.939,265.86,20261008_233220,jeb,question,13,612,manual,truth,98.7,140.4,1,,,,0,37.97,0.237,0.07,18,question,9
2026-10-08 23:36:46.145,266.06,20261008_233220,jeb,question,13,612,manual,truth,98.7,140.4,1,,,,0,37.97,0.218,0.072,23,question,9
2026-10-08 23:36:46.349,266.27,20261008_233220,jeb,question,13,612,manual,truth,98.7,140.4,1,,,,0,37.97,0.202,0.066,26,question,9
2026-10-08 23:36:46.555,266.47,20261008_233220,jeb,question,13,612,manual,truth,98.7,140.4,1,,,,0,37.98,0.188,0.067,29,question,9
2026-10-08 23:36:46.758,266.68,20261008_233220,jeb,question,13,612,manual,truth,98.7,140.4,1,,,,0,37.98,0.177,0.063,31,question,9
2026-10-08 23:36:46.964,266.88,20261008_233220,jeb,question,13,612,manual,truth,98.7,140.4,1,,,,0,37.98,0.164,0.059,33,question,9
2026-10-08 23:36:47.179,267.1,20261008_233220,jeb,question,13,612,manual,truth,98.7,140.4,1,,,,0,37.98,0.159,0.055,34,question,9
2026-10-08 23:36:47.378,267.3,20261008_233220,jeb,question,13,612,manual,truth,98.7,140.4,1,,,,0,37.98,0.15,0.056,35,question,9
2026-10-08 23:36:47.587,267.51,20261008_233220,jeb,question,13,612,manual,truth,98.7,140.4,1,,,,0,37.98,0.151,0.057,35,question,9
2026-10-08 23:36:47.797,267.72,20261008_233220,jeb,question,13,612,manual,truth,98.7,140.4,1,,,,0,37.99,0.153,0.058,36,question,9
2026-10-08 23:36:47.995,267.91,20261008_233220,jeb,question,13,612,manual,truth,98.7,140.4,1,,,,0,37.99,0.14,0.057,36,question,9
2026-10-08 23:36:48.237,268.16,20261008_233220,jeb,recovery,13,612,manual,truth,98.7,140.4,1,,,,0,37.99,0.139,0.056,36,ready,9
2026-10-08 23:36:48.414,268.33,20261008_233220,jeb,recovery,13,612,manual,truth,98.7,140.4,1,,,,0,38.01,0.275,0.116,39,ready,9
2026-10-08 23:36:48.617,268.54,20261008_233220,jeb,recovery,13,612,manual,truth,98.7,140.4,1,,,,0,38.01,0.27,0.12,40,ready,9
2026-10-08 23:36:48.822,268.74,20261008_233220,jeb,recovery,13,612,manual,truth,98.7,140.4,1,,,,0,38.01,0.249,0.112,42,ready,9
2026-10-08 23:36:49.029,268.95,20261008_233220,jeb,recovery,13,612,manual,truth,98.7,140.4,1,,,,0,38.01,0.227,0.101,42,ready,9
2026-10-08 23:36:49.232,269.15,20261008_233220,jeb,recovery,13,612,manual,truth,98.7,140.4,1,,,,0,38.01,0.206,0.093,42,ready,9
2026-10-08 23:36:49.452,269.37,20261008_233220,jeb,recovery,13,612,manual,truth,98.7,140.4,1,,,,0,38.0,0.174,0.077,42,ready,9
2026-10-08 23:36:49.654,269.57,20261008_233220,jeb,recovery,13,612,manual,truth,98.7,140.4,1,,,,0,38.0,0.166,0.077,41,ready,9
2026-10-08 23:36:49.852,269.77,20261008_233220,jeb,recovery,13,612,manual,truth,98.7,140.4,1,,,,0,37.96,0.169,0.085,41,ready,9
2026-10-08 23:36:50.061,269.98,20261008_233220,jeb,recovery,13,612,manual,truth,98.7,140.4,1,,,,0,37.97,0.241,0.099,42,ready,9
2026-10-08 23:36:50.298,270.22,20261008_233220,jeb,rest,,,,,98.7,140.4,1,,,,0,37.97,0.335,0.116,44,ready,9
2026-10-08 23:36:50.466,270.39,20261008_233220,jeb,rest,,,,,98.7,140.4,1,,,,0,37.98,0.332,0.116,46,ready,9
2026-10-08 23:36:50.670,270.59,20261008_233220,jeb,rest,,,,,98.7,140.4,1,,,,0,37.98,0.308,0.113,47,ready,9
2026-10-08 23:36:50.886,270.81,20261008_233220,jeb,rest,,,,,98.7,140.4,1,,,,0,37.98,0.281,0.104,48,ready,9
2026-10-08 23:36:51.084,271.0,20261008_233220,jeb,rest,,,,,98.7,140.4,1,,,,0,37.99,0.26,0.097,48,ready,9
2026-10-08 23:36:51.281,271.2,20261008_233220,jeb,rest,,,,,98.7,140.4,1,,,,0,37.99,0.241,0.097,47,ready,9
2026-10-08 23:36:51.481,271.4,20261008_233220,jeb,rest,,,,,98.7,140.4,1,,,,0,37.99,0.221,0.092,47,ready,9
2026-10-08 23:36:51.686,271.61,20261008_233220,jeb,rest,,,,,98.7,140.4,1,,,,0,37.99,0.202,0.084,46,ready,9
2026-10-08 23:36:51.894,271.81,20261008_233220,jeb,rest,,,,,98.7,140.4,1,,,,0,37.99,0.184,0.077,45,ready,9
2026-10-08 23:36:52.096,272.02,20261008_233220,jeb,rest,,,,,98.7,140.4,1,,,,0,37.99,0.169,0.07,44,ready,9
2026-10-08 23:36:52.303,272.22,20261008_233220,jeb,rest,,,,,98.7,140.4,1,,,,0,38.0,0.16,0.066,43,ready,9
2026-10-08 23:36:52.510,272.43,20261008_233220,jeb,rest,,,,,98.7,140.4,1,,,,0,38.0,0.157,0.062,42,ready,9
2026-10-08 23:36:52.754,272.67,20261008_233220,jeb,rest,,,,,98.7,140.4,1,,,,0,38.0,0.144,0.057,42,ready,9
2026-10-08 23:36:52.930,272.85,20261008_233220,jeb,rest,,,,,98.7,140.4,1,,,,0,38.0,0.147,0.055,41,ready,9
2026-10-08 23:36:53.138,273.06,20261008_233220,jeb,rest,,,,,99.1,148.7,1,,,,0,38.0,0.162,0.059,41,ready,9
2026-10-08 23:36:53.349,273.27,20261008_233220,jeb,rest,,,,,99.1,148.7,1,,,,0,38.0,0.158,0.063,41,ready,9
2026-10-08 23:36:53.547,273.47,20261008_233220,jeb,rest,,,,,99.1,148.7,1,,,,0,38.0,0.158,0.065,40,ready,9
2026-10-08 23:36:53.754,273.67,20261008_233220,jeb,rest,,,,,99.1,142.9,1,,,,0,38.0,0.149,0.06,40,ready,9
2026-10-08 23:36:53.962,273.88,20261008_233220,jeb,rest,,,,,99.1,142.9,1,,,,0,38.0,0.136,0.057,40,ready,9
2026-10-08 23:36:54.166,274.09,20261008_233220,jeb,rest,,,,,99.1,142.9,1,,,,0,37.94,0.127,0.052,39,ready,9
2026-10-08 23:36:54.376,274.3,20261008_233220,jeb,rest,,,,,99.1,142.9,1,,,,0,37.94,0.13,0.051,39,ready,9
2026-10-08 23:36:54.581,274.5,20261008_233220,jeb,rest,,,,,99.1,142.9,1,,,,0,37.95,0.125,0.053,38,ready,9
2026-10-08 23:36:54.787,274.71,20261008_233220,jeb,rest,,,,,99.1,142.9,1,,,,0,37.95,0.13,0.062,38,ready,9
2026-10-08 23:36:54.992,274.91,20261008_233220,jeb,rest,,,,,99.1,142.9,1,,,,0,37.96,0.126,0.06,38,ready,9
2026-10-08 23:36:55.195,275.12,20261008_233220,jeb,rest,,,,,99.1,142.9,1,,,,0,37.96,0.127,0.058,38,ready,9
2026-10-08 23:36:55.400,275.32,20261008_233220,jeb,rest,,,,,99.1,142.9,1,,,,0,37.97,0.155,0.057,38,ready,9
2026-10-08 23:36:55.611,275.53,20261008_233220,jeb,rest,,,,,99.1,142.9,1,,,,0,37.96,0.146,0.053,38,ready,9
2026-10-08 23:36:55.815,275.73,20261008_233220,jeb,rest,,,,,99.1,118.3,1,,,,0,37.97,0.152,0.053,38,ready,9
2026-10-08 23:36:56.027,275.95,20261008_233220,jeb,rest,,,,,99.1,118.3,1,,,,0,37.97,0.144,0.051,38,ready,9
2026-10-08 23:36:56.231,276.15,20261008_233220,jeb,rest,,,,,99.1,118.3,1,,,,0,37.97,0.173,0.06,39,ready,9
2026-10-08 23:36:56.445,276.36,20261008_233220,jeb,rest,,,,,93.0,102.1,1,,,,0,37.97,0.165,0.056,37,ready,9
2026-10-08 23:36:56.641,276.56,20261008_233220,jeb,rest,,,,,93.0,102.1,1,,,,0,37.98,0.348,0.1,37,ready,9
2026-10-08 23:36:56.853,276.77,20261008_233220,jeb,rest,,,,,93.0,102.2,1,,,,0,37.98,0.365,0.115,39,ready,9
2026-10-08 23:36:57.050,276.97,20261008_233220,jeb,rest,,,,,93.0,102.2,1,,,,0,37.99,0.345,0.112,40,ready,9
2026-10-08 23:36:57.253,277.17,20261008_233220,jeb,rest,,,,,93.0,102.2,1,,,,0,37.99,0.333,0.104,40,ready,9
2026-10-08 23:36:57.458,277.38,20261008_233220,jeb,rest,,,,,93.0,125.4,1,,,,0,37.99,0.33,0.097,41,ready,9
2026-10-08 23:36:57.662,277.58,20261008_233220,jeb,rest,,,,,93.0,125.4,1,,,,0,37.99,0.367,0.105,42,ready,9
2026-10-08 23:36:57.864,277.78,20261008_233220,jeb,rest,,,,,93.0,132.1,1,,,,0,37.99,0.388,0.132,43,ready,9
2026-10-08 23:36:58.074,277.99,20261008_233220,jeb,rest,,,,,93.0,132.1,1,,,,0,37.99,0.384,0.13,44,ready,9
2026-10-08 23:36:58.275,278.19,20261008_233220,jeb,rest,,,,,93.0,132.1,1,,,,0,38.01,0.371,0.123,44,ready,9
2026-10-08 23:36:58.480,278.4,20261008_233220,jeb,rest,,,,,93.0,132.1,1,,,,0,37.98,0.353,0.116,44,ready,9
2026-10-08 23:36:58.749,278.67,20261008_233220,jeb,rest,,,,,93.0,132.1,1,,,,0,37.98,0.327,0.107,44,ready,9
2026-10-08 23:36:58.897,278.82,20261008_233220,jeb,rest,,,,,93.0,132.1,1,,,,0,37.99,0.398,0.132,45,ready,9
2026-10-08 23:36:59.101,279.02,20261008_233220,jeb,rest,,,,,93.0,102.6,1,,,,0,37.99,0.415,0.129,46,ready,9
2026-10-08 23:36:59.312,279.23,20261008_233220,jeb,rest,,,,,93.0,102.6,1,,,,0,37.99,0.385,0.124,46,ready,9
2026-10-08 23:36:59.511,279.43,20261008_233220,jeb,rest,,,,,93.0,102.6,1,,,,0,38.0,0.35,0.114,46,ready,9
2026-10-08 23:36:59.717,279.64,20261008_233220,jeb,rest,,,,,93.0,102.6,1,,,,0,38.0,0.318,0.104,45,ready,9
2026-10-08 23:36:59.922,279.84,20261008_233220,jeb,rest,,,,,93.0,102.6,1,,,,0,38.0,0.292,0.096,44,ready,9
2026-10-08 23:37:00.126,280.05,20261008_233220,jeb,rest,,,,,93.0,102.6,1,,,,0,38.0,0.266,0.087,43,ready,9
2026-10-08 23:37:00.493,280.41,20261008_233220,jeb,rest,,,,,93.0,102.6,1,,,,0,38.0,0.244,0.08,41,ready,9
2026-10-08 23:37:00.544,280.46,20261008_233220,jeb,rest,,,,,93.0,102.6,1,,,,0,38.0,0.227,0.075,40,ready,9
2026-10-08 23:37:00.743,280.66,20261008_233220,jeb,rest,,,,,93.0,102.6,1,,,,0,38.0,0.208,0.068,39,ready,9
2026-10-08 23:37:00.958,280.88,20261008_233220,jeb,rest,,,,,93.0,102.6,1,,,,0,38.0,0.19,0.064,37,ready,9
2026-10-08 23:37:01.159,281.08,20261008_233220,jeb,rest,,,,,93.0,102.6,1,,,,0,38.01,0.175,0.061,36,ready,9
2026-10-08 23:37:01.363,281.28,20261008_233220,jeb,rest,,,,,93.0,102.6,1,,,,0,38.01,0.159,0.056,35,ready,9
2026-10-08 23:37:01.695,281.61,20261008_233220,jeb,rest,,,,,93.0,102.6,1,,,,0,38.01,0.147,0.053,33,ready,9
2026-10-08 23:37:01.780,281.7,20261008_233220,jeb,rest,,,,,93.0,102.6,1,,,,0,38.01,0.142,0.053,32,ready,9
2026-10-08 23:37:01.985,281.9,20261008_233220,jeb,rest,,,,,93.0,102.6,1,,,,0,38.01,0.153,0.056,32,ready,9
2026-10-08 23:37:02.207,282.13,20261008_233220,jeb,rest,,,,,,,1,,,,0,38.01,0.169,0.063,35,ready,9
2026-10-08 23:37:02.403,282.32,20261008_233220,jeb,rest,,,,,,,1,,,,0,38.01,0.166,0.06,38,ready,9
2026-10-08 23:37:02.614,282.53,20261008_233220,jeb,rest,,,,,,,1,,,,0,37.99,0.161,0.057,40,ready,9
2026-10-08 23:37:02.834,282.75,20261008_233220,jeb,rest,,,,,,,1,,,,0,37.95,0.189,0.096,43,ready,9
2026-10-08 23:37:03.021,282.94,20261008_233220,jeb,recovery,14,613,manual,lie,,,1,,,,0,37.95,0.196,0.104,46,ready,9
2026-10-08 23:37:03.224,283.14,20261008_233220,jeb,question,14,613,manual,lie,,,1,,,,0,37.96,0.215,0.102,50,question,9
2026-10-08 23:37:03.429,283.35,20261008_233220,jeb,question,14,613,manual,lie,,,1,,,,0,37.96,0.203,0.098,52,question,9
2026-10-08 23:37:03.644,283.56,20261008_233220,jeb,question,14,613,manual,lie,,,1,,,,0,37.97,0.19,0.091,53,question,9
2026-10-08 23:37:03.844,283.76,20261008_233220,jeb,question,14,613,manual,lie,,,1,,,,0,37.97,0.199,0.089,55,question,9
2026-10-08 23:37:04.044,283.96,20261008_233220,jeb,question,14,613,manual,lie,90.9,102.6,1,,,,0,37.98,0.191,0.081,51,question,9
2026-10-08 23:37:04.249,284.17,20261008_233220,jeb,question,14,613,manual,lie,90.9,102.6,1,,,,0,37.98,0.177,0.074,47,question,9
2026-10-08 23:37:04.459,284.38,20261008_233220,jeb,question,14,613,manual,lie,90.9,102.6,1,,,,0,37.98,0.17,0.068,43,question,9
2026-10-08 23:37:04.662,284.58,20261008_233220,jeb,question,14,613,manual,lie,90.9,102.6,1,,,,0,37.99,0.161,0.077,40,question,9
2026-10-08 23:37:04.865,284.78,20261008_233220,jeb,question,14,613,manual,lie,90.9,102.6,1,,,,0,37.99,0.154,0.087,37,question,9
2026-10-08 23:37:05.076,285.0,20261008_233220,jeb,question,14,613,manual,lie,90.9,104.2,1,,,,0,37.99,0.152,0.086,35,question,9
2026-10-08 23:37:05.276,285.2,20261008_233220,jeb,question,14,613,manual,lie,90.9,104.2,1,,,,0,37.99,0.155,0.083,33,question,9
2026-10-08 23:37:05.817,285.74,20261008_233220,jeb,question,14,613,manual,lie,90.9,104.2,1,,,,0,37.99,0.145,0.077,32,question,9
2026-10-08 23:37:05.820,285.74,20261008_233220,jeb,question,14,613,manual,lie,80.3,99.3,1,,,,0,37.99,0.137,0.071,28,question,9
2026-10-08 23:37:05.891,285.81,20261008_233220,jeb,question,14,613,manual,lie,80.3,99.3,1,,,,0,37.99,0.154,0.067,25,question,9
2026-10-08 23:37:06.095,286.01,20261008_233220,jeb,question,14,613,manual,lie,80.3,99.3,1,,,,0,38.0,0.171,0.065,23,question,9
2026-10-08 23:37:06.300,286.22,20261008_233220,jeb,question,14,613,manual,lie,80.3,99.3,1,,,,0,38.0,0.16,0.061,21,question,9
2026-10-08 23:37:06.506,286.43,20261008_233220,jeb,question,14,613,manual,lie,80.3,99.3,1,,,,0,38.0,0.154,0.059,20,question,9
2026-10-08 23:37:06.716,286.64,20261008_233220,jeb,question,14,613,manual,lie,80.3,99.3,1,,,,0,38.0,0.143,0.058,18,question,9
2026-10-08 23:37:06.910,286.83,20261008_233220,jeb,question,14,613,manual,lie,80.3,99.3,1,0.061,0.061,0.0,1,37.94,0.132,0.054,17,question,9
2026-10-08 23:37:09.023,288.94,20261008_233220,jeb,question,14,613,manual,lie,80.3,99.3,1,,,,0,37.98,0.24,0.117,18,question,8
2026-10-08 23:37:09.223,289.14,20261008_233220,jeb,question,14,613,manual,lie,80.3,99.3,1,,,,0,37.98,0.221,0.106,18,question,8
2026-10-08 23:37:09.445,289.36,20261008_233220,jeb,question,14,613,manual,lie,80.3,99.3,1,,,,0,37.98,0.203,0.097,17,question,8
2026-10-08 23:37:09.639,289.56,20261008_233220,jeb,question,14,613,manual,lie,80.3,99.3,1,,,,0,37.98,0.192,0.09,17,question,8
2026-10-08 23:37:09.909,289.83,20261008_233220,jeb,question,14,613,manual,lie,80.3,99.3,1,,,,0,38.0,0.176,0.083,16,question,8
2026-10-08 23:37:10.047,289.97,20261008_233220,jeb,question,14,613,manual,lie,80.3,99.3,1,,,,0,38.0,0.191,0.083,16,question,8
2026-10-08 23:37:10.258,290.18,20261008_233220,jeb,question,14,613,manual,lie,80.3,99.3,1,,,,0,38.0,0.19,0.098,15,question,8
2026-10-08 23:37:10.464,290.38,20261008_233220,jeb,question,14,613,manual,lie,80.3,99.3,1,,,,0,38.0,0.24,0.097,16,question,8
2026-10-08 23:37:10.671,290.59,20261008_233220,jeb,question,14,613,manual,lie,80.3,107.0,1,,,,0,38.01,0.322,0.103,17,question,8
2026-10-08 23:37:10.871,290.79,20261008_233220,jeb,question,14,613,manual,lie,80.3,107.0,1,,,,0,38.01,0.296,0.094,17,question,8
2026-10-08 23:37:11.076,291.0,20261008_233220,jeb,question,14,613,manual,lie,80.3,107.0,1,,,,0,38.01,0.271,0.086,17,question,8
2026-10-08 23:37:11.271,291.19,20261008_233220,jeb,question,14,613,manual,lie,80.3,107.0,1,,,,0,38.01,0.247,0.079,17,question,8
2026-10-08 23:37:11.472,291.39,20261008_233220,jeb,question,14,613,manual,lie,80.3,107.0,1,,,,0,38.01,0.29,0.087,18,question,8
2026-10-08 23:37:11.677,291.6,20261008_233220,jeb,question,14,613,manual,lie,80.3,107.0,1,,,,0,38.01,0.341,0.095,18,question,8
2026-10-08 23:37:11.874,291.79,20261008_233220,jeb,question,14,613,manual,lie,80.3,107.0,1,,,,0,38.02,0.285,0.081,19,question,8
2026-10-08 23:37:12.089,292.01,20261008_233220,jeb,question,14,613,manual,lie,80.3,107.0,1,,,,0,38.01,0.259,0.074,18,question,8
2026-10-08 23:37:12.289,292.21,20261008_233220,jeb,question,14,613,manual,lie,80.3,107.0,1,,,,0,38.02,0.234,0.067,18,question,8
2026-10-08 23:37:12.492,292.41,20261008_233220,jeb,question,14,613,manual,lie,80.3,107.0,1,,,,0,37.96,0.213,0.061,18,question,8
2026-10-08 23:37:12.877,292.8,20261008_233220,jeb,question,14,613,manual,lie,80.3,107.0,1,,,,0,37.96,0.193,0.056,17,question,8
2026-10-08 23:37:12.897,292.82,20261008_233220,jeb,question,14,613,manual,lie,80.3,107.0,1,,,,0,37.97,0.175,0.051,16,question,8
2026-10-08 23:37:13.108,293.03,20261008_233220,jeb,question,14,613,manual,lie,80.3,107.0,1,,,,0,37.97,0.16,0.046,16,question,8
2026-10-08 23:37:13.306,293.23,20261008_233220,jeb,question,14,613,manual,lie,80.3,107.0,1,,,,0,37.98,0.147,0.042,15,question,8
2026-10-08 23:37:13.511,293.43,20261008_233220,jeb,question,14,613,manual,lie,80.3,107.0,1,,,,0,37.99,0.134,0.039,15,question,8
2026-10-08 23:37:13.718,293.64,20261008_233220,jeb,question,14,613,manual,lie,80.3,107.0,1,,,,0,37.99,0.124,0.036,14,question,8
2026-10-08 23:37:13.922,293.84,20261008_233220,jeb,question,14,613,manual,lie,80.3,107.0,1,,,,0,37.99,0.128,0.036,14,question,8
2026-10-08 23:37:14.127,294.05,20261008_233220,jeb,question,14,613,manual,lie,80.3,107.0,1,,,,0,38.0,0.161,0.042,13,question,8
2026-10-08 23:37:14.339,294.26,20261008_233220,jeb,question,14,613,manual,lie,80.3,107.0,1,,,,0,38.0,0.15,0.039,13,question,8
2026-10-08 23:37:14.542,294.46,20261008_233220,jeb,question,14,613,manual,lie,80.3,107.0,1,,,,0,37.98,0.139,0.039,13,question,8
2026-10-08 23:37:14.755,294.67,20261008_233220,jeb,question,14,613,manual,lie,80.3,107.0,1,,,,0,37.99,0.129,0.037,13,question,8
2026-10-08 23:37:14.953,294.87,20261008_233220,jeb,recovery,14,613,manual,lie,90.3,107.0,1,,,,0,37.99,0.122,0.034,15,ready,8
2026-10-08 23:37:15.162,295.08,20261008_233220,jeb,recovery,14,613,manual,lie,90.3,107.0,1,,,,0,37.97,0.115,0.033,16,ready,8
2026-10-08 23:37:15.374,295.29,20261008_233220,jeb,recovery,14,613,manual,lie,90.3,107.0,1,,,,0,37.98,0.107,0.032,17,ready,8
2026-10-08 23:37:15.570,295.49,20261008_233220,jeb,recovery,14,613,manual,lie,100.5,107.2,1,,,,0,37.98,0.098,0.033,21,ready,8
2026-10-08 23:37:15.781,295.7,20261008_233220,jeb,recovery,14,613,manual,lie,100.5,107.2,1,,,,0,37.98,0.094,0.037,23,ready,8
2026-10-08 23:37:15.978,295.9,20261008_233220,jeb,recovery,14,613,manual,lie,100.5,107.2,1,,,,0,37.99,0.104,0.044,26,ready,8
2026-10-08 23:37:16.183,296.1,20261008_233220,jeb,recovery,14,613,manual,lie,100.5,107.2,1,,,,0,37.99,0.109,0.047,28,ready,8
2026-10-08 23:37:16.392,296.31,20261008_233220,jeb,recovery,14,613,manual,lie,100.5,129.9,1,,,,0,38.0,0.128,0.051,30,ready,8
2026-10-08 23:37:16.601,296.52,20261008_233220,jeb,recovery,14,613,manual,lie,100.5,129.9,1,,,,0,38.01,0.166,0.09,33,ready,9
2026-10-08 23:37:16.973,296.89,20261008_233220,jeb,recovery,14,613,manual,lie,100.5,129.9,1,,,,0,38.01,0.215,0.127,35,ready,9
2026-10-08 23:37:17.008,296.93,20261008_233220,jeb,recovery,14,613,manual,lie,100.5,100.8,1,,,,0,38.01,0.2,0.132,37,ready,9
2026-10-08 23:37:17.218,297.14,20261008_233220,jeb,recovery,14,613,manual,lie,100.5,100.8,1,,,,0,38.02,0.188,0.122,39,ready,8
2026-10-08 23:37:17.428,297.35,20261008_233220,jeb,recovery,14,613,manual,lie,100.5,100.8,1,,,,0,38.02,0.179,0.111,40,ready,8
2026-10-08 23:37:17.641,297.56,20261008_233220,jeb,rest,,,,,96.2,88.8,1,,,,0,38.02,0.169,0.103,39,ready,8
2026-10-08 23:37:17.838,297.76,20261008_233220,jeb,rest,,,,,96.2,88.8,1,,,,0,38.02,0.155,0.095,38,ready,8
2026-10-08 23:37:18.043,297.96,20261008_233220,jeb,rest,,,,,96.2,88.8,1,,,,0,38.03,0.148,0.088,37,ready,8
2026-10-08 23:37:18.255,298.17,20261008_233220,jeb,rest,,,,,96.2,88.8,1,,,,0,38.03,0.282,0.091,39,ready,8
2026-10-08 23:37:18.459,298.38,20261008_233220,jeb,rest,,,,,96.2,88.8,1,,,,0,38.03,0.273,0.086,40,ready,8
2026-10-08 23:37:18.667,298.59,20261008_233220,jeb,rest,,,,,96.2,88.8,1,,,,0,38.03,0.256,0.083,40,ready,8
2026-10-08 23:37:18.871,298.79,20261008_233220,jeb,rest,,,,,96.2,88.8,1,,,,0,38.03,0.233,0.075,40,ready,8
2026-10-08 23:37:19.070,298.99,20261008_233220,jeb,rest,,,,,96.2,88.8,1,,,,0,38.03,0.216,0.069,40,ready,8
2026-10-08 23:37:19.280,299.2,20261008_233220,jeb,rest,,,,,96.2,88.8,1,,,,0,38.03,0.206,0.065,40,ready,8
2026-10-08 23:37:19.479,299.4,20261008_233220,jeb,rest,,,,,96.2,88.8,1,,,,0,38.03,0.213,0.088,40,ready,8
2026-10-08 23:37:19.687,299.61,20261008_233220,jeb,rest,,,,,96.2,88.8,1,,,,0,38.03,0.228,0.096,40,ready,8
2026-10-08 23:37:19.892,299.81,20261008_233220,jeb,recovery,15,614,manual,lie,96.2,88.8,1,,,,0,38.03,0.284,0.11,41,ready,8
2026-10-08 23:37:20.102,300.02,20261008_233220,jeb,question,15,614,manual,lie,96.2,88.8,1,,,,0,38.04,0.344,0.109,43,question,8
2026-10-08 23:37:20.304,300.22,20261008_233220,jeb,question,15,614,manual,lie,96.2,88.8,1,,,,0,38.03,0.357,0.121,44,question,8
2026-10-08 23:37:20.507,300.43,20261008_233220,jeb,question,15,614,manual,lie,96.2,88.8,1,,,,0,38.03,0.346,0.122,45,question,8
2026-10-08 23:37:20.717,300.64,20261008_233220,jeb,question,15,614,manual,lie,96.2,88.8,1,,,,0,38.03,0.321,0.124,46,question,8
2026-10-08 23:37:20.920,300.84,20261008_233220,jeb,question,15,614,manual,lie,86.4,122.6,1,,,,0,38.03,0.329,0.124,43,question,8
2026-10-08 23:37:21.128,301.05,20261008_233220,jeb,question,15,614,manual,lie,86.4,122.6,1,,,,0,37.96,0.301,0.114,40,question,9
2026-10-08 23:37:21.332,301.25,20261008_233220,jeb,question,15,614,manual,lie,86.4,122.6,1,,,,0,37.97,0.273,0.105,38,question,9
2026-10-08 23:37:21.592,301.51,20261008_233220,jeb,question,15,614,manual,lie,86.4,122.6,1,,,,0,37.97,0.249,0.095,36,question,9
2026-10-08 23:37:21.743,301.66,20261008_233220,jeb,question,15,614,manual,lie,86.4,122.6,1,,,,0,37.98,0.233,0.087,33,question,9
2026-10-08 23:37:21.960,301.88,20261008_233220,jeb,question,15,614,manual,lie,86.4,122.6,1,,,,0,37.99,0.252,0.091,32,question,9
2026-10-08 23:37:22.165,302.08,20261008_233220,jeb,question,15,614,manual,lie,86.4,122.6,1,,,,0,38.0,0.258,0.094,31,question,9
2026-10-08 23:37:22.362,302.28,20261008_233220,jeb,question,15,614,manual,lie,86.4,122.6,1,,,,0,37.95,0.235,0.086,29,question,8
2026-10-08 23:37:22.581,302.5,20261008_233220,jeb,question,15,614,manual,lie,86.4,122.6,1,,,,0,37.96,0.213,0.078,28,question,8
2026-10-08 23:37:22.778,302.7,20261008_233220,jeb,question,15,614,manual,lie,86.4,122.6,1,,,,0,37.96,0.194,0.071,27,question,8
2026-10-08 23:37:22.984,302.9,20261008_233220,jeb,question,15,614,manual,lie,86.4,122.6,1,,,,0,37.97,0.176,0.065,26,question,8
2026-10-08 23:37:23.190,303.11,20261008_233220,jeb,question,15,614,manual,lie,86.4,122.6,1,,,,0,37.97,0.162,0.06,25,question,8
2026-10-08 23:37:23.426,303.35,20261008_233220,jeb,question,15,614,manual,lie,86.4,122.6,1,,,,0,37.97,0.151,0.056,24,question,8
2026-10-08 23:37:23.608,303.53,20261008_233220,jeb,question,15,614,manual,lie,86.4,122.6,1,,,,0,37.98,0.143,0.054,23,question,8
2026-10-08 23:37:23.803,303.72,20261008_233220,jeb,question,15,614,manual,lie,86.4,122.6,1,,,,0,37.98,0.146,0.051,22,question,8
2026-10-08 23:37:24.019,303.94,20261008_233220,jeb,question,15,614,manual,lie,86.4,122.6,1,,,,0,37.98,0.136,0.048,21,question,8
2026-10-08 23:37:24.221,304.14,20261008_233220,jeb,question,15,614,manual,lie,86.4,122.6,1,,,,0,37.99,0.125,0.044,20,question,8
2026-10-08 23:37:24.421,304.34,20261008_233220,jeb,question,15,614,manual,lie,86.4,122.6,1,,,,0,37.99,0.114,0.041,20,question,8
2026-10-08 23:37:24.621,304.54,20261008_233220,jeb,question,15,614,manual,lie,86.4,122.6,1,,,,0,37.99,0.105,0.037,19,question,8
2026-10-08 23:37:24.821,304.74,20261008_233220,jeb,question,15,614,manual,lie,86.4,122.6,1,,,,0,38.0,0.096,0.034,19,question,8
2026-10-08 23:37:25.020,304.94,20261008_233220,jeb,question,15,614,manual,lie,86.4,122.6,1,,,,0,38.0,0.092,0.033,18,question,8
2026-10-08 23:37:25.220,305.14,20261008_233220,jeb,question,15,614,manual,lie,,,1,,,,0,38.0,0.088,0.03,19,question,8
2026-10-08 23:37:25.421,305.34,20261008_233220,jeb,question,15,614,manual,lie,,,1,,,,0,38.0,0.092,0.034,20,question,8
2026-10-08 23:37:25.654,305.57,20261008_233220,jeb,question,15,614,manual,lie,,,1,,,,0,38.0,0.086,0.031,21,question,8
2026-10-08 23:37:25.833,305.75,20261008_233220,jeb,question,15,614,manual,lie,,,1,,,,0,38.0,0.083,0.031,21,question,8
2026-10-08 23:37:26.040,305.96,20261008_233220,jeb,question,15,614,manual,lie,,,1,,,,0,38.01,0.077,0.029,21,question,8
2026-10-08 23:37:26.242,306.16,20261008_233220,jeb,question,15,614,manual,lie,,,1,,,,0,38.01,0.07,0.026,21,question,8
2026-10-08 23:37:26.451,306.37,20261008_233220,jeb,question,15,614,manual,lie,,,1,,,,0,38.01,0.067,0.025,21,question,8
2026-10-08 23:37:26.667,306.59,20261008_233220,jeb,question,15,614,manual,lie,,,1,,,,0,37.97,0.062,0.025,20,question,8
2026-10-08 23:37:26.867,306.79,20261008_233220,jeb,question,15,614,manual,lie,,,1,,,,0,37.98,0.058,0.023,20,question,8
2026-10-08 23:37:27.072,306.99,20261008_233220,jeb,question,15,614,manual,lie,,,1,,,,0,37.98,0.063,0.028,20,question,8
2026-10-08 23:37:27.271,307.19,20261008_233220,jeb,question,15,614,manual,lie,,,1,,,,0,37.99,0.086,0.033,20,question,8
2026-10-08 23:37:27.483,307.4,20261008_233220,jeb,question,15,614,manual,lie,,,1,,,,0,37.99,0.092,0.035,21,question,8
2026-10-08 23:37:27.688,307.61,20261008_233220,jeb,question,15,614,manual,lie,,,1,,,,0,38.0,0.088,0.033,22,question,8
2026-10-08 23:37:27.892,307.81,20261008_233220,jeb,question,15,614,manual,lie,,,1,,,,0,38.0,0.083,0.036,22,question,8
2026-10-08 23:37:28.100,308.02,20261008_233220,jeb,question,15,614,manual,lie,,,1,,,,0,38.01,0.083,0.045,22,question,8
2026-10-08 23:37:28.318,308.24,20261008_233220,jeb,question,15,614,manual,lie,,,1,,,,0,37.95,0.138,0.069,26,question,8
2026-10-08 23:37:28.518,308.44,20261008_233220,jeb,question,15,614,manual,lie,,,1,,,,0,37.96,0.127,0.066,27,question,8
2026-10-08 23:37:29.084,309.0,20261008_233220,jeb,question,15,614,manual,lie,,,1,,,,0,37.97,0.129,0.064,29,question,8
2026-10-08 23:37:29.085,309.0,20261008_233220,jeb,question,15,614,manual,lie,,,1,,,,0,37.97,0.13,0.062,31,question,8
2026-10-08 23:37:29.133,309.05,20261008_233220,jeb,question,15,614,manual,lie,,,1,,,,0,37.98,0.124,0.056,31,question,8
2026-10-08 23:37:29.336,309.26,20261008_233220,jeb,question,15,614,manual,lie,,,1,,,,0,37.98,0.116,0.051,32,question,8
2026-10-08 23:37:29.541,309.46,20261008_233220,jeb,question,15,614,manual,lie,,,1,,,,0,37.99,0.115,0.048,32,question,8
2026-10-08 23:37:29.750,309.67,20261008_233220,jeb,question,15,614,manual,lie,,,1,,,,0,37.99,0.107,0.045,31,question,8
2026-10-08 23:37:29.954,309.87,20261008_233220,jeb,question,15,614,manual,lie,,,1,,,,0,38.0,0.102,0.043,31,question,8
2026-10-08 23:37:30.160,310.08,20261008_233220,jeb,question,15,614,manual,lie,,,1,,,,0,38.0,0.102,0.041,30,question,8
2026-10-08 23:37:30.368,310.29,20261008_233220,jeb,question,15,614,manual,lie,54.6,,1,,,,0,38.0,0.096,0.038,26,question,8
2026-10-08 23:37:30.574,310.49,20261008_233220,jeb,question,15,614,manual,lie,54.6,,1,,,,0,38.0,0.09,0.039,22,question,8
2026-10-08 23:37:30.782,310.7,20261008_233220,jeb,question,15,614,manual,lie,54.6,,1,,,,0,37.94,0.083,0.036,19,question,8
2026-10-08 23:37:30.982,310.9,20261008_233220,jeb,question,15,614,manual,lie,54.6,,1,,,,0,37.95,0.079,0.033,16,question,8
2026-10-08 23:37:31.184,311.1,20261008_233220,jeb,question,15,614,manual,lie,80.8,,1,,,,0,37.95,0.076,0.032,15,question,8
2026-10-08 23:37:31.389,311.31,20261008_233220,jeb,question,15,614,manual,lie,80.8,,1,,,,0,37.96,0.071,0.029,14,question,8
2026-10-08 23:37:31.598,311.52,20261008_233220,jeb,question,15,614,manual,lie,80.8,,1,,,,0,37.96,0.074,0.027,13,question,8
2026-10-08 23:37:31.802,311.72,20261008_233220,jeb,recovery,15,614,manual,lie,80.8,,1,,,,0,37.97,0.075,0.027,13,ready,8
2026-10-08 23:37:32.025,311.94,20261008_233220,jeb,recovery,15,614,manual,lie,76.2,,1,,,,0,37.98,0.08,0.032,12,ready,8
2026-10-08 23:37:32.224,312.14,20261008_233220,jeb,recovery,15,614,manual,lie,76.2,,1,,,,0,37.94,0.079,0.029,11,ready,8
2026-10-08 23:37:32.415,312.34,20261008_233220,jeb,recovery,15,614,manual,lie,76.2,,1,,,,0,37.93,0.074,0.028,10,ready,8
2026-10-08 23:37:32.621,312.54,20261008_233220,jeb,recovery,15,614,manual,lie,76.2,,1,,,,0,37.94,0.071,0.026,10,ready,8
2026-10-08 23:37:32.830,312.75,20261008_233220,jeb,recovery,15,614,manual,lie,80.8,372.0,1,,,,0,37.94,0.076,0.027,10,ready,8
2026-10-08 23:37:33.038,312.96,20261008_233220,jeb,recovery,15,614,manual,lie,80.8,372.0,1,,,,0,37.88,0.108,0.027,10,ready,8
2026-10-08 23:37:33.238,313.16,20261008_233220,jeb,recovery,15,614,manual,lie,80.8,372.0,1,,,,0,37.89,0.105,0.032,10,ready,8
2026-10-08 23:37:33.446,313.37,20261008_233220,jeb,recovery,15,614,manual,lie,80.8,372.0,1,,,,0,37.9,0.104,0.036,11,ready,8
2026-10-08 23:37:33.654,313.57,20261008_233220,jeb,recovery,15,614,manual,lie,80.8,336.0,1,,,,0,37.91,0.096,0.035,11,ready,8
2026-10-08 23:37:33.867,313.79,20261008_233220,jeb,recovery,15,614,manual,lie,80.8,336.0,1,,,,0,37.92,0.106,0.042,11,ready,8
2026-10-08 23:37:34.068,313.99,20261008_233220,jeb,recovery,15,614,manual,lie,80.8,336.0,1,,,,0,37.93,0.099,0.046,11,ready,8
2026-10-08 23:37:34.268,314.19,20261008_233220,jeb,recovery,15,614,manual,lie,80.8,313.4,1,,,,0,37.94,0.114,0.059,11,ready,8
2026-10-08 23:37:34.482,314.4,20261008_233220,jeb,rest,,,,,80.8,313.4,1,,,,0,37.94,0.173,0.072,11,ready,8
2026-10-08 23:37:34.701,314.62,20261008_233220,jeb,rest,,,,,80.8,313.4,1,,,,0,37.95,0.162,0.069,12,ready,8
2026-10-08 23:37:34.887,314.81,20261008_233220,jeb,rest,,,,,80.8,313.4,1,0.062,0.062,0.0,1,37.88,0.149,0.062,12,ready,8
2026-10-08 23:37:35.091,315.01,20261008_233220,jeb,rest,,,,,76.0,308.8,1,,,,0,37.9,0.138,0.057,11,ready,8
2026-10-08 23:37:35.298,315.22,20261008_233220,jeb,rest,,,,,76.0,308.8,1,,,,0,37.9,0.13,0.056,11,ready,8
2026-10-08 23:37:35.514,315.43,20261008_233220,jeb,rest,,,,,76.0,308.8,1,,,,0,37.92,0.121,0.053,10,ready,8
2026-10-08 23:37:35.713,315.63,20261008_233220,jeb,rest,,,,,79.7,294.2,1,,,,0,37.9,0.103,0.046,10,ready,8
2026-10-08 23:37:35.924,315.84,20261008_233220,jeb,rest,,,,,79.7,294.2,1,,,,0,37.91,0.096,0.042,10,ready,8
2026-10-08 23:37:36.134,316.05,20261008_233220,jeb,rest,,,,,79.7,294.2,1,,,,0,37.92,0.088,0.039,10,ready,8
2026-10-08 23:37:36.346,316.27,20261008_233220,jeb,rest,,,,,79.7,279.3,1,,,,0,37.93,0.08,0.036,10,ready,8
2026-10-08 23:37:36.549,316.47,20261008_233220,jeb,rest,,,,,79.7,279.3,1,,,,0,37.93,0.074,0.033,10,ready,8
2026-10-08 23:37:36.749,316.67,20261008_233220,jeb,rest,,,,,79.7,279.3,1,,,,0,37.94,0.07,0.031,10,ready,8
2026-10-08 23:37:36.953,316.87,20261008_233220,jeb,rest,,,,,79.7,279.3,1,,,,0,37.95,0.068,0.031,10,ready,8
2026-10-08 23:37:37.163,317.08,20261008_233220,jeb,rest,,,,,79.7,279.3,1,,,,0,37.95,0.065,0.029,10,ready,8
2026-10-08 23:37:37.367,317.29,20261008_233220,jeb,rest,,,,,79.7,269.8,1,,,,0,37.96,0.065,0.03,9,ready,8
2026-10-08 23:37:37.580,317.5,20261008_233220,jeb,rest,,,,,79.7,269.8,1,,,,0,37.96,0.07,0.032,9,ready,8
2026-10-08 23:37:37.785,317.7,20261008_233220,jeb,rest,,,,,79.7,269.8,1,,,,0,37.97,0.071,0.029,9,ready,8
2026-10-08 23:37:37.988,317.91,20261008_233220,jeb,rest,,,,,79.7,269.8,1,,,,0,37.97,0.066,0.028,9,ready,8
2026-10-08 23:37:38.204,318.12,20261008_233220,jeb,rest,,,,,73.3,257.4,1,,,,0,37.98,0.063,0.026,9,ready,8
2026-10-08 23:37:38.399,318.32,20261008_233220,jeb,rest,,,,,73.3,257.4,1,,,,0,37.98,0.057,0.024,8,ready,8
2026-10-08 23:37:38.612,318.53,20261008_233220,jeb,rest,,,,,73.3,257.4,1,,,,0,37.98,0.055,0.023,8,ready,8
2026-10-08 23:37:38.812,318.73,20261008_233220,jeb,rest,,,,,73.3,257.4,1,,,,0,37.99,0.054,0.022,7,ready,8
2026-10-08 23:37:39.017,318.94,20261008_233220,jeb,rest,,,,,79.7,139.9,1,,,,0,37.99,0.053,0.025,8,ready,8
2026-10-08 23:37:39.227,319.15,20261008_233220,jeb,rest,,,,,79.7,139.9,1,,,,0,37.99,0.051,0.024,8,ready,8
2026-10-08 23:37:39.432,319.35,20261008_233220,jeb,rest,,,,,79.7,139.9,1,,,,0,38.0,0.048,0.023,8,ready,8
2026-10-08 23:37:39.638,319.56,20261008_233220,jeb,rest,,,,,79.7,139.9,1,,,,0,38.0,0.046,0.022,8,ready,8
2026-10-08 23:37:39.843,319.76,20261008_233220,jeb,rest,,,,,79.7,139.9,1,,,,0,38.0,0.062,0.03,8,ready,8
2026-10-08 23:37:40.052,319.97,20261008_233220,jeb,rest,,,,,79.7,139.9,1,,,,0,37.96,0.067,0.051,8,ready,8
2026-10-08 23:37:40.262,320.18,20261008_233220,jeb,rest,,,,,79.7,139.9,1,,,,0,37.97,0.076,0.059,9,ready,8
2026-10-08 23:37:40.467,320.39,20261008_233220,jeb,rest,,,,,79.7,139.9,1,,,,0,37.97,0.073,0.057,9,ready,8
2026-10-08 23:37:40.683,320.6,20261008_233220,jeb,rest,,,,,80.3,146.7,1,,,,0,37.97,0.071,0.053,9,ready,8
2026-10-08 23:37:40.882,320.8,20261008_233220,jeb,rest,,,,,80.3,146.7,1,,,,0,37.98,0.071,0.051,9,ready,8
2026-10-08 23:37:41.127,321.05,20261008_233220,jeb,rest,,,,,80.3,146.7,1,,,,0,37.98,0.068,0.048,9,ready,8
2026-10-08 23:37:41.602,321.52,20261008_233220,jeb,rest,,,,,80.3,146.7,1,,,,0,37.98,0.065,0.044,9,ready,8
2026-10-08 23:37:41.603,321.52,20261008_233220,jeb,rest,,,,,73.3,163.3,1,,,,0,38.0,0.113,0.061,9,ready,8
2026-10-08 23:37:41.725,321.64,20261008_233220,jeb,rest,,,,,73.3,163.3,1,,,,0,38.0,0.114,0.08,8,ready,8
2026-10-08 23:37:41.960,321.88,20261008_233220,jeb,rest,,,,,73.3,163.3,1,,,,0,38.0,0.098,0.071,8,ready,8
2026-10-08 23:37:42.145,322.06,20261008_233220,jeb,rest,,,,,80.3,173.1,1,,,,0,37.99,0.091,0.066,8,ready,8
2026-10-08 23:37:42.350,322.27,20261008_233220,jeb,rest,,,,,80.3,173.1,1,,,,0,38.01,0.088,0.06,9,ready,8
2026-10-08 23:37:42.555,322.48,20261008_233220,jeb,rest,,,,,80.3,173.1,1,,,,0,38.01,0.088,0.056,9,ready,8
2026-10-08 23:37:42.761,322.68,20261008_233220,jeb,rest,,,,,80.3,173.1,1,,,,0,38.01,0.09,0.052,9,ready,8
2026-10-08 23:37:42.967,322.89,20261008_233220,jeb,rest,,,,,80.3,173.1,1,,,,0,38.01,0.098,0.05,9,ready,8
2026-10-08 23:37:43.168,323.09,20261008_233220,jeb,rest,,,,,80.3,173.1,1,,,,0,38.01,0.123,0.069,10,ready,8
2026-10-08 23:37:43.407,323.33,20261008_233220,jeb,rest,,,,,80.3,173.1,1,,,,0,38.01,0.119,0.073,10,ready,8
2026-10-08 23:37:43.576,323.5,20261008_233220,jeb,rest,,,,,80.3,173.1,1,,,,0,38.02,0.109,0.066,10,ready,8
2026-10-08 23:37:43.780,323.7,20261008_233220,jeb,rest,,,,,80.3,173.1,1,,,,0,38.02,0.1,0.062,10,ready,8
2026-10-08 23:37:43.978,323.9,20261008_233220,jeb,rest,,,,,80.3,173.1,1,,,,0,38.02,0.092,0.057,10,ready,8
2026-10-08 23:37:44.188,324.11,20261008_233220,jeb,rest,,,,,80.3,173.1,1,,,,0,37.95,0.085,0.052,10,ready,8
2026-10-08 23:37:44.395,324.31,20261008_233220,jeb,rest,,,,,80.3,173.1,1,,,,0,37.96,0.081,0.048,10,ready,8
2026-10-08 23:37:44.598,324.52,20261008_233220,jeb,rest,,,,,80.3,179.1,1,,,,0,37.96,0.074,0.043,10,ready,8
2026-10-08 23:37:44.804,324.72,20261008_233220,jeb,rest,,,,,80.3,179.1,1,,,,0,37.97,0.075,0.04,10,ready,8
2026-10-08 23:37:45.013,324.93,20261008_233220,jeb,rest,,,,,80.3,179.1,1,,,,0,37.98,0.07,0.037,10,ready,8
2026-10-08 23:37:45.219,325.14,20261008_233220,jeb,rest,,,,,81.9,175.3,1,,,,0,37.98,0.066,0.035,10,ready,8
2026-10-08 23:37:45.425,325.34,20261008_233220,jeb,question,16,615,manual,truth,81.9,175.3,1,,,,0,37.98,0.067,0.034,10,question,8
2026-10-08 23:37:45.626,325.55,20261008_233220,jeb,question,16,615,manual,truth,81.9,175.3,1,,,,0,37.99,0.062,0.031,10,question,8
2026-10-08 23:37:45.831,325.75,20261008_233220,jeb,question,16,615,manual,truth,81.9,175.3,1,,,,0,37.99,0.061,0.029,10,question,8
2026-10-08 23:37:46.035,325.95,20261008_233220,jeb,question,16,615,manual,truth,76.6,149.4,1,,,,0,37.99,0.061,0.029,10,question,8
2026-10-08 23:37:46.264,326.18,20261008_233220,jeb,question,16,615,manual,truth,76.6,149.4,1,,,,0,38.0,0.062,0.027,9,question,8
2026-10-08 23:37:46.452,326.37,20261008_233220,jeb,question,16,615,manual,truth,76.6,149.4,1,,,,0,38.0,0.06,0.025,9,question,8
2026-10-08 23:37:46.662,326.58,20261008_233220,jeb,question,16,615,manual,truth,76.6,149.4,1,,,,0,38.01,0.058,0.023,9,question,8
2026-10-08 23:37:46.863,326.78,20261008_233220,jeb,question,16,615,manual,truth,76.6,140.4,1,,,,0,38.01,0.063,0.028,8,question,8
2026-10-08 23:37:47.078,327.0,20261008_233220,jeb,question,16,615,manual,truth,76.6,140.4,1,,,,0,38.01,0.06,0.028,8,question,8
2026-10-08 23:37:47.281,327.2,20261008_233220,jeb,question,16,615,manual,truth,76.6,140.4,1,,,,0,38.02,0.061,0.026,8,question,8
2026-10-08 23:37:47.483,327.4,20261008_233220,jeb,question,16,615,manual,truth,76.6,140.4,1,,,,0,38.02,0.065,0.026,8,question,8
2026-10-08 23:37:47.694,327.61,20261008_233220,jeb,question,16,615,manual,truth,76.6,140.4,1,,,,0,38.02,0.06,0.025,8,question,8
2026-10-08 23:37:47.899,327.82,20261008_233220,jeb,question,16,615,manual,truth,72.9,138.4,1,,,,0,38.02,0.07,0.028,7,question,8
2026-10-08 23:37:48.109,328.03,20261008_233220,jeb,question,16,615,manual,truth,72.9,138.4,1,,,,0,38.02,0.069,0.026,7,question,8
2026-10-08 23:37:48.328,328.25,20261008_233220,jeb,question,16,615,manual,truth,72.9,138.4,1,,,,0,38.02,0.067,0.027,7,question,8
2026-10-08 23:37:48.513,328.43,20261008_233220,jeb,question,16,615,manual,truth,72.9,129.0,1,,,,0,37.96,0.065,0.025,6,question,8
2026-10-08 23:37:48.717,328.64,20261008_233220,jeb,question,16,615,manual,truth,72.9,129.0,1,,,,0,37.96,0.064,0.024,6,question,8
2026-10-08 23:37:48.923,328.84,20261008_233220,jeb,question,16,615,manual,truth,72.9,129.0,1,,,,0,37.97,0.066,0.024,6,question,8
2026-10-08 23:37:49.127,329.05,20261008_233220,jeb,question,16,615,manual,truth,72.9,129.0,1,,,,0,37.98,0.061,0.022,6,question,8
2026-10-08 23:37:49.330,329.25,20261008_233220,jeb,question,16,615,manual,truth,72.9,131.7,1,,,,0,37.98,0.061,0.022,6,question,8
2026-10-08 23:37:49.536,329.46,20261008_233220,jeb,question,16,615,manual,truth,72.9,131.7,1,,,,0,37.99,0.064,0.022,6,question,8
2026-10-08 23:37:49.739,329.66,20261008_233220,jeb,question,16,615,manual,truth,72.9,131.7,1,,,,0,38.0,0.061,0.022,6,question,8
2026-10-08 23:37:49.946,329.87,20261008_233220,jeb,question,16,615,manual,truth,72.9,131.7,1,,,,0,38.0,0.059,0.02,6,question,8
2026-10-08 23:37:50.149,330.07,20261008_233220,jeb,question,16,615,manual,truth,72.7,130.3,1,,,,0,38.01,0.056,0.019,6,question,8
2026-10-08 23:37:50.561,330.48,20261008_233220,jeb,question,16,615,manual,truth,72.7,130.3,1,,,,0,38.01,0.051,0.018,6,question,8
2026-10-08 23:37:50.566,330.49,20261008_233220,jeb,question,16,615,manual,truth,72.7,130.3,1,0.061,0.061,0.0,1,38.01,0.057,0.022,5,question,8
2026-10-08 23:37:50.763,330.68,20261008_233220,jeb,question,16,615,manual,truth,72.7,130.3,1,,,,0,38.01,0.094,0.057,6,question,8
2026-10-08 23:37:50.968,330.89,20261008_233220,jeb,question,16,615,manual,truth,72.7,130.3,1,0.062,0.062,0.0,1,38.02,0.091,0.064,6,question,8
2026-10-08 23:37:51.183,331.1,20261008_233220,jeb,question,16,615,manual,truth,72.7,130.3,1,,,,0,38.02,0.083,0.06,6,question,8
2026-10-08 23:37:51.383,331.3,20261008_233220,jeb,question,16,615,manual,truth,72.7,130.3,1,,,,0,38.02,0.077,0.055,6,question,8
2026-10-08 23:37:51.592,331.51,20261008_233220,jeb,question,16,615,manual,truth,72.7,130.3,1,,,,0,38.02,0.071,0.05,6,question,8
2026-10-08 23:37:51.794,331.71,20261008_233220,jeb,question,16,615,manual,truth,72.7,130.3,1,,,,0,38.02,0.066,0.046,6,question,8
2026-10-08 23:37:52.007,331.93,20261008_233220,jeb,question,16,615,manual,truth,72.7,130.3,1,,,,0,38.02,0.062,0.042,6,question,8
2026-10-08 23:37:52.213,332.13,20261008_233220,jeb,question,16,615,manual,truth,72.7,130.3,1,,,,0,38.02,0.086,0.042,6,question,8
2026-10-08 23:37:52.416,332.34,20261008_233220,jeb,question,16,615,manual,truth,72.7,130.3,1,,,,0,38.02,0.079,0.038,6,question,8
2026-10-08 23:37:52.614,332.53,20261008_233220,jeb,question,16,615,manual,truth,72.7,130.3,1,,,,0,38.02,0.074,0.036,6,question,8
2026-10-08 23:37:52.823,332.74,20261008_233220,jeb,question,16,615,manual,truth,72.7,130.3,1,,,,0,38.0,0.075,0.034,6,question,8
2026-10-08 23:37:53.033,332.95,20261008_233220,jeb,question,16,615,manual,truth,72.7,130.3,1,,,,0,38.01,0.088,0.037,6,question,8
2026-10-08 23:37:53.235,333.15,20261008_233220,jeb,question,16,615,manual,truth,72.7,130.3,1,,,,0,38.01,0.125,0.051,6,question,8
2026-10-08 23:37:53.443,333.36,20261008_233220,jeb,question,16,615,manual,truth,72.7,125.2,1,0.062,0.062,0.0,1,38.02,0.127,0.052,6,question,8
2026-10-08 23:37:53.648,333.57,20261008_233220,jeb,question,16,615,manual,truth,72.7,125.2,1,,,,0,38.02,0.154,0.06,6,question,8
2026-10-08 23:37:53.856,333.78,20261008_233220,jeb,question,16,615,manual,truth,72.7,125.2,1,,,,0,38.03,0.146,0.062,6,question,8
2026-10-08 23:37:54.063,333.98,20261008_233220,jeb,question,16,615,manual,truth,72.7,125.2,1,,,,0,38.03,0.137,0.058,6,question,8
2026-10-08 23:37:54.274,334.19,20261008_233220,jeb,question,16,615,manual,truth,72.7,125.2,1,,,,0,38.03,0.126,0.054,7,question,8
2026-10-08 23:37:54.474,334.39,20261008_233220,jeb,question,16,615,manual,truth,72.7,125.2,1,,,,0,38.03,0.124,0.053,7,question,8
2026-10-08 23:37:54.690,334.61,20261008_233220,jeb,question,16,615,manual,truth,72.7,125.2,1,,,,0,38.03,0.13,0.05,7,question,8
2026-10-08 23:37:54.893,334.81,20261008_233220,jeb,question,16,615,manual,truth,72.7,125.2,1,,,,0,38.03,0.125,0.048,7,question,8
2026-10-08 23:37:55.094,335.01,20261008_233220,jeb,question,16,615,manual,truth,72.7,125.2,1,,,,0,38.03,0.141,0.048,7,question,8
2026-10-08 23:37:55.313,335.23,20261008_233220,jeb,question,16,615,manual,truth,72.7,125.2,1,,,,0,38.04,0.184,0.05,7,question,8
2026-10-08 23:37:55.513,335.43,20261008_233220,jeb,question,16,615,manual,truth,72.7,125.2,1,,,,0,38.04,0.297,0.112,8,question,8
2026-10-08 23:37:55.717,335.64,20261008_233220,jeb,question,16,615,manual,truth,72.7,104.0,1,,,,0,38.04,0.478,0.168,10,question,8
2026-10-08 23:37:55.924,335.84,20261008_233220,jeb,question,16,615,manual,truth,72.7,104.0,1,,,,0,38.04,0.46,0.164,12,question,8
2026-10-08 23:37:56.134,336.05,20261008_233220,jeb,question,16,615,manual,truth,72.7,104.0,1,,,,0,38.05,0.447,0.159,13,question,8
2026-10-08 23:37:56.334,336.25,20261008_233220,jeb,question,16,615,manual,truth,72.7,147.8,1,,,,0,38.05,0.431,0.15,14,question,8
2026-10-08 23:37:56.533,336.45,20261008_233220,jeb,question,16,615,manual,truth,72.7,147.8,1,,,,0,38.05,0.405,0.158,14,question,8
2026-10-08 23:37:56.734,336.65,20261008_233220,jeb,question,16,615,manual,truth,72.7,147.8,1,,,,0,38.05,0.373,0.15,14,question,8
2026-10-08 23:37:56.941,336.86,20261008_233220,jeb,question,16,615,manual,truth,72.7,147.8,1,,,,0,38.01,0.351,0.143,14,question,9
2026-10-08 23:37:57.145,337.06,20261008_233220,jeb,recovery,16,615,manual,truth,72.7,147.8,1,,,,0,38.02,0.335,0.133,14,ready,8
2026-10-08 23:37:59.239,339.16,20261008_233220,jeb,recovery,16,615,manual,truth,73.4,200.9,1,,,,0,38.04,0.475,0.188,14,ready,8
2026-10-08 23:37:59.432,339.35,20261008_233220,jeb,recovery,16,615,manual,truth,73.4,200.9,1,0.062,0.062,0.0,1,38.04,0.463,0.183,15,ready,8
2026-10-08 23:37:59.639,339.56,20261008_233220,jeb,recovery,16,615,manual,truth,73.4,200.9,1,0.063,0.063,0.0,1,38.04,0.807,0.28,17,ready,8
2026-10-08 23:37:59.841,339.76,20261008_233220,jeb,recovery,16,615,manual,truth,73.4,200.9,1,,,,0,38.04,0.783,0.264,18,ready,8
2026-10-08 23:38:00.036,339.96,20261008_233220,jeb,recovery,16,615,manual,truth,73.4,200.9,1,,,,0,38.05,0.711,0.249,19,ready,8
2026-10-08 23:38:00.236,340.16,20261008_233220,jeb,rest,,,,,74.7,211.9,1,,,,0,38.06,0.672,0.239,21,ready,8
2026-10-08 23:38:00.457,340.38,20261008_233220,jeb,rest,,,,,74.7,211.9,1,,,,0,38.06,0.619,0.222,22,ready,8
2026-10-08 23:38:00.683,340.6,20261008_233220,jeb,rest,,,,,74.7,211.9,1,,,,0,38.06,0.58,0.212,22,ready,8
2026-10-08 23:38:00.854,340.77,20261008_233220,jeb,rest,,,,,74.7,211.9,1,,,,0,38.07,0.534,0.195,23,ready,8
2026-10-08 23:38:01.060,340.98,20261008_233220,jeb,rest,,,,,73.4,230.6,1,,,,0,38.07,0.493,0.183,23,ready,8
2026-10-08 23:38:01.256,341.18,20261008_233220,jeb,rest,,,,,73.4,230.6,1,,,,0,38.01,0.464,0.187,22,ready,8
2026-10-08 23:38:01.464,341.38,20261008_233220,jeb,rest,,,,,73.4,230.6,1,,,,0,38.02,0.428,0.175,22,ready,8
2026-10-08 23:38:01.674,341.59,20261008_233220,jeb,rest,,,,,73.4,230.6,1,,,,0,38.03,0.435,0.165,21,ready,8
2026-10-08 23:38:01.881,341.8,20261008_233220,jeb,rest,,,,,74.7,247.4,1,,,,0,38.03,0.404,0.166,21,ready,8
2026-10-08 23:38:02.092,342.01,20261008_233220,jeb,rest,,,,,74.7,247.4,1,0.062,0.062,0.0,1,38.04,0.37,0.155,20,ready,8
2026-10-08 23:38:02.292,342.21,20261008_233220,jeb,rest,,,,,74.7,247.4,1,0.062,0.062,-0.0,1,38.04,0.343,0.143,19,ready,8
2026-10-08 23:38:02.492,342.41,20261008_233220,jeb,rest,,,,,79.5,250.2,1,0.062,0.062,0.0,1,38.05,0.312,0.131,19,ready,8
2026-10-08 23:38:02.697,342.62,20261008_233220,jeb,rest,,,,,79.5,250.2,1,0.062,0.062,-0.0,1,38.05,0.302,0.126,19,ready,8
2026-10-08 23:38:02.898,342.82,20261008_233220,jeb,rest,,,,,79.5,250.2,1,0.062,0.062,0.0,1,38.06,0.279,0.117,19,ready,8
2026-10-08 23:38:03.107,343.03,20261008_233220,jeb,rest,,,,,79.5,250.2,1,,,,0,38.08,0.254,0.107,18,ready,8
2026-10-08 23:38:05.355,345.27,20261008_233220,jeb,rest,,,,,79.5,250.2,1,,,,0,38.03,0.114,0.056,12,ready,8
2026-10-08 23:38:05.579,345.5,20261008_233220,jeb,rest,,,,,79.5,250.2,1,0.061,0.061,0.0,1,38.04,0.108,0.052,12,ready,8
2026-10-08 23:38:05.934,345.85,20261008_233220,jeb,rest,,,,,79.5,250.2,1,,,,0,38.02,0.11,0.05,12,ready,8
2026-10-08 23:38:05.940,345.86,20261008_233220,jeb,rest,,,,,79.5,250.2,1,,,,0,37.98,0.101,0.047,11,ready,8
2026-10-08 23:38:06.135,346.05,20261008_233220,jeb,rest,,,,,79.5,250.2,1,0.062,0.062,0.0,1,38.0,0.097,0.044,11,ready,8
2026-10-08 23:38:06.347,346.27,20261008_233220,jeb,rest,,,,,79.5,250.2,1,,,,0,38.01,0.092,0.045,11,ready,8
2026-10-08 23:38:06.554,346.47,20261008_233220,jeb,rest,,,,,79.5,250.2,1,0.062,0.062,0.0,1,38.02,0.092,0.049,11,ready,8
2026-10-08 23:38:06.755,346.68,20261008_233220,jeb,rest,,,,,79.5,250.2,1,,,,0,38.03,0.094,0.049,11,ready,8
2026-10-08 23:38:06.960,346.88,20261008_233220,jeb,rest,,,,,79.5,250.2,1,,,,0,38.03,0.086,0.045,10,ready,8
2026-10-08 23:38:07.173,347.09,20261008_233220,jeb,rest,,,,,79.5,250.2,1,,,,0,38.04,0.105,0.044,10,ready,8
2026-10-08 23:38:09.288,349.21,20261008_233220,jeb,rest,,,,,120.3,,1,,,,0,38.08,0.179,0.094,66,ready,8
2026-10-08 23:38:09.494,349.41,20261008_233220,jeb,rest,,,,,120.3,,1,,,,0,38.08,0.164,0.086,68,ready,8
2026-10-08 23:38:09.692,349.61,20261008_233220,jeb,rest,,,,,120.3,,1,,,,0,38.09,0.153,0.078,70,ready,8
2026-10-08 23:38:09.902,349.82,20261008_233220,jeb,rest,,,,,120.3,,1,,,,0,38.02,0.15,0.072,71,ready,8
2026-10-08 23:38:10.117,350.04,20261008_233220,jeb,rest,,,,,120.3,,1,,,,0,38.03,0.137,0.065,72,ready,8
2026-10-08 23:38:10.309,350.23,20261008_233220,jeb,rest,,,,,120.3,,1,0.062,0.062,0.0,1,38.04,0.14,0.061,73,ready,8
2026-10-08 23:38:10.519,350.44,20261008_233220,jeb,rest,,,,,120.3,,1,0.062,0.062,0.0,1,37.98,0.141,0.058,74,ready,8
2026-10-08 23:38:10.734,350.65,20261008_233220,jeb,rest,,,,,120.3,,1,,,,0,37.99,0.165,0.061,75,ready,8
2026-10-08 23:38:10.936,350.86,20261008_233220,jeb,rest,,,,,120.3,,1,,,,0,38.0,0.184,0.072,76,ready,8
2026-10-08 23:38:11.250,351.17,20261008_233220,jeb,rest,,,,,120.3,,1,0.062,0.062,0.0,1,38.02,0.185,0.076,76,ready,8
2026-10-08 23:38:11.354,351.27,20261008_233220,jeb,rest,,,,,120.3,,1,0.062,0.062,0.0,1,38.03,0.19,0.086,77,ready,8
2026-10-08 23:38:11.550,351.47,20261008_233220,jeb,rest,,,,,120.3,,1,,,,0,38.03,0.184,0.081,77,ready,8
2026-10-08 23:38:11.763,351.68,20261008_233220,jeb,rest,,,,,120.3,,1,0.061,0.061,0.0,1,38.04,0.178,0.085,78,ready,8
2026-10-08 23:38:11.959,351.88,20261008_233220,jeb,rest,,,,,120.3,,1,,,,0,38.05,0.17,0.091,78,ready,8
2026-10-08 23:38:12.167,352.09,20261008_233220,jeb,rest,,,,,120.3,,1,,,,0,38.06,0.184,0.087,78,ready,8
2026-10-08 23:38:12.377,352.3,20261008_233220,jeb,rest,,,,,,,1,,,,0,38.06,0.247,0.088,78,ready,8
2026-10-08 23:38:12.581,352.5,20261008_233220,jeb,rest,,,,,,,1,0.062,0.062,0.0,1,38.06,0.237,0.087,77,ready,8
2026-10-08 23:38:12.788,352.71,20261008_233220,jeb,rest,,,,,,,1,,,,0,38.07,0.228,0.1,76,ready,8
2026-10-08 23:38:12.999,352.92,20261008_233220,jeb,rest,,,,,,,1,,,,0,38.08,0.214,0.111,74,ready,8
2026-10-08 23:38:13.285,353.2,20261008_233220,jeb,rest,,,,,,,1,,,,0,38.09,0.196,0.104,71,ready,8
2026-10-08 23:38:13.415,353.33,20261008_233220,jeb,rest,,,,,,,1,,,,0,38.09,0.18,0.097,68,ready,8
2026-10-08 23:38:13.619,353.54,20261008_233220,jeb,rest,,,,,,,1,,,,0,38.1,0.168,0.088,65,ready,8
2026-10-08 23:38:13.919,353.84,20261008_233220,jeb,rest,,,,,,,1,,,,0,38.1,0.371,0.126,71,ready,8
2026-10-08 23:38:14.034,353.95,20261008_233220,jeb,rest,,,,,,,1,,,,0,38.11,0.459,0.202,76,ready,8
2026-10-08 23:38:14.239,354.16,20261008_233220,jeb,rest,,,,,,,1,,,,0,38.11,0.425,0.196,80,ready,8
2026-10-08 23:38:14.450,354.37,20261008_233220,jeb,rest,,,,,108.4,,1,,,,0,38.11,0.404,0.183,79,ready,8
2026-10-08 23:38:14.652,354.57,20261008_233220,jeb,rest,,,,,108.4,,1,0.063,0.063,0.0,1,38.09,0.381,0.17,79,ready,8
2026-10-08 23:38:14.906,354.83,20261008_233220,jeb,rest,,,,,108.4,,1,0.063,0.063,0.0,1,38.06,0.38,0.187,78,ready,9
2026-10-08 23:38:15.069,354.99,20261008_233220,jeb,rest,,,,,108.4,,1,0.062,0.062,0.0,1,38.07,0.353,0.195,77,ready,9
2026-10-08 23:38:15.276,355.2,20261008_233220,jeb,rest,,,,,108.4,,1,0.062,0.062,-0.0,1,38.08,0.357,0.209,76,ready,9
2026-10-08 23:38:15.478,355.4,20261008_233220,jeb,rest,,,,,108.4,,1,,,,0,38.08,0.351,0.195,76,ready,9
2026-10-08 23:38:15.711,355.63,20261008_233220,jeb,rest,,,,,76.4,,1,0.062,0.062,-0.0,1,38.09,0.333,0.185,65,ready,9
2026-10-08 23:38:15.890,355.81,20261008_233220,jeb,rest,,,,,76.4,,1,0.062,0.062,-0.0,1,38.09,0.322,0.173,56,ready,9
2026-10-08 23:38:16.103,356.02,20261008_233220,jeb,rest,,,,,76.4,,1,0.062,0.062,0.0,1,38.1,0.33,0.159,49,ready,9
2026-10-08 23:38:16.367,356.29,20261008_233220,jeb,rest,,,,,76.4,,1,,,,0,38.1,0.324,0.149,43,ready,9
2026-10-08 23:38:16.508,356.43,20261008_233220,jeb,rest,,,,,76.4,,1,,,,0,38.11,0.323,0.141,38,ready,9
2026-10-08 23:38:16.718,356.64,20261008_233220,jeb,rest,,,,,76.4,,1,0.062,0.062,0.0,1,38.11,0.308,0.133,34,ready,9
2026-10-08 23:38:16.921,356.84,20261008_233220,jeb,rest,,,,,76.4,,1,0.063,0.062,0.001,1,38.1,0.291,0.127,31,ready,9
2026-10-08 23:38:17.137,357.06,20261008_233220,jeb,rest,,,,,76.4,,1,0.062,0.062,0.0,1,38.11,0.276,0.116,28,ready,9
2026-10-08 23:38:17.338,357.26,20261008_233220,jeb,question,17,616,manual,truth,76.4,,1,0.062,0.062,-0.0,1,38.12,0.257,0.109,25,question,9
2026-10-08 23:38:17.776,357.7,20261008_233220,jeb,question,17,616,manual,truth,76.4,,1,,,,0,38.06,0.315,0.115,23,question,8
2026-10-08 23:38:17.792,357.71,20261008_233220,jeb,question,17,616,manual,truth,76.4,,1,,,,0,37.98,0.393,0.117,23,question,8
2026-10-08 23:38:17.956,357.88,20261008_233220,jeb,question,17,616,manual,truth,76.4,,1,,,,0,38.0,0.394,0.117,22,question,8
2026-10-08 23:38:18.158,358.08,20261008_233220,jeb,question,17,616,manual,truth,76.4,,1,,,,0,38.01,0.361,0.11,22,question,8
2026-10-08 23:38:18.363,358.28,20261008_233220,jeb,question,17,616,manual,truth,76.4,,1,,,,0,38.03,0.339,0.105,21,question,8
2026-10-08 23:38:18.616,358.54,20261008_233220,jeb,question,17,616,manual,truth,76.4,,1,,,,0,38.04,0.317,0.097,20,question,8
2026-10-08 23:38:18.773,358.69,20261008_233220,jeb,question,17,616,manual,truth,76.4,,1,,,,0,38.05,0.288,0.089,19,question,8
2026-10-08 23:38:18.985,358.9,20261008_233220,jeb,question,17,616,manual,truth,76.4,,1,,,,0,38.07,0.279,0.093,18,question,8
2026-10-08 23:38:19.188,359.11,20261008_233220,jeb,question,17,616,manual,truth,76.4,,1,,,,0,38.03,0.26,0.088,17,question,8
2026-10-08 23:38:21.324,361.24,20261008_233220,jeb,question,17,616,manual,truth,76.4,,1,0.062,0.062,0.0,1,38.08,0.146,0.058,11,question,9
2026-10-08 23:38:21.526,361.45,20261008_233220,jeb,question,17,616,manual,truth,76.4,,1,,,,0,38.09,0.139,0.054,11,question,9
2026-10-08 23:38:21.722,361.64,20261008_233220,jeb,question,17,616,manual,truth,76.4,,1,0.062,0.062,-0.0,1,38.1,0.128,0.049,11,question,9
2026-10-08 23:38:21.933,361.85,20261008_233220,jeb,question,17,616,manual,truth,76.4,,1,,,,0,38.11,0.121,0.053,10,question,9
2026-10-08 23:38:22.134,362.05,20261008_233220,jeb,question,17,616,manual,truth,76.4,,1,0.062,0.062,0.0,1,38.11,0.114,0.06,10,question,9
2026-10-08 23:38:22.341,362.26,20261008_233220,jeb,question,17,616,manual,truth,76.4,,1,,,,0,38.11,0.122,0.06,10,question,9
2026-10-08 23:38:22.550,362.47,20261008_233220,jeb,question,17,616,manual,truth,76.4,,1,,,,0,38.12,0.13,0.064,10,question,9
2026-10-08 23:38:22.754,362.67,20261008_233220,jeb,question,17,616,manual,truth,76.4,,1,0.062,0.062,-0.0,1,38.12,0.144,0.08,9,question,9
2026-10-08 23:38:22.966,362.89,20261008_233220,jeb,question,17,616,manual,truth,76.4,,1,,,,0,38.12,0.168,0.083,10,question,9
2026-10-08 23:38:23.168,363.09,20261008_233220,jeb,question,17,616,manual,truth,76.4,,1,0.061,0.061,0.0,1,38.13,0.317,0.084,11,question,9
2026-10-08 23:38:23.373,363.29,20261008_233220,jeb,question,17,616,manual,truth,76.4,,1,0.062,0.061,0.0,1,38.13,0.364,0.103,12,question,9
2026-10-08 23:38:23.573,363.49,20261008_233220,jeb,question,17,616,manual,truth,76.4,,1,,,,0,38.14,0.339,0.095,13,question,9
2026-10-08 23:38:23.782,363.7,20261008_233220,jeb,question,17,616,manual,truth,76.4,,1,,,,0,38.14,0.312,0.086,14,question,9
2026-10-08 23:38:23.987,363.91,20261008_233220,jeb,question,17,616,manual,truth,76.4,,1,0.062,0.062,-0.0,1,38.14,0.287,0.079,14,question,9
2026-10-08 23:38:24.197,364.12,20261008_233220,jeb,question,17,616,manual,truth,89.2,,1,,,,0,38.16,0.268,0.074,17,question,9
2026-10-08 23:38:24.402,364.32,20261008_233220,jeb,question,17,616,manual,truth,89.2,,1,,,,0,38.12,0.251,0.071,19,question,9
2026-10-08 23:38:24.608,364.53,20261008_233220,jeb,question,17,616,manual,truth,89.2,,1,,,,0,38.12,0.232,0.066,21,question,9
2026-10-08 23:38:24.818,364.74,20261008_233220,jeb,question,17,616,manual,truth,89.2,,1,,,,0,38.13,0.212,0.062,22,question,9
2026-10-08 23:38:25.014,364.93,20261008_233220,jeb,question,17,616,manual,truth,89.2,,1,,,,0,38.13,0.193,0.058,22,question,9
2026-10-08 23:38:25.219,365.14,20261008_233220,jeb,question,17,616,manual,truth,89.2,,1,,,,0,38.13,0.176,0.055,23,question,9
2026-10-08 23:38:25.426,365.35,20261008_233220,jeb,question,17,616,manual,truth,89.2,,1,0.061,0.061,0.0,1,38.13,0.16,0.053,23,question,9
2026-10-08 23:38:25.625,365.54,20261008_233220,jeb,question,17,616,manual,truth,89.2,,1,0.062,0.061,0.0,1,38.14,0.146,0.052,23,question,9
2026-10-08 23:38:25.828,365.75,20261008_233220,jeb,question,17,616,manual,truth,89.2,,1,0.062,0.062,0.0,1,38.14,0.135,0.05,22,question,9
2026-10-08 23:38:26.034,365.95,20261008_233220,jeb,question,17,616,manual,truth,89.2,,1,,,,0,38.15,0.123,0.046,22,question,9
2026-10-08 23:38:26.244,366.16,20261008_233220,jeb,question,17,616,manual,truth,89.2,,1,,,,0,38.15,0.113,0.042,22,question,9
2026-10-08 23:38:26.454,366.37,20261008_233220,jeb,question,17,616,manual,truth,89.2,,1,,,,0,38.16,0.102,0.036,21,question,9
2026-10-08 23:38:26.656,366.58,20261008_233220,jeb,question,17,616,manual,truth,89.2,,1,,,,0,38.16,0.109,0.042,21,question,9
2026-10-08 23:38:26.853,366.77,20261008_233220,jeb,question,17,616,manual,truth,89.2,,1,0.062,0.062,0.0,1,38.15,0.107,0.041,21,question,9
2026-10-08 23:38:27.062,366.98,20261008_233220,jeb,question,17,616,manual,truth,89.2,,1,0.062,0.062,0.0,1,38.16,0.11,0.039,21,question,9
2026-10-08 23:38:27.268,367.19,20261008_233220,jeb,question,17,616,manual,truth,89.2,,1,,,,0,38.16,0.115,0.039,21,question,9
2026-10-08 23:38:29.360,369.28,20261008_233220,jeb,recovery,17,616,manual,truth,89.2,,1,0.062,0.062,0.0,1,38.19,0.085,0.03,19,ready,9
2026-10-08 23:38:29.556,369.48,20261008_233220,jeb,recovery,17,616,manual,truth,89.2,,1,,,,0,38.18,0.081,0.028,19,ready,9
2026-10-08 23:38:29.760,369.68,20261008_233220,jeb,recovery,17,616,manual,truth,89.2,,1,,,,0,38.18,0.077,0.026,19,ready,9
2026-10-08 23:38:29.966,369.89,20261008_233220,jeb,recovery,17,616,manual,truth,89.2,,1,,,,0,38.19,0.083,0.025,19,ready,9
2026-10-08 23:38:30.174,370.09,20261008_233220,jeb,recovery,17,616,manual,truth,,,1,0.063,0.063,0.0,1,38.19,0.079,0.023,20,ready,9
2026-10-08 23:38:30.379,370.3,20261008_233220,jeb,recovery,17,616,manual,truth,,,1,0.061,0.061,0.0,1,38.19,0.073,0.022,20,ready,9
2026-10-08 23:38:30.585,370.5,20261008_233220,jeb,recovery,17,616,manual,truth,,,1,,,,0,38.19,0.074,0.021,20,ready,9
2026-10-08 23:38:30.796,370.72,20261008_233220,jeb,recovery,17,616,manual,truth,,,1,0.062,0.062,0.0,1,38.19,0.081,0.025,20,ready,9
2026-10-08 23:38:30.998,370.92,20261008_233220,jeb,recovery,17,616,manual,truth,,,1,,,,0,38.19,0.079,0.028,21,ready,9
2026-10-08 23:38:31.200,371.12,20261008_233220,jeb,recovery,17,616,manual,truth,107.2,,1,0.062,0.062,0.0,1,38.19,0.073,0.026,26,ready,9
2026-10-08 23:38:31.407,371.33,20261008_233220,jeb,recovery,17,616,manual,truth,107.2,,1,0.063,0.063,0.0,1,38.17,0.074,0.025,30,ready,9
2026-10-08 23:38:31.613,371.53,20261008_233220,jeb,recovery,17,616,manual,truth,113.6,,1,,,,0,38.13,0.069,0.023,35,ready,9
2026-10-08 23:38:31.820,371.74,20261008_233220,jeb,recovery,17,616,manual,truth,113.6,,1,0.062,0.062,0.0,1,38.15,0.076,0.028,40,ready,9
2026-10-08 23:38:32.030,371.95,20261008_233220,jeb,recovery,17,616,manual,truth,113.6,,1,,,,0,38.15,0.079,0.03,44,ready,9
2026-10-08 23:38:32.229,372.15,20261008_233220,jeb,recovery,17,616,manual,truth,107.2,,1,,,,0,38.15,0.076,0.03,45,ready,9
2026-10-08 23:38:32.448,372.37,20261008_233220,jeb,recovery,17,616,manual,truth,107.2,,1,0.062,0.061,0.0,1,38.16,0.071,0.028,45,ready,9
2026-10-08 23:38:32.644,372.56,20261008_233220,jeb,recovery,17,616,manual,truth,107.2,,1,,,,0,38.16,0.072,0.027,46,ready,9
2026-10-08 23:38:32.849,372.77,20261008_233220,jeb,recovery,17,616,manual,truth,107.2,,1,0.062,0.062,-0.0,1,38.17,0.08,0.025,46,ready,9
2026-10-08 23:38:33.060,372.98,20261008_233220,jeb,recovery,17,616,manual,truth,107.2,,1,,,,0,38.17,0.082,0.031,47,ready,9
2026-10-08 23:38:33.267,373.19,20261008_233220,jeb,recovery,17,616,manual,truth,107.2,,1,0.062,0.062,-0.0,1,38.17,0.077,0.03,47,ready,9
2026-10-08 23:38:33.475,373.39,20261008_233220,jeb,rest,,,,,107.2,,1,,,,0,38.17,0.075,0.027,47,ready,9
2026-10-08 23:38:33.678,373.6,20261008_233220,jeb,rest,,,,,107.2,,1,,,,0,38.18,0.068,0.025,47,ready,9
2026-10-08 23:38:33.883,373.8,20261008_233220,jeb,rest,,,,,107.2,,1,0.061,0.061,0.0,1,38.18,0.063,0.024,47,ready,9
2026-10-08 23:38:34.098,374.02,20261008_233220,jeb,rest,,,,,107.2,,1,,,,0,38.18,0.065,0.024,47,ready,9
2026-10-08 23:38:34.299,374.22,20261008_233220,jeb,rest,,,,,107.2,,1,0.062,0.062,0.0,1,38.18,0.06,0.022,47,ready,9
2026-10-08 23:38:34.509,374.43,20261008_233220,jeb,rest,,,,,107.2,,1,,,,0,38.18,0.061,0.024,47,ready,9
2026-10-08 23:38:34.711,374.63,20261008_233220,jeb,rest,,,,,107.2,,1,0.062,0.062,-0.0,1,38.18,0.058,0.024,47,ready,9
2026-10-08 23:38:34.921,374.84,20261008_233220,jeb,rest,,,,,,,1,,,,0,38.1,0.05,0.022,37,ready,9
2026-10-08 23:38:35.126,375.05,20261008_233220,jeb,rest,,,,,,,1,0.061,0.061,0.0,1,38.11,0.048,0.02,33,ready,9
2026-10-08 23:38:35.370,375.29,20261008_233220,jeb,rest,,,,,,,1,0.062,0.061,0.0,1,38.12,0.05,0.019,30,ready,9
2026-10-08 23:38:35.531,375.45,20261008_233220,jeb,rest,,,,,,,1,0.062,0.061,0.0,1,38.13,0.053,0.018,27,ready,9
2026-10-08 23:38:35.734,375.65,20261008_233220,jeb,rest,,,,,68.1,,1,,,,0,38.13,0.051,0.018,23,ready,8
2026-10-08 23:38:35.944,375.86,20261008_233220,jeb,rest,,,,,68.1,,1,,,,0,38.14,0.049,0.019,20,ready,8
2026-10-08 23:38:36.147,376.07,20261008_233220,jeb,rest,,,,,68.1,,1,0.062,0.062,-0.0,1,38.15,0.046,0.017,17,ready,8
2026-10-08 23:38:36.349,376.27,20261008_233220,jeb,rest,,,,,68.1,,1,,,,0,38.16,0.062,0.018,15,ready,9
2026-10-08 23:38:36.555,376.47,20261008_233220,jeb,rest,,,,,79.2,,1,0.062,0.062,0.0,1,38.16,0.088,0.019,14,ready,9
2026-10-08 23:38:36.759,376.68,20261008_233220,jeb,rest,,,,,79.2,,1,0.062,0.062,-0.0,1,38.16,0.085,0.018,13,ready,9
2026-10-08 23:38:36.964,376.88,20261008_233220,jeb,rest,,,,,79.2,,1,,,,0,38.17,0.078,0.016,12,ready,9
2026-10-08 23:38:37.170,377.09,20261008_233220,jeb,rest,,,,,82.4,,1,0.061,0.061,0.0,1,38.17,0.092,0.029,12,ready,9
2026-10-08 23:38:37.381,377.3,20261008_233220,jeb,rest,,,,,82.4,,1,,,,0,38.17,0.093,0.04,12,ready,9
2026-10-08 23:38:37.580,377.5,20261008_233220,jeb,rest,,,,,82.4,,1,0.062,0.062,-0.0,1,38.18,0.088,0.041,12,ready,9
2026-10-08 23:38:37.794,377.71,20261008_233220,jeb,rest,,,,,82.4,,1,0.062,0.062,0.0,1,38.18,0.082,0.038,12,ready,9
2026-10-08 23:38:38.004,377.92,20261008_233220,jeb,rest,,,,,79.2,241.1,1,,,,0,38.18,0.078,0.036,12,ready,9
2026-10-08 23:38:38.209,378.13,20261008_233220,jeb,rest,,,,,79.2,241.1,1,0.062,0.062,0.0,1,38.18,0.082,0.036,11,ready,9
2026-10-08 23:38:38.419,378.34,20261008_233220,jeb,rest,,,,,79.2,241.1,1,,,,0,38.19,0.082,0.034,11,ready,9
2026-10-08 23:38:38.620,378.54,20261008_233220,jeb,rest,,,,,85.8,269.1,1,0.062,0.062,0.0,1,38.19,0.083,0.033,12,ready,9
2026-10-08 23:38:38.826,378.75,20261008_233220,jeb,rest,,,,,85.8,269.1,1,0.062,0.062,-0.0,1,38.2,0.086,0.036,12,ready,9
2026-10-08 23:38:39.021,378.94,20261008_233220,jeb,rest,,,,,85.8,269.1,1,0.062,0.062,-0.0,1,38.2,0.081,0.043,13,ready,9
2026-10-08 23:38:39.219,379.14,20261008_233220,jeb,rest,,,,,85.8,269.1,1,,,,0,38.2,0.08,0.041,13,ready,9
2026-10-08 23:38:39.432,379.35,20261008_233220,jeb,rest,,,,,85.8,269.1,1,0.063,0.063,0.0,1,38.2,0.084,0.043,13,ready,9
2026-10-08 23:38:39.640,379.56,20261008_233220,jeb,rest,,,,,85.8,269.1,1,0.063,0.063,-0.001,1,38.21,0.12,0.047,14,ready,9
2026-10-08 23:38:39.821,379.74,20261008_233220,jeb,rest,,,,,85.8,269.1,1,0.062,0.062,0.0,1,38.21,0.131,0.047,15,ready,9
2026-10-08 23:38:40.020,379.94,20261008_233220,jeb,rest,,,,,85.8,269.1,1,0.063,0.063,0.0,1,38.17,0.119,0.042,15,ready,9
2026-10-08 23:38:40.228,380.15,20261008_233220,jeb,rest,,,,,85.8,269.1,1,0.062,0.062,0.0,1,38.16,0.125,0.041,15,ready,9
2026-10-08 23:38:40.434,380.35,20261008_233220,jeb,rest,,,,,85.8,269.1,1,0.062,0.062,0.0,1,38.17,0.121,0.042,15,ready,9
2026-10-08 23:38:40.642,380.56,20261008_233220,jeb,rest,,,,,85.8,269.1,1,0.062,0.062,0.0,1,38.17,0.12,0.042,16,ready,9
2026-10-08 23:38:40.848,380.77,20261008_233220,jeb,rest,,,,,90.8,269.1,1,,,,0,38.18,0.121,0.052,17,ready,9
2026-10-08 23:38:41.049,380.97,20261008_233220,jeb,rest,,,,,90.8,269.1,1,0.062,0.062,0.0,1,38.18,0.114,0.053,18,ready,9
2026-10-08 23:38:41.259,381.18,20261008_233220,jeb,rest,,,,,90.8,269.1,1,0.062,0.062,0.0,1,38.18,0.105,0.052,19,ready,9
2026-10-08 23:38:41.464,381.38,20261008_233220,jeb,rest,,,,,94.7,245.9,1,0.062,0.062,0.0,1,38.19,0.096,0.047,20,ready,9
2026-10-08 23:38:41.679,381.6,20261008_233220,jeb,rest,,,,,94.7,245.9,1,0.062,0.062,0.0,1,38.2,0.091,0.045,21,ready,9
2026-10-08 23:38:41.879,381.8,20261008_233220,jeb,rest,,,,,94.7,245.9,1,,,,0,38.2,0.084,0.042,22,ready,9
2026-10-08 23:38:42.084,382.0,20261008_233220,jeb,rest,,,,,94.7,245.9,1,0.063,0.063,0.0,1,38.21,0.088,0.041,23,ready,9
2026-10-08 23:38:42.288,382.21,20261008_233220,jeb,rest,,,,,94.7,245.9,1,0.063,0.063,-0.0,1,38.21,0.092,0.039,24,ready,9
2026-10-08 23:38:42.490,382.41,20261008_233220,jeb,rest,,,,,94.7,245.9,1,0.063,0.063,-0.0,1,38.21,0.097,0.037,24,ready,9
2026-10-08 23:38:42.696,382.62,20261008_233220,jeb,rest,,,,,94.7,245.9,1,0.062,0.063,-0.001,1,38.21,0.099,0.046,25,ready,9
2026-10-08 23:38:43.092,383.01,20261008_233220,jeb,rest,,,,,94.7,245.9,1,0.062,0.063,-0.001,1,38.22,0.097,0.051,25,ready,9
2026-10-08 23:38:43.110,383.03,20261008_233220,jeb,rest,,,,,94.7,245.9,1,0.062,0.063,-0.001,1,38.22,0.097,0.05,26,ready,9
2026-10-08 23:38:43.311,383.23,20261008_233220,jeb,rest,,,,,94.7,245.9,1,0.062,0.063,-0.001,1,38.22,0.157,0.052,27,ready,9
2026-10-08 23:38:45.428,385.35,20261008_233220,jeb,question,18,617,manual,truth,143.5,,1,,,,0,38.21,0.178,0.338,84,question,8
2026-10-08 23:38:45.623,385.54,20261008_233220,jeb,question,18,617,manual,truth,143.5,,1,0.062,0.063,-0.0,1,38.21,0.182,0.359,86,question,8
2026-10-08 23:38:45.829,385.75,20261008_233220,jeb,question,18,617,manual,truth,143.5,,1,0.062,0.062,0.0,1,38.21,0.173,0.37,88,question,8
2026-10-08 23:38:46.044,385.96,20261008_233220,jeb,question,18,617,manual,truth,143.5,,1,0.062,0.062,0.0,1,38.21,0.168,0.346,90,question,8
2026-10-08 23:38:46.263,386.18,20261008_233220,jeb,question,18,617,manual,truth,143.5,,1,0.062,0.062,0.0,1,38.22,0.157,0.319,91,question,8
2026-10-08 23:38:46.449,386.37,20261008_233220,jeb,question,18,617,manual,truth,143.5,,1,0.062,0.062,0.0,1,38.22,0.159,0.301,92,question,8
2026-10-08 23:38:46.684,386.6,20261008_233220,jeb,question,18,617,manual,truth,143.5,,1,0.062,0.062,0.001,1,38.22,0.178,0.302,92,question,8
2026-10-08 23:38:46.862,386.78,20261008_233220,jeb,question,18,617,manual,truth,,,1,0.062,0.062,0.0,1,38.22,0.242,0.299,89,question,8
2026-10-08 23:38:47.078,387.0,20261008_233220,jeb,question,18,617,manual,truth,,,1,0.062,0.062,0.001,1,38.23,0.25,0.318,87,question,8
2026-10-08 23:38:47.281,387.2,20261008_233220,jeb,question,18,617,manual,truth,,,1,0.062,0.062,0.001,1,38.23,0.272,0.329,86,question,8
2026-10-08 23:38:47.488,387.41,20261008_233220,jeb,question,18,617,manual,truth,100.4,,1,0.063,0.062,0.001,1,38.23,0.251,0.305,79,question,8
2026-10-08 23:38:47.732,387.65,20261008_233220,jeb,question,18,617,manual,truth,105.2,,1,,,,0,38.23,0.233,0.278,76,question,8
2026-10-08 23:38:47.930,387.85,20261008_233220,jeb,question,18,617,manual,truth,105.2,,1,0.062,0.062,0.0,1,38.24,0.219,0.253,72,question,8
2026-10-08 23:38:48.095,388.01,20261008_233220,jeb,question,18,617,manual,truth,105.2,,1,0.062,0.062,-0.0,1,38.24,0.217,0.277,69,question,8
2026-10-08 23:38:48.304,388.22,20261008_233220,jeb,question,18,617,manual,truth,112.7,,1,0.062,0.062,0.0,1,38.24,0.241,0.372,70,question,8
2026-10-08 23:38:48.509,388.43,20261008_233220,jeb,question,18,617,manual,truth,112.7,,1,0.063,0.062,0.0,1,38.24,0.246,0.443,70,question,8
2026-10-08 23:38:48.716,388.64,20261008_233220,jeb,question,18,617,manual,truth,112.7,,1,0.063,0.062,0.001,1,38.24,0.243,0.561,71,question,8
2026-10-08 23:38:48.929,388.85,20261008_233220,jeb,question,18,617,manual,truth,105.2,192.3,1,0.063,0.062,0.0,1,38.24,0.241,0.523,69,question,8
2026-10-08 23:38:49.132,389.05,20261008_233220,jeb,question,18,617,manual,truth,105.2,192.3,1,0.062,0.062,0.0,1,38.18,0.434,0.577,70,question,8
2026-10-08 23:38:49.340,389.26,20261008_233220,jeb,question,18,617,manual,truth,110.6,174.1,1,,,,0,38.19,0.4,0.53,72,question,8
2026-10-08 23:38:49.561,389.48,20261008_233220,jeb,question,18,617,manual,truth,110.6,174.1,1,0.063,0.063,0.0,1,38.19,0.44,0.533,74,question,8
2026-10-08 23:38:49.758,389.68,20261008_233220,jeb,question,18,617,manual,truth,121.3,170.1,1,0.063,0.063,0.0,1,38.19,0.455,0.549,77,question,7
2026-10-08 23:38:49.960,389.88,20261008_233220,jeb,question,18,617,manual,truth,121.3,170.1,1,0.063,0.063,0.0,1,38.2,0.423,0.578,79,question,7
2026-10-08 23:38:50.167,390.09,20261008_233220,jeb,question,18,617,manual,truth,121.3,170.1,1,0.063,0.063,-0.0,1,38.2,0.404,0.541,81,question,7
2026-10-08 23:38:50.376,390.3,20261008_233220,jeb,question,18,617,manual,truth,110.6,175.6,1,,,,0,38.21,0.428,0.496,81,question,7
2026-10-08 23:38:50.575,390.49,20261008_233220,jeb,question,18,617,manual,truth,110.6,175.6,1,0.063,0.063,-0.0,1,38.21,0.4,0.481,81,question,8
2026-10-08 23:38:50.780,390.7,20261008_233220,jeb,question,18,617,manual,truth,110.6,175.6,1,0.063,0.063,-0.0,1,38.21,0.366,0.441,80,question,8
2026-10-08 23:38:50.992,390.91,20261008_233220,jeb,question,18,617,manual,truth,110.6,175.6,1,0.062,0.063,-0.0,1,38.22,0.34,0.401,80,question,8
2026-10-08 23:38:51.191,391.11,20261008_233220,jeb,question,18,617,manual,truth,110.6,175.6,1,0.063,0.063,-0.0,1,38.22,0.369,0.4,79,question,8
2026-10-08 23:38:51.397,391.32,20261008_233220,jeb,question,18,617,manual,truth,110.6,175.6,1,0.063,0.063,-0.0,1,38.22,0.401,0.367,79,question,8
2026-10-08 23:38:51.600,391.52,20261008_233220,jeb,question,18,617,manual,truth,110.6,175.6,1,0.063,0.063,-0.0,1,38.23,0.378,0.337,79,question,8
2026-10-08 23:38:51.804,391.72,20261008_233220,jeb,question,18,617,manual,truth,110.6,175.6,1,0.063,0.063,-0.0,1,38.23,0.347,0.308,79,question,8
2026-10-08 23:38:52.010,391.93,20261008_233220,jeb,question,18,617,manual,truth,110.6,175.6,1,0.062,0.063,-0.001,1,38.23,0.319,0.28,78,question,8
2026-10-08 23:38:52.223,392.14,20261008_233220,jeb,question,18,617,manual,truth,110.6,175.6,1,0.062,0.063,-0.001,1,38.23,0.289,0.254,77,question,8
2026-10-08 23:38:52.430,392.35,20261008_233220,jeb,question,18,617,manual,truth,110.6,175.6,1,0.063,0.063,-0.0,1,38.22,0.269,0.23,76,question,8
2026-10-08 23:38:52.633,392.55,20261008_233220,jeb,question,18,617,manual,truth,110.6,175.6,1,0.063,0.063,0.0,1,38.22,0.263,0.212,75,question,8
2026-10-08 23:38:53.230,393.15,20261008_233220,jeb,question,18,617,manual,truth,,,1,0.063,0.063,0.0,1,38.22,0.255,0.193,75,question,8
2026-10-08 23:38:53.237,393.16,20261008_233220,jeb,question,18,617,manual,truth,,,1,0.063,0.063,-0.0,1,38.23,0.242,0.176,75,question,8
2026-10-08 23:38:53.263,393.18,20261008_233220,jeb,question,18,617,manual,truth,,,1,0.063,0.063,0.0,1,38.19,0.327,0.207,78,question,8
2026-10-08 23:38:53.459,393.38,20261008_233220,jeb,question,18,617,manual,truth,,,1,0.061,0.061,0.0,1,38.2,0.32,0.202,80,question,8
2026-10-08 23:38:53.679,393.6,20261008_233220,jeb,question,18,617,manual,truth,,,1,,,,0,38.2,0.31,0.185,82,question,8
2026-10-08 23:38:53.874,393.79,20261008_233220,jeb,question,18,617,manual,truth,,,1,0.062,0.062,0.0,1,38.2,0.318,0.205,83,question,8
2026-10-08 23:38:54.082,394.0,20261008_233220,jeb,question,18,617,manual,truth,53.3,,1,0.063,0.063,0.0,1,38.21,0.359,0.195,70,question,8
2026-10-08 23:38:54.361,394.28,20261008_233220,jeb,question,18,617,manual,truth,53.3,,1,0.063,0.063,0.0,1,38.21,0.33,0.178,59,question,8
2026-10-08 23:38:54.494,394.41,20261008_233220,jeb,question,18,617,manual,truth,60.0,,1,0.063,0.063,0.0,1,38.22,0.425,0.195,51,question,8
2026-10-08 23:38:54.706,394.63,20261008_233220,jeb,question,18,617,manual,truth,60.0,,1,0.064,0.064,0.0,1,38.22,0.415,0.204,44,question,8
2026-10-08 23:38:54.975,394.89,20261008_233220,jeb,question,18,617,manual,truth,60.0,,1,0.063,0.063,0.0,1,38.22,0.425,0.201,39,question,8
2026-10-08 23:38:55.114,395.03,20261008_233220,jeb,question,18,617,manual,truth,60.0,,1,0.063,0.063,0.0,1,38.23,0.393,0.19,34,question,8
2026-10-08 23:38:55.322,395.24,20261008_233220,jeb,question,18,617,manual,truth,60.0,,1,0.063,0.063,0.0,1,38.23,0.377,0.209,30,question,8
2026-10-08 23:38:55.529,395.45,20261008_233220,jeb,question,18,617,manual,truth,60.0,,1,0.063,0.063,0.0,1,38.23,0.465,0.3,25,question,8
2026-10-08 23:38:55.740,395.66,20261008_233220,jeb,recovery,18,617,manual,truth,60.0,,1,0.063,0.063,0.0,1,38.24,0.43,0.278,23,ready,8
2026-10-08 23:38:55.939,395.86,20261008_233220,jeb,recovery,18,617,manual,truth,60.0,,1,0.063,0.063,0.0,1,38.24,0.43,0.278,23,ready,8
2026-10-08 23:38:56.158,396.08,20261008_233220,jeb,recovery,18,617,manual,truth,60.0,,1,0.062,0.062,0.0,1,38.23,0.402,0.263,22,ready,8
2026-10-08 23:38:56.423,396.34,20261008_233220,jeb,recovery,18,617,manual,truth,60.0,,1,0.063,0.062,0.001,1,38.24,0.346,0.235,18,ready,8
2026-10-08 23:38:56.564,396.48,20261008_233220,jeb,recovery,18,617,manual,truth,60.0,,1,0.063,0.062,0.001,1,38.24,0.318,0.216,17,ready,8
2026-10-08 23:38:56.776,396.7,20261008_233220,jeb,recovery,18,617,manual,truth,60.0,,1,0.063,0.062,0.001,1,38.24,0.321,0.202,16,ready,8
2026-10-08 23:38:56.975,396.89,20261008_233220,jeb,recovery,18,617,manual,truth,60.0,,1,0.063,0.062,0.001,1,38.24,0.313,0.188,15,ready,8
2026-10-08 23:38:57.191,397.11,20261008_233220,jeb,recovery,18,617,manual,truth,60.0,,1,0.063,0.062,0.001,1,38.23,0.296,0.171,14,ready,8
2026-10-08 23:38:57.409,397.33,20261008_233220,jeb,recovery,18,617,manual,truth,60.0,,1,0.063,0.062,0.001,1,38.24,0.322,0.167,13,ready,8
2026-10-08 23:38:57.613,397.53,20261008_233220,jeb,recovery,18,617,manual,truth,60.0,,1,0.063,0.062,0.001,1,38.23,0.409,0.178,13,ready,8
2026-10-08 23:38:57.804,397.72,20261008_233220,jeb,recovery,18,617,manual,truth,60.0,,1,0.063,0.062,0.001,1,38.23,0.385,0.193,13,ready,8
2026-10-08 23:38:58.024,397.94,20261008_233220,jeb,recovery,18,617,manual,truth,60.0,,1,0.063,0.062,0.001,1,38.23,0.361,0.18,13,ready,8
2026-10-08 23:38:58.257,398.18,20261008_233220,jeb,recovery,18,617,manual,truth,60.0,,1,0.063,0.062,0.001,1,38.23,0.33,0.165,13,ready,8
2026-10-08 23:38:58.446,398.37,20261008_233220,jeb,rest,,,,,60.0,,1,0.063,0.062,0.001,1,38.13,0.305,0.152,12,ready,8
2026-10-08 23:38:58.630,398.55,20261008_233220,jeb,rest,,,,,60.0,,1,,,,0,38.12,0.28,0.139,12,ready,8
2026-10-08 23:38:58.837,398.76,20261008_233220,jeb,rest,,,,,60.0,,1,0.063,0.063,0.0,1,38.13,0.258,0.132,11,ready,8
2026-10-08 23:38:59.042,398.96,20261008_233220,jeb,rest,,,,,60.0,,1,0.063,0.063,0.0,1,38.14,0.288,0.148,11,ready,8
2026-10-08 23:38:59.247,399.17,20261008_233220,jeb,rest,,,,,60.0,,1,0.063,0.063,0.0,1,38.15,0.303,0.15,11,ready,8
2026-10-08 23:38:59.455,399.37,20261008_233220,jeb,rest,,,,,60.0,,1,0.063,0.063,0.0,1,38.16,0.281,0.147,10,ready,8
2026-10-08 23:38:59.663,399.58,20261008_233220,jeb,rest,,,,,60.0,,1,0.064,0.063,0.001,1,38.17,0.258,0.134,10,ready,8
2026-10-08 23:38:59.868,399.79,20261008_233220,jeb,rest,,,,,60.0,,1,0.064,0.063,0.001,1,38.18,0.237,0.125,10,ready,8
2026-10-08 23:39:00.075,399.99,20261008_233220,jeb,rest,,,,,60.0,,1,0.063,0.063,0.0,1,38.18,0.218,0.114,9,ready,8
2026-10-08 23:39:00.289,400.21,20261008_233220,jeb,rest,,,,,60.0,,1,0.063,0.063,0.0,1,38.19,0.2,0.104,9,ready,8
2026-10-08 23:39:00.489,400.41,20261008_233220,jeb,rest,,,,,60.0,,1,0.063,0.063,0.001,1,38.19,0.189,0.109,8,ready,8
2026-10-08 23:39:00.695,400.61,20261008_233220,jeb,recovery,19,618,manual,truth,60.0,,1,0.063,0.063,0.0,1,38.2,0.182,0.29,8,ready,8
2026-10-08 23:39:00.900,400.82,20261008_233220,jeb,question,19,618,manual,truth,60.0,,1,0.063,0.063,-0.0,1,38.2,0.283,0.316,8,question,8
2026-10-08 23:39:01.096,401.02,20261008_233220,jeb,question,19,618,manual,truth,60.0,,1,0.062,0.063,-0.0,1,38.21,0.265,0.422,8,question,8
2026-10-08 23:39:01.309,401.23,20261008_233220,jeb,question,19,618,manual,truth,60.0,,1,0.063,0.063,-0.0,1,38.21,0.257,0.495,8,question,8
2026-10-08 23:39:01.524,401.44,20261008_233220,jeb,question,19,618,manual,truth,60.0,,1,0.062,0.063,-0.001,1,38.22,0.337,0.5,9,question,8
2026-10-08 23:39:01.722,401.64,20261008_233220,jeb,question,19,618,manual,truth,60.0,,1,0.063,0.063,0.0,1,38.22,0.346,0.478,9,question,8
2026-10-08 23:39:01.945,401.86,20261008_233220,jeb,question,19,618,manual,truth,60.0,,1,0.063,0.063,0.0,1,38.22,0.414,0.499,10,question,8
2026-10-08 23:39:02.136,402.06,20261008_233220,jeb,question,19,618,manual,truth,60.0,,1,0.062,0.063,-0.0,1,38.22,0.412,0.519,11,question,8
2026-10-08 23:39:02.340,402.26,20261008_233220,jeb,question,19,618,manual,truth,60.0,,1,,,,0,38.23,0.422,0.481,11,question,8
2026-10-08 23:39:02.554,402.47,20261008_233220,jeb,question,19,618,manual,truth,60.0,,1,,,,0,38.23,0.411,0.449,12,question,8
2026-10-08 23:39:02.758,402.68,20261008_233220,jeb,question,19,618,manual,truth,60.0,,1,,,,0,38.23,0.4,0.462,12,question,8
2026-10-08 23:39:02.961,402.88,20261008_233220,jeb,question,19,618,manual,truth,60.0,,1,0.063,0.063,0.0,1,38.17,0.403,0.426,12,question,8
2026-10-08 23:39:03.174,403.09,20261008_233220,jeb,question,19,618,manual,truth,60.0,,1,0.063,0.063,0.0,1,38.17,0.368,0.448,12,question,8
2026-10-08 23:39:03.349,403.27,20261008_233220,jeb,question,19,618,manual,truth,60.0,,1,0.063,0.063,0.0,1,38.18,0.365,0.444,12,question,8
2026-10-08 23:39:03.554,403.47,20261008_233220,jeb,question,19,618,manual,truth,60.0,,1,0.063,0.063,0.0,1,38.18,0.343,0.408,12,question,8
2026-10-08 23:39:03.753,403.67,20261008_233220,jeb,question,19,618,manual,truth,60.0,,1,0.063,0.063,0.0,1,38.19,0.322,0.405,12,question,8
2026-10-08 23:39:03.954,403.87,20261008_233220,jeb,question,19,618,manual,truth,60.0,,1,0.063,0.063,0.0,1,38.19,0.297,0.425,11,question,8
2026-10-08 23:39:04.153,404.07,20261008_233220,jeb,question,19,618,manual,truth,60.0,,1,0.063,0.063,0.0,1,38.19,0.279,0.387,11,question,8
2026-10-08 23:39:04.355,404.27,20261008_233220,jeb,question,19,618,manual,truth,60.0,,1,0.063,0.063,0.0,1,38.2,0.267,0.388,11,question,8
2026-10-08 23:39:04.559,404.48,20261008_233220,jeb,question,19,618,manual,truth,60.0,,1,0.063,0.063,-0.0,1,38.2,0.248,0.359,10,question,7
2026-10-08 23:39:04.750,404.67,20261008_233220,jeb,question,19,618,manual,truth,60.0,,1,0.063,0.063,-0.0,1,38.2,0.231,0.326,10,question,7
2026-10-08 23:39:04.952,404.87,20261008_233220,jeb,question,19,618,manual,truth,60.0,,1,0.063,0.063,0.0,1,38.21,0.213,0.296,9,question,7
2026-10-08 23:39:05.157,405.08,20261008_233220,jeb,question,19,618,manual,truth,60.0,,1,0.063,0.063,-0.0,1,38.21,0.199,0.277,9,question,7
2026-10-08 23:39:05.352,405.27,20261008_233220,jeb,question,19,618,manual,truth,60.0,,1,0.062,0.063,-0.0,1,38.21,0.183,0.26,8,question,7
2026-10-08 23:39:05.555,405.48,20261008_233220,jeb,question,19,618,manual,truth,60.0,,1,0.063,0.063,0.0,1,38.22,0.154,0.22,8,question,7
2026-10-08 23:39:05.822,405.74,20261008_233220,jeb,question,19,618,manual,truth,60.0,,1,0.063,0.063,0.0,1,38.22,0.141,0.202,7,question,7
2026-10-08 23:39:05.970,405.89,20261008_233220,jeb,question,19,618,manual,truth,,,1,0.063,0.063,-0.0,1,38.21,0.129,0.185,13,question,7
2026-10-08 23:39:06.173,406.09,20261008_233220,jeb,question,19,618,manual,truth,,,1,0.063,0.063,-0.0,1,38.22,0.117,0.169,16,question,7
2026-10-08 23:39:06.382,406.3,20261008_233220,jeb,question,19,618,manual,truth,,,1,0.063,0.063,-0.0,1,38.22,0.106,0.153,19,question,7
2026-10-08 23:39:06.588,406.51,20261008_233220,jeb,question,19,618,manual,truth,,,1,0.062,0.063,-0.0,1,38.22,0.097,0.139,20,question,7
2026-10-08 23:39:06.796,406.72,20261008_233220,jeb,question,19,618,manual,truth,,,1,0.063,0.063,0.0,1,38.22,0.091,0.126,21,question,7
2026-10-08 23:39:06.994,406.91,20261008_233220,jeb,question,19,618,manual,truth,,,1,0.063,0.063,0.0,1,38.19,0.084,0.115,21,question,7
2026-10-08 23:39:07.195,407.11,20261008_233220,jeb,question,19,618,manual,truth,,,1,0.063,0.063,0.0,1,38.16,0.077,0.104,21,question,7
2026-10-08 23:39:07.403,407.32,20261008_233220,jeb,question,19,618,manual,truth,,,1,0.063,0.063,-0.0,1,38.16,0.07,0.094,21,question,7
2026-10-08 23:39:07.610,407.53,20261008_233220,jeb,question,19,618,manual,truth,,,1,,,,0,38.17,0.065,0.086,21,question,7
2026-10-08 23:39:07.817,407.74,20261008_233220,jeb,question,19,618,manual,truth,,,1,0.063,0.063,0.0,1,38.18,0.062,0.08,20,question,7
2026-10-08 23:39:08.021,407.94,20261008_233220,jeb,question,19,618,manual,truth,,,1,0.063,0.063,-0.0,1,38.18,0.059,0.074,20,question,7
2026-10-08 23:39:08.226,408.15,20261008_233220,jeb,question,19,618,manual,truth,107.9,,1,0.062,0.062,0.0,1,38.19,0.055,0.068,25,question,7
2026-10-08 23:39:08.438,408.36,20261008_233220,jeb,question,19,618,manual,truth,129.8,,1,,,,0,38.2,0.05,0.062,36,question,7
2026-10-08 23:39:08.635,408.55,20261008_233220,jeb,question,19,618,manual,truth,129.8,,1,0.062,0.062,0.0,1,38.2,0.05,0.057,44,question,7
2026-10-08 23:39:08.856,408.78,20261008_233220,jeb,question,19,618,manual,truth,127.8,,1,0.062,0.062,0.0,1,38.21,0.053,0.057,51,question,7
2026-10-08 23:39:09.049,408.97,20261008_233220,jeb,question,19,618,manual,truth,127.8,,1,,,,0,38.13,0.086,0.07,57,question,7
2026-10-08 23:39:09.254,409.17,20261008_233220,jeb,question,19,618,manual,truth,127.8,,1,,,,0,38.12,0.1,0.072,62,question,7
2026-10-08 23:39:09.468,409.39,20261008_233220,jeb,question,19,618,manual,truth,127.8,,1,,,,0,38.13,0.094,0.074,66,question,7
2026-10-08 23:39:09.668,409.59,20261008_233220,jeb,question,19,618,manual,truth,127.8,,1,0.062,0.062,0.0,1,38.14,0.114,0.078,69,question,7
2026-10-08 23:39:09.871,409.79,20261008_233220,jeb,question,19,618,manual,truth,127.8,,1,,,,0,38.15,0.126,0.121,72,question,7
2026-10-08 23:39:10.088,410.01,20261008_233220,jeb,question,19,618,manual,truth,127.8,,1,,,,0,38.16,0.183,0.118,75,question,7
2026-10-08 23:39:10.285,410.2,20261008_233220,jeb,question,19,618,manual,truth,127.8,,1,,,,0,38.17,0.171,0.119,77,question,7
2026-10-08 23:39:10.487,410.41,20261008_233220,jeb,question,19,618,manual,truth,127.8,,1,,,,0,38.17,0.162,0.115,79,question,6
2026-10-08 23:39:10.697,410.62,20261008_233220,jeb,question,19,618,manual,truth,127.8,,1,0.062,0.062,0.0,1,38.18,0.153,0.106,80,question,6
2026-10-08 23:39:10.902,410.82,20261008_233220,jeb,question,19,618,manual,truth,127.8,,1,0.062,0.062,0.0,1,38.18,0.14,0.097,81,question,6
2026-10-08 23:39:11.108,411.03,20261008_233220,jeb,question,19,618,manual,truth,127.8,,1,0.062,0.062,0.001,1,38.18,0.136,0.09,82,question,6
2026-10-08 23:39:11.364,411.28,20261008_233220,jeb,question,19,618,manual,truth,127.8,,1,0.062,0.062,0.0,1,38.18,0.144,0.083,83,question,6
2026-10-08 23:39:11.524,411.44,20261008_233220,jeb,question,19,618,manual,truth,,,1,,,,0,38.11,0.133,0.078,75,question,6
2026-10-08 23:39:11.734,411.65,20261008_233220,jeb,question,19,618,manual,truth,,,1,,,,0,38.12,0.122,0.071,67,question,6
2026-10-08 23:39:11.934,411.85,20261008_233220,jeb,question,19,618,manual,truth,,,1,0.062,0.062,0.0,1,38.13,0.112,0.065,61,question,6
2026-10-08 23:39:12.172,412.09,20261008_233220,jeb,question,19,618,manual,truth,,,1,0.062,0.062,-0.0,1,38.13,0.112,0.059,55,question,6
2026-10-08 23:39:12.360,412.28,20261008_233220,jeb,question,19,618,manual,truth,,,1,0.063,0.063,0.0,1,38.13,0.103,0.054,51,question,6
2026-10-08 23:39:12.596,412.52,20261008_233220,jeb,recovery,19,618,manual,truth,,,1,0.063,0.063,0.0,1,38.15,0.088,0.045,42,ready,6
2026-10-08 23:39:12.785,412.7,20261008_233220,jeb,recovery,19,618,manual,truth,,,1,0.063,0.063,0.0,1,38.15,0.088,0.045,42,ready,6
2026-10-08 23:39:12.968,412.89,20261008_233220,jeb,recovery,19,618,manual,truth,,,1,,,,0,38.09,0.082,0.041,39,ready,6
2026-10-08 23:39:13.171,413.09,20261008_233220,jeb,recovery,19,618,manual,truth,,,1,0.062,0.062,0.0,1,38.02,0.079,0.044,36,ready,6
2026-10-08 23:39:13.388,413.31,20261008_233220,jeb,recovery,19,618,manual,truth,,,1,0.062,0.062,0.0,1,38.05,0.076,0.044,31,ready,6
2026-10-08 23:39:13.584,413.5,20261008_233220,jeb,recovery,19,618,manual,truth,,,1,0.062,0.062,0.0,1,38.07,0.07,0.041,29,ready,6
2026-10-08 23:39:13.790,413.71,20261008_233220,jeb,recovery,19,618,manual,truth,,,1,0.062,0.062,0.0,1,38.08,0.066,0.042,27,ready,6
2026-10-08 23:39:14.001,413.92,20261008_233220,jeb,recovery,19,618,manual,truth,,,1,0.062,0.062,0.0,1,38.09,0.069,0.041,26,ready,6
2026-10-08 23:39:14.205,414.12,20261008_233220,jeb,recovery,19,618,manual,truth,,,1,0.063,0.063,0.0,1,38.11,0.066,0.044,25,ready,6
2026-10-08 23:39:14.418,414.34,20261008_233220,jeb,recovery,19,618,manual,truth,85.1,,1,0.063,0.063,-0.0,1,38.12,0.066,0.041,23,ready,6
2026-10-08 23:39:14.618,414.54,20261008_233220,jeb,recovery,19,618,manual,truth,85.1,,1,,,,0,38.13,0.063,0.038,21,ready,6
2026-10-08 23:39:14.823,414.74,20261008_233220,jeb,recovery,19,618,manual,truth,121.8,,1,0.062,0.062,0.0,1,38.12,0.062,0.034,31,ready,6
2026-10-08 23:39:15.034,414.95,20261008_233220,jeb,recovery,19,618,manual,truth,121.8,,1,,,,0,38.13,0.063,0.032,38,ready,6
2026-10-08 23:39:15.235,415.16,20261008_233220,jeb,recovery,19,618,manual,truth,142.3,,1,,,,0,38.14,0.058,0.031,48,ready,6
2026-10-08 23:39:15.440,415.36,20261008_233220,jeb,recovery,19,618,manual,truth,142.3,,1,0.063,0.063,-0.0,1,38.14,0.054,0.029,57,ready,6
2026-10-08 23:39:15.653,415.57,20261008_233220,jeb,recovery,19,618,manual,truth,142.3,,1,0.063,0.063,-0.0,1,38.15,0.05,0.03,63,ready,6
2026-10-08 23:39:15.856,415.78,20261008_233220,jeb,recovery,19,618,manual,truth,142.3,,1,0.063,0.063,-0.001,1,38.16,0.064,0.031,69,ready,6
2026-10-08 23:39:16.070,415.99,20261008_233220,jeb,recovery,19,618,manual,truth,142.3,,1,0.063,0.063,-0.001,1,38.16,0.067,0.031,73,ready,6
2026-10-08 23:39:16.271,416.19,20261008_233220,jeb,recovery,19,618,manual,truth,142.3,,1,0.063,0.063,-0.001,1,38.17,0.068,0.031,77,ready,6
2026-10-08 23:39:16.474,416.39,20261008_233220,jeb,recovery,19,618,manual,truth,142.3,,1,0.062,0.063,-0.001,1,38.17,0.067,0.028,80,ready,6
2026-10-08 23:39:16.714,416.63,20261008_233220,jeb,recovery,19,618,manual,truth,142.3,,1,0.063,0.063,-0.001,1,38.15,0.062,0.029,82,ready,6
2026-10-08 23:39:16.886,416.81,20261008_233220,jeb,recovery,19,618,manual,truth,142.3,,1,0.061,0.061,0.0,1,38.11,0.063,0.03,84,ready,6
2026-10-08 23:39:17.088,417.01,20261008_233220,jeb,rest,,,,,142.3,,1,,,,0,38.13,0.089,0.051,86,ready,6
2026-10-08 23:39:17.286,417.21,20261008_233220,jeb,rest,,,,,142.3,,1,,,,0,38.13,0.148,0.099,88,ready,6
2026-10-08 23:39:17.491,417.41,20261008_233220,jeb,rest,,,,,,,1,,,,0,38.13,0.228,0.22,85,ready,6
2026-10-08 23:39:17.700,417.62,20261008_233220,jeb,rest,,,,,,,1,0.063,0.063,0.0,1,38.14,0.213,0.235,81,ready,6
2026-10-08 23:39:17.907,417.83,20261008_233220,jeb,rest,,,,,,,1,0.062,0.062,0.0,1,38.14,0.196,0.23,77,ready,6
2026-10-08 23:39:18.125,418.04,20261008_233220,jeb,rest,,,,,79.7,,1,,,,0,38.14,0.182,0.211,66,ready,6
2026-10-08 23:39:18.315,418.23,20261008_233220,jeb,rest,,,,,79.7,,1,0.063,0.063,-0.0,1,38.15,0.169,0.192,56,ready,6
2026-10-08 23:39:18.521,418.44,20261008_233220,jeb,rest,,,,,79.7,,1,,,,0,38.15,0.156,0.176,48,ready,6
2026-10-08 23:39:18.732,418.65,20261008_233220,jeb,rest,,,,,84.7,,1,0.062,0.062,-0.0,1,38.16,0.144,0.163,42,ready,6
2026-10-08 23:39:18.932,418.85,20261008_233220,jeb,rest,,,,,84.7,,1,0.062,0.062,-0.0,1,38.16,0.131,0.147,38,ready,6
2026-10-08 23:39:19.138,419.06,20261008_233220,jeb,rest,,,,,84.7,,1,0.062,0.062,0.0,1,38.16,0.122,0.134,34,ready,6
2026-10-08 23:39:19.350,419.27,20261008_233220,jeb,rest,,,,,84.7,,1,0.062,0.062,0.0,1,38.16,0.113,0.122,30,ready,6
2026-10-08 23:39:19.553,419.47,20261008_233220,jeb,rest,,,,,84.7,,1,0.062,0.062,0.0,1,38.16,0.108,0.11,27,ready,6
2026-10-08 23:39:19.754,419.67,20261008_233220,jeb,rest,,,,,84.7,,1,0.062,0.062,0.0,1,38.17,0.107,0.1,25,ready,6
2026-10-08 23:39:19.953,419.87,20261008_233220,jeb,rest,,,,,84.7,,1,0.062,0.062,0.0,1,38.17,0.11,0.092,23,ready,6
2026-10-08 23:39:20.166,420.09,20261008_233220,jeb,rest,,,,,84.7,,1,0.063,0.062,0.001,1,38.17,0.104,0.085,22,ready,6
2026-10-08 23:39:20.366,420.29,20261008_233220,jeb,rest,,,,,84.7,,1,0.063,0.062,0.001,1,38.18,0.097,0.078,20,ready,6
2026-10-08 23:39:20.583,420.5,20261008_233220,jeb,rest,,,,,84.7,,1,0.063,0.063,0.0,1,38.2,0.089,0.074,19,ready,6
2026-10-08 23:39:20.786,420.71,20261008_233220,jeb,question,20,619,manual,truth,84.7,,1,0.063,0.063,0.0,1,38.19,0.114,0.068,18,question,6
2026-10-08 23:39:20.994,420.91,20261008_233220,jeb,question,20,619,manual,truth,84.7,,1,,,,0,38.18,0.116,0.063,17,question,6
2026-10-08 23:39:21.216,421.14,20261008_233220,jeb,question,20,619,manual,truth,84.7,,1,0.063,0.063,0.0,1,38.18,0.126,0.058,17,question,5
2026-10-08 23:39:21.592,421.51,20261008_233220,jeb,question,20,619,manual,truth,86.2,,1,0.063,0.063,0.0,1,38.19,0.121,0.055,17,question,5
2026-10-08 23:39:21.611,421.53,20261008_233220,jeb,question,20,619,manual,truth,86.2,,1,0.063,0.063,0.0,1,38.19,0.112,0.051,17,question,5
2026-10-08 23:39:21.814,421.73,20261008_233220,jeb,question,20,619,manual,truth,86.2,,1,0.063,0.063,-0.0,1,38.19,0.102,0.048,17,question,5
2026-10-08 23:39:22.016,421.94,20261008_233220,jeb,question,20,619,manual,truth,86.2,,1,0.062,0.063,-0.0,1,38.19,0.095,0.044,17,question,5
2026-10-08 23:39:22.223,422.14,20261008_233220,jeb,question,20,619,manual,truth,84.7,,1,0.063,0.063,-0.0,1,38.12,0.088,0.041,16,question,5
2026-10-08 23:39:22.430,422.35,20261008_233220,jeb,question,20,619,manual,truth,84.7,,1,0.063,0.063,-0.0,1,38.13,0.086,0.038,16,question,5
2026-10-08 23:39:22.636,422.56,20261008_233220,jeb,question,20,619,manual,truth,84.7,,1,0.063,0.063,-0.0,1,38.14,0.084,0.042,15,question,5
2026-10-08 23:39:22.837,422.76,20261008_233220,jeb,question,20,619,manual,truth,87.7,150.7,1,0.063,0.063,0.0,1,38.15,0.083,0.052,16,question,5
2026-10-08 23:39:23.047,422.97,20261008_233220,jeb,question,20,619,manual,truth,87.7,150.7,1,0.063,0.063,-0.0,1,38.15,0.078,0.051,16,question,5
2026-10-08 23:39:23.249,423.17,20261008_233220,jeb,question,20,619,manual,truth,87.7,150.7,1,0.063,0.063,0.0,1,38.16,0.072,0.047,16,question,5
2026-10-08 23:39:23.467,423.39,20261008_233220,jeb,question,20,619,manual,truth,87.7,150.7,1,0.063,0.063,0.0,1,38.17,0.065,0.044,16,question,5
2026-10-08 23:39:23.664,423.58,20261008_233220,jeb,question,20,619,manual,truth,87.7,150.7,1,0.063,0.063,-0.0,1,38.17,0.063,0.04,16,question,5
2026-10-08 23:39:23.870,423.79,20261008_233220,jeb,question,20,619,manual,truth,87.7,150.7,1,0.063,0.063,0.0,1,38.17,0.079,0.06,16,question,5
2026-10-08 23:39:24.065,423.98,20261008_233220,jeb,question,20,619,manual,truth,87.7,150.7,1,0.063,0.063,-0.0,1,38.18,0.127,0.134,17,question,5
2026-10-08 23:39:24.275,424.19,20261008_233220,jeb,question,20,619,manual,truth,87.7,150.7,1,0.063,0.063,0.0,1,38.18,0.181,0.224,18,question,5
2026-10-08 23:39:24.482,424.4,20261008_233220,jeb,question,20,619,manual,truth,90.4,150.7,1,0.062,0.063,-0.0,1,38.19,0.194,0.213,19,question,5
2026-10-08 23:39:24.685,424.61,20261008_233220,jeb,question,20,619,manual,truth,90.4,150.7,1,0.062,0.063,-0.0,1,38.19,0.209,0.203,21,question,5
2026-10-08 23:39:24.894,424.81,20261008_233220,jeb,question,20,619,manual,truth,90.4,150.7,1,0.062,0.063,-0.0,1,38.2,0.198,0.194,22,question,5
2026-10-08 23:39:25.101,425.02,20261008_233220,jeb,question,20,619,manual,truth,90.4,135.6,1,0.063,0.063,0.0,1,38.2,0.189,0.176,23,question,5
2026-10-08 23:39:25.304,425.22,20261008_233220,jeb,question,20,619,manual,truth,90.4,135.6,1,0.063,0.063,0.001,1,38.15,0.18,0.162,24,question,5
2026-10-08 23:39:25.513,425.43,20261008_233220,jeb,question,20,619,manual,truth,90.4,135.6,1,0.062,0.062,0.0,1,38.15,0.167,0.151,24,question,5
2026-10-08 23:39:25.715,425.63,20261008_233220,jeb,question,20,619,manual,truth,90.4,135.6,1,0.062,0.062,0.0,1,38.16,0.156,0.147,24,question,5
2026-10-08 23:39:25.922,425.84,20261008_233220,jeb,question,20,619,manual,truth,90.4,135.6,1,,,,0,38.16,0.144,0.136,24,question,5
2026-10-08 23:39:26.133,426.05,20261008_233220,jeb,question,20,619,manual,truth,90.4,135.6,1,0.063,0.063,0.0,1,38.17,0.134,0.128,24,question,5
2026-10-08 23:39:26.377,426.3,20261008_233220,jeb,question,20,619,manual,truth,90.4,135.6,1,0.063,0.063,-0.0,1,38.17,0.123,0.116,24,question,5
2026-10-08 23:39:26.545,426.47,20261008_233220,jeb,question,20,619,manual,truth,90.4,135.6,1,0.063,0.063,-0.001,1,38.17,0.113,0.108,23,question,5
2026-10-08 23:39:26.753,426.67,20261008_233220,jeb,question,20,619,manual,truth,100.5,135.6,1,0.063,0.063,-0.001,1,38.18,0.103,0.098,26,question,5
2026-10-08 23:39:26.962,426.88,20261008_233220,jeb,question,20,619,manual,truth,100.5,135.6,1,0.063,0.063,-0.001,1,38.18,0.094,0.089,28,question,5
2026-10-08 23:39:27.168,427.09,20261008_233220,jeb,question,20,619,manual,truth,100.5,135.6,1,0.062,0.063,-0.001,1,38.19,0.086,0.081,29,question,5
2026-10-08 23:39:27.372,427.29,20261008_233220,jeb,question,20,619,manual,truth,100.5,135.6,1,0.063,0.063,-0.001,1,38.19,0.079,0.073,31,question,5
2026-10-08 23:39:27.580,427.5,20261008_233220,jeb,question,20,619,manual,truth,100.5,135.6,1,0.063,0.063,-0.001,1,38.19,0.078,0.063,32,question,5
2026-10-08 23:39:27.785,427.7,20261008_233220,jeb,question,20,619,manual,truth,100.5,135.6,1,,,,0,38.19,0.078,0.061,33,question,5
2026-10-08 23:39:27.997,427.92,20261008_233220,jeb,question,20,619,manual,truth,100.5,135.6,1,0.064,0.064,-0.0,1,38.19,0.106,0.067,34,question,5
2026-10-08 23:39:28.216,428.14,20261008_233220,jeb,question,20,619,manual,truth,100.5,135.6,1,0.064,0.064,-0.0,1,38.19,0.104,0.083,34,question,5
2026-10-08 23:39:28.401,428.32,20261008_233220,jeb,question,20,619,manual,truth,100.5,135.6,1,0.064,0.064,-0.0,1,38.19,0.11,0.103,35,question,5
2026-10-08 23:39:28.615,428.53,20261008_233220,jeb,question,20,619,manual,truth,100.5,135.6,1,0.064,0.064,-0.0,1,38.2,0.117,0.106,36,question,5
2026-10-08 23:39:28.812,428.73,20261008_233220,jeb,question,20,619,manual,truth,,,1,0.063,0.064,-0.001,1,38.2,0.118,0.101,35,question,5
2026-10-08 23:39:29.015,428.93,20261008_233220,jeb,question,20,619,manual,truth,,,1,0.063,0.063,0.0,1,38.13,0.123,0.114,35,question,5
2026-10-08 23:39:29.230,429.15,20261008_233220,jeb,question,20,619,manual,truth,,,1,0.063,0.063,0.0,1,38.14,0.134,0.107,36,question,5
2026-10-08 23:39:29.427,429.35,20261008_233220,jeb,question,20,619,manual,truth,,,1,0.063,0.063,-0.0,1,38.16,0.158,0.114,38,question,5
2026-10-08 23:39:29.629,429.55,20261008_233220,jeb,question,20,619,manual,truth,,,1,0.063,0.063,0.0,1,38.1,0.148,0.115,39,question,5
2026-10-08 23:39:29.830,429.75,20261008_233220,jeb,question,20,619,manual,truth,61.0,,1,0.063,0.063,-0.001,1,38.11,0.16,0.115,33,question,5
2026-10-08 23:39:30.047,429.97,20261008_233220,jeb,question,20,619,manual,truth,61.0,,1,0.063,0.063,-0.001,1,38.13,0.161,0.115,28,question,5
2026-10-08 23:39:30.237,430.16,20261008_233220,jeb,question,20,619,manual,truth,61.0,,1,0.063,0.063,-0.0,1,38.13,0.159,0.123,24,question,5
2026-10-08 23:39:30.448,430.37,20261008_233220,jeb,question,20,619,manual,truth,61.0,,1,0.063,0.063,-0.0,1,38.14,0.151,0.128,21,question,5
2026-10-08 23:39:30.638,430.56,20261008_233220,jeb,question,20,619,manual,truth,61.0,,1,0.063,0.063,-0.0,1,38.15,0.143,0.132,18,question,5
2026-10-08 23:39:30.846,430.77,20261008_233220,jeb,question,20,619,manual,truth,61.0,,1,0.063,0.063,-0.0,1,38.15,0.137,0.125,16,question,5
2026-10-08 23:39:31.051,430.97,20261008_233220,jeb,question,20,619,manual,truth,61.0,,1,0.063,0.063,-0.0,1,38.16,0.125,0.115,14,question,5
2026-10-08 23:39:31.272,431.19,20261008_233220,jeb,question,20,619,manual,truth,61.0,,1,0.063,0.063,0.0,1,38.17,0.114,0.106,12,question,5
2026-10-08 23:39:31.462,431.38,20261008_233220,jeb,question,20,619,manual,truth,61.0,,1,0.063,0.063,-0.0,1,38.17,0.118,0.1,11,question,5
2026-10-08 23:39:31.662,431.58,20261008_233220,jeb,question,20,619,manual,truth,61.0,,1,0.063,0.063,-0.0,1,38.17,0.124,0.094,10,question,5
2026-10-08 23:39:31.882,431.8,20261008_233220,jeb,question,20,619,manual,truth,61.0,,1,0.063,0.063,-0.0,1,38.18,0.15,0.13,9,question,5
2026-10-08 23:39:32.093,432.01,20261008_233220,jeb,question,20,619,manual,truth,61.5,,1,0.063,0.063,-0.0,1,38.18,0.184,0.15,9,question,5
2026-10-08 23:39:32.286,432.21,20261008_233220,jeb,question,20,619,manual,truth,61.5,,1,0.063,0.063,-0.0,1,38.18,0.183,0.139,8,question,5
2026-10-08 23:39:32.494,432.41,20261008_233220,jeb,question,20,619,manual,truth,61.5,,1,0.063,0.063,-0.0,1,38.18,0.171,0.144,8,question,5
2026-10-08 23:39:32.720,432.64,20261008_233220,jeb,recovery,20,619,manual,truth,61.5,,1,0.063,0.063,-0.0,1,38.19,0.161,0.133,8,ready,5
2026-10-08 23:39:32.918,432.84,20261008_233220,jeb,recovery,20,619,manual,truth,61.5,,1,0.063,0.063,-0.001,1,38.19,0.148,0.121,7,ready,5
2026-10-08 23:39:33.151,433.07,20261008_233220,jeb,recovery,20,619,manual,truth,61.5,,1,0.062,0.063,-0.001,1,38.2,0.136,0.116,7,ready,5
2026-10-08 23:39:33.359,433.28,20261008_233220,jeb,recovery,20,619,manual,truth,61.5,,1,0.062,0.063,-0.001,1,38.2,0.128,0.108,7,ready,5
2026-10-08 23:39:33.544,433.46,20261008_233220,jeb,recovery,20,619,manual,truth,61.5,,1,0.062,0.063,-0.001,1,38.2,0.151,0.115,7,ready,5
2026-10-08 23:39:33.760,433.68,20261008_233220,jeb,recovery,20,619,manual,truth,61.5,,1,0.062,0.063,-0.001,1,38.2,0.191,0.168,7,ready,5
2026-10-08 23:39:33.961,433.88,20261008_233220,jeb,recovery,20,619,manual,truth,61.5,,1,0.062,0.063,-0.001,1,38.2,0.182,0.162,7,ready,5
2026-10-08 23:39:34.162,434.08,20261008_233220,jeb,recovery,20,619,manual,truth,61.5,,1,0.062,0.063,-0.001,1,38.2,0.168,0.149,7,ready,5
2026-10-08 23:39:34.367,434.29,20261008_233220,jeb,recovery,20,619,manual,truth,61.5,,1,0.063,0.063,-0.0,1,38.2,0.156,0.137,7,ready,5
2026-10-08 23:39:34.562,434.48,20261008_233220,jeb,recovery,20,619,manual,truth,61.5,,1,0.063,0.063,-0.0,1,38.2,0.144,0.126,6,ready,5
2026-10-08 23:39:34.803,434.72,20261008_233220,jeb,recovery,20,619,manual,truth,61.5,,1,0.063,0.063,-0.0,1,38.2,0.133,0.117,6,ready,5
2026-10-08 23:39:34.979,434.9,20261008_233220,jeb,recovery,20,619,manual,truth,61.5,,1,0.063,0.063,-0.0,1,38.2,0.13,0.107,6,ready,5
2026-10-08 23:39:35.193,435.11,20261008_233220,jeb,recovery,20,619,manual,truth,61.5,,1,0.063,0.063,-0.0,1,38.2,0.126,0.099,6,ready,5
2026-10-08 23:39:35.392,435.31,20261008_233220,jeb,recovery,20,619,manual,truth,62.4,,1,0.063,0.063,-0.0,1,38.2,0.121,0.091,6,ready,5
2026-10-08 23:39:35.602,435.52,20261008_233220,jeb,rest,,,,,62.4,,1,0.063,0.063,-0.0,1,38.2,0.12,0.083,6,ready,5
2026-10-08 23:39:35.830,435.75,20261008_233220,jeb,rest,,,,,62.4,,1,0.063,0.063,0.0,1,38.21,0.118,0.076,6,ready,5
2026-10-08 23:39:36.017,435.94,20261008_233220,jeb,rest,,,,,62.4,,1,0.063,0.063,0.0,1,38.21,0.114,0.07,6,ready,5
2026-10-08 23:39:36.216,436.14,20261008_233220,jeb,rest,,,,,63.3,,1,0.063,0.063,0.0,1,38.21,0.106,0.063,6,ready,5
2026-10-08 23:39:36.424,436.34,20261008_233220,jeb,rest,,,,,63.3,,1,0.063,0.063,0.0,1,38.21,0.101,0.066,5,ready,5
2026-10-08 23:39:36.632,436.55,20261008_233220,jeb,rest,,,,,63.3,,1,,,,0,38.17,0.095,0.064,5,ready,5
2026-10-08 23:39:36.840,436.76,20261008_233220,jeb,rest,,,,,63.3,,1,0.063,0.063,0.0,1,38.18,0.08,0.055,5,ready,5
2026-10-08 23:39:37.042,436.96,20261008_233220,jeb,rest,,,,,63.3,,1,0.063,0.063,0.0,1,38.18,0.073,0.05,5,ready,5
2026-10-08 23:39:37.246,437.17,20261008_233220,jeb,rest,,,,,63.3,,1,0.063,0.063,0.0,1,38.18,0.071,0.046,5,ready,5
2026-10-08 23:39:37.455,437.37,20261008_233220,jeb,rest,,,,,63.3,,1,0.064,0.063,0.0,1,38.19,0.067,0.042,5,ready,5
2026-10-08 23:39:37.661,437.58,20261008_233220,jeb,rest,,,,,63.3,,1,0.063,0.063,0.0,1,38.19,0.067,0.042,5,ready,5
2026-10-08 23:39:37.868,437.79,20261008_233220,jeb,rest,,,,,63.3,,1,0.063,0.063,0.0,1,38.19,0.077,0.05,5,ready,5
2026-10-08 23:39:38.071,437.99,20261008_233220,jeb,rest,,,,,63.3,,1,0.063,0.063,0.0,1,38.19,0.079,0.051,5,ready,5
2026-10-08 23:39:38.283,438.2,20261008_233220,jeb,rest,,,,,63.3,,1,0.063,0.063,0.0,1,38.19,0.075,0.049,5,ready,5
2026-10-08 23:39:38.485,438.41,20261008_233220,jeb,rest,,,,,63.3,,1,0.063,0.063,0.0,1,38.2,0.071,0.046,5,ready,5
2026-10-08 23:39:38.694,438.61,20261008_233220,jeb,question,21,620,manual,truth,63.3,,1,0.063,0.063,0.0,1,38.19,0.068,0.042,5,question,5
2026-10-08 23:39:38.897,438.82,20261008_233220,jeb,question,21,620,manual,truth,75.1,,1,,,,0,38.15,0.075,0.04,5,question,5
2026-10-08 23:39:39.107,439.03,20261008_233220,jeb,question,21,620,manual,truth,75.1,,1,0.063,0.063,-0.0,1,38.15,0.132,0.039,6,question,5
2026-10-08 23:39:39.311,439.23,20261008_233220,jeb,question,21,620,manual,truth,75.1,,1,0.063,0.063,0.0,1,38.16,0.122,0.039,6,question,5
2026-10-08 23:39:39.511,439.43,20261008_233220,jeb,question,21,620,manual,truth,76.0,,1,0.063,0.063,0.0,1,38.17,0.154,0.043,7,question,5
2026-10-08 23:39:39.718,439.64,20261008_233220,jeb,question,21,620,manual,truth,76.0,,1,0.063,0.063,0.0,1,38.17,0.212,0.07,7,question,5
2026-10-08 23:39:39.924,439.84,20261008_233220,jeb,question,21,620,manual,truth,76.0,,1,0.064,0.063,0.0,1,38.17,0.2,0.077,8,question,5
2026-10-08 23:39:40.127,440.05,20261008_233220,jeb,question,21,620,manual,truth,76.0,,1,0.063,0.063,0.0,1,38.18,0.192,0.08,9,question,5
2026-10-08 23:39:40.333,440.25,20261008_233220,jeb,question,21,620,manual,truth,76.0,120.9,1,0.063,0.063,0.0,1,38.18,0.181,0.079,9,question,5
2026-10-08 23:39:40.548,440.47,20261008_233220,jeb,question,21,620,manual,truth,76.0,120.9,1,0.063,0.063,0.0,1,38.18,0.168,0.08,9,question,5
2026-10-08 23:39:40.742,440.66,20261008_233220,jeb,question,21,620,manual,truth,84.7,123.8,1,,,,0,38.16,0.155,0.074,10,question,5
2026-10-08 23:39:40.955,440.88,20261008_233220,jeb,question,21,620,manual,truth,84.7,123.8,1,0.064,0.063,0.0,1,38.17,0.142,0.07,12,question,5
2026-10-08 23:39:41.159,441.08,20261008_233220,jeb,question,21,620,manual,truth,84.7,123.8,1,0.063,0.063,-0.0,1,38.17,0.13,0.064,12,question,5
2026-10-08 23:39:41.374,441.29,20261008_233220,jeb,question,21,620,manual,truth,84.7,123.8,1,0.063,0.063,-0.0,1,38.17,0.128,0.067,13,question,5
2026-10-08 23:39:41.576,441.5,20261008_233220,jeb,question,21,620,manual,truth,84.7,123.8,1,0.063,0.063,-0.0,1,38.18,0.117,0.063,13,question,5
2026-10-08 23:39:41.775,441.69,20261008_233220,jeb,question,21,620,manual,truth,84.7,123.8,1,0.063,0.063,-0.0,1,38.18,0.107,0.061,14,question,5
2026-10-08 23:39:41.975,441.89,20261008_233220,jeb,question,21,620,manual,truth,84.7,123.8,1,0.063,0.063,-0.0,1,38.18,0.105,0.067,14,question,5
2026-10-08 23:39:42.181,442.1,20261008_233220,jeb,question,21,620,manual,truth,84.7,123.8,1,0.063,0.063,-0.001,1,38.19,0.097,0.066,14,question,5
2026-10-08 23:39:42.388,442.31,20261008_233220,jeb,question,21,620,manual,truth,84.7,123.8,1,0.063,0.063,-0.001,1,38.19,0.09,0.061,14,question,5
2026-10-08 23:39:42.592,442.51,20261008_233220,jeb,question,21,620,manual,truth,84.7,123.8,1,0.063,0.063,-0.001,1,38.19,0.083,0.056,14,question,5
2026-10-08 23:39:42.792,442.71,20261008_233220,jeb,question,21,620,manual,truth,84.7,123.8,1,0.063,0.063,-0.001,1,38.19,0.076,0.05,14,question,5
2026-10-08 23:39:43.004,442.92,20261008_233220,jeb,question,21,620,manual,truth,84.7,123.8,1,0.063,0.063,-0.0,1,38.19,0.07,0.046,14,question,5
2026-10-08 23:39:43.209,443.13,20261008_233220,jeb,question,21,620,manual,truth,84.7,123.8,1,0.063,0.063,-0.001,1,38.19,0.067,0.042,14,question,5
2026-10-08 23:39:43.412,443.33,20261008_233220,jeb,question,21,620,manual,truth,84.7,123.8,1,0.063,0.063,-0.0,1,38.19,0.062,0.038,13,question,5
2026-10-08 23:39:43.624,443.54,20261008_233220,jeb,question,21,620,manual,truth,84.7,123.8,1,0.063,0.063,-0.0,1,38.2,0.061,0.037,13,question,5
2026-10-08 23:39:43.827,443.75,20261008_233220,jeb,question,21,620,manual,truth,84.7,123.8,1,0.063,0.063,-0.0,1,38.2,0.061,0.037,13,question,5
2026-10-08 23:39:44.038,443.96,20261008_233220,jeb,question,21,620,manual,truth,84.7,123.8,1,0.063,0.063,-0.0,1,38.2,0.065,0.036,13,question,5
2026-10-08 23:39:44.240,444.16,20261008_233220,jeb,question,21,620,manual,truth,84.7,123.8,1,0.063,0.063,-0.0,1,38.21,0.074,0.048,13,question,5
2026-10-08 23:39:44.445,444.36,20261008_233220,jeb,question,21,620,manual,truth,84.7,123.8,1,0.063,0.063,-0.0,1,38.21,0.07,0.047,13,question,5
2026-10-08 23:39:44.655,444.57,20261008_233220,jeb,question,21,620,manual,truth,84.7,123.8,1,0.063,0.063,-0.0,1,38.21,0.065,0.047,13,question,5
2026-10-08 23:39:44.860,444.78,20261008_233220,jeb,question,21,620,manual,truth,84.7,123.8,1,0.064,0.063,0.0,1,38.18,0.06,0.044,13,question,5
2026-10-08 23:39:45.065,444.98,20261008_233220,jeb,question,21,620,manual,truth,84.7,123.8,1,0.064,0.064,0.0,1,38.18,0.055,0.044,13,question,5
2026-10-08 23:39:45.271,445.19,20261008_233220,jeb,question,21,620,manual,truth,84.7,123.8,1,0.064,0.064,0.0,1,38.18,0.053,0.044,13,question,5
2026-10-08 23:39:45.476,445.4,20261008_233220,jeb,question,21,620,manual,truth,84.7,123.8,1,0.064,0.064,-0.0,1,38.19,0.048,0.04,13,question,5
2026-10-08 23:39:45.685,445.6,20261008_233220,jeb,question,21,620,manual,truth,84.7,123.8,1,0.064,0.064,-0.0,1,38.19,0.045,0.037,13,question,5
2026-10-08 23:39:45.894,445.81,20261008_233220,jeb,question,21,620,manual,truth,84.7,123.8,1,0.063,0.064,-0.0,1,38.19,0.041,0.035,13,question,5
2026-10-08 23:39:46.095,446.02,20261008_233220,jeb,question,21,620,manual,truth,84.7,123.8,1,0.063,0.064,-0.001,1,38.2,0.038,0.033,12,question,5
2026-10-08 23:39:46.295,446.21,20261008_233220,jeb,question,21,620,manual,truth,84.7,123.8,1,0.063,0.064,-0.0,1,38.19,0.038,0.031,12,question,5
2026-10-08 23:39:46.560,446.48,20261008_233220,jeb,question,21,620,manual,truth,84.7,123.8,1,0.063,0.064,-0.001,1,38.2,0.043,0.039,12,question,5
2026-10-08 23:39:46.706,446.63,20261008_233220,jeb,question,21,620,manual,truth,84.7,123.8,1,0.063,0.064,-0.0,1,38.19,0.047,0.042,12,question,5
2026-10-08 23:39:46.907,446.83,20261008_233220,jeb,question,21,620,manual,truth,84.7,123.8,1,0.063,0.064,-0.001,1,38.19,0.044,0.038,12,question,5
2026-10-08 23:39:47.111,447.03,20261008_233220,jeb,question,21,620,manual,truth,84.7,123.8,1,0.064,0.064,-0.0,1,38.2,0.041,0.035,12,question,5
2026-10-08 23:39:47.321,447.24,20261008_233220,jeb,question,21,620,manual,truth,84.7,123.8,1,0.063,0.064,-0.0,1,38.2,0.04,0.032,12,question,5
2026-10-08 23:39:47.524,447.44,20261008_233220,jeb,question,21,620,manual,truth,84.7,123.8,1,0.063,0.064,-0.001,1,38.2,0.05,0.038,12,question,5
2026-10-08 23:39:47.732,447.65,20261008_233220,jeb,question,21,620,manual,truth,84.7,123.8,1,0.063,0.064,-0.0,1,38.2,0.055,0.052,12,question,5
2026-10-08 23:39:47.940,447.86,20261008_233220,jeb,question,21,620,manual,truth,84.5,118.7,1,0.063,0.064,-0.001,1,38.2,0.057,0.05,12,question,5
2026-10-08 23:39:48.146,448.07,20261008_233220,jeb,question,21,620,manual,truth,84.5,118.7,1,0.063,0.064,-0.0,1,38.2,0.054,0.046,12,question,5
2026-10-08 23:39:48.353,448.27,20261008_233220,jeb,question,21,620,manual,truth,84.5,118.7,1,0.063,0.064,-0.001,1,38.2,0.05,0.045,12,question,5
2026-10-08 23:39:48.559,448.48,20261008_233220,jeb,question,21,620,manual,truth,84.5,118.7,1,0.063,0.064,-0.001,1,38.2,0.047,0.044,12,question,5
2026-10-08 23:39:48.763,448.68,20261008_233220,jeb,question,21,620,manual,truth,75.1,118.6,1,0.063,0.064,-0.001,1,38.2,0.045,0.04,11,question,5
2026-10-08 23:39:48.973,448.89,20261008_233220,jeb,question,21,620,manual,truth,75.1,118.6,1,0.063,0.064,-0.001,1,38.2,0.044,0.038,10,question,5
2026-10-08 23:39:49.180,449.1,20261008_233220,jeb,question,21,620,manual,truth,75.1,118.6,1,0.063,0.064,-0.001,1,38.22,0.043,0.037,9,question,5
2026-10-08 23:39:49.395,449.31,20261008_233220,jeb,question,21,620,manual,truth,75.1,118.6,1,0.063,0.063,0.0,1,38.15,0.039,0.036,9,question,5
2026-10-08 23:39:49.592,449.51,20261008_233220,jeb,question,21,620,manual,truth,75.1,118.6,1,0.063,0.063,0.0,1,38.16,0.036,0.038,8,question,5
2026-10-08 23:39:49.808,449.73,20261008_233220,jeb,question,21,620,manual,truth,75.1,118.6,1,0.063,0.063,0.0,1,38.16,0.034,0.036,8,question,5
2026-10-08 23:39:50.077,450.0,20261008_233220,jeb,question,21,620,manual,truth,75.1,118.6,1,0.064,0.063,0.0,1,38.17,0.034,0.033,8,question,5
2026-10-08 23:39:50.212,450.13,20261008_233220,jeb,question,21,620,manual,truth,75.1,118.6,1,0.063,0.063,0.0,1,38.17,0.108,0.154,8,question,5
2026-10-08 23:39:50.490,450.41,20261008_233220,jeb,question,21,620,manual,truth,75.1,118.6,1,0.063,0.063,-0.0,1,38.18,0.152,0.241,8,question,5
2026-10-08 23:39:50.629,450.55,20261008_233220,jeb,recovery,21,620,manual,truth,75.1,118.6,1,0.063,0.063,0.0,1,38.18,0.166,0.442,8,ready,5
2026-10-08 23:39:50.838,450.76,20261008_233220,jeb,recovery,21,620,manual,truth,75.1,118.6,1,,,,0,38.18,0.439,0.416,10,ready,4
2026-10-08 23:39:51.040,450.96,20261008_233220,jeb,recovery,21,620,manual,truth,75.1,118.6,1,0.063,0.063,0.0,1,38.18,0.441,0.483,12,ready,4
2026-10-08 23:39:51.244,451.16,20261008_233220,jeb,recovery,21,620,manual,truth,75.1,118.6,1,0.063,0.063,0.0,1,38.19,0.404,0.44,13,ready,4
2026-10-08 23:39:51.453,451.37,20261008_233220,jeb,recovery,21,620,manual,truth,75.1,118.6,1,0.063,0.063,0.0,1,38.19,0.366,0.398,14,ready,4
2026-10-08 23:39:51.658,451.58,20261008_233220,jeb,recovery,21,620,manual,truth,75.1,118.6,1,0.063,0.063,0.001,1,38.19,0.332,0.363,14,ready,4
2026-10-08 23:39:51.918,451.84,20261008_233220,jeb,recovery,21,620,manual,truth,75.1,118.6,1,0.064,0.063,0.001,1,38.19,0.307,0.33,14,ready,4
2026-10-08 23:39:52.126,452.05,20261008_233220,jeb,recovery,21,620,manual,truth,75.1,118.6,1,0.063,0.063,0.001,1,38.19,0.253,0.272,14,ready,4
2026-10-08 23:39:52.309,452.23,20261008_233220,jeb,recovery,21,620,manual,truth,75.1,118.6,1,,,,0,38.11,0.233,0.247,13,ready,4
2026-10-08 23:39:52.523,452.44,20261008_233220,jeb,recovery,21,620,manual,truth,75.1,118.6,1,0.063,0.063,-0.0,1,38.13,0.213,0.224,13,ready,4
2026-10-08 23:39:52.733,452.65,20261008_233220,jeb,recovery,21,620,manual,truth,75.1,118.6,1,0.063,0.063,0.0,1,38.13,0.194,0.204,12,ready,4
2026-10-08 23:39:52.938,452.86,20261008_233220,jeb,recovery,21,620,manual,truth,75.1,118.6,1,0.063,0.063,-0.0,1,38.14,0.176,0.185,12,ready,4
2026-10-08 23:39:53.128,453.05,20261008_233220,jeb,recovery,21,620,manual,truth,75.1,118.6,1,0.063,0.063,0.0,1,38.15,0.162,0.168,11,ready,4
2026-10-08 23:39:53.357,453.28,20261008_233220,jeb,recovery,21,620,manual,truth,75.1,118.6,1,0.063,0.063,0.0,1,38.16,0.148,0.154,11,ready,4
2026-10-08 23:39:53.538,453.46,20261008_233220,jeb,recovery,21,620,manual,truth,75.1,118.6,1,0.064,0.063,0.0,1,38.16,0.136,0.141,10,ready,4
2026-10-08 23:39:53.737,453.66,20261008_233220,jeb,recovery,21,620,manual,truth,75.1,118.6,1,0.063,0.063,0.0,1,38.17,0.124,0.128,10,ready,4
2026-10-08 23:39:53.936,453.86,20261008_233220,jeb,recovery,21,620,manual,truth,75.1,118.6,1,0.063,0.063,-0.0,1,38.18,0.114,0.118,9,ready,4
2026-10-08 23:39:54.138,454.06,20261008_233220,jeb,recovery,21,620,manual,truth,75.1,118.6,1,0.064,0.063,0.0,1,38.18,0.105,0.116,9,ready,4
2026-10-08 23:39:54.344,454.26,20261008_233220,jeb,recovery,21,620,manual,truth,75.1,118.6,1,0.063,0.063,0.0,1,38.18,0.097,0.105,9,ready,4
2026-10-08 23:39:54.543,454.46,20261008_233220,jeb,recovery,21,620,manual,truth,75.1,118.6,1,0.064,0.063,0.0,1,38.19,0.089,0.095,8,ready,4
2026-10-08 23:39:54.763,454.68,20261008_233220,jeb,recovery,21,620,manual,truth,75.1,118.6,1,0.063,0.063,-0.0,1,38.2,0.081,0.087,8,ready,4
2026-10-08 23:39:54.959,454.88,20261008_233220,jeb,rest,,,,,84.5,118.6,1,0.062,0.062,0.0,1,38.13,0.075,0.082,9,ready,4
2026-10-08 23:39:55.163,455.08,20261008_233220,jeb,rest,,,,,84.5,118.6,1,0.063,0.062,0.001,1,38.14,0.069,0.074,10,ready,4
2026-10-08 23:39:55.393,455.31,20261008_233220,jeb,rest,,,,,84.5,118.6,1,0.063,0.062,0.001,1,38.15,0.064,0.068,10,ready,4
2026-10-08 23:39:55.578,455.5,20261008_233220,jeb,rest,,,,,84.5,118.6,1,0.064,0.062,0.001,1,38.16,0.059,0.064,11,ready,4
2026-10-08 23:39:55.786,455.71,20261008_233220,jeb,rest,,,,,84.5,118.6,1,0.064,0.062,0.001,1,38.16,0.059,0.064,11,ready,4
2026-10-08 23:39:55.992,455.91,20261008_233220,jeb,rest,,,,,84.5,118.6,1,0.064,0.062,0.001,1,38.17,0.06,0.07,11,ready,4
2026-10-08 23:39:56.202,456.12,20261008_233220,jeb,rest,,,,,84.5,118.6,1,0.063,0.062,0.001,1,38.18,0.059,0.074,12,ready,4
2026-10-08 23:39:56.408,456.33,20261008_233220,jeb,rest,,,,,84.5,118.6,1,0.064,0.062,0.001,1,38.19,0.057,0.072,12,ready,4
2026-10-08 23:39:56.612,456.53,20261008_233220,jeb,rest,,,,,84.5,118.6,1,0.063,0.062,0.001,1,38.19,0.061,0.083,12,ready,4
2026-10-08 23:39:56.818,456.74,20261008_233220,jeb,rest,,,,,84.5,118.6,1,0.064,0.062,0.001,1,38.19,0.06,0.076,12,ready,4
2026-10-08 23:39:57.024,456.94,20261008_233220,jeb,rest,,,,,84.5,118.6,1,0.064,0.062,0.002,1,38.19,0.057,0.07,12,ready,4
2026-10-08 23:39:57.227,457.15,20261008_233220,jeb,rest,,,,,84.5,118.6,1,0.064,0.062,0.002,1,38.2,0.053,0.064,12,ready,4
2026-10-08 23:39:57.429,457.35,20261008_233220,jeb,rest,,,,,84.5,118.6,1,0.064,0.062,0.002,1,38.2,0.049,0.059,12,ready,4
2026-10-08 23:39:57.645,457.57,20261008_233220,jeb,rest,,,,,94.2,111.7,1,0.064,0.062,0.001,1,38.2,0.047,0.054,14,ready,4
2026-10-08 23:39:57.854,457.77,20261008_233220,jeb,rest,,,,,94.2,111.7,1,0.064,0.062,0.001,1,38.2,0.046,0.051,16,ready,4
2026-10-08 23:39:58.044,457.96,20261008_233220,jeb,rest,,,,,94.2,111.7,1,0.064,0.062,0.001,1,38.21,0.047,0.047,17,ready,4
2026-10-08 23:39:58.243,458.16,20261008_233220,jeb,rest,,,,,94.2,111.7,1,0.064,0.062,0.001,1,38.21,0.043,0.044,18,ready,4
2026-10-08 23:39:58.443,458.36,20261008_233220,jeb,rest,,,,,94.2,111.7,1,0.064,0.062,0.001,1,38.21,0.04,0.044,19,ready,4
2026-10-08 23:39:58.645,458.56,20261008_233220,jeb,rest,,,,,94.2,111.7,1,0.064,0.062,0.001,1,38.21,0.038,0.041,20,ready,4
2026-10-08 23:39:58.854,458.77,20261008_233220,jeb,rest,,,,,94.2,111.7,1,0.064,0.062,0.001,1,38.21,0.035,0.038,20,ready,4
2026-10-08 23:39:59.043,458.96,20261008_233220,jeb,rest,,,,,94.2,111.7,1,0.064,0.062,0.002,1,38.2,0.033,0.035,20,ready,4
2026-10-08 23:39:59.258,459.18,20261008_233220,jeb,rest,,,,,94.2,111.7,1,,,,0,38.14,0.03,0.032,21,ready,4
2026-10-08 23:39:59.479,459.4,20261008_233220,jeb,rest,,,,,94.2,111.7,1,0.063,0.062,0.0,1,38.15,0.061,0.043,21,ready,4
2026-10-08 23:39:59.667,459.59,20261008_233220,jeb,rest,,,,,94.2,111.7,1,0.063,0.062,0.0,1,38.16,0.07,0.05,22,ready,4
2026-10-08 23:39:59.873,459.79,20261008_233220,jeb,rest,,,,,94.2,111.7,1,0.064,0.062,0.002,1,38.14,0.101,0.055,23,ready,4
2026-10-08 23:40:00.094,460.01,20261008_233220,jeb,rest,,,,,94.2,111.7,1,0.064,0.062,0.002,1,38.14,0.103,0.07,24,ready,4
2026-10-08 23:40:00.286,460.21,20261008_233220,jeb,rest,,,,,94.2,111.7,1,0.064,0.062,0.001,1,38.15,0.098,0.072,24,ready,4
2026-10-08 23:40:00.506,460.43,20261008_233220,jeb,rest,,,,,94.2,111.7,1,0.064,0.062,0.001,1,38.15,0.095,0.066,25,ready,4
2026-10-08 23:40:00.700,460.62,20261008_233220,jeb,rest,,,,,94.2,111.7,1,0.064,0.062,0.001,1,38.16,0.091,0.06,25,ready,4
2026-10-08 23:40:00.903,460.82,20261008_233220,jeb,rest,,,,,95.4,111.7,1,0.064,0.062,0.001,1,38.17,0.089,0.056,25,ready,4
2026-10-08 23:40:01.128,461.05,20261008_233220,jeb,rest,,,,,95.4,111.7,1,0.064,0.062,0.001,1,38.17,0.083,0.054,26,ready,4
2026-10-08 23:40:01.317,461.24,20261008_233220,jeb,rest,,,,,95.5,82.7,1,0.065,0.062,0.002,1,38.17,0.093,0.078,26,ready,4
2026-10-08 23:40:01.526,461.45,20261008_233220,jeb,rest,,,,,95.5,82.7,1,0.064,0.063,0.002,1,38.18,0.094,0.086,26,ready,4
2026-10-08 23:40:01.739,461.66,20261008_233220,jeb,rest,,,,,95.5,82.7,1,0.064,0.063,0.001,1,38.18,0.088,0.08,27,ready,4
2026-10-08 23:40:01.937,461.86,20261008_233220,jeb,rest,,,,,95.5,82.7,1,0.064,0.063,0.001,1,38.18,0.097,0.11,27,ready,4
2026-10-08 23:40:02.245,462.16,20261008_233220,jeb,rest,,,,,96.7,76.5,1,0.064,0.063,0.001,1,38.19,0.115,0.119,28,ready,4
2026-10-08 23:40:02.352,462.27,20261008_233220,jeb,rest,,,,,96.7,76.5,1,0.064,0.063,0.001,1,38.19,0.118,0.111,29,ready,4
2026-10-08 23:40:02.561,462.48,20261008_233220,jeb,rest,,,,,96.7,76.5,1,0.064,0.063,0.001,1,38.19,0.119,0.108,29,ready,4
2026-10-08 23:40:02.778,462.7,20261008_233220,jeb,rest,,,,,96.7,76.5,1,0.064,0.063,0.001,1,38.19,0.113,0.112,30,ready,4
2026-10-08 23:40:02.981,462.9,20261008_233220,jeb,rest,,,,,96.7,76.5,1,0.063,0.063,0.001,1,38.2,0.127,0.105,30,ready,4
2026-10-08 23:40:03.169,463.09,20261008_233220,jeb,rest,,,,,96.7,76.5,1,0.064,0.064,0.0,1,38.2,0.16,0.11,31,ready,4
2026-10-08 23:40:03.374,463.29,20261008_233220,jeb,question,22,621,manual,truth,96.7,76.5,1,,,,0,38.13,0.176,0.118,32,question,4
2026-10-08 23:40:03.591,463.51,20261008_233220,jeb,question,22,621,manual,truth,96.7,76.5,1,,,,0,38.02,0.171,0.141,33,question,4
2026-10-08 23:40:03.774,463.69,20261008_233220,jeb,question,22,621,manual,truth,96.7,76.5,1,0.064,0.063,0.0,1,38.03,0.163,0.128,33,question,4
2026-10-08 23:40:03.972,463.89,20261008_233220,jeb,question,22,621,manual,truth,96.7,76.5,1,0.064,0.063,0.0,1,38.04,0.153,0.121,34,question,4
2026-10-08 23:40:04.184,464.1,20261008_233220,jeb,question,22,621,manual,truth,96.7,76.5,1,0.064,0.063,0.0,1,38.06,0.142,0.118,34,question,4
2026-10-08 23:40:04.385,464.3,20261008_233220,jeb,question,22,621,manual,truth,96.7,76.5,1,0.063,0.063,0.0,1,38.08,0.136,0.111,34,question,4
2026-10-08 23:40:04.589,464.51,20261008_233220,jeb,question,22,621,manual,truth,96.7,76.5,1,0.063,0.063,-0.0,1,38.09,0.141,0.11,34,question,4
2026-10-08 23:40:04.793,464.71,20261008_233220,jeb,question,22,621,manual,truth,,,1,0.063,0.063,-0.0,1,38.11,0.133,0.104,34,question,4
2026-10-08 23:40:05.000,464.92,20261008_233220,jeb,question,22,621,manual,truth,,,1,0.063,0.063,-0.0,1,38.12,0.124,0.095,34,question,4
2026-10-08 23:40:05.319,465.24,20261008_233220,jeb,question,22,621,manual,truth,,,1,0.064,0.063,0.0,1,38.13,0.119,0.088,34,question,4
2026-10-08 23:40:05.418,465.34,20261008_233220,jeb,question,22,621,manual,truth,,,1,0.064,0.063,0.0,1,38.14,0.126,0.082,35,question,4
2026-10-08 23:40:05.624,465.54,20261008_233220,jeb,question,22,621,manual,truth,74.7,,1,0.064,0.063,0.0,1,38.15,0.155,0.093,30,question,4
2026-10-08 23:40:05.831,465.75,20261008_233220,jeb,question,22,621,manual,truth,74.7,,1,0.064,0.063,0.0,1,38.16,0.182,0.102,26,question,4
2026-10-08 23:40:06.033,465.95,20261008_233220,jeb,question,22,621,manual,truth,74.7,,1,0.064,0.063,0.0,1,38.16,0.17,0.098,23,question,4
2026-10-08 23:40:06.224,466.14,20261008_233220,jeb,question,22,621,manual,truth,90.3,,1,0.064,0.064,0.0,1,38.17,0.16,0.096,23,question,4
2026-10-08 23:40:06.426,466.35,20261008_233220,jeb,question,22,621,manual,truth,90.3,,1,0.064,0.064,0.0,1,38.17,0.195,0.22,24,question,4
2026-10-08 23:40:06.624,466.54,20261008_233220,jeb,question,22,621,manual,truth,90.3,,1,0.064,0.064,0.0,1,38.17,0.198,0.239,25,question,4
2026-10-08 23:40:06.825,466.74,20261008_233220,jeb,question,22,621,manual,truth,90.3,,1,0.064,0.064,0.001,1,38.18,0.189,0.295,25,question,4
2026-10-08 23:40:07.027,466.95,20261008_233220,jeb,question,22,621,manual,truth,90.3,,1,0.064,0.064,0.001,1,38.18,0.18,0.285,25,question,4
2026-10-08 23:40:07.369,467.29,20261008_233220,jeb,question,22,621,manual,truth,90.3,,1,0.065,0.064,0.001,1,38.19,0.192,0.284,25,question,4
2026-10-08 23:40:07.435,467.35,20261008_233220,jeb,question,22,621,manual,truth,90.3,,1,0.065,0.064,0.001,1,38.19,0.188,0.259,26,question,4
2026-10-08 23:40:07.649,467.57,20261008_233220,jeb,question,22,621,manual,truth,90.3,,1,0.064,0.064,0.0,1,38.21,0.173,0.238,26,question,4
2026-10-08 23:40:07.850,467.77,20261008_233220,jeb,question,22,621,manual,truth,90.3,,1,0.064,0.064,0.0,1,38.13,0.161,0.224,25,question,4
2026-10-08 23:40:08.058,467.98,20261008_233220,jeb,question,22,621,manual,truth,83.4,,1,0.064,0.064,0.0,1,38.14,0.158,0.227,24,question,4
2026-10-08 23:40:08.264,468.18,20261008_233220,jeb,question,22,621,manual,truth,83.4,,1,0.064,0.064,0.0,1,38.15,0.145,0.207,22,question,4
2026-10-08 23:40:08.472,468.39,20261008_233220,jeb,question,22,621,manual,truth,83.4,,1,0.064,0.064,0.001,1,38.16,0.126,0.171,20,question,4
2026-10-08 23:40:08.677,468.6,20261008_233220,jeb,question,22,621,manual,truth,77.5,,1,0.064,0.064,0.0,1,38.16,0.122,0.16,18,question,4
2026-10-08 23:40:08.884,468.8,20261008_233220,jeb,question,22,621,manual,truth,77.5,,1,0.064,0.064,0.001,1,38.17,0.116,0.146,16,question,4
2026-10-08 23:40:09.095,469.01,20261008_233220,jeb,question,22,621,manual,truth,77.5,,1,0.064,0.064,0.001,1,38.18,0.142,0.178,15,question,4
2026-10-08 23:40:09.298,469.22,20261008_233220,jeb,question,22,621,manual,truth,90.3,191.1,1,0.064,0.064,0.0,1,38.17,0.206,0.224,17,question,4
2026-10-08 23:40:09.618,469.54,20261008_233220,jeb,question,22,621,manual,truth,90.3,191.1,1,0.064,0.064,0.0,1,38.17,0.202,0.206,19,question,4
2026-10-08 23:40:09.708,469.63,20261008_233220,jeb,question,22,621,manual,truth,90.3,191.1,1,0.064,0.064,0.001,1,38.18,0.192,0.192,21,question,4
2026-10-08 23:40:09.916,469.84,20261008_233220,jeb,question,22,621,manual,truth,90.3,191.1,1,0.064,0.064,0.001,1,38.18,0.179,0.175,22,question,4
2026-10-08 23:40:10.124,470.04,20261008_233220,jeb,question,22,621,manual,truth,90.3,191.1,1,0.064,0.064,0.001,1,38.19,0.168,0.161,22,question,4
2026-10-08 23:40:10.333,470.25,20261008_233220,jeb,question,22,621,manual,truth,90.3,191.1,1,0.064,0.064,0.001,1,38.19,0.16,0.149,23,question,4
2026-10-08 23:40:10.538,470.46,20261008_233220,jeb,question,22,621,manual,truth,90.3,191.1,1,0.064,0.064,0.001,1,38.19,0.156,0.14,23,question,4
2026-10-08 23:40:10.749,470.67,20261008_233220,jeb,question,22,621,manual,truth,90.3,191.1,1,0.064,0.064,0.001,1,38.2,0.148,0.129,23,question,4
2026-10-08 23:40:10.954,470.87,20261008_233220,jeb,question,22,621,manual,truth,90.3,191.1,1,0.064,0.064,0.0,1,38.2,0.137,0.117,23,question,4
2026-10-08 23:40:11.162,471.08,20261008_233220,jeb,question,22,621,manual,truth,90.3,191.1,1,0.064,0.064,0.001,1,38.2,0.151,0.118,23,question,4
2026-10-08 23:40:11.364,471.28,20261008_233220,jeb,question,22,621,manual,truth,90.3,191.1,1,0.064,0.064,0.0,1,38.19,0.163,0.14,24,question,4
2026-10-08 23:40:11.573,471.49,20261008_233220,jeb,question,22,621,manual,truth,91.3,191.1,1,0.064,0.064,-0.0,1,38.2,0.151,0.138,24,question,4
2026-10-08 23:40:11.775,471.69,20261008_233220,jeb,question,22,621,manual,truth,91.3,191.1,1,0.064,0.064,0.0,1,38.2,0.14,0.129,24,question,4
2026-10-08 23:40:11.973,471.89,20261008_233220,jeb,question,22,621,manual,truth,91.3,191.1,1,,,,0,38.13,0.131,0.124,24,question,4
2026-10-08 23:40:12.182,472.1,20261008_233220,jeb,question,22,621,manual,truth,91.3,191.1,1,0.064,0.064,0.0,1,38.13,0.12,0.115,24,question,4
2026-10-08 23:40:12.387,472.31,20261008_233220,jeb,question,22,621,manual,truth,77.5,186.8,1,0.064,0.064,-0.0,1,38.14,0.109,0.107,21,question,4
2026-10-08 23:40:12.596,472.52,20261008_233220,jeb,question,22,621,manual,truth,77.5,186.8,1,0.064,0.064,-0.0,1,38.15,0.106,0.1,19,question,4
2026-10-08 23:40:12.805,472.72,20261008_233220,jeb,question,22,621,manual,truth,77.5,186.8,1,0.064,0.064,-0.0,1,38.16,0.102,0.094,17,question,4
2026-10-08 23:40:13.019,472.94,20261008_233220,jeb,question,22,621,manual,truth,90.7,183.3,1,0.064,0.064,-0.0,1,38.16,0.097,0.09,18,question,4
2026-10-08 23:40:13.216,473.14,20261008_233220,jeb,question,22,621,manual,truth,90.7,183.3,1,0.064,0.064,-0.0,1,38.16,0.099,0.085,19,question,4
2026-10-08 23:40:13.418,473.34,20261008_233220,jeb,question,22,621,manual,truth,90.7,183.3,1,0.064,0.064,-0.0,1,38.17,0.109,0.09,19,question,4
2026-10-08 23:40:13.649,473.57,20261008_233220,jeb,question,22,621,manual,truth,90.7,183.3,1,0.064,0.064,-0.0,1,38.17,0.136,0.129,20,question,4
2026-10-08 23:40:13.832,473.75,20261008_233220,jeb,question,22,621,manual,truth,90.7,176.6,1,0.064,0.064,-0.0,1,38.18,0.145,0.151,21,question,4
2026-10-08 23:40:14.038,473.96,20261008_233220,jeb,question,22,621,manual,truth,90.7,176.6,1,0.064,0.064,-0.001,1,38.18,0.141,0.162,21,question,4
2026-10-08 23:40:14.250,474.17,20261008_233220,jeb,question,22,621,manual,truth,90.7,176.6,1,0.064,0.064,-0.001,1,38.19,0.134,0.148,22,question,4
2026-10-08 23:40:14.453,474.37,20261008_233220,jeb,question,22,621,manual,truth,90.7,176.6,1,0.064,0.064,-0.001,1,38.19,0.123,0.135,22,question,4
2026-10-08 23:40:14.670,474.59,20261008_233220,jeb,question,22,621,manual,truth,83.5,167.2,1,0.064,0.064,-0.001,1,38.2,0.113,0.123,21,question,4
2026-10-08 23:40:14.864,474.78,20261008_233220,jeb,question,22,621,manual,truth,83.5,167.2,1,,,,0,38.17,0.11,0.114,19,question,4
2026-10-08 23:40:15.091,475.01,20261008_233220,jeb,recovery,22,621,manual,truth,83.5,167.2,1,0.065,0.064,0.0,1,38.19,0.096,0.094,17,ready,4
2026-10-08 23:40:15.318,475.24,20261008_233220,jeb,recovery,22,621,manual,truth,83.5,167.2,1,0.065,0.064,0.0,1,38.19,0.096,0.094,16,ready,4
2026-10-08 23:40:15.496,475.42,20261008_233220,jeb,recovery,22,621,manual,truth,75.8,160.2,1,0.065,0.066,-0.001,1,38.13,0.081,0.081,14,ready,4
2026-10-08 23:40:15.698,475.62,20261008_233220,jeb,recovery,22,621,manual,truth,75.8,160.2,1,0.065,0.066,-0.001,1,38.14,0.078,0.077,13,ready,4
2026-10-08 23:40:15.913,475.83,20261008_233220,jeb,recovery,22,621,manual,truth,80.2,132.3,1,0.064,0.066,-0.001,1,38.15,0.072,0.071,12,ready,4
2026-10-08 23:40:16.108,476.03,20261008_233220,jeb,recovery,22,621,manual,truth,80.2,132.3,1,0.064,0.066,-0.001,1,38.16,0.071,0.065,12,ready,4
2026-10-08 23:40:16.315,476.23,20261008_233220,jeb,recovery,22,621,manual,truth,80.2,132.3,1,0.064,0.066,-0.001,1,38.17,0.078,0.068,11,ready,4
2026-10-08 23:40:16.534,476.45,20261008_233220,jeb,recovery,22,621,manual,truth,80.2,132.3,1,0.064,0.066,-0.001,1,38.17,0.075,0.065,11,ready,4
2026-10-08 23:40:16.722,476.64,20261008_233220,jeb,recovery,22,621,manual,truth,75.8,131.2,1,0.065,0.066,-0.001,1,38.15,0.07,0.061,10,ready,4
2026-10-08 23:40:16.920,476.84,20261008_233220,jeb,recovery,22,621,manual,truth,75.8,131.2,1,0.064,0.064,0.0,1,38.09,0.064,0.06,10,ready,4
2026-10-08 23:40:17.123,477.04,20261008_233220,jeb,recovery,22,621,manual,truth,75.8,131.2,1,0.064,0.064,0.0,1,38.1,0.09,0.066,9,ready,4
2026-10-08 23:40:17.328,477.25,20261008_233220,jeb,recovery,22,621,manual,truth,75.8,131.2,1,0.064,0.064,0.0,1,38.12,0.093,0.083,9,ready,4
2026-10-08 23:40:17.534,477.45,20261008_233220,jeb,recovery,22,621,manual,truth,75.8,131.2,1,0.064,0.064,0.0,1,38.13,0.087,0.081,9,ready,4
2026-10-08 23:40:17.764,477.68,20261008_233220,jeb,recovery,22,621,manual,truth,75.6,124.7,1,0.064,0.064,0.001,1,38.14,0.081,0.075,8,ready,4
2026-10-08 23:40:17.948,477.87,20261008_233220,jeb,recovery,22,621,manual,truth,75.6,124.7,1,0.064,0.064,0.001,1,38.15,0.075,0.07,8,ready,4
2026-10-08 23:40:18.156,478.08,20261008_233220,jeb,recovery,22,621,manual,truth,75.6,124.7,1,0.064,0.064,0.001,1,38.16,0.068,0.066,8,ready,4
2026-10-08 23:40:18.361,478.28,20261008_233220,jeb,recovery,22,621,manual,truth,75.6,128.7,1,0.064,0.064,0.0,1,38.16,0.063,0.061,8,ready,4
2026-10-08 23:40:18.571,478.49,20261008_233220,jeb,recovery,22,621,manual,truth,75.6,128.7,1,0.064,0.064,0.001,1,38.17,0.062,0.056,8,ready,4
2026-10-08 23:40:18.786,478.71,20261008_233220,jeb,recovery,22,621,manual,truth,75.6,128.7,1,0.064,0.064,0.001,1,38.18,0.058,0.051,7,ready,4
2026-10-08 23:40:18.989,478.91,20261008_233220,jeb,recovery,22,621,manual,truth,75.6,128.7,1,0.064,0.064,0.0,1,38.19,0.061,0.047,7,ready,4
2026-10-08 23:40:19.196,479.12,20261008_233220,jeb,recovery,22,621,manual,truth,80.2,101.8,1,0.064,0.064,0.001,1,38.19,0.063,0.044,8,ready,4
2026-10-08 23:40:19.397,479.32,20261008_233220,jeb,recovery,22,621,manual,truth,80.2,101.8,1,0.064,0.064,0.001,1,38.2,0.059,0.041,8,ready,4
2026-10-08 23:40:19.613,479.53,20261008_233220,jeb,recovery,22,621,manual,truth,80.2,101.8,1,0.064,0.064,0.001,1,38.2,0.059,0.039,8,ready,4
2026-10-08 23:40:19.813,479.73,20261008_233220,jeb,rest,,,,,79.2,99.2,1,0.064,0.064,0.0,1,38.2,0.058,0.039,8,ready,4
2026-10-08 23:40:20.048,479.97,20261008_233220,jeb,rest,,,,,79.2,99.2,1,0.064,0.064,0.0,1,38.2,0.056,0.044,8,ready,4
2026-10-08 23:40:20.239,480.16,20261008_233220,jeb,rest,,,,,79.2,99.2,1,0.064,0.064,0.001,1,38.21,0.063,0.042,8,ready,4
2026-10-08 23:40:20.431,480.35,20261008_233220,jeb,rest,,,,,79.2,99.2,1,0.064,0.064,0.001,1,38.21,0.06,0.039,8,ready,4
2026-10-08 23:40:20.650,480.57,20261008_233220,jeb,rest,,,,,79.2,85.4,1,0.064,0.064,0.0,1,38.21,0.066,0.036,9,ready,4
2026-10-08 23:40:20.850,480.77,20261008_233220,jeb,rest,,,,,79.2,85.4,1,0.064,0.064,0.0,1,38.21,0.071,0.035,9,ready,4
2026-10-08 23:40:21.053,480.97,20261008_233220,jeb,rest,,,,,79.2,85.4,1,0.064,0.064,0.0,1,38.21,0.066,0.033,9,ready,4
2026-10-08 23:40:21.259,481.18,20261008_233220,jeb,rest,,,,,79.2,85.4,1,,,,0,38.21,0.067,0.032,9,ready,4
2026-10-08 23:40:21.468,481.39,20261008_233220,jeb,rest,,,,,79.2,69.6,1,0.065,0.065,0.0,1,38.21,0.065,0.031,9,ready,4
2026-10-08 23:40:21.668,481.59,20261008_233220,jeb,recovery,23,622,manual,truth,79.2,69.6,1,0.065,0.065,0.0,1,38.2,0.064,0.033,9,ready,4
2026-10-08 23:40:21.877,481.8,20261008_233220,jeb,question,23,622,manual,truth,79.2,69.6,1,0.064,0.065,-0.0,1,38.21,0.065,0.031,9,question,4
2026-10-08 23:40:22.086,482.01,20261008_233220,jeb,question,23,622,manual,truth,79.2,69.6,1,0.065,0.065,-0.0,1,38.21,0.062,0.028,9,question,4
2026-10-08 23:40:22.286,482.21,20261008_233220,jeb,question,23,622,manual,truth,78.6,58.6,1,0.065,0.065,-0.0,1,38.21,0.059,0.026,9,question,4
2026-10-08 23:40:22.486,482.41,20261008_233220,jeb,question,23,622,manual,truth,78.6,58.6,1,0.064,0.065,-0.0,1,38.21,0.058,0.025,9,question,4
2026-10-08 23:40:22.693,482.61,20261008_233220,jeb,question,23,622,manual,truth,78.6,58.6,1,0.064,0.065,-0.0,1,38.22,0.056,0.024,9,question,4
2026-10-08 23:40:22.900,482.82,20261008_233220,jeb,question,23,622,manual,truth,77.6,54.3,1,0.064,0.065,-0.001,1,38.22,0.08,0.022,8,question,4
2026-10-08 23:40:23.133,483.05,20261008_233220,jeb,question,23,622,manual,truth,77.6,54.3,1,0.064,0.065,-0.0,1,38.22,0.073,0.021,8,question,4
2026-10-08 23:40:23.312,483.23,20261008_233220,jeb,question,23,622,manual,truth,77.6,54.3,1,0.064,0.065,-0.0,1,38.23,0.069,0.019,8,question,4
2026-10-08 23:40:23.515,483.43,20261008_233220,jeb,question,23,622,manual,truth,77.6,54.3,1,0.065,0.065,0.0,1,38.22,0.067,0.019,8,question,4
2026-10-08 23:40:23.718,483.64,20261008_233220,jeb,question,23,622,manual,truth,77.6,54.3,1,0.065,0.065,-0.0,1,38.23,0.07,0.023,8,question,4
2026-10-08 23:40:23.929,483.85,20261008_233220,jeb,question,23,622,manual,truth,77.6,54.3,1,0.065,0.065,-0.0,1,38.23,0.068,0.025,8,question,4
2026-10-08 23:40:24.132,484.05,20261008_233220,jeb,question,23,622,manual,truth,77.6,54.3,1,0.064,0.065,-0.0,1,38.23,0.065,0.025,8,question,4
2026-10-08 23:40:24.338,484.26,20261008_233220,jeb,question,23,622,manual,truth,77.6,54.3,1,,,,0,38.22,0.059,0.023,8,question,4
2026-10-08 23:40:24.557,484.48,20261008_233220,jeb,question,23,622,manual,truth,77.6,54.3,1,0.065,0.065,-0.0,1,38.23,0.055,0.023,8,question,4
2026-10-08 23:40:24.754,484.67,20261008_233220,jeb,question,23,622,manual,truth,77.6,50.0,1,0.065,0.065,-0.0,1,38.23,0.052,0.024,8,question,4
2026-10-08 23:40:24.978,484.9,20261008_233220,jeb,question,23,622,manual,truth,77.6,50.0,1,0.064,0.065,-0.0,1,38.23,0.049,0.022,8,question,4
2026-10-08 23:40:25.170,485.09,20261008_233220,jeb,question,23,622,manual,truth,77.6,50.0,1,0.065,0.065,-0.0,1,38.24,0.052,0.023,8,question,4
2026-10-08 23:40:25.392,485.31,20261008_233220,jeb,question,23,622,manual,truth,78.6,47.0,1,0.065,0.065,-0.0,1,38.17,0.057,0.022,8,question,4
2026-10-08 23:40:25.579,485.5,20261008_233220,jeb,question,23,622,manual,truth,78.6,47.0,1,0.065,0.065,0.0,1,38.18,0.059,0.023,8,question,4
2026-10-08 23:40:25.793,485.71,20261008_233220,jeb,question,23,622,manual,truth,78.6,47.0,1,0.065,0.065,0.0,1,38.19,0.056,0.021,8,question,4
2026-10-08 23:40:26.000,485.92,20261008_233220,jeb,question,23,622,manual,truth,78.6,47.0,1,0.065,0.065,-0.0,1,38.2,0.053,0.023,8,question,4
2026-10-08 23:40:26.204,486.12,20261008_233220,jeb,question,23,622,manual,truth,78.6,47.0,1,0.064,0.065,-0.0,1,38.2,0.052,0.024,8,question,4
2026-10-08 23:40:26.617,486.54,20261008_233220,jeb,question,23,622,manual,truth,75.2,115.3,1,0.064,0.065,-0.0,1,38.21,0.053,0.026,8,question,4
2026-10-08 23:40:26.617,486.54,20261008_233220,jeb,question,23,622,manual,truth,75.2,115.3,1,0.065,0.065,-0.0,1,38.21,0.054,0.032,7,question,4
2026-10-08 23:40:26.828,486.75,20261008_233220,jeb,question,23,622,manual,truth,75.2,115.3,1,0.065,0.065,0.0,1,38.21,0.068,0.039,7,question,4
2026-10-08 23:40:27.031,486.95,20261008_233220,jeb,question,23,622,manual,truth,75.2,115.3,1,0.065,0.065,-0.0,1,38.22,0.075,0.041,7,question,4
2026-10-08 23:40:27.334,487.25,20261008_233220,jeb,question,23,622,manual,truth,75.2,120.7,1,0.065,0.065,-0.0,1,38.22,0.073,0.043,7,question,4
2026-10-08 23:40:27.444,487.36,20261008_233220,jeb,question,23,622,manual,truth,75.2,120.7,1,0.064,0.065,-0.0,1,38.22,0.067,0.04,7,question,4
2026-10-08 23:40:27.646,487.57,20261008_233220,jeb,question,23,622,manual,truth,99.9,135.5,1,0.064,0.065,-0.0,1,38.23,0.062,0.041,12,question,4
2026-10-08 23:40:27.854,487.77,20261008_233220,jeb,question,23,622,manual,truth,99.9,135.5,1,0.064,0.065,-0.0,1,38.21,0.059,0.039,16,question,4
2026-10-08 23:40:28.083,488.0,20261008_233220,jeb,question,23,622,manual,truth,99.9,135.5,1,0.064,0.065,-0.0,1,38.21,0.055,0.036,19,question,4
2026-10-08 23:40:28.269,488.19,20261008_233220,jeb,question,23,622,manual,truth,102.2,135.4,1,0.064,0.065,-0.0,1,38.17,0.053,0.044,22,question,4
2026-10-08 23:40:28.481,488.4,20261008_233220,jeb,question,23,622,manual,truth,102.2,135.4,1,0.064,0.065,-0.0,1,38.17,0.049,0.04,25,question,4
2026-10-08 23:40:28.681,488.6,20261008_233220,jeb,question,23,622,manual,truth,102.2,135.4,1,0.063,0.065,-0.001,1,38.18,0.045,0.041,27,question,4
2026-10-08 23:40:28.899,488.82,20261008_233220,jeb,question,23,622,manual,truth,100.1,133.7,1,,,,0,38.18,0.041,0.049,28,question,4
2026-10-08 23:40:29.096,489.02,20261008_233220,jeb,question,23,622,manual,truth,100.1,133.7,1,0.064,0.064,0.0,1,38.19,0.039,0.047,29,question,4
2026-10-08 23:40:29.298,489.22,20261008_233220,jeb,question,23,622,manual,truth,100.1,133.7,1,0.064,0.064,0.0,1,38.2,0.038,0.046,29,question,4
2026-10-08 23:40:29.594,489.51,20261008_233220,jeb,question,23,622,manual,truth,100.1,133.7,1,0.064,0.064,-0.0,1,38.22,0.037,0.042,30,question,4
2026-10-08 23:40:29.711,489.63,20261008_233220,jeb,question,23,622,manual,truth,100.1,133.7,1,0.063,0.063,0.0,1,38.18,0.035,0.039,30,question,4
2026-10-08 23:40:29.920,489.84,20261008_233220,jeb,question,23,622,manual,truth,100.1,133.7,1,0.064,0.063,0.001,1,38.18,0.036,0.037,30,question,4
2026-10-08 23:40:30.125,490.04,20261008_233220,jeb,question,23,622,manual,truth,100.1,133.7,1,0.063,0.063,0.0,1,38.17,0.048,0.044,31,question,4
2026-10-08 23:40:30.328,490.25,20261008_233220,jeb,question,23,622,manual,truth,100.1,140.9,1,0.064,0.063,0.001,1,38.2,0.048,0.041,31,question,4
2026-10-08 23:40:30.532,490.45,20261008_233220,jeb,question,23,622,manual,truth,100.1,140.9,1,0.064,0.063,0.001,1,38.2,0.049,0.047,31,question,4
2026-10-08 23:40:30.740,490.66,20261008_233220,jeb,question,23,622,manual,truth,100.1,140.9,1,0.064,0.063,0.001,1,38.2,0.054,0.047,32,question,4
2026-10-08 23:40:30.943,490.86,20261008_233220,jeb,question,23,622,manual,truth,100.1,140.9,1,0.064,0.063,0.001,1,38.2,0.064,0.055,32,question,4
2026-10-08 23:40:31.161,491.08,20261008_233220,jeb,question,23,622,manual,truth,100.1,140.9,1,0.064,0.063,0.001,1,38.21,0.07,0.053,32,question,4
2026-10-08 23:40:31.352,491.27,20261008_233220,jeb,question,23,622,manual,truth,100.1,140.9,1,0.064,0.063,0.001,1,38.21,0.095,0.057,33,question,4
2026-10-08 23:40:31.577,491.5,20261008_233220,jeb,question,23,622,manual,truth,100.1,140.9,1,0.065,0.063,0.002,1,38.21,0.102,0.057,34,question,4
2026-10-08 23:40:31.779,491.7,20261008_233220,jeb,question,23,622,manual,truth,100.1,140.9,1,0.064,0.063,0.001,1,38.22,0.094,0.055,34,question,4
2026-10-08 23:40:31.978,491.9,20261008_233220,jeb,question,23,622,manual,truth,100.1,140.9,1,0.064,0.063,0.001,1,38.21,0.088,0.06,34,question,4
2026-10-08 23:40:32.196,492.12,20261008_233220,jeb,question,23,622,manual,truth,100.1,140.9,1,0.064,0.063,0.001,1,38.21,0.09,0.075,35,question,4
2026-10-08 23:40:32.402,492.32,20261008_233220,jeb,question,23,622,manual,truth,100.1,140.9,1,0.064,0.063,0.001,1,38.21,0.086,0.076,35,question,4
2026-10-08 23:40:32.596,492.52,20261008_233220,jeb,question,23,622,manual,truth,100.1,140.9,1,0.065,0.063,0.001,1,38.21,0.082,0.069,35,question,4
2026-10-08 23:40:32.809,492.73,20261008_233220,jeb,question,23,622,manual,truth,100.1,140.9,1,0.064,0.063,0.001,1,38.22,0.08,0.063,35,question,4
2026-10-08 23:40:32.992,492.91,20261008_233220,jeb,question,23,622,manual,truth,100.1,149.4,1,0.064,0.063,0.001,1,38.22,0.148,0.076,36,question,4
2026-10-08 23:40:33.193,493.11,20261008_233220,jeb,question,23,622,manual,truth,100.1,149.4,1,0.065,0.063,0.001,1,38.23,0.137,0.084,37,question,4
2026-10-08 23:40:33.394,493.31,20261008_233220,jeb,question,23,622,manual,truth,100.1,149.4,1,0.065,0.063,0.001,1,38.23,0.136,0.088,37,question,4
2026-10-08 23:40:33.601,493.52,20261008_233220,jeb,recovery,23,622,manual,truth,100.1,149.4,1,0.064,0.063,0.001,1,38.24,0.129,0.085,37,ready,4
2026-10-08 23:40:34.161,494.08,20261008_233220,jeb,recovery,23,622,manual,truth,100.1,149.4,1,0.064,0.063,0.001,1,38.18,0.118,0.082,38,ready,4
2026-10-08 23:40:34.162,494.08,20261008_233220,jeb,recovery,23,622,manual,truth,100.1,149.4,1,,,,0,38.09,0.108,0.075,38,ready,4
2026-10-08 23:40:34.228,494.15,20261008_233220,jeb,recovery,23,622,manual,truth,100.1,149.4,1,0.066,0.066,-0.0,1,38.09,0.098,0.068,37,ready,4
2026-10-08 23:40:34.444,494.36,20261008_233220,jeb,recovery,23,622,manual,truth,100.1,149.4,1,0.065,0.066,-0.001,1,38.11,0.091,0.062,37,ready,4
2026-10-08 23:40:34.674,494.59,20261008_233220,jeb,recovery,23,622,manual,truth,100.1,149.4,1,0.065,0.066,-0.001,1,38.12,0.084,0.056,37,ready,4
2026-10-08 23:40:34.864,494.78,20261008_233220,jeb,recovery,23,622,manual,truth,100.1,149.4,1,0.065,0.066,-0.001,1,38.13,0.077,0.051,36,ready,4
2026-10-08 23:40:35.098,495.02,20261008_233220,jeb,recovery,23,622,manual,truth,100.1,149.4,1,0.065,0.066,-0.001,1,38.15,0.075,0.048,36,ready,4
2026-10-08 23:40:35.254,495.17,20261008_233220,jeb,recovery,23,622,manual,truth,100.1,149.4,1,0.065,0.066,-0.001,1,38.16,0.073,0.053,36,ready,4
2026-10-08 23:40:35.456,495.38,20261008_233220,jeb,recovery,23,622,manual,truth,100.1,149.4,1,,,,0,38.17,0.082,0.06,36,ready,4
2026-10-08 23:40:35.673,495.59,20261008_233220,jeb,recovery,23,622,manual,truth,100.1,149.4,1,0.065,0.065,0.0,1,38.11,0.1,0.065,36,ready,4
2026-10-08 23:40:35.867,495.79,20261008_233220,jeb,recovery,23,622,manual,truth,100.1,149.4,1,0.065,0.065,-0.0,1,38.13,0.111,0.084,36,ready,4
2026-10-08 23:40:36.071,495.99,20261008_233220,jeb,recovery,23,622,manual,truth,100.1,149.4,1,0.064,0.065,-0.0,1,38.14,0.11,0.079,36,ready,4
2026-10-08 23:40:36.275,496.19,20261008_233220,jeb,recovery,23,622,manual,truth,,,1,0.064,0.065,-0.0,1,38.15,0.101,0.071,35,ready,4
2026-10-08 23:40:36.482,496.4,20261008_233220,jeb,recovery,23,622,manual,truth,,,1,0.064,0.065,-0.0,1,38.17,0.094,0.069,33,ready,4
2026-10-08 23:40:36.697,496.62,20261008_233220,jeb,recovery,23,622,manual,truth,,,1,0.065,0.065,0.0,1,38.18,0.093,0.068,32,ready,4
2026-10-08 23:40:36.891,496.81,20261008_233220,jeb,recovery,23,622,manual,truth,67.2,,1,0.065,0.065,-0.0,1,38.19,0.093,0.063,27,ready,4
2026-10-08 23:40:37.105,497.03,20261008_233220,jeb,recovery,23,622,manual,truth,67.2,,1,0.065,0.065,0.0,1,38.19,0.113,0.064,23,ready,4
2026-10-08 23:40:37.310,497.23,20261008_233220,jeb,recovery,23,622,manual,truth,67.2,,1,0.064,0.065,-0.0,1,38.2,0.117,0.071,20,ready,4
2026-10-08 23:40:37.508,497.43,20261008_233220,jeb,recovery,23,622,manual,truth,97.7,,1,0.064,0.065,-0.0,1,38.21,0.136,0.075,23,ready,4
2026-10-08 23:40:37.746,497.67,20261008_233220,jeb,recovery,23,622,manual,truth,97.7,,1,0.064,0.065,-0.0,1,38.21,0.131,0.078,25,ready,4
2026-10-08 23:40:37.921,497.84,20261008_233220,jeb,rest,,,,,97.7,,1,0.065,0.065,0.0,1,38.22,0.125,0.073,27,ready,3
2026-10-08 23:40:38.121,498.04,20261008_233220,jeb,rest,,,,,97.7,,1,0.064,0.065,-0.0,1,38.22,0.13,0.087,28,ready,4
2026-10-08 23:40:38.321,498.24,20261008_233220,jeb,rest,,,,,97.9,,1,0.065,0.065,-0.0,1,38.23,0.122,0.091,29,ready,4
2026-10-08 23:40:38.524,498.44,20261008_233220,jeb,rest,,,,,97.9,,1,0.065,0.065,-0.0,1,38.24,0.114,0.082,30,ready,3
2026-10-08 23:40:38.722,498.64,20261008_233220,jeb,rest,,,,,98.2,280.2,1,0.064,0.065,-0.0,1,38.24,0.097,0.077,31,ready,4
2026-10-08 23:40:38.941,498.86,20261008_233220,jeb,rest,,,,,98.2,280.2,1,0.064,0.065,-0.001,1,38.23,0.092,0.078,31,ready,4
2026-10-08 23:40:39.140,499.06,20261008_233220,jeb,rest,,,,,100.7,250.9,1,0.064,0.065,-0.0,1,38.23,0.088,0.081,32,ready,3
2026-10-08 23:40:39.353,499.27,20261008_233220,jeb,rest,,,,,100.7,250.9,1,0.065,0.065,-0.0,1,38.23,0.112,0.078,33,ready,3
2026-10-08 23:40:39.550,499.47,20261008_233220,jeb,rest,,,,,100.7,250.9,1,0.066,0.065,0.001,1,38.16,0.105,0.072,34,ready,3
2026-10-08 23:40:39.751,499.67,20261008_233220,jeb,rest,,,,,101.0,229.0,1,0.064,0.064,0.0,1,38.16,0.164,0.098,36,ready,3
2026-10-08 23:40:41.938,501.86,20261008_233220,jeb,question,24,623,manual,truth,101.0,190.3,1,0.065,0.065,-0.0,1,38.22,0.097,0.077,41,question,3
2026-10-08 23:40:42.135,502.05,20261008_233220,jeb,question,24,623,manual,truth,101.0,190.3,1,0.065,0.065,-0.0,1,38.22,0.12,0.108,40,question,3
2026-10-08 23:40:42.344,502.26,20261008_233220,jeb,question,24,623,manual,truth,101.0,190.3,1,0.064,0.065,-0.001,1,38.23,0.151,0.111,41,question,3
2026-10-08 23:40:42.549,502.47,20261008_233220,jeb,question,24,623,manual,truth,92.6,180.6,1,,,,0,38.21,0.158,0.103,39,question,3
2026-10-08 23:40:42.749,502.67,20261008_233220,jeb,question,24,623,manual,truth,92.6,180.6,1,0.066,0.067,-0.001,1,38.21,0.157,0.155,35,question,3
2026-10-08 23:40:42.958,502.88,20261008_233220,jeb,question,24,623,manual,truth,91.7,172.2,1,0.065,0.067,-0.001,1,38.22,0.178,0.223,34,question,3
2026-10-08 23:40:43.164,503.08,20261008_233220,jeb,question,24,623,manual,truth,91.7,172.2,1,0.065,0.067,-0.002,1,38.23,0.239,0.342,34,question,3
2026-10-08 23:40:43.368,503.29,20261008_233220,jeb,question,24,623,manual,truth,91.7,172.2,1,0.065,0.067,-0.002,1,38.23,0.234,0.313,33,question,3
2026-10-08 23:40:43.570,503.49,20261008_233220,jeb,question,24,623,manual,truth,91.7,172.2,1,0.065,0.067,-0.002,1,38.24,0.218,0.287,33,question,3
2026-10-08 23:40:43.778,503.7,20261008_233220,jeb,question,24,623,manual,truth,91.7,172.2,1,0.064,0.066,-0.002,1,38.24,0.213,0.266,32,question,3
2026-10-08 23:40:43.990,503.91,20261008_233220,jeb,question,24,623,manual,truth,91.7,172.2,1,0.065,0.066,-0.002,1,38.24,0.195,0.241,32,question,3
2026-10-08 23:40:44.188,504.11,20261008_233220,jeb,question,24,623,manual,truth,91.7,172.2,1,0.065,0.066,-0.002,1,38.25,0.18,0.218,31,question,3
2026-10-08 23:40:44.393,504.31,20261008_233220,jeb,question,24,623,manual,truth,91.7,38.6,1,0.065,0.066,-0.002,1,38.25,0.168,0.198,31,question,3
2026-10-08 23:40:44.606,504.53,20261008_233220,jeb,question,24,623,manual,truth,91.7,38.6,1,0.065,0.066,-0.002,1,38.25,0.155,0.183,30,question,3
2026-10-08 23:40:44.815,504.73,20261008_233220,jeb,question,24,623,manual,truth,91.7,38.6,1,0.065,0.066,-0.002,1,38.26,0.144,0.168,29,question,3
2026-10-08 23:40:45.008,504.93,20261008_233220,jeb,question,24,623,manual,truth,91.7,40.4,1,,,,0,38.19,0.133,0.152,28,question,3
2026-10-08 23:40:45.214,505.13,20261008_233220,jeb,question,24,623,manual,truth,91.7,40.4,1,0.062,0.062,0.0,1,38.19,0.126,0.139,28,question,3
2026-10-08 23:40:45.422,505.34,20261008_233220,jeb,question,24,623,manual,truth,91.7,40.4,1,0.062,0.062,0.001,1,38.2,0.152,0.131,27,question,3
2026-10-08 23:40:45.624,505.54,20261008_233220,jeb,question,24,623,manual,truth,91.7,40.4,1,0.063,0.062,0.002,1,38.22,0.174,0.123,27,question,3
2026-10-08 23:40:45.828,505.75,20261008_233220,jeb,question,24,623,manual,truth,91.7,40.4,1,0.066,0.066,0.0,1,38.22,0.161,0.112,27,question,3
2026-10-08 23:40:46.040,505.96,20261008_233220,jeb,question,24,623,manual,truth,91.7,40.4,1,0.066,0.066,-0.0,1,38.22,0.167,0.103,27,question,3
2026-10-08 23:40:46.243,506.16,20261008_233220,jeb,question,24,623,manual,truth,91.7,40.4,1,0.065,0.066,-0.001,1,38.23,0.159,0.099,27,question,3
2026-10-08 23:40:46.444,506.36,20261008_233220,jeb,question,24,623,manual,truth,91.7,40.4,1,0.066,0.066,-0.0,1,38.23,0.148,0.091,27,question,3
2026-10-08 23:40:46.678,506.6,20261008_233220,jeb,question,24,623,manual,truth,91.7,40.4,1,0.065,0.066,-0.001,1,38.23,0.137,0.083,27,question,3
2026-10-08 23:40:46.861,506.78,20261008_233220,jeb,question,24,623,manual,truth,91.7,40.4,1,0.065,0.066,-0.001,1,38.24,0.132,0.084,26,question,3
2026-10-08 23:40:47.071,506.99,20261008_233220,jeb,question,24,623,manual,truth,91.7,40.4,1,0.065,0.066,-0.001,1,38.24,0.126,0.08,26,question,3
2026-10-08 23:40:47.262,507.18,20261008_233220,jeb,question,24,623,manual,truth,91.7,40.4,1,0.065,0.066,-0.0,1,38.24,0.117,0.082,26,question,3
2026-10-08 23:40:47.492,507.41,20261008_233220,jeb,question,24,623,manual,truth,91.7,42.3,1,0.065,0.066,-0.0,1,38.24,0.109,0.077,25,question,3
2026-10-08 23:40:47.660,507.58,20261008_233220,jeb,question,24,623,manual,truth,91.7,42.3,1,0.066,0.066,-0.0,1,38.25,0.104,0.073,25,question,3
2026-10-08 23:40:47.854,507.77,20261008_233220,jeb,question,24,623,manual,truth,91.7,42.3,1,0.066,0.066,-0.0,1,38.25,0.1,0.067,24,question,3
2026-10-08 23:40:48.052,507.97,20261008_233220,jeb,question,24,623,manual,truth,94.5,67.3,1,0.066,0.066,-0.0,1,38.25,0.098,0.064,25,question,3
2026-10-08 23:40:48.253,508.17,20261008_233220,jeb,question,24,623,manual,truth,94.5,67.3,1,0.066,0.066,-0.0,1,38.25,0.1,0.059,25,question,3
2026-10-08 23:40:48.454,508.37,20261008_233220,jeb,question,24,623,manual,truth,94.5,67.3,1,0.066,0.066,-0.0,1,38.26,0.091,0.054,25,question,3
2026-10-08 23:40:48.742,508.66,20261008_233220,jeb,question,24,623,manual,truth,94.5,67.3,1,0.065,0.066,-0.0,1,38.26,0.084,0.054,26,question,3
2026-10-08 23:40:48.869,508.79,20261008_233220,jeb,question,24,623,manual,truth,94.5,71.5,1,0.065,0.066,-0.0,1,38.25,0.078,0.05,26,question,3
2026-10-08 23:40:49.080,509.0,20261008_233220,jeb,question,24,623,manual,truth,94.5,71.5,1,0.065,0.066,-0.0,1,38.26,0.076,0.045,25,question,3
2026-10-08 23:40:49.284,509.2,20261008_233220,jeb,question,24,623,manual,truth,94.5,71.5,1,0.065,0.066,-0.0,1,38.28,0.07,0.044,25,question,3
2026-10-08 23:40:49.490,509.41,20261008_233220,jeb,question,24,623,manual,truth,94.5,71.5,1,0.066,0.066,0.0,1,38.2,0.076,0.057,25,question,3
2026-10-08 23:40:49.704,509.62,20261008_233220,jeb,question,24,623,manual,truth,84.3,75.0,1,0.066,0.066,-0.0,1,38.21,0.083,0.06,23,question,3
2026-10-08 23:40:49.903,509.82,20261008_233220,jeb,question,24,623,manual,truth,84.3,75.0,1,0.066,0.066,-0.0,1,38.22,0.09,0.06,21,question,3
2026-10-08 23:40:50.110,510.03,20261008_233220,jeb,question,24,623,manual,truth,84.3,75.0,1,0.066,0.066,-0.0,1,38.23,0.084,0.056,20,question,3
2026-10-08 23:40:50.323,510.24,20261008_233220,jeb,question,24,623,manual,truth,84.3,75.0,1,0.066,0.066,-0.0,1,38.23,0.08,0.051,19,question,3
2026-10-08 23:40:50.521,510.44,20261008_233220,jeb,question,24,623,manual,truth,77.0,74.7,1,0.065,0.066,-0.0,1,38.23,0.073,0.048,17,question,3
2026-10-08 23:40:50.738,510.66,20261008_233220,jeb,question,24,623,manual,truth,77.0,74.7,1,0.065,0.066,-0.001,1,38.24,0.068,0.044,15,question,3
2026-10-08 23:40:50.938,510.86,20261008_233220,jeb,question,24,623,manual,truth,77.0,74.7,1,0.065,0.066,-0.001,1,38.24,0.069,0.042,14,question,3
2026-10-08 23:40:51.140,511.06,20261008_233220,jeb,question,24,623,manual,truth,84.3,80.3,1,0.065,0.066,-0.0,1,38.25,0.065,0.04,14,question,3
2026-10-08 23:40:51.352,511.27,20261008_233220,jeb,question,24,623,manual,truth,84.3,80.3,1,0.065,0.066,-0.0,1,38.26,0.07,0.041,13,question,3
2026-10-08 23:40:51.557,511.48,20261008_233220,jeb,question,24,623,manual,truth,84.3,80.3,1,0.066,0.066,0.0,1,38.26,0.064,0.038,13,question,3
2026-10-08 23:40:51.769,511.69,20261008_233220,jeb,question,24,623,manual,truth,82.9,81.0,1,0.066,0.066,-0.0,1,38.26,0.058,0.038,13,question,3
2026-10-08 23:40:51.987,511.91,20261008_233220,jeb,question,24,623,manual,truth,82.9,81.0,1,0.066,0.066,0.0,1,38.27,0.054,0.036,12,question,3
2026-10-08 23:40:52.193,512.11,20261008_233220,jeb,recovery,24,623,manual,truth,82.9,81.0,1,0.066,0.066,-0.0,1,38.26,0.062,0.037,12,ready,3
2026-10-08 23:40:52.390,512.31,20261008_233220,jeb,recovery,24,623,manual,truth,79.0,81.8,1,0.065,0.066,-0.001,1,38.18,0.07,0.035,12,ready,3
2026-10-08 23:40:52.596,512.52,20261008_233220,jeb,recovery,24,623,manual,truth,79.0,81.8,1,0.065,0.066,-0.0,1,38.15,0.082,0.042,11,ready,3
2026-10-08 23:40:52.794,512.71,20261008_233220,jeb,recovery,24,623,manual,truth,79.0,81.8,1,0.065,0.066,-0.0,1,38.16,0.094,0.046,11,ready,3
2026-10-08 23:40:53.007,512.93,20261008_233220,jeb,recovery,24,623,manual,truth,79.0,81.8,1,0.065,0.066,-0.0,1,38.17,0.085,0.047,11,ready,3
2026-10-08 23:40:53.208,513.13,20261008_233220,jeb,recovery,24,623,manual,truth,79.0,82.2,1,0.065,0.066,-0.0,1,38.18,0.082,0.053,10,ready,3
2026-10-08 23:40:53.419,513.34,20261008_233220,jeb,recovery,24,623,manual,truth,79.0,82.2,1,0.065,0.066,-0.0,1,38.2,0.088,0.053,10,ready,3
2026-10-08 23:40:53.622,513.54,20261008_233220,jeb,recovery,24,623,manual,truth,79.0,82.2,1,0.066,0.066,-0.0,1,38.2,0.1,0.053,10,ready,3
2026-10-08 23:40:53.825,513.74,20261008_233220,jeb,recovery,24,623,manual,truth,79.0,82.2,1,0.066,0.066,0.0,1,38.21,0.102,0.05,10,ready,3
2026-10-08 23:40:54.041,513.96,20261008_233220,jeb,recovery,24,623,manual,truth,82.9,86.0,1,0.066,0.066,0.0,1,38.23,0.105,0.05,11,ready,3
2026-10-08 23:40:54.236,514.16,20261008_233220,jeb,recovery,24,623,manual,truth,82.9,86.0,1,,,,0,38.16,0.104,0.058,11,ready,3
2026-10-08 23:40:54.438,514.36,20261008_233220,jeb,recovery,24,623,manual,truth,82.9,86.0,1,0.067,0.068,-0.0,1,38.17,0.101,0.054,11,ready,3
2026-10-08 23:40:54.654,514.57,20261008_233220,jeb,recovery,24,623,manual,truth,82.9,86.0,1,0.067,0.068,-0.001,1,38.18,0.094,0.051,12,ready,3
2026-10-08 23:40:54.848,514.77,20261008_233220,jeb,recovery,24,623,manual,truth,79.0,90.9,1,0.067,0.068,-0.001,1,38.19,0.093,0.05,11,ready,3
2026-10-08 23:40:55.053,514.97,20261008_233220,jeb,recovery,24,623,manual,truth,79.0,90.9,1,0.067,0.068,-0.001,1,38.2,0.092,0.05,11,ready,3
2026-10-08 23:40:55.264,515.18,20261008_233220,jeb,recovery,24,623,manual,truth,79.0,90.9,1,0.066,0.068,-0.001,1,38.21,0.091,0.048,11,ready,3
2026-10-08 23:40:55.471,515.39,20261008_233220,jeb,recovery,24,623,manual,truth,79.0,88.6,1,0.067,0.068,-0.001,1,38.22,0.09,0.044,10,ready,3
2026-10-08 23:40:55.684,515.6,20261008_233220,jeb,recovery,24,623,manual,truth,79.0,88.6,1,0.066,0.067,-0.001,1,38.22,0.085,0.04,10,ready,3
2026-10-08 23:40:56.157,516.08,20261008_233220,jeb,recovery,24,623,manual,truth,79.0,88.6,1,0.066,0.067,-0.002,1,38.23,0.082,0.038,10,ready,3
2026-10-08 23:40:56.158,516.08,20261008_233220,jeb,recovery,24,623,manual,truth,79.0,88.6,1,0.065,0.067,-0.002,1,38.24,0.081,0.036,10,ready,3
2026-10-08 23:40:56.303,516.22,20261008_233220,jeb,recovery,24,623,manual,truth,77.7,77.2,1,0.065,0.067,-0.002,1,38.25,0.088,0.042,10,ready,3
2026-10-08 23:40:56.506,516.43,20261008_233220,jeb,recovery,24,623,manual,truth,77.7,77.2,1,0.065,0.067,-0.002,1,38.25,0.082,0.041,9,ready,3
2026-10-08 23:40:56.721,516.64,20261008_233220,jeb,recovery,24,623,manual,truth,77.7,77.2,1,0.066,0.067,-0.002,1,38.25,0.078,0.038,9,ready,3
2026-10-08 23:40:56.915,516.83,20261008_233220,jeb,recovery,24,623,manual,truth,77.7,77.2,1,0.066,0.067,-0.002,1,38.26,0.078,0.043,9,ready,3
2026-10-08 23:40:57.131,517.05,20261008_233220,jeb,recovery,24,623,manual,truth,77.7,77.2,1,0.066,0.066,0.0,1,38.26,0.082,0.044,9,ready,3
2026-10-08 23:40:57.323,517.24,20261008_233220,jeb,recovery,24,623,manual,truth,77.7,77.2,1,0.066,0.066,0.0,1,38.26,0.082,0.042,9,ready,3
2026-10-08 23:40:57.538,517.46,20261008_233220,jeb,recovery,24,623,manual,truth,77.7,77.2,1,0.066,0.066,0.0,1,38.27,0.09,0.041,9,ready,3
2026-10-08 23:40:57.744,517.66,20261008_233220,jeb,recovery,24,623,manual,truth,77.7,77.2,1,0.066,0.066,0.0,1,38.27,0.092,0.051,9,ready,3
2026-10-08 23:40:57.973,517.89,20261008_233220,jeb,recovery,24,623,manual,truth,77.7,77.2,1,0.066,0.066,0.0,1,38.27,0.096,0.056,9,ready,3
2026-10-08 23:40:58.208,518.13,20261008_233220,jeb,recovery,24,623,manual,truth,77.7,77.2,1,0.066,0.066,0.0,1,38.27,0.094,0.052,9,ready,3
2026-10-08 23:40:58.396,518.32,20261008_233220,jeb,rest,,,,,77.7,77.2,1,0.066,0.066,0.0,1,38.27,0.091,0.048,9,ready,3
2026-10-08 23:40:58.611,518.53,20261008_233220,jeb,rest,,,,,79.3,77.2,1,0.066,0.066,0.0,1,38.22,0.093,0.057,9,ready,3
2026-10-08 23:40:58.822,518.74,20261008_233220,jeb,rest,,,,,79.3,77.2,1,0.066,0.066,0.0,1,38.23,0.092,0.061,9,ready,3
2026-10-08 23:40:58.988,518.91,20261008_233220,jeb,rest,,,,,79.3,77.2,1,0.066,0.066,0.0,1,38.23,0.093,0.056,9,ready,3
2026-10-08 23:40:59.228,519.15,20261008_233220,jeb,rest,,,,,79.3,74.3,1,0.067,0.066,0.001,1,38.23,0.089,0.057,9,ready,3
2026-10-08 23:40:59.433,519.35,20261008_233220,jeb,rest,,,,,79.3,74.3,1,0.067,0.066,0.001,1,38.24,0.09,0.054,9,ready,3
2026-10-08 23:40:59.624,519.54,20261008_233220,jeb,rest,,,,,79.3,74.3,1,0.066,0.066,0.0,1,38.24,0.107,0.054,9,ready,3
2026-10-08 23:40:59.844,519.76,20261008_233220,jeb,rest,,,,,80.7,81.6,1,0.066,0.066,0.0,1,38.25,0.108,0.061,10,ready,3
2026-10-08 23:40:59.999,519.92,20261008_233220,jeb,rest,,,,,80.7,81.6,1,0.065,0.066,-0.001,1,38.26,0.105,0.058,10,ready,3
2026-10-08 23:41:02.022,521.94,20261008_233220,jeb,rest,,,,,93.9,90.4,1,0.067,0.066,0.0,1,38.29,0.252,0.136,18,ready,3
2026-10-08 23:41:02.220,522.14,20261008_233220,jeb,rest,,,,,93.9,90.4,1,0.066,0.066,-0.0,1,38.29,0.266,0.163,22,ready,3
2026-10-08 23:41:02.428,522.35,20261008_233220,jeb,rest,,,,,95.1,92.0,1,0.069,0.069,0.0,1,38.3,0.264,0.164,25,ready,3
2026-10-08 23:41:02.630,522.55,20261008_233220,jeb,rest,,,,,95.1,92.0,1,0.068,0.069,-0.001,1,38.31,0.25,0.157,28,ready,3
2026-10-08 23:41:02.850,522.77,20261008_233220,jeb,rest,,,,,95.1,92.0,1,0.067,0.069,-0.001,1,38.31,0.231,0.143,30,ready,3
2026-10-08 23:41:03.041,522.96,20261008_233220,jeb,rest,,,,,95.1,92.0,1,0.067,0.068,-0.002,1,38.31,0.213,0.131,31,ready,3
2026-10-08 23:41:03.246,523.17,20261008_233220,jeb,rest,,,,,95.1,92.0,1,,,,0,38.28,0.201,0.123,32,ready,3
2026-10-08 23:41:03.479,523.4,20261008_233220,jeb,question,25,624,manual,truth,95.1,92.0,1,0.061,0.061,0.0,1,38.28,0.182,0.113,32,question,3
2026-10-08 23:41:03.668,523.59,20261008_233220,jeb,question,25,624,manual,truth,95.1,92.0,1,,,,0,38.27,0.166,0.103,32,question,3
2026-10-08 23:41:03.869,523.79,20261008_233220,jeb,question,25,624,manual,truth,95.1,92.0,1,0.066,0.067,-0.0,1,38.29,0.153,0.095,32,question,3
2026-10-08 23:41:04.066,523.99,20261008_233220,jeb,question,25,624,manual,truth,95.1,92.0,1,0.067,0.067,-0.0,1,38.28,0.147,0.089,32,question,3
2026-10-08 23:41:04.274,524.19,20261008_233220,jeb,question,25,624,manual,truth,95.1,92.0,1,0.066,0.067,-0.0,1,38.29,0.138,0.084,32,question,3
2026-10-08 23:41:04.486,524.41,20261008_233220,jeb,question,25,624,manual,truth,95.1,92.0,1,0.066,0.067,-0.0,1,38.29,0.136,0.078,32,question,3
2026-10-08 23:41:04.685,524.6,20261008_233220,jeb,question,25,624,manual,truth,95.1,92.0,1,0.066,0.067,-0.0,1,38.29,0.129,0.071,31,question,3
2026-10-08 23:41:04.890,524.81,20261008_233220,jeb,question,25,624,manual,truth,95.1,92.0,1,0.067,0.067,0.0,1,38.29,0.138,0.079,31,question,3
2026-10-08 23:41:05.117,525.04,20261008_233220,jeb,question,25,624,manual,truth,95.1,92.0,1,0.067,0.067,0.0,1,38.29,0.136,0.081,31,question,3
2026-10-08 23:41:05.300,525.22,20261008_233220,jeb,question,25,624,manual,truth,95.1,92.0,1,0.067,0.067,0.0,1,38.29,0.13,0.076,31,question,3
2026-10-08 23:41:05.505,525.42,20261008_233220,jeb,question,25,624,manual,truth,95.1,92.0,1,0.067,0.067,0.0,1,38.3,0.132,0.077,31,question,3
2026-10-08 23:41:05.713,525.63,20261008_233220,jeb,question,25,624,manual,truth,95.1,92.0,1,0.067,0.067,0.0,1,38.3,0.127,0.098,31,question,3
2026-10-08 23:41:05.915,525.83,20261008_233220,jeb,question,25,624,manual,truth,95.1,89.1,1,0.067,0.067,-0.0,1,38.3,0.121,0.093,30,question,3
2026-10-08 23:41:06.120,526.04,20261008_233220,jeb,question,25,624,manual,truth,95.1,89.1,1,0.067,0.067,0.0,1,38.3,0.119,0.086,30,question,3
2026-10-08 23:41:06.330,526.25,20261008_233220,jeb,question,25,624,manual,truth,95.1,89.1,1,0.067,0.067,0.0,1,38.3,0.121,0.085,30,question,3
2026-10-08 23:41:06.533,526.45,20261008_233220,jeb,question,25,624,manual,truth,95.1,86.4,1,0.067,0.067,0.0,1,38.3,0.201,0.086,31,question,3
2026-10-08 23:41:06.750,526.67,20261008_233220,jeb,question,25,624,manual,truth,95.1,86.4,1,0.067,0.067,-0.0,1,38.3,0.214,0.083,32,question,3
2026-10-08 23:41:06.945,526.86,20261008_233220,jeb,question,25,624,manual,truth,95.1,86.4,1,0.067,0.067,0.0,1,38.3,0.198,0.084,33,question,3
2026-10-08 23:41:07.150,527.07,20261008_233220,jeb,question,25,624,manual,truth,95.1,86.4,1,0.067,0.067,0.0,1,38.3,0.186,0.085,33,question,3
2026-10-08 23:41:07.360,527.28,20261008_233220,jeb,question,25,624,manual,truth,95.1,86.4,1,0.066,0.067,-0.0,1,38.3,0.176,0.101,33,question,3
2026-10-08 23:41:07.569,527.49,20261008_233220,jeb,question,25,624,manual,truth,95.1,86.4,1,0.067,0.067,0.0,1,38.31,0.167,0.094,33,question,3
2026-10-08 23:41:07.780,527.7,20261008_233220,jeb,question,25,624,manual,truth,95.1,86.4,1,0.064,0.062,0.003,1,38.3,0.2,0.149,34,question,3
2026-10-08 23:41:07.984,527.9,20261008_233220,jeb,question,25,624,manual,truth,95.1,86.4,1,0.065,0.062,0.003,1,38.3,0.196,0.135,34,question,3
2026-10-08 23:41:08.189,528.11,20261008_233220,jeb,question,25,624,manual,truth,95.1,86.4,1,0.066,0.062,0.004,1,38.3,0.184,0.124,34,question,3
2026-10-08 23:41:08.396,528.32,20261008_233220,jeb,question,25,624,manual,truth,95.1,86.4,1,0.066,0.062,0.004,1,38.3,0.182,0.115,34,question,3
2026-10-08 23:41:08.599,528.52,20261008_233220,jeb,question,25,624,manual,truth,95.1,86.4,1,0.066,0.062,0.004,1,38.3,0.19,0.105,34,question,3
2026-10-08 23:41:08.801,528.72,20261008_233220,jeb,question,25,624,manual,truth,,,1,0.066,0.062,0.004,1,38.3,0.175,0.097,38,question,3
2026-10-08 23:41:09.008,528.93,20261008_233220,jeb,question,25,624,manual,truth,,,1,0.066,0.062,0.004,1,38.3,0.165,0.088,40,question,3
2026-10-08 23:41:09.214,529.13,20261008_233220,jeb,question,25,624,manual,truth,,,1,0.066,0.062,0.004,1,38.3,0.153,0.081,41,question,3
2026-10-08 23:41:09.416,529.34,20261008_233220,jeb,question,25,624,manual,truth,130.7,,1,0.067,0.062,0.005,1,38.3,0.142,0.08,49,question,3
2026-10-08 23:41:09.626,529.55,20261008_233220,jeb,question,25,624,manual,truth,130.7,,1,0.067,0.062,0.005,1,38.3,0.131,0.072,56,question,3
2026-10-08 23:41:09.825,529.74,20261008_233220,jeb,question,25,624,manual,truth,130.7,,1,0.067,0.062,0.005,1,38.3,0.12,0.066,62,question,3
2026-10-08 23:41:10.034,529.95,20261008_233220,jeb,question,25,624,manual,truth,130.7,,1,0.067,0.062,0.005,1,38.31,0.109,0.06,67,question,3
2026-10-08 23:41:10.239,530.16,20261008_233220,jeb,question,25,624,manual,truth,130.7,,1,0.067,0.062,0.005,1,38.31,0.101,0.057,70,question,3
2026-10-08 23:41:10.446,530.37,20261008_233220,jeb,question,25,624,manual,truth,130.7,,1,0.067,0.063,0.004,1,38.3,0.092,0.054,73,question,3
2026-10-08 23:41:10.652,530.57,20261008_233220,jeb,question,25,624,manual,truth,119.7,,1,0.067,0.063,0.004,1,38.31,0.087,0.05,73,question,3
2026-10-08 23:41:10.856,530.78,20261008_233220,jeb,question,25,624,manual,truth,119.7,,1,0.068,0.063,0.005,1,38.31,0.089,0.047,73,question,3
2026-10-08 23:41:11.065,530.98,20261008_233220,jeb,question,25,624,manual,truth,119.7,,1,0.067,0.063,0.005,1,38.31,0.082,0.042,73,question,3
2026-10-08 23:41:11.279,531.2,20261008_233220,jeb,question,25,624,manual,truth,119.7,,1,0.068,0.063,0.005,1,38.31,0.075,0.04,73,question,3
2026-10-08 23:41:11.479,531.4,20261008_233220,jeb,question,25,624,manual,truth,119.7,,1,0.068,0.063,0.005,1,38.31,0.069,0.038,72,question,3
2026-10-08 23:41:11.687,531.61,20261008_233220,jeb,question,25,624,manual,truth,119.7,,1,0.068,0.063,0.005,1,38.33,0.065,0.035,72,question,3
2026-10-08 23:41:11.901,531.82,20261008_233220,jeb,question,25,624,manual,truth,119.7,,1,,,,0,38.27,0.064,0.032,72,question,3
2026-10-08 23:41:12.098,532.02,20261008_233220,jeb,question,25,624,manual,truth,107.0,,1,0.067,0.066,0.001,1,38.28,0.059,0.03,67,question,3
2026-10-08 23:41:12.321,532.24,20261008_233220,jeb,question,25,624,manual,truth,107.0,,1,0.067,0.066,0.001,1,38.28,0.073,0.031,64,question,3
2026-10-08 23:41:12.515,532.43,20261008_233220,jeb,question,25,624,manual,truth,107.0,,1,0.067,0.066,0.001,1,38.29,0.1,0.039,61,question,3
2026-10-08 23:41:12.716,532.64,20261008_233220,jeb,question,25,624,manual,truth,96.8,,1,0.067,0.066,0.001,1,38.29,0.242,0.105,58,question,3
2026-10-08 23:41:12.928,532.85,20261008_233220,jeb,question,25,624,manual,truth,96.8,,1,0.067,0.066,0.001,1,38.3,0.265,0.157,55,question,3
2026-10-08 23:41:13.131,533.05,20261008_233220,jeb,question,25,624,manual,truth,96.8,,1,0.068,0.066,0.001,1,38.3,0.247,0.154,53,question,3
2026-10-08 23:41:13.335,533.25,20261008_233220,jeb,question,25,624,manual,truth,96.8,349.7,1,0.067,0.066,0.001,1,38.3,0.225,0.145,51,question,3
2026-10-08 23:41:13.544,533.46,20261008_233220,jeb,question,25,624,manual,truth,96.8,349.7,1,0.067,0.066,0.001,1,38.31,0.205,0.132,49,question,3
2026-10-08 23:41:13.746,533.67,20261008_233220,jeb,question,25,624,manual,truth,96.8,349.7,1,0.068,0.066,0.001,1,38.31,0.187,0.12,47,question,3
2026-10-08 23:41:13.950,533.87,20261008_233220,jeb,question,25,624,manual,truth,96.8,349.7,1,0.068,0.066,0.002,1,38.31,0.17,0.109,45,question,3
2026-10-08 23:41:14.158,534.08,20261008_233220,jeb,question,25,624,manual,truth,96.8,349.7,1,0.068,0.066,0.002,1,38.31,0.155,0.1,43,question,3
2026-10-08 23:41:14.365,534.28,20261008_233220,jeb,question,25,624,manual,truth,96.8,349.7,1,0.068,0.066,0.002,1,38.31,0.143,0.092,41,question,3
2026-10-08 23:41:14.578,534.5,20261008_233220,jeb,question,25,624,manual,truth,96.8,349.7,1,0.068,0.066,0.002,1,38.31,0.118,0.076,39,question,3
2026-10-08 23:41:14.780,534.7,20261008_233220,jeb,question,25,624,manual,truth,96.8,349.7,1,0.068,0.066,0.001,1,38.3,0.107,0.069,37,question,3
2026-10-08 23:41:14.987,534.91,20261008_233220,jeb,question,25,624,manual,truth,96.8,349.7,1,0.068,0.066,0.002,1,38.3,0.098,0.063,36,question,3
2026-10-08 23:41:15.205,535.12,20261008_233220,jeb,recovery,25,624,manual,truth,96.8,349.7,1,0.068,0.066,0.002,1,38.31,0.089,0.058,35,ready,3
2026-10-08 23:41:15.402,535.32,20261008_233220,jeb,recovery,25,624,manual,truth,96.8,349.7,1,0.068,0.067,0.002,1,38.31,0.082,0.053,34,ready,3
2026-10-08 23:41:15.603,535.52,20261008_233220,jeb,recovery,25,624,manual,truth,91.6,349.7,1,0.069,0.069,0.0,1,38.28,0.075,0.048,32,ready,3
2026-10-08 23:41:15.802,535.72,20261008_233220,jeb,recovery,25,624,manual,truth,91.6,349.7,1,0.069,0.069,-0.0,1,38.28,0.07,0.044,30,ready,3
2026-10-08 23:41:16.001,535.92,20261008_233220,jeb,recovery,25,624,manual,truth,91.6,349.7,1,0.069,0.069,-0.0,1,38.28,0.066,0.04,28,ready,3
2026-10-08 23:41:16.203,536.12,20261008_233220,jeb,recovery,25,624,manual,truth,91.6,349.7,1,0.069,0.069,-0.0,1,38.28,0.06,0.037,27,ready,3
2026-10-08 23:41:16.408,536.33,20261008_233220,jeb,recovery,25,624,manual,truth,91.6,349.7,1,0.069,0.069,-0.0,1,38.29,0.055,0.033,25,ready,3
2026-10-08 23:41:16.612,536.53,20261008_233220,jeb,recovery,25,624,manual,truth,91.6,349.7,1,0.069,0.069,-0.0,1,38.29,0.05,0.03,24,ready,3
2026-10-08 23:41:16.817,536.74,20261008_233220,jeb,recovery,25,624,manual,truth,91.6,349.7,1,0.068,0.069,-0.001,1,38.29,0.046,0.028,23,ready,3
2026-10-08 23:41:17.102,537.02,20261008_233220,jeb,recovery,25,624,manual,truth,91.6,349.7,1,0.069,0.069,0.0,1,38.29,0.042,0.025,23,ready,3
2026-10-08 23:41:17.225,537.14,20261008_233220,jeb,recovery,25,624,manual,truth,91.6,349.7,1,,,,0,38.24,0.039,0.023,22,ready,3
2026-10-08 23:41:17.431,537.35,20261008_233220,jeb,recovery,25,624,manual,truth,91.6,349.7,1,0.069,0.07,-0.0,1,38.24,0.037,0.021,22,ready,3
2026-10-08 23:41:17.638,537.56,20261008_233220,jeb,recovery,25,624,manual,truth,91.6,349.7,1,0.069,0.07,-0.0,1,38.26,0.036,0.021,21,ready,3
2026-10-08 23:41:17.841,537.76,20261008_233220,jeb,recovery,25,624,manual,truth,91.6,349.7,1,0.069,0.069,-0.001,1,38.27,0.194,0.04,23,ready,3
2026-10-08 23:41:18.046,537.97,20261008_233220,jeb,recovery,25,624,manual,truth,91.6,349.7,1,0.069,0.069,-0.001,1,38.27,0.188,0.042,24,ready,3
2026-10-08 23:41:18.252,538.17,20261008_233220,jeb,recovery,25,624,manual,truth,91.6,349.7,1,0.069,0.069,-0.001,1,38.27,0.177,0.04,24,ready,3
2026-10-08 23:41:18.462,538.38,20261008_233220,jeb,recovery,25,624,manual,truth,91.6,349.7,1,0.069,0.069,-0.0,1,38.28,0.168,0.038,25,ready,3
2026-10-08 23:41:18.677,538.6,20261008_233220,jeb,recovery,25,624,manual,truth,91.6,349.7,1,0.069,0.069,-0.0,1,38.28,0.162,0.051,25,ready,3
2026-10-08 23:41:18.879,538.8,20261008_233220,jeb,recovery,25,624,manual,truth,96.8,349.7,1,0.069,0.069,-0.0,1,38.28,0.154,0.054,27,ready,3
2026-10-08 23:41:19.086,539.01,20261008_233220,jeb,recovery,25,624,manual,truth,96.8,349.7,1,0.07,0.069,0.0,1,38.28,0.173,0.051,29,ready,3
2026-10-08 23:41:19.308,539.23,20261008_233220,jeb,recovery,25,624,manual,truth,99.6,314.1,1,0.069,0.069,-0.0,1,38.29,0.172,0.049,31,ready,3
2026-10-08 23:41:19.484,539.4,20261008_233220,jeb,recovery,25,624,manual,truth,99.6,314.1,1,0.069,0.069,-0.0,1,38.29,0.16,0.048,33,ready,3
2026-10-08 23:41:19.686,539.61,20261008_233220,jeb,rest,,,,,99.6,314.1,1,0.069,0.069,-0.0,1,38.29,0.148,0.045,34,ready,3
2026-10-08 23:41:19.885,539.8,20261008_233220,jeb,rest,,,,,115.1,287.2,1,0.069,0.069,-0.0,1,38.29,0.137,0.045,40,ready,3
2026-10-08 23:41:20.086,540.01,20261008_233220,jeb,rest,,,,,115.1,287.2,1,0.069,0.069,-0.0,1,38.29,0.13,0.046,45,ready,3
2026-10-08 23:41:20.282,540.2,20261008_233220,jeb,rest,,,,,115.1,287.2,1,0.069,0.069,-0.0,1,38.3,0.127,0.055,49,ready,3
2026-10-08 23:41:20.491,540.41,20261008_233220,jeb,rest,,,,,115.1,267.0,1,0.07,0.069,0.0,1,38.3,0.117,0.05,53,ready,3
2026-10-08 23:41:20.698,540.62,20261008_233220,jeb,rest,,,,,115.1,267.0,1,0.069,0.069,-0.0,1,38.32,0.11,0.055,55,ready,3
2026-10-08 23:41:20.893,540.81,20261008_233220,jeb,rest,,,,,115.1,267.0,1,0.07,0.069,0.001,1,38.3,0.107,0.061,57,ready,3
2026-10-08 23:41:21.301,541.22,20261008_233220,jeb,rest,,,,,115.1,267.0,1,0.07,0.069,0.001,1,38.31,0.206,0.103,60,ready,3
2026-10-08 23:41:21.310,541.23,20261008_233220,jeb,rest,,,,,115.1,267.0,1,0.071,0.069,0.001,1,38.31,0.198,0.107,62,ready,3
2026-10-08 23:41:21.507,541.43,20261008_233220,jeb,rest,,,,,115.1,267.0,1,0.073,0.07,0.004,1,38.24,0.201,0.098,64,ready,3
2026-10-08 23:41:21.712,541.63,20261008_233220,jeb,rest,,,,,115.1,267.0,1,0.075,0.07,0.005,1,38.25,0.198,0.091,66,ready,3
2026-10-08 23:41:21.926,541.85,20261008_233220,jeb,rest,,,,,115.1,267.0,1,0.073,0.07,0.003,1,38.27,0.194,0.085,67,ready,3
2026-10-08 23:41:22.127,542.05,20261008_233220,jeb,rest,,,,,115.1,267.0,1,0.073,0.07,0.003,1,38.28,0.179,0.078,68,ready,3
2026-10-08 23:41:22.339,542.26,20261008_233220,jeb,recovery,26,625,manual,lie,115.1,267.0,1,0.073,0.07,0.003,1,38.28,0.167,0.074,69,ready,3
2026-10-08 23:41:22.544,542.46,20261008_233220,jeb,question,26,625,manual,lie,115.1,267.0,1,0.074,0.07,0.004,1,38.28,0.167,0.069,69,question,3
2026-10-08 23:41:22.745,542.66,20261008_233220,jeb,question,26,625,manual,lie,115.1,267.0,1,0.074,0.07,0.004,1,38.28,0.16,0.064,69,question,3
2026-10-08 23:41:22.945,542.86,20261008_233220,jeb,question,26,625,manual,lie,115.1,267.0,1,0.074,0.07,0.004,1,38.29,0.15,0.059,69,question,3
2026-10-08 23:41:23.147,543.07,20261008_233220,jeb,question,26,625,manual,lie,115.1,267.0,1,0.074,0.07,0.004,1,38.29,0.146,0.055,69,question,3
2026-10-08 23:41:23.344,543.26,20261008_233220,jeb,question,26,625,manual,lie,115.1,267.0,1,0.074,0.07,0.004,1,38.29,0.141,0.051,69,question,3
2026-10-08 23:41:23.549,543.47,20261008_233220,jeb,question,26,625,manual,lie,115.1,267.0,1,0.075,0.07,0.005,1,38.3,0.131,0.048,69,question,3
2026-10-08 23:41:23.862,543.78,20261008_233220,jeb,question,26,625,manual,lie,115.1,267.0,1,0.074,0.07,0.004,1,38.29,0.125,0.049,69,question,3
2026-10-08 23:41:23.958,543.88,20261008_233220,jeb,question,26,625,manual,lie,115.1,267.0,1,0.075,0.07,0.005,1,38.3,0.137,0.048,69,question,3
2026-10-08 23:41:24.161,544.08,20261008_233220,jeb,question,26,625,manual,lie,115.1,267.0,1,0.076,0.07,0.006,1,38.3,0.135,0.045,69,question,3
2026-10-08 23:41:24.369,544.29,20261008_233220,jeb,question,26,625,manual,lie,115.1,267.0,1,0.075,0.07,0.005,1,38.3,0.129,0.042,68,question,3
2026-10-08 23:41:24.564,544.48,20261008_233220,jeb,question,26,625,manual,lie,115.1,267.0,1,0.075,0.07,0.005,1,38.3,0.143,0.042,69,question,3
2026-10-08 23:41:24.782,544.7,20261008_233220,jeb,question,26,625,manual,lie,115.1,267.0,1,0.075,0.07,0.005,1,38.3,0.14,0.041,69,question,3
2026-10-08 23:41:24.978,544.9,20261008_233220,jeb,question,26,625,manual,lie,115.1,267.0,1,0.075,0.071,0.004,1,38.3,0.131,0.038,69,question,3
2026-10-08 23:41:25.178,545.1,20261008_233220,jeb,question,26,625,manual,lie,115.1,267.0,1,0.076,0.071,0.005,1,38.3,0.12,0.035,68,question,3
2026-10-08 23:41:25.383,545.3,20261008_233220,jeb,question,26,625,manual,lie,115.1,267.0,1,0.076,0.071,0.005,1,38.3,0.11,0.033,68,question,3
2026-10-08 23:41:25.591,545.51,20261008_233220,jeb,question,26,625,manual,lie,115.1,267.0,1,0.076,0.071,0.005,1,38.31,0.105,0.03,68,question,3
2026-10-08 23:41:25.810,545.73,20261008_233220,jeb,question,26,625,manual,lie,106.9,286.3,1,0.073,0.071,0.002,1,38.27,0.102,0.028,62,question,4
2026-10-08 23:41:26.012,545.93,20261008_233220,jeb,question,26,625,manual,lie,106.9,286.3,1,0.075,0.071,0.004,1,38.27,0.099,0.03,60,question,4
2026-10-08 23:41:26.212,546.13,20261008_233220,jeb,question,26,625,manual,lie,106.9,286.3,1,0.076,0.071,0.005,1,38.28,0.094,0.028,58,question,4
2026-10-08 23:41:26.417,546.34,20261008_233220,jeb,question,26,625,manual,lie,106.9,286.3,1,0.077,0.071,0.006,1,38.28,0.098,0.031,56,question,4
2026-10-08 23:41:26.618,546.54,20261008_233220,jeb,question,26,625,manual,lie,106.9,286.3,1,0.077,0.071,0.006,1,38.28,0.092,0.033,55,question,4
2026-10-08 23:41:26.831,546.75,20261008_233220,jeb,question,26,625,manual,lie,106.9,286.3,1,0.077,0.071,0.005,1,38.29,0.088,0.03,54,question,4
2026-10-08 23:41:27.023,546.94,20261008_233220,jeb,question,26,625,manual,lie,106.9,286.3,1,0.077,0.071,0.005,1,38.29,0.084,0.03,53,question,4
2026-10-08 23:41:27.235,547.15,20261008_233220,jeb,question,26,625,manual,lie,106.9,286.3,1,0.077,0.071,0.006,1,38.29,0.078,0.028,52,question,4
2026-10-08 23:41:27.440,547.36,20261008_233220,jeb,question,26,625,manual,lie,106.9,286.3,1,0.077,0.071,0.005,1,38.29,0.071,0.026,51,question,4
2026-10-08 23:41:27.646,547.57,20261008_233220,jeb,question,26,625,manual,lie,106.9,286.3,1,0.076,0.071,0.005,1,38.29,0.065,0.024,50,question,4
2026-10-08 23:41:27.855,547.77,20261008_233220,jeb,question,26,625,manual,lie,106.9,286.3,1,0.077,0.072,0.006,1,38.29,0.064,0.022,50,question,4
2026-10-08 23:41:28.053,547.97,20261008_233220,jeb,question,26,625,manual,lie,106.9,286.3,1,0.077,0.072,0.005,1,38.29,0.069,0.023,49,question,4
2026-10-08 23:41:28.261,548.18,20261008_233220,jeb,question,26,625,manual,lie,,,1,0.077,0.072,0.005,1,38.3,0.067,0.023,44,question,4
2026-10-08 23:41:28.466,548.39,20261008_233220,jeb,question,26,625,manual,lie,,,1,0.078,0.072,0.006,1,38.29,0.067,0.021,39,question,4
2026-10-08 23:41:28.674,548.59,20261008_233220,jeb,question,26,625,manual,lie,,,1,,,,0,38.22,0.065,0.021,36,question,3
2026-10-08 23:41:28.882,548.8,20261008_233220,jeb,question,26,625,manual,lie,,,1,0.076,0.077,-0.001,1,38.23,0.077,0.021,33,question,3
2026-10-08 23:41:29.090,549.01,20261008_233220,jeb,question,26,625,manual,lie,,,1,0.077,0.077,0.0,1,38.23,0.08,0.024,31,question,3
2026-10-08 23:41:29.294,549.21,20261008_233220,jeb,question,26,625,manual,lie,66.9,,1,0.077,0.077,-0.0,1,38.24,0.075,0.024,26,question,3
2026-10-08 23:41:29.506,549.43,20261008_233220,jeb,question,26,625,manual,lie,66.9,,1,0.076,0.077,-0.001,1,38.26,0.109,0.025,22,question,3
2026-10-08 23:41:29.710,549.63,20261008_233220,jeb,question,26,625,manual,lie,66.9,,1,0.077,0.077,-0.0,1,38.26,0.102,0.025,19,question,3
2026-10-08 23:41:29.917,549.84,20261008_233220,jeb,question,26,625,manual,lie,68.9,,1,0.077,0.077,-0.0,1,38.26,0.093,0.023,17,question,3
2026-10-08 23:41:30.122,550.04,20261008_233220,jeb,question,26,625,manual,lie,68.9,,1,,,,0,38.24,0.085,0.022,15,question,3
2026-10-08 23:41:30.333,550.25,20261008_233220,jeb,question,26,625,manual,lie,68.9,,1,0.077,0.077,0.0,1,38.25,0.077,0.02,13,question,3
2026-10-08 23:41:30.537,550.46,20261008_233220,jeb,question,26,625,manual,lie,68.9,,1,0.077,0.077,-0.0,1,38.26,0.071,0.018,11,question,3
2026-10-08 23:41:30.747,550.67,20261008_233220,jeb,question,26,625,manual,lie,72.1,,1,0.077,0.077,-0.0,1,38.26,0.065,0.017,10,question,3
2026-10-08 23:41:30.942,550.86,20261008_233220,jeb,question,26,625,manual,lie,72.1,,1,0.075,0.077,-0.002,1,38.27,0.093,0.023,9,question,3
2026-10-08 23:41:31.146,551.07,20261008_233220,jeb,question,26,625,manual,lie,72.1,,1,0.075,0.077,-0.002,1,38.27,0.212,0.17,9,question,3
2026-10-08 23:41:31.356,551.28,20261008_233220,jeb,question,26,625,manual,lie,75.5,181.5,1,0.073,0.077,-0.004,1,38.27,0.382,0.427,11,question,3
2026-10-08 23:41:31.565,551.48,20261008_233220,jeb,question,26,625,manual,lie,75.5,181.5,1,0.072,0.077,-0.005,1,38.28,0.433,0.66,13,question,4
2026-10-08 23:41:31.774,551.69,20261008_233220,jeb,question,26,625,manual,lie,75.5,181.5,1,0.071,0.077,-0.005,1,38.28,0.612,0.695,15,question,4
2026-10-08 23:41:31.981,551.9,20261008_233220,jeb,question,26,625,manual,lie,75.5,181.5,1,0.071,0.077,-0.006,1,38.28,0.641,0.694,18,question,4
2026-10-08 23:41:32.183,552.1,20261008_233220,jeb,question,26,625,manual,lie,75.5,181.5,1,0.07,0.077,-0.006,1,38.29,0.586,0.628,19,question,4
2026-10-08 23:41:32.391,552.31,20261008_233220,jeb,question,26,625,manual,lie,75.5,181.5,1,0.071,0.077,-0.006,1,38.29,0.531,0.569,21,question,4
2026-10-08 23:41:32.603,552.52,20261008_233220,jeb,question,26,625,manual,lie,82.3,181.5,1,0.073,0.077,-0.004,1,38.3,0.435,0.466,23,question,4
2026-10-08 23:41:32.807,552.73,20261008_233220,jeb,question,26,625,manual,lie,82.3,181.5,1,0.073,0.076,-0.004,1,38.3,0.394,0.422,24,question,4
2026-10-08 23:41:33.010,552.93,20261008_233220,jeb,question,26,625,manual,lie,82.3,181.5,1,0.072,0.076,-0.004,1,38.3,0.357,0.382,25,question,4
2026-10-08 23:41:33.212,553.13,20261008_233220,jeb,question,26,625,manual,lie,82.3,181.5,1,0.072,0.076,-0.004,1,38.3,0.323,0.345,24,question,4
2026-10-08 23:41:33.421,553.34,20261008_233220,jeb,question,26,625,manual,lie,82.3,181.5,1,0.071,0.076,-0.005,1,38.3,0.293,0.313,24,question,4
2026-10-08 23:41:33.625,553.55,20261008_233220,jeb,question,26,625,manual,lie,82.3,181.5,1,0.073,0.076,-0.004,1,38.31,0.266,0.283,23,question,4
2026-10-08 23:41:33.832,553.75,20261008_233220,jeb,question,26,625,manual,lie,82.3,181.5,1,0.073,0.076,-0.003,1,38.31,0.241,0.256,22,question,4
2026-10-08 23:41:34.056,553.98,20261008_233220,jeb,question,26,625,manual,lie,82.3,181.5,1,0.073,0.076,-0.003,1,38.31,0.218,0.232,22,question,4
2026-10-08 23:41:34.252,554.17,20261008_233220,jeb,recovery,26,625,manual,lie,82.3,181.5,1,0.083,0.083,0.0,1,38.23,0.198,0.21,21,ready,4
2026-10-08 23:41:34.457,554.38,20261008_233220,jeb,recovery,26,625,manual,lie,82.3,181.5,1,,,,0,38.22,0.179,0.19,20,ready,3
2026-10-08 23:41:34.657,554.58,20261008_233220,jeb,recovery,26,625,manual,lie,82.3,181.5,1,0.074,0.075,-0.001,1,38.23,0.163,0.172,19,ready,3
2026-10-08 23:41:34.924,554.84,20261008_233220,jeb,recovery,26,625,manual,lie,82.3,181.5,1,0.074,0.075,-0.001,1,38.24,0.148,0.156,18,ready,4
2026-10-08 23:41:35.073,554.99,20261008_233220,jeb,recovery,26,625,manual,lie,82.3,181.5,1,0.073,0.075,-0.002,1,38.24,0.143,0.142,17,ready,4
2026-10-08 23:41:35.270,555.19,20261008_233220,jeb,recovery,26,625,manual,lie,82.3,181.5,1,0.072,0.075,-0.002,1,38.25,0.149,0.129,17,ready,4
2026-10-08 23:41:35.476,555.4,20261008_233220,jeb,recovery,26,625,manual,lie,82.3,181.5,1,0.072,0.074,-0.002,1,38.26,0.149,0.119,16,ready,4
2026-10-08 23:41:35.678,555.6,20261008_233220,jeb,recovery,26,625,manual,lie,,,1,0.074,0.074,-0.001,1,38.27,0.139,0.108,21,ready,4
2026-10-08 23:41:35.872,555.79,20261008_233220,jeb,recovery,26,625,manual,lie,,,1,0.074,0.074,-0.001,1,38.27,0.132,0.1,24,ready,4
2026-10-08 23:41:36.077,556.0,20261008_233220,jeb,recovery,26,625,manual,lie,82.7,181.5,1,0.074,0.074,-0.001,1,38.28,0.128,0.092,22,ready,4
2026-10-08 23:41:36.276,556.2,20261008_233220,jeb,recovery,26,625,manual,lie,82.7,181.5,1,0.074,0.074,-0.001,1,38.29,0.126,0.084,20,ready,4
2026-10-08 23:41:36.479,556.4,20261008_233220,jeb,recovery,26,625,manual,lie,82.7,181.5,1,0.073,0.074,-0.001,1,38.23,0.127,0.078,19,ready,4
2026-10-08 23:41:36.745,556.66,20261008_233220,jeb,recovery,26,625,manual,lie,82.7,181.5,1,0.074,0.074,-0.001,1,38.24,0.126,0.071,18,ready,4
2026-10-08 23:41:36.890,556.81,20261008_233220,jeb,recovery,26,625,manual,lie,82.3,193.8,1,0.073,0.074,-0.001,1,38.25,0.117,0.066,17,ready,4
2026-10-08 23:41:37.159,557.08,20261008_233220,jeb,recovery,26,625,manual,lie,82.3,193.8,1,0.074,0.074,-0.001,1,38.26,0.116,0.06,16,ready,4
2026-10-08 23:41:37.296,557.22,20261008_233220,jeb,recovery,26,625,manual,lie,82.3,193.8,1,0.073,0.074,-0.001,1,38.26,0.111,0.056,16,ready,4
2026-10-08 23:41:37.521,557.44,20261008_233220,jeb,rest,,,,,82.3,193.8,1,0.073,0.074,-0.001,1,38.27,0.103,0.051,15,ready,4
2026-10-08 23:41:37.710,557.63,20261008_233220,jeb,rest,,,,,82.7,180.1,1,0.073,0.074,-0.002,1,38.27,0.104,0.048,15,ready,4
2026-10-08 23:41:37.912,557.83,20261008_233220,jeb,rest,,,,,82.7,180.1,1,0.073,0.074,-0.001,1,38.28,0.101,0.045,14,ready,4
2026-10-08 23:41:38.272,558.19,20261008_233220,jeb,rest,,,,,82.7,180.1,1,0.073,0.074,-0.001,1,38.28,0.104,0.046,14,ready,5
2026-10-08 23:41:38.346,558.27,20261008_233220,jeb,rest,,,,,84.1,167.1,1,0.073,0.074,-0.001,1,38.29,0.134,0.049,14,ready,5
2026-10-08 23:41:38.531,558.45,20261008_233220,jeb,rest,,,,,84.1,167.1,1,0.074,0.074,-0.0,1,38.29,0.135,0.052,15,ready,5
2026-10-08 23:41:38.755,558.67,20261008_233220,jeb,rest,,,,,84.1,167.1,1,0.074,0.074,0.0,1,38.3,0.146,0.051,15,ready,5
2026-10-08 23:41:38.948,558.87,20261008_233220,jeb,rest,,,,,84.1,167.1,1,0.075,0.074,0.001,1,38.3,0.177,0.061,15,ready,5
2026-10-08 23:41:39.159,559.08,20261008_233220,jeb,rest,,,,,87.7,156.5,1,0.073,0.074,-0.001,1,38.32,0.169,0.062,16,ready,5
2026-10-08 23:41:39.359,559.28,20261008_233220,jeb,rest,,,,,87.7,156.5,1,0.073,0.074,-0.001,1,38.33,0.158,0.059,17,ready,5
2026-10-08 23:41:39.570,559.49,20261008_233220,jeb,rest,,,,,87.7,156.5,1,0.075,0.074,0.0,1,38.33,0.149,0.055,18,ready,5
2026-10-08 23:41:39.835,559.75,20261008_233220,jeb,rest,,,,,87.7,156.5,1,0.075,0.074,0.001,1,38.33,0.137,0.05,18,ready,5
2026-10-08 23:41:39.980,559.9,20261008_233220,jeb,rest,,,,,87.7,156.5,1,0.074,0.074,-0.0,1,38.33,0.125,0.047,18,ready,5
2026-10-08 23:41:40.188,560.11,20261008_233220,jeb,rest,,,,,87.7,156.5,1,0.074,0.074,0.0,1,38.33,0.114,0.045,18,ready,5
2026-10-08 23:41:40.397,560.32,20261008_233220,jeb,rest,,,,,87.7,156.5,1,0.075,0.074,0.001,1,38.33,0.105,0.047,18,ready,5
2026-10-08 23:41:40.600,560.52,20261008_233220,jeb,rest,,,,,87.7,156.5,1,0.072,0.072,0.0,1,38.32,0.096,0.043,18,ready,5
2026-10-08 23:41:40.812,560.73,20261008_233220,jeb,rest,,,,,87.7,156.5,1,0.073,0.072,0.002,1,38.3,0.091,0.04,18,ready,5
2026-10-08 23:41:41.040,560.96,20261008_233220,jeb,rest,,,,,87.7,156.5,1,0.073,0.073,0.0,1,38.3,0.087,0.04,18,ready,5
2026-10-08 23:41:41.219,561.14,20261008_233220,jeb,rest,,,,,84.1,156.5,1,0.074,0.073,0.001,1,38.31,0.108,0.048,17,ready,5
2026-10-08 23:41:41.428,561.35,20261008_233220,jeb,recovery,27,626,manual,truth,84.1,156.5,1,0.074,0.073,0.001,1,38.31,0.115,0.048,17,ready,5
2026-10-08 23:41:41.636,561.56,20261008_233220,jeb,question,27,626,manual,truth,84.1,156.5,1,0.074,0.073,0.001,1,38.31,0.138,0.056,17,question,5
2026-10-08 23:41:41.841,561.76,20261008_233220,jeb,question,27,626,manual,truth,84.1,156.5,1,0.075,0.073,0.002,1,38.32,0.136,0.066,16,question,5
2026-10-08 23:41:42.090,562.01,20261008_233220,jeb,question,27,626,manual,truth,84.1,155.8,1,0.076,0.073,0.003,1,38.32,0.136,0.065,16,question,5
2026-10-08 23:41:42.259,562.18,20261008_233220,jeb,question,27,626,manual,truth,84.1,155.8,1,0.077,0.073,0.004,1,38.33,0.183,0.063,17,question,5
2026-10-08 23:41:42.473,562.39,20261008_233220,jeb,question,27,626,manual,truth,84.1,155.8,1,0.078,0.073,0.005,1,38.33,0.193,0.062,17,question,5
2026-10-08 23:41:42.690,562.61,20261008_233220,jeb,question,27,626,manual,truth,84.1,155.8,1,0.079,0.073,0.005,1,38.33,0.187,0.057,17,question,5
2026-10-08 23:41:42.872,562.79,20261008_233220,jeb,question,27,626,manual,truth,84.1,155.8,1,0.079,0.073,0.006,1,38.33,0.181,0.055,17,question,5
2026-10-08 23:41:43.077,563.0,20261008_233220,jeb,question,27,626,manual,truth,84.1,155.8,1,0.081,0.073,0.007,1,38.33,0.176,0.051,17,question,5
2026-10-08 23:41:43.278,563.2,20261008_233220,jeb,question,27,626,manual,truth,84.1,155.8,1,0.081,0.074,0.007,1,38.33,0.161,0.046,17,question,5
2026-10-08 23:41:43.487,563.41,20261008_233220,jeb,question,27,626,manual,truth,87.7,120.3,1,0.08,0.074,0.006,1,38.33,0.149,0.045,18,question,5
2026-10-08 23:41:43.712,563.63,20261008_233220,jeb,question,27,626,manual,truth,87.7,120.3,1,0.08,0.074,0.006,1,38.33,0.137,0.041,18,question,5
2026-10-08 23:41:43.909,563.83,20261008_233220,jeb,question,27,626,manual,truth,87.7,120.3,1,0.078,0.074,0.004,1,38.33,0.124,0.038,18,question,5
2026-10-08 23:41:44.105,564.02,20261008_233220,jeb,question,27,626,manual,truth,87.7,120.3,1,0.078,0.074,0.004,1,38.34,0.115,0.035,18,question,5
2026-10-08 23:41:44.321,564.24,20261008_233220,jeb,question,27,626,manual,truth,87.7,120.3,1,0.079,0.074,0.005,1,38.34,0.108,0.033,18,question,5
2026-10-08 23:41:44.521,564.44,20261008_233220,jeb,question,27,626,manual,truth,87.7,120.3,1,0.078,0.074,0.004,1,38.34,0.101,0.033,18,question,5
2026-10-08 23:41:44.725,564.64,20261008_233220,jeb,question,27,626,manual,truth,87.7,120.3,1,0.077,0.074,0.003,1,38.34,0.094,0.031,18,question,5
2026-10-08 23:41:44.936,564.86,20261008_233220,jeb,question,27,626,manual,truth,87.7,120.3,1,0.079,0.074,0.005,1,38.33,0.091,0.03,18,question,5
2026-10-08 23:41:45.139,565.06,20261008_233220,jeb,question,27,626,manual,truth,87.7,120.3,1,0.077,0.074,0.003,1,38.27,0.104,0.029,18,question,5
2026-10-08 23:41:45.345,565.26,20261008_233220,jeb,question,27,626,manual,truth,87.7,120.3,1,0.078,0.074,0.004,1,38.28,0.096,0.028,18,question,5
2026-10-08 23:41:45.555,565.47,20261008_233220,jeb,question,27,626,manual,truth,87.7,120.3,1,0.079,0.074,0.004,1,38.28,0.088,0.026,18,question,5
2026-10-08 23:41:45.773,565.69,20261008_233220,jeb,question,27,626,manual,truth,87.7,120.3,1,0.078,0.074,0.004,1,38.29,0.081,0.024,18,question,5
2026-10-08 23:41:45.970,565.89,20261008_233220,jeb,question,27,626,manual,truth,87.7,120.3,1,0.079,0.074,0.004,1,38.29,0.075,0.023,17,question,5
2026-10-08 23:41:46.174,566.09,20261008_233220,jeb,question,27,626,manual,truth,87.7,120.3,1,0.078,0.074,0.004,1,38.3,0.068,0.021,17,question,5
2026-10-08 23:41:46.383,566.3,20261008_233220,jeb,question,27,626,manual,truth,87.7,120.3,1,0.078,0.075,0.003,1,38.3,0.062,0.019,17,question,5
2026-10-08 23:41:46.592,566.51,20261008_233220,jeb,question,27,626,manual,truth,87.7,120.3,1,0.078,0.075,0.003,1,38.3,0.056,0.018,17,question,5
2026-10-08 23:41:46.798,566.72,20261008_233220,jeb,question,27,626,manual,truth,87.7,120.3,1,0.078,0.075,0.003,1,38.31,0.051,0.016,16,question,5
2026-10-08 23:41:47.011,566.93,20261008_233220,jeb,question,27,626,manual,truth,87.7,120.3,1,0.079,0.075,0.005,1,38.31,0.047,0.015,16,question,5
2026-10-08 23:41:47.209,567.13,20261008_233220,jeb,question,27,626,manual,truth,87.7,120.3,1,0.08,0.075,0.005,1,38.31,0.043,0.014,16,question,5
2026-10-08 23:41:47.408,567.33,20261008_233220,jeb,question,27,626,manual,truth,87.7,120.3,1,0.079,0.075,0.005,1,38.32,0.04,0.013,16,question,5
2026-10-08 23:41:47.610,567.53,20261008_233220,jeb,question,27,626,manual,truth,87.7,120.3,1,0.08,0.075,0.005,1,38.32,0.037,0.012,16,question,5
2026-10-08 23:41:47.812,567.73,20261008_233220,jeb,question,27,626,manual,truth,87.7,120.3,1,0.08,0.075,0.006,1,38.33,0.035,0.011,15,question,5
2026-10-08 23:41:48.023,567.94,20261008_233220,jeb,question,27,626,manual,truth,87.7,120.3,1,0.08,0.075,0.005,1,38.33,0.032,0.01,15,question,5
2026-10-08 23:41:48.226,568.15,20261008_233220,jeb,question,27,626,manual,truth,87.7,120.3,1,0.08,0.075,0.005,1,38.33,0.035,0.012,15,question,5
2026-10-08 23:41:48.442,568.36,20261008_233220,jeb,question,27,626,manual,truth,87.7,120.3,1,0.081,0.075,0.006,1,38.33,0.067,0.016,15,question,5
2026-10-08 23:41:48.638,568.56,20261008_233220,jeb,question,27,626,manual,truth,87.7,120.3,1,0.082,0.075,0.007,1,38.34,0.074,0.019,15,question,5
2026-10-08 23:41:48.840,568.76,20261008_233220,jeb,question,27,626,manual,truth,87.7,120.3,1,0.081,0.075,0.006,1,38.34,0.086,0.022,16,question,5
2026-10-08 23:41:49.053,568.97,20261008_233220,jeb,question,27,626,manual,truth,87.7,120.3,1,0.08,0.075,0.005,1,38.34,0.094,0.028,16,question,5
2026-10-08 23:41:49.258,569.18,20261008_233220,jeb,question,27,626,manual,truth,90.5,107.9,1,0.076,0.075,0.001,1,38.27,0.101,0.037,18,question,5
2026-10-08 23:41:49.463,569.38,20261008_233220,jeb,question,27,626,manual,truth,90.5,107.9,1,0.077,0.075,0.002,1,38.28,0.1,0.035,18,question,5
2026-10-08 23:41:49.668,569.59,20261008_233220,jeb,question,27,626,manual,truth,90.5,107.9,1,0.079,0.075,0.004,1,38.28,0.105,0.041,19,question,5
2026-10-08 23:41:49.874,569.79,20261008_233220,jeb,question,27,626,manual,truth,82.8,127.9,1,0.079,0.076,0.004,1,38.29,0.11,0.039,18,question,5
2026-10-08 23:41:50.084,570.0,20261008_233220,jeb,question,27,626,manual,truth,82.8,127.9,1,0.08,0.076,0.004,1,38.3,0.103,0.04,17,question,5
2026-10-08 23:41:50.288,570.21,20261008_233220,jeb,question,27,626,manual,truth,82.8,127.9,1,0.079,0.076,0.003,1,38.3,0.094,0.038,16,question,5
2026-10-08 23:41:50.525,570.44,20261008_233220,jeb,question,27,626,manual,truth,82.8,127.9,1,0.08,0.076,0.004,1,38.31,0.1,0.043,16,question,5
2026-10-08 23:41:50.711,570.63,20261008_233220,jeb,question,27,626,manual,truth,82.8,119.1,1,0.08,0.076,0.005,1,38.31,0.099,0.045,15,question,5
2026-10-08 23:41:50.920,570.84,20261008_233220,jeb,question,27,626,manual,truth,82.8,119.1,1,0.08,0.076,0.004,1,38.31,0.099,0.042,15,question,5
2026-10-08 23:41:51.120,571.04,20261008_233220,jeb,question,27,626,manual,truth,82.8,119.1,1,0.081,0.076,0.005,1,38.31,0.099,0.042,14,question,5
2026-10-08 23:41:51.333,571.25,20261008_233220,jeb,question,27,626,manual,truth,82.8,119.1,1,0.08,0.076,0.004,1,38.31,0.101,0.05,14,question,5
2026-10-08 23:41:51.532,571.45,20261008_233220,jeb,question,27,626,manual,truth,82.8,119.1,1,0.08,0.076,0.004,1,38.32,0.099,0.053,14,question,5
2026-10-08 23:41:51.726,571.65,20261008_233220,jeb,question,27,626,manual,truth,82.8,119.1,1,0.079,0.076,0.003,1,38.32,0.106,0.056,14,question,5
2026-10-08 23:41:51.927,571.85,20261008_233220,jeb,question,27,626,manual,truth,82.8,119.1,1,0.08,0.076,0.004,1,38.32,0.106,0.053,13,question,5
2026-10-08 23:41:52.134,572.05,20261008_233220,jeb,question,27,626,manual,truth,82.8,119.1,1,0.08,0.076,0.004,1,38.33,0.1,0.054,13,question,5
2026-10-08 23:41:52.339,572.26,20261008_233220,jeb,question,27,626,manual,truth,82.8,119.1,1,0.081,0.076,0.005,1,38.33,0.105,0.054,13,question,5
2026-10-08 23:41:52.547,572.47,20261008_233220,jeb,question,27,626,manual,truth,82.8,119.1,1,0.08,0.076,0.004,1,38.33,0.119,0.052,13,question,5
2026-10-08 23:41:52.746,572.67,20261008_233220,jeb,question,27,626,manual,truth,82.8,119.1,1,0.082,0.076,0.006,1,38.3,0.114,0.049,13,question,5
2026-10-08 23:41:52.955,572.87,20261008_233220,jeb,question,27,626,manual,truth,82.8,119.1,1,0.082,0.076,0.006,1,38.31,0.123,0.046,13,question,5
2026-10-08 23:41:53.163,573.08,20261008_233220,jeb,question,27,626,manual,truth,82.8,119.1,1,0.081,0.076,0.004,1,38.31,0.138,0.061,14,question,5
2026-10-08 23:41:53.376,573.3,20261008_233220,jeb,recovery,27,626,manual,truth,82.8,119.1,1,,,,0,38.24,0.13,0.059,14,ready,5
2026-10-08 23:41:53.576,573.5,20261008_233220,jeb,recovery,27,626,manual,truth,82.8,119.1,1,0.077,0.077,0.0,1,38.25,0.126,0.054,14,ready,5
2026-10-08 23:41:53.784,573.7,20261008_233220,jeb,recovery,27,626,manual,truth,76.1,119.1,1,0.078,0.077,0.001,1,38.27,0.127,0.052,13,ready,5
2026-10-08 23:41:53.993,573.91,20261008_233220,jeb,recovery,27,626,manual,truth,76.1,119.1,1,0.079,0.077,0.002,1,38.28,0.123,0.049,12,ready,5
2026-10-08 23:41:54.200,574.12,20261008_233220,jeb,recovery,27,626,manual,truth,76.1,119.1,1,0.079,0.077,0.002,1,38.29,0.118,0.047,11,ready,5
2026-10-08 23:41:54.406,574.33,20261008_233220,jeb,recovery,27,626,manual,truth,76.1,119.1,1,0.079,0.077,0.002,1,38.29,0.116,0.045,11,ready,5
2026-10-08 23:41:54.612,574.53,20261008_233220,jeb,recovery,27,626,manual,truth,76.1,122.7,1,0.08,0.077,0.002,1,38.3,0.135,0.042,10,ready,5
2026-10-08 23:41:54.812,574.73,20261008_233220,jeb,recovery,27,626,manual,truth,76.1,122.7,1,0.077,0.077,-0.001,1,38.31,0.126,0.039,10,ready,5
2026-10-08 23:41:55.022,574.94,20261008_233220,jeb,recovery,27,626,manual,truth,76.1,122.7,1,0.075,0.075,0.0,1,38.28,0.125,0.039,10,ready,5
2026-10-08 23:41:55.231,575.15,20261008_233220,jeb,recovery,27,626,manual,truth,76.1,122.7,1,0.077,0.075,0.002,1,38.29,0.118,0.042,10,ready,5
2026-10-08 23:41:55.434,575.35,20261008_233220,jeb,recovery,27,626,manual,truth,76.1,122.7,1,0.079,0.075,0.003,1,38.29,0.11,0.042,9,ready,5
2026-10-08 23:41:55.650,575.57,20261008_233220,jeb,recovery,27,626,manual,truth,76.1,122.7,1,0.081,0.075,0.006,1,38.3,0.101,0.039,9,ready,5
2026-10-08 23:41:55.851,575.77,20261008_233220,jeb,recovery,27,626,manual,truth,76.1,122.7,1,0.082,0.076,0.006,1,38.31,0.094,0.037,9,ready,5
2026-10-08 23:41:56.056,575.98,20261008_233220,jeb,recovery,27,626,manual,truth,76.1,122.7,1,0.083,0.076,0.007,1,38.31,0.086,0.034,9,ready,5
2026-10-08 23:41:56.261,576.18,20261008_233220,jeb,rest,,,,,76.1,122.7,1,0.084,0.076,0.008,1,38.32,0.08,0.031,8,ready,4
2026-10-08 23:41:56.472,576.39,20261008_233220,jeb,rest,,,,,76.1,122.7,1,0.083,0.076,0.007,1,38.32,0.079,0.029,8,ready,4
2026-10-08 23:41:56.696,576.62,20261008_233220,jeb,rest,,,,,76.1,128.1,1,0.082,0.076,0.006,1,38.33,0.072,0.026,8,ready,4
2026-10-08 23:41:56.881,576.8,20261008_233220,jeb,rest,,,,,76.1,128.1,1,0.083,0.076,0.007,1,38.33,0.071,0.026,8,ready,4
2026-10-08 23:41:57.090,577.01,20261008_233220,jeb,rest,,,,,76.1,128.1,1,0.084,0.076,0.008,1,38.33,0.065,0.023,8,ready,4
2026-10-08 23:41:57.296,577.22,20261008_233220,jeb,rest,,,,,80.3,127.9,1,0.083,0.076,0.007,1,38.34,0.065,0.022,8,ready,4
2026-10-08 23:41:57.501,577.42,20261008_233220,jeb,rest,,,,,80.3,127.9,1,0.084,0.076,0.008,1,38.34,0.074,0.022,8,ready,4
2026-10-08 23:41:57.702,577.62,20261008_233220,jeb,rest,,,,,80.3,127.9,1,0.086,0.077,0.009,1,38.34,0.088,0.037,9,ready,4
2026-10-08 23:41:57.911,577.83,20261008_233220,jeb,rest,,,,,82.9,146.0,1,0.086,0.077,0.009,1,38.34,0.1,0.044,9,ready,4
2026-10-08 23:41:58.120,578.04,20261008_233220,jeb,rest,,,,,82.9,146.0,1,0.087,0.077,0.01,1,38.35,0.156,0.081,10,ready,4
2026-10-08 23:41:58.329,578.25,20261008_233220,jeb,rest,,,,,82.9,146.0,1,0.087,0.077,0.01,1,38.35,0.16,0.075,11,ready,4
2026-10-08 23:41:58.531,578.45,20261008_233220,jeb,rest,,,,,82.9,146.0,1,0.086,0.077,0.009,1,38.35,0.149,0.069,12,ready,4
2026-10-08 23:41:58.740,578.66,20261008_233220,jeb,rest,,,,,82.9,146.0,1,0.085,0.077,0.008,1,38.35,0.141,0.063,12,ready,4
2026-10-08 23:41:58.944,578.86,20261008_233220,jeb,rest,,,,,82.9,146.0,1,0.085,0.077,0.008,1,38.37,0.131,0.059,13,ready,4
2026-10-08 23:41:59.170,579.09,20261008_233220,jeb,rest,,,,,82.9,146.0,1,0.081,0.077,0.004,1,38.31,0.138,0.063,13,ready,4
2026-10-08 23:41:59.362,579.28,20261008_233220,jeb,rest,,,,,82.9,146.0,1,0.083,0.077,0.005,1,38.32,0.13,0.06,13,ready,4
2026-10-08 23:41:59.567,579.49,20261008_233220,jeb,rest,,,,,82.9,146.0,1,0.083,0.077,0.006,1,38.32,0.125,0.057,13,ready,4
2026-10-08 23:41:59.773,579.69,20261008_233220,jeb,rest,,,,,82.9,146.0,1,0.084,0.078,0.007,1,38.33,0.117,0.053,13,ready,4
2026-10-08 23:41:59.986,579.91,20261008_233220,jeb,rest,,,,,82.9,146.0,1,0.084,0.078,0.006,1,38.35,0.114,0.054,13,ready,4
2026-10-08 23:42:00.190,580.11,20261008_233220,jeb,rest,,,,,82.9,146.0,1,0.083,0.078,0.006,1,38.35,0.105,0.051,13,ready,4
2026-10-08 23:42:00.393,580.31,20261008_233220,jeb,recovery,28,627,manual,truth,82.9,152.8,1,0.082,0.078,0.004,1,38.35,0.097,0.047,13,ready,4
2026-10-08 23:42:00.603,580.52,20261008_233220,jeb,question,28,627,manual,truth,82.9,152.8,1,0.082,0.078,0.004,1,38.35,0.089,0.044,13,question,4
2026-10-08 23:42:00.798,580.72,20261008_233220,jeb,question,28,627,manual,truth,82.9,152.8,1,0.084,0.078,0.006,1,38.34,0.082,0.042,13,question,4
2026-10-08 23:42:01.031,580.95,20261008_233220,jeb,question,28,627,manual,truth,82.9,152.8,1,0.083,0.078,0.005,1,38.35,0.076,0.039,13,question,4
2026-10-08 23:42:01.214,581.13,20261008_233220,jeb,question,28,627,manual,truth,82.9,152.8,1,0.083,0.078,0.005,1,38.35,0.07,0.04,12,question,4
2026-10-08 23:42:01.414,581.33,20261008_233220,jeb,question,28,627,manual,truth,80.3,164.1,1,0.083,0.078,0.005,1,38.35,0.069,0.039,12,question,4
2026-10-08 23:42:01.622,581.54,20261008_233220,jeb,question,28,627,manual,truth,80.3,164.1,1,0.083,0.078,0.005,1,38.35,0.063,0.037,12,question,4
2026-10-08 23:42:01.830,581.75,20261008_233220,jeb,question,28,627,manual,truth,80.3,164.1,1,0.083,0.078,0.005,1,38.36,0.059,0.033,11,question,4
2026-10-08 23:42:02.035,581.95,20261008_233220,jeb,question,28,627,manual,truth,80.3,164.1,1,0.083,0.078,0.004,1,38.35,0.055,0.03,11,question,4
2026-10-08 23:42:02.248,582.17,20261008_233220,jeb,question,28,627,manual,truth,77.5,155.0,1,0.081,0.078,0.003,1,38.36,0.051,0.028,10,question,4
2026-10-08 23:42:02.450,582.37,20261008_233220,jeb,question,28,627,manual,truth,77.5,155.0,1,0.082,0.078,0.003,1,38.36,0.052,0.027,10,question,4
2026-10-08 23:42:02.656,582.58,20261008_233220,jeb,question,28,627,manual,truth,77.5,155.0,1,0.081,0.078,0.003,1,38.36,0.051,0.03,9,question,4
2026-10-08 23:42:02.863,582.78,20261008_233220,jeb,question,28,627,manual,truth,77.5,155.0,1,0.08,0.078,0.001,1,38.36,0.055,0.03,9,question,4
2026-10-08 23:42:03.063,582.98,20261008_233220,jeb,question,28,627,manual,truth,75.5,141.3,1,0.08,0.078,0.001,1,38.36,0.052,0.028,8,question,4
2026-10-08 23:42:03.263,583.18,20261008_233220,jeb,question,28,627,manual,truth,75.5,141.3,1,0.08,0.078,0.001,1,38.38,0.049,0.026,8,question,4
2026-10-08 23:42:03.463,583.38,20261008_233220,jeb,question,28,627,manual,truth,75.5,141.3,1,,,,0,38.34,0.045,0.024,8,question,4
2026-10-08 23:42:03.665,583.58,20261008_233220,jeb,question,28,627,manual,truth,75.5,141.3,1,0.084,0.084,-0.0,1,38.34,0.041,0.022,7,question,4
2026-10-08 23:42:03.881,583.8,20261008_233220,jeb,question,28,627,manual,truth,75.5,142.4,1,0.083,0.084,-0.001,1,38.35,0.039,0.021,7,question,4
2026-10-08 23:42:04.083,584.0,20261008_233220,jeb,question,28,627,manual,truth,75.5,142.4,1,0.082,0.084,-0.002,1,38.35,0.037,0.02,7,question,4
2026-10-08 23:42:04.307,584.23,20261008_233220,jeb,question,28,627,manual,truth,75.5,142.4,1,0.082,0.084,-0.003,1,38.36,0.043,0.021,7,question,4
2026-10-08 23:42:04.491,584.41,20261008_233220,jeb,question,28,627,manual,truth,73.3,151.0,1,0.082,0.084,-0.002,1,38.35,0.148,0.194,7,question,4
2026-10-08 23:42:04.689,584.61,20261008_233220,jeb,question,28,627,manual,truth,73.3,151.0,1,0.081,0.084,-0.003,1,38.36,0.187,0.278,7,question,4
2026-10-08 23:42:04.932,584.85,20261008_233220,jeb,question,28,627,manual,truth,73.3,151.0,1,0.08,0.084,-0.004,1,38.36,0.212,0.416,8,question,4
2026-10-08 23:42:05.137,585.06,20261008_233220,jeb,question,28,627,manual,truth,73.3,151.0,1,0.078,0.084,-0.006,1,38.37,0.274,0.469,8,question,4
2026-10-08 23:42:05.308,585.23,20261008_233220,jeb,question,28,627,manual,truth,73.3,151.0,1,0.078,0.084,-0.006,1,38.36,0.259,0.441,9,question,4
2026-10-08 23:42:05.582,585.5,20261008_233220,jeb,question,28,627,manual,truth,73.3,151.0,1,0.077,0.084,-0.007,1,38.38,0.238,0.402,9,question,5
2026-10-08 23:42:05.720,585.64,20261008_233220,jeb,question,28,627,manual,truth,73.3,151.0,1,0.076,0.084,-0.007,1,38.38,0.223,0.365,9,question,5
2026-10-08 23:42:05.927,585.85,20261008_233220,jeb,question,28,627,manual,truth,73.3,151.0,1,0.076,0.084,-0.008,1,38.38,0.215,0.331,9,question,5
2026-10-08 23:42:06.130,586.05,20261008_233220,jeb,question,28,627,manual,truth,73.3,151.0,1,0.075,0.084,-0.009,1,38.38,0.201,0.3,9,question,5
2026-10-08 23:42:06.335,586.26,20261008_233220,jeb,question,28,627,manual,truth,73.3,151.0,1,0.074,0.083,-0.01,1,38.39,0.189,0.272,9,question,5
2026-10-08 23:42:06.512,586.43,20261008_233220,jeb,question,28,627,manual,truth,73.3,151.0,1,0.072,0.083,-0.011,1,38.39,0.172,0.247,9,question,5
2026-10-08 23:42:06.712,586.63,20261008_233220,jeb,question,28,627,manual,truth,73.3,151.0,1,0.073,0.083,-0.01,1,38.39,0.157,0.225,9,question,5
2026-10-08 23:42:06.917,586.84,20261008_233220,jeb,question,28,627,manual,truth,73.3,151.0,1,0.072,0.083,-0.011,1,38.39,0.145,0.204,8,question,6
2026-10-08 23:42:07.125,587.04,20261008_233220,jeb,question,28,627,manual,truth,73.3,151.0,1,0.073,0.083,-0.01,1,38.39,0.144,0.187,8,question,6
2026-10-08 23:42:07.333,587.25,20261008_233220,jeb,question,28,627,manual,truth,73.3,151.0,1,0.072,0.083,-0.011,1,38.4,0.133,0.17,8,question,6
2026-10-08 23:42:07.539,587.46,20261008_233220,jeb,question,28,627,manual,truth,73.3,151.0,1,0.072,0.083,-0.011,1,38.32,0.123,0.156,8,question,6
2026-10-08 23:42:07.746,587.67,20261008_233220,jeb,question,28,627,manual,truth,73.3,151.0,1,0.071,0.082,-0.011,1,38.33,0.115,0.142,8,question,6
2026-10-08 23:42:07.952,587.87,20261008_233220,jeb,question,28,627,manual,truth,73.3,151.0,1,0.071,0.082,-0.011,1,38.34,0.112,0.134,7,question,6
2026-10-08 23:42:08.157,588.08,20261008_233220,jeb,question,28,627,manual,truth,73.3,133.7,1,0.072,0.082,-0.011,1,38.34,0.114,0.127,7,question,6
2026-10-08 23:42:08.362,588.28,20261008_233220,jeb,question,28,627,manual,truth,73.3,133.7,1,0.072,0.082,-0.01,1,38.34,0.109,0.12,7,question,6
2026-10-08 23:42:08.576,588.5,20261008_233220,jeb,question,28,627,manual,truth,73.3,133.7,1,0.072,0.082,-0.009,1,38.35,0.103,0.11,7,question,6
2026-10-08 23:42:08.780,588.7,20261008_233220,jeb,question,28,627,manual,truth,73.3,133.7,1,0.07,0.082,-0.012,1,38.35,0.097,0.099,7,question,6
2026-10-08 23:42:08.985,588.9,20261008_233220,jeb,question,28,627,manual,truth,75.5,132.3,1,0.07,0.082,-0.012,1,38.36,0.093,0.09,7,question,6
2026-10-08 23:42:09.195,589.12,20261008_233220,jeb,question,28,627,manual,truth,75.5,132.3,1,0.07,0.081,-0.012,1,38.36,0.101,0.083,7,question,7
2026-10-08 23:42:09.411,589.33,20261008_233220,jeb,question,28,627,manual,truth,75.5,132.3,1,0.07,0.081,-0.012,1,38.37,0.186,0.094,8,question,7
2026-10-08 23:42:09.604,589.52,20261008_233220,jeb,question,28,627,manual,truth,79.3,144.8,1,0.069,0.081,-0.012,1,38.37,0.214,0.131,9,question,7
2026-10-08 23:42:09.809,589.73,20261008_233220,jeb,question,28,627,manual,truth,79.3,144.8,1,,,,0,38.38,0.223,0.13,10,question,7
2026-10-08 23:42:10.026,589.95,20261008_233220,jeb,question,28,627,manual,truth,79.3,144.8,1,,,,0,38.38,0.241,0.128,11,question,7
2026-10-08 23:42:10.223,590.14,20261008_233220,jeb,question,28,627,manual,truth,79.3,132.8,1,,,,0,38.38,0.229,0.119,12,question,7
2026-10-08 23:42:10.426,590.35,20261008_233220,jeb,question,28,627,manual,truth,79.3,132.8,1,,,,0,38.38,0.212,0.108,12,question,7
2026-10-08 23:42:10.643,590.56,20261008_233220,jeb,question,28,627,manual,truth,79.3,132.8,1,,,,0,38.39,0.193,0.098,12,question,7
2026-10-08 23:42:10.843,590.76,20261008_233220,jeb,question,28,627,manual,truth,79.3,132.8,1,,,,0,38.38,0.176,0.089,12,question,7
2026-10-08 23:42:11.046,590.97,20261008_233220,jeb,question,28,627,manual,truth,79.3,132.8,1,0.062,0.062,0.0,1,38.39,0.16,0.081,12,question,7
2026-10-08 23:42:11.257,591.18,20261008_233220,jeb,question,28,627,manual,truth,79.3,132.8,1,0.062,0.062,0.0,1,38.39,0.152,0.076,12,question,7
2026-10-08 23:42:11.456,591.38,20261008_233220,jeb,question,28,627,manual,truth,79.3,132.8,1,0.063,0.062,0.001,1,38.4,0.14,0.069,12,question,7
2026-10-08 23:42:11.663,591.58,20261008_233220,jeb,question,28,627,manual,truth,79.3,132.8,1,0.063,0.062,0.001,1,38.4,0.157,0.065,12,question,7
2026-10-08 23:42:11.864,591.78,20261008_233220,jeb,question,28,627,manual,truth,79.3,132.8,1,0.063,0.062,0.001,1,38.4,0.2,0.1,12,question,7
2026-10-08 23:42:12.063,591.98,20261008_233220,jeb,question,28,627,manual,truth,79.3,132.8,1,0.063,0.063,0.0,1,38.36,0.265,0.132,13,question,7
2026-10-08 23:42:12.278,592.2,20261008_233220,jeb,question,28,627,manual,truth,79.3,132.8,1,0.064,0.063,0.0,1,38.36,0.246,0.121,14,question,7
2026-10-08 23:42:14.311,594.23,20261008_233220,jeb,recovery,28,627,manual,truth,94.8,132.8,1,0.064,0.064,0.0,1,38.34,0.16,0.074,25,ready,8
2026-10-08 23:42:14.502,594.42,20261008_233220,jeb,recovery,28,627,manual,truth,94.8,132.8,1,0.064,0.064,-0.0,1,38.34,0.148,0.067,26,ready,8
2026-10-08 23:42:14.708,594.63,20261008_233220,jeb,recovery,28,627,manual,truth,94.8,132.8,1,0.064,0.064,-0.0,1,38.34,0.138,0.064,27,ready,8
2026-10-08 23:42:14.919,594.84,20261008_233220,jeb,recovery,28,627,manual,truth,94.8,132.8,1,0.064,0.064,-0.0,1,38.34,0.129,0.059,27,ready,8
2026-10-08 23:42:15.119,595.04,20261008_233220,jeb,recovery,28,627,manual,truth,94.8,132.8,1,0.064,0.064,0.0,1,38.35,0.121,0.054,28,ready,8
2026-10-08 23:42:15.351,595.27,20261008_233220,jeb,recovery,28,627,manual,truth,94.8,132.8,1,0.064,0.064,0.0,1,38.36,0.114,0.049,28,ready,8
2026-10-08 23:42:15.517,595.44,20261008_233220,jeb,recovery,28,627,manual,truth,94.8,132.8,1,,,,0,38.27,0.107,0.045,28,ready,8
2026-10-08 23:42:15.727,595.65,20261008_233220,jeb,recovery,28,627,manual,truth,94.8,132.8,1,0.064,0.064,-0.0,1,38.29,0.103,0.042,28,ready,8
2026-10-08 23:42:15.936,595.86,20261008_233220,jeb,recovery,28,627,manual,truth,94.8,132.8,1,0.064,0.064,0.0,1,38.32,0.154,0.046,28,ready,8
2026-10-08 23:42:16.141,596.06,20261008_233220,jeb,recovery,28,627,manual,truth,103.6,134.9,1,0.064,0.064,0.0,1,38.33,0.221,0.049,33,ready,8
2026-10-08 23:42:16.350,596.27,20261008_233220,jeb,recovery,28,627,manual,truth,103.6,134.9,1,0.064,0.064,0.0,1,38.34,0.221,0.089,37,ready,8
2026-10-08 23:42:16.560,596.48,20261008_233220,jeb,recovery,28,627,manual,truth,103.6,134.9,1,0.064,0.064,0.0,1,38.34,0.249,0.113,40,ready,8
2026-10-08 23:42:17.003,596.92,20261008_233220,jeb,recovery,28,627,manual,truth,103.6,134.9,1,0.064,0.064,0.001,1,38.35,0.233,0.105,43,ready,8
2026-10-08 23:42:17.009,596.93,20261008_233220,jeb,recovery,28,627,manual,truth,103.6,134.9,1,0.064,0.064,0.0,1,38.36,0.228,0.101,45,ready,8
2026-10-08 23:42:17.167,597.09,20261008_233220,jeb,recovery,28,627,manual,truth,103.6,134.9,1,0.065,0.064,0.001,1,38.36,0.209,0.093,47,ready,8
2026-10-08 23:42:17.371,597.29,20261008_233220,jeb,recovery,28,627,manual,truth,103.6,134.9,1,0.065,0.064,0.001,1,38.37,0.192,0.087,47,ready,8
2026-10-08 23:42:17.579,597.5,20261008_233220,jeb,recovery,28,627,manual,truth,103.6,134.9,1,0.065,0.064,0.002,1,38.36,0.175,0.079,48,ready,8
2026-10-08 23:42:17.776,597.7,20261008_233220,jeb,recovery,28,627,manual,truth,103.6,134.9,1,0.066,0.064,0.002,1,38.36,0.165,0.08,48,ready,8
2026-10-08 23:42:17.981,597.9,20261008_233220,jeb,recovery,28,627,manual,truth,103.6,134.9,1,0.065,0.064,0.001,1,38.37,0.18,0.076,49,ready,8
2026-10-08 23:42:18.190,598.11,20261008_233220,jeb,recovery,28,627,manual,truth,103.6,134.9,1,0.065,0.064,0.001,1,38.37,0.181,0.089,49,ready,8
2026-10-08 23:42:18.391,598.31,20261008_233220,jeb,recovery,28,627,manual,truth,103.6,134.9,1,,,,0,38.3,0.179,0.085,49,ready,8
2026-10-08 23:42:18.594,598.51,20261008_233220,jeb,recovery,28,627,manual,truth,103.6,134.9,1,0.065,0.065,0.0,1,38.31,0.167,0.08,49,ready,8
2026-10-08 23:42:18.798,598.72,20261008_233220,jeb,recovery,28,627,manual,truth,103.6,134.9,1,0.066,0.065,0.001,1,38.32,0.164,0.075,49,ready,8
2026-10-08 23:42:19.007,598.93,20261008_233220,jeb,recovery,28,627,manual,truth,103.6,134.9,1,0.066,0.065,0.001,1,38.32,0.166,0.073,49,ready,8
2026-10-08 23:42:19.210,599.13,20261008_233220,jeb,recovery,28,627,manual,truth,103.6,134.9,1,0.066,0.065,0.001,1,38.34,0.158,0.08,49,ready,8
2026-10-08 23:42:19.412,599.33,20261008_233220,jeb,recovery,28,627,manual,truth,103.6,134.9,1,0.068,0.065,0.003,1,38.34,0.215,0.119,50,ready,8
2026-10-08 23:42:19.623,599.54,20261008_233220,jeb,recovery,28,627,manual,truth,103.6,134.9,1,0.074,0.065,0.009,1,38.35,0.31,0.137,52,ready,8
2026-10-08 23:42:19.832,599.75,20261008_233220,jeb,rest,,,,,103.6,134.9,1,0.077,0.066,0.012,1,38.37,0.34,0.133,54,ready,8
2026-10-08 23:42:20.061,599.98,20261008_233220,jeb,rest,,,,,103.6,134.9,1,0.077,0.066,0.011,1,38.36,0.317,0.126,56,ready,8
2026-10-08 23:42:20.236,600.16,20261008_233220,jeb,rest,,,,,103.6,134.9,1,0.077,0.066,0.011,1,38.37,0.301,0.118,57,ready,8
2026-10-08 23:42:20.440,600.36,20261008_233220,jeb,rest,,,,,103.6,134.9,1,0.077,0.066,0.011,1,38.38,0.29,0.112,57,ready,8
2026-10-08 23:42:20.695,600.61,20261008_233220,jeb,rest,,,,,103.6,134.9,1,0.078,0.066,0.012,1,38.38,0.274,0.109,57,ready,8
2026-10-08 23:42:20.865,600.79,20261008_233220,jeb,rest,,,,,103.6,134.9,1,0.078,0.066,0.012,1,38.39,0.251,0.125,57,ready,8
2026-10-08 23:42:21.063,600.98,20261008_233220,jeb,rest,,,,,103.6,134.9,1,0.077,0.066,0.011,1,38.39,0.231,0.12,57,ready,8
2026-10-08 23:42:21.275,601.19,20261008_233220,jeb,rest,,,,,103.6,134.9,1,0.076,0.067,0.009,1,38.4,0.217,0.11,56,ready,8
2026-10-08 23:42:21.478,601.4,20261008_233220,jeb,rest,,,,,103.6,134.9,1,0.076,0.067,0.009,1,38.4,0.209,0.101,56,ready,8
2026-10-08 23:42:21.691,601.61,20261008_233220,jeb,rest,,,,,103.6,134.9,1,0.074,0.067,0.008,1,38.41,0.193,0.092,55,ready,8
2026-10-08 23:42:21.892,601.81,20261008_233220,jeb,rest,,,,,103.6,134.9,1,0.073,0.067,0.006,1,38.4,0.176,0.086,54,ready,8
2026-10-08 23:42:22.096,602.02,20261008_233220,jeb,rest,,,,,103.6,134.9,1,0.072,0.067,0.005,1,38.41,0.161,0.079,53,ready,8
2026-10-08 23:42:22.307,602.23,20261008_233220,jeb,rest,,,,,103.6,134.9,1,0.072,0.067,0.005,1,38.41,0.153,0.073,52,ready,8
2026-10-08 23:42:22.511,602.43,20261008_233220,jeb,rest,,,,,103.6,134.9,1,0.071,0.067,0.004,1,38.41,0.163,0.067,52,ready,8
2026-10-08 23:42:22.714,602.63,20261008_233220,jeb,rest,,,,,103.6,134.9,1,0.071,0.067,0.004,1,38.4,0.151,0.062,51,ready,8
2026-10-08 23:42:22.911,602.83,20261008_233220,jeb,rest,,,,,,,1,0.071,0.067,0.004,1,38.33,0.141,0.06,49,ready,8
2026-10-08 23:42:23.121,603.04,20261008_233220,jeb,rest,,,,,,,1,0.07,0.067,0.003,1,38.34,0.152,0.056,48,ready,8
2026-10-08 23:42:23.322,603.24,20261008_233220,jeb,rest,,,,,,,1,0.071,0.067,0.003,1,38.34,0.14,0.053,47,ready,8
2026-10-08 23:42:23.530,603.45,20261008_233220,jeb,rest,,,,,,,1,0.07,0.067,0.003,1,38.36,0.129,0.048,45,ready,8
2026-10-08 23:42:23.766,603.69,20261008_233220,jeb,rest,,,,,,,1,0.071,0.067,0.003,1,38.34,0.125,0.072,42,ready,8
2026-10-08 23:42:23.948,603.87,20261008_233220,jeb,rest,,,,,,,1,0.07,0.067,0.002,1,38.35,0.121,0.067,40,ready,8
2026-10-08 23:42:24.156,604.08,20261008_233220,jeb,rest,,,,,,,1,0.069,0.067,0.002,1,38.36,0.112,0.067,39,ready,8
2026-10-08 23:42:24.359,604.28,20261008_233220,jeb,rest,,,,,,,1,0.07,0.067,0.002,1,38.37,0.133,0.064,39,ready,8
2026-10-08 23:42:24.562,604.48,20261008_233220,jeb,rest,,,,,,,1,0.07,0.068,0.002,1,38.37,0.161,0.063,40,ready,8
2026-10-08 23:42:24.770,604.69,20261008_233220,jeb,rest,,,,,,,1,0.07,0.068,0.002,1,38.38,0.157,0.058,41,ready,8
2026-10-08 23:42:24.968,604.89,20261008_233220,jeb,question,29,628,manual,lie,,,1,0.069,0.068,0.001,1,38.39,0.165,0.063,43,question,8
2026-10-08 23:42:25.186,605.11,20261008_233220,jeb,question,29,628,manual,lie,,,1,0.068,0.068,0.001,1,38.39,0.158,0.063,43,question,8
2026-10-08 23:42:25.382,605.3,20261008_233220,jeb,question,29,628,manual,lie,,,1,0.068,0.068,0.0,1,38.4,0.148,0.062,43,question,8
2026-10-08 23:42:25.589,605.51,20261008_233220,jeb,question,29,628,manual,lie,,,1,0.067,0.068,-0.0,1,38.41,0.135,0.06,43,question,8
2026-10-08 23:42:25.797,605.72,20261008_233220,jeb,question,29,628,manual,lie,149.0,,1,0.067,0.068,-0.0,1,38.41,0.123,0.055,52,question,8
2026-10-08 23:42:26.004,605.92,20261008_233220,jeb,question,29,628,manual,lie,149.0,,1,0.068,0.068,0.0,1,38.41,0.113,0.061,60,question,8
2026-10-08 23:42:26.208,606.13,20261008_233220,jeb,question,29,628,manual,lie,147.7,,1,0.07,0.068,0.002,1,38.41,0.107,0.072,67,question,8
2026-10-08 23:42:26.413,606.33,20261008_233220,jeb,question,29,628,manual,lie,147.7,,1,0.072,0.068,0.005,1,38.41,0.104,0.066,72,question,8
2026-10-08 23:42:26.625,606.54,20261008_233220,jeb,question,29,628,manual,lie,147.7,,1,0.075,0.068,0.007,1,38.41,0.106,0.103,77,question,8
2026-10-08 23:42:26.831,606.75,20261008_233220,jeb,question,29,628,manual,lie,147.7,,1,0.075,0.068,0.007,1,38.42,0.179,0.116,80,question,8
2026-10-08 23:42:27.038,606.96,20261008_233220,jeb,question,29,628,manual,lie,147.7,,1,0.074,0.068,0.006,1,38.33,0.173,0.245,83,question,8
2026-10-08 23:42:27.245,607.16,20261008_233220,jeb,question,29,628,manual,lie,147.7,,1,0.075,0.068,0.007,1,38.34,0.21,0.286,86,question,8
2026-10-08 23:42:27.451,607.37,20261008_233220,jeb,question,29,628,manual,lie,147.7,,1,0.077,0.068,0.009,1,38.36,0.194,0.306,88,question,8
2026-10-08 23:42:27.657,607.58,20261008_233220,jeb,question,29,628,manual,lie,147.7,,1,0.076,0.068,0.008,1,38.37,0.177,0.278,90,question,8
2026-10-08 23:42:27.857,607.78,20261008_233220,jeb,question,29,628,manual,lie,147.7,,1,0.076,0.068,0.008,1,38.37,0.163,0.252,91,question,8
2026-10-08 23:42:28.067,607.99,20261008_233220,jeb,question,29,628,manual,lie,147.7,,1,0.076,0.068,0.007,1,38.39,0.149,0.229,92,question,8
2026-10-08 23:42:28.270,608.19,20261008_233220,jeb,question,29,628,manual,lie,147.7,,1,0.075,0.069,0.006,1,38.39,0.137,0.208,93,question,8
2026-10-08 23:42:28.479,608.4,20261008_233220,jeb,question,29,628,manual,lie,147.7,,1,0.075,0.069,0.006,1,38.4,0.127,0.188,94,question,8
2026-10-08 23:42:28.689,608.61,20261008_233220,jeb,question,29,628,manual,lie,147.7,,1,0.076,0.069,0.007,1,38.41,0.132,0.172,94,question,8
2026-10-08 23:42:28.892,608.81,20261008_233220,jeb,question,29,628,manual,lie,147.7,,1,0.075,0.069,0.006,1,38.42,0.132,0.171,95,question,8
2026-10-08 23:42:29.099,609.02,20261008_233220,jeb,question,29,628,manual,lie,147.7,,1,0.075,0.069,0.006,1,38.43,0.17,0.164,95,question,8
2026-10-08 23:42:29.310,609.23,20261008_233220,jeb,question,29,628,manual,lie,147.7,,1,0.074,0.069,0.005,1,38.43,0.272,0.157,96,question,8
2026-10-08 23:42:29.525,609.44,20261008_233220,jeb,question,29,628,manual,lie,147.7,,1,0.075,0.069,0.006,1,38.43,0.262,0.152,96,question,8
2026-10-08 23:42:29.721,609.64,20261008_233220,jeb,question,29,628,manual,lie,147.7,,1,0.076,0.069,0.007,1,38.44,0.309,0.14,96,question,8
2026-10-08 23:42:29.926,609.85,20261008_233220,jeb,question,29,628,manual,lie,147.7,,1,0.076,0.069,0.006,1,38.44,0.306,0.14,97,question,8
2026-10-08 23:42:30.138,610.06,20261008_233220,jeb,question,29,628,manual,lie,147.7,,1,0.077,0.069,0.008,1,38.44,0.28,0.131,97,question,8
2026-10-08 23:42:30.343,610.26,20261008_233220,jeb,question,29,628,manual,lie,147.7,,1,0.076,0.07,0.007,1,38.45,0.233,0.11,97,question,8
2026-10-08 23:42:30.546,610.47,20261008_233220,jeb,question,29,628,manual,lie,,,1,0.076,0.07,0.007,1,38.45,0.232,0.109,93,question,8
2026-10-08 23:42:30.761,610.68,20261008_233220,jeb,question,29,628,manual,lie,,,1,0.077,0.07,0.008,1,38.46,0.235,0.115,89,question,8
2026-10-08 23:42:30.960,610.88,20261008_233220,jeb,question,29,628,manual,lie,,,1,0.077,0.07,0.008,1,38.46,0.224,0.119,85,question,8
2026-10-08 23:42:31.168,611.09,20261008_233220,jeb,question,29,628,manual,lie,,,1,0.077,0.07,0.007,1,38.42,0.204,0.109,81,question,8
2026-10-08 23:42:31.441,611.36,20261008_233220,jeb,question,29,628,manual,lie,,,1,0.079,0.079,0.0,1,38.41,0.189,0.099,77,question,8
2026-10-08 23:42:31.590,611.51,20261008_233220,jeb,question,29,628,manual,lie,,,1,0.078,0.079,-0.001,1,38.42,0.173,0.09,72,question,8
2026-10-08 23:42:31.787,611.71,20261008_233220,jeb,question,29,628,manual,lie,,,1,0.078,0.079,-0.001,1,38.43,0.159,0.082,68,question,8
2026-10-08 23:42:31.992,611.91,20261008_233220,jeb,question,29,628,manual,lie,,,1,0.077,0.079,-0.003,1,38.43,0.144,0.074,63,question,8
2026-10-08 23:42:32.197,612.12,20261008_233220,jeb,question,29,628,manual,lie,,,1,0.077,0.079,-0.002,1,38.44,0.131,0.067,58,question,8
2026-10-08 23:42:32.407,612.33,20261008_233220,jeb,question,29,628,manual,lie,,,1,0.076,0.079,-0.003,1,38.44,0.132,0.063,55,question,8
2026-10-08 23:42:32.608,612.53,20261008_233220,jeb,question,29,628,manual,lie,,,1,0.077,0.079,-0.002,1,38.45,0.121,0.058,51,question,9
2026-10-08 23:42:32.821,612.74,20261008_233220,jeb,question,29,628,manual,lie,,,1,0.076,0.079,-0.003,1,38.45,0.113,0.053,47,question,9
2026-10-08 23:42:33.021,612.94,20261008_233220,jeb,question,29,628,manual,lie,,,1,0.078,0.079,-0.001,1,38.46,0.106,0.049,44,question,9
2026-10-08 23:42:33.227,613.15,20261008_233220,jeb,question,29,628,manual,lie,,,1,0.078,0.079,-0.001,1,38.46,0.098,0.045,41,question,9
2026-10-08 23:42:33.438,613.36,20261008_233220,jeb,question,29,628,manual,lie,,,1,0.078,0.079,-0.001,1,38.46,0.089,0.041,38,question,9
2026-10-08 23:42:33.645,613.56,20261008_233220,jeb,question,29,628,manual,lie,,,1,0.078,0.079,-0.001,1,38.47,0.084,0.038,35,question,9
2026-10-08 23:42:33.853,613.77,20261008_233220,jeb,question,29,628,manual,lie,,,1,0.078,0.079,-0.001,1,38.47,0.079,0.034,33,question,9
2026-10-08 23:42:34.056,613.98,20261008_233220,jeb,question,29,628,manual,lie,,,1,0.078,0.079,-0.001,1,38.48,0.072,0.031,31,question,9
2026-10-08 23:42:34.266,614.19,20261008_233220,jeb,question,29,628,manual,lie,,,1,0.078,0.079,-0.001,1,38.48,0.069,0.028,29,question,9
2026-10-08 23:42:36.376,616.3,20261008_233220,jeb,question,29,628,manual,lie,81.3,,1,0.078,0.079,-0.001,1,38.45,0.252,0.059,16,question,8
2026-10-08 23:42:36.572,616.49,20261008_233220,jeb,question,29,628,manual,lie,81.3,,1,0.078,0.079,-0.001,1,38.45,0.368,0.198,18,question,8
2026-10-08 23:42:36.784,616.7,20261008_233220,jeb,recovery,29,628,manual,lie,81.3,,1,0.073,0.079,-0.006,1,38.34,0.342,0.194,19,ready,9
2026-10-08 23:42:37.022,616.94,20261008_233220,jeb,recovery,29,628,manual,lie,81.3,,1,0.08,0.08,0.0,1,38.33,0.316,0.183,19,ready,8
2026-10-08 23:42:37.179,617.1,20261008_233220,jeb,recovery,29,628,manual,lie,81.3,,1,0.08,0.08,-0.0,1,38.34,0.288,0.168,19,ready,8
2026-10-08 23:42:37.377,617.3,20261008_233220,jeb,recovery,29,628,manual,lie,81.3,,1,0.077,0.08,-0.003,1,38.36,0.269,0.156,19,ready,8
2026-10-08 23:42:37.585,617.5,20261008_233220,jeb,recovery,29,628,manual,lie,81.3,,1,0.078,0.08,-0.002,1,38.37,0.298,0.142,20,ready,8
2026-10-08 23:42:37.786,617.71,20261008_233220,jeb,recovery,29,628,manual,lie,81.3,,1,0.079,0.08,-0.001,1,38.38,0.391,0.135,21,ready,8
2026-10-08 23:42:37.990,617.91,20261008_233220,jeb,recovery,29,628,manual,lie,81.3,,1,0.078,0.08,-0.002,1,38.39,0.366,0.131,22,ready,8
2026-10-08 23:42:38.299,618.22,20261008_233220,jeb,recovery,29,628,manual,lie,87.0,,1,0.079,0.08,-0.0,1,38.41,0.343,0.121,24,ready,8
2026-10-08 23:42:40.410,620.33,20261008_233220,jeb,rest,,,,,97.0,,1,0.074,0.08,-0.006,1,38.47,0.178,0.059,33,ready,8
2026-10-08 23:42:40.598,620.52,20261008_233220,jeb,rest,,,,,97.0,,1,0.074,0.08,-0.006,1,38.47,0.178,0.059,33,ready,8
2026-10-08 23:42:40.809,620.73,20261008_233220,jeb,rest,,,,,97.0,,1,0.072,0.079,-0.007,1,38.39,0.166,0.057,33,ready,8
2026-10-08 23:42:41.008,620.93,20261008_233220,jeb,rest,,,,,97.0,,1,0.074,0.079,-0.005,1,38.4,0.152,0.053,34,ready,8
2026-10-08 23:42:41.209,621.13,20261008_233220,jeb,rest,,,,,97.0,,1,0.075,0.079,-0.004,1,38.41,0.155,0.053,34,ready,8
2026-10-08 23:42:41.408,621.33,20261008_233220,jeb,rest,,,,,97.0,,1,0.076,0.079,-0.004,1,38.42,0.177,0.064,35,ready,8
2026-10-08 23:42:41.614,621.53,20261008_233220,jeb,rest,,,,,,,1,0.077,0.079,-0.002,1,38.43,0.219,0.083,41,ready,9
2026-10-08 23:42:41.817,621.74,20261008_233220,jeb,rest,,,,,,,1,0.078,0.079,-0.001,1,38.44,0.198,0.076,48,ready,9
2026-10-08 23:42:42.019,621.94,20261008_233220,jeb,rest,,,,,,,1,0.078,0.079,-0.001,1,38.45,0.183,0.069,49,ready,9
2026-10-08 23:42:42.230,622.15,20261008_233220,jeb,rest,,,,,,,1,0.078,0.079,-0.001,1,38.46,0.167,0.063,49,ready,9
2026-10-08 23:42:44.416,624.34,20261008_233220,jeb,rest,,,,,66.3,,1,0.076,0.079,-0.003,1,38.47,0.18,0.102,16,ready,9
2026-10-08 23:42:44.615,624.54,20261008_233220,jeb,rest,,,,,66.3,,1,0.075,0.079,-0.004,1,38.48,0.166,0.093,14,ready,9
2026-10-08 23:42:44.826,624.75,20261008_233220,jeb,rest,,,,,66.3,,1,0.075,0.079,-0.004,1,38.49,0.173,0.088,13,ready,9
2026-10-08 23:42:45.030,624.95,20261008_233220,jeb,rest,,,,,66.3,,1,0.075,0.079,-0.004,1,38.5,0.224,0.095,12,ready,9
2026-10-08 23:42:45.240,625.16,20261008_233220,jeb,rest,,,,,66.3,,1,0.077,0.079,-0.002,1,38.51,0.198,0.088,10,ready,9
2026-10-08 23:42:45.440,625.36,20261008_233220,jeb,question,30,629,manual,truth,66.3,,1,0.078,0.079,-0.001,1,38.51,0.191,0.117,10,question,9
2026-10-08 23:42:45.640,625.56,20261008_233220,jeb,question,30,629,manual,truth,70.0,,1,0.075,0.079,-0.003,1,38.51,0.219,0.117,9,question,9
2026-10-08 23:42:45.850,625.77,20261008_233220,jeb,question,30,629,manual,truth,70.0,,1,0.076,0.079,-0.003,1,38.51,0.277,0.115,9,question,9
2026-10-08 23:42:46.053,625.97,20261008_233220,jeb,question,30,629,manual,truth,70.0,,1,0.075,0.078,-0.003,1,38.52,0.393,0.184,10,question,9
2026-10-08 23:42:46.255,626.17,20261008_233220,jeb,question,30,629,manual,truth,70.0,,1,0.076,0.078,-0.003,1,38.52,0.36,0.193,10,question,9
2026-10-08 23:42:46.466,626.39,20261008_233220,jeb,question,30,629,manual,truth,70.0,,1,0.075,0.078,-0.003,1,38.51,0.329,0.18,10,question,9
2026-10-08 23:42:46.676,626.6,20261008_233220,jeb,question,30,629,manual,truth,66.3,,1,0.074,0.078,-0.004,1,38.51,0.3,0.164,10,question,9
2026-10-08 23:42:46.887,626.81,20261008_233220,jeb,question,30,629,manual,truth,66.3,,1,0.074,0.078,-0.004,1,38.51,0.28,0.155,10,question,9
2026-10-08 23:42:47.083,627.0,20261008_233220,jeb,question,30,629,manual,truth,66.3,,1,0.075,0.078,-0.004,1,38.51,0.271,0.147,10,question,9
2026-10-08 23:42:47.293,627.21,20261008_233220,jeb,question,30,629,manual,truth,66.3,,1,0.075,0.078,-0.003,1,38.51,0.256,0.139,10,question,9
2026-10-08 23:42:47.501,627.42,20261008_233220,jeb,question,30,629,manual,truth,74.2,540.2,1,0.074,0.078,-0.004,1,38.51,0.245,0.136,10,question,9
2026-10-08 23:42:47.704,627.62,20261008_233220,jeb,question,30,629,manual,truth,74.2,540.2,1,0.075,0.078,-0.003,1,38.51,0.228,0.125,10,question,9
2026-10-08 23:42:47.903,627.82,20261008_233220,jeb,question,30,629,manual,truth,74.2,540.2,1,0.075,0.078,-0.003,1,38.51,0.216,0.114,10,question,9
2026-10-08 23:42:48.118,628.04,20261008_233220,jeb,question,30,629,manual,truth,74.2,540.2,1,0.075,0.078,-0.003,1,38.51,0.203,0.105,10,question,9
2026-10-08 23:42:48.339,628.26,20261008_233220,jeb,question,30,629,manual,truth,74.2,540.2,1,0.076,0.078,-0.002,1,38.51,0.187,0.095,10,question,9
2026-10-08 23:42:50.453,630.37,20261008_233220,jeb,question,30,629,manual,truth,74.2,540.2,1,0.074,0.073,0.001,1,38.41,0.12,0.044,8,question,8
2026-10-08 23:42:50.669,630.59,20261008_233220,jeb,question,30,629,manual,truth,74.2,540.2,1,0.076,0.073,0.003,1,38.42,0.149,0.096,8,question,8
2026-10-08 23:42:50.854,630.77,20261008_233220,jeb,question,30,629,manual,truth,74.2,540.2,1,0.075,0.073,0.002,1,38.45,0.17,0.11,8,question,8
2026-10-08 23:42:51.075,630.99,20261008_233220,jeb,question,30,629,manual,truth,74.2,540.2,1,0.079,0.079,0.0,1,38.42,0.162,0.105,8,question,9
2026-10-08 23:42:51.264,631.18,20261008_233220,jeb,question,30,629,manual,truth,74.2,540.2,1,0.079,0.079,-0.0,1,38.42,0.148,0.095,8,question,9
2026-10-08 23:42:51.469,631.39,20261008_233220,jeb,question,30,629,manual,truth,74.2,540.2,1,0.078,0.079,-0.001,1,38.44,0.135,0.086,8,question,9
2026-10-08 23:42:51.681,631.6,20261008_233220,jeb,question,30,629,manual,truth,74.2,540.2,1,0.077,0.079,-0.002,1,38.45,0.123,0.078,8,question,9
2026-10-08 23:42:51.883,631.8,20261008_233220,jeb,question,30,629,manual,truth,74.2,540.2,1,0.076,0.079,-0.003,1,38.46,0.121,0.072,8,question,9
2026-10-08 23:42:52.097,632.02,20261008_233220,jeb,question,30,629,manual,truth,74.2,483.9,1,0.076,0.079,-0.003,1,38.46,0.118,0.066,8,question,9
2026-10-08 23:42:52.297,632.22,20261008_233220,jeb,question,30,629,manual,truth,74.2,483.9,1,0.076,0.079,-0.003,1,38.48,0.156,0.062,8,question,9
2026-10-08 23:42:52.497,632.42,20261008_233220,jeb,question,30,629,manual,truth,76.3,447.0,1,0.076,0.079,-0.003,1,38.48,0.209,0.092,9,question,9
2026-10-08 23:42:52.696,632.62,20261008_233220,jeb,question,30,629,manual,truth,76.3,447.0,1,0.077,0.079,-0.002,1,38.48,0.21,0.087,9,question,9
2026-10-08 23:42:52.899,632.82,20261008_233220,jeb,question,30,629,manual,truth,76.3,447.0,1,0.077,0.079,-0.001,1,38.48,0.2,0.088,9,question,9
2026-10-08 23:42:53.099,633.02,20261008_233220,jeb,question,30,629,manual,truth,76.3,447.0,1,0.078,0.079,-0.001,1,38.48,0.194,0.134,10,question,9
2026-10-08 23:42:53.299,633.22,20261008_233220,jeb,question,30,629,manual,truth,76.3,447.0,1,0.079,0.079,0.0,1,38.49,0.184,0.128,10,question,9
2026-10-08 23:42:53.504,633.42,20261008_233220,jeb,question,30,629,manual,truth,76.3,428.3,1,0.08,0.079,0.001,1,38.49,0.187,0.116,10,question,9
2026-10-08 23:42:53.710,633.63,20261008_233220,jeb,question,30,629,manual,truth,76.3,428.3,1,0.08,0.079,0.001,1,38.49,0.204,0.121,10,question,9
2026-10-08 23:42:53.920,633.84,20261008_233220,jeb,question,30,629,manual,truth,76.3,428.3,1,0.078,0.079,-0.001,1,38.49,0.188,0.116,10,question,9
2026-10-08 23:42:54.127,634.05,20261008_233220,jeb,question,30,629,manual,truth,76.3,428.3,1,0.078,0.079,-0.001,1,38.49,0.19,0.122,10,question,9
2026-10-08 23:42:54.329,634.25,20261008_233220,jeb,question,30,629,manual,truth,76.3,404.1,1,0.077,0.079,-0.002,1,38.49,0.211,0.129,11,question,9
2026-10-08 23:42:54.535,634.45,20261008_233220,jeb,question,30,629,manual,truth,76.3,404.1,1,0.076,0.079,-0.002,1,38.49,0.202,0.145,11,question,9
2026-10-08 23:42:54.744,634.66,20261008_233220,jeb,question,30,629,manual,truth,76.3,404.1,1,0.075,0.079,-0.003,1,38.49,0.188,0.148,11,question,9
2026-10-08 23:42:54.949,634.87,20261008_233220,jeb,question,30,629,manual,truth,76.3,404.1,1,0.074,0.078,-0.005,1,38.51,0.191,0.136,11,question,9
2026-10-08 23:42:55.157,635.08,20261008_233220,jeb,question,30,629,manual,truth,76.3,404.1,1,0.071,0.078,-0.007,1,38.45,0.187,0.132,11,question,9
2026-10-08 23:42:55.364,635.28,20261008_233220,jeb,question,30,629,manual,truth,76.3,404.1,1,0.072,0.078,-0.006,1,38.45,0.197,0.126,11,question,9
2026-10-08 23:42:55.579,635.5,20261008_233220,jeb,question,30,629,manual,truth,76.3,404.1,1,0.073,0.078,-0.005,1,38.46,0.184,0.114,11,question,9
2026-10-08 23:42:55.790,635.71,20261008_233220,jeb,question,30,629,manual,truth,76.3,404.1,1,0.073,0.078,-0.005,1,38.46,0.184,0.113,11,question,9
2026-10-08 23:42:55.984,635.9,20261008_233220,jeb,question,30,629,manual,truth,76.3,404.1,1,0.071,0.071,0.0,1,38.46,0.17,0.109,10,question,8
2026-10-08 23:42:56.207,636.13,20261008_233220,jeb,question,30,629,manual,truth,76.3,404.1,1,0.072,0.071,0.0,1,38.47,0.168,0.114,10,question,8
2026-10-08 23:42:56.399,636.32,20261008_233220,jeb,question,30,629,manual,truth,76.3,404.1,1,0.072,0.071,0.0,1,38.47,0.155,0.122,10,question,8
2026-10-08 23:42:56.610,636.53,20261008_233220,jeb,question,30,629,manual,truth,76.3,404.1,1,0.072,0.071,0.0,1,38.47,0.149,0.116,10,question,9
2026-10-08 23:42:56.814,636.73,20261008_233220,jeb,question,30,629,manual,truth,76.3,404.1,1,0.071,0.071,-0.001,1,38.47,0.137,0.105,10,question,8
2026-10-08 23:42:57.019,636.94,20261008_233220,jeb,question,30,629,manual,truth,76.3,404.1,1,0.071,0.071,-0.0,1,38.47,0.127,0.096,10,question,8
2026-10-08 23:42:57.252,637.17,20261008_233220,jeb,question,30,629,manual,truth,76.3,404.1,1,0.071,0.071,-0.001,1,38.48,0.123,0.095,9,question,9
2026-10-08 23:42:57.439,637.36,20261008_233220,jeb,recovery,30,629,manual,truth,,,1,0.071,0.071,-0.001,1,38.48,0.27,0.118,22,ready,9
2026-10-08 23:42:57.670,637.59,20261008_233220,jeb,recovery,30,629,manual,truth,,,1,0.071,0.071,-0.001,1,38.47,0.277,0.122,33,ready,9
2026-10-08 23:42:57.845,637.77,20261008_233220,jeb,recovery,30,629,manual,truth,,,1,0.072,0.072,0.0,1,38.42,0.263,0.114,42,ready,8
2026-10-08 23:42:58.050,637.97,20261008_233220,jeb,recovery,30,629,manual,truth,,,1,0.071,0.072,-0.001,1,38.43,0.259,0.113,48,ready,8
2026-10-08 23:42:58.269,638.19,20261008_233220,jeb,recovery,30,629,manual,truth,,,1,0.071,0.072,-0.001,1,38.43,0.249,0.104,54,ready,8
2026-10-08 23:42:58.463,638.38,20261008_233220,jeb,recovery,30,629,manual,truth,,,1,0.071,0.072,-0.001,1,38.44,0.228,0.094,57,ready,8
2026-10-08 23:42:58.678,638.6,20261008_233220,jeb,recovery,30,629,manual,truth,54.6,,1,0.07,0.072,-0.001,1,38.45,0.209,0.09,48,ready,8
2026-10-08 23:42:58.882,638.8,20261008_233220,jeb,recovery,30,629,manual,truth,54.6,,1,0.071,0.072,-0.001,1,38.45,0.195,0.112,40,ready,9
2026-10-08 23:42:59.086,639.01,20261008_233220,jeb,recovery,30,629,manual,truth,54.6,,1,0.073,0.072,0.001,1,38.46,0.26,0.179,35,ready,9
2026-10-08 23:42:59.291,639.21,20261008_233220,jeb,recovery,30,629,manual,truth,54.6,,1,0.074,0.072,0.002,1,38.46,0.249,0.19,30,ready,9
2026-10-08 23:42:59.501,639.42,20261008_233220,jeb,recovery,30,629,manual,truth,56.9,,1,0.075,0.072,0.003,1,38.46,0.233,0.172,26,ready,9
2026-10-08 23:42:59.709,639.63,20261008_233220,jeb,recovery,30,629,manual,truth,56.9,,1,0.074,0.072,0.003,1,38.49,0.196,0.142,20,ready,9
2026-10-08 23:42:59.910,639.83,20261008_233220,jeb,recovery,30,629,manual,truth,56.9,,1,,,,0,38.46,0.182,0.129,17,ready,9
2026-10-08 23:43:00.109,640.03,20261008_233220,jeb,recovery,30,629,manual,truth,63.1,,1,0.076,0.076,-0.0,1,38.46,0.18,0.117,15,ready,9
2026-10-08 23:43:00.314,640.23,20261008_233220,jeb,recovery,30,629,manual,truth,63.1,,1,0.077,0.076,0.0,1,38.47,0.168,0.108,14,ready,9
2026-10-08 23:43:00.514,640.43,20261008_233220,jeb,recovery,30,629,manual,truth,63.1,,1,0.076,0.076,-0.001,1,38.47,0.157,0.099,12,ready,9
2026-10-08 23:43:00.721,640.64,20261008_233220,jeb,recovery,30,629,manual,truth,63.1,,1,0.075,0.076,-0.001,1,38.48,0.154,0.09,11,ready,9
2026-10-08 23:43:00.932,640.85,20261008_233220,jeb,recovery,30,629,manual,truth,65.2,188.8,1,0.076,0.076,-0.0,1,38.48,0.154,0.084,10,ready,9
2026-10-08 23:43:01.129,641.05,20261008_233220,jeb,recovery,30,629,manual,truth,65.2,188.8,1,0.076,0.076,-0.0,1,38.49,0.14,0.077,9,ready,9
2026-10-08 23:43:01.329,641.25,20261008_233220,jeb,rest,,,,,65.2,188.8,1,0.077,0.076,0.001,1,38.49,0.129,0.07,9,ready,9
2026-10-08 23:43:01.532,641.45,20261008_233220,jeb,rest,,,,,65.2,188.8,1,0.078,0.076,0.002,1,38.5,0.121,0.065,8,ready,9
2026-10-08 23:43:01.733,641.65,20261008_233220,jeb,rest,,,,,65.2,188.8,1,0.078,0.076,0.001,1,38.5,0.112,0.059,8,ready,9
2026-10-08 23:43:01.941,641.86,20261008_233220,jeb,rest,,,,,65.2,188.8,1,0.077,0.076,0.0,1,38.5,0.102,0.054,7,ready,9
2026-10-08 23:43:02.144,642.06,20261008_233220,jeb,rest,,,,,65.2,188.8,1,0.077,0.076,0.001,1,38.5,0.093,0.05,7,ready,9
2026-10-08 23:43:02.349,642.27,20261008_233220,jeb,rest,,,,,65.2,188.8,1,0.076,0.076,-0.0,1,38.5,0.086,0.045,6,ready,9
2026-10-08 23:43:04.514,644.43,20261008_233220,jeb,rest,,,,,65.2,188.8,1,0.075,0.074,0.001,1,38.46,0.189,0.105,6,ready,9
2026-10-08 23:43:04.753,644.67,20261008_233220,jeb,rest,,,,,65.2,188.8,1,0.075,0.074,0.001,1,38.46,0.201,0.107,6,ready,9
2026-10-08 23:43:04.931,644.85,20261008_233220,jeb,rest,,,,,65.2,188.8,1,0.076,0.074,0.002,1,38.39,0.2,0.099,6,ready,9
2026-10-08 23:43:05.132,645.05,20261008_233220,jeb,rest,,,,,65.2,188.8,1,0.075,0.074,0.001,1,38.4,0.197,0.093,6,ready,9
2026-10-08 23:43:05.537,645.46,20261008_233220,jeb,rest,,,,,65.2,188.8,1,0.073,0.074,-0.001,1,38.42,0.186,0.088,6,ready,9
2026-10-08 23:43:05.565,645.48,20261008_233220,jeb,rest,,,,,65.2,188.8,1,0.072,0.074,-0.002,1,38.43,0.176,0.084,6,ready,9
2026-10-08 23:43:05.766,645.69,20261008_233220,jeb,rest,,,,,65.2,188.8,1,0.073,0.074,-0.001,1,38.44,0.165,0.08,6,ready,9
