time_iso,t_sec,run_id,subject,phase,question_no,watch_qid,mode,label,hr_bpm,hrv_ms,ppg_contact,gsr_us,gsr_tonic_us,gsr_phasic_us,gsr_contact,skin_temp_c,tremor_ms2,motion_ms2,stress_index,engine_state,battery_mv
2026-10-08 22:59:14.041,0.12,20261008_225913,gg,rest,,,,,,,1,,,,0,37.59,0.02,0.011,12,ready,9
2026-10-08 22:59:14.249,0.33,20261008_225913,gg,rest,,,,,80.9,,1,,,,0,37.59,0.028,0.012,12,ready,9
2026-10-08 22:59:14.454,0.54,20261008_225913,gg,rest,,,,,80.9,,1,,,,0,37.59,0.044,0.034,12,ready,9
2026-10-08 22:59:14.659,0.74,20261008_225913,gg,rest,,,,,80.9,,1,,,,0,37.59,0.056,0.04,13,ready,9
2026-10-08 22:59:14.869,0.95,20261008_225913,gg,rest,,,,,98.0,,1,,,,0,37.59,0.115,0.096,15,ready,9
2026-10-08 22:59:15.068,1.15,20261008_225913,gg,rest,,,,,98.0,,1,,,,0,37.59,0.139,0.126,16,ready,9
2026-10-08 22:59:15.274,1.36,20261008_225913,gg,rest,,,,,98.0,,1,,,,0,37.59,0.141,0.121,16,ready,9
2026-10-08 22:59:15.476,1.56,20261008_225913,gg,rest,,,,,98.0,,1,,,,0,37.59,0.129,0.11,17,ready,9
2026-10-08 22:59:15.681,1.76,20261008_225913,gg,rest,,,,,98.0,,1,,,,0,37.59,0.125,0.104,17,ready,9
2026-10-08 22:59:15.890,1.97,20261008_225913,gg,rest,,,,,98.0,,1,,,,0,37.59,0.116,0.096,18,ready,9
2026-10-08 22:59:16.093,2.17,20261008_225913,gg,rest,,,,,98.0,,1,,,,0,37.6,0.106,0.088,18,ready,9
2026-10-08 22:59:16.301,2.38,20261008_225913,gg,rest,,,,,98.0,,1,,,,0,37.6,0.098,0.08,18,ready,9
2026-10-08 22:59:16.507,2.59,20261008_225913,gg,rest,,,,,98.0,,1,,,,0,37.6,0.09,0.072,18,ready,9
2026-10-08 22:59:16.717,2.8,20261008_225913,gg,rest,,,,,98.0,,1,,,,0,37.61,0.082,0.066,18,ready,9
2026-10-08 22:59:17.011,3.09,20261008_225913,gg,rest,,,,,98.0,,1,,,,0,37.58,0.075,0.06,18,ready,9
2026-10-08 22:59:17.194,3.28,20261008_225913,gg,rest,,,,,98.0,,1,,,,0,37.59,0.068,0.054,18,ready,9
2026-10-08 22:59:17.399,3.48,20261008_225913,gg,rest,,,,,98.0,,1,,,,0,37.59,0.063,0.049,18,ready,9
2026-10-08 22:59:17.538,3.62,20261008_225913,gg,rest,,,,,98.0,,1,,,,0,37.59,0.058,0.044,18,ready,9
2026-10-08 22:59:17.774,3.86,20261008_225913,gg,rest,,,,,98.0,,1,,,,0,37.59,0.054,0.04,18,ready,9
2026-10-08 22:59:18.001,4.08,20261008_225913,gg,rest,,,,,98.0,,1,,,,0,37.59,0.05,0.037,18,ready,9
2026-10-08 22:59:18.181,4.26,20261008_225913,gg,rest,,,,,98.0,,1,,,,0,37.59,0.046,0.033,18,ready,9
2026-10-08 22:59:18.406,4.49,20261008_225913,gg,rest,,,,,98.0,,1,,,,0,37.6,0.043,0.03,18,ready,9
2026-10-08 22:59:18.624,4.71,20261008_225913,gg,rest,,,,,98.0,,1,,,,0,37.6,0.041,0.028,18,ready,9
2026-10-08 22:59:18.811,4.89,20261008_225913,gg,rest,,,,,98.0,,1,,,,0,37.61,0.038,0.025,18,ready,9
2026-10-08 22:59:19.095,5.18,20261008_225913,gg,rest,,,,,98.0,,1,,,,0,37.61,0.036,0.023,18,ready,9
2026-10-08 22:59:19.239,5.32,20261008_225913,gg,rest,,,,,,,1,,,,0,37.61,0.033,0.021,17,ready,9
2026-10-08 22:59:19.446,5.53,20261008_225913,gg,rest,,,,,,,1,,,,0,37.61,0.032,0.019,16,ready,9
2026-10-08 22:59:19.650,5.73,20261008_225913,gg,rest,,,,,,,1,,,,0,37.61,0.03,0.018,16,ready,9
2026-10-08 22:59:19.854,5.94,20261008_225913,gg,rest,,,,,67.1,,1,,,,0,37.61,0.029,0.016,15,ready,9
2026-10-08 22:59:20.009,6.09,20261008_225913,gg,rest,,,,,67.1,,1,,,,0,37.61,0.027,0.015,14,ready,9
2026-10-08 22:59:20.213,6.3,20261008_225913,gg,rest,,,,,67.1,,1,,,,0,37.62,0.026,0.013,13,ready,9
2026-10-08 22:59:20.420,6.5,20261008_225913,gg,rest,,,,,67.1,,1,,,,0,37.62,0.025,0.013,13,ready,9
2026-10-08 22:59:20.623,6.71,20261008_225913,gg,rest,,,,,67.1,,1,,,,0,37.62,0.024,0.012,13,ready,9
2026-10-08 22:59:20.828,6.91,20261008_225913,gg,rest,,,,,50.7,,1,,,,0,37.62,0.024,0.011,12,ready,9
2026-10-08 22:59:21.067,7.15,20261008_225913,gg,rest,,,,,50.7,,1,,,,0,37.62,0.023,0.01,11,ready,9
2026-10-08 22:59:21.234,7.32,20261008_225913,gg,rest,,,,,50.7,,1,,,,0,37.58,0.024,0.016,11,ready,9
2026-10-08 22:59:21.441,7.52,20261008_225913,gg,rest,,,,,50.7,,1,,,,0,37.59,0.036,0.021,10,ready,9
2026-10-08 22:59:21.648,7.73,20261008_225913,gg,rest,,,,,50.7,,1,,,,0,37.59,0.049,0.046,10,ready,9
2026-10-08 22:59:21.854,7.94,20261008_225913,gg,rest,,,,,57.3,,1,,,,0,37.59,0.062,0.046,10,ready,9
2026-10-08 22:59:22.061,8.14,20261008_225913,gg,rest,,,,,57.3,,1,,,,0,37.6,0.111,0.052,10,ready,9
2026-10-08 22:59:22.274,8.36,20261008_225913,gg,rest,,,,,57.3,,1,,,,0,37.6,0.14,0.192,10,ready,9
2026-10-08 22:59:22.470,8.55,20261008_225913,gg,rest,,,,,57.3,,1,,,,0,37.61,0.151,0.295,10,ready,9
2026-10-08 22:59:22.678,8.76,20261008_225913,gg,rest,,,,,57.3,,1,,,,0,37.61,0.165,0.302,10,ready,9
2026-10-08 22:59:22.887,8.97,20261008_225913,gg,rest,,,,,57.3,,1,,,,0,37.61,0.22,0.645,10,ready,9
2026-10-08 22:59:23.102,9.18,20261008_225913,gg,rest,,,,,57.3,,1,,,,0,37.61,0.22,0.639,10,ready,9
2026-10-08 22:59:23.305,9.39,20261008_225913,gg,rest,,,,,57.3,,1,,,,0,37.61,0.213,0.641,10,ready,9
2026-10-08 22:59:23.505,9.59,20261008_225913,gg,rest,,,,,57.3,,1,,,,0,37.61,0.194,0.609,10,ready,9
2026-10-08 22:59:23.710,9.79,20261008_225913,gg,rest,,,,,57.3,,1,,,,0,37.62,0.178,0.555,10,ready,9
2026-10-08 22:59:23.920,10.0,20261008_225913,gg,rest,,,,,57.3,,1,,,,0,37.62,0.168,0.509,10,ready,9
2026-10-08 22:59:24.201,10.28,20261008_225913,gg,rest,,,,,65.9,,1,,,,0,37.62,0.163,0.464,11,ready,9
2026-10-08 22:59:24.331,10.41,20261008_225913,gg,rest,,,,,65.9,,1,,,,0,37.63,0.176,0.423,11,ready,9
2026-10-08 22:59:24.533,10.62,20261008_225913,gg,rest,,,,,65.9,,1,,,,0,37.63,0.176,0.404,11,ready,9
2026-10-08 22:59:24.740,10.82,20261008_225913,gg,rest,,,,,70.5,438.1,1,,,,0,37.63,0.192,0.392,12,ready,9
2026-10-08 22:59:24.950,11.03,20261008_225913,gg,rest,,,,,70.5,438.1,1,,,,0,37.63,0.203,0.373,12,ready,9
2026-10-08 22:59:25.151,11.23,20261008_225913,gg,rest,,,,,70.5,438.1,1,,,,0,37.63,0.253,0.414,12,ready,9
2026-10-08 22:59:25.361,11.44,20261008_225913,gg,rest,,,,,70.5,438.1,1,,,,0,37.62,0.237,0.389,13,ready,9
2026-10-08 22:59:25.568,11.65,20261008_225913,gg,rest,,,,,70.5,438.1,1,,,,0,37.62,0.232,0.355,13,ready,9
2026-10-08 22:59:25.779,11.86,20261008_225913,gg,rest,,,,,70.5,438.1,1,,,,0,37.62,0.22,0.324,13,ready,9
2026-10-08 22:59:26.084,12.17,20261008_225913,gg,rest,,,,,70.5,438.1,1,,,,0,37.62,0.213,0.311,13,ready,9
2026-10-08 22:59:26.191,12.27,20261008_225913,gg,rest,,,,,70.5,438.1,1,,,,0,37.62,0.197,0.303,13,ready,9
2026-10-08 22:59:26.393,12.47,20261008_225913,gg,rest,,,,,65.9,438.1,1,,,,0,37.62,0.181,0.314,13,ready,9
2026-10-08 22:59:26.595,12.68,20261008_225913,gg,rest,,,,,65.9,438.1,1,,,,0,37.62,0.174,0.292,13,ready,9
2026-10-08 22:59:26.802,12.88,20261008_225913,gg,rest,,,,,65.9,438.1,1,,,,0,37.63,0.169,0.273,13,ready,9
2026-10-08 22:59:27.005,13.09,20261008_225913,gg,rest,,,,,65.9,438.1,1,,,,0,37.63,0.16,0.248,13,ready,9
2026-10-08 22:59:27.209,13.29,20261008_225913,gg,rest,,,,,70.5,428.7,1,,,,0,37.63,0.155,0.235,13,ready,9
2026-10-08 22:59:27.417,13.5,20261008_225913,gg,rest,,,,,70.5,428.7,1,,,,0,37.63,0.165,0.262,13,ready,9
2026-10-08 22:59:27.620,13.7,20261008_225913,gg,rest,,,,,70.5,428.7,1,,,,0,37.63,0.169,0.26,13,ready,9
2026-10-08 22:59:27.829,13.91,20261008_225913,gg,rest,,,,,70.5,428.7,1,,,,0,37.63,0.199,0.304,13,ready,9
2026-10-08 22:59:28.038,14.12,20261008_225913,gg,rest,,,,,70.5,428.7,1,,,,0,37.63,0.2,0.296,13,ready,9
2026-10-08 22:59:28.247,14.33,20261008_225913,gg,rest,,,,,70.5,428.7,1,,,,0,37.63,0.187,0.286,13,ready,9
2026-10-08 22:59:28.451,14.53,20261008_225913,gg,rest,,,,,70.5,428.7,1,,,,0,37.63,0.181,0.291,13,ready,9
2026-10-08 22:59:28.661,14.74,20261008_225913,gg,rest,,,,,70.5,428.7,1,,,,0,37.63,0.167,0.276,13,ready,9
2026-10-08 22:59:28.869,14.95,20261008_225913,gg,rest,,,,,70.5,428.7,1,,,,0,37.64,0.183,0.297,13,ready,9
2026-10-08 22:59:29.076,15.16,20261008_225913,gg,rest,,,,,70.5,428.7,1,,,,0,37.64,0.169,0.285,13,ready,9
2026-10-08 22:59:29.278,15.36,20261008_225913,gg,rest,,,,,70.5,428.7,1,,,,0,37.64,0.154,0.261,13,ready,9
2026-10-08 22:59:29.487,15.57,20261008_225913,gg,rest,,,,,69.2,391.6,1,,,,0,37.66,0.142,0.238,13,ready,9
2026-10-08 22:59:29.692,15.77,20261008_225913,gg,rest,,,,,69.2,391.6,1,,,,0,37.63,0.129,0.218,13,ready,9
2026-10-08 22:59:29.899,15.98,20261008_225913,gg,rest,,,,,69.2,391.6,1,,,,0,37.63,0.118,0.2,13,ready,9
2026-10-08 22:59:30.105,16.19,20261008_225913,gg,rest,,,,,69.2,391.6,1,,,,0,37.63,0.109,0.184,13,ready,9
2026-10-08 22:59:30.310,16.39,20261008_225913,gg,rest,,,,,66.9,362.8,1,,,,0,37.63,0.101,0.168,12,ready,9
2026-10-08 22:59:30.519,16.6,20261008_225913,gg,rest,,,,,66.9,362.8,1,,,,0,37.63,0.106,0.165,12,ready,9
2026-10-08 22:59:30.795,16.88,20261008_225913,gg,rest,,,,,66.9,362.8,1,,,,0,37.63,0.142,0.178,12,ready,9
2026-10-08 22:59:30.923,17.01,20261008_225913,gg,rest,,,,,66.9,362.8,1,,,,0,37.63,0.139,0.165,12,ready,9
2026-10-08 22:59:31.128,17.21,20261008_225913,gg,rest,,,,,66.9,362.8,1,,,,0,37.63,0.128,0.168,12,ready,9
2026-10-08 22:59:31.334,17.42,20261008_225913,gg,rest,,,,,66.9,362.8,1,,,,0,37.63,0.117,0.156,12,ready,9
2026-10-08 22:59:31.542,17.62,20261008_225913,gg,rest,,,,,66.9,362.8,1,,,,0,37.64,0.106,0.154,12,ready,9
2026-10-08 22:59:31.743,17.83,20261008_225913,gg,rest,,,,,66.9,362.8,1,,,,0,37.64,0.097,0.141,12,ready,9
2026-10-08 22:59:32.266,18.35,20261008_225913,gg,rest,,,,,66.9,362.8,1,,,,0,37.64,0.088,0.128,12,ready,9
2026-10-08 22:59:32.267,18.35,20261008_225913,gg,rest,,,,,66.9,362.8,1,,,,0,37.65,0.08,0.116,12,ready,9
2026-10-08 22:59:32.360,18.44,20261008_225913,gg,rest,,,,,66.9,362.8,1,,,,0,37.65,0.074,0.105,12,ready,9
2026-10-08 22:59:32.567,18.65,20261008_225913,gg,rest,,,,,66.9,362.8,1,,,,0,37.65,0.068,0.095,11,ready,9
2026-10-08 22:59:32.773,18.86,20261008_225913,gg,rest,,,,,66.9,362.8,1,,,,0,37.65,0.062,0.086,11,ready,9
2026-10-08 22:59:32.979,19.06,20261008_225913,gg,rest,,,,,66.9,362.8,1,,,,0,37.65,0.059,0.082,11,ready,9
2026-10-08 22:59:33.179,19.26,20261008_225913,gg,rest,,,,,66.9,362.8,1,,,,0,37.63,0.054,0.075,11,ready,9
2026-10-08 22:59:33.389,19.47,20261008_225913,gg,rest,,,,,66.9,362.8,1,,,,0,37.63,0.05,0.069,11,ready,9
2026-10-08 22:59:33.599,19.68,20261008_225913,gg,rest,,,,,66.9,362.8,1,,,,0,37.64,0.047,0.063,11,ready,9
2026-10-08 22:59:33.797,19.88,20261008_225913,gg,rest,,,,,66.9,362.8,1,,,,0,37.64,0.043,0.057,11,ready,9
2026-10-08 22:59:34.002,20.08,20261008_225913,gg,rest,,,,,66.9,312.9,1,,,,0,37.61,0.041,0.053,11,ready,9
2026-10-08 22:59:34.218,20.3,20261008_225913,gg,rest,,,,,66.9,312.9,1,,,,0,37.61,0.038,0.048,11,ready,9
2026-10-08 22:59:34.426,20.51,20261008_225913,gg,rest,,,,,66.9,312.9,1,,,,0,37.62,0.035,0.045,11,ready,9
2026-10-08 22:59:34.624,20.71,20261008_225913,gg,rest,,,,,66.9,312.9,1,,,,0,37.62,0.035,0.041,11,ready,9
2026-10-08 22:59:34.830,20.91,20261008_225913,gg,rest,,,,,66.9,312.9,1,,,,0,37.63,0.034,0.038,11,ready,9
2026-10-08 22:59:35.038,21.12,20261008_225913,gg,rest,,,,,66.9,312.9,1,,,,0,37.63,0.033,0.035,11,ready,9
2026-10-08 22:59:35.243,21.33,20261008_225913,gg,rest,,,,,66.9,312.9,1,,,,0,37.64,0.032,0.033,11,ready,9
2026-10-08 22:59:35.457,21.54,20261008_225913,gg,rest,,,,,66.9,221.6,1,,,,0,37.64,0.031,0.035,11,ready,9
2026-10-08 22:59:35.657,21.74,20261008_225913,gg,rest,,,,,66.9,221.6,1,,,,0,37.65,0.029,0.032,11,ready,9
2026-10-08 22:59:35.871,21.95,20261008_225913,gg,rest,,,,,66.9,221.6,1,,,,0,37.65,0.027,0.03,11,ready,9
2026-10-08 22:59:36.081,22.16,20261008_225913,gg,rest,,,,,66.9,221.6,1,,,,0,37.66,0.028,0.025,11,ready,9
2026-10-08 22:59:36.278,22.36,20261008_225913,gg,rest,,,,,66.9,221.6,1,,,,0,37.67,0.028,0.025,11,ready,9
2026-10-08 22:59:36.483,22.57,20261008_225913,gg,rest,,,,,66.9,221.6,1,,,,0,37.67,0.027,0.024,11,ready,9
2026-10-08 22:59:36.688,22.77,20261008_225913,gg,rest,,,,,66.9,221.6,1,,,,0,37.67,0.026,0.022,11,ready,9
2026-10-08 22:59:36.897,22.98,20261008_225913,gg,rest,,,,,66.9,221.6,1,,,,0,37.67,0.026,0.021,11,ready,9
2026-10-08 22:59:37.098,23.18,20261008_225913,gg,rest,,,,,,,1,,,,0,37.67,0.027,0.021,11,ready,9
2026-10-08 22:59:37.305,23.39,20261008_225913,gg,rest,,,,,,,1,,,,0,37.67,0.026,0.02,11,ready,9
2026-10-08 22:59:37.509,23.59,20261008_225913,gg,rest,,,,,131.5,,1,,,,0,37.68,0.024,0.019,14,ready,9
2026-10-08 22:59:37.715,23.8,20261008_225913,gg,rest,,,,,131.5,,1,,,,0,37.65,0.024,0.018,17,ready,9
2026-10-08 22:59:37.918,24.0,20261008_225913,gg,rest,,,,,128.4,,1,,,,0,37.66,0.023,0.016,19,ready,9
2026-10-08 22:59:38.122,24.2,20261008_225913,gg,rest,,,,,128.4,,1,,,,0,37.64,0.024,0.021,20,ready,9
2026-10-08 22:59:38.329,24.41,20261008_225913,gg,rest,,,,,149.0,,1,,,,0,37.64,0.024,0.025,23,ready,9
2026-10-08 22:59:38.532,24.61,20261008_225913,gg,rest,,,,,167.9,150.7,1,,,,0,37.65,0.026,0.023,27,ready,9
2026-10-08 22:59:38.785,24.87,20261008_225913,gg,rest,,,,,167.9,150.7,1,,,,0,37.66,0.026,0.021,30,ready,9
2026-10-08 22:59:38.950,25.03,20261008_225913,gg,rest,,,,,167.9,150.7,1,,,,0,37.66,0.025,0.025,33,ready,9
2026-10-08 22:59:39.153,25.24,20261008_225913,gg,rest,,,,,167.9,150.7,1,,,,0,37.66,0.026,0.029,35,ready,9
2026-10-08 22:59:39.361,25.44,20261008_225913,gg,rest,,,,,167.9,150.7,1,,,,0,37.67,0.026,0.027,36,ready,9
2026-10-08 22:59:39.570,25.65,20261008_225913,gg,rest,,,,,167.9,150.7,1,,,,0,37.67,0.025,0.024,38,ready,9
2026-10-08 22:59:39.774,25.86,20261008_225913,gg,rest,,,,,167.9,150.7,1,,,,0,37.68,0.025,0.023,39,ready,9
2026-10-08 22:59:39.981,26.06,20261008_225913,gg,rest,,,,,167.9,150.7,1,,,,0,37.68,0.026,0.022,40,ready,9
2026-10-08 22:59:40.186,26.27,20261008_225913,gg,rest,,,,,167.9,150.7,1,,,,0,37.69,0.024,0.02,41,ready,9
2026-10-08 22:59:40.392,26.47,20261008_225913,gg,rest,,,,,167.9,150.7,1,,,,0,37.7,0.024,0.018,41,ready,9
2026-10-08 22:59:40.599,26.68,20261008_225913,gg,rest,,,,,159.9,150.7,1,,,,0,37.7,0.025,0.02,41,ready,9
2026-10-08 22:59:40.817,26.9,20261008_225913,gg,rest,,,,,159.9,150.7,1,,,,0,37.7,0.024,0.019,41,ready,9
2026-10-08 22:59:41.017,27.1,20261008_225913,gg,rest,,,,,159.9,150.7,1,,,,0,37.71,0.023,0.017,41,ready,9
2026-10-08 22:59:41.220,27.3,20261008_225913,gg,rest,,,,,159.9,150.7,1,,,,0,37.71,0.022,0.025,41,ready,9
2026-10-08 22:59:41.428,27.51,20261008_225913,gg,rest,,,,,162.0,150.7,1,,,,0,37.71,0.024,0.03,41,ready,9
2026-10-08 22:59:41.650,27.73,20261008_225913,gg,rest,,,,,162.0,150.7,1,,,,0,37.71,0.03,0.033,41,ready,9
2026-10-08 22:59:41.851,27.93,20261008_225913,gg,rest,,,,,162.0,150.7,1,,,,0,37.72,0.03,0.03,41,ready,9
2026-10-08 22:59:42.050,28.13,20261008_225913,gg,rest,,,,,159.9,140.6,1,,,,0,37.72,0.029,0.028,41,ready,9
2026-10-08 22:59:42.249,28.33,20261008_225913,gg,rest,,,,,159.9,140.6,1,,,,0,37.73,0.037,0.034,41,ready,9
2026-10-08 22:59:42.457,28.54,20261008_225913,gg,rest,,,,,155.8,130.8,1,,,,0,37.74,0.038,0.041,41,ready,9
2026-10-08 22:59:42.648,28.73,20261008_225913,gg,rest,,,,,155.8,130.8,1,,,,0,37.71,0.042,0.049,40,ready,9
2026-10-08 22:59:42.855,28.94,20261008_225913,gg,rest,,,,,155.8,130.8,1,,,,0,37.71,0.048,0.058,40,ready,9
2026-10-08 22:59:43.069,29.15,20261008_225913,gg,rest,,,,,155.8,130.8,1,,,,0,37.72,0.069,0.087,40,ready,9
2026-10-08 22:59:43.269,29.35,20261008_225913,gg,rest,,,,,155.8,130.8,1,,,,0,37.73,0.079,0.129,40,ready,9
2026-10-08 22:59:43.470,29.55,20261008_225913,gg,rest,,,,,150.6,130.8,1,,,,0,37.74,0.08,0.128,40,ready,9
2026-10-08 22:59:43.667,29.75,20261008_225913,gg,rest,,,,,150.6,131.1,1,,,,0,37.74,0.075,0.111,39,ready,9
2026-10-08 22:59:43.880,29.96,20261008_225913,gg,rest,,,,,150.6,95.2,1,,,,0,37.75,0.074,0.103,39,ready,9
2026-10-08 22:59:44.079,30.16,20261008_225913,gg,rest,,,,,150.6,95.2,1,,,,0,37.76,0.068,0.095,38,ready,9
2026-10-08 22:59:44.283,30.37,20261008_225913,gg,rest,,,,,150.6,95.2,1,,,,0,37.77,0.065,0.087,38,ready,9
2026-10-08 22:59:44.519,30.6,20261008_225913,gg,rest,,,,,150.6,95.2,1,,,,0,37.76,0.061,0.08,38,ready,9
2026-10-08 22:59:44.693,30.78,20261008_225913,gg,rest,,,,,150.6,95.2,1,,,,0,37.76,0.059,0.073,38,ready,9
2026-10-08 22:59:44.928,31.01,20261008_225913,gg,rest,,,,,150.6,95.2,1,,,,0,37.77,0.056,0.066,38,ready,9
2026-10-08 22:59:45.103,31.19,20261008_225913,gg,rest,,,,,150.6,95.2,1,,,,0,37.77,0.057,0.061,38,ready,9
2026-10-08 22:59:45.317,31.4,20261008_225913,gg,rest,,,,,150.6,95.2,1,,,,0,37.78,0.054,0.056,38,ready,9
2026-10-08 22:59:45.518,31.6,20261008_225913,gg,rest,,,,,150.6,95.2,1,,,,0,37.78,0.056,0.054,37,ready,9
2026-10-08 22:59:45.727,31.81,20261008_225913,gg,rest,,,,,,,1,,,,0,37.79,0.061,0.055,33,ready,9
2026-10-08 22:59:45.929,32.01,20261008_225913,gg,rest,,,,,,,1,,,,0,37.79,0.072,0.058,30,ready,9
2026-10-08 22:59:46.138,32.22,20261008_225913,gg,rest,,,,,,,1,,,,0,37.79,0.065,0.053,27,ready,9
2026-10-08 22:59:46.347,32.43,20261008_225913,gg,rest,,,,,96.3,,1,,,,0,37.79,0.059,0.048,25,ready,9
2026-10-08 22:59:46.550,32.63,20261008_225913,gg,rest,,,,,96.3,,1,,,,0,37.81,0.055,0.045,24,ready,9
2026-10-08 22:59:46.784,32.87,20261008_225913,gg,rest,,,,,96.3,,1,,,,0,37.79,0.051,0.044,23,ready,9
2026-10-08 22:59:46.956,33.04,20261008_225913,gg,rest,,,,,96.4,,1,,,,0,37.8,0.048,0.041,22,ready,9
2026-10-08 22:59:47.160,33.24,20261008_225913,gg,rest,,,,,96.4,,1,,,,0,37.8,0.048,0.039,21,ready,9
2026-10-08 22:59:47.371,33.45,20261008_225913,gg,rest,,,,,96.4,,1,,,,0,37.8,0.052,0.04,20,ready,9
2026-10-08 22:59:47.592,33.67,20261008_225913,gg,rest,,,,,99.0,,1,,,,0,37.8,0.056,0.061,20,ready,9
2026-10-08 22:59:47.789,33.87,20261008_225913,gg,rest,,,,,99.0,,1,,,,0,37.81,0.057,0.069,20,ready,9
2026-10-08 22:59:48.000,34.08,20261008_225913,gg,rest,,,,,99.0,,1,,,,0,37.81,0.057,0.064,19,ready,9
2026-10-08 22:59:48.198,34.28,20261008_225913,gg,rest,,,,,100.0,27.9,1,,,,0,37.82,0.055,0.061,19,ready,9
2026-10-08 22:59:48.405,34.49,20261008_225913,gg,rest,,,,,100.0,27.9,1,,,,0,37.82,0.055,0.057,19,ready,9
2026-10-08 22:59:48.619,34.7,20261008_225913,gg,rest,,,,,100.0,27.9,1,,,,0,37.82,0.051,0.054,19,ready,9
2026-10-08 22:59:48.824,34.91,20261008_225913,gg,rest,,,,,100.0,29.9,1,,,,0,37.82,0.051,0.051,19,ready,9
2026-10-08 22:59:49.031,35.11,20261008_225913,gg,rest,,,,,100.0,29.9,1,,,,0,37.82,0.049,0.048,19,ready,9
2026-10-08 22:59:49.230,35.31,20261008_225913,gg,rest,,,,,100.0,29.9,1,,,,0,37.82,0.046,0.048,19,ready,9
2026-10-08 22:59:49.444,35.53,20261008_225913,gg,rest,,,,,101.8,40.8,1,,,,0,37.82,0.043,0.046,19,ready,9
2026-10-08 22:59:49.650,35.73,20261008_225913,gg,rest,,,,,101.8,40.8,1,,,,0,37.82,0.046,0.043,19,ready,9
2026-10-08 22:59:49.851,35.93,20261008_225913,gg,rest,,,,,106.3,59.8,1,,,,0,37.83,0.059,0.059,19,ready,9
2026-10-08 22:59:50.059,36.14,20261008_225913,gg,rest,,,,,106.3,59.8,1,,,,0,37.83,0.067,0.058,19,ready,9
2026-10-08 22:59:50.267,36.35,20261008_225913,gg,rest,,,,,106.3,59.8,1,,,,0,37.83,0.071,0.067,20,ready,9
2026-10-08 22:59:50.474,36.56,20261008_225913,gg,rest,,,,,106.3,59.8,1,,,,0,37.84,0.07,0.074,20,ready,9
2026-10-08 22:59:50.679,36.76,20261008_225913,gg,rest,,,,,106.3,59.8,1,,,,0,37.84,0.08,0.12,20,ready,9
2026-10-08 22:59:50.880,36.96,20261008_225913,gg,rest,,,,,106.3,59.8,1,,,,0,37.83,0.09,0.121,20,ready,9
2026-10-08 22:59:51.102,37.18,20261008_225913,gg,rest,,,,,100.0,59.8,1,,,,0,37.84,0.092,0.122,20,ready,9
2026-10-08 22:59:51.298,37.38,20261008_225913,gg,rest,,,,,100.0,59.8,1,,,,0,37.84,0.086,0.119,20,ready,9
2026-10-08 22:59:51.496,37.58,20261008_225913,gg,rest,,,,,100.0,59.8,1,,,,0,37.84,0.08,0.109,20,ready,9
2026-10-08 22:59:51.697,37.78,20261008_225913,gg,rest,,,,,106.5,59.6,1,,,,0,37.84,0.076,0.101,20,ready,9
2026-10-08 22:59:51.901,37.98,20261008_225913,gg,rest,,,,,106.5,59.6,1,,,,0,37.84,0.07,0.092,20,ready,9
2026-10-08 22:59:52.125,38.21,20261008_225913,gg,rest,,,,,106.5,59.6,1,,,,0,37.84,0.078,0.09,20,ready,9
2026-10-08 22:59:52.315,38.4,20261008_225913,gg,rest,,,,,106.5,56.7,1,,,,0,37.85,0.074,0.091,20,ready,9
2026-10-08 22:59:52.518,38.6,20261008_225913,gg,rest,,,,,106.5,56.7,1,,,,0,37.85,0.069,0.086,20,ready,9
2026-10-08 22:59:52.725,38.81,20261008_225913,gg,rest,,,,,106.5,56.7,1,,,,0,37.85,0.064,0.079,20,ready,9
2026-10-08 22:59:52.928,39.01,20261008_225913,gg,rest,,,,,102.2,54.6,1,,,,0,37.85,0.059,0.072,20,ready,9
2026-10-08 22:59:53.142,39.22,20261008_225913,gg,rest,,,,,102.2,54.6,1,,,,0,37.86,0.054,0.067,20,ready,9
2026-10-08 22:59:53.340,39.42,20261008_225913,gg,rest,,,,,102.2,54.6,1,,,,0,37.86,0.05,0.061,20,ready,9
2026-10-08 22:59:53.547,39.63,20261008_225913,gg,rest,,,,,97.8,54.6,1,,,,0,37.86,0.046,0.059,20,ready,9
2026-10-08 22:59:53.761,39.84,20261008_225913,gg,rest,,,,,97.8,54.6,1,,,,0,37.86,0.043,0.055,19,ready,9
2026-10-08 22:59:53.959,40.04,20261008_225913,gg,rest,,,,,97.8,54.6,1,,,,0,37.87,0.041,0.053,19,ready,9
2026-10-08 22:59:54.168,40.25,20261008_225913,gg,rest,,,,,102.2,54.5,1,,,,0,37.87,0.04,0.049,19,ready,9
2026-10-08 22:59:54.375,40.46,20261008_225913,gg,rest,,,,,102.2,54.5,1,,,,0,37.87,0.037,0.045,19,ready,9
2026-10-08 22:59:54.580,40.66,20261008_225913,gg,rest,,,,,102.2,69.8,1,,,,0,37.87,0.035,0.041,19,ready,9
2026-10-08 22:59:54.789,40.87,20261008_225913,gg,rest,,,,,102.2,69.8,1,,,,0,37.87,0.032,0.037,19,ready,9
2026-10-08 22:59:54.997,41.08,20261008_225913,gg,rest,,,,,102.2,69.8,1,,,,0,37.85,0.03,0.034,19,ready,9
2026-10-08 22:59:55.207,41.29,20261008_225913,gg,rest,,,,,102.2,69.8,1,,,,0,37.86,0.029,0.031,19,ready,9
2026-10-08 22:59:55.414,41.5,20261008_225913,gg,rest,,,,,102.2,69.8,1,,,,0,37.86,0.028,0.029,19,ready,9
2026-10-08 22:59:57.532,43.61,20261008_225913,gg,rest,,,,,131.3,82.7,1,,,,0,37.86,0.048,0.053,23,ready,8
2026-10-08 22:59:57.727,43.81,20261008_225913,gg,rest,,,,,131.3,85.1,1,,,,0,37.86,0.074,0.061,24,ready,8
2026-10-08 22:59:57.932,44.01,20261008_225913,gg,rest,,,,,131.3,85.1,1,,,,0,37.86,0.087,0.069,25,ready,8
2026-10-08 22:59:58.139,44.22,20261008_225913,gg,rest,,,,,131.3,105.4,1,,,,0,37.87,0.09,0.066,26,ready,8
2026-10-08 22:59:58.351,44.43,20261008_225913,gg,rest,,,,,131.3,105.4,1,,,,0,37.87,0.086,0.067,27,ready,8
2026-10-08 22:59:58.549,44.63,20261008_225913,gg,rest,,,,,131.3,105.4,1,,,,0,37.87,0.08,0.061,27,ready,8
2026-10-08 22:59:58.758,44.84,20261008_225913,gg,rest,,,,,131.3,105.4,1,,,,0,37.87,0.077,0.057,28,ready,8
2026-10-08 22:59:58.985,45.07,20261008_225913,gg,rest,,,,,131.3,105.4,1,,,,0,37.88,0.089,0.074,28,ready,8
2026-10-08 22:59:59.169,45.25,20261008_225913,gg,rest,,,,,113.0,111.5,1,,,,0,37.87,0.101,0.084,27,ready,8
2026-10-08 22:59:59.377,45.46,20261008_225913,gg,rest,,,,,113.0,111.5,1,,,,0,37.87,0.098,0.082,27,ready,8
2026-10-08 22:59:59.582,45.66,20261008_225913,gg,rest,,,,,113.0,111.5,1,,,,0,37.88,0.094,0.086,26,ready,8
2026-10-08 22:59:59.788,45.87,20261008_225913,gg,rest,,,,,113.0,111.5,1,,,,0,37.88,0.096,0.079,26,ready,9
2026-10-08 23:00:00.001,46.08,20261008_225913,gg,rest,,,,,113.0,111.5,1,,,,0,37.88,0.092,0.083,25,ready,9
2026-10-08 23:00:00.207,46.29,20261008_225913,gg,rest,,,,,113.0,111.5,1,,,,0,37.88,0.088,0.08,25,ready,9
2026-10-08 23:00:00.416,46.5,20261008_225913,gg,rest,,,,,105.1,111.6,1,,,,0,37.89,0.081,0.075,24,ready,9
2026-10-08 23:00:00.621,46.7,20261008_225913,gg,rest,,,,,105.1,111.6,1,,,,0,37.88,0.084,0.075,23,ready,9
2026-10-08 23:00:00.828,46.91,20261008_225913,gg,rest,,,,,105.1,111.6,1,,,,0,37.88,0.086,0.078,23,ready,8
2026-10-08 23:00:01.063,47.15,20261008_225913,gg,rest,,,,,104.5,111.3,1,,,,0,37.89,0.082,0.072,22,ready,8
2026-10-08 23:00:01.241,47.32,20261008_225913,gg,rest,,,,,104.5,111.3,1,,,,0,37.89,0.082,0.083,22,ready,8
2026-10-08 23:00:01.448,47.53,20261008_225913,gg,rest,,,,,104.5,111.3,1,,,,0,37.89,0.113,0.122,22,ready,8
2026-10-08 23:00:01.648,47.73,20261008_225913,gg,rest,,,,,104.5,111.3,1,,,,0,37.9,0.115,0.117,22,ready,8
2026-10-08 23:00:01.853,47.94,20261008_225913,gg,rest,,,,,104.5,111.3,1,,,,0,37.9,0.132,0.126,22,ready,8
2026-10-08 23:00:02.057,48.14,20261008_225913,gg,rest,,,,,104.5,111.3,1,,,,0,37.9,0.124,0.131,22,ready,9
2026-10-08 23:00:02.266,48.35,20261008_225913,gg,rest,,,,,104.5,111.3,1,,,,0,37.9,0.135,0.169,22,ready,9
2026-10-08 23:00:02.471,48.55,20261008_225913,gg,rest,,,,,104.5,111.3,1,,,,0,37.9,0.195,0.229,22,ready,9
2026-10-08 23:00:02.678,48.76,20261008_225913,gg,rest,,,,,104.5,106.5,1,,,,0,37.91,0.265,0.285,22,ready,9
2026-10-08 23:00:02.886,48.97,20261008_225913,gg,rest,,,,,104.5,106.5,1,,,,0,37.91,0.252,0.297,22,ready,9
2026-10-08 23:00:03.095,49.18,20261008_225913,gg,rest,,,,,104.5,106.5,1,,,,0,37.91,0.231,0.281,22,ready,8
2026-10-08 23:00:03.296,49.38,20261008_225913,gg,rest,,,,,104.5,102.0,1,,,,0,37.91,0.214,0.262,23,ready,9
2026-10-08 23:00:03.501,49.58,20261008_225913,gg,rest,,,,,104.5,102.0,1,,,,0,37.91,0.189,0.222,23,ready,9
2026-10-08 23:00:03.715,49.8,20261008_225913,gg,rest,,,,,104.5,100.2,1,,,,0,37.91,0.183,0.203,22,ready,9
2026-10-08 23:00:03.925,50.01,20261008_225913,gg,rest,,,,,104.5,100.2,1,,,,0,37.92,0.2,0.236,22,ready,9
2026-10-08 23:00:04.118,50.2,20261008_225913,gg,rest,,,,,104.5,100.2,1,,,,0,37.92,0.197,0.262,22,ready,9
2026-10-08 23:00:04.322,50.4,20261008_225913,gg,rest,,,,,104.5,96.7,1,,,,0,37.92,0.185,0.253,22,ready,9
2026-10-08 23:00:04.527,50.61,20261008_225913,gg,rest,,,,,104.5,96.7,1,,,,0,37.92,0.173,0.234,22,ready,9
2026-10-08 23:00:04.737,50.82,20261008_225913,gg,rest,,,,,104.5,96.7,1,,,,0,37.93,0.16,0.214,22,ready,9
2026-10-08 23:00:04.941,51.02,20261008_225913,gg,rest,,,,,104.5,96.7,1,,,,0,37.91,0.148,0.201,22,ready,9
2026-10-08 23:00:05.151,51.23,20261008_225913,gg,rest,,,,,104.5,96.7,1,,,,0,37.91,0.14,0.187,22,ready,9
2026-10-08 23:00:05.406,51.49,20261008_225913,gg,rest,,,,,104.5,96.7,1,,,,0,37.91,0.134,0.173,22,ready,9
2026-10-08 23:00:05.563,51.65,20261008_225913,gg,rest,,,,,104.5,96.7,1,,,,0,37.91,0.123,0.163,22,ready,9
2026-10-08 23:00:05.769,51.85,20261008_225913,gg,rest,,,,,104.5,96.7,1,,,,0,37.92,0.112,0.151,22,ready,9
2026-10-08 23:00:05.979,52.06,20261008_225913,gg,rest,,,,,104.5,96.7,1,,,,0,37.92,0.108,0.139,21,ready,9
2026-10-08 23:00:06.182,52.26,20261008_225913,gg,rest,,,,,104.5,96.7,1,,,,0,37.92,0.137,0.174,21,ready,9
2026-10-08 23:00:06.390,52.47,20261008_225913,gg,rest,,,,,104.5,96.7,1,,,,0,37.92,0.144,0.199,21,ready,9
2026-10-08 23:00:06.596,52.68,20261008_225913,gg,rest,,,,,104.5,96.7,1,,,,0,37.92,0.14,0.207,21,ready,9
2026-10-08 23:00:06.844,52.93,20261008_225913,gg,rest,,,,,104.5,96.7,1,,,,0,37.93,0.14,0.194,21,ready,9
2026-10-08 23:00:07.013,53.1,20261008_225913,gg,rest,,,,,104.5,96.7,1,,,,0,37.93,0.138,0.179,21,ready,9
2026-10-08 23:00:07.218,53.3,20261008_225913,gg,rest,,,,,,,1,,,,0,37.93,0.137,0.184,21,ready,9
2026-10-08 23:00:07.423,53.51,20261008_225913,gg,rest,,,,,,,1,,,,0,37.93,0.145,0.177,21,ready,9
2026-10-08 23:00:07.628,53.71,20261008_225913,gg,rest,,,,,,,1,,,,0,37.93,0.139,0.171,20,ready,9
2026-10-08 23:00:07.836,53.92,20261008_225913,gg,rest,,,,,,,1,,,,0,37.93,0.129,0.211,20,ready,9
2026-10-08 23:00:08.036,54.12,20261008_225913,gg,rest,,,,,,,1,,,,0,37.93,0.12,0.272,20,ready,9
2026-10-08 23:00:08.244,54.33,20261008_225913,gg,rest,,,,,,,1,,,,0,37.93,0.115,0.267,19,ready,9
2026-10-08 23:00:08.448,54.53,20261008_225913,gg,rest,,,,,,,1,,,,0,37.93,0.145,0.29,19,ready,9
2026-10-08 23:00:08.657,54.74,20261008_225913,gg,rest,,,,,69.2,,1,,,,0,37.93,0.193,0.37,18,ready,9
2026-10-08 23:00:08.857,54.94,20261008_225913,gg,rest,,,,,69.2,,1,,,,0,37.93,0.412,0.367,18,ready,9
2026-10-08 23:00:09.071,55.15,20261008_225913,gg,rest,,,,,118.5,,1,,,,0,37.93,0.456,0.342,21,ready,9
2026-10-08 23:00:09.271,55.35,20261008_225913,gg,rest,,,,,118.5,,1,,,,0,37.95,0.499,0.329,23,ready,9
2026-10-08 23:00:09.478,55.56,20261008_225913,gg,rest,,,,,118.5,,1,,,,0,37.93,0.477,0.346,25,ready,9
2026-10-08 23:00:09.685,55.77,20261008_225913,gg,rest,,,,,113.2,,1,,,,0,37.94,0.45,0.328,26,ready,9
2026-10-08 23:00:09.896,55.98,20261008_225913,gg,rest,,,,,113.2,,1,,,,0,37.94,0.411,0.307,27,ready,9
2026-10-08 23:00:10.095,56.18,20261008_225913,gg,rest,,,,,113.2,,1,,,,0,37.94,0.374,0.283,27,ready,9
2026-10-08 23:00:10.296,56.38,20261008_225913,gg,rest,,,,,113.2,,1,,,,0,37.94,0.34,0.261,28,ready,9
2026-10-08 23:00:10.496,56.58,20261008_225913,gg,rest,,,,,113.2,,1,,,,0,37.94,0.309,0.237,28,ready,9
2026-10-08 23:00:10.729,56.81,20261008_225913,gg,rest,,,,,113.2,,1,,,,0,37.94,0.259,0.196,27,ready,9
2026-10-08 23:00:10.934,57.02,20261008_225913,gg,rest,,,,,113.2,,1,,,,0,37.94,0.239,0.18,27,ready,9
2026-10-08 23:00:11.111,57.19,20261008_225913,gg,rest,,,,,118.5,,1,,,,0,37.95,0.218,0.164,27,ready,9
2026-10-08 23:00:11.344,57.43,20261008_225913,gg,rest,,,,,118.5,,1,,,,0,37.94,0.198,0.15,27,ready,9
2026-10-08 23:00:11.521,57.6,20261008_225913,gg,rest,,,,,118.5,,1,,,,0,37.95,0.181,0.137,27,ready,9
2026-10-08 23:00:11.756,57.84,20261008_225913,gg,rest,,,,,118.5,655.2,1,,,,0,37.94,0.165,0.125,27,ready,9
2026-10-08 23:00:11.932,58.01,20261008_225913,gg,rest,,,,,118.5,655.2,1,,,,0,37.94,0.151,0.115,27,ready,9
2026-10-08 23:00:12.163,58.25,20261008_225913,gg,rest,,,,,118.5,655.2,1,,,,0,37.94,0.139,0.109,27,ready,9
2026-10-08 23:00:12.340,58.42,20261008_225913,gg,rest,,,,,118.5,655.2,1,,,,0,37.94,0.14,0.103,27,ready,9
2026-10-08 23:00:12.545,58.63,20261008_225913,gg,rest,,,,,118.5,655.2,1,,,,0,37.95,0.138,0.097,27,ready,9
2026-10-08 23:00:12.750,58.83,20261008_225913,gg,rest,,,,,118.5,655.2,1,,,,0,37.95,0.128,0.089,27,ready,9
2026-10-08 23:00:12.957,59.04,20261008_225913,gg,rest,,,,,118.5,655.2,1,,,,0,37.95,0.118,0.082,26,ready,9
2026-10-08 23:00:13.194,59.28,20261008_225913,gg,rest,,,,,118.5,655.2,1,,,,0,37.96,0.11,0.08,26,ready,9
2026-10-08 23:00:13.366,59.45,20261008_225913,gg,rest,,,,,,,1,,,,0,37.95,0.101,0.073,24,ready,9
2026-10-08 23:00:13.571,59.65,20261008_225913,gg,rest,,,,,,,1,,,,0,37.91,0.096,0.073,23,ready,9
2026-10-08 23:00:13.778,59.86,20261008_225913,gg,rest,,,,,94.2,,1,,,,0,37.92,0.093,0.074,22,ready,9
2026-10-08 23:00:13.987,60.07,20261008_225913,gg,rest,,,,,94.2,,1,,,,0,37.91,0.101,0.074,21,ready,9
2026-10-08 23:00:14.199,60.28,20261008_225913,gg,rest,,,,,122.9,,1,,,,0,37.91,0.128,0.114,22,ready,9
2026-10-08 23:00:14.397,60.48,20261008_225913,gg,rest,,,,,122.9,,1,,,,0,37.91,0.129,0.126,23,ready,9
2026-10-08 23:00:14.596,60.68,20261008_225913,gg,rest,,,,,122.9,,1,,,,0,37.92,0.127,0.146,24,ready,9
2026-10-08 23:00:14.796,60.88,20261008_225913,gg,rest,,,,,122.9,,1,,,,0,37.93,0.165,0.186,25,ready,9
2026-10-08 23:00:14.997,61.08,20261008_225913,gg,rest,,,,,129.0,,1,,,,0,37.94,0.169,0.189,26,ready,9
2026-10-08 23:00:15.197,61.28,20261008_225913,gg,rest,,,,,129.0,,1,,,,0,37.91,0.161,0.173,27,ready,9
2026-10-08 23:00:15.441,61.52,20261008_225913,gg,rest,,,,,135.8,,1,,,,0,37.91,0.154,0.159,28,ready,9
2026-10-08 23:00:15.614,61.7,20261008_225913,gg,rest,,,,,135.8,,1,,,,0,37.92,0.149,0.151,29,ready,9
2026-10-08 23:00:15.817,61.9,20261008_225913,gg,rest,,,,,150.4,197.0,1,,,,0,37.93,0.147,0.139,31,ready,9
2026-10-08 23:00:16.027,62.11,20261008_225913,gg,rest,,,,,150.6,179.3,1,,,,0,37.93,0.144,0.129,32,ready,9
2026-10-08 23:00:16.231,62.31,20261008_225913,gg,rest,,,,,150.6,179.3,1,,,,0,37.94,0.137,0.122,34,ready,9
2026-10-08 23:00:16.438,62.52,20261008_225913,gg,rest,,,,,150.6,179.3,1,,,,0,37.94,0.151,0.131,35,ready,9
2026-10-08 23:00:16.649,62.73,20261008_225913,gg,rest,,,,,150.6,179.3,1,,,,0,37.94,0.149,0.121,36,ready,9
2026-10-08 23:00:16.856,62.94,20261008_225913,gg,rest,,,,,150.6,179.3,1,,,,0,37.95,0.145,0.151,36,ready,9
2026-10-08 23:00:17.081,63.16,20261008_225913,gg,rest,,,,,150.6,179.3,1,,,,0,37.95,0.149,0.16,37,ready,9
2026-10-08 23:00:17.267,63.35,20261008_225913,gg,rest,,,,,150.6,179.3,1,,,,0,37.95,0.139,0.148,37,ready,9
2026-10-08 23:00:17.477,63.56,20261008_225913,gg,rest,,,,,150.6,179.3,1,,,,0,37.95,0.134,0.155,38,ready,9
2026-10-08 23:00:17.682,63.76,20261008_225913,gg,rest,,,,,150.6,179.3,1,,,,0,37.96,0.154,0.162,38,ready,9
2026-10-08 23:00:17.901,63.98,20261008_225913,gg,rest,,,,,150.6,179.3,1,,,,0,37.88,0.18,0.179,38,ready,9
2026-10-08 23:00:18.103,64.19,20261008_225913,gg,rest,,,,,150.6,179.3,1,,,,0,37.9,0.157,0.154,39,ready,9
2026-10-08 23:00:18.301,64.38,20261008_225913,gg,rest,,,,,,,1,,,,0,37.91,0.147,0.14,35,ready,9
2026-10-08 23:00:18.516,64.6,20261008_225913,gg,rest,,,,,,,1,,,,0,37.92,0.138,0.129,32,ready,9
2026-10-08 23:00:18.716,64.8,20261008_225913,gg,rest,,,,,106.3,,1,,,,0,37.92,0.148,0.128,31,ready,9
2026-10-08 23:00:18.917,65.0,20261008_225913,gg,rest,,,,,106.3,,1,,,,0,37.93,0.144,0.116,29,ready,9
2026-10-08 23:00:19.121,65.2,20261008_225913,gg,rest,,,,,106.3,,1,,,,0,37.93,0.142,0.145,28,ready,9
2026-10-08 23:00:19.327,65.41,20261008_225913,gg,rest,,,,,106.3,,1,,,,0,37.94,0.136,0.207,27,ready,9
2026-10-08 23:00:19.609,65.69,20261008_225913,gg,rest,,,,,106.3,,1,,,,0,37.94,0.145,0.243,26,ready,9
2026-10-08 23:00:19.737,65.82,20261008_225913,gg,rest,,,,,80.9,,1,,,,0,37.95,0.163,0.265,24,ready,9
2026-10-08 23:00:19.941,66.02,20261008_225913,gg,rest,,,,,80.9,,1,,,,0,37.95,0.155,0.255,22,ready,9
2026-10-08 23:00:20.150,66.23,20261008_225913,gg,rest,,,,,80.9,,1,,,,0,37.95,0.145,0.233,21,ready,9
2026-10-08 23:00:20.351,66.43,20261008_225913,gg,rest,,,,,80.9,,1,,,,0,37.96,0.136,0.239,20,ready,9
2026-10-08 23:00:20.559,66.64,20261008_225913,gg,rest,,,,,80.9,,1,,,,0,37.96,0.142,0.248,19,ready,9
2026-10-08 23:00:20.763,66.85,20261008_225913,gg,rest,,,,,80.9,,1,,,,0,37.96,0.253,0.357,19,ready,9
2026-10-08 23:00:20.968,67.05,20261008_225913,gg,rest,,,,,80.9,,1,,,,0,37.96,0.323,0.422,18,ready,9
2026-10-08 23:00:21.167,67.25,20261008_225913,gg,rest,,,,,80.9,,1,,,,0,37.96,0.329,0.388,18,ready,9
2026-10-08 23:00:21.380,67.46,20261008_225913,gg,rest,,,,,80.9,,1,,,,0,37.97,0.313,0.353,18,ready,9
2026-10-08 23:00:21.577,67.66,20261008_225913,gg,rest,,,,,80.9,,1,,,,0,37.97,0.296,0.321,18,ready,9
2026-10-08 23:00:21.791,67.87,20261008_225913,gg,rest,,,,,84.5,,1,,,,0,37.97,0.27,0.293,18,ready,9
2026-10-08 23:00:22.000,68.08,20261008_225913,gg,rest,,,,,84.5,,1,,,,0,37.97,0.245,0.273,18,ready,9
2026-10-08 23:00:22.201,68.28,20261008_225913,gg,rest,,,,,84.5,,1,,,,0,37.97,0.225,0.249,18,ready,9
2026-10-08 23:00:22.406,68.49,20261008_225913,gg,rest,,,,,84.5,,1,,,,0,37.97,0.204,0.226,18,ready,9
2026-10-08 23:00:22.617,68.7,20261008_225913,gg,rest,,,,,84.5,,1,,,,0,37.98,0.187,0.205,17,ready,9
2026-10-08 23:00:22.818,68.9,20261008_225913,gg,rest,,,,,84.5,,1,,,,0,37.98,0.174,0.186,17,ready,9
2026-10-08 23:00:23.029,69.11,20261008_225913,gg,rest,,,,,84.5,,1,,,,0,37.98,0.162,0.169,17,ready,9
2026-10-08 23:00:23.235,69.32,20261008_225913,gg,rest,,,,,84.5,,1,,,,0,37.98,0.148,0.153,17,ready,9
2026-10-08 23:00:23.444,69.53,20261008_225913,gg,rest,,,,,84.5,,1,,,,0,37.98,0.135,0.139,17,ready,9
2026-10-08 23:00:23.647,69.73,20261008_225913,gg,rest,,,,,84.5,,1,,,,0,37.98,0.122,0.126,16,ready,9
2026-10-08 23:00:23.857,69.94,20261008_225913,gg,rest,,,,,84.5,,1,,,,0,37.98,0.111,0.114,16,ready,9
2026-10-08 23:00:24.062,70.14,20261008_225913,gg,rest,,,,,84.5,,1,,,,0,37.98,0.1,0.103,16,ready,9
2026-10-08 23:00:24.267,70.35,20261008_225913,gg,rest,,,,,84.5,,1,,,,0,37.98,0.091,0.094,16,ready,9
2026-10-08 23:00:24.479,70.56,20261008_225913,gg,rest,,,,,84.5,,1,,,,0,37.99,0.084,0.085,16,ready,9
2026-10-08 23:00:24.681,70.76,20261008_225913,gg,rest,,,,,84.5,,1,,,,0,37.99,0.077,0.078,16,ready,9
2026-10-08 23:00:24.889,70.97,20261008_225913,gg,rest,,,,,84.5,,1,,,,0,37.99,0.07,0.071,15,ready,9
2026-10-08 23:00:25.097,71.18,20261008_225913,gg,rest,,,,,84.5,,1,,,,0,37.99,0.063,0.059,15,ready,9
2026-10-08 23:00:25.300,71.38,20261008_225913,gg,rest,,,,,84.5,,1,,,,0,37.99,0.058,0.053,15,ready,9
2026-10-08 23:00:25.505,71.59,20261008_225913,gg,rest,,,,,88.5,,1,,,,0,37.99,0.056,0.049,15,ready,9
2026-10-08 23:00:25.712,71.79,20261008_225913,gg,rest,,,,,88.5,,1,,,,0,37.99,0.054,0.045,15,ready,9
2026-10-08 23:00:25.915,72.0,20261008_225913,gg,rest,,,,,88.5,,1,,,,0,37.99,0.053,0.041,15,ready,9
2026-10-08 23:00:26.123,72.2,20261008_225913,gg,rest,,,,,96.0,,1,,,,0,37.99,0.052,0.038,16,ready,9
2026-10-08 23:00:26.326,72.41,20261008_225913,gg,rest,,,,,96.0,,1,,,,0,37.99,0.05,0.035,16,ready,9
2026-10-08 23:00:26.602,72.68,20261008_225913,gg,rest,,,,,96.0,,1,,,,0,37.99,0.046,0.032,16,ready,9
2026-10-08 23:00:26.743,72.83,20261008_225913,gg,rest,,,,,96.0,353.3,1,,,,0,38.0,0.043,0.029,16,ready,9
2026-10-08 23:00:26.954,73.04,20261008_225913,gg,rest,,,,,96.0,353.3,1,,,,0,38.0,0.04,0.026,17,ready,9
2026-10-08 23:00:27.168,73.25,20261008_225913,gg,rest,,,,,96.0,353.3,1,,,,0,38.0,0.041,0.024,17,ready,9
2026-10-08 23:00:27.357,73.44,20261008_225913,gg,rest,,,,,105.0,316.4,1,,,,0,38.0,0.04,0.022,17,ready,9
2026-10-08 23:00:27.566,73.65,20261008_225913,gg,rest,,,,,105.0,316.4,1,,,,0,38.0,0.04,0.02,18,ready,9
2026-10-08 23:00:27.772,73.85,20261008_225913,gg,rest,,,,,105.0,316.4,1,,,,0,38.0,0.043,0.021,18,ready,9
2026-10-08 23:00:27.976,74.06,20261008_225913,gg,rest,,,,,105.0,290.2,1,,,,0,38.0,0.044,0.02,18,ready,9
2026-10-08 23:00:28.181,74.26,20261008_225913,gg,rest,,,,,105.0,290.2,1,,,,0,38.0,0.042,0.019,19,ready,9
2026-10-08 23:00:28.399,74.48,20261008_225913,gg,rest,,,,,105.0,290.2,1,,,,0,38.0,0.042,0.018,19,ready,9
2026-10-08 23:00:28.599,74.68,20261008_225913,gg,rest,,,,,105.0,290.2,1,,,,0,38.0,0.039,0.016,19,ready,9
2026-10-08 23:00:28.797,74.88,20261008_225913,gg,rest,,,,,105.0,290.2,1,,,,0,38.0,0.038,0.016,19,ready,9
2026-10-08 23:00:29.005,75.09,20261008_225913,gg,rest,,,,,105.0,290.2,1,,,,0,38.0,0.041,0.02,19,ready,9
2026-10-08 23:00:29.209,75.29,20261008_225913,gg,rest,,,,,105.0,290.2,1,,,,0,38.0,0.04,0.021,19,ready,9
2026-10-08 23:00:29.416,75.5,20261008_225913,gg,rest,,,,,105.0,290.2,1,,,,0,38.0,0.039,0.019,19,ready,9
2026-10-08 23:00:29.620,75.7,20261008_225913,gg,rest,,,,,105.0,290.2,1,,,,0,38.01,0.039,0.018,20,ready,9
2026-10-08 23:00:29.829,75.91,20261008_225913,gg,rest,,,,,105.0,290.2,1,,,,0,38.01,0.042,0.018,20,ready,9
2026-10-08 23:00:30.036,76.12,20261008_225913,gg,rest,,,,,105.0,290.2,1,,,,0,38.01,0.041,0.017,20,ready,9
2026-10-08 23:00:30.240,76.32,20261008_225913,gg,rest,,,,,105.0,290.2,1,,,,0,38.01,0.039,0.016,20,ready,9
2026-10-08 23:00:30.447,76.53,20261008_225913,gg,rest,,,,,105.0,290.2,1,,,,0,38.01,0.036,0.015,20,ready,9
2026-10-08 23:00:30.657,76.74,20261008_225913,gg,rest,,,,,105.0,290.2,1,,,,0,38.02,0.04,0.014,20,ready,9
2026-10-08 23:00:30.861,76.94,20261008_225913,gg,rest,,,,,109.3,269.3,1,,,,0,38.02,0.04,0.014,20,ready,9
2026-10-08 23:00:31.067,77.15,20261008_225913,gg,rest,,,,,109.3,269.3,1,,,,0,38.02,0.042,0.013,20,ready,9
2026-10-08 23:00:31.275,77.36,20261008_225913,gg,rest,,,,,109.3,269.3,1,,,,0,38.02,0.041,0.013,20,ready,9
2026-10-08 23:00:31.482,77.56,20261008_225913,gg,rest,,,,,101.7,234.1,1,,,,0,38.02,0.04,0.012,20,ready,9
2026-10-08 23:00:31.687,77.77,20261008_225913,gg,rest,,,,,101.7,234.1,1,,,,0,38.02,0.04,0.011,20,ready,9
2026-10-08 23:00:31.895,77.98,20261008_225913,gg,rest,,,,,103.2,49.5,1,,,,0,38.01,0.039,0.011,20,ready,9
2026-10-08 23:00:32.101,78.18,20261008_225913,gg,rest,,,,,103.2,49.5,1,,,,0,38.01,0.041,0.011,20,ready,9
2026-10-08 23:00:32.305,78.39,20261008_225913,gg,rest,,,,,103.2,49.5,1,,,,0,38.01,0.041,0.01,19,ready,9
2026-10-08 23:00:32.512,78.59,20261008_225913,gg,rest,,,,,101.7,46.6,1,,,,0,38.01,0.04,0.01,19,ready,9
2026-10-08 23:00:32.715,78.8,20261008_225913,gg,rest,,,,,101.7,46.6,1,,,,0,38.02,0.042,0.011,19,ready,9
2026-10-08 23:00:32.920,79.0,20261008_225913,gg,rest,,,,,101.7,46.6,1,,,,0,38.02,0.042,0.012,19,ready,9
2026-10-08 23:00:33.128,79.21,20261008_225913,gg,rest,,,,,101.7,43.9,1,,,,0,38.02,0.043,0.012,19,ready,9
2026-10-08 23:00:33.330,79.41,20261008_225913,gg,rest,,,,,101.7,43.9,1,,,,0,38.02,0.04,0.012,19,ready,9
2026-10-08 23:00:33.539,79.62,20261008_225913,gg,rest,,,,,101.7,43.9,1,,,,0,38.01,0.037,0.014,19,ready,9
2026-10-08 23:00:33.752,79.83,20261008_225913,gg,rest,,,,,101.7,43.9,1,,,,0,38.02,0.035,0.013,19,ready,9
2026-10-08 23:00:33.947,80.03,20261008_225913,gg,rest,,,,,101.7,43.9,1,,,,0,38.02,0.032,0.014,19,ready,9
2026-10-08 23:00:34.154,80.24,20261008_225913,gg,rest,,,,,101.7,43.9,1,,,,0,38.02,0.03,0.013,19,ready,9
2026-10-08 23:00:34.358,80.44,20261008_225913,gg,rest,,,,,101.7,43.9,1,,,,0,38.02,0.027,0.012,19,ready,9
2026-10-08 23:00:34.569,80.65,20261008_225913,gg,rest,,,,,101.7,43.9,1,,,,0,38.02,0.025,0.011,19,ready,9
2026-10-08 23:00:34.776,80.86,20261008_225913,gg,rest,,,,,,,1,,,,0,37.99,0.026,0.011,18,ready,9
2026-10-08 23:00:34.978,81.06,20261008_225913,gg,rest,,,,,,,1,,,,0,38.0,0.029,0.012,17,ready,9
2026-10-08 23:00:35.209,81.29,20261008_225913,gg,rest,,,,,,,1,,,,0,38.0,0.028,0.011,16,ready,9
2026-10-08 23:00:35.389,81.47,20261008_225913,gg,rest,,,,,,,1,,,,0,38.0,0.028,0.011,15,ready,9
2026-10-08 23:00:35.596,81.68,20261008_225913,gg,rest,,,,,102.1,,1,,,,0,38.01,0.028,0.01,16,ready,9
2026-10-08 23:00:35.807,81.89,20261008_225913,gg,rest,,,,,102.1,,1,,,,0,38.01,0.027,0.012,17,ready,9
2026-10-08 23:00:36.010,82.09,20261008_225913,gg,rest,,,,,102.1,,1,,,,0,38.01,0.029,0.017,17,ready,9
2026-10-08 23:00:36.218,82.3,20261008_225913,gg,rest,,,,,97.4,,1,,,,0,38.01,0.038,0.026,17,ready,9
2026-10-08 23:00:36.433,82.52,20261008_225913,gg,rest,,,,,97.4,,1,,,,0,38.02,0.049,0.029,17,ready,9
2026-10-08 23:00:36.630,82.71,20261008_225913,gg,rest,,,,,97.4,,1,,,,0,37.98,0.049,0.032,17,ready,9
2026-10-08 23:00:36.842,82.92,20261008_225913,gg,rest,,,,,109.7,,1,,,,0,37.99,0.047,0.039,18,ready,9
2026-10-08 23:00:37.049,83.13,20261008_225913,gg,rest,,,,,109.7,,1,,,,0,37.99,0.045,0.04,19,ready,9
2026-10-08 23:00:37.251,83.33,20261008_225913,gg,rest,,,,,109.7,,1,,,,0,37.99,0.045,0.045,19,ready,9
2026-10-08 23:00:37.459,83.54,20261008_225913,gg,rest,,,,,97.4,241.6,1,,,,0,37.99,0.043,0.043,19,ready,9
2026-10-08 23:00:37.661,83.74,20261008_225913,gg,rest,,,,,97.4,241.6,1,,,,0,38.0,0.041,0.039,19,ready,9
2026-10-08 23:00:37.866,83.95,20261008_225913,gg,rest,,,,,97.4,241.6,1,,,,0,38.01,0.039,0.036,18,ready,9
2026-10-08 23:00:38.075,84.16,20261008_225913,gg,rest,,,,,97.4,239.0,1,,,,0,38.0,0.037,0.035,18,ready,9
2026-10-08 23:00:38.281,84.36,20261008_225913,gg,rest,,,,,97.4,239.0,1,,,,0,38.0,0.034,0.032,18,ready,9
2026-10-08 23:00:38.498,84.58,20261008_225913,gg,rest,,,,,110.1,220.5,1,,,,0,38.0,0.032,0.029,19,ready,9
2026-10-08 23:00:38.699,84.78,20261008_225913,gg,rest,,,,,110.1,220.5,1,,,,0,38.02,0.03,0.026,19,ready,9
2026-10-08 23:00:38.994,85.08,20261008_225913,gg,rest,,,,,125.5,209.1,1,,,,0,38.02,0.026,0.022,22,ready,9
2026-10-08 23:00:39.107,85.19,20261008_225913,gg,rest,,,,,125.5,209.1,1,,,,0,38.01,0.024,0.02,22,ready,9
2026-10-08 23:00:39.308,85.39,20261008_225913,gg,rest,,,,,125.5,209.1,1,,,,0,38.02,0.023,0.018,23,ready,9
2026-10-08 23:00:39.519,85.6,20261008_225913,gg,rest,,,,,125.5,209.1,1,,,,0,38.02,0.024,0.017,24,ready,9
2026-10-08 23:00:39.721,85.8,20261008_225913,gg,rest,,,,,110.1,209.1,1,,,,0,38.03,0.025,0.015,23,ready,9
2026-10-08 23:00:39.928,86.01,20261008_225913,gg,rest,,,,,110.1,209.1,1,,,,0,38.04,0.023,0.014,23,ready,9
2026-10-08 23:00:40.136,86.22,20261008_225913,gg,rest,,,,,110.1,209.1,1,,,,0,38.04,0.024,0.014,22,ready,9
2026-10-08 23:00:40.342,86.42,20261008_225913,gg,rest,,,,,110.1,195.6,1,,,,0,38.04,0.025,0.013,22,ready,9
2026-10-08 23:00:40.551,86.63,20261008_225913,gg,rest,,,,,110.1,195.6,1,,,,0,38.05,0.027,0.012,22,ready,9
2026-10-08 23:00:40.765,86.85,20261008_225913,gg,rest,,,,,110.1,195.6,1,,,,0,38.05,0.031,0.012,22,ready,9
2026-10-08 23:00:40.966,87.05,20261008_225913,gg,rest,,,,,103.1,184.5,1,,,,0,38.05,0.03,0.011,21,ready,9
2026-10-08 23:00:41.171,87.25,20261008_225913,gg,rest,,,,,103.1,184.5,1,,,,0,38.05,0.028,0.011,21,ready,9
2026-10-08 23:00:41.377,87.46,20261008_225913,gg,rest,,,,,103.1,184.5,1,,,,0,38.05,0.028,0.011,21,ready,9
2026-10-08 23:00:41.588,87.67,20261008_225913,gg,rest,,,,,103.1,175.5,1,,,,0,38.05,0.028,0.01,20,ready,9
2026-10-08 23:00:41.795,87.88,20261008_225913,gg,rest,,,,,103.1,175.5,1,,,,0,38.06,0.026,0.009,20,ready,9
2026-10-08 23:00:42.002,88.08,20261008_225913,gg,rest,,,,,103.1,175.5,1,,,,0,38.06,0.024,0.009,20,ready,9
2026-10-08 23:00:42.208,88.29,20261008_225913,gg,rest,,,,,102.4,130.5,1,,,,0,38.06,0.023,0.008,20,ready,9
2026-10-08 23:00:42.409,88.49,20261008_225913,gg,rest,,,,,102.4,130.5,1,,,,0,38.06,0.023,0.008,20,ready,9
2026-10-08 23:00:42.609,88.69,20261008_225913,gg,rest,,,,,102.4,130.5,1,,,,0,38.06,0.022,0.008,19,ready,9
2026-10-08 23:00:42.815,88.9,20261008_225913,gg,rest,,,,,102.4,120.8,1,,,,0,38.07,0.021,0.007,19,ready,9
2026-10-08 23:00:43.020,89.1,20261008_225913,gg,rest,,,,,102.4,120.8,1,,,,0,38.07,0.021,0.007,19,ready,9
2026-10-08 23:00:43.228,89.31,20261008_225913,gg,rest,,,,,102.4,120.8,1,,,,0,38.08,0.024,0.007,19,ready,9
2026-10-08 23:00:43.436,89.52,20261008_225913,gg,rest,,,,,102.4,112.7,1,,,,0,38.06,0.027,0.007,19,ready,9
2026-10-08 23:00:43.640,89.72,20261008_225913,gg,rest,,,,,102.4,112.7,1,,,,0,38.06,0.027,0.007,19,ready,9
2026-10-08 23:00:43.850,89.93,20261008_225913,gg,rest,,,,,102.4,112.7,1,,,,0,38.06,0.026,0.007,19,ready,9
2026-10-08 23:00:44.058,90.14,20261008_225913,gg,rest,,,,,102.4,112.7,1,,,,0,38.07,0.048,0.042,19,ready,9
2026-10-08 23:00:44.267,90.35,20261008_225913,gg,rest,,,,,102.4,112.7,1,,,,0,38.07,0.101,0.062,19,ready,9
2026-10-08 23:00:44.475,90.56,20261008_225913,gg,rest,,,,,102.4,112.7,1,,,,0,38.07,0.116,0.06,19,ready,9
2026-10-08 23:00:44.685,90.77,20261008_225913,gg,rest,,,,,102.4,112.7,1,,,,0,38.08,0.113,0.057,20,ready,9
2026-10-08 23:00:44.889,90.97,20261008_225913,gg,rest,,,,,102.6,94.3,1,,,,0,38.08,0.109,0.058,20,ready,9
2026-10-08 23:00:45.095,91.18,20261008_225913,gg,rest,,,,,102.6,67.8,1,,,,0,38.09,0.096,0.057,20,ready,9
2026-10-08 23:00:45.317,91.4,20261008_225913,gg,rest,,,,,102.6,67.8,1,,,,0,38.1,0.088,0.052,20,ready,9
2026-10-08 23:00:45.506,91.59,20261008_225913,gg,rest,,,,,102.6,67.8,1,,,,0,38.1,0.08,0.047,20,ready,9
2026-10-08 23:00:45.713,91.79,20261008_225913,gg,rest,,,,,102.6,67.8,1,,,,0,38.1,0.381,0.082,21,ready,9
2026-10-08 23:00:45.955,92.04,20261008_225913,gg,rest,,,,,102.6,88.6,1,,,,0,38.1,0.554,0.274,22,ready,9
2026-10-08 23:00:46.123,92.21,20261008_225913,gg,rest,,,,,102.6,88.6,1,,,,0,38.11,0.538,0.271,24,ready,9
2026-10-08 23:00:46.327,92.41,20261008_225913,gg,rest,,,,,102.6,91.3,1,,,,0,38.11,0.493,0.251,24,ready,9
2026-10-08 23:00:46.533,92.61,20261008_225913,gg,rest,,,,,102.6,91.3,1,,,,0,38.12,0.448,0.228,25,ready,9
2026-10-08 23:00:46.737,92.82,20261008_225913,gg,rest,,,,,102.6,91.3,1,,,,0,38.13,0.405,0.207,25,ready,9
2026-10-08 23:00:46.941,93.02,20261008_225913,gg,rest,,,,,102.6,91.3,1,,,,0,38.13,0.367,0.187,25,ready,9
2026-10-08 23:00:47.146,93.23,20261008_225913,gg,rest,,,,,102.6,91.3,1,,,,0,38.13,0.332,0.169,25,ready,9
2026-10-08 23:00:47.351,93.43,20261008_225913,gg,rest,,,,,102.6,91.3,1,,,,0,38.13,0.301,0.153,25,ready,9
2026-10-08 23:00:47.557,93.64,20261008_225913,gg,rest,,,,,102.6,91.3,1,,,,0,38.15,0.272,0.139,24,ready,9
2026-10-08 23:00:47.769,93.85,20261008_225913,gg,rest,,,,,102.6,91.3,1,,,,0,38.12,0.246,0.126,24,ready,9
2026-10-08 23:00:47.971,94.05,20261008_225913,gg,rest,,,,,102.6,91.3,1,,,,0,38.13,0.223,0.114,24,ready,9
2026-10-08 23:00:48.176,94.26,20261008_225913,gg,rest,,,,,102.6,91.3,1,,,,0,38.13,0.202,0.103,24,ready,9
2026-10-08 23:00:48.422,94.5,20261008_225913,gg,rest,,,,,102.6,91.3,1,,,,0,38.13,0.183,0.093,23,ready,9
2026-10-08 23:00:48.591,94.67,20261008_225913,gg,rest,,,,,102.6,91.3,1,,,,0,38.14,0.166,0.085,23,ready,9
2026-10-08 23:00:48.790,94.87,20261008_225913,gg,rest,,,,,102.6,91.3,1,,,,0,38.14,0.15,0.077,23,ready,9
2026-10-08 23:00:48.996,95.08,20261008_225913,gg,rest,,,,,102.6,91.3,1,,,,0,38.14,0.136,0.069,22,ready,9
2026-10-08 23:00:49.205,95.29,20261008_225913,gg,rest,,,,,102.6,91.3,1,,,,0,38.15,0.124,0.063,22,ready,9
2026-10-08 23:00:49.408,95.49,20261008_225913,gg,rest,,,,,102.6,91.3,1,,,,0,38.16,0.112,0.057,22,ready,9
2026-10-08 23:00:49.616,95.7,20261008_225913,gg,rest,,,,,102.6,91.3,1,,,,0,38.16,0.102,0.052,21,ready,9
2026-10-08 23:00:49.824,95.91,20261008_225913,gg,rest,,,,,107.1,91.3,1,,,,0,38.16,0.093,0.047,21,ready,9
2026-10-08 23:00:50.034,96.12,20261008_225913,gg,rest,,,,,107.1,91.3,1,,,,0,38.17,0.084,0.042,21,ready,9
2026-10-08 23:00:50.241,96.32,20261008_225913,gg,rest,,,,,107.1,91.3,1,,,,0,38.17,0.076,0.039,21,ready,9
2026-10-08 23:00:50.445,96.53,20261008_225913,gg,rest,,,,,107.1,92.6,1,,,,0,38.17,0.07,0.035,21,ready,9
2026-10-08 23:00:50.656,96.74,20261008_225913,gg,rest,,,,,107.1,92.6,1,,,,0,38.18,0.065,0.032,21,ready,9
2026-10-08 23:00:50.858,96.94,20261008_225913,gg,rest,,,,,107.1,92.6,1,,,,0,38.18,0.059,0.029,21,ready,9
2026-10-08 23:00:51.065,97.15,20261008_225913,gg,rest,,,,,105.5,93.5,1,,,,0,38.18,0.053,0.026,21,ready,9
2026-10-08 23:00:51.270,97.35,20261008_225913,gg,rest,,,,,105.5,93.5,1,,,,0,38.18,0.049,0.024,21,ready,9
2026-10-08 23:00:51.478,97.56,20261008_225913,gg,rest,,,,,105.5,93.5,1,,,,0,38.18,0.045,0.022,21,ready,9
2026-10-08 23:00:51.687,97.77,20261008_225913,gg,rest,,,,,105.5,92.8,1,,,,0,38.18,0.042,0.02,21,ready,9
2026-10-08 23:00:53.758,99.84,20261008_225913,gg,rest,,,,,101.3,95.1,1,,,,0,38.16,0.022,0.01,19,ready,9
2026-10-08 23:00:53.963,100.05,20261008_225913,gg,rest,,,,,101.3,95.1,1,,,,0,38.17,0.028,0.02,19,ready,9
2026-10-08 23:00:54.169,100.25,20261008_225913,gg,rest,,,,,101.7,106.2,1,,,,0,38.17,0.031,0.021,19,ready,9
2026-10-08 23:00:54.377,100.46,20261008_225913,gg,rest,,,,,101.7,106.2,1,,,,0,38.18,0.035,0.036,19,ready,9
2026-10-08 23:00:54.589,100.67,20261008_225913,gg,rest,,,,,101.7,106.2,1,,,,0,38.18,0.033,0.038,19,ready,9
2026-10-08 23:00:54.863,100.95,20261008_225913,gg,rest,,,,,101.7,106.2,1,,,,0,38.18,0.046,0.04,19,ready,9
2026-10-08 23:00:54.997,101.08,20261008_225913,gg,rest,,,,,101.7,106.2,1,,,,0,38.19,0.049,0.041,19,ready,9
2026-10-08 23:00:55.205,101.29,20261008_225913,gg,rest,,,,,101.7,106.2,1,,,,0,38.19,0.052,0.039,19,ready,9
2026-10-08 23:00:55.410,101.49,20261008_225913,gg,rest,,,,,101.7,106.2,1,,,,0,38.2,0.05,0.036,19,ready,9
2026-10-08 23:00:55.616,101.7,20261008_225913,gg,rest,,,,,101.7,106.2,1,,,,0,38.2,0.048,0.033,19,ready,9
2026-10-08 23:00:55.825,101.91,20261008_225913,gg,rest,,,,,101.7,106.2,1,,,,0,38.2,0.044,0.03,19,ready,9
2026-10-08 23:00:56.030,102.11,20261008_225913,gg,rest,,,,,101.7,106.2,1,,,,0,38.21,0.042,0.028,19,ready,9
2026-10-08 23:00:56.235,102.32,20261008_225913,gg,rest,,,,,,,1,,,,0,38.21,0.039,0.025,18,ready,9
2026-10-08 23:00:56.445,102.53,20261008_225913,gg,rest,,,,,,,1,,,,0,38.21,0.036,0.023,17,ready,9
2026-10-08 23:00:56.651,102.73,20261008_225913,gg,rest,,,,,,,1,,,,0,38.21,0.033,0.021,16,ready,9
2026-10-08 23:00:56.852,102.93,20261008_225913,gg,rest,,,,,126.7,,1,,,,0,38.21,0.03,0.019,18,ready,9
2026-10-08 23:00:57.062,103.14,20261008_225913,gg,rest,,,,,126.7,,1,,,,0,38.21,0.028,0.017,20,ready,9
2026-10-08 23:00:57.265,103.35,20261008_225913,gg,rest,,,,,126.7,,1,,,,0,38.21,0.026,0.016,21,ready,9
2026-10-08 23:00:57.467,103.55,20261008_225913,gg,rest,,,,,103.0,,1,,,,0,38.23,0.027,0.015,21,ready,9
2026-10-08 23:00:57.671,103.75,20261008_225913,gg,rest,,,,,103.0,,1,,,,0,38.23,0.026,0.013,20,ready,9
2026-10-08 23:00:57.878,103.96,20261008_225913,gg,rest,,,,,103.0,,1,,,,0,38.23,0.025,0.013,20,ready,9
2026-10-08 23:00:58.081,104.16,20261008_225913,gg,rest,,,,,103.0,,1,,,,0,38.23,0.026,0.012,20,ready,9
2026-10-08 23:00:58.287,104.37,20261008_225913,gg,rest,,,,,103.0,,1,,,,0,38.23,0.028,0.018,20,ready,9
2026-10-08 23:00:58.498,104.58,20261008_225913,gg,rest,,,,,103.0,,1,,,,0,38.23,0.031,0.02,20,ready,9
2026-10-08 23:00:58.705,104.79,20261008_225913,gg,rest,,,,,103.0,,1,,,,0,38.23,0.035,0.02,20,ready,9
2026-10-08 23:00:58.918,105.0,20261008_225913,gg,rest,,,,,104.8,,1,,,,0,38.23,0.038,0.02,20,ready,9
2026-10-08 23:00:59.118,105.2,20261008_225913,gg,rest,,,,,104.8,,1,,,,0,38.23,0.037,0.02,20,ready,9
2026-10-08 23:00:59.334,105.42,20261008_225913,gg,rest,,,,,104.8,,1,,,,0,38.23,0.034,0.019,20,ready,9
2026-10-08 23:00:59.527,105.61,20261008_225913,gg,rest,,,,,104.8,,1,,,,0,38.23,0.033,0.018,20,ready,9
2026-10-08 23:00:59.735,105.82,20261008_225913,gg,rest,,,,,105.0,,1,,,,0,38.23,0.032,0.017,20,ready,9
2026-10-08 23:00:59.940,106.02,20261008_225913,gg,rest,,,,,105.0,,1,,,,0,38.24,0.031,0.017,20,ready,9
2026-10-08 23:01:00.195,106.28,20261008_225913,gg,rest,,,,,105.0,,1,,,,0,38.24,0.029,0.015,20,ready,9
2026-10-08 23:01:00.356,106.44,20261008_225913,gg,rest,,,,,105.0,,1,,,,0,38.24,0.029,0.014,20,ready,9
2026-10-08 23:01:00.560,106.64,20261008_225913,gg,rest,,,,,105.0,,1,,,,0,38.24,0.028,0.013,20,ready,9
2026-10-08 23:01:00.768,106.85,20261008_225913,gg,rest,,,,,105.0,,1,,,,0,38.24,0.026,0.013,20,ready,9
2026-10-08 23:01:00.975,107.06,20261008_225913,gg,rest,,,,,105.0,119.7,1,,,,0,38.24,0.026,0.014,20,ready,9
2026-10-08 23:01:01.180,107.26,20261008_225913,gg,rest,,,,,105.0,119.7,1,,,,0,38.24,0.026,0.014,20,ready,9
2026-10-08 23:01:01.389,107.47,20261008_225913,gg,rest,,,,,105.0,119.7,1,,,,0,38.24,0.04,0.021,20,ready,9
2026-10-08 23:01:01.591,107.67,20261008_225913,gg,rest,,,,,105.1,109.8,1,,,,0,38.24,0.06,0.023,20,ready,9
2026-10-08 23:01:01.789,107.87,20261008_225913,gg,rest,,,,,105.1,109.8,1,,,,0,38.2,0.066,0.028,20,ready,9
2026-10-08 23:01:01.988,108.07,20261008_225913,gg,rest,,,,,105.1,109.8,1,,,,0,38.21,0.064,0.026,20,ready,9
2026-10-08 23:01:02.188,108.27,20261008_225913,gg,rest,,,,,105.0,100.8,1,,,,0,38.21,0.062,0.029,20,ready,9
2026-10-08 23:01:02.441,108.52,20261008_225913,gg,rest,,,,,105.0,100.8,1,,,,0,38.22,0.058,0.028,20,ready,9
2026-10-08 23:01:02.592,108.67,20261008_225913,gg,rest,,,,,105.0,100.8,1,,,,0,38.22,0.054,0.028,20,ready,9
2026-10-08 23:01:02.797,108.88,20261008_225913,gg,rest,,,,,105.0,100.8,1,,,,0,38.23,0.05,0.026,20,ready,9
2026-10-08 23:01:03.010,109.09,20261008_225913,gg,rest,,,,,105.0,100.8,1,,,,0,38.23,0.046,0.024,20,ready,9
2026-10-08 23:01:03.211,109.29,20261008_225913,gg,rest,,,,,105.0,100.8,1,,,,0,38.23,0.042,0.022,20,ready,9
2026-10-08 23:01:03.416,109.5,20261008_225913,gg,rest,,,,,105.0,100.8,1,,,,0,38.23,0.039,0.02,20,ready,9
2026-10-08 23:01:03.626,109.71,20261008_225913,gg,rest,,,,,105.1,100.8,1,,,,0,38.24,0.037,0.019,20,ready,9
2026-10-08 23:01:03.825,109.91,20261008_225913,gg,rest,,,,,105.1,100.8,1,,,,0,38.23,0.034,0.017,20,ready,9
2026-10-08 23:01:04.081,110.16,20261008_225913,gg,rest,,,,,105.1,100.8,1,,,,0,38.24,0.031,0.015,20,ready,9
2026-10-08 23:01:04.284,110.37,20261008_225913,gg,rest,,,,,105.1,100.8,1,,,,0,38.24,0.029,0.014,20,ready,9
2026-10-08 23:01:04.446,110.53,20261008_225913,gg,rest,,,,,101.7,100.8,1,,,,0,38.24,0.028,0.013,20,ready,9
2026-10-08 23:01:04.651,110.73,20261008_225913,gg,rest,,,,,101.7,100.8,1,,,,0,38.24,0.029,0.013,19,ready,9
2026-10-08 23:01:04.857,110.94,20261008_225913,gg,rest,,,,,101.7,100.8,1,,,,0,38.25,0.028,0.012,19,ready,9
2026-10-08 23:01:05.068,111.15,20261008_225913,gg,rest,,,,,103.9,93.4,1,,,,0,38.25,0.027,0.011,19,ready,9
2026-10-08 23:01:05.275,111.36,20261008_225913,gg,rest,,,,,103.9,93.4,1,,,,0,38.25,0.026,0.01,19,ready,9
2026-10-08 23:01:05.480,111.56,20261008_225913,gg,rest,,,,,103.9,93.4,1,,,,0,38.25,0.024,0.01,19,ready,9
2026-10-08 23:01:05.686,111.77,20261008_225913,gg,rest,,,,,103.9,44.1,1,,,,0,38.26,0.025,0.01,19,ready,9
2026-10-08 23:01:07.829,113.91,20261008_225913,gg,rest,,,,,142.1,47.6,1,,,,0,38.24,0.018,0.007,26,ready,9
2026-10-08 23:01:08.073,114.16,20261008_225913,gg,rest,,,,,142.1,47.6,1,,,,0,38.24,0.017,0.007,27,ready,9
2026-10-08 23:01:08.235,114.32,20261008_225913,gg,rest,,,,,142.1,47.6,1,,,,0,38.25,0.018,0.007,28,ready,9
2026-10-08 23:01:08.444,114.53,20261008_225913,gg,rest,,,,,142.1,47.6,1,,,,0,38.17,0.017,0.007,29,ready,9
2026-10-08 23:01:08.649,114.73,20261008_225913,gg,rest,,,,,142.1,47.6,1,,,,0,38.18,0.018,0.006,30,ready,9
2026-10-08 23:01:08.857,114.94,20261008_225913,gg,rest,,,,,149.3,37.9,1,,,,0,38.19,0.016,0.007,31,ready,9
2026-10-08 23:01:09.066,115.15,20261008_225913,gg,rest,,,,,149.3,37.9,1,,,,0,38.2,0.016,0.006,32,ready,9
2026-10-08 23:01:09.269,115.35,20261008_225913,gg,rest,,,,,149.3,37.9,1,,,,0,38.21,0.016,0.006,32,ready,9
2026-10-08 23:01:09.475,115.56,20261008_225913,gg,rest,,,,,149.3,37.9,1,,,,0,38.21,0.019,0.01,33,ready,9
2026-10-08 23:01:09.684,115.77,20261008_225913,gg,rest,,,,,149.3,37.9,1,,,,0,38.22,0.053,0.023,34,ready,9
2026-10-08 23:01:09.893,115.97,20261008_225913,gg,rest,,,,,149.3,37.9,1,,,,0,38.23,0.07,0.04,34,ready,9
2026-10-08 23:01:10.096,116.18,20261008_225913,gg,rest,,,,,149.3,37.9,1,,,,0,38.23,0.142,0.091,35,ready,9
2026-10-08 23:01:10.310,116.39,20261008_225913,gg,rest,,,,,149.3,37.9,1,,,,0,38.24,0.155,0.2,36,ready,9
2026-10-08 23:01:10.512,116.59,20261008_225913,gg,rest,,,,,,,1,,,,0,38.24,0.171,0.224,33,ready,9
2026-10-08 23:01:10.718,116.8,20261008_225913,gg,rest,,,,,,,1,,,,0,38.25,0.172,0.366,31,ready,9
2026-10-08 23:01:10.928,117.01,20261008_225913,gg,rest,,,,,,,1,,,,0,38.25,0.166,0.352,29,ready,9
2026-10-08 23:01:11.129,117.21,20261008_225913,gg,rest,,,,,,,1,,,,0,38.25,0.157,0.344,28,ready,9
2026-10-08 23:01:11.335,117.42,20261008_225913,gg,rest,,,,,,,1,,,,0,38.26,0.248,0.349,28,ready,9
2026-10-08 23:01:11.554,117.64,20261008_225913,gg,rest,,,,,,,1,,,,0,38.26,0.339,0.515,29,ready,9
2026-10-08 23:01:11.747,117.83,20261008_225913,gg,rest,,,,,73.4,,1,,,,0,38.26,0.322,0.506,27,ready,9
2026-10-08 23:01:11.958,118.04,20261008_225913,gg,rest,,,,,73.4,,1,,,,0,38.26,0.294,0.468,25,ready,9
2026-10-08 23:01:12.170,118.25,20261008_225913,gg,rest,,,,,73.4,,1,,,,0,38.26,0.267,0.427,23,ready,9
2026-10-08 23:01:12.369,118.45,20261008_225913,gg,rest,,,,,73.4,,1,,,,0,38.27,0.248,0.397,21,ready,9
2026-10-08 23:01:12.577,118.66,20261008_225913,gg,rest,,,,,73.4,,1,,,,0,38.27,0.229,0.376,20,ready,9
2026-10-08 23:01:12.786,118.87,20261008_225913,gg,rest,,,,,55.4,,1,,,,0,38.25,0.208,0.329,17,ready,9
2026-10-08 23:01:12.994,119.08,20261008_225913,gg,rest,,,,,55.4,,1,,,,0,38.25,0.194,0.31,16,ready,9
2026-10-08 23:01:13.199,119.28,20261008_225913,gg,rest,,,,,55.4,,1,,,,0,38.25,0.185,0.292,15,ready,9
2026-10-08 23:01:13.406,119.49,20261008_225913,gg,rest,,,,,55.4,,1,,,,0,38.26,0.178,0.265,14,ready,9
2026-10-08 23:01:13.612,119.69,20261008_225913,gg,rest,,,,,55.4,,1,,,,0,38.26,0.167,0.245,13,ready,9
2026-10-08 23:01:13.814,119.9,20261008_225913,gg,rest,,,,,55.4,,1,,,,0,38.26,0.164,0.247,13,ready,9
2026-10-08 23:01:14.026,120.11,20261008_225913,gg,rest,,,,,55.4,,1,,,,0,38.26,0.161,0.255,12,ready,9
2026-10-08 23:01:14.230,120.31,20261008_225913,gg,rest,,,,,64.3,,1,,,,0,38.27,0.148,0.244,12,ready,9
2026-10-08 23:01:14.437,120.52,20261008_225913,gg,rest,,,,,64.3,,1,,,,0,38.27,0.134,0.228,12,ready,9
2026-10-08 23:01:14.647,120.73,20261008_225913,gg,rest,,,,,64.3,,1,,,,0,38.27,0.125,0.213,12,ready,9
2026-10-08 23:01:14.848,120.93,20261008_225913,gg,rest,,,,,64.3,,1,,,,0,38.27,0.122,0.208,12,ready,9
2026-10-08 23:01:15.050,121.13,20261008_225913,gg,rest,,,,,76.7,,1,,,,0,38.28,0.119,0.201,12,ready,9
2026-10-08 23:01:15.256,121.34,20261008_225913,gg,rest,,,,,76.7,,1,,,,0,38.28,0.128,0.191,12,ready,9
2026-10-08 23:01:15.462,121.54,20261008_225913,gg,rest,,,,,76.7,,1,,,,0,38.28,0.142,0.208,13,ready,9
2026-10-08 23:01:15.668,121.75,20261008_225913,gg,rest,,,,,76.7,,1,,,,0,38.28,0.161,0.213,13,ready,9
2026-10-08 23:01:15.869,121.95,20261008_225913,gg,rest,,,,,76.1,272.6,1,,,,0,38.28,0.217,0.317,13,ready,9
2026-10-08 23:01:16.079,122.16,20261008_225913,gg,rest,,,,,76.1,272.6,1,,,,0,38.28,0.229,0.302,14,ready,9
2026-10-08 23:01:16.285,122.37,20261008_225913,gg,rest,,,,,76.1,272.6,1,,,,0,38.28,0.209,0.274,14,ready,9
2026-10-08 23:01:16.494,122.58,20261008_225913,gg,rest,,,,,76.7,244.6,1,,,,0,38.29,0.191,0.261,14,ready,9
2026-10-08 23:01:16.699,122.78,20261008_225913,gg,rest,,,,,76.7,244.6,1,,,,0,38.29,0.176,0.257,14,ready,9
2026-10-08 23:01:16.904,122.99,20261008_225913,gg,rest,,,,,76.7,244.6,1,,,,0,38.29,0.163,0.24,14,ready,9
2026-10-08 23:01:17.115,123.2,20261008_225913,gg,rest,,,,,80.6,230.0,1,,,,0,38.27,0.151,0.219,14,ready,9
2026-10-08 23:01:17.319,123.4,20261008_225913,gg,rest,,,,,80.6,230.0,1,,,,0,38.27,0.137,0.2,14,ready,9
2026-10-08 23:01:17.526,123.61,20261008_225913,gg,rest,,,,,80.6,230.0,1,,,,0,38.28,0.125,0.181,14,ready,9
2026-10-08 23:01:17.735,123.82,20261008_225913,gg,rest,,,,,80.6,230.0,1,,,,0,38.28,0.113,0.164,14,ready,9
2026-10-08 23:01:19.878,125.96,20261008_225913,gg,rest,,,,,80.6,209.4,1,,,,0,38.32,0.042,0.055,14,ready,9
2026-10-08 23:01:20.074,126.16,20261008_225913,gg,rest,,,,,76.9,204.6,1,,,,0,38.32,0.039,0.05,13,ready,9
2026-10-08 23:01:20.361,126.44,20261008_225913,gg,rest,,,,,76.9,204.6,1,,,,0,38.32,0.037,0.046,13,ready,9
2026-10-08 23:01:20.485,126.57,20261008_225913,gg,rest,,,,,76.9,204.6,1,,,,0,38.33,0.033,0.041,13,ready,9
2026-10-08 23:01:20.692,126.77,20261008_225913,gg,rest,,,,,76.9,204.6,1,,,,0,38.33,0.031,0.037,13,ready,9
2026-10-08 23:01:20.893,126.98,20261008_225913,gg,rest,,,,,76.9,204.6,1,,,,0,38.33,0.029,0.034,13,ready,9
2026-10-08 23:01:21.099,127.18,20261008_225913,gg,rest,,,,,75.0,121.4,1,,,,0,38.33,0.027,0.031,13,ready,9
2026-10-08 23:01:21.301,127.38,20261008_225913,gg,rest,,,,,75.0,121.4,1,,,,0,38.33,0.026,0.028,13,ready,9
2026-10-08 23:01:21.511,127.59,20261008_225913,gg,rest,,,,,75.0,121.4,1,,,,0,38.34,0.025,0.026,13,ready,9
2026-10-08 23:01:21.716,127.8,20261008_225913,gg,rest,,,,,75.0,121.4,1,,,,0,38.34,0.024,0.023,13,ready,9
2026-10-08 23:01:21.922,128.0,20261008_225913,gg,rest,,,,,75.0,119.9,1,,,,0,38.34,0.023,0.021,12,ready,9
2026-10-08 23:01:22.121,128.2,20261008_225913,gg,rest,,,,,75.0,119.9,1,,,,0,38.34,0.022,0.019,12,ready,9
2026-10-08 23:01:22.330,128.41,20261008_225913,gg,rest,,,,,75.0,119.9,1,,,,0,38.36,0.021,0.018,12,ready,9
2026-10-08 23:01:22.539,128.62,20261008_225913,gg,rest,,,,,75.0,119.9,1,,,,0,38.32,0.02,0.016,12,ready,9
2026-10-08 23:01:22.743,128.82,20261008_225913,gg,rest,,,,,75.0,119.9,1,,,,0,38.33,0.02,0.015,12,ready,9
2026-10-08 23:01:22.949,129.03,20261008_225913,gg,rest,,,,,73.0,118.2,1,,,,0,38.33,0.021,0.014,12,ready,9
2026-10-08 23:01:23.156,129.24,20261008_225913,gg,rest,,,,,73.0,118.2,1,,,,0,38.29,0.02,0.013,12,ready,9
2026-10-08 23:01:23.362,129.44,20261008_225913,gg,rest,,,,,73.0,118.2,1,,,,0,38.3,0.02,0.012,12,ready,9
2026-10-08 23:01:23.572,129.65,20261008_225913,gg,rest,,,,,73.0,146.8,1,,,,0,38.3,0.019,0.011,12,ready,9
2026-10-08 23:01:23.781,129.86,20261008_225913,gg,rest,,,,,73.0,146.8,1,,,,0,38.31,0.018,0.011,12,ready,9
2026-10-08 23:01:23.984,130.07,20261008_225913,gg,rest,,,,,73.0,146.8,1,,,,0,38.31,0.017,0.01,12,ready,9
2026-10-08 23:01:24.192,130.27,20261008_225913,gg,rest,,,,,73.0,146.8,1,,,,0,38.32,0.016,0.009,12,ready,9
2026-10-08 23:01:24.396,130.48,20261008_225913,gg,rest,,,,,73.0,146.8,1,,,,0,38.33,0.015,0.009,12,ready,9
2026-10-08 23:01:24.602,130.68,20261008_225913,gg,rest,,,,,73.0,146.8,1,,,,0,38.33,0.016,0.009,12,ready,9
2026-10-08 23:01:24.865,130.95,20261008_225913,gg,rest,,,,,73.0,146.8,1,,,,0,38.34,0.018,0.009,12,ready,9
2026-10-08 23:01:25.014,131.1,20261008_225913,gg,rest,,,,,73.0,146.8,1,,,,0,38.35,0.017,0.008,12,ready,9
2026-10-08 23:01:25.219,131.3,20261008_225913,gg,rest,,,,,73.0,146.8,1,,,,0,38.35,0.019,0.008,12,ready,9
2026-10-08 23:01:25.424,131.51,20261008_225913,gg,rest,,,,,71.3,152.6,1,,,,0,38.35,0.019,0.008,12,ready,9
2026-10-08 23:01:25.630,131.71,20261008_225913,gg,rest,,,,,71.3,152.6,1,,,,0,38.36,0.018,0.008,12,ready,9
2026-10-08 23:01:25.835,131.92,20261008_225913,gg,rest,,,,,71.3,152.6,1,,,,0,38.37,0.019,0.007,12,ready,9
2026-10-08 23:01:29.919,136.0,20261008_225913,gg,rest,,,,,68.2,195.3,1,,,,0,38.38,0.029,0.016,11,ready,9
2026-10-08 23:01:30.122,136.2,20261008_225913,gg,rest,,,,,68.2,195.3,1,,,,0,38.38,0.028,0.016,11,ready,9
2026-10-08 23:01:30.333,136.41,20261008_225913,gg,rest,,,,,68.2,195.3,1,,,,0,38.4,0.028,0.015,11,ready,9
2026-10-08 23:01:30.534,136.62,20261008_225913,gg,rest,,,,,68.2,195.3,1,,,,0,38.39,0.026,0.014,11,ready,9
2026-10-08 23:01:30.741,136.82,20261008_225913,gg,rest,,,,,65.9,195.5,1,,,,0,38.39,0.025,0.014,11,ready,9
2026-10-08 23:01:30.950,137.03,20261008_225913,gg,rest,,,,,65.9,195.5,1,,,,0,38.39,0.026,0.014,11,ready,9
2026-10-08 23:01:31.165,137.25,20261008_225913,gg,rest,,,,,65.9,195.5,1,,,,0,38.4,0.026,0.014,11,ready,9
2026-10-08 23:01:31.368,137.45,20261008_225913,gg,rest,,,,,65.9,195.5,1,,,,0,38.4,0.027,0.014,11,ready,9
2026-10-08 23:01:31.575,137.66,20261008_225913,gg,rest,,,,,65.9,195.5,1,,,,0,38.41,0.026,0.013,11,ready,9
2026-10-08 23:01:31.779,137.86,20261008_225913,gg,rest,,,,,59.9,192.6,1,,,,0,38.41,0.025,0.013,10,ready,9
2026-10-08 23:01:31.989,138.07,20261008_225913,gg,rest,,,,,59.9,192.6,1,,,,0,38.42,0.026,0.013,10,ready,9
2026-10-08 23:01:32.193,138.28,20261008_225913,gg,rest,,,,,59.9,192.6,1,,,,0,38.42,0.023,0.012,10,ready,9
2026-10-08 23:01:32.393,138.48,20261008_225913,gg,rest,,,,,59.9,192.6,1,,,,0,38.43,0.023,0.013,10,ready,9
2026-10-08 23:01:32.600,138.68,20261008_225913,gg,baseline,,,,,59.9,192.6,1,,,,0,38.43,0.024,0.012,,baseline,9
2026-10-08 23:01:32.803,138.89,20261008_225913,gg,baseline,,,,,59.9,196.8,1,,,,0,38.43,0.025,0.013,,baseline,9
2026-10-08 23:01:33.010,139.09,20261008_225913,gg,baseline,,,,,59.9,196.8,1,,,,0,38.44,0.024,0.012,,baseline,9
2026-10-08 23:01:33.216,139.3,20261008_225913,gg,baseline,,,,,59.9,196.8,1,,,,0,38.42,0.026,0.013,,baseline,9
2026-10-08 23:01:33.422,139.5,20261008_225913,gg,baseline,,,,,69.9,199.4,1,,,,0,38.43,0.026,0.013,,baseline,9
2026-10-08 23:01:33.673,139.76,20261008_225913,gg,baseline,,,,,69.9,199.4,1,,,,0,38.43,0.026,0.014,,baseline,9
2026-10-08 23:01:33.831,139.91,20261008_225913,gg,baseline,,,,,69.9,199.4,1,,,,0,38.43,0.025,0.013,,baseline,9
2026-10-08 23:01:34.040,140.12,20261008_225913,gg,baseline,,,,,69.9,199.4,1,,,,0,38.43,0.024,0.012,,baseline,9
2026-10-08 23:01:34.247,140.33,20261008_225913,gg,baseline,,,,,69.9,199.4,1,,,,0,38.44,0.024,0.011,,baseline,9
2026-10-08 23:01:34.452,140.53,20261008_225913,gg,baseline,,,,,69.9,199.4,1,,,,0,38.43,0.023,0.011,,baseline,9
2026-10-08 23:01:34.698,140.78,20261008_225913,gg,baseline,,,,,69.9,199.4,1,,,,0,38.43,0.02,0.009,,baseline,9
2026-10-08 23:01:34.868,140.95,20261008_225913,gg,baseline,,,,,69.9,199.4,1,,,,0,38.44,0.019,0.009,,baseline,9
2026-10-08 23:01:35.074,141.16,20261008_225913,gg,baseline,,,,,69.9,199.4,1,,,,0,38.44,0.02,0.009,,baseline,9
2026-10-08 23:01:35.311,141.39,20261008_225913,gg,baseline,,,,,69.9,199.4,1,,,,0,38.45,0.019,0.008,,baseline,9
2026-10-08 23:01:35.491,141.57,20261008_225913,gg,baseline,,,,,69.9,199.4,1,,,,0,38.45,0.018,0.008,,baseline,9
2026-10-08 23:01:35.692,141.77,20261008_225913,gg,baseline,,,,,69.9,199.4,1,,,,0,38.46,0.018,0.007,,baseline,9
2026-10-08 23:01:35.902,141.98,20261008_225913,gg,baseline,,,,,69.9,185.9,1,,,,0,38.45,0.018,0.007,,baseline,9
2026-10-08 23:01:37.948,144.03,20261008_225913,gg,baseline,,,,,69.9,187.1,1,,,,0,38.47,0.015,0.006,,baseline,9
2026-10-08 23:01:38.178,144.26,20261008_225913,gg,baseline,,,,,69.9,187.1,1,,,,0,38.48,0.015,0.006,,baseline,9
2026-10-08 23:01:38.363,144.45,20261008_225913,gg,baseline,,,,,69.9,187.1,1,,,,0,38.48,0.014,0.006,,baseline,9
2026-10-08 23:01:38.577,144.66,20261008_225913,gg,baseline,,,,,69.9,187.1,1,,,,0,38.46,0.013,0.006,,baseline,9
2026-10-08 23:01:38.778,144.86,20261008_225913,gg,baseline,,,,,68.3,188.9,1,,,,0,38.46,0.014,0.006,,baseline,9
2026-10-08 23:01:38.988,145.07,20261008_225913,gg,baseline,,,,,68.3,188.9,1,,,,0,38.46,0.015,0.007,,baseline,9
2026-10-08 23:01:39.188,145.27,20261008_225913,gg,baseline,,,,,68.3,188.9,1,,,,0,38.47,0.014,0.007,,baseline,9
2026-10-08 23:01:39.393,145.48,20261008_225913,gg,baseline,,,,,68.3,188.9,1,,,,0,38.47,0.014,0.006,,baseline,9
2026-10-08 23:01:39.613,145.7,20261008_225913,gg,baseline,,,,,68.3,188.9,1,,,,0,38.48,0.013,0.006,,baseline,9
2026-10-08 23:01:39.807,145.89,20261008_225913,gg,baseline,,,,,66.4,173.5,1,,,,0,38.48,0.016,0.007,,baseline,9
2026-10-08 23:01:40.024,146.11,20261008_225913,gg,baseline,,,,,66.4,173.5,1,,,,0,38.49,0.016,0.007,,baseline,9
2026-10-08 23:01:40.231,146.31,20261008_225913,gg,baseline,,,,,66.4,173.5,1,,,,0,38.49,0.016,0.006,,baseline,9
2026-10-08 23:01:40.431,146.51,20261008_225913,gg,baseline,,,,,66.4,173.5,1,,,,0,38.5,0.015,0.006,,baseline,9
2026-10-08 23:01:40.631,146.71,20261008_225913,gg,baseline,,,,,66.3,125.3,1,,,,0,38.5,0.014,0.006,,baseline,9
2026-10-08 23:01:40.833,146.92,20261008_225913,gg,baseline,,,,,66.3,125.3,1,,,,0,38.5,0.014,0.006,,baseline,9
2026-10-08 23:01:41.045,147.13,20261008_225913,gg,baseline,,,,,66.3,125.3,1,,,,0,38.51,0.013,0.005,,baseline,9
2026-10-08 23:01:41.249,147.33,20261008_225913,gg,baseline,,,,,66.3,125.3,1,,,,0,38.51,0.013,0.005,,baseline,9
2026-10-08 23:01:41.455,147.54,20261008_225913,gg,baseline,,,,,66.3,125.3,1,,,,0,38.52,0.012,0.005,,baseline,9
2026-10-08 23:01:41.761,147.84,20261008_225913,gg,baseline,,,,,66.3,109.8,1,,,,0,38.52,0.014,0.005,,baseline,9
2026-10-08 23:01:41.868,147.95,20261008_225913,gg,baseline,,,,,66.3,109.8,1,,,,0,38.53,0.017,0.005,,baseline,9
2026-10-08 23:01:42.073,148.16,20261008_225913,gg,baseline,,,,,66.3,109.8,1,,,,0,38.53,0.016,0.005,,baseline,9
2026-10-08 23:01:42.281,148.36,20261008_225913,gg,baseline,,,,,66.3,109.8,1,,,,0,38.54,0.015,0.005,,baseline,9
2026-10-08 23:01:42.490,148.57,20261008_225913,gg,baseline,,,,,66.3,109.8,1,,,,0,38.55,0.015,0.006,,baseline,9
2026-10-08 23:01:42.693,148.77,20261008_225913,gg,baseline,,,,,66.3,109.8,1,,,,0,38.53,0.015,0.006,,baseline,9
2026-10-08 23:01:42.906,148.99,20261008_225913,gg,baseline,,,,,66.3,109.8,1,,,,0,38.52,0.014,0.006,,baseline,9
2026-10-08 23:01:43.112,149.19,20261008_225913,gg,baseline,,,,,66.3,109.8,1,,,,0,38.53,0.013,0.005,,baseline,9
2026-10-08 23:01:43.314,149.4,20261008_225913,gg,baseline,,,,,66.3,109.8,1,,,,0,38.53,0.015,0.005,,baseline,9
2026-10-08 23:01:43.518,149.6,20261008_225913,gg,baseline,,,,,66.3,109.8,1,,,,0,38.53,0.016,0.005,,baseline,9
2026-10-08 23:01:43.727,149.81,20261008_225913,gg,baseline,,,,,66.3,109.8,1,,,,0,38.54,0.016,0.006,,baseline,9
2026-10-08 23:01:43.934,150.02,20261008_225913,gg,baseline,,,,,66.3,109.8,1,,,,0,38.54,0.015,0.006,,baseline,9
2026-10-08 23:01:44.138,150.22,20261008_225913,gg,baseline,,,,,66.3,109.8,1,,,,0,38.54,0.014,0.006,,baseline,9
2026-10-08 23:01:44.349,150.43,20261008_225913,gg,baseline,,,,,63.7,103.2,1,,,,0,38.54,0.014,0.006,,baseline,9
2026-10-08 23:01:44.552,150.63,20261008_225913,gg,baseline,,,,,63.7,103.2,1,,,,0,38.54,0.015,0.006,,baseline,9
2026-10-08 23:01:44.760,150.84,20261008_225913,gg,baseline,,,,,63.7,103.2,1,,,,0,38.55,0.016,0.006,,baseline,9
2026-10-08 23:01:44.958,151.04,20261008_225913,gg,baseline,,,,,63.7,103.2,1,,,,0,38.55,0.018,0.006,,baseline,9
2026-10-08 23:01:45.164,151.25,20261008_225913,gg,baseline,,,,,63.7,103.2,1,,,,0,38.55,0.017,0.006,,baseline,9
2026-10-08 23:01:45.368,151.45,20261008_225913,gg,baseline,,,,,63.7,103.6,1,,,,0,38.55,0.016,0.006,,baseline,9
2026-10-08 23:01:45.580,151.66,20261008_225913,gg,baseline,,,,,63.7,103.6,1,,,,0,38.56,0.016,0.007,,baseline,9
2026-10-08 23:01:45.782,151.86,20261008_225913,gg,baseline,,,,,63.7,103.6,1,,,,0,38.57,0.015,0.006,,baseline,9
2026-10-08 23:01:45.989,152.07,20261008_225913,gg,baseline,,,,,63.7,103.6,1,,,,0,38.57,0.014,0.006,,baseline,9
2026-10-08 23:01:46.204,152.29,20261008_225913,gg,baseline,,,,,63.7,103.6,1,,,,0,38.57,0.014,0.006,,baseline,9
2026-10-08 23:01:46.404,152.49,20261008_225913,gg,baseline,,,,,63.7,92.7,1,,,,0,38.56,0.014,0.006,,baseline,9
2026-10-08 23:01:46.608,152.69,20261008_225913,gg,baseline,,,,,63.7,92.7,1,,,,0,38.56,0.016,0.006,,baseline,9
2026-10-08 23:01:46.813,152.9,20261008_225913,gg,baseline,,,,,63.7,92.7,1,,,,0,38.57,0.018,0.007,,baseline,9
2026-10-08 23:01:47.018,153.1,20261008_225913,gg,baseline,,,,,63.7,92.7,1,,,,0,38.57,0.02,0.008,,baseline,9
2026-10-08 23:01:47.223,153.3,20261008_225913,gg,baseline,,,,,63.7,79.9,1,,,,0,38.57,0.02,0.007,,baseline,9
2026-10-08 23:01:47.431,153.51,20261008_225913,gg,baseline,,,,,63.7,79.9,1,,,,0,38.57,0.019,0.007,,baseline,9
2026-10-08 23:01:47.632,153.71,20261008_225913,gg,baseline,,,,,63.7,79.9,1,,,,0,38.57,0.019,0.007,,baseline,9
2026-10-08 23:01:47.832,153.91,20261008_225913,gg,baseline,,,,,63.7,79.9,1,,,,0,38.57,0.017,0.006,,baseline,9
2026-10-08 23:01:48.030,154.11,20261008_225913,gg,baseline,,,,,63.7,79.9,1,,,,0,38.58,0.016,0.006,,baseline,9
2026-10-08 23:01:48.233,154.32,20261008_225913,gg,baseline,,,,,63.7,77.4,1,,,,0,38.58,0.017,0.007,,baseline,9
2026-10-08 23:01:48.435,154.52,20261008_225913,gg,baseline,,,,,63.7,77.4,1,,,,0,38.58,0.018,0.006,,baseline,9
2026-10-08 23:01:48.638,154.72,20261008_225913,gg,baseline,,,,,63.7,77.4,1,,,,0,38.58,0.018,0.007,,baseline,9
2026-10-08 23:01:48.847,154.93,20261008_225913,gg,baseline,,,,,63.7,77.4,1,,,,0,38.58,0.017,0.006,,baseline,9
2026-10-08 23:01:49.053,155.14,20261008_225913,gg,baseline,,,,,63.7,77.4,1,,,,0,38.58,0.017,0.006,,baseline,9
2026-10-08 23:01:49.253,155.34,20261008_225913,gg,baseline,,,,,64.4,60.8,1,,,,0,38.58,0.018,0.006,,baseline,9
2026-10-08 23:01:49.456,155.54,20261008_225913,gg,baseline,,,,,64.4,60.8,1,,,,0,38.58,0.017,0.006,,baseline,9
2026-10-08 23:01:49.659,155.74,20261008_225913,gg,baseline,,,,,64.4,60.8,1,,,,0,38.58,0.017,0.006,,baseline,9
2026-10-08 23:01:49.866,155.95,20261008_225913,gg,baseline,,,,,64.4,60.8,1,,,,0,38.59,0.018,0.007,,baseline,9
2026-10-08 23:01:50.071,156.15,20261008_225913,gg,baseline,,,,,64.4,60.8,1,,,,0,38.59,0.017,0.007,,baseline,9
2026-10-08 23:01:50.278,156.36,20261008_225913,gg,baseline,,,,,64.4,60.8,1,,,,0,38.58,0.016,0.006,,baseline,9
2026-10-08 23:01:50.488,156.57,20261008_225913,gg,baseline,,,,,64.4,60.8,1,,,,0,38.59,0.016,0.006,,baseline,9
2026-10-08 23:01:50.688,156.77,20261008_225913,gg,baseline,,,,,64.4,60.8,1,,,,0,38.59,0.015,0.006,,baseline,9
2026-10-08 23:01:50.899,156.98,20261008_225913,gg,baseline,,,,,64.4,60.8,1,,,,0,38.59,0.015,0.006,,baseline,9
2026-10-08 23:01:51.098,157.18,20261008_225913,gg,baseline,,,,,64.4,60.8,1,,,,0,38.59,0.015,0.006,,baseline,9
2026-10-08 23:01:51.308,157.39,20261008_225913,gg,baseline,,,,,64.4,60.8,1,,,,0,38.59,0.014,0.006,,baseline,9
2026-10-08 23:01:51.509,157.59,20261008_225913,gg,baseline,,,,,64.4,60.8,1,,,,0,38.59,0.014,0.005,,baseline,9
2026-10-08 23:01:51.709,157.79,20261008_225913,gg,baseline,,,,,64.4,60.8,1,,,,0,38.59,0.014,0.006,,baseline,9
2026-10-08 23:01:51.919,158.0,20261008_225913,gg,baseline,,,,,64.4,60.8,1,,,,0,38.59,0.014,0.006,,baseline,9
2026-10-08 23:01:52.124,158.21,20261008_225913,gg,baseline,,,,,64.4,60.8,1,,,,0,38.6,0.015,0.006,,baseline,9
2026-10-08 23:01:52.329,158.41,20261008_225913,gg,baseline,,,,,64.4,60.8,1,,,,0,38.6,0.015,0.006,,baseline,9
2026-10-08 23:01:52.538,158.62,20261008_225913,gg,baseline,,,,,64.4,60.8,1,,,,0,38.6,0.017,0.006,,baseline,9
2026-10-08 23:01:52.745,158.83,20261008_225913,gg,baseline,,,,,64.4,60.8,1,,,,0,38.6,0.017,0.006,,baseline,9
2026-10-08 23:01:52.949,159.03,20261008_225913,gg,baseline,,,,,64.4,48.1,1,,,,0,38.6,0.016,0.006,,baseline,9
2026-10-08 23:01:53.158,159.24,20261008_225913,gg,baseline,,,,,64.4,48.1,1,,,,0,38.6,0.017,0.006,,baseline,9
2026-10-08 23:01:53.365,159.45,20261008_225913,gg,baseline,,,,,64.4,48.1,1,,,,0,38.6,0.017,0.005,,baseline,9
2026-10-08 23:01:53.569,159.65,20261008_225913,gg,baseline,,,,,64.4,48.1,1,,,,0,38.6,0.018,0.005,,baseline,9
2026-10-08 23:01:53.779,159.86,20261008_225913,gg,baseline,,,,,64.4,48.1,1,,,,0,38.61,0.024,0.005,,baseline,9
2026-10-08 23:01:53.978,160.06,20261008_225913,gg,baseline,,,,,64.4,48.1,1,,,,0,38.61,0.037,0.007,,baseline,9
2026-10-08 23:01:54.186,160.27,20261008_225913,gg,baseline,,,,,64.4,48.1,1,,,,0,38.61,0.048,0.008,,baseline,9
2026-10-08 23:01:54.394,160.48,20261008_225913,gg,baseline,,,,,64.4,48.1,1,,,,0,38.61,0.053,0.008,,baseline,9
2026-10-08 23:01:54.600,160.68,20261008_225913,gg,baseline,,,,,64.4,48.1,1,,,,0,38.61,0.053,0.008,,baseline,9
2026-10-08 23:01:54.810,160.89,20261008_225913,gg,baseline,,,,,64.4,48.1,1,,,,0,38.61,0.052,0.008,,baseline,9
2026-10-08 23:01:55.012,161.09,20261008_225913,gg,baseline,,,,,64.4,48.1,1,,,,0,38.61,0.051,0.007,,baseline,9
2026-10-08 23:01:55.220,161.3,20261008_225913,gg,baseline,,,,,64.4,48.1,1,,,,0,38.62,0.049,0.007,,baseline,9
2026-10-08 23:01:55.431,161.51,20261008_225913,gg,baseline,,,,,64.4,48.1,1,,,,0,38.62,0.046,0.007,,baseline,9
2026-10-08 23:01:55.633,161.71,20261008_225913,gg,baseline,,,,,64.4,40.5,1,,,,0,38.64,0.047,0.007,,baseline,9
2026-10-08 23:01:55.846,161.93,20261008_225913,gg,baseline,,,,,64.4,40.5,1,,,,0,38.64,0.043,0.007,,baseline,9
2026-10-08 23:01:56.049,162.13,20261008_225913,gg,baseline,,,,,64.4,40.5,1,,,,0,38.63,0.061,0.013,,baseline,9
2026-10-08 23:01:56.258,162.34,20261008_225913,gg,baseline,,,,,64.4,40.5,1,,,,0,38.63,0.087,0.025,,baseline,9
2026-10-08 23:01:56.463,162.54,20261008_225913,gg,baseline,,,,,64.4,40.5,1,,,,0,38.63,0.094,0.03,,baseline,9
2026-10-08 23:01:56.670,162.75,20261008_225913,gg,baseline,,,,,63.1,87.3,1,,,,0,38.63,0.086,0.028,,baseline,9
2026-10-08 23:01:56.877,162.96,20261008_225913,gg,baseline,,,,,63.1,87.3,1,,,,0,38.63,0.079,0.025,,baseline,9
2026-10-08 23:01:57.089,163.17,20261008_225913,gg,baseline,,,,,64.4,118.6,1,,,,0,38.63,0.068,0.021,,baseline,9
2026-10-08 23:01:57.302,163.38,20261008_225913,gg,baseline,,,,,64.4,118.6,1,,,,0,38.64,0.062,0.019,,baseline,9
2026-10-08 23:01:57.499,163.58,20261008_225913,gg,baseline,,,,,64.4,118.6,1,,,,0,38.63,0.058,0.017,,baseline,9
2026-10-08 23:01:57.707,163.79,20261008_225913,gg,baseline,,,,,64.4,118.6,1,,,,0,38.63,0.053,0.016,,baseline,9
2026-10-08 23:01:57.914,164.0,20261008_225913,gg,baseline,,,,,64.4,118.6,1,,,,0,38.63,0.048,0.014,,baseline,9
2026-10-08 23:01:58.119,164.2,20261008_225913,gg,baseline,,,,,64.4,118.6,1,,,,0,38.63,0.044,0.013,,baseline,9
2026-10-08 23:01:58.328,164.41,20261008_225913,gg,baseline,,,,,64.4,118.6,1,,,,0,38.63,0.041,0.012,,baseline,9
2026-10-08 23:01:58.529,164.61,20261008_225913,gg,baseline,,,,,64.4,118.6,1,,,,0,38.63,0.04,0.011,,baseline,9
2026-10-08 23:01:58.738,164.82,20261008_225913,gg,baseline,,,,,63.1,125.0,1,,,,0,38.63,0.037,0.011,,baseline,9
2026-10-08 23:01:58.942,165.02,20261008_225913,gg,baseline,,,,,63.1,125.0,1,,,,0,38.63,0.039,0.011,,baseline,9
2026-10-08 23:01:59.148,165.23,20261008_225913,gg,baseline,,,,,63.1,125.0,1,,,,0,38.63,0.036,0.01,,baseline,9
2026-10-08 23:01:59.380,165.46,20261008_225913,gg,baseline,,,,,63.1,125.0,1,,,,0,38.63,0.033,0.009,,baseline,9
2026-10-08 23:01:59.563,165.65,20261008_225913,gg,baseline,,,,,63.1,125.0,1,,,,0,38.63,0.031,0.009,,baseline,9
2026-10-08 23:01:59.886,165.97,20261008_225913,gg,baseline,,,,,63.1,125.0,1,,,,0,38.63,0.029,0.008,,baseline,9
2026-10-08 23:01:59.980,166.06,20261008_225913,gg,baseline,,,,,63.1,125.0,1,,,,0,38.61,0.028,0.008,,baseline,9
2026-10-08 23:02:00.180,166.26,20261008_225913,gg,baseline,,,,,63.1,125.0,1,,,,0,38.61,0.026,0.007,,baseline,9
2026-10-08 23:02:00.398,166.48,20261008_225913,gg,baseline,,,,,63.1,125.0,1,,,,0,38.62,0.025,0.007,,baseline,9
2026-10-08 23:02:00.597,166.68,20261008_225913,gg,baseline,,,,,58.5,125.0,1,,,,0,38.62,0.024,0.006,,baseline,9
2026-10-08 23:02:00.802,166.88,20261008_225913,gg,baseline,,,,,58.5,125.0,1,,,,0,38.62,0.023,0.006,,baseline,9
2026-10-08 23:02:01.017,167.1,20261008_225913,gg,baseline,,,,,58.5,125.0,1,,,,0,38.62,0.022,0.006,,baseline,9
2026-10-08 23:02:01.217,167.3,20261008_225913,gg,baseline,,,,,58.5,125.0,1,,,,0,38.62,0.02,0.005,,baseline,9
2026-10-08 23:02:01.442,167.52,20261008_225913,gg,baseline,,,,,58.5,125.0,1,,,,0,38.63,0.02,0.006,,baseline,9
2026-10-08 23:02:01.630,167.71,20261008_225913,gg,baseline,,,,,58.5,125.0,1,,,,0,38.63,0.019,0.006,,baseline,9
2026-10-08 23:02:01.837,167.92,20261008_225913,gg,baseline,,,,,58.5,132.0,1,,,,0,38.63,0.017,0.005,,baseline,9
2026-10-08 23:02:04.043,170.13,20261008_225913,gg,rest,,,,,58.5,141.8,1,,,,0,38.64,0.019,0.006,7,ready,9
2026-10-08 23:02:04.241,170.32,20261008_225913,gg,rest,,,,,58.5,141.8,1,,,,0,38.63,0.018,0.006,7,ready,9
2026-10-08 23:02:04.443,170.53,20261008_225913,gg,rest,,,,,58.5,141.8,1,,,,0,38.63,0.018,0.007,7,ready,9
2026-10-08 23:02:04.653,170.74,20261008_225913,gg,rest,,,,,58.5,141.8,1,,,,0,38.63,0.018,0.007,7,ready,9
2026-10-08 23:02:04.863,170.95,20261008_225913,gg,rest,,,,,58.5,141.8,1,,,,0,38.63,0.017,0.007,7,ready,9
2026-10-08 23:02:05.068,171.15,20261008_225913,gg,rest,,,,,58.5,141.8,1,,,,0,38.63,0.017,0.007,7,ready,9
2026-10-08 23:02:05.320,171.4,20261008_225913,gg,rest,,,,,57.6,204.0,1,,,,0,38.64,0.017,0.006,7,ready,9
2026-10-08 23:02:05.482,171.56,20261008_225913,gg,rest,,,,,57.6,204.0,1,,,,0,38.64,0.017,0.006,7,ready,9
2026-10-08 23:02:05.684,171.77,20261008_225913,gg,rest,,,,,57.6,204.0,1,,,,0,38.62,0.017,0.007,7,ready,9
2026-10-08 23:02:05.890,171.97,20261008_225913,gg,rest,,,,,57.6,204.0,1,,,,0,38.62,0.017,0.007,7,ready,9
2026-10-08 23:02:06.094,172.18,20261008_225913,gg,recovery,1,600,live,truth,57.6,204.0,1,,,,0,38.64,0.016,0.007,6,ready,9
2026-10-08 23:02:06.295,172.38,20261008_225913,gg,question,1,600,live,truth,57.6,211.8,1,,,,0,38.6,0.015,0.006,6,question,9
2026-10-08 23:02:06.503,172.59,20261008_225913,gg,question,1,600,live,truth,57.6,211.8,1,,,,0,38.61,0.014,0.006,6,question,9
2026-10-08 23:02:06.708,172.79,20261008_225913,gg,question,1,600,live,truth,57.6,211.8,1,,,,0,38.61,0.014,0.006,6,question,9
2026-10-08 23:02:06.916,173.0,20261008_225913,gg,question,1,600,live,truth,60.8,234.2,1,,,,0,38.61,0.014,0.006,7,question,9
2026-10-08 23:02:07.124,173.21,20261008_225913,gg,question,1,600,live,truth,60.8,234.2,1,,,,0,38.62,0.014,0.006,8,question,9
2026-10-08 23:02:07.332,173.41,20261008_225913,gg,question,1,600,live,truth,60.8,234.2,1,,,,0,38.62,0.015,0.006,9,question,9
2026-10-08 23:02:07.543,173.62,20261008_225913,gg,question,1,600,live,truth,60.8,234.2,1,,,,0,38.63,0.014,0.006,9,question,9
2026-10-08 23:02:07.743,173.83,20261008_225913,gg,question,1,600,live,truth,68.8,222.6,1,,,,0,38.63,0.014,0.006,14,question,9
2026-10-08 23:02:07.954,174.04,20261008_225913,gg,question,1,600,live,truth,68.8,222.6,1,,,,0,38.63,0.014,0.005,18,question,9
2026-10-08 23:02:08.162,174.24,20261008_225913,gg,question,1,600,live,truth,68.8,222.6,1,,,,0,38.64,0.018,0.006,21,question,9
2026-10-08 23:02:08.364,174.45,20261008_225913,gg,question,1,600,live,truth,68.8,227.6,1,,,,0,38.64,0.021,0.006,24,question,9
2026-10-08 23:02:08.579,174.66,20261008_225913,gg,question,1,600,live,truth,68.8,227.6,1,,,,0,38.64,0.023,0.006,27,question,9
2026-10-08 23:02:08.779,174.86,20261008_225913,gg,question,1,600,live,truth,68.8,227.6,1,,,,0,38.64,0.023,0.006,29,question,9
2026-10-08 23:02:08.985,175.07,20261008_225913,gg,question,1,600,live,truth,68.8,227.6,1,,,,0,38.65,0.022,0.007,30,question,9
2026-10-08 23:02:09.200,175.28,20261008_225913,gg,question,1,600,live,truth,68.8,227.6,1,,,,0,38.65,0.023,0.007,32,question,9
2026-10-08 23:02:09.397,175.48,20261008_225913,gg,question,1,600,live,truth,68.8,227.6,1,,,,0,38.65,0.022,0.007,33,question,9
2026-10-08 23:02:09.601,175.68,20261008_225913,gg,question,1,600,live,truth,68.8,227.6,1,,,,0,38.66,0.021,0.006,34,question,9
2026-10-08 23:02:09.820,175.9,20261008_225913,gg,question,1,600,live,truth,70.6,227.6,1,,,,0,38.66,0.019,0.006,36,question,9
2026-10-08 23:02:10.008,176.09,20261008_225913,gg,question,1,600,live,truth,70.6,227.6,1,,,,0,38.66,0.018,0.006,38,question,9
2026-10-08 23:02:10.213,176.3,20261008_225913,gg,question,1,600,live,truth,70.6,227.6,1,,,,0,38.66,0.018,0.006,39,question,9
2026-10-08 23:02:10.419,176.5,20261008_225913,gg,question,1,600,live,truth,70.6,227.6,1,,,,0,38.63,0.017,0.006,40,question,9
2026-10-08 23:02:10.624,176.71,20261008_225913,gg,question,1,600,live,truth,70.6,227.6,1,,,,0,38.63,0.019,0.007,41,question,9
2026-10-08 23:02:10.834,176.92,20261008_225913,gg,question,1,600,live,truth,81.2,227.8,1,,,,0,38.64,0.033,0.009,50,question,9
2026-10-08 23:02:11.037,177.12,20261008_225913,gg,question,1,600,live,truth,81.2,227.8,1,,,,0,38.64,0.048,0.018,57,question,9
2026-10-08 23:02:11.243,177.33,20261008_225913,gg,question,1,600,live,truth,81.2,227.8,1,,,,0,38.64,0.049,0.017,63,question,9
2026-10-08 23:02:11.452,177.53,20261008_225913,gg,question,1,600,live,truth,81.2,227.8,1,,,,0,38.65,0.047,0.016,68,question,9
2026-10-08 23:02:11.658,177.74,20261008_225913,gg,question,1,600,live,truth,81.2,227.8,1,,,,0,38.65,0.045,0.015,72,question,9
2026-10-08 23:02:11.868,177.95,20261008_225913,gg,question,1,600,live,truth,81.2,227.8,1,,,,0,38.65,0.043,0.014,75,question,9
2026-10-08 23:02:12.071,178.15,20261008_225913,gg,question,1,600,live,truth,81.2,227.8,1,,,,0,38.66,0.042,0.015,78,question,9
2026-10-08 23:02:12.279,178.36,20261008_225913,gg,question,1,600,live,truth,81.2,227.8,1,,,,0,38.66,0.039,0.013,80,question,9
2026-10-08 23:02:12.484,178.57,20261008_225913,gg,question,1,600,live,truth,,,1,,,,0,38.66,0.036,0.012,71,question,9
2026-10-08 23:02:12.694,178.78,20261008_225913,gg,question,1,600,live,truth,,,1,,,,0,38.66,0.033,0.012,64,question,9
2026-10-08 23:02:12.898,178.98,20261008_225913,gg,question,1,600,live,truth,,,1,,,,0,38.66,0.031,0.011,57,question,9
2026-10-08 23:02:13.104,179.19,20261008_225913,gg,question,1,600,live,truth,,,1,,,,0,38.66,0.03,0.01,52,question,9
2026-10-08 23:02:13.316,179.4,20261008_225913,gg,question,1,600,live,truth,89.2,,1,,,,0,38.67,0.028,0.01,60,question,9
2026-10-08 23:02:13.608,179.69,20261008_225913,gg,question,1,600,live,truth,89.2,,1,,,,0,38.67,0.027,0.009,67,question,9
2026-10-08 23:02:13.728,179.81,20261008_225913,gg,question,1,600,live,truth,89.2,,1,,,,0,38.67,0.025,0.01,72,question,9
2026-10-08 23:02:13.935,180.02,20261008_225913,gg,question,1,600,live,truth,88.2,,1,,,,0,38.66,0.038,0.015,80,question,9
2026-10-08 23:02:14.144,180.23,20261008_225913,gg,question,1,600,live,truth,88.2,,1,,,,0,38.67,0.04,0.018,84,question,9
2026-10-08 23:02:14.352,180.43,20261008_225913,gg,question,1,600,live,truth,88.2,,1,,,,0,38.67,0.037,0.016,86,question,9
2026-10-08 23:02:14.557,180.64,20261008_225913,gg,question,1,600,live,truth,88.2,,1,,,,0,38.66,0.035,0.015,88,question,9
2026-10-08 23:02:14.764,180.85,20261008_225913,gg,question,1,600,live,truth,88.2,,1,,,,0,38.67,0.033,0.014,90,question,9
2026-10-08 23:02:14.977,181.06,20261008_225913,gg,question,1,600,live,truth,88.2,,1,,,,0,38.67,0.034,0.014,91,question,9
2026-10-08 23:02:15.180,181.26,20261008_225913,gg,question,1,600,live,truth,88.2,,1,,,,0,38.67,0.032,0.013,92,question,9
2026-10-08 23:02:15.384,181.47,20261008_225913,gg,question,1,600,live,truth,88.2,,1,,,,0,38.67,0.033,0.013,93,question,9
2026-10-08 23:02:15.592,181.67,20261008_225913,gg,question,1,600,live,truth,88.2,,1,,,,0,38.67,0.033,0.013,94,question,9
2026-10-08 23:02:15.796,181.88,20261008_225913,gg,question,1,600,live,truth,88.2,,1,,,,0,38.67,0.031,0.012,94,question,9
2026-10-08 23:02:16.004,182.09,20261008_225913,gg,question,1,600,live,truth,88.2,,1,,,,0,38.67,0.031,0.014,95,question,9
2026-10-08 23:02:16.214,182.3,20261008_225913,gg,question,1,600,live,truth,88.2,,1,,,,0,38.68,0.031,0.015,95,question,9
2026-10-08 23:02:16.420,182.5,20261008_225913,gg,question,1,600,live,truth,88.2,,1,,,,0,38.68,0.033,0.015,95,question,9
2026-10-08 23:02:16.624,182.71,20261008_225913,gg,question,1,600,live,truth,88.2,,1,,,,0,38.68,0.035,0.015,96,question,9
2026-10-08 23:02:16.832,182.91,20261008_225913,gg,question,1,600,live,truth,85.0,,1,,,,0,38.68,0.038,0.016,96,question,9
2026-10-08 23:02:17.044,183.13,20261008_225913,gg,question,1,600,live,truth,85.0,,1,,,,0,38.68,0.04,0.015,95,question,9
2026-10-08 23:02:17.246,183.33,20261008_225913,gg,question,1,600,live,truth,85.0,,1,,,,0,38.68,0.037,0.014,95,question,9
2026-10-08 23:02:17.703,183.79,20261008_225913,gg,question,1,600,live,truth,85.0,,1,,,,0,38.68,0.034,0.013,95,question,9
2026-10-08 23:02:17.704,183.79,20261008_225913,gg,question,1,600,live,truth,88.2,,1,,,,0,38.69,0.031,0.011,95,question,9
2026-10-08 23:02:17.866,183.95,20261008_225913,gg,question,1,600,live,truth,88.2,,1,,,,0,38.69,0.032,0.011,96,question,9
2026-10-08 23:02:18.069,184.15,20261008_225913,gg,recovery,1,600,live,truth,88.2,,1,,,,0,38.69,0.03,0.01,96,ready,9
2026-10-08 23:02:18.271,184.35,20261008_225913,gg,recovery,1,600,live,truth,88.2,,1,,,,0,38.69,0.028,0.009,96,ready,9
2026-10-08 23:02:18.476,184.56,20261008_225913,gg,recovery,1,600,live,truth,88.2,,1,,,,0,38.69,0.027,0.009,96,ready,9
2026-10-08 23:02:18.683,184.77,20261008_225913,gg,recovery,1,600,live,truth,88.2,,1,,,,0,38.7,0.025,0.008,96,ready,9
2026-10-08 23:02:18.894,184.98,20261008_225913,gg,recovery,1,600,live,truth,88.2,,1,,,,0,38.7,0.024,0.008,96,ready,9
2026-10-08 23:02:19.101,185.18,20261008_225913,gg,recovery,1,600,live,truth,88.2,,1,,,,0,38.7,0.022,0.008,96,ready,9
2026-10-08 23:02:19.308,185.39,20261008_225913,gg,recovery,1,600,live,truth,88.2,,1,,,,0,38.7,0.021,0.007,96,ready,9
2026-10-08 23:02:19.514,185.6,20261008_225913,gg,recovery,1,600,live,truth,88.2,,1,,,,0,38.7,0.021,0.007,96,ready,9
2026-10-08 23:02:19.725,185.81,20261008_225913,gg,recovery,1,600,live,truth,88.2,,1,,,,0,38.7,0.02,0.006,96,ready,9
2026-10-08 23:02:19.928,186.01,20261008_225913,gg,recovery,1,600,live,truth,88.2,,1,,,,0,38.7,0.02,0.006,96,ready,9
2026-10-08 23:02:20.134,186.22,20261008_225913,gg,recovery,1,600,live,truth,88.2,,1,,,,0,38.71,0.02,0.006,96,ready,9
2026-10-08 23:02:20.342,186.42,20261008_225913,gg,recovery,1,600,live,truth,88.2,,1,,,,0,38.68,0.019,0.006,96,ready,9
2026-10-08 23:02:20.549,186.63,20261008_225913,gg,recovery,1,600,live,truth,88.2,,1,,,,0,38.68,0.02,0.006,96,ready,9
2026-10-08 23:02:20.754,186.84,20261008_225913,gg,recovery,1,600,live,truth,88.2,,1,,,,0,38.68,0.02,0.005,96,ready,9
2026-10-08 23:02:20.969,187.05,20261008_225913,gg,recovery,1,600,live,truth,88.2,,1,,,,0,38.69,0.023,0.005,97,ready,9
2026-10-08 23:02:21.178,187.26,20261008_225913,gg,recovery,1,600,live,truth,88.2,,1,,,,0,38.69,0.043,0.012,97,ready,9
2026-10-08 23:02:21.383,187.47,20261008_225913,gg,recovery,1,600,live,truth,88.2,,1,,,,0,38.69,0.084,0.025,97,ready,9
2026-10-08 23:02:21.597,187.68,20261008_225913,gg,recovery,1,600,live,truth,88.2,,1,,,,0,38.69,0.093,0.028,97,ready,9
2026-10-08 23:02:21.803,187.88,20261008_225913,gg,recovery,1,600,live,truth,88.2,,1,,,,0,38.69,0.091,0.026,97,ready,9
2026-10-08 23:02:21.994,188.08,20261008_225913,gg,recovery,1,600,live,truth,88.2,,1,,,,0,38.69,0.085,0.025,98,ready,9
2026-10-08 23:02:22.203,188.29,20261008_225913,gg,recovery,1,600,live,truth,88.2,,1,,,,0,38.7,0.079,0.023,98,ready,9
2026-10-08 23:02:22.413,188.5,20261008_225913,gg,recovery,1,600,live,truth,88.2,,1,,,,0,38.7,0.072,0.022,98,ready,9
2026-10-08 23:02:22.622,188.7,20261008_225913,gg,recovery,1,600,live,truth,,,1,,,,0,38.7,0.066,0.022,91,ready,9
2026-10-08 23:02:22.825,188.91,20261008_225913,gg,recovery,1,600,live,truth,164.3,,1,,,,0,38.71,0.064,0.021,92,ready,9
2026-10-08 23:02:23.032,189.11,20261008_225913,gg,recovery,1,600,live,truth,164.3,,1,,,,0,38.71,0.066,0.022,93,ready,9
2026-10-08 23:02:23.236,189.32,20261008_225913,gg,recovery,1,600,live,truth,164.3,,1,,,,0,38.71,0.067,0.022,94,ready,9
2026-10-08 23:02:23.446,189.53,20261008_225913,gg,recovery,1,600,live,truth,164.3,,1,,,,0,38.71,0.062,0.021,95,ready,9
2026-10-08 23:02:23.656,189.74,20261008_225913,gg,recovery,1,600,live,truth,149.1,,1,,,,0,38.71,0.057,0.02,96,ready,9
2026-10-08 23:02:23.862,189.94,20261008_225913,gg,recovery,1,600,live,truth,149.1,,1,,,,0,38.72,0.052,0.019,96,ready,9
2026-10-08 23:02:24.062,190.14,20261008_225913,gg,recovery,1,600,live,truth,149.1,,1,,,,0,38.72,0.05,0.021,96,ready,9
2026-10-08 23:02:24.271,190.35,20261008_225913,gg,recovery,1,600,live,truth,132.3,,1,,,,0,38.72,0.046,0.019,97,ready,9
2026-10-08 23:02:24.477,190.56,20261008_225913,gg,recovery,1,600,live,truth,132.3,,1,,,,0,38.7,0.043,0.017,97,ready,9
2026-10-08 23:02:24.682,190.76,20261008_225913,gg,recovery,1,600,live,truth,132.3,,1,,,,0,38.71,0.04,0.016,97,ready,9
2026-10-08 23:02:24.895,190.98,20261008_225913,gg,recovery,1,600,live,truth,132.3,,1,,,,0,38.71,0.039,0.015,97,ready,9
2026-10-08 23:02:25.097,191.18,20261008_225913,gg,recovery,1,600,live,truth,132.3,,1,,,,0,38.71,0.037,0.014,97,ready,9
2026-10-08 23:02:25.304,191.39,20261008_225913,gg,rest,,,,,132.3,,1,,,,0,38.72,0.034,0.013,97,ready,9
2026-10-08 23:02:25.507,191.59,20261008_225913,gg,rest,,,,,132.3,,1,,,,0,38.72,0.032,0.012,97,ready,9
2026-10-08 23:02:25.712,191.79,20261008_225913,gg,rest,,,,,132.3,,1,,,,0,38.72,0.029,0.011,97,ready,9
2026-10-08 23:02:25.919,192.0,20261008_225913,gg,rest,,,,,132.3,,1,,,,0,38.72,0.028,0.01,97,ready,9
2026-10-08 23:02:26.123,192.2,20261008_225913,gg,rest,,,,,132.3,,1,,,,0,38.73,0.026,0.01,97,ready,9
2026-10-08 23:02:26.327,192.41,20261008_225913,gg,rest,,,,,132.3,,1,,,,0,38.73,0.135,0.093,98,ready,9
2026-10-08 23:02:26.532,192.61,20261008_225913,gg,rest,,,,,132.3,,1,,,,0,38.73,0.262,0.34,98,ready,9
2026-10-08 23:02:26.737,192.82,20261008_225913,gg,rest,,,,,132.3,,1,,,,0,38.73,0.278,0.493,98,ready,9
2026-10-08 23:02:26.943,193.03,20261008_225913,gg,rest,,,,,146.8,,1,,,,0,38.74,0.265,0.513,98,ready,9
2026-10-08 23:02:27.159,193.24,20261008_225913,gg,rest,,,,,146.8,,1,,,,0,38.74,0.248,0.486,99,ready,9
2026-10-08 23:02:27.431,193.51,20261008_225913,gg,rest,,,,,146.8,,1,,,,0,38.74,0.252,0.535,99,ready,9
2026-10-08 23:02:27.564,193.65,20261008_225913,gg,rest,,,,,146.8,,1,,,,0,38.74,0.247,0.501,99,ready,9
2026-10-08 23:02:27.764,193.85,20261008_225913,gg,rest,,,,,146.8,,1,,,,0,38.74,0.229,0.455,99,ready,9
2026-10-08 23:02:27.964,194.05,20261008_225913,gg,rest,,,,,146.8,,1,,,,0,38.74,0.209,0.414,99,ready,9
2026-10-08 23:02:28.164,194.25,20261008_225913,gg,rest,,,,,146.8,,1,,,,0,38.74,0.19,0.377,99,ready,9
2026-10-08 23:02:28.378,194.46,20261008_225913,gg,rest,,,,,146.8,,1,,,,0,38.73,0.174,0.342,99,ready,9
2026-10-08 23:02:28.575,194.66,20261008_225913,gg,rest,,,,,146.8,,1,,,,0,38.69,0.158,0.309,99,ready,9
2026-10-08 23:02:28.773,194.86,20261008_225913,gg,rest,,,,,146.8,,1,,,,0,38.69,0.144,0.28,99,ready,9
2026-10-08 23:02:28.986,195.07,20261008_225913,gg,rest,,,,,146.8,,1,,,,0,38.69,0.13,0.254,99,ready,9
2026-10-08 23:02:29.182,195.26,20261008_225913,gg,rest,,,,,146.8,,1,,,,0,38.69,0.118,0.229,99,ready,9
2026-10-08 23:02:29.382,195.46,20261008_225913,gg,rest,,,,,146.8,,1,,,,0,38.69,0.108,0.208,99,ready,9
2026-10-08 23:02:29.587,195.67,20261008_225913,gg,rest,,,,,146.8,,1,,,,0,38.69,0.098,0.188,99,ready,9
2026-10-08 23:02:29.793,195.88,20261008_225913,gg,rest,,,,,,,1,,,,0,38.69,0.09,0.17,96,ready,9
2026-10-08 23:02:30.003,196.09,20261008_225913,gg,rest,,,,,,,1,,,,0,38.69,0.082,0.154,92,ready,9
2026-10-08 23:02:30.213,196.3,20261008_225913,gg,rest,,,,,,,1,,,,0,38.69,0.075,0.14,88,ready,9
2026-10-08 23:02:30.414,196.5,20261008_225913,gg,rest,,,,,,,1,,,,0,38.69,0.071,0.127,84,ready,9
2026-10-08 23:02:30.622,196.7,20261008_225913,gg,rest,,,,,,,1,,,,0,38.69,0.085,0.121,83,ready,9
2026-10-08 23:02:30.829,196.91,20261008_225913,gg,rest,,,,,,,1,,,,0,38.69,0.08,0.11,81,ready,9
2026-10-08 23:02:31.037,197.12,20261008_225913,gg,rest,,,,,,,1,,,,0,38.69,0.073,0.1,79,ready,9
2026-10-08 23:02:31.248,197.33,20261008_225913,gg,rest,,,,,,,1,,,,0,38.69,0.068,0.091,76,ready,9
2026-10-08 23:02:31.453,197.53,20261008_225913,gg,rest,,,,,,,1,,,,0,38.69,0.065,0.083,73,ready,9
2026-10-08 23:02:31.661,197.74,20261008_225913,gg,rest,,,,,,,1,,,,0,38.69,0.06,0.075,70,ready,9
2026-10-08 23:02:31.868,197.95,20261008_225913,gg,rest,,,,,,,1,,,,0,38.69,0.056,0.068,67,ready,9
2026-10-08 23:02:32.072,198.15,20261008_225913,gg,rest,,,,,,,1,,,,0,38.69,0.051,0.062,63,ready,9
2026-10-08 23:02:32.284,198.37,20261008_225913,gg,rest,,,,,,,1,,,,0,38.69,0.048,0.056,60,ready,9
2026-10-08 23:02:32.490,198.57,20261008_225913,gg,rest,,,,,,,1,,,,0,38.69,0.049,0.053,57,ready,9
2026-10-08 23:02:32.694,198.78,20261008_225913,gg,rest,,,,,,,1,,,,0,38.69,0.051,0.063,55,ready,9
2026-10-08 23:02:32.894,198.98,20261008_225913,gg,rest,,,,,,,1,,,,0,38.68,0.089,0.108,60,ready,9
2026-10-08 23:02:33.096,199.18,20261008_225913,gg,rest,,,,,,,1,,,,0,38.64,0.126,0.162,66,ready,9
2026-10-08 23:02:33.305,199.39,20261008_225913,gg,rest,,,,,146.8,,1,,,,0,38.65,0.124,0.169,72,ready,9
2026-10-08 23:02:33.514,199.6,20261008_225913,gg,rest,,,,,146.8,,1,,,,0,38.65,0.122,0.184,77,ready,9
2026-10-08 23:02:33.718,199.8,20261008_225913,gg,rest,,,,,146.8,,1,,,,0,38.65,0.131,0.188,81,ready,9
2026-10-08 23:02:33.927,200.01,20261008_225913,gg,rest,,,,,146.8,,1,,,,0,38.66,0.243,0.306,84,ready,9
2026-10-08 23:02:34.124,200.21,20261008_225913,gg,rest,,,,,146.8,,1,,,,0,38.66,0.371,0.353,87,ready,9
2026-10-08 23:02:34.425,200.51,20261008_225913,gg,rest,,,,,146.8,,1,,,,0,38.66,0.37,0.332,89,ready,9
2026-10-08 23:02:34.538,200.62,20261008_225913,gg,rest,,,,,146.8,,1,,,,0,38.66,0.386,0.388,91,ready,9
2026-10-08 23:02:34.744,200.83,20261008_225913,gg,rest,,,,,146.8,,1,,,,0,38.67,0.441,0.422,93,ready,9
2026-10-08 23:02:34.956,201.04,20261008_225913,gg,rest,,,,,146.8,,1,,,,0,38.66,0.43,0.41,94,ready,9
2026-10-08 23:02:35.164,201.25,20261008_225913,gg,rest,,,,,,,1,,,,0,38.67,0.369,0.398,96,ready,9
2026-10-08 23:02:35.374,201.46,20261008_225913,gg,rest,,,,,,,1,,,,0,38.67,0.342,0.369,96,ready,9
2026-10-08 23:02:35.579,201.66,20261008_225913,gg,rest,,,,,,,1,,,,0,38.67,0.343,0.544,97,ready,9
2026-10-08 23:02:35.782,201.86,20261008_225913,gg,rest,,,,,,,1,,,,0,38.67,0.347,0.537,97,ready,9
2026-10-08 23:02:35.997,202.08,20261008_225913,gg,rest,,,,,86.4,,1,,,,0,38.67,0.366,0.595,98,ready,9
2026-10-08 23:02:36.194,202.28,20261008_225913,gg,rest,,,,,86.4,,1,,,,0,38.67,0.419,0.951,98,ready,9
2026-10-08 23:02:36.404,202.49,20261008_225913,gg,rest,,,,,86.4,,1,,,,0,38.67,0.454,0.969,98,ready,9
2026-10-08 23:02:36.595,202.68,20261008_225913,gg,rest,,,,,86.4,,1,,,,0,38.67,0.42,0.886,98,ready,9
2026-10-08 23:02:36.797,202.88,20261008_225913,gg,rest,,,,,89.9,,1,,,,0,38.68,0.384,0.805,98,ready,9
2026-10-08 23:02:37.009,203.09,20261008_225913,gg,rest,,,,,89.9,,1,,,,0,38.68,0.35,0.737,99,ready,9
2026-10-08 23:02:37.203,203.29,20261008_225913,gg,rest,,,,,98.4,,1,,,,0,38.68,0.318,0.674,99,ready,9
2026-10-08 23:02:37.413,203.49,20261008_225913,gg,rest,,,,,98.4,,1,,,,0,38.68,0.289,0.612,99,ready,9
2026-10-08 23:02:37.617,203.7,20261008_225913,gg,rest,,,,,98.4,,1,,,,0,38.68,0.263,0.558,99,ready,9
2026-10-08 23:02:37.825,203.91,20261008_225913,gg,rest,,,,,98.4,,1,,,,0,38.68,0.242,0.514,99,ready,9
2026-10-08 23:02:38.033,204.12,20261008_225913,gg,rest,,,,,98.4,,1,,,,0,38.68,0.221,0.468,99,ready,9
2026-10-08 23:02:38.260,204.34,20261008_225913,gg,rest,,,,,98.4,,1,,,,0,38.68,0.201,0.423,99,ready,9
2026-10-08 23:02:38.437,204.52,20261008_225913,gg,rest,,,,,98.4,,1,,,,0,38.67,0.184,0.384,99,ready,9
2026-10-08 23:02:38.643,204.73,20261008_225913,gg,rest,,,,,98.4,,1,,,,0,38.67,0.17,0.354,99,ready,9
2026-10-08 23:02:38.852,204.93,20261008_225913,gg,rest,,,,,98.4,,1,,,,0,38.67,0.159,0.324,99,ready,9
2026-10-08 23:02:39.053,205.14,20261008_225913,gg,rest,,,,,98.4,,1,,,,0,38.68,0.145,0.294,99,ready,9
2026-10-08 23:02:39.263,205.35,20261008_225913,gg,rest,,,,,98.4,,1,,,,0,38.68,0.132,0.267,99,ready,9
2026-10-08 23:02:39.469,205.55,20261008_225913,gg,rest,,,,,98.4,,1,,,,0,38.68,0.12,0.242,99,ready,9
2026-10-08 23:02:39.672,205.75,20261008_225913,gg,rest,,,,,98.4,,1,,,,0,38.68,0.11,0.22,99,ready,9
2026-10-08 23:02:39.881,205.96,20261008_225913,gg,rest,,,,,98.4,,1,,,,0,38.68,0.101,0.2,99,ready,9
2026-10-08 23:02:40.087,206.17,20261008_225913,gg,rest,,,,,98.4,,1,,,,0,38.68,0.093,0.181,99,ready,9
2026-10-08 23:02:40.292,206.37,20261008_225913,gg,rest,,,,,,,1,,,,0,38.68,0.089,0.169,95,ready,9
2026-10-08 23:02:40.501,206.58,20261008_225913,gg,rest,,,,,,,1,,,,0,38.68,0.082,0.155,92,ready,9
2026-10-08 23:02:40.709,206.79,20261008_225913,gg,rest,,,,,,,1,,,,0,38.68,0.075,0.144,88,ready,9
2026-10-08 23:02:40.917,207.0,20261008_225913,gg,rest,,,,,,,1,,,,0,38.68,0.07,0.136,84,ready,9
2026-10-08 23:02:41.123,207.21,20261008_225913,gg,rest,,,,,,,1,,,,0,38.68,0.074,0.141,81,ready,9
2026-10-08 23:02:41.328,207.41,20261008_225913,gg,rest,,,,,,,1,,,,0,38.68,0.068,0.127,78,ready,9
2026-10-08 23:02:41.535,207.62,20261008_225913,gg,rest,,,,,,,1,,,,0,38.69,0.064,0.117,75,ready,9
2026-10-08 23:02:41.745,207.83,20261008_225913,gg,rest,,,,,,,1,,,,0,38.68,0.063,0.12,72,ready,9
2026-10-08 23:02:41.954,208.04,20261008_225913,gg,rest,,,,,,,1,,,,0,38.68,0.064,0.118,69,ready,9
2026-10-08 23:02:42.179,208.26,20261008_225913,gg,rest,,,,,,,1,,,,0,38.67,0.07,0.118,68,ready,9
2026-10-08 23:02:44.244,210.33,20261008_225913,gg,rest,,,,,,,1,,,,0,38.67,0.05,0.084,56,ready,9
2026-10-08 23:02:44.535,210.62,20261008_225913,gg,rest,,,,,,,1,,,,0,38.67,0.049,0.077,54,ready,9
2026-10-08 23:02:44.646,210.73,20261008_225913,gg,rest,,,,,,,1,,,,0,38.67,0.049,0.071,52,ready,9
2026-10-08 23:02:44.851,210.93,20261008_225913,gg,rest,,,,,,,1,,,,0,38.67,0.047,0.065,51,ready,9
2026-10-08 23:02:45.061,211.14,20261008_225913,gg,rest,,,,,,,1,,,,0,38.67,0.045,0.06,49,ready,9
2026-10-08 23:02:45.266,211.35,20261008_225913,gg,rest,,,,,,,1,,,,0,38.67,0.042,0.054,47,ready,9
2026-10-08 23:02:45.472,211.55,20261008_225913,gg,rest,,,,,,,1,,,,0,38.67,0.039,0.049,45,ready,9
2026-10-08 23:02:45.677,211.76,20261008_225913,gg,rest,,,,,,,1,,,,0,38.67,0.036,0.044,43,ready,9
2026-10-08 23:02:45.886,211.97,20261008_225913,gg,rest,,,,,,,1,,,,0,38.67,0.035,0.041,41,ready,9
2026-10-08 23:02:46.092,212.17,20261008_225913,gg,rest,,,,,,,1,,,,0,38.67,0.035,0.037,39,ready,9
2026-10-08 23:02:46.299,212.38,20261008_225913,gg,rest,,,,,,,1,,,,0,38.67,0.039,0.037,38,ready,9
2026-10-08 23:02:46.506,212.59,20261008_225913,gg,rest,,,,,,,1,,,,0,38.67,0.039,0.034,38,ready,9
2026-10-08 23:02:46.716,212.8,20261008_225913,gg,rest,,,,,,,1,,,,0,38.67,0.036,0.032,37,ready,9
2026-10-08 23:02:46.918,213.0,20261008_225913,gg,rest,,,,,,,1,,,,0,38.67,0.036,0.031,36,ready,9
2026-10-08 23:02:47.126,213.21,20261008_225913,gg,rest,,,,,,,1,,,,0,38.67,0.036,0.03,35,ready,9
2026-10-08 23:02:47.335,213.42,20261008_225913,gg,rest,,,,,,,1,,,,0,38.67,0.036,0.029,35,ready,9
2026-10-08 23:02:47.543,213.62,20261008_225913,gg,rest,,,,,108.8,,1,,,,0,38.67,0.035,0.027,46,ready,9
2026-10-08 23:02:47.751,213.83,20261008_225913,gg,rest,,,,,108.8,,1,,,,0,38.63,0.033,0.025,56,ready,9
2026-10-08 23:02:47.963,214.05,20261008_225913,gg,rest,,,,,108.8,,1,,,,0,38.63,0.038,0.023,63,ready,9
2026-10-08 23:02:48.161,214.24,20261008_225913,gg,rest,,,,,113.9,183.8,1,,,,0,38.63,0.036,0.021,69,ready,9
2026-10-08 23:02:48.428,214.51,20261008_225913,gg,rest,,,,,113.9,183.8,1,,,,0,38.64,0.035,0.021,75,ready,9
2026-10-08 23:02:48.575,214.66,20261008_225913,gg,rest,,,,,113.9,183.8,1,,,,0,38.64,0.034,0.02,79,ready,9
2026-10-08 23:02:48.781,214.86,20261008_225913,gg,rest,,,,,113.9,183.8,1,,,,0,38.64,0.036,0.018,82,ready,9
2026-10-08 23:02:48.990,215.07,20261008_225913,gg,rest,,,,,113.9,183.8,1,,,,0,38.64,0.041,0.019,85,ready,9
2026-10-08 23:02:49.198,215.28,20261008_225913,gg,rest,,,,,113.9,183.8,1,,,,0,38.64,0.043,0.02,87,ready,9
2026-10-08 23:02:49.408,215.49,20261008_225913,gg,rest,,,,,117.4,183.8,1,,,,0,38.65,0.053,0.029,91,ready,9
2026-10-08 23:02:49.611,215.69,20261008_225913,gg,rest,,,,,117.4,183.8,1,,,,0,38.65,0.049,0.027,92,ready,9
2026-10-08 23:02:49.815,215.9,20261008_225913,gg,rest,,,,,117.9,166.0,1,,,,0,38.65,0.047,0.025,93,ready,9
2026-10-08 23:02:50.020,216.1,20261008_225913,gg,rest,,,,,117.9,166.0,1,,,,0,38.65,0.047,0.024,94,ready,9
2026-10-08 23:02:50.227,216.31,20261008_225913,gg,rest,,,,,117.9,166.0,1,,,,0,38.65,0.045,0.024,95,ready,9
2026-10-08 23:02:50.482,216.56,20261008_225913,gg,rest,,,,,117.9,166.0,1,,,,0,38.66,0.042,0.022,95,ready,9
2026-10-08 23:02:50.645,216.73,20261008_225913,gg,rest,,,,,117.9,166.0,1,,,,0,38.66,0.042,0.02,96,ready,9
2026-10-08 23:02:50.841,216.92,20261008_225913,gg,rest,,,,,117.9,166.0,1,,,,0,38.66,0.044,0.023,96,ready,9
2026-10-08 23:02:51.049,217.13,20261008_225913,gg,rest,,,,,117.9,166.0,1,,,,0,38.66,0.045,0.022,96,ready,9
2026-10-08 23:02:51.250,217.33,20261008_225913,gg,rest,,,,,117.9,166.0,1,,,,0,38.66,0.044,0.02,97,ready,9
2026-10-08 23:02:51.457,217.54,20261008_225913,gg,rest,,,,,117.9,166.0,1,,,,0,38.66,0.042,0.019,97,ready,9
2026-10-08 23:02:51.667,217.75,20261008_225913,gg,rest,,,,,117.9,166.0,1,,,,0,38.66,0.04,0.017,97,ready,9
2026-10-08 23:02:51.870,217.95,20261008_225913,gg,rest,,,,,117.9,166.0,1,,,,0,38.62,0.041,0.017,97,ready,9
2026-10-08 23:02:52.076,218.16,20261008_225913,gg,rest,,,,,117.9,166.0,1,,,,0,38.62,0.039,0.016,97,ready,9
2026-10-08 23:02:52.280,218.36,20261008_225913,gg,rest,,,,,117.9,166.0,1,,,,0,38.63,0.046,0.022,97,ready,9
2026-10-08 23:02:52.486,218.57,20261008_225913,gg,rest,,,,,,,1,,,,0,38.63,0.048,0.031,88,ready,9
2026-10-08 23:02:52.691,218.77,20261008_225913,gg,rest,,,,,,,1,,,,0,38.64,0.044,0.03,79,ready,9
2026-10-08 23:02:52.897,218.98,20261008_225913,gg,rest,,,,,,,1,,,,0,38.64,0.041,0.027,71,ready,9
2026-10-08 23:02:53.107,219.19,20261008_225913,gg,rest,,,,,,,1,,,,0,38.64,0.038,0.025,65,ready,9
2026-10-08 23:02:53.315,219.4,20261008_225913,gg,rest,,,,,,,1,,,,0,38.64,0.038,0.023,59,ready,9
2026-10-08 23:02:53.522,219.6,20261008_225913,gg,rest,,,,,,,1,,,,0,38.64,0.036,0.022,54,ready,9
2026-10-08 23:02:53.728,219.81,20261008_225913,gg,rest,,,,,,,1,,,,0,38.65,0.034,0.021,50,ready,9
2026-10-08 23:02:53.934,220.02,20261008_225913,gg,rest,,,,,65.2,,1,,,,0,38.65,0.06,0.025,47,ready,9
2026-10-08 23:02:54.146,220.23,20261008_225913,gg,rest,,,,,65.2,,1,,,,0,38.65,0.056,0.023,43,ready,9
2026-10-08 23:02:54.348,220.43,20261008_225913,gg,rest,,,,,65.2,,1,,,,0,38.65,0.053,0.023,41,ready,9
2026-10-08 23:02:54.566,220.65,20261008_225913,gg,rest,,,,,65.2,,1,,,,0,38.65,0.06,0.04,39,ready,9
2026-10-08 23:02:54.765,220.85,20261008_225913,gg,rest,,,,,85.0,,1,,,,0,38.65,0.063,0.054,49,ready,9
2026-10-08 23:02:54.969,221.05,20261008_225913,gg,rest,,,,,85.0,,1,,,,0,38.65,0.059,0.054,58,ready,9
2026-10-08 23:02:55.177,221.26,20261008_225913,gg,rest,,,,,85.0,,1,,,,0,38.65,0.057,0.056,65,ready,9
2026-10-08 23:02:55.380,221.46,20261008_225913,gg,rest,,,,,94.5,,1,,,,0,38.65,0.057,0.059,71,ready,9
2026-10-08 23:02:55.585,221.67,20261008_225913,gg,rest,,,,,94.5,,1,,,,0,38.65,0.057,0.059,76,ready,9
2026-10-08 23:02:55.797,221.88,20261008_225913,gg,rest,,,,,94.5,,1,,,,0,38.65,0.066,0.099,80,ready,9
2026-10-08 23:02:56.001,222.08,20261008_225913,gg,rest,,,,,94.5,,1,,,,0,38.65,0.062,0.1,83,ready,9
2026-10-08 23:02:56.207,222.29,20261008_225913,gg,rest,,,,,94.5,,1,,,,0,38.62,0.066,0.106,88,ready,9
2026-10-08 23:02:56.414,222.5,20261008_225913,gg,rest,,,,,94.5,,1,,,,0,38.63,0.065,0.119,90,ready,9
2026-10-08 23:02:56.629,222.71,20261008_225913,gg,rest,,,,,94.5,,1,,,,0,38.63,0.067,0.123,91,ready,9
2026-10-08 23:02:56.825,222.91,20261008_225913,gg,rest,,,,,94.5,,1,,,,0,38.63,0.062,0.12,93,ready,9
2026-10-08 23:02:57.029,223.11,20261008_225913,gg,rest,,,,,94.5,,1,,,,0,38.63,0.058,0.11,94,ready,9
2026-10-08 23:02:57.238,223.32,20261008_225913,gg,rest,,,,,94.5,,1,,,,0,38.64,0.053,0.101,94,ready,9
2026-10-08 23:02:57.437,223.52,20261008_225913,gg,rest,,,,,94.5,,1,,,,0,38.64,0.049,0.093,95,ready,9
2026-10-08 23:02:57.645,223.73,20261008_225913,gg,rest,,,,,94.5,,1,,,,0,38.64,0.046,0.085,96,ready,9
2026-10-08 23:02:57.848,223.93,20261008_225913,gg,rest,,,,,94.5,,1,,,,0,38.65,0.044,0.077,96,ready,9
2026-10-08 23:02:58.051,224.13,20261008_225913,gg,rest,,,,,94.5,,1,,,,0,38.65,0.04,0.07,96,ready,9
2026-10-08 23:02:58.252,224.33,20261008_225913,gg,rest,,,,,94.5,,1,,,,0,38.65,0.037,0.063,97,ready,9
2026-10-08 23:02:58.458,224.54,20261008_225913,gg,rest,,,,,94.5,,1,,,,0,38.66,0.035,0.057,97,ready,9
2026-10-08 23:02:58.665,224.75,20261008_225913,gg,rest,,,,,94.5,,1,,,,0,38.66,0.033,0.052,97,ready,9
2026-10-08 23:02:58.871,224.95,20261008_225913,gg,rest,,,,,94.5,,1,,,,0,38.66,0.031,0.047,97,ready,9
2026-10-08 23:02:59.077,225.16,20261008_225913,gg,rest,,,,,94.5,,1,,,,0,38.66,0.029,0.043,97,ready,9
2026-10-08 23:02:59.290,225.37,20261008_225913,gg,rest,,,,,94.5,,1,,,,0,38.66,0.027,0.039,97,ready,9
2026-10-08 23:02:59.492,225.57,20261008_225913,gg,rest,,,,,94.5,,1,,,,0,38.66,0.025,0.035,97,ready,9
2026-10-08 23:02:59.704,225.79,20261008_225913,gg,rest,,,,,94.5,,1,,,,0,38.66,0.024,0.032,97,ready,9
2026-10-08 23:02:59.904,225.99,20261008_225913,gg,rest,,,,,94.5,,1,,,,0,38.66,0.025,0.029,97,ready,9
2026-10-08 23:03:00.110,226.19,20261008_225913,gg,rest,,,,,94.5,,1,,,,0,38.66,0.023,0.027,97,ready,9
2026-10-08 23:03:00.307,226.39,20261008_225913,gg,rest,,,,,94.5,,1,,,,0,38.66,0.024,0.025,97,ready,9
2026-10-08 23:03:00.609,226.69,20261008_225913,gg,rest,,,,,106.3,,1,,,,0,38.61,0.027,0.025,97,ready,9
2026-10-08 23:03:00.716,226.8,20261008_225913,gg,rest,,,,,106.3,,1,,,,0,38.61,0.048,0.047,97,ready,9
2026-10-08 23:03:00.912,226.99,20261008_225913,gg,rest,,,,,106.3,,1,,,,0,38.62,0.054,0.056,98,ready,9
2026-10-08 23:03:01.116,227.2,20261008_225913,gg,rest,,,,,106.3,,1,,,,0,38.62,0.053,0.055,98,ready,9
2026-10-08 23:03:01.328,227.41,20261008_225913,gg,rest,,,,,98.6,,1,,,,0,38.63,0.066,0.09,98,ready,9
2026-10-08 23:03:01.532,227.61,20261008_225913,gg,rest,,,,,98.6,,1,,,,0,38.63,0.094,0.164,98,ready,9
2026-10-08 23:03:01.737,227.82,20261008_225913,gg,rest,,,,,98.6,,1,,,,0,38.64,0.106,0.187,98,ready,9
2026-10-08 23:03:01.947,228.03,20261008_225913,gg,rest,,,,,106.3,717.8,1,,,,0,38.64,0.101,0.186,98,ready,9
2026-10-08 23:03:02.152,228.23,20261008_225913,gg,rest,,,,,106.3,717.8,1,,,,0,38.64,0.099,0.171,98,ready,9
2026-10-08 23:03:02.353,228.44,20261008_225913,gg,rest,,,,,106.3,717.8,1,,,,0,38.64,0.1,0.157,98,ready,9
2026-10-08 23:03:02.559,228.64,20261008_225913,gg,rest,,,,,109.1,642.4,1,,,,0,38.65,0.113,0.167,98,ready,9
2026-10-08 23:03:02.770,228.85,20261008_225913,gg,rest,,,,,109.1,642.4,1,,,,0,38.65,0.115,0.179,99,ready,9
2026-10-08 23:03:02.971,229.05,20261008_225913,gg,rest,,,,,109.1,642.4,1,,,,0,38.61,0.108,0.176,99,ready,9
2026-10-08 23:03:03.177,229.26,20261008_225913,gg,rest,,,,,109.1,586.8,1,,,,0,38.61,0.117,0.202,99,ready,9
2026-10-08 23:03:03.385,229.47,20261008_225913,gg,rest,,,,,109.1,586.8,1,,,,0,38.62,0.114,0.205,99,ready,9
2026-10-08 23:03:03.591,229.67,20261008_225913,gg,rest,,,,,109.1,546.7,1,,,,0,38.62,0.113,0.203,99,ready,9
2026-10-08 23:03:03.796,229.88,20261008_225913,gg,rest,,,,,109.1,546.7,1,,,,0,38.63,0.132,0.206,99,ready,9
2026-10-08 23:03:04.011,230.09,20261008_225913,gg,rest,,,,,109.1,546.7,1,,,,0,38.64,0.154,0.205,99,ready,9
2026-10-08 23:03:04.209,230.29,20261008_225913,gg,rest,,,,,109.1,546.7,1,,,,0,38.64,0.143,0.195,99,ready,9
2026-10-08 23:03:04.416,230.5,20261008_225913,gg,rest,,,,,109.1,546.7,1,,,,0,38.64,0.132,0.178,99,ready,9
2026-10-08 23:03:04.621,230.7,20261008_225913,gg,rest,,,,,109.1,546.7,1,,,,0,38.61,0.123,0.167,99,ready,9
2026-10-08 23:03:04.830,230.91,20261008_225913,gg,rest,,,,,109.1,546.7,1,,,,0,38.61,0.114,0.161,99,ready,9
2026-10-08 23:03:05.036,231.12,20261008_225913,gg,rest,,,,,109.1,546.7,1,,,,0,38.62,0.103,0.149,99,ready,9
2026-10-08 23:03:05.243,231.32,20261008_225913,gg,rest,,,,,109.1,546.7,1,,,,0,38.62,0.099,0.139,99,ready,9
2026-10-08 23:03:05.449,231.53,20261008_225913,gg,rest,,,,,109.1,546.7,1,,,,0,38.61,0.096,0.132,99,ready,9
2026-10-08 23:03:05.655,231.74,20261008_225913,gg,rest,,,,,109.1,546.7,1,,,,0,38.61,0.09,0.129,99,ready,9
2026-10-08 23:03:05.862,231.94,20261008_225913,gg,rest,,,,,,,1,,,,0,38.62,0.082,0.119,95,ready,9
2026-10-08 23:03:06.066,232.15,20261008_225913,gg,rest,,,,,,,1,,,,0,38.62,0.078,0.113,91,ready,9
2026-10-08 23:03:06.276,232.36,20261008_225913,gg,rest,,,,,80.1,,1,,,,0,38.63,0.087,0.109,91,ready,9
2026-10-08 23:03:06.480,232.56,20261008_225913,gg,rest,,,,,80.1,,1,,,,0,38.63,0.092,0.105,91,ready,9
2026-10-08 23:03:06.690,232.77,20261008_225913,gg,rest,,,,,80.1,,1,,,,0,38.64,0.095,0.125,91,ready,9
2026-10-08 23:03:06.892,232.97,20261008_225913,gg,rest,,,,,111.0,,1,,,,0,38.64,0.096,0.132,93,ready,9
2026-10-08 23:03:07.096,233.18,20261008_225913,gg,rest,,,,,111.0,,1,,,,0,38.64,0.098,0.132,94,ready,9
2026-10-08 23:03:07.306,233.39,20261008_225913,gg,rest,,,,,119.4,,1,,,,0,38.64,0.133,0.181,95,ready,9
2026-10-08 23:03:07.516,233.6,20261008_225913,gg,rest,,,,,119.4,,1,,,,0,38.65,0.14,0.208,95,ready,9
2026-10-08 23:03:07.717,233.8,20261008_225913,gg,rest,,,,,119.4,,1,,,,0,38.65,0.128,0.191,96,ready,9
2026-10-08 23:03:07.945,234.03,20261008_225913,gg,rest,,,,,119.4,,1,,,,0,38.65,0.116,0.177,97,ready,9
2026-10-08 23:03:08.136,234.22,20261008_225913,gg,rest,,,,,119.4,,1,,,,0,38.65,0.106,0.16,97,ready,9
2026-10-08 23:03:08.352,234.43,20261008_225913,gg,rest,,,,,119.4,,1,,,,0,38.66,0.097,0.146,97,ready,9
2026-10-08 23:03:08.547,234.63,20261008_225913,gg,rest,,,,,119.4,,1,,,,0,38.66,0.088,0.133,98,ready,9
2026-10-08 23:03:08.756,234.84,20261008_225913,gg,rest,,,,,119.4,,1,,,,0,38.66,0.08,0.121,98,ready,9
2026-10-08 23:03:08.961,235.04,20261008_225913,gg,rest,,,,,119.4,,1,,,,0,38.68,0.079,0.113,98,ready,9
2026-10-08 23:03:09.170,235.25,20261008_225913,gg,rest,,,,,119.4,,1,,,,0,38.66,0.117,0.13,98,ready,9
2026-10-08 23:03:09.377,235.46,20261008_225913,gg,rest,,,,,111.0,,1,,,,0,38.66,0.144,0.127,98,ready,9
2026-10-08 23:03:09.585,235.67,20261008_225913,gg,rest,,,,,111.0,,1,,,,0,38.66,0.14,0.156,98,ready,9
2026-10-08 23:03:09.793,235.88,20261008_225913,gg,rest,,,,,111.0,,1,,,,0,38.66,0.137,0.168,99,ready,9
2026-10-08 23:03:09.997,236.08,20261008_225913,gg,rest,,,,,111.0,319.2,1,,,,0,38.66,0.125,0.154,99,ready,9
2026-10-08 23:03:10.209,236.29,20261008_225913,gg,rest,,,,,111.0,319.2,1,,,,0,38.66,0.118,0.155,99,ready,9
2026-10-08 23:03:12.375,238.46,20261008_225913,gg,rest,,,,,107.9,267.4,1,,,,0,38.67,0.059,0.067,98,ready,9
2026-10-08 23:03:12.572,238.65,20261008_225913,gg,rest,,,,,107.9,267.4,1,,,,0,38.67,0.06,0.062,98,ready,9
2026-10-08 23:03:12.777,238.86,20261008_225913,gg,rest,,,,,107.9,267.4,1,,,,0,38.67,0.058,0.058,98,ready,9
2026-10-08 23:03:12.985,239.07,20261008_225913,gg,rest,,,,,107.9,267.4,1,,,,0,38.67,0.059,0.06,98,ready,9
2026-10-08 23:03:13.193,239.28,20261008_225913,gg,rest,,,,,107.9,267.4,1,,,,0,38.67,0.073,0.062,98,ready,9
2026-10-08 23:03:13.396,239.48,20261008_225913,gg,rest,,,,,107.9,267.4,1,,,,0,38.67,0.081,0.094,98,ready,9
2026-10-08 23:03:13.613,239.7,20261008_225913,gg,rest,,,,,106.3,267.4,1,,,,0,38.67,0.075,0.091,98,ready,9
2026-10-08 23:03:13.812,239.89,20261008_225913,gg,rest,,,,,106.3,267.4,1,,,,0,38.67,0.071,0.09,98,ready,9
2026-10-08 23:03:14.019,240.1,20261008_225913,gg,rest,,,,,106.3,267.4,1,,,,0,38.67,0.093,0.11,98,ready,9
2026-10-08 23:03:14.224,240.31,20261008_225913,gg,rest,,,,,107.4,247.6,1,,,,0,38.67,0.11,0.136,98,ready,9
2026-10-08 23:03:14.438,240.52,20261008_225913,gg,rest,,,,,107.4,247.6,1,,,,0,38.71,0.1,0.143,99,ready,9
2026-10-08 23:03:14.643,240.73,20261008_225913,gg,rest,,,,,106.3,231.8,1,,,,0,38.71,0.101,0.134,99,ready,9
2026-10-08 23:03:14.846,240.93,20261008_225913,gg,rest,,,,,106.3,231.8,1,,,,0,38.7,0.111,0.142,99,ready,9
2026-10-08 23:03:15.052,241.13,20261008_225913,gg,rest,,,,,106.3,70.7,1,,,,0,38.7,0.11,0.167,99,ready,9
2026-10-08 23:03:15.260,241.34,20261008_225913,gg,rest,,,,,106.3,70.7,1,,,,0,38.7,0.103,0.159,99,ready,9
2026-10-08 23:03:15.471,241.55,20261008_225913,gg,rest,,,,,106.3,70.7,1,,,,0,38.7,0.096,0.144,99,ready,9
2026-10-08 23:03:15.671,241.75,20261008_225913,gg,rest,,,,,106.3,70.7,1,,,,0,38.7,0.097,0.146,99,ready,9
2026-10-08 23:03:15.868,241.95,20261008_225913,gg,rest,,,,,106.3,70.7,1,,,,0,38.69,0.108,0.17,99,ready,9
2026-10-08 23:03:16.074,242.16,20261008_225913,gg,rest,,,,,106.3,64.6,1,,,,0,38.69,0.107,0.163,99,ready,9
2026-10-08 23:03:16.275,242.36,20261008_225913,gg,rest,,,,,106.3,64.6,1,,,,0,38.69,0.098,0.149,99,ready,9
2026-10-08 23:03:20.401,246.48,20261008_225913,gg,question,2,601,live,truth,174.2,,1,,,,0,38.69,0.112,0.126,99,question,9
2026-10-08 23:03:20.604,246.69,20261008_225913,gg,question,2,601,live,truth,174.2,,1,,,,0,38.66,0.102,0.114,99,question,9
2026-10-08 23:03:20.810,246.89,20261008_225913,gg,question,2,601,live,truth,172.4,,1,,,,0,38.67,0.094,0.106,99,question,9
2026-10-08 23:03:21.019,247.1,20261008_225913,gg,question,2,601,live,truth,172.4,,1,,,,0,38.69,0.086,0.097,99,question,9
2026-10-08 23:03:21.220,247.3,20261008_225913,gg,question,2,601,live,truth,172.4,,1,,,,0,38.66,0.082,0.089,99,question,9
2026-10-08 23:03:21.421,247.5,20261008_225913,gg,question,2,601,live,truth,172.4,,1,,,,0,38.66,0.076,0.081,99,question,9
2026-10-08 23:03:21.694,247.78,20261008_225913,gg,question,2,601,live,truth,172.4,,1,,,,0,38.66,0.07,0.074,98,question,9
2026-10-08 23:03:21.824,247.91,20261008_225913,gg,question,2,601,live,truth,172.4,,1,,,,0,38.67,0.065,0.067,98,question,9
2026-10-08 23:03:22.029,248.11,20261008_225913,gg,question,2,601,live,truth,172.4,,1,,,,0,38.67,0.06,0.061,98,question,9
2026-10-08 23:03:22.236,248.32,20261008_225913,gg,question,2,601,live,truth,172.4,,1,,,,0,38.63,0.056,0.057,98,question,9
2026-10-08 23:03:22.439,248.52,20261008_225913,gg,question,2,601,live,truth,172.4,,1,,,,0,38.63,0.071,0.07,98,question,9
2026-10-08 23:03:22.646,248.73,20261008_225913,gg,question,2,601,live,truth,160.0,,1,,,,0,38.64,0.079,0.068,98,question,9
2026-10-08 23:03:22.853,248.93,20261008_225913,gg,question,2,601,live,truth,160.0,,1,,,,0,38.64,0.082,0.065,98,question,9
2026-10-08 23:03:23.056,249.14,20261008_225913,gg,question,2,601,live,truth,149.2,,1,,,,0,38.64,0.077,0.06,98,question,9
2026-10-08 23:03:23.259,249.34,20261008_225913,gg,question,2,601,live,truth,149.2,,1,,,,0,38.65,0.072,0.057,98,question,9
2026-10-08 23:03:23.465,249.55,20261008_225913,gg,question,2,601,live,truth,149.2,,1,,,,0,38.66,0.067,0.056,98,question,9
2026-10-08 23:03:23.670,249.75,20261008_225913,gg,question,2,601,live,truth,149.2,,1,,,,0,38.66,0.064,0.057,98,question,9
2026-10-08 23:03:23.874,249.96,20261008_225913,gg,question,2,601,live,truth,149.2,,1,,,,0,38.66,0.097,0.069,98,question,9
2026-10-08 23:03:24.082,250.16,20261008_225913,gg,question,2,601,live,truth,149.2,,1,,,,0,38.67,0.132,0.13,99,question,9
2026-10-08 23:03:24.291,250.37,20261008_225913,gg,question,2,601,live,truth,149.2,,1,,,,0,38.67,0.131,0.175,99,question,9
2026-10-08 23:03:24.494,250.58,20261008_225913,gg,question,2,601,live,truth,149.2,,1,,,,0,38.68,0.121,0.159,99,question,9
2026-10-08 23:03:24.699,250.78,20261008_225913,gg,question,2,601,live,truth,149.2,,1,,,,0,38.68,0.113,0.146,99,question,9
2026-10-08 23:03:24.906,250.99,20261008_225913,gg,question,2,601,live,truth,149.2,,1,,,,0,38.68,0.105,0.133,99,question,9
2026-10-08 23:03:25.109,251.19,20261008_225913,gg,question,2,601,live,truth,149.2,,1,,,,0,38.69,0.101,0.133,99,question,9
2026-10-08 23:03:25.310,251.39,20261008_225913,gg,question,2,601,live,truth,149.2,,1,,,,0,38.69,0.095,0.127,99,question,9
2026-10-08 23:03:25.518,251.6,20261008_225913,gg,question,2,601,live,truth,149.2,,1,,,,0,38.69,0.091,0.149,99,question,9
2026-10-08 23:03:25.723,251.81,20261008_225913,gg,question,2,601,live,truth,149.2,,1,,,,0,38.69,0.225,0.249,99,question,9
2026-10-08 23:03:25.931,252.01,20261008_225913,gg,question,2,601,live,truth,149.2,,1,,,,0,38.69,0.234,0.287,99,question,9
2026-10-08 23:03:26.138,252.22,20261008_225913,gg,question,2,601,live,truth,,,1,,,,0,38.69,0.213,0.262,99,question,9
2026-10-08 23:03:26.344,252.43,20261008_225913,gg,question,2,601,live,truth,,,1,,,,0,38.69,0.193,0.237,99,question,9
2026-10-08 23:03:26.605,252.69,20261008_225913,gg,question,2,601,live,truth,130.6,,1,,,,0,38.7,0.178,0.223,99,question,9
2026-10-08 23:03:26.755,252.84,20261008_225913,gg,question,2,601,live,truth,173.0,,1,,,,0,38.7,0.166,0.205,99,question,9
2026-10-08 23:03:26.956,253.04,20261008_225913,gg,question,2,601,live,truth,173.0,,1,,,,0,38.71,0.151,0.186,99,question,9
2026-10-08 23:03:27.160,253.24,20261008_225913,gg,question,2,601,live,truth,173.0,,1,,,,0,38.71,0.138,0.169,99,question,9
2026-10-08 23:03:27.369,253.45,20261008_225913,gg,question,2,601,live,truth,173.0,,1,,,,0,38.72,0.125,0.154,99,question,9
2026-10-08 23:03:27.578,253.66,20261008_225913,gg,question,2,601,live,truth,173.0,,1,,,,0,38.72,0.114,0.139,99,question,9
2026-10-08 23:03:27.781,253.86,20261008_225913,gg,question,2,601,live,truth,173.0,,1,,,,0,38.72,0.104,0.126,99,question,9
2026-10-08 23:03:27.988,254.07,20261008_225913,gg,question,2,601,live,truth,173.0,,1,,,,0,38.73,0.094,0.114,99,question,9
2026-10-08 23:03:28.193,254.28,20261008_225913,gg,question,2,601,live,truth,172.0,,1,,,,0,38.73,0.086,0.103,99,question,9
2026-10-08 23:03:28.398,254.48,20261008_225913,gg,question,2,601,live,truth,172.0,,1,,,,0,38.73,0.078,0.094,99,question,9
2026-10-08 23:03:28.605,254.69,20261008_225913,gg,question,2,601,live,truth,172.0,,1,,,,0,38.73,0.071,0.085,99,question,9
2026-10-08 23:03:28.811,254.89,20261008_225913,gg,question,2,601,live,truth,172.0,,1,,,,0,38.73,0.065,0.077,99,question,9
2026-10-08 23:03:29.014,255.1,20261008_225913,gg,question,2,601,live,truth,172.0,,1,,,,0,38.72,0.059,0.07,99,question,9
2026-10-08 23:03:29.220,255.3,20261008_225913,gg,question,2,601,live,truth,172.0,,1,,,,0,38.73,0.055,0.063,98,question,9
2026-10-08 23:03:29.432,255.51,20261008_225913,gg,question,2,601,live,truth,172.0,,1,,,,0,38.75,0.05,0.057,98,question,9
2026-10-08 23:03:29.636,255.72,20261008_225913,gg,question,2,601,live,truth,172.0,,1,,,,0,38.74,0.046,0.052,98,question,9
2026-10-08 23:03:29.842,255.92,20261008_225913,gg,question,2,601,live,truth,172.0,,1,,,,0,38.75,0.043,0.047,98,question,9
2026-10-08 23:03:30.099,256.18,20261008_225913,gg,question,2,601,live,truth,172.0,,1,,,,0,38.75,0.041,0.043,98,question,9
2026-10-08 23:03:30.253,256.34,20261008_225913,gg,question,2,601,live,truth,171.0,,1,,,,0,38.76,0.038,0.039,98,question,9
2026-10-08 23:03:30.460,256.54,20261008_225913,gg,question,2,601,live,truth,171.0,,1,,,,0,38.76,0.035,0.035,98,question,9
2026-10-08 23:03:30.668,256.75,20261008_225913,gg,question,2,601,live,truth,171.0,,1,,,,0,38.76,0.034,0.032,98,question,9
2026-10-08 23:03:30.877,256.96,20261008_225913,gg,recovery,2,601,live,truth,171.0,,1,,,,0,38.76,0.032,0.03,98,ready,9
2026-10-08 23:03:31.084,257.17,20261008_225913,gg,recovery,2,601,live,truth,171.0,,1,,,,0,38.77,0.031,0.027,98,ready,9
2026-10-08 23:03:31.291,257.37,20261008_225913,gg,recovery,2,601,live,truth,171.0,,1,,,,0,38.77,0.03,0.025,98,ready,9
2026-10-08 23:03:31.502,257.58,20261008_225913,gg,recovery,2,601,live,truth,171.0,,1,,,,0,38.77,0.029,0.023,98,ready,9
2026-10-08 23:03:31.708,257.79,20261008_225913,gg,recovery,2,601,live,truth,171.0,,1,,,,0,38.78,0.029,0.023,98,ready,9
2026-10-08 23:03:31.943,258.03,20261008_225913,gg,recovery,2,601,live,truth,171.0,,1,,,,0,38.78,0.027,0.022,98,ready,9
2026-10-08 23:03:32.117,258.2,20261008_225913,gg,recovery,2,601,live,truth,171.0,,1,,,,0,38.78,0.026,0.023,98,ready,9
2026-10-08 23:03:32.325,258.41,20261008_225913,gg,recovery,2,601,live,truth,171.0,,1,,,,0,38.78,0.024,0.021,97,ready,9
2026-10-08 23:03:32.528,258.61,20261008_225913,gg,recovery,2,601,live,truth,171.0,,1,,,,0,38.78,0.023,0.022,97,ready,9
2026-10-08 23:03:32.731,258.81,20261008_225913,gg,recovery,2,601,live,truth,171.0,,1,,,,0,38.78,0.023,0.021,97,ready,9
2026-10-08 23:03:32.937,259.02,20261008_225913,gg,recovery,2,601,live,truth,171.0,,1,,,,0,38.78,0.024,0.02,97,ready,9
2026-10-08 23:03:33.144,259.23,20261008_225913,gg,recovery,2,601,live,truth,171.0,,1,,,,0,38.79,0.023,0.019,97,ready,9
2026-10-08 23:03:33.354,259.44,20261008_225913,gg,recovery,2,601,live,truth,171.0,,1,,,,0,38.79,0.022,0.018,97,ready,9
2026-10-08 23:03:33.557,259.64,20261008_225913,gg,recovery,2,601,live,truth,171.0,,1,,,,0,38.79,0.021,0.017,97,ready,9
2026-10-08 23:03:33.762,259.84,20261008_225913,gg,recovery,2,601,live,truth,171.0,,1,,,,0,38.79,0.02,0.016,97,ready,9
2026-10-08 23:03:33.990,260.07,20261008_225913,gg,recovery,2,601,live,truth,171.0,,1,,,,0,38.79,0.031,0.028,97,ready,9
2026-10-08 23:03:34.201,260.28,20261008_225913,gg,recovery,2,601,live,truth,171.0,,1,,,,0,38.79,0.042,0.068,97,ready,9
2026-10-08 23:03:34.383,260.47,20261008_225913,gg,recovery,2,601,live,truth,171.0,,1,,,,0,38.79,0.05,0.074,98,ready,9
2026-10-08 23:03:34.592,260.67,20261008_225913,gg,recovery,2,601,live,truth,154.4,126.3,1,,,,0,38.79,0.051,0.069,98,ready,9
2026-10-08 23:03:34.800,260.88,20261008_225913,gg,recovery,2,601,live,truth,154.4,126.3,1,,,,0,38.79,0.047,0.064,98,ready,9
2026-10-08 23:03:35.002,261.08,20261008_225913,gg,recovery,2,601,live,truth,154.4,126.3,1,,,,0,38.79,0.043,0.058,98,ready,9
2026-10-08 23:03:35.223,261.31,20261008_225913,gg,recovery,2,601,live,truth,154.4,126.3,1,,,,0,38.79,0.04,0.053,98,ready,9
2026-10-08 23:03:35.412,261.49,20261008_225913,gg,recovery,2,601,live,truth,154.4,126.3,1,,,,0,38.79,0.038,0.049,98,ready,9
2026-10-08 23:03:35.621,261.7,20261008_225913,gg,recovery,2,601,live,truth,154.4,126.3,1,,,,0,38.79,0.035,0.047,98,ready,9
2026-10-08 23:03:35.826,261.91,20261008_225913,gg,recovery,2,601,live,truth,154.4,126.3,1,,,,0,38.79,0.036,0.052,98,ready,9
2026-10-08 23:03:36.038,262.12,20261008_225913,gg,recovery,2,601,live,truth,154.4,126.3,1,,,,0,38.79,0.047,0.071,98,ready,9
2026-10-08 23:03:36.242,262.32,20261008_225913,gg,recovery,2,601,live,truth,154.4,126.3,1,,,,0,38.79,0.047,0.069,98,ready,9
2026-10-08 23:03:38.469,264.55,20261008_225913,gg,recovery,2,601,live,truth,153.8,,1,,,,0,38.78,0.498,0.777,99,ready,9
2026-10-08 23:03:38.670,264.75,20261008_225913,gg,recovery,2,601,live,truth,144.0,,1,,,,0,38.78,0.453,0.704,99,ready,9
2026-10-08 23:03:38.871,264.95,20261008_225913,gg,recovery,2,601,live,truth,144.0,,1,,,,0,38.78,0.412,0.64,99,ready,9
2026-10-08 23:03:39.078,265.16,20261008_225913,gg,recovery,2,601,live,truth,144.7,317.9,1,,,,0,38.77,0.373,0.58,99,ready,9
2026-10-08 23:03:39.321,265.4,20261008_225913,gg,recovery,2,601,live,truth,153.8,288.5,1,,,,0,38.77,0.339,0.526,99,ready,9
2026-10-08 23:03:39.495,265.58,20261008_225913,gg,rest,,,,,153.8,288.5,1,,,,0,38.77,0.308,0.476,99,ready,9
2026-10-08 23:03:39.704,265.79,20261008_225913,gg,rest,,,,,153.8,288.5,1,,,,0,38.74,0.281,0.432,99,ready,9
2026-10-08 23:03:39.911,265.99,20261008_225913,gg,rest,,,,,153.8,288.5,1,,,,0,38.72,0.255,0.391,99,ready,9
2026-10-08 23:03:40.123,266.21,20261008_225913,gg,rest,,,,,153.8,288.5,1,,,,0,38.72,0.232,0.354,99,ready,9
2026-10-08 23:03:40.344,266.43,20261008_225913,gg,rest,,,,,171.4,288.5,1,,,,0,38.73,0.191,0.29,99,ready,9
2026-10-08 23:03:40.532,266.61,20261008_225913,gg,rest,,,,,171.4,288.5,1,,,,0,38.73,0.174,0.263,99,ready,9
2026-10-08 23:03:40.737,266.82,20261008_225913,gg,rest,,,,,171.4,288.5,1,,,,0,38.73,0.159,0.238,99,ready,9
2026-10-08 23:03:40.942,267.02,20261008_225913,gg,rest,,,,,171.4,288.5,1,,,,0,38.73,0.144,0.215,99,ready,9
2026-10-08 23:03:41.145,267.23,20261008_225913,gg,rest,,,,,171.4,288.5,1,,,,0,38.74,0.131,0.195,99,ready,9
2026-10-08 23:03:41.352,267.43,20261008_225913,gg,rest,,,,,171.4,288.5,1,,,,0,38.73,0.119,0.176,99,ready,9
2026-10-08 23:03:41.580,267.66,20261008_225913,gg,rest,,,,,171.4,288.5,1,,,,0,38.73,0.108,0.159,99,ready,9
2026-10-08 23:03:41.761,267.84,20261008_225913,gg,rest,,,,,171.4,288.5,1,,,,0,38.74,0.099,0.144,99,ready,9
2026-10-08 23:03:41.965,268.05,20261008_225913,gg,rest,,,,,171.4,288.5,1,,,,0,38.74,0.089,0.131,99,ready,9
2026-10-08 23:03:42.173,268.26,20261008_225913,gg,rest,,,,,171.4,288.5,1,,,,0,38.74,0.081,0.118,99,ready,9
2026-10-08 23:03:42.375,268.46,20261008_225913,gg,rest,,,,,178.6,288.5,1,,,,0,38.74,0.074,0.107,99,ready,9
2026-10-08 23:03:42.581,268.66,20261008_225913,gg,rest,,,,,178.6,288.5,1,,,,0,38.75,0.068,0.097,99,ready,9
2026-10-08 23:03:42.790,268.87,20261008_225913,gg,rest,,,,,178.6,288.5,1,,,,0,38.75,0.062,0.088,99,ready,9
2026-10-08 23:03:42.991,269.07,20261008_225913,gg,rest,,,,,178.6,288.5,1,,,,0,38.75,0.056,0.079,99,ready,9
2026-10-08 23:03:43.199,269.28,20261008_225913,gg,rest,,,,,178.6,288.5,1,,,,0,38.75,0.052,0.072,98,ready,9
2026-10-08 23:03:43.402,269.48,20261008_225913,gg,rest,,,,,178.6,288.5,1,,,,0,38.76,0.047,0.065,98,ready,9
2026-10-08 23:03:43.605,269.69,20261008_225913,gg,rest,,,,,178.6,288.5,1,,,,0,38.76,0.044,0.059,98,ready,9
2026-10-08 23:03:43.837,269.92,20261008_225913,gg,rest,,,,,178.6,288.5,1,,,,0,38.76,0.04,0.053,98,ready,9
2026-10-08 23:03:44.017,270.1,20261008_225913,gg,rest,,,,,178.6,288.5,1,,,,0,38.72,0.037,0.048,98,ready,9
2026-10-08 23:03:44.230,270.31,20261008_225913,gg,rest,,,,,178.6,288.5,1,,,,0,38.73,0.033,0.044,98,ready,9
2026-10-08 23:03:44.438,270.52,20261008_225913,gg,rest,,,,,178.6,288.5,1,,,,0,38.74,0.032,0.04,98,ready,9
2026-10-08 23:03:44.643,270.73,20261008_225913,gg,rest,,,,,178.6,288.5,1,,,,0,38.75,0.034,0.037,98,ready,9
2026-10-08 23:03:44.850,270.93,20261008_225913,gg,rest,,,,,178.6,288.5,1,,,,0,38.76,0.039,0.041,98,ready,9
2026-10-08 23:03:45.053,271.14,20261008_225913,gg,rest,,,,,178.6,288.5,1,,,,0,38.76,0.041,0.039,98,ready,9
2026-10-08 23:03:45.257,271.34,20261008_225913,gg,rest,,,,,178.6,288.5,1,,,,0,38.77,0.04,0.043,98,ready,9
2026-10-08 23:03:45.465,271.55,20261008_225913,gg,rest,,,,,178.6,288.5,1,,,,0,38.77,0.04,0.04,98,ready,9
2026-10-08 23:03:45.673,271.76,20261008_225913,gg,rest,,,,,178.6,288.5,1,,,,0,38.77,0.039,0.045,98,ready,9
2026-10-08 23:03:45.886,271.97,20261008_225913,gg,rest,,,,,178.6,288.5,1,,,,0,38.77,0.068,0.052,98,ready,9
2026-10-08 23:03:46.086,272.17,20261008_225913,gg,rest,,,,,178.6,288.5,1,,,,0,38.77,0.17,0.098,98,ready,9
2026-10-08 23:03:46.293,272.37,20261008_225913,gg,rest,,,,,178.6,288.5,1,,,,0,38.77,0.175,0.113,98,ready,9
2026-10-08 23:03:46.501,272.58,20261008_225913,gg,rest,,,,,178.6,288.5,1,,,,0,38.77,0.169,0.105,99,ready,9
2026-10-08 23:03:46.709,272.79,20261008_225913,gg,rest,,,,,178.6,288.5,1,,,,0,38.78,0.159,0.096,99,ready,9
2026-10-08 23:03:46.914,273.0,20261008_225913,gg,rest,,,,,178.6,288.5,1,,,,0,38.77,0.146,0.091,99,ready,9
2026-10-08 23:03:47.142,273.22,20261008_225913,gg,rest,,,,,,,1,,,,0,38.77,0.126,0.078,98,ready,9
2026-10-08 23:03:47.334,273.42,20261008_225913,gg,rest,,,,,98.1,,1,,,,0,38.78,0.116,0.071,98,ready,9
2026-10-08 23:03:47.544,273.63,20261008_225913,gg,rest,,,,,98.1,,1,,,,0,38.78,0.111,0.066,98,ready,9
2026-10-08 23:03:47.747,273.83,20261008_225913,gg,rest,,,,,148.6,,1,,,,0,38.79,0.106,0.061,98,ready,9
2026-10-08 23:03:47.965,274.05,20261008_225913,gg,rest,,,,,148.6,,1,,,,0,38.79,0.099,0.057,98,ready,9
2026-10-08 23:03:48.157,274.24,20261008_225913,gg,rest,,,,,153.3,,1,,,,0,38.77,0.099,0.056,98,ready,9
2026-10-08 23:03:48.364,274.45,20261008_225913,gg,rest,,,,,153.3,,1,,,,0,38.77,0.094,0.055,98,ready,9
2026-10-08 23:03:48.569,274.65,20261008_225913,gg,rest,,,,,153.3,,1,,,,0,38.77,0.096,0.058,98,ready,9
2026-10-08 23:03:48.775,274.86,20261008_225913,gg,rest,,,,,153.3,,1,,,,0,38.78,0.089,0.053,98,ready,9
2026-10-08 23:03:48.984,275.07,20261008_225913,gg,rest,,,,,153.3,,1,,,,0,38.78,0.082,0.048,98,ready,9
2026-10-08 23:03:49.185,275.27,20261008_225913,gg,rest,,,,,153.3,,1,,,,0,38.78,0.078,0.046,98,ready,9
2026-10-08 23:03:49.389,275.47,20261008_225913,gg,rest,,,,,153.3,,1,,,,0,38.78,0.071,0.042,98,ready,9
2026-10-08 23:03:49.594,275.68,20261008_225913,gg,rest,,,,,153.3,,1,,,,0,38.78,0.065,0.038,98,ready,9
2026-10-08 23:03:49.801,275.88,20261008_225913,gg,rest,,,,,153.3,,1,,,,0,38.78,0.059,0.034,98,ready,9
2026-10-08 23:03:50.009,276.09,20261008_225913,gg,rest,,,,,153.3,,1,,,,0,38.78,0.054,0.031,98,ready,9
2026-10-08 23:03:50.211,276.29,20261008_225913,gg,rest,,,,,153.3,,1,,,,0,38.78,0.05,0.028,98,ready,9
2026-10-08 23:03:50.416,276.5,20261008_225913,gg,rest,,,,,153.3,,1,,,,0,38.78,0.046,0.026,98,ready,9
2026-10-08 23:03:50.623,276.71,20261008_225913,gg,rest,,,,,153.3,,1,,,,0,38.77,0.042,0.024,98,ready,9
2026-10-08 23:03:50.835,276.92,20261008_225913,gg,rest,,,,,,,1,,,,0,38.77,0.04,0.022,87,ready,9
2026-10-08 23:03:51.035,277.12,20261008_225913,gg,rest,,,,,,,1,,,,0,38.78,0.037,0.02,77,ready,9
2026-10-08 23:03:51.246,277.33,20261008_225913,gg,rest,,,,,,,1,,,,0,38.78,0.035,0.019,69,ready,9
2026-10-08 23:03:51.454,277.54,20261008_225913,gg,rest,,,,,,,1,,,,0,38.77,0.033,0.017,62,ready,9
2026-10-08 23:03:51.655,277.74,20261008_225913,gg,rest,,,,,51.2,,1,,,,0,38.78,0.032,0.016,52,ready,9
2026-10-08 23:03:51.864,277.95,20261008_225913,gg,rest,,,,,51.2,,1,,,,0,38.78,0.032,0.014,43,ready,9
2026-10-08 23:03:52.115,278.2,20261008_225913,gg,rest,,,,,51.2,,1,,,,0,38.78,0.033,0.013,36,ready,9
2026-10-08 23:03:52.279,278.36,20261008_225913,gg,rest,,,,,51.2,,1,,,,0,38.78,0.031,0.012,31,ready,9
2026-10-08 23:03:52.488,278.57,20261008_225913,gg,rest,,,,,77.8,,1,,,,0,38.8,0.03,0.011,40,ready,9
2026-10-08 23:03:52.696,278.78,20261008_225913,gg,rest,,,,,77.8,,1,,,,0,38.79,0.032,0.011,47,ready,9
2026-10-08 23:03:52.903,278.99,20261008_225913,gg,rest,,,,,77.8,,1,,,,0,38.8,0.033,0.011,53,ready,9
2026-10-08 23:03:53.141,279.22,20261008_225913,gg,rest,,,,,79.2,,1,,,,0,38.79,0.032,0.01,59,ready,9
2026-10-08 23:03:53.320,279.4,20261008_225913,gg,rest,,,,,79.2,,1,,,,0,38.79,0.03,0.009,63,ready,9
2026-10-08 23:03:53.524,279.61,20261008_225913,gg,rest,,,,,80.7,415.1,1,,,,0,38.78,0.027,0.009,70,ready,9
2026-10-08 23:03:53.731,279.81,20261008_225913,gg,rest,,,,,80.7,415.1,1,,,,0,38.78,0.026,0.009,73,ready,9
2026-10-08 23:03:53.937,280.02,20261008_225913,gg,rest,,,,,80.7,415.1,1,,,,0,38.78,0.025,0.008,76,ready,9
2026-10-08 23:03:54.135,280.22,20261008_225913,gg,rest,,,,,99.4,371.3,1,,,,0,38.78,0.024,0.008,80,ready,9
2026-10-08 23:03:54.335,280.42,20261008_225913,gg,rest,,,,,99.4,371.3,1,,,,0,38.78,0.024,0.008,83,ready,9
2026-10-08 23:03:54.535,280.62,20261008_225913,gg,rest,,,,,100.6,339.6,1,,,,0,38.79,0.023,0.007,86,ready,9
2026-10-08 23:03:54.735,280.82,20261008_225913,gg,rest,,,,,100.6,339.6,1,,,,0,38.79,0.022,0.007,88,ready,9
2026-10-08 23:03:54.939,281.02,20261008_225913,gg,rest,,,,,100.6,339.6,1,,,,0,38.79,0.022,0.006,89,ready,9
2026-10-08 23:03:55.189,281.27,20261008_225913,gg,rest,,,,,100.6,339.6,1,,,,0,38.79,0.021,0.006,91,ready,9
2026-10-08 23:03:55.350,281.43,20261008_225913,gg,rest,,,,,100.6,339.6,1,,,,0,38.79,0.02,0.006,92,ready,9
